D,chi2,delta_chi2,objective,tile_id,weight_mode
1e-06,1.580356128677499,1.4552551185393838,weighted_least_squares,1,sigma
1.333521432163324e-06,1.5793066606271982,1.454205650489083,weighted_least_squares,1,sigma
1.778279410038923e-06,1.57790773575804,1.4528067256199249,weighted_least_squares,1,sigma
2.3713737056616552e-06,1.576043226786906,1.4509422166487909,weighted_least_squares,1,sigma
3.162277660168379e-06,1.5735586252326892,1.448457615094574,weighted_least_squares,1,sigma
4.216965034285822e-06,1.5702484890662531,1.445147478928138,weighted_least_squares,1,sigma
5.623413251903491e-06,1.565839923872301,1.440738913734186,weighted_least_squares,1,sigma
7.498942093324558e-06,1.5599709226630902,1.434869912524975,weighted_least_squares,1,sigma
1e-05,1.5521621278131905,1.4270611176750754,weighted_least_squares,1,sigma
1.333521432163324e-05,1.5417803354079176,1.4166793252698024,weighted_least_squares,1,sigma
1.778279410038923e-05,1.5279918999580318,1.4028908898199166,weighted_least_squares,1,sigma
2.3713737056616554e-05,1.5097042967173286,1.3846032865792135,weighted_least_squares,1,sigma
3.1622776601683795e-05,1.4854948071054808,1.3603937969673656,weighted_least_squares,1,sigma
4.216965034285822e-05,1.4535272696970922,1.328426259558977,weighted_least_squares,1,sigma
5.623413251903491e-05,1.411462337029988,1.2863613268918728,weighted_least_squares,1,sigma
7.498942093324559e-05,1.3563760656182704,1.2312750554801553,weighted_least_squares,1,sigma
0.0001,1.2847203465007542,1.159619336362639,weighted_least_squares,1,sigma
0.0001333521432163324,1.1923947665258892,1.067293756387774,weighted_least_squares,1,sigma
0.00017782794100389227,1.0750676607256653,0.9499666505875501,weighted_least_squares,1,sigma
0.00023713737056616554,0.9290100905136487,0.8039090803755335,weighted_least_squares,1,sigma
0.00031622776601683794,0.7529320379228828,0.6278310277847676,weighted_least_squares,1,sigma
0.00042169650342858224,0.5516917909033283,0.42659078076521323,weighted_least_squares,1,sigma
0.0005623413251903491,0.34332303108869905,0.21822202095058396,weighted_least_squares,1,sigma
0.0007498942093324559,0.17145160762200493,0.04635059748388984,weighted_least_squares,1,sigma
0.001,0.1251010101381151,0.0,weighted_least_squares,1,sigma
0.001333521432163324,0.36491295395781836,0.23981194381970328,weighted_least_squares,1,sigma
0.0017782794100389228,1.144954855648667,1.019853845510552,weighted_least_squares,1,sigma
0.0023713737056616554,2.800022970432642,2.674921960294527,weighted_least_squares,1,sigma
0.0031622776601683794,5.649511053018188,5.524410042880072,weighted_least_squares,1,sigma
0.004216965034285823,9.79376826318275,9.668667253044635,weighted_least_squares,1,sigma
0.005623413251903491,14.913233622848118,14.788132612710003,weighted_least_squares,1,sigma
0.007498942093324558,20.31905294956189,20.193951939423776,weighted_least_squares,1,sigma
0.01,25.307042839968247,25.181941829830134,weighted_least_squares,1,sigma
0.01333521432163324,29.491853188481308,29.366752178343194,weighted_least_squares,1,sigma
0.01778279410038923,32.8604680247646,32.73536701462648,weighted_least_squares,1,sigma
0.023713737056616554,35.626908575480094,35.50180756534198,weighted_least_squares,1,sigma
0.03162277660168379,38.08076833097722,37.955667320839105,weighted_least_squares,1,sigma
0.042169650342858224,40.508379763962154,40.38327875382404,weighted_least_squares,1,sigma
0.05623413251903491,43.1588473797961,43.03374636965798,weighted_least_squares,1,sigma
0.07498942093324558,46.211612415821236,46.08651140568312,weighted_least_squares,1,sigma
0.1,49.726119423754774,49.60101841361666,weighted_least_squares,1,sigma
1e-06,1.7104670188899183,1.58948850753086,weighted_least_squares,2,sigma
1.333521432163324e-06,1.709442660216796,1.5884641488577378,weighted_least_squares,2,sigma
1.778279410038923e-06,1.7080771428826629,1.5870986315236046,weighted_least_squares,2,sigma
2.3713737056616552e-06,1.7062570612135148,1.5852785498544566,weighted_least_squares,2,sigma
3.162277660168379e-06,1.7038314788802833,1.582852967521225,weighted_least_squares,2,sigma
4.216965034285822e-06,1.7005996457601489,1.5796211344010906,weighted_least_squares,2,sigma
5.623413251903491e-06,1.6962947892797018,1.5753162779206435,weighted_least_squares,2,sigma
7.498942093324558e-06,1.6905628205541383,1.56958430919508,weighted_least_squares,2,sigma
1e-05,1.6829345089479966,1.5619559975889383,weighted_least_squares,2,sigma
1.333521432163324e-05,1.6727893858367877,1.5518108744777295,weighted_least_squares,2,sigma
1.778279410038923e-05,1.6593094156933885,1.5383309043343303,weighted_least_squares,2,sigma
2.3713737056616554e-05,1.64142043913422,1.5204419277751617,weighted_least_squares,2,sigma
3.1622776601683795e-05,1.617719854996966,1.4967413436379078,weighted_least_squares,2,sigma
4.216965034285822e-05,1.5863905105648386,1.4654119992057804,weighted_least_squares,2,sigma
5.623413251903491e-05,1.5451044116393466,1.4241259002802884,weighted_least_squares,2,sigma
7.498942093324559e-05,1.49092766564787,1.3699491542888118,weighted_least_squares,2,sigma
0.0001,1.4202538540373553,1.299275342678297,weighted_least_squares,2,sigma
0.0001333521432163324,1.328823855074879,1.2078453437158208,weighted_least_squares,2,sigma
0.00017782794100389227,1.2119489007126825,1.0909703893536242,weighted_least_squares,2,sigma
0.00023713737056616554,1.0651632471899888,0.9441847358309305,weighted_least_squares,2,sigma
0.00031622776601683794,0.8857315722028829,0.7647530608438247,weighted_least_squares,2,sigma
0.00042169650342858224,0.675779809419714,0.5548012980606558,weighted_least_squares,2,sigma
0.0005623413251903491,0.44835808093876284,0.3273795695797046,weighted_least_squares,2,sigma
0.0007498942093324559,0.23841834807968787,0.11743983672062963,weighted_least_squares,2,sigma
0.001,0.12097851135905824,0.0,weighted_least_squares,2,sigma
0.001333521432163324,0.23696195143216534,0.1159834400731071,weighted_least_squares,2,sigma
0.0017782794100389228,0.8199165447999436,0.6989380334408853,weighted_least_squares,2,sigma
0.0023713737056616554,2.2007192076336355,2.0797406962745772,weighted_least_squares,2,sigma
0.0031622776601683794,4.74773646623155,4.626757954872492,weighted_least_squares,2,sigma
0.004216965034285823,8.709526797576991,8.588548286217932,weighted_least_squares,2,sigma
0.005623413251903491,14.021318687234963,13.900340175875904,weighted_least_squares,2,sigma
0.007498942093324558,20.248336782446884,20.127358271087825,weighted_least_squares,2,sigma
0.01,26.740057237672918,26.61907872631386,weighted_least_squares,2,sigma
0.01333521432163324,32.86858660034864,32.74760808898959,weighted_least_squares,2,sigma
0.01778279410038923,38.22956203774613,38.10858352638707,weighted_least_squares,2,sigma
0.023713737056616554,42.72670959806443,42.605731086705376,weighted_least_squares,2,sigma
0.03162277660168379,46.494353740659356,46.3733752293003,weighted_least_squares,2,sigma
0.042169650342858224,49.74009335711147,49.619114845752414,weighted_least_squares,2,sigma
0.05623413251903491,52.63076649009957,52.50978797874051,weighted_least_squares,2,sigma
0.07498942093324558,55.26923102230946,55.14825251095041,weighted_least_squares,2,sigma
0.1,57.73689400938876,57.61591549802971,weighted_least_squares,2,sigma
1e-06,0.24053226426577345,0.20847041097753088,weighted_least_squares,3,sigma
1.333521432163324e-06,0.24039305990603335,0.20833120661779078,weighted_least_squares,3,sigma
1.778279410038923e-06,0.2402074995578548,0.20814564626961224,weighted_least_squares,3,sigma
2.3713737056616552e-06,0.2399601780325783,0.20789832474433573,weighted_least_squares,3,sigma
3.162277660168379e-06,0.23963059612697907,0.2075687428387365,weighted_least_squares,3,sigma
4.216965034285822e-06,0.23919149473659618,0.2071296414483536,weighted_least_squares,3,sigma
5.623413251903491e-06,0.23860665994503694,0.20654480665679437,weighted_least_squares,3,sigma
7.498942093324558e-06,0.23782804452606413,0.20576619123782156,weighted_least_squares,3,sigma
1e-05,0.2367920105581678,0.20473015726992522,weighted_least_squares,3,sigma
1.333521432163324e-05,0.2354144678657064,0.20335261457746384,weighted_least_squares,3,sigma
1.778279410038923e-05,0.2335846545910627,0.20152280130282013,weighted_least_squares,3,sigma
2.3713737056616554e-05,0.2311573121089715,0.19909545882072893,weighted_least_squares,3,sigma
3.1622776601683795e-05,0.2279430851652737,0.19588123187703113,weighted_least_squares,3,sigma
4.216965034285822e-05,0.22369720655362432,0.19163535326538175,weighted_least_squares,3,sigma
5.623413251903491e-05,0.21810705605964845,0.18604520277140588,weighted_least_squares,3,sigma
7.498942093324559e-05,0.21078028937589363,0.17871843608765106,weighted_least_squares,3,sigma
0.0001,0.20123742178244514,0.16917556849420257,weighted_least_squares,3,sigma
0.0001333521432163324,0.18891694645120383,0.15685509316296126,weighted_least_squares,3,sigma
0.00017782794100389227,0.17320893382271696,0.1411470805344744,weighted_least_squares,3,sigma
0.00023713737056616554,0.1535475812098447,0.12148572792160214,weighted_least_squares,3,sigma
0.00031622776601683794,0.1296196243972299,0.09755777110898733,weighted_least_squares,3,sigma
0.00042169650342858224,0.10179292084140595,0.06973106755316338,weighted_least_squares,3,sigma
0.0005623413251903491,0.07195255500013335,0.039890701711890776,weighted_least_squares,3,sigma
0.0007498942093324559,0.045071639045318655,0.013009785757076078,weighted_least_squares,3,sigma
0.001,0.03206185328824258,0.0,weighted_least_squares,3,sigma
0.001333521432163324,0.0547337553598416,0.022671902071599026,weighted_least_squares,3,sigma
0.0017782794100389228,0.15390200346576166,0.12184015017751909,weighted_least_squares,3,sigma
0.0023713737056616554,0.4012701924016323,0.36920833911338974,weighted_least_squares,3,sigma
0.0031622776601683794,0.9134711318951411,0.8814092786068984,weighted_least_squares,3,sigma
0.004216965034285823,1.860577089571657,1.8285152362834143,weighted_least_squares,3,sigma
0.005623413251903491,3.450802042054507,3.4187401887662645,weighted_least_squares,3,sigma
0.007498942093324558,5.865664031702866,5.8336021784146235,weighted_least_squares,3,sigma
0.01,9.142406826824898,9.110344973536655,weighted_least_squares,3,sigma
0.01333521432163324,13.072204236677909,13.040142383389666,weighted_least_squares,3,sigma
0.01778279410038923,17.230520524274866,17.19845867098662,weighted_least_squares,3,sigma
0.023713737056616554,21.162993467767595,21.13093161447935,weighted_least_squares,3,sigma
0.03162277660168379,24.583488084000567,24.551426230712323,weighted_least_squares,3,sigma
0.042169650342858224,27.425487287924895,27.39342543463665,weighted_least_squares,3,sigma
0.05623413251903491,29.752092479918804,29.72003062663056,weighted_least_squares,3,sigma
0.07498942093324558,31.65464115674562,31.622579303457375,weighted_least_squares,3,sigma
0.1,33.21687626634594,33.1848144130577,weighted_least_squares,3,sigma
1e-06,0.5105574433791102,0.48071167872393356,weighted_least_squares,4,sigma
1.333521432163324e-06,0.510239000576608,0.4803932359214313,weighted_least_squares,4,sigma
1.778279410038923e-06,0.5098145094616149,0.4799687448064382,weighted_least_squares,4,sigma
2.3713737056616552e-06,0.5092487259160404,0.47940296126086374,weighted_least_squares,4,sigma
3.162277660168379e-06,0.5084947466674783,0.4786489820123016,weighted_least_squares,4,sigma
4.216965034285822e-06,0.5074901984746569,0.47764443381948024,weighted_least_squares,4,sigma
5.623413251903491e-06,0.506152211020992,0.47630644636581526,weighted_least_squares,4,sigma
7.498942093324558e-06,0.5043708202800088,0.4745250556248321,weighted_least_squares,4,sigma
1e-05,0.502000356963199,0.4721545923080223,weighted_least_squares,4,sigma
1.333521432163324e-05,0.49884829400924513,0.46900252935406844,weighted_least_squares,4,sigma
1.778279410038923e-05,0.49466096497918777,0.4648152003240111,weighted_least_squares,4,sigma
2.3713737056616554e-05,0.4891055706692655,0.45925980601408883,weighted_least_squares,4,sigma
3.1622776601683795e-05,0.48174805981709246,0.45190229516191577,weighted_least_squares,4,sigma
4.216965034285822e-05,0.47202697953004985,0.44218121487487316,weighted_least_squares,4,sigma
5.623413251903491e-05,0.459224582134087,0.4293788174789103,weighted_least_squares,4,sigma
7.498942093324559e-05,0.4424389870242588,0.41259322236908214,weighted_least_squares,4,sigma
0.0001,0.4205662008084336,0.3907204361532569,weighted_least_squares,4,sigma
0.0001333521432163324,0.3923104561505368,0.3624646914953601,weighted_least_squares,4,sigma
0.00017782794100389227,0.35625955056829545,0.32641378591311876,weighted_least_squares,4,sigma
0.00023713737056616554,0.31109564094104314,0.28124987628586645,weighted_least_squares,4,sigma
0.00031622776601683794,0.25607338356976017,0.22622761891458346,weighted_least_squares,4,sigma
0.00042169650342858224,0.192006068742796,0.16216030408761928,weighted_least_squares,4,sigma
0.0005623413251903491,0.12318396610629442,0.09333820145111771,weighted_least_squares,4,sigma
0.0007498942093324559,0.060930587469450466,0.031084822814273758,weighted_least_squares,4,sigma
0.001,0.02984576465517671,0.0,weighted_least_squares,4,sigma
0.001333521432163324,0.07793289467310661,0.048087130017929906,weighted_least_squares,4,sigma
0.0017782794100389228,0.2909733123047021,0.2611275476495254,weighted_least_squares,4,sigma
0.0023713737056616554,0.8081567407369621,0.7783109760817853,weighted_least_squares,4,sigma
0.0031622776601683794,1.8286015111773393,1.7987557465221626,weighted_least_squares,4,sigma
0.004216965034285823,3.5888322315320917,3.558986466876915,weighted_least_squares,4,sigma
0.005623413251903491,6.292522372250808,6.2626766075956315,weighted_least_squares,4,sigma
0.007498942093324558,10.008679272524525,9.978833507869348,weighted_least_squares,4,sigma
0.01,14.599631745311068,14.569785980655892,weighted_least_squares,4,sigma
0.01333521432163324,19.722334400141854,19.692488635486676,weighted_least_squares,4,sigma
0.01778279410038923,24.908601687133256,24.878755922478078,weighted_least_squares,4,sigma
0.023713737056616554,29.715346617418962,29.685500852763784,weighted_least_squares,4,sigma
0.03162277660168379,33.87504164885044,33.84519588419526,weighted_least_squares,4,sigma
0.042169650342858224,37.353802845417015,37.323957080761836,weighted_least_squares,4,sigma
0.05623413251903491,40.302790537061334,40.272944772406156,weighted_least_squares,4,sigma
0.07498942093324558,42.958751746870426,42.92890598221525,weighted_least_squares,4,sigma
0.1,45.53925236761933,45.509406602964155,weighted_least_squares,4,sigma
1e-06,8179.094267571199,0.0,weighted_least_squares,5,sigma
1.333521432163324e-06,8179.102758904082,0.008491332882840652,weighted_least_squares,5,sigma
1.778279410038923e-06,8179.11409425378,0.019826682580969646,weighted_least_squares,5,sigma
2.3713737056616552e-06,8179.12922865803,0.03496108683066268,weighted_least_squares,5,sigma
3.162277660168379e-06,8179.149444708939,0.05517713773951982,weighted_least_squares,5,sigma
4.216965034285822e-06,8179.17646374576,0.0821961745605222,weighted_least_squares,5,sigma
5.623413251903491e-06,8179.212601698957,0.11833412775740726,weighted_least_squares,5,sigma
7.498942093324558e-06,8179.260983729888,0.16671615868835943,weighted_least_squares,5,sigma
1e-05,8179.325841332643,0.23157376144354203,weighted_least_squares,5,sigma
1.333521432163324e-05,8179.412933595036,0.3186660238361583,weighted_least_squares,5,sigma
1.778279410038923e-05,8179.53014376492,0.4358761937201052,weighted_least_squares,5,sigma
2.3713737056616554e-05,8179.688345989568,0.5940784183685537,weighted_least_squares,5,sigma
3.1622776601683795e-05,8179.902681531119,0.8084139599195623,weighted_least_squares,5,sigma
4.216965034285822e-05,8180.19447100541,1.1002034342109255,weighted_least_squares,5,sigma
5.623413251903491e-05,8180.594136132953,1.4998685617538285,weighted_least_squares,5,sigma
7.498942093324559e-05,8181.1457355960365,2.0514680248370496,weighted_least_squares,5,sigma
0.0001,8181.914111718451,2.8198441472513878,weighted_least_squares,5,sigma
0.0001333521432163324,8182.996263645539,3.901996074339877,weighted_least_squares,5,sigma
0.00017782794100389227,8184.539515105812,5.445247534612463,weighted_least_squares,5,sigma
0.00023713737056616554,8186.77036510397,7.676097532770655,weighted_least_squares,5,sigma
0.00031622776601683794,8190.039355361051,10.945087789851641,weighted_least_squares,5,sigma
0.00042169650342858224,8194.887675939963,15.793408368763266,weighted_least_squares,5,sigma
0.0005623413251903491,8202.137026409137,23.042758837937072,weighted_least_squares,5,sigma
0.0007498942093324559,8212.987406088909,33.8931385177093,weighted_least_squares,5,sigma
0.001,8229.065366289717,49.97109871851717,weighted_least_squares,5,sigma
0.001333521432163324,8252.290545488071,73.19627791687162,weighted_least_squares,5,sigma
0.0017782794100389228,8284.346525460975,105.25225788977514,weighted_least_squares,5,sigma
0.0023713737056616554,8325.573419793001,146.479152221802,weighted_least_squares,5,sigma
0.0031622776601683794,8373.625115624847,194.5308480536478,weighted_least_squares,5,sigma
0.004216965034285823,8423.586003808483,244.49173623728348,weighted_least_squares,5,sigma
0.005623413251903491,8471.561725250267,292.4674576790676,weighted_least_squares,5,sigma
0.007498942093324558,8520.164749778874,341.070482207675,weighted_least_squares,5,sigma
0.01,8581.250557296124,402.15628972492414,weighted_least_squares,5,sigma
0.01333521432163324,8674.372294347248,495.27802677604814,weighted_least_squares,5,sigma
0.01778279410038923,8822.868171464695,643.773903893496,weighted_least_squares,5,sigma
0.023713737056616554,9048.88748361856,869.793216047361,weighted_least_squares,5,sigma
0.03162277660168379,9366.782529366474,1187.6882617952742,weighted_least_squares,5,sigma
0.042169650342858224,9773.646318075755,1594.5520505045552,weighted_least_squares,5,sigma
0.05623413251903491,10240.864954417326,2061.7706868461264,weighted_least_squares,5,sigma
0.07498942093324558,10717.680361310644,2538.5860937394446,weighted_least_squares,5,sigma
0.1,11148.504651610105,2969.4103840389052,weighted_least_squares,5,sigma
1e-06,8060.081244649777,0.0,weighted_least_squares,6,sigma
1.333521432163324e-06,8060.082076072928,0.0008314231517942972,weighted_least_squares,6,sigma
1.778279410038923e-06,8060.083189490899,0.0019448411221674178,weighted_least_squares,6,sigma
2.3713737056616552e-06,8060.084682258739,0.003437608962485683,weighted_least_squares,6,sigma
3.162277660168379e-06,8060.086689884869,0.005445235092338407,weighted_least_squares,6,sigma
4.216965034285822e-06,8060.089394496954,0.008149847177264746,weighted_least_squares,6,sigma
5.623413251903491e-06,8060.093051586021,0.011806936244283861,weighted_least_squares,6,sigma
7.498942093324558e-06,8060.098016504651,0.016771854874605197,weighted_least_squares,6,sigma
1e-05,8060.104795206351,0.023550556574264192,weighted_least_squares,6,sigma
1.333521432163324e-05,8060.114115125779,0.032870476002244686,weighted_least_squares,6,sigma
1.778279410038923e-05,8060.127042058559,0.045797408782163984,weighted_least_squares,6,sigma
2.3713737056616554e-05,8060.145166917515,0.06392226773823495,weighted_least_squares,6,sigma
3.1622776601683795e-05,8060.170912657521,0.08966800774396688,weighted_least_squares,6,sigma
4.216965034285822e-05,8060.208046626731,0.12680197695408424,weighted_least_squares,6,sigma
5.623413251903491e-05,8060.262544522313,0.18129987253632862,weighted_least_squares,6,sigma
7.498942093324559e-05,8060.344066279343,0.2628216295661332,weighted_least_squares,6,sigma
0.0001,8060.468495040491,0.3872503907141436,weighted_least_squares,6,sigma
0.0001333521432163324,8060.662335244458,0.5810905946809726,weighted_least_squares,6,sigma
0.00017782794100389227,8060.97036423157,0.8891195817932385,weighted_least_squares,6,sigma
0.00023713737056616554,8061.46898052665,1.3877358768731938,weighted_least_squares,6,sigma
0.00031622776601683794,8062.289510396314,2.2082657465371085,weighted_least_squares,6,sigma
0.00042169650342858224,8063.658848729125,3.5776040793480206,weighted_least_squares,6,sigma
0.0005623413251903491,8065.970028133286,5.888783483509542,weighted_least_squares,6,sigma
0.0007498942093324559,8069.903715595178,9.82247094540162,weighted_least_squares,6,sigma
0.001,8076.634194001101,16.55294935132406,weighted_least_squares,6,sigma
0.001333521432163324,8088.169339402669,28.088094752892175,weighted_least_squares,6,sigma
0.0017782794100389228,8107.886348950162,47.80510430038521,weighted_least_squares,6,sigma
0.0023713737056616554,8141.31020634384,81.2289616940634,weighted_least_squares,6,sigma
0.0031622776601683794,8197.088382150598,137.00713750082105,weighted_least_squares,6,sigma
0.004216965034285823,8287.868753132045,227.7875084822681,weighted_least_squares,6,sigma
0.005623413251903491,8430.34680666756,370.26556201778294,weighted_least_squares,6,sigma
0.007498942093324558,8643.256247424553,583.1750027747767,weighted_least_squares,6,sigma
0.01,8942.418610994559,882.3373663447819,weighted_least_squares,6,sigma
0.01333521432163324,9334.846919811444,1274.7656751616669,weighted_least_squares,6,sigma
0.01778279410038923,9815.987126711645,1755.9058820618684,weighted_least_squares,6,sigma
0.023713737056616554,10365.948022944318,2305.8667782945413,weighted_least_squares,6,sigma
0.03162277660168379,10937.067638541741,2876.9863938919643,weighted_least_squares,6,sigma
0.042169650342858224,11453.262687239258,3393.181442589481,weighted_least_squares,6,sigma
0.05623413251903491,11847.111287911881,3787.0300432621043,weighted_least_squares,6,sigma
0.07498942093324558,12098.921408967082,4038.8401643173056,weighted_least_squares,6,sigma
0.1,12230.783587330097,4170.702342680321,weighted_least_squares,6,sigma
1e-06,10.642846740019364,9.078412213065173,weighted_least_squares,7,sigma
1.333521432163324e-06,10.63596591855475,9.071531391600558,weighted_least_squares,7,sigma
1.778279410038923e-06,10.626794217599462,9.062359690645271,weighted_least_squares,7,sigma
2.3713737056616552e-06,10.614570605696974,9.050136078742783,weighted_least_squares,7,sigma
3.162277660168379e-06,10.598282746872755,9.033848219918564,weighted_least_squares,7,sigma
4.216965034285822e-06,10.576584927121818,9.012150400167627,weighted_least_squares,7,sigma
5.623413251903491e-06,10.547690252002747,8.983255725048556,weighted_least_squares,7,sigma
7.498942093324558e-06,10.509229395287978,8.944794868333787,weighted_least_squares,7,sigma
1e-05,10.458066952246089,8.893632425291898,weighted_least_squares,7,sigma
1.333521432163324e-05,10.390064714046007,8.825630187091816,weighted_least_squares,7,sigma
1.778279410038923e-05,10.299780597616213,8.735346070662022,weighted_least_squares,7,sigma
2.3713737056616554e-05,10.18009323966081,8.615658712706619,weighted_least_squares,7,sigma
3.1622776601683795e-05,10.021747640227877,8.457313113273687,weighted_least_squares,7,sigma
4.216965034285822e-05,9.812831687068309,8.248397160114118,weighted_least_squares,7,sigma
5.623413251903491e-05,9.538224754252134,7.973790227297943,weighted_least_squares,7,sigma
7.498942093324559e-05,9.179123482432612,7.614688955478421,weighted_least_squares,7,sigma
0.0001,8.712874346095521,7.1484398191413305,weighted_least_squares,7,sigma
0.0001333521432163324,8.113578454411403,6.549143927457212,weighted_least_squares,7,sigma
0.00017782794100389227,7.354373017733497,5.789938490779306,weighted_least_squares,7,sigma
0.00023713737056616554,6.413100086190054,4.848665559235863,weighted_least_squares,7,sigma
0.00031622776601683794,5.28453784430814,3.7201033173539493,weighted_least_squares,7,sigma
0.00042169650342858224,4.0050013476441695,2.4405668206899787,weighted_least_squares,7,sigma
0.0005623413251903491,2.699780050740348,1.1353455237861574,weighted_least_squares,7,sigma
0.0007498942093324559,1.6719443013525825,0.10750977439839193,weighted_least_squares,7,sigma
0.001,1.5644345269541906,0.0,weighted_least_squares,7,sigma
0.001333521432163324,3.6477478056332555,2.083313278679065,weighted_least_squares,7,sigma
0.0017782794100389228,10.31097468824714,8.746540161292948,weighted_least_squares,7,sigma
0.0023713737056616554,25.847758720091754,24.283324193137563,weighted_least_squares,7,sigma
0.0031622776601683794,57.57393467381854,56.009500146864355,weighted_least_squares,7,sigma
0.004216965034285823,117.05793219770308,115.4934976707489,weighted_least_squares,7,sigma
0.005623413251903491,220.60385333547595,219.03941880852176,weighted_least_squares,7,sigma
0.007498942093324558,387.09197309593765,385.52753856898346,weighted_least_squares,7,sigma
0.01,630.5924725453903,629.0280380184361,weighted_least_squares,7,sigma
0.01333521432163324,947.5037126968548,945.9392781699006,weighted_least_squares,7,sigma
0.01778279410038923,1307.0623627707412,1305.4979282437869,weighted_least_squares,7,sigma
0.023713737056616554,1661.2720040709382,1659.707569543984,weighted_least_squares,7,sigma
0.03162277660168379,1972.6887148218518,1971.1242802948975,weighted_least_squares,7,sigma
0.042169650342858224,2233.3645640311825,2231.800129504228,weighted_least_squares,7,sigma
0.05623413251903491,2460.3358069689693,2458.771372442015,weighted_least_squares,7,sigma
0.07498942093324558,2678.966030693004,2677.40159616605,weighted_least_squares,7,sigma
0.1,2906.9332011232755,2905.368766596321,weighted_least_squares,7,sigma
1e-06,2.3331596931278487,0.8531360801358718,weighted_least_squares,8,sigma
1.333521432163324e-06,2.3326718704718505,0.8526482574798737,weighted_least_squares,8,sigma
1.778279410038923e-06,2.332021529367866,0.8519979163758893,weighted_least_squares,8,sigma
2.3713737056616552e-06,2.3311546727918717,0.8511310597998949,weighted_least_squares,8,sigma
3.162277660168379e-06,2.329999372144105,0.849975759152128,weighted_least_squares,8,sigma
4.216965034285822e-06,2.328459943711971,0.848436330719994,weighted_least_squares,8,sigma
5.623413251903491e-06,2.326409212443865,0.8463855994518883,weighted_least_squares,8,sigma
7.498942093324558e-06,2.323678292250407,0.8436546792584303,weighted_least_squares,8,sigma
1e-05,2.3200432698913276,0.8400196568993508,weighted_least_squares,8,sigma
1.333521432163324e-05,2.3152078322903327,0.8351842192983558,weighted_least_squares,8,sigma
1.778279410038923e-05,2.308780920447907,0.82875730745593,weighted_least_squares,8,sigma
2.3713737056616554e-05,2.3002482782896956,0.8202246652977188,weighted_least_squares,8,sigma
3.1622776601683795e-05,2.2889370238283657,0.8089134108363889,weighted_least_squares,8,sigma
4.216965034285822e-05,2.273972769826317,0.7939491568343402,weighted_least_squares,8,sigma
5.623413251903491e-05,2.25423028654716,0.7742066735551831,weighted_least_squares,8,sigma
7.498942093324559e-05,2.228281634282168,0.7482580212901913,weighted_least_squares,8,sigma
0.0001,2.19435182912876,0.7143282161367832,weighted_least_squares,8,sigma
0.0001333521432163324,2.1503039521664076,0.6702803391744308,weighted_least_squares,8,sigma
0.00017782794100389227,2.0936981145734395,0.6136745015814626,weighted_least_squares,8,sigma
0.00023713737056616554,2.0220105718391754,0.5419869588471986,weighted_least_squares,8,sigma
0.00031622776601683794,1.9331760950279526,0.4531524820359758,weighted_least_squares,8,sigma
0.00042169650342858224,1.8267559245890015,0.34673231159702467,weighted_least_squares,8,sigma
0.0005623413251903491,1.706282142880835,0.2262585298888582,weighted_least_squares,8,sigma
0.0007498942093324559,1.5837633312104733,0.10373971821849648,weighted_least_squares,8,sigma
0.001,1.4880658995624523,0.008042286570475454,weighted_least_squares,8,sigma
0.001333521432163324,1.4800236129919768,0.0,weighted_least_squares,8,sigma
0.0017782794100389228,1.678630161731569,0.19860654873959227,weighted_least_squares,8,sigma
0.0023713737056616554,2.3038107684311333,0.8237871554391565,weighted_least_squares,8,sigma
0.0031622776601683794,3.7393975889211353,2.2593739759291585,weighted_least_squares,8,sigma
0.004216965034285823,6.608678196260646,5.12865458326867,weighted_least_squares,8,sigma
0.005623413251903491,11.824699576190893,10.344675963198917,weighted_least_squares,8,sigma
0.007498942093324558,20.527306574952313,19.047282961960335,weighted_least_squares,8,sigma
0.01,33.79668886107905,32.31666524808707,weighted_least_squares,8,sigma
0.01333521432163324,52.19305194975243,50.71302833676045,weighted_least_squares,8,sigma
0.01778279410038923,75.55947422523043,74.07945061223846,weighted_least_squares,8,sigma
0.023713737056616554,103.46398174893753,101.98395813594556,weighted_least_squares,8,sigma
0.03162277660168379,135.71647871004322,134.23645509705125,weighted_least_squares,8,sigma
0.042169650342858224,172.38138044898145,170.90135683598947,weighted_least_squares,8,sigma
0.05623413251903491,214.07151276540154,212.59148915240957,weighted_least_squares,8,sigma
0.07498942093324558,262.776509716231,261.296486103239,weighted_least_squares,8,sigma
0.1,321.8568371334965,320.3768135205045,weighted_least_squares,8,sigma
1e-06,9.887307881139225,8.069060194044363,weighted_least_squares,9,sigma
1.333521432163324e-06,9.881025369615575,8.062777682520712,weighted_least_squares,9,sigma
1.778279410038923e-06,9.872651199939968,8.054403512845106,weighted_least_squares,9,sigma
2.3713737056616552e-06,9.861490658623662,8.0432429715288,weighted_least_squares,9,sigma
3.162277660168379e-06,9.846619586742541,8.028371899647679,weighted_least_squares,9,sigma
4.216965034285822e-06,9.826809566866604,8.008561879771742,weighted_least_squares,9,sigma
5.623413251903491e-06,9.800429607117218,7.982181920022356,weighted_least_squares,9,sigma
7.498942093324558e-06,9.765317386401195,7.947069699306333,weighted_least_squares,9,sigma
1e-05,9.718611884413317,7.900364197318455,weighted_least_squares,9,sigma
1.333521432163324e-05,9.656537893513772,7.838290206418909,weighted_least_squares,9,sigma
1.778279410038923e-05,9.57413221638141,7.755884529286547,weighted_least_squares,9,sigma
2.3713737056616554e-05,9.464902877877108,7.646655190782246,weighted_least_squares,9,sigma
3.1622776601683795e-05,9.320417770766522,7.502170083671659,weighted_least_squares,9,sigma
4.216965034285822e-05,9.129832906358782,7.31158521926392,weighted_least_squares,9,sigma
5.623413251903491e-05,8.879399962324921,7.061152275230059,weighted_least_squares,9,sigma
7.498942093324559e-05,8.552052784489588,6.733805097394725,weighted_least_squares,9,sigma
0.0001,8.127288998893643,6.309041311798781,weighted_least_squares,9,sigma
0.0001333521432163324,7.581783216688613,5.763535529593751,weighted_least_squares,9,sigma
0.00017782794100389227,6.891578089761767,5.073330402666905,weighted_least_squares,9,sigma
0.00023713737056616554,6.037451951210822,4.21920426411596,weighted_least_squares,9,sigma
0.00031622776601683794,5.016430338308737,3.198182651213875,weighted_least_squares,9,sigma
0.00042169650342858224,3.8648752709702903,2.046627583875428,weighted_least_squares,9,sigma
0.0005623413251903491,2.7029841841146687,0.8847364970198064,weighted_least_squares,9,sigma
0.0007498942093324559,1.8182476870948623,0.0,weighted_least_squares,9,sigma
0.001,1.81858621670825,0.00033852961338776133,weighted_least_squares,9,sigma
0.001333521432163324,3.907205089035464,2.088957401940602,weighted_least_squares,9,sigma
0.0017782794100389228,10.36206182625917,8.543814139164308,weighted_least_squares,9,sigma
0.0023713737056616554,25.33602684259408,23.51777915549922,weighted_least_squares,9,sigma
0.0031622776601683794,56.09285603537727,54.274608348282406,weighted_least_squares,9,sigma
0.004216965034285823,114.65143739818654,112.83318971109168,weighted_least_squares,9,sigma
0.005623413251903491,219.31120432205051,217.49295663495565,weighted_least_squares,9,sigma
0.007498942093324558,394.4474917463107,392.6292440592158,weighted_least_squares,9,sigma
0.01,665.4847658663937,663.6665181792988,weighted_least_squares,9,sigma
0.01333521432163324,1045.7615598605853,1043.9433121734905,weighted_least_squares,9,sigma
0.01778279410038923,1518.0753524412198,1516.257104754125,weighted_least_squares,9,sigma
0.023713737056616554,2028.1723679235881,2026.3541202364934,weighted_least_squares,9,sigma
0.03162277660168379,2507.8361488233377,2506.017901136243,weighted_least_squares,9,sigma
0.042169650342858224,2910.9524410321305,2909.134193345036,weighted_least_squares,9,sigma
0.05623413251903491,3227.4202041175263,3225.6019564304315,weighted_least_squares,9,sigma
0.07498942093324558,3471.1479808765703,3469.3297331894755,weighted_least_squares,9,sigma
0.1,3661.96980269579,3660.151555008695,weighted_least_squares,9,sigma
1e-06,0.9320611816717426,0.8167576706734977,weighted_least_squares,10,sigma
1.333521432163324e-06,0.9315328408263062,0.8162293298280613,weighted_least_squares,10,sigma
1.778279410038923e-06,0.9308285471217979,0.815525036123553,weighted_least_squares,10,sigma
2.3713737056616552e-06,0.9298898169390766,0.8145863059408317,weighted_least_squares,10,sigma
3.162277660168379e-06,0.9286388191886937,0.8133353081904489,weighted_least_squares,10,sigma
4.216965034285822e-06,0.9269720452178674,0.8116685342196225,weighted_least_squares,10,sigma
5.623413251903491e-06,0.9247519594693253,0.8094484484710804,weighted_least_squares,10,sigma
7.498942093324558e-06,0.921796039565683,0.8064925285674381,weighted_least_squares,10,sigma
1e-05,0.9178624598583555,0.8025589488601106,weighted_least_squares,10,sigma
1.333521432163324e-05,0.9126315390300229,0.797328028031778,weighted_least_squares,10,sigma
1.778279410038923e-05,0.9056819526679033,0.7903784416696584,weighted_least_squares,10,sigma
2.3713737056616554e-05,0.8964607157296465,0.7811572047314016,weighted_least_squares,10,sigma
3.1622776601683795e-05,0.8842461859049158,0.7689426749066709,weighted_least_squares,10,sigma
4.216965034285822e-05,0.8681041326133708,0.752800621615126,weighted_least_squares,10,sigma
5.623413251903491e-05,0.84683880257756,0.7315352915793151,weighted_least_squares,10,sigma
7.498942093324559e-05,0.8189448919552389,0.703641380956994,weighted_least_squares,10,sigma
0.0001,0.7825743081296678,0.6672707971314229,weighted_least_squares,10,sigma
0.0001333521432163324,0.7355469946636194,0.6202434836653745,weighted_least_squares,10,sigma
0.00017782794100389227,0.6754642128768878,0.560160701878643,weighted_least_squares,10,sigma
0.00023713737056616554,0.6000369057661548,0.48473339476790983,weighted_least_squares,10,sigma
0.00031622776601683794,0.5078414854772111,0.39253797447896616,weighted_least_squares,10,sigma
0.00042169650342858224,0.39989603249260075,0.2845925214943558,weighted_least_squares,10,sigma
0.0005623413251903491,0.28276984964441443,0.1674663386461695,weighted_least_squares,10,sigma
0.0007498942093324559,0.17448312887319234,0.059179617874947424,weighted_least_squares,10,sigma
0.001,0.11530351099824492,0.0,weighted_least_squares,10,sigma
0.001333521432163324,0.18663681361913564,0.07133330262089073,weighted_least_squares,10,sigma
0.0017782794100389228,0.5418567995106315,0.42655328851238655,weighted_least_squares,10,sigma
0.0023713737056616554,1.450744054866456,1.335440543868211,weighted_least_squares,10,sigma
0.0031622776601683794,3.348694644093957,3.233391133095712,weighted_least_squares,10,sigma
0.004216965034285823,6.855123061864788,6.739819550866543,weighted_least_squares,10,sigma
0.005623413251903491,12.683378022848206,12.56807451184996,weighted_least_squares,10,sigma
0.007498942093324558,21.354411304259017,21.23910779326077,weighted_least_squares,10,sigma
0.01,32.770344779957526,32.65504126895928,weighted_least_squares,10,sigma
0.01333521432163324,45.99659417777389,45.88129066677565,weighted_least_squares,10,sigma
0.01778279410038923,59.60841237155479,59.493108860556546,weighted_least_squares,10,sigma
0.023713737056616554,72.39887465068897,72.28357113969072,weighted_least_squares,10,sigma
0.03162277660168379,83.81322718865098,83.69792367765274,weighted_least_squares,10,sigma
0.042169650342858224,93.85000162395093,93.73469811295269,weighted_least_squares,10,sigma
0.05623413251903491,102.77063974249761,102.65533623149936,weighted_least_squares,10,sigma
0.07498942093324558,110.95929556550892,110.84399205451068,weighted_least_squares,10,sigma
0.1,118.87204359195216,118.75674008095392,weighted_least_squares,10,sigma
1e-06,0.5556492456398272,0.4667967477793377,weighted_least_squares,11,sigma
1.333521432163324e-06,0.555329478406193,0.46647698054570347,weighted_least_squares,11,sigma
1.778279410038923e-06,0.5549032306333157,0.4660507327728262,weighted_least_squares,11,sigma
2.3713737056616552e-06,0.5543351210912223,0.4654826232307328,weighted_least_squares,11,sigma
3.162277660168379e-06,0.5535780692618756,0.4647255714013861,weighted_least_squares,11,sigma
4.216965034285822e-06,0.552569475931655,0.46371697807116546,weighted_least_squares,11,sigma
5.623413251903491e-06,0.5512261857317613,0.4623736878712718,weighted_least_squares,11,sigma
7.498942093324558e-06,0.5494378871506875,0.46058538929019804,weighted_least_squares,11,sigma
1e-05,0.5470585013383834,0.4582060034778939,weighted_least_squares,11,sigma
1.333521432163324e-05,0.5438950515304759,0.4550425536699864,weighted_least_squares,11,sigma
1.778279410038923e-05,0.5396934415990566,0.45084094373856715,weighted_least_squares,11,sigma
2.3713737056616554e-05,0.5341205954326858,0.44526809757219626,weighted_least_squares,11,sigma
3.1622776601683795e-05,0.5267426091194708,0.4378901112589813,weighted_least_squares,11,sigma
4.216965034285822e-05,0.516999117955022,0.42814662009453247,weighted_least_squares,11,sigma
5.623413251903491e-05,0.5041753507304516,0.4153228528699621,weighted_least_squares,11,sigma
7.498942093324559e-05,0.4873759712978171,0.39852347343732764,weighted_least_squares,11,sigma
0.0001,0.46550998396934296,0.37665748610885347,weighted_least_squares,11,sigma
0.0001333521432163324,0.4373058743306367,0.34845337647014724,weighted_least_squares,11,sigma
0.00017782794100389227,0.40139467127815354,0.31254217341766405,weighted_least_squares,11,sigma
0.00023713737056616554,0.3565327770652703,0.2676802792047808,weighted_least_squares,11,sigma
0.00031622776601683794,0.3020986886070507,0.2132461907465612,weighted_least_squares,11,sigma
0.00042169650342858224,0.2391099313574007,0.15025743349691123,weighted_least_squares,11,sigma
0.0005623413251903491,0.17220553716076345,0.08335303930027398,weighted_least_squares,11,sigma
0.0007498942093324559,0.11338364390382746,0.02453114604333799,weighted_least_squares,11,sigma
0.001,0.08885249786048947,0.0,weighted_least_squares,11,sigma
0.001333521432163324,0.15120879130041898,0.0623562934399295,weighted_least_squares,11,sigma
0.0017782794100389228,0.4001838603012704,0.3113313624407809,weighted_least_squares,11,sigma
0.0023713737056616554,1.0156197237135989,0.9267672258531094,weighted_least_squares,11,sigma
0.0031622776601683794,2.3036896427807747,2.2148371449202853,weighted_least_squares,11,sigma
0.004216965034285823,4.7463698055274985,4.657517307667009,weighted_least_squares,11,sigma
0.005623413251903491,9.018139374876496,8.929286877016006,weighted_least_squares,11,sigma
0.007498942093324558,15.895576178539411,15.806723680678921,weighted_least_squares,11,sigma
0.01,25.980875700058412,25.892023202197922,weighted_least_squares,11,sigma
0.01333521432163324,39.30977186789068,39.220919370030195,weighted_least_squares,11,sigma
0.01778279410038923,55.19300663393212,55.104154136071635,weighted_least_squares,11,sigma
0.023713737056616554,72.52360883464793,72.43475633678744,weighted_least_squares,11,sigma
0.03162277660168379,90.18672622039557,90.09787372253508,weighted_least_squares,11,sigma
0.042169650342858224,107.23548875589336,107.14663625803287,weighted_least_squares,11,sigma
0.05623413251903491,123.00679293850149,122.917940440641,weighted_least_squares,11,sigma
0.07498942093324558,137.22330055764232,137.13444805978182,weighted_least_squares,11,sigma
0.1,149.95559323977886,149.86674074191836,weighted_least_squares,11,sigma
1e-06,4.188144408799971,3.931404013025642,weighted_least_squares,12,sigma
1.333521432163324e-06,4.185401137789985,3.9286607420156563,weighted_least_squares,12,sigma
1.778279410038923e-06,4.1817443859688295,3.9250039901945004,weighted_least_squares,12,sigma
2.3713737056616552e-06,4.176870635805928,3.920130240031599,weighted_least_squares,12,sigma
3.162277660168379e-06,4.170376008310337,3.9136356125360083,weighted_least_squares,12,sigma
4.216965034285822e-06,4.161723508836078,3.9049831130617485,weighted_least_squares,12,sigma
5.623413251903491e-06,4.150199843572121,3.893459447797792,weighted_least_squares,12,sigma
7.498942093324558e-06,4.134858804339573,3.878118408565244,weighted_least_squares,12,sigma
1e-05,4.114447471635526,3.8577070758611973,weighted_least_squares,12,sigma
1.333521432163324e-05,4.087310822777254,3.830570427002925,weighted_least_squares,12,sigma
1.778279410038923e-05,4.051269916783448,3.7945295210091188,weighted_least_squares,12,sigma
2.3713737056616554e-05,4.00346903207235,3.746728636298021,weighted_least_squares,12,sigma
3.1622776601683795e-05,3.940188890365425,3.683448494591096,weighted_least_squares,12,sigma
4.216965034285822e-05,3.8566280068199483,3.5998876110456193,weighted_least_squares,12,sigma
5.623413251903491e-05,3.7466653327438966,3.4899249369695675,weighted_least_squares,12,sigma
7.498942093324559e-05,3.6026404618222285,3.3459000660478995,weighted_least_squares,12,sigma
0.0001,3.4152332104924703,3.1584928147181413,weighted_least_squares,12,sigma
0.0001333521432163324,3.1736115559545954,2.9168711601802664,weighted_least_squares,12,sigma
0.00017782794100389227,2.866180495118112,2.6094400993437827,weighted_least_squares,12,sigma
0.00023713737056616554,2.4825669602424134,2.2258265644680844,weighted_least_squares,12,sigma
0.00031622776601683794,2.018028596586608,1.7612882008122788,weighted_least_squares,12,sigma
0.00042169650342858224,1.4824691452267087,1.2257287494523796,weighted_least_squares,12,sigma
0.0005623413251903491,0.9179954623298671,0.661255066555538,weighted_least_squares,12,sigma
0.0007498942093324559,0.4319182244065871,0.17517782863225806,weighted_least_squares,12,sigma
0.001,0.25674039577432906,0.0,weighted_least_squares,12,sigma
0.001333521432163324,0.8547180990221073,0.5979777032477782,weighted_least_squares,12,sigma
0.0017782794100389228,3.0885533139447765,2.8318129181704474,weighted_least_squares,12,sigma
0.0023713737056616554,8.469135020442156,8.212394624667827,weighted_least_squares,12,sigma
0.0031622776601683794,19.435910689580236,19.179170293805907,weighted_least_squares,12,sigma
0.004216965034285823,39.48090706277716,39.224166667002834,weighted_least_squares,12,sigma
0.005623413251903491,72.68481230011018,72.42807190433585,weighted_least_squares,12,sigma
0.007498942093324558,122.07644294764916,121.81970255187483,weighted_least_squares,12,sigma
0.01,186.82633379892513,186.5695934031508,weighted_least_squares,12,sigma
0.01333521432163324,260.3147738059798,260.0580334102055,weighted_least_squares,12,sigma
0.01778279410038923,332.309718681587,332.0529782858127,weighted_least_squares,12,sigma
0.023713737056616554,394.6271678951013,394.370427499327,weighted_least_squares,12,sigma
0.03162277660168379,444.88321207459353,444.6264716788192,weighted_least_squares,12,sigma
0.042169650342858224,485.47261249674784,485.2158721009735,weighted_least_squares,12,sigma
0.05623413251903491,520.3598047214662,520.1030643256919,weighted_least_squares,12,sigma
0.07498942093324558,552.9129939614129,552.6562535656386,weighted_least_squares,12,sigma
0.1,585.4255059435321,585.1687655477579,weighted_least_squares,12,sigma
1e-06,15143.784966969624,0.0,weighted_least_squares,13,sigma
1.333521432163324e-06,15143.807234321992,0.022267352367634885,weighted_least_squares,13,sigma
1.778279410038923e-06,15143.836929540677,0.051962571053081774,weighted_least_squares,13,sigma
2.3713737056616552e-06,15143.876532222983,0.09156525335856713,weighted_least_squares,13,sigma
3.162277660168379e-06,15143.929348671987,0.14438170236280712,weighted_least_squares,13,sigma
4.216965034285822e-06,15143.999790269962,0.21482330033722974,weighted_least_squares,13,sigma
5.623413251903491e-06,15144.09374343167,0.3087764620449889,weighted_least_squares,13,sigma
7.498942093324558e-06,15144.219062925662,0.4340959560377087,weighted_least_squares,13,sigma
1e-05,15144.386234464915,0.6012674952908128,weighted_least_squares,13,sigma
1.333521432163324e-05,15144.60925935973,0.8242923901052563,weighted_least_squares,13,sigma
1.778279410038923e-05,15144.906841947055,1.121874977430707,weighted_least_squares,13,sigma
2.3713737056616554e-05,15145.30398318773,1.5190162181061169,weighted_least_squares,13,sigma
3.1622776601683795e-05,15145.83412563903,2.049158669406097,weighted_least_squares,13,sigma
4.216965034285822e-05,15146.542047245703,2.757080276078341,weighted_least_squares,13,sigma
5.623413251903491e-05,15147.487778517083,3.702811547458623,weighted_least_squares,13,sigma
7.498942093324559e-05,15148.75192618485,4.96695921522587,weighted_least_squares,13,sigma
0.0001,15150.442940938818,6.6579739691933355,weighted_least_squares,13,sigma
0.0001333521432163324,15152.707088068179,8.922121098554271,weighted_least_squares,13,sigma
0.00017782794100389227,15155.742187791766,11.957220822141608,weighted_least_squares,13,sigma
0.00023713737056616554,15159.816607191153,16.031640221528505,weighted_least_squares,13,sigma
0.00031622776601683794,15165.295484583152,21.510517613527554,weighted_least_squares,13,sigma
0.00042169650342858224,15172.676611689387,28.891644719762553,weighted_least_squares,13,sigma
0.0005623413251903491,15182.63831209891,38.853345129286026,weighted_least_squares,13,sigma
0.0007498942093324559,15196.09978615203,52.3148191824057,weighted_least_squares,13,sigma
0.001,15214.28799669951,70.50302972988538,weighted_least_squares,13,sigma
0.001333521432163324,15238.78963526257,95.00466829294601,weighted_least_squares,13,sigma
0.0017782794100389228,15271.53816822386,127.75320125423605,weighted_least_squares,13,sigma
0.0023713737056616554,15314.651342043957,170.8663750743326,weighted_least_squares,13,sigma
0.0031622776601683794,15370.025618329306,226.24065135968158,weighted_least_squares,13,sigma
0.004216965034285823,15438.67934046713,294.8943734975055,weighted_least_squares,13,sigma
0.005623413251903491,15520.186992477586,376.4020255079613,weighted_least_squares,13,sigma
0.007498942093324558,15613.266569703064,469.48160273344,weighted_least_squares,13,sigma
0.01,15718.37068732186,574.5857203522355,weighted_least_squares,13,sigma
0.01333521432163324,15840.213576916005,696.4286099463807,weighted_least_squares,13,sigma
0.01778279410038923,15986.73009156769,842.9451245980654,weighted_least_squares,13,sigma
0.023713737056616554,16166.107884843565,1022.3229178739402,weighted_least_squares,13,sigma
0.03162277660168379,16387.518944858883,1243.7339778892583,weighted_least_squares,13,sigma
0.042169650342858224,16663.898525966288,1520.1135589966634,weighted_least_squares,13,sigma
0.05623413251903491,17007.152654177717,1863.3676872080923,weighted_least_squares,13,sigma
0.07498942093324558,17416.222586737615,2272.4376197679903,weighted_least_squares,13,sigma
0.1,17869.51666179339,2725.731694823766,weighted_least_squares,13,sigma
1e-06,19913.957360560962,500.0831476280291,weighted_least_squares,14,sigma
1.333521432163324e-06,19913.996500345995,500.1222874130617,weighted_least_squares,14,sigma
1.778279410038923e-06,19914.048611945513,500.17439901257967,weighted_least_squares,14,sigma
2.3713737056616552e-06,19914.117961694115,500.24374876118236,weighted_least_squares,14,sigma
3.162277660168379e-06,19914.210193965762,500.3359810328293,weighted_least_squares,14,sigma
4.216965034285822e-06,19914.332744501167,500.4585315682343,weighted_least_squares,14,sigma
5.623413251903491e-06,19914.49537710284,500.6211641699083,weighted_least_squares,14,sigma
7.498942093324558e-06,19914.71085049824,500.83663756530586,weighted_least_squares,14,sigma
1e-05,19914.99569526704,501.121482334107,weighted_least_squares,14,sigma
1.333521432163324e-05,19915.37110819501,501.4968952620766,weighted_least_squares,14,sigma
1.778279410038923e-05,19915.86384707105,501.98963413811725,weighted_least_squares,14,sigma
2.3713737056616554e-05,19916.506912797806,502.63269986487285,weighted_least_squares,14,sigma
3.1622776601683795e-05,19917.339550322205,503.46533738927246,weighted_least_squares,14,sigma
4.216965034285822e-05,19918.405641063775,504.53142813084196,weighted_least_squares,14,sigma
5.623413251903491e-05,19919.7487179382,505.87450500526757,weighted_least_squares,14,sigma
7.498942093324559e-05,19921.40032724449,507.52611431155674,weighted_least_squares,14,sigma
0.0001,19923.355823258873,509.48161032594,weighted_least_squares,14,sigma
0.0001333521432163324,19925.527210371398,511.6529974384648,weighted_least_squares,14,sigma
0.00017782794100389227,19927.655504231312,513.7812912983791,weighted_least_squares,14,sigma
0.00023713737056616554,19929.154907358985,515.2806944260519,weighted_least_squares,14,sigma
0.00031622776601683794,19928.850370462893,514.9761575299599,weighted_least_squares,14,sigma
0.00042169650342858224,19924.570976506322,510.69676357338903,weighted_least_squares,14,sigma
0.0005623413251903491,19912.611787845926,498.7375749129933,weighted_least_squares,14,sigma
0.0007498942093324559,19887.26678390147,473.39257096853544,weighted_least_squares,14,sigma
0.001,19841.1152586963,427.24104576336686,weighted_least_squares,14,sigma
0.001333521432163324,19767.5139222466,353.63970931366566,weighted_least_squares,14,sigma
0.0017782794100389228,19666.737974472202,252.86376153926903,weighted_least_squares,14,sigma
0.0023713737056616554,19553.58957880583,139.71536587289665,weighted_least_squares,14,sigma
0.0031622776601683794,19458.02987425503,44.15566132209642,weighted_least_squares,14,sigma
0.004216965034285823,19413.874212932933,0.0,weighted_least_squares,14,sigma
0.005623413251903491,19446.12204837847,32.24783544553793,weighted_least_squares,14,sigma
0.007498942093324558,19569.541111580795,155.66689864786167,weighted_least_squares,14,sigma
0.01,19795.89286122925,382.01864829631813,weighted_least_squares,14,sigma
0.01333521432163324,20140.37534093513,726.5011280021972,weighted_least_squares,14,sigma
0.01778279410038923,20622.459524255053,1208.58531132212,weighted_least_squares,14,sigma
0.023713737056616554,21259.763089372977,1845.8888764400435,weighted_least_squares,14,sigma
0.03162277660168379,22050.675333663847,2636.8011207309137,weighted_least_squares,14,sigma
0.042169650342858224,22937.63862961579,3523.7644166828577,weighted_least_squares,14,sigma
0.05623413251903491,23771.782981201322,4357.908768268389,weighted_least_squares,14,sigma
0.07498942093324558,24360.17772045355,4946.303507520617,weighted_least_squares,14,sigma
0.1,24613.990073438847,5200.115860505914,weighted_least_squares,14,sigma
1e-06,3.417701657004614,3.296733948807353,weighted_least_squares,15,sigma
1.333521432163324e-06,3.415564031808345,3.294596323611084,weighted_least_squares,15,sigma
1.778279410038923e-06,3.4127145083421353,3.291746800144874,weighted_least_squares,15,sigma
2.3713737056616552e-06,3.4089164660622835,3.2879487578650224,weighted_least_squares,15,sigma
3.162277660168379e-06,3.4038550019747222,3.282887293777461,weighted_least_squares,15,sigma
4.216965034285822e-06,3.397111311555424,3.276143603358163,weighted_least_squares,15,sigma
5.623413251903491e-06,3.38812891467711,3.267161206479849,weighted_least_squares,15,sigma
7.498942093324558e-06,3.3761692988169645,3.2552015906197034,weighted_least_squares,15,sigma
1e-05,3.3602539870140817,3.2392862788168206,weighted_least_squares,15,sigma
1.333521432163324e-05,3.339089449754527,3.218121741557266,weighted_least_squares,15,sigma
1.778279410038923e-05,3.310970835285625,3.1900031270883638,weighted_least_squares,15,sigma
2.3713737056616554e-05,3.2736604724656395,3.1526927642683784,weighted_least_squares,15,sigma
3.1622776601683795e-05,3.2242381214764433,3.103270413279182,weighted_least_squares,15,sigma
4.216965034285822e-05,3.1589231809194254,3.0379554727221643,weighted_least_squares,15,sigma
5.623413251903491e-05,3.0728767276853586,2.9519090194880975,weighted_least_squares,15,sigma
7.498942093324559e-05,2.9600075339271834,2.8390398257299223,weighted_least_squares,15,sigma
0.0001,2.8128387856261323,2.691871077428871,weighted_least_squares,15,sigma
0.0001333521432163324,2.622555297678726,2.5015875894814648,weighted_least_squares,15,sigma
0.00017782794100389227,2.3794704199285404,2.2585027117312793,weighted_least_squares,15,sigma
0.00023713737056616554,2.0743740118360803,1.953406303638819,weighted_least_squares,15,sigma
0.00031622776601683794,1.7016292054727786,1.5806614972755173,weighted_least_squares,15,sigma
0.00042169650342858224,1.2656112462033022,1.144643538006041,weighted_least_squares,15,sigma
0.0005623413251903491,0.793324560130557,0.6723568519332956,weighted_least_squares,15,sigma
0.0007498942093324559,0.35799370378705453,0.23702599558979326,weighted_least_squares,15,sigma
0.001,0.12096770819726127,0.0,weighted_least_squares,15,sigma
0.001333521432163324,0.4008448388307789,0.27987713063351766,weighted_least_squares,15,sigma
0.0017782794100389228,1.7737801119740155,1.6528124037767542,weighted_least_squares,15,sigma
0.0023713737056616554,5.1847737616587235,5.063806053461462,weighted_least_squares,15,sigma
0.0031622776601683794,11.989490130214108,11.868522422016847,weighted_least_squares,15,sigma
0.004216965034285823,23.75448001551552,23.633512307318256,weighted_least_squares,15,sigma
0.005623413251903491,41.62351912525781,41.502551417060545,weighted_least_squares,15,sigma
0.007498942093324558,65.39734524465467,65.27637753645742,weighted_least_squares,15,sigma
0.01,93.20371703561311,93.08274932741585,weighted_least_squares,15,sigma
0.01333521432163324,122.53387888349549,122.41291117529823,weighted_least_squares,15,sigma
0.01778279410038923,151.7562207659048,151.63525305770753,weighted_least_squares,15,sigma
0.023713737056616554,180.4971413766376,180.37617366844032,weighted_least_squares,15,sigma
0.03162277660168379,208.8597026109524,208.73873490275514,weighted_least_squares,15,sigma
0.042169650342858224,236.64923563115156,236.52826792295429,weighted_least_squares,15,sigma
0.05623413251903491,263.21132777608494,263.0903600678877,weighted_least_squares,15,sigma
0.07498942093324558,287.7251986621426,287.6042309539453,weighted_least_squares,15,sigma
0.1,309.6282773739032,309.5073096657059,weighted_least_squares,15,sigma
1e-06,0.14122635910979997,0.12859978079228915,weighted_least_squares,16,sigma
1.333521432163324e-06,0.14114212963676445,0.12851555131925363,weighted_least_squares,16,sigma
1.778279410038923e-06,0.14102985027520515,0.12840327195769433,weighted_least_squares,16,sigma
2.3713737056616552e-06,0.14088019874856728,0.12825362043105645,weighted_least_squares,16,sigma
3.162277660168379e-06,0.14068076887199155,0.12805419055448072,weighted_least_squares,16,sigma
4.216965034285822e-06,0.14041506265797107,0.12778848434046025,weighted_least_squares,16,sigma
5.623413251903491e-06,0.1400611607638985,0.12743458244638767,weighted_least_squares,16,sigma
7.498942093324558e-06,0.13958997725392305,0.12696339893641223,weighted_least_squares,16,sigma
1e-05,0.13896298200115362,0.1263364036836428,weighted_least_squares,16,sigma
1.333521432163324e-05,0.138129250410213,0.1255026720927022,weighted_least_squares,16,sigma
1.778279410038923e-05,0.13702168535210293,0.12439510703459213,weighted_least_squares,16,sigma
2.3713737056616554e-05,0.1355522561571081,0.12292567783959728,weighted_least_squares,16,sigma
3.1622776601683795e-05,0.13360614413045868,0.12097956581294787,weighted_least_squares,16,sigma
4.216965034285822e-05,0.1310348162489463,0.1184082379314355,weighted_least_squares,16,sigma
5.623413251903491e-05,0.12764835968629867,0.11502178136878786,weighted_least_squares,16,sigma
7.498942093324559e-05,0.12320806364654134,0.11058148532903053,weighted_least_squares,16,sigma
0.0001,0.11742153412236667,0.10479495580485586,weighted_least_squares,16,sigma
0.0001333521432163324,0.10994512697327494,0.09731854865576413,weighted_least_squares,16,sigma
0.00017782794100389227,0.10040318196727138,0.08777660364976057,weighted_least_squares,16,sigma
0.00023713737056616554,0.08844221395069067,0.07581563563317986,weighted_least_squares,16,sigma
0.00031622776601683794,0.07385394477817898,0.061227366460668176,weighted_least_squares,16,sigma
0.00042169650342858224,0.05682890005204655,0.04420232173453574,weighted_least_squares,16,sigma
0.0005623413251903491,0.038449649595486746,0.025823071277975937,weighted_least_squares,16,sigma
0.0007498942093324559,0.02160747467920623,0.00898089636169542,weighted_least_squares,16,sigma
0.001,0.01262657831751081,0.0,weighted_least_squares,16,sigma
0.001333521432163324,0.02396523601533871,0.0113386576978279,weighted_least_squares,16,sigma
0.0017782794100389228,0.07830522849553746,0.06567865017802665,weighted_least_squares,16,sigma
0.0023713737056616554,0.2139566201177482,0.20133004180023736,weighted_least_squares,16,sigma
0.0031622776601683794,0.4909567673630237,0.4783301890455129,weighted_least_squares,16,sigma
0.004216965034285823,0.9973976088282065,0.9847710305106957,weighted_least_squares,16,sigma
0.005623413251903491,1.8553130456070366,1.8426864672895258,weighted_least_squares,16,sigma
0.007498942093324558,3.2186935029131813,3.2060669245956706,weighted_least_squares,16,sigma
0.01,5.245852913803381,5.2332263354858695,weighted_least_squares,16,sigma
0.01333521432163324,8.038551453506818,8.025924875189308,weighted_least_squares,16,sigma
0.01778279410038923,11.574076489018992,11.561449910701482,weighted_least_squares,16,sigma
0.023713737056616554,15.678179637721954,15.665553059404443,weighted_least_squares,16,sigma
0.03162277660168379,20.07354020963416,20.060913631316648,weighted_least_squares,16,sigma
0.042169650342858224,24.479922839162903,24.46729626084539,weighted_least_squares,16,sigma
0.05623413251903491,28.688696640594006,28.676070062276494,weighted_least_squares,16,sigma
0.07498942093324558,32.583483955312175,32.57085737699467,weighted_least_squares,16,sigma
0.1,36.13143155136042,36.11880497304291,weighted_least_squares,16,sigma
1e-06,0.112914734017643,0.10688715167085619,weighted_least_squares,17,sigma
1.333521432163324e-06,0.11284253954773471,0.1068149572009479,weighted_least_squares,17,sigma
1.778279410038923e-06,0.11274630301696763,0.10671872067018082,weighted_least_squares,17,sigma
2.3713737056616552e-06,0.11261803406757498,0.10659045172078817,weighted_least_squares,17,sigma
3.162277660168379e-06,0.11244709967702998,0.10641951733024317,weighted_least_squares,17,sigma
4.216965034285822e-06,0.11221935928230402,0.10619177693551721,weighted_least_squares,17,sigma
5.623413251903491e-06,0.11191602607976629,0.10588844373297948,weighted_least_squares,17,sigma
7.498942093324558e-06,0.11151217141504555,0.10548458906825874,weighted_least_squares,17,sigma
1e-05,0.11097477312073431,0.1049471907739475,weighted_least_squares,17,sigma
1.333521432163324e-05,0.11026018841910648,0.10423260607231967,weighted_least_squares,17,sigma
1.778279410038923e-05,0.10931091871761002,0.10328333637082321,weighted_least_squares,17,sigma
2.3713737056616554e-05,0.1080515358185436,0.10202395347175679,weighted_least_squares,17,sigma
3.1622776601683795e-05,0.10638367898161677,0.10035609663482996,weighted_least_squares,17,sigma
4.216965034285822e-05,0.10418015192536123,0.09815256957857442,weighted_least_squares,17,sigma
5.623413251903491e-05,0.10127842810957653,0.09525084576278972,weighted_least_squares,17,sigma
7.498942093324559e-05,0.09747446211036195,0.09144687976357514,weighted_least_squares,17,sigma
0.0001,0.09251888394715138,0.08649130160036457,weighted_least_squares,17,sigma
0.0001333521432163324,0.0861199371006962,0.08009235475390938,weighted_least_squares,17,sigma
0.00017782794100389227,0.0779618456010629,0.07193426325427608,weighted_least_squares,17,sigma
0.00023713737056616554,0.06775531729213016,0.06172773494534335,weighted_least_squares,17,sigma
0.00031622776601683794,0.05535138633049325,0.04932380398370644,weighted_least_squares,17,sigma
0.00042169650342858224,0.04097487877634482,0.03494729642955801,weighted_least_squares,17,sigma
0.0005623413251903491,0.025673636480774014,0.019646054133987203,weighted_least_squares,17,sigma
0.0007498942093324559,0.012131672419020169,0.006104090072233358,weighted_least_squares,17,sigma
0.001,0.006027582346786811,0.0,weighted_least_squares,17,sigma
0.001333521432163324,0.018030514247445333,0.012002931900658521,weighted_least_squares,17,sigma
0.0017782794100389228,0.06612135457812951,0.0600937722313427,weighted_least_squares,17,sigma
0.0023713737056616554,0.17711628978595895,0.17108870743917215,weighted_least_squares,17,sigma
0.0031622776601683794,0.38548424232473866,0.37945665997795186,weighted_least_squares,17,sigma
0.004216965034285823,0.7275848632802141,0.7215572809334273,weighted_least_squares,17,sigma
0.005623413251903491,1.2315187811653199,1.225491198818533,weighted_least_squares,17,sigma
0.007498942093324558,1.9087748098102801,1.9027472274634933,weighted_least_squares,17,sigma
0.01,2.756243081622888,2.750215499276101,weighted_least_squares,17,sigma
0.01333521432163324,3.766004558667016,3.759976976320229,weighted_least_squares,17,sigma
0.01778279410038923,4.9364162465885215,4.930388664241734,weighted_least_squares,17,sigma
0.023713737056616554,6.2819569186014075,6.27592933625462,weighted_least_squares,17,sigma
0.03162277660168379,7.82668983444289,7.820662252096103,weighted_least_squares,17,sigma
0.042169650342858224,9.571431605620365,9.565404023273578,weighted_least_squares,17,sigma
0.05623413251903491,11.458585635540976,11.452558053194188,weighted_least_squares,17,sigma
0.07498942093324558,13.372117039246158,13.36608945689937,weighted_least_squares,17,sigma
0.1,15.18067888191764,15.174651299570852,weighted_least_squares,17,sigma
1e-06,0.12842450756930432,0.11864836528052666,weighted_least_squares,18,sigma
1.333521432163324e-06,0.12834366759435561,0.11856752530557796,weighted_least_squares,18,sigma
1.778279410038923e-06,0.12823590595114695,0.1184597636623693,weighted_least_squares,18,sigma
2.3713737056616552e-06,0.1280922750003885,0.11831613271161084,weighted_least_squares,18,sigma
3.162277660168379e-06,0.1279008673162994,0.11812472502752175,weighted_least_squares,18,sigma
4.216965034285822e-06,0.12764584732167228,0.11786970503289462,weighted_least_squares,18,sigma
5.623413251903491e-06,0.1273061753386825,0.11753003304990484,weighted_least_squares,18,sigma
7.498942093324558e-06,0.1268539318181658,0.11707778952938813,weighted_least_squares,18,sigma
1e-05,0.12625213030025412,0.11647598801147646,weighted_least_squares,18,sigma
1.333521432163324e-05,0.12545188455439737,0.11567574226561972,weighted_least_squares,18,sigma
1.778279410038923e-05,0.12438878097202982,0.11461263868325217,weighted_least_squares,18,sigma
2.3713737056616554e-05,0.12297830908010247,0.11320216679132482,weighted_least_squares,18,sigma
3.1622776601683795e-05,0.12111024785951377,0.11133410557073611,weighted_least_squares,18,sigma
4.216965034285822e-05,0.11864204062940124,0.10886589834062359,weighted_least_squares,18,sigma
5.623413251903491e-05,0.11539150835248813,0.10561536606371047,weighted_least_squares,18,sigma
7.498942093324559e-05,0.1111299236260242,0.10135378133724654,weighted_least_squares,18,sigma
0.0001,0.10557782091918641,0.09580167863040875,weighted_least_squares,18,sigma
0.0001333521432163324,0.09840855517876416,0.08863241288998651,weighted_least_squares,18,sigma
0.00017782794100389227,0.0892696385491827,0.07949349626040504,weighted_least_squares,18,sigma
0.00023713737056616554,0.07784121177233967,0.06806506948356202,weighted_least_squares,18,sigma
0.00031622776601683794,0.06396777055412951,0.05419162826535186,weighted_least_squares,18,sigma
0.00042169650342858224,0.047927610520512864,0.03815146823173521,weighted_least_squares,18,sigma
0.0005623413251903491,0.03094650073275459,0.02117035844397694,weighted_least_squares,18,sigma
0.0007498942093324559,0.016105442733458434,0.006329300444680781,weighted_least_squares,18,sigma
0.001,0.009776142288777653,0.0,weighted_least_squares,18,sigma
0.001333521432163324,0.023483423090972053,0.0137072808021944,weighted_least_squares,18,sigma
0.0017782794100389228,0.07544373066642379,0.06566758837764614,weighted_least_squares,18,sigma
0.0023713737056616554,0.19016316243435016,0.1803870201455725,weighted_least_squares,18,sigma
0.0031622776601683794,0.39442899779396123,0.3846528555051836,weighted_least_squares,18,sigma
0.004216965034285823,0.709750777954338,0.6999746356655604,weighted_least_squares,18,sigma
0.005623413251903491,1.1452626770934724,1.1354865348046947,weighted_least_squares,18,sigma
0.007498942093324558,1.699279062203391,1.6895029199146134,weighted_least_squares,18,sigma
0.01,2.3705646979694226,2.360788555680645,weighted_least_squares,18,sigma
0.01333521432163324,3.1669960932595647,3.157219950970787,weighted_least_squares,18,sigma
0.01778279410038923,4.108763184042096,4.098987041753318,weighted_least_squares,18,sigma
0.023713737056616554,5.23351846786083,5.2237423255720525,weighted_least_squares,18,sigma
0.03162277660168379,6.593794680709531,6.584018538420754,weighted_least_squares,18,sigma
0.042169650342858224,8.230906841094306,8.22113069880553,weighted_least_squares,18,sigma
0.05623413251903491,10.13023955028541,10.120463407996633,weighted_least_squares,18,sigma
0.07498942093324558,12.18900130499844,12.179225162709663,weighted_least_squares,18,sigma
0.1,14.237436200964394,14.227660058675617,weighted_least_squares,18,sigma
1e-06,0.6155944731617766,0.5531896808468378,weighted_least_squares,19,sigma
1.333521432163324e-06,0.6152482655155993,0.5528434732006605,weighted_least_squares,19,sigma
1.778279410038923e-06,0.6147867566792025,0.5523819643642637,weighted_least_squares,19,sigma
2.3713737056616552e-06,0.6141716209171983,0.5517668286022596,weighted_least_squares,19,sigma
3.162277660168379e-06,0.6133518506035055,0.5509470582885667,weighted_least_squares,19,sigma
4.216965034285822e-06,0.6122596054369205,0.5498548131219817,weighted_least_squares,19,sigma
5.623413251903491e-06,0.6108047378106689,0.5483999454957301,weighted_least_squares,19,sigma
7.498942093324558e-06,0.6088676009965874,0.5464628086816486,weighted_least_squares,19,sigma
1e-05,0.6062896524746844,0.5438848601597456,weighted_least_squares,19,sigma
1.333521432163324e-05,0.6028612661248969,0.5404564738099581,weighted_least_squares,19,sigma
1.778279410038923e-05,0.5983060919903055,0.5359012996753667,weighted_least_squares,19,sigma
2.3713737056616554e-05,0.5922612873020299,0.5298564949870911,weighted_least_squares,19,sigma
3.1622776601683795e-05,0.5842530903669804,0.5218482980520416,weighted_least_squares,19,sigma
4.216965034285822e-05,0.5736676936749528,0.5112629013600141,weighted_least_squares,19,sigma
5.623413251903491e-05,0.5597185369742121,0.4973137446592733,weighted_least_squares,19,sigma
7.498942093324559e-05,0.541413615386376,0.47900882307143716,weighted_least_squares,19,sigma
0.0001,0.5175313440928584,0.45512655177791955,weighted_least_squares,19,sigma
0.0001333521432163324,0.48662305517026905,0.4242182628553302,weighted_least_squares,19,sigma
0.00017782794100389227,0.4470781671018754,0.3846733747869366,weighted_least_squares,19,sigma
0.00023713737056616554,0.39732140184633413,0.3349166095313953,weighted_least_squares,19,sigma
0.00031622776601683794,0.3362725982019624,0.2738678058870236,weighted_least_squares,19,sigma
0.00042169650342858224,0.26431092937896195,0.2019061370640231,weighted_least_squares,19,sigma
0.0005623413251903491,0.18518584281770303,0.1227810505027642,weighted_least_squares,19,sigma
0.0007498942093324559,0.10967402917205188,0.047269236857113046,weighted_least_squares,19,sigma
0.001,0.06240479231493883,0.0,weighted_least_squares,19,sigma
0.001333521432163324,0.09432462462764282,0.03191983231270399,weighted_least_squares,19,sigma
0.0017782794100389228,0.3049123371886034,0.24250754487366455,weighted_least_squares,19,sigma
0.0023713737056616554,0.8804371701781113,0.8180323778631725,weighted_least_squares,19,sigma
0.0031622776601683794,2.156272482098692,2.093867689783753,weighted_least_squares,19,sigma
0.004216965034285823,4.70890454562702,4.6464997533120815,weighted_least_squares,19,sigma
0.005623413251903491,9.468444152826054,9.406039360511116,weighted_least_squares,19,sigma
0.007498942093324558,17.80383435004348,17.74142955772854,weighted_least_squares,19,sigma
0.01,31.468377445319582,31.405972653004643,weighted_least_squares,19,sigma
0.01333521432163324,52.230142587044874,52.16773779472994,weighted_least_squares,19,sigma
0.01778279410038923,81.04943153185705,80.98702673954212,weighted_least_squares,19,sigma
0.023713737056616554,117.00135998413198,116.93895519181704,weighted_least_squares,19,sigma
0.03162277660168379,156.74332071994314,156.6809159276282,weighted_least_squares,19,sigma
0.042169650342858224,195.46156566733583,195.3991608750209,weighted_least_squares,19,sigma
0.05623413251903491,229.11231139272493,229.04990660041,weighted_least_squares,19,sigma
0.07498942093324558,256.2276250110275,256.16522021871253,weighted_least_squares,19,sigma
0.1,277.827620674884,277.765215882569,weighted_least_squares,19,sigma
1e-06,15.524186981589205,14.894928235309006,weighted_least_squares,20,sigma
1.333521432163324e-06,15.514697623139856,14.885438876859657,weighted_least_squares,20,sigma
1.778279410038923e-06,15.502048017075666,14.872789270795467,weighted_least_squares,20,sigma
2.3713737056616552e-06,15.48518777555587,14.855929029275671,weighted_least_squares,20,sigma
3.162277660168379e-06,15.462719001836746,14.833460255556547,weighted_least_squares,20,sigma
4.216965034285822e-06,15.432782577004607,14.803523830724409,weighted_least_squares,20,sigma
5.623413251903491e-06,15.39290826235106,14.763649516070862,weighted_least_squares,20,sigma
7.498942093324558e-06,15.339817787388956,14.710559041108757,weighted_least_squares,20,sigma
1e-05,15.269167717588799,14.6399089713086,weighted_least_squares,20,sigma
1.333521432163324e-05,15.175216158007991,14.545957411727793,weighted_least_squares,20,sigma
1.778279410038923e-05,15.050395409925468,14.42113666364527,weighted_least_squares,20,sigma
2.3713737056616554e-05,14.884772538483569,14.25551379220337,weighted_least_squares,20,sigma
3.1622776601683795e-05,14.66538420539619,14.036125459115992,weighted_least_squares,20,sigma
4.216965034285822e-05,14.375446107313303,13.746187361033105,weighted_least_squares,20,sigma
5.623413251903491e-05,13.993470490452474,13.364211744172275,weighted_least_squares,20,sigma
7.498942093324559e-05,13.49239528772721,12.86313654144701,weighted_least_squares,20,sigma
0.0001,12.838968020488666,12.209709274208468,weighted_least_squares,20,sigma
0.0001333521432163324,11.993896211470494,11.364637465190295,weighted_least_squares,20,sigma
0.00017782794100389227,10.913781258762873,10.284522512482674,weighted_least_squares,20,sigma
0.00023713737056616554,9.556787945670486,8.927529199390287,weighted_least_squares,20,sigma
0.00031622776601683794,7.895710983470569,7.266452237190371,weighted_least_squares,20,sigma
0.00042169650342858224,5.9451841019486,5.315925355668401,weighted_least_squares,20,sigma
0.0005623413251903491,3.8152503031167035,3.1859915568365045,weighted_least_squares,20,sigma
0.0007498942093324559,1.8129668962302044,1.1837081499500055,weighted_least_squares,20,sigma
0.001,0.629258746280199,0.0,weighted_least_squares,20,sigma
0.001333521432163324,1.671250700714648,1.0419919544344491,weighted_least_squares,20,sigma
0.0017782794100389228,7.626334251043974,6.997075504763775,weighted_least_squares,20,sigma
0.0023713737056616554,23.347131968023756,22.717873221743556,weighted_least_squares,20,sigma
0.0031622776601683794,57.0421669384577,56.4129081921775,weighted_least_squares,20,sigma
0.004216965034285823,121.3552652826604,120.7260065363802,weighted_least_squares,20,sigma
0.005623413251903491,232.98474188992208,232.3554831436419,weighted_least_squares,20,sigma
0.007498942093324558,408.36781497239843,407.73855622611825,weighted_least_squares,20,sigma
0.01,654.0970210081842,653.467762261904,weighted_least_squares,20,sigma
0.01333521432163324,957.8146156629915,957.1853569167113,weighted_least_squares,20,sigma
0.01778279410038923,1291.9261898736113,1291.2969311273312,weighted_least_squares,20,sigma
0.023713737056616554,1630.5712505877098,1629.9419918414296,weighted_least_squares,20,sigma
0.03162277660168379,1961.5269457583981,1960.897687012118,weighted_least_squares,20,sigma
0.042169650342858224,2283.455403254381,2282.8261445081007,weighted_least_squares,20,sigma
0.05623413251903491,2598.0005161296517,2597.3712573833714,weighted_least_squares,20,sigma
0.07498942093324558,2905.713503488004,2905.0842447417235,weighted_least_squares,20,sigma
0.1,3206.3145938559705,3205.68533510969,weighted_least_squares,20,sigma
1e-06,3934.4430080621823,0.0,weighted_least_squares,21,sigma
1.333521432163324e-06,3934.469045437231,0.02603737504887249,weighted_least_squares,21,sigma
1.778279410038923e-06,3934.5037809493256,0.06077288714323004,weighted_least_squares,21,sigma
2.3713737056616552e-06,3934.5501273518644,0.1071192896820321,weighted_least_squares,21,sigma
3.162277660168379e-06,3934.6119774109625,0.1689693487801378,weighted_least_squares,21,sigma
4.216965034285822e-06,3934.6945370848994,0.2515290227170226,weighted_least_squares,21,sigma
5.623413251903491e-06,3934.8047771689908,0.3617691068084241,weighted_least_squares,21,sigma
7.498942093324558e-06,3934.9520426488416,0.5090345866592543,weighted_least_squares,21,sigma
1e-05,3935.148882719373,0.705874657190634,weighted_least_squares,21,sigma
1.333521432163324e-05,3935.4121882574655,0.9691801952831156,weighted_least_squares,21,sigma
1.778279410038923e-05,3935.7647607075955,1.3217526454131985,weighted_least_squares,21,sigma
2.3713737056616554e-05,3936.2374989029504,1.7944908407680487,weighted_least_squares,21,sigma
3.1622776601683795e-05,3936.872482089931,2.429474027748711,weighted_least_squares,21,sigma
4.216965034285822e-05,3937.727377438199,3.284369376016457,weighted_least_squares,21,sigma
5.623413251903491e-05,3938.8818422976947,4.438834235512331,weighted_least_squares,21,sigma
7.498942093324559e-05,3940.446990248788,6.003982186605754,weighted_least_squares,21,sigma
0.0001,3942.579652933526,8.136644871343833,weighted_least_squares,21,sigma
0.0001333521432163324,3945.5042826608287,11.061274598646378,weighted_least_squares,21,sigma
0.00017782794100389227,3949.5472107254345,15.104202663252181,weighted_least_squares,21,sigma
0.00023713737056616554,3955.1911109879784,20.748102925796047,weighted_least_squares,21,sigma
0.00031622776601683794,3963.1626989146625,28.7196908524802,weighted_least_squares,21,sigma
0.00042169650342858224,3974.5749969463604,40.1319888841781,weighted_least_squares,21,sigma
0.0005623413251903491,3991.157897102386,56.714889040203616,weighted_least_squares,21,sigma
0.0007498942093324559,4015.626299808952,81.18329174676956,weighted_least_squares,21,sigma
0.001,4052.244639309408,117.80163124722549,weighted_least_squares,21,sigma
0.001333521432163324,4107.616438088394,173.17343002621146,weighted_least_squares,21,sigma
0.0017782794100389228,4191.575484755445,257.132476693263,weighted_least_squares,21,sigma
0.0023713737056616554,4317.681646382197,383.2386383200146,weighted_least_squares,21,sigma
0.0031622776601683794,4502.362984368272,567.9199763060897,weighted_least_squares,21,sigma
0.004216965034285823,4761.878592427595,827.435584365413,weighted_least_squares,21,sigma
0.005623413251903491,5107.360145132201,1172.9171370700187,weighted_least_squares,21,sigma
0.007498942093324558,5538.688759570336,1604.2457515081533,weighted_least_squares,21,sigma
0.01,6038.932781944734,2104.489773882552,weighted_least_squares,21,sigma
0.01333521432163324,6577.973143363195,2643.5301353010127,weighted_least_squares,21,sigma
0.01778279410038923,7132.070704111479,3197.627696049297,weighted_least_squares,21,sigma
0.023713737056616554,7700.424221065679,3765.981213003497,weighted_least_squares,21,sigma
0.03162277660168379,8295.94819528212,4361.505187219938,weighted_least_squares,21,sigma
0.042169650342858224,8922.365044963135,4987.922036900953,weighted_least_squares,21,sigma
0.05623413251903491,9563.085279411467,5628.642271349285,weighted_least_squares,21,sigma
0.07498942093324558,10189.549368211869,6255.106360149686,weighted_least_squares,21,sigma
0.1,10781.073335476562,6846.630327414379,weighted_least_squares,21,sigma
1e-06,3.51233169977463,3.1635528662316745,weighted_least_squares,22,sigma
1.333521432163324e-06,3.510059667154758,3.161280833611803,weighted_least_squares,22,sigma
1.778279410038923e-06,3.507031092604252,3.1582522590612965,weighted_least_squares,22,sigma
2.3713737056616552e-06,3.502994610998324,3.1542157774553687,weighted_least_squares,22,sigma
3.162277660168379e-06,3.4976157664970473,3.148836932954092,weighted_least_squares,22,sigma
4.216965034285822e-06,3.490449879978378,3.1416710464354227,weighted_least_squares,22,sigma
5.623413251903491e-06,3.4809063210656985,3.132127487522743,weighted_least_squares,22,sigma
7.498942093324558e-06,3.468201666620672,3.1194228330777167,weighted_least_squares,22,sigma
1e-05,3.4512986696438177,3.1025198361008623,weighted_least_squares,22,sigma
1.333521432163324e-05,3.428827421971617,3.0800485884286615,weighted_least_squares,22,sigma
1.778279410038923e-05,3.3989847667678714,3.050205933224916,weighted_least_squares,22,sigma
2.3713737056616554e-05,3.359408256295101,3.0106294227521455,weighted_least_squares,22,sigma
3.1622776601683795e-05,3.3070225085820995,2.958243675039144,weighted_least_squares,22,sigma
4.216965034285822e-05,3.2378600858443285,2.889081252301373,weighted_least_squares,22,sigma
5.623413251903491e-05,3.146868665705397,2.7980898321624417,weighted_least_squares,22,sigma
7.498942093324559e-05,3.0277362377437655,2.67895740420081,weighted_least_squares,22,sigma
0.0001,2.872805462442296,2.5240266288993407,weighted_least_squares,22,sigma
0.0001333521432163324,2.673223860260537,2.324445026717582,weighted_least_squares,22,sigma
0.00017782794100389227,2.419618407021185,2.0708395734782297,weighted_least_squares,22,sigma
0.00023713737056616554,2.1038452698619223,1.755066436318967,weighted_least_squares,22,sigma
0.00031622776601683794,1.7228406620567729,1.3740618285138173,weighted_least_squares,22,sigma
0.00042169650342858224,1.2864362797576123,0.9376574462146569,weighted_least_squares,22,sigma
0.0005623413251903491,0.8324054501563806,0.4836266166134251,weighted_least_squares,22,sigma
0.0007498942093324559,0.4541272064075497,0.10534837286459425,weighted_least_squares,22,sigma
0.001,0.34877883354295547,0.0,weighted_least_squares,22,sigma
0.001333521432163324,0.8950443803758027,0.5462655468328472,weighted_least_squares,22,sigma
0.0017782794100389228,2.7642026904730224,2.415423856930067,weighted_least_squares,22,sigma
0.0023713737056616554,7.050853139079857,6.702074305536901,weighted_least_squares,22,sigma
0.0031622776601683794,15.379557966796357,15.030779133253402,weighted_least_squares,22,sigma
0.004216965034285823,29.916470204796195,29.56769137125324,weighted_least_squares,22,sigma
0.005623413251903491,53.23955876353176,52.8907799299888,weighted_least_squares,22,sigma
0.007498942093324558,88.17231930289233,87.82354046934938,weighted_least_squares,22,sigma
0.01,137.76308830095977,137.4143094674168,weighted_least_squares,22,sigma
0.01333521432163324,205.2077257714114,204.85894693786844,weighted_least_squares,22,sigma
0.01778279410038923,293.1796421607977,292.83086332725475,weighted_least_squares,22,sigma
0.023713737056616554,402.3861231146115,402.03734428106856,weighted_least_squares,22,sigma
0.03162277660168379,530.1710106175669,529.822231784024,weighted_least_squares,22,sigma
0.042169650342858224,670.5214124331522,670.1726335996093,weighted_least_squares,22,sigma
0.05623413251903491,814.9196800389502,814.5709012054073,weighted_least_squares,22,sigma
0.07498942093324558,953.0418594842773,952.6930806507344,weighted_least_squares,22,sigma
0.1,1075.0101574974499,1074.6613786639068,weighted_least_squares,22,sigma
1e-06,0.5009216215964694,0.4319150011136666,weighted_least_squares,23,sigma
1.333521432163324e-06,0.5006276870362862,0.4316210665534835,weighted_least_squares,23,sigma
1.778279410038923e-06,0.5002358727960173,0.4312292523132146,weighted_least_squares,23,sigma
2.3713737056616552e-06,0.4997136560406491,0.43070703555784634,weighted_least_squares,23,sigma
3.162277660168379e-06,0.49901775800714643,0.43001113752434367,weighted_least_squares,23,sigma
4.216965034285822e-06,0.4980906335167922,0.42908401303398946,weighted_least_squares,23,sigma
5.623413251903491e-06,0.49685584110203235,0.4278492206192296,weighted_least_squares,23,sigma
7.498942093324558e-06,0.49521197143472084,0.4262053509519181,weighted_least_squares,23,sigma
1e-05,0.49302473174266587,0.4240181112598631,weighted_least_squares,23,sigma
1.333521432163324e-05,0.49011670694761617,0.4211100864648134,weighted_least_squares,23,sigma
1.778279410038923e-05,0.4862542775354124,0.41724765705260963,weighted_least_squares,23,sigma
2.3713737056616554e-05,0.4811311844734767,0.41212456399067393,weighted_least_squares,23,sigma
3.1622776601683795e-05,0.4743484126067251,0.40534179212392235,weighted_least_squares,23,sigma
4.216965034285822e-05,0.4653905691139313,0.3963839486311285,weighted_least_squares,23,sigma
5.623413251903491e-05,0.4536000856343425,0.38459346515153975,weighted_least_squares,23,sigma
7.498942093324559e-05,0.4381529689142235,0.36914634843142075,weighted_least_squares,23,sigma
0.0001,0.4180445457521775,0.3490379252693747,weighted_least_squares,23,sigma
0.0001333521432163324,0.392102661425611,0.32309604094280825,weighted_least_squares,23,sigma
0.00017782794100389227,0.35906265899102846,0.2900560385082257,weighted_least_squares,23,sigma
0.00023713737056616554,0.3177695598150028,0.24876293933220006,weighted_least_squares,23,sigma
0.00031622776601683794,0.26762951158905635,0.19862289110625359,weighted_least_squares,23,sigma
0.00042169650342858224,0.20953455431733164,0.14052793383452888,weighted_least_squares,23,sigma
0.0005623413251903491,0.1476656320395302,0.07865901155672743,weighted_least_squares,23,sigma
0.0007498942093324559,0.09289211435234364,0.023885493869540864,weighted_least_squares,23,sigma
0.001,0.06900662048280277,0.0,weighted_least_squares,23,sigma
0.001333521432163324,0.12383101628037793,0.05482439579757516,weighted_least_squares,23,sigma
0.0017782794100389228,0.3482495428378035,0.27924292235500076,weighted_least_squares,23,sigma
0.0023713737056616554,0.9069605050319922,0.8379538845491894,weighted_least_squares,23,sigma
0.0031622776601683794,2.0836152903447704,2.0146086698619676,weighted_least_squares,23,sigma
0.004216965034285823,4.33694825856727,4.2679416380844675,weighted_least_squares,23,sigma
0.005623413251903491,8.34953996668419,8.280533346201388,weighted_least_squares,23,sigma
0.007498942093324558,15.023235443001774,14.95422882251897,weighted_least_squares,23,sigma
0.01,25.33878861987573,25.269781999392926,weighted_least_squares,23,sigma
0.01333521432163324,40.00030621874561,39.931299598262804,weighted_least_squares,23,sigma
0.01778279410038923,58.931592721481806,58.862586100999,weighted_least_squares,23,sigma
0.023713737056616554,81.00096927034943,80.93196264986663,weighted_least_squares,23,sigma
0.03162277660168379,104.4622262897538,104.393219669271,weighted_least_squares,23,sigma
0.042169650342858224,127.88716332519604,127.81815670471325,weighted_least_squares,23,sigma
0.05623413251903491,150.55809620868865,150.48908958820584,weighted_least_squares,23,sigma
0.07498942093324558,171.98131956005372,171.9123129395709,weighted_least_squares,23,sigma
0.1,191.38287060570303,191.31386398522022,weighted_least_squares,23,sigma
1e-06,0.40555875757242055,0.33928372491248826,weighted_least_squares,24,sigma
1.333521432163324e-06,0.4053249969967587,0.33904996433682644,weighted_least_squares,24,sigma
1.778279410038923e-06,0.4050133978741177,0.33873836521418543,weighted_least_squares,24,sigma
2.3713737056616552e-06,0.4045980940207584,0.3383230613608261,weighted_least_squares,24,sigma
3.162277660168379e-06,0.40404467184115544,0.33776963918122316,weighted_least_squares,24,sigma
4.216965034285822e-06,0.403307370592102,0.3370323379321697,weighted_least_squares,24,sigma
5.623413251903491e-06,0.4023254081144087,0.3360503754544764,weighted_least_squares,24,sigma
7.498942093324558e-06,0.4010181532248642,0.33474312056493194,weighted_least_squares,24,sigma
1e-05,0.39927883650965706,0.3330038038497248,weighted_least_squares,24,sigma
1.333521432163324e-05,0.39696641997831705,0.33069138731838477,weighted_least_squares,24,sigma
1.778279410038923e-05,0.3938952113386983,0.327620178678766,weighted_least_squares,24,sigma
2.3713737056616554e-05,0.38982182978661695,0.32354679712668466,weighted_least_squares,24,sigma
3.1622776601683795e-05,0.38442926957543505,0.31815423691550276,weighted_least_squares,24,sigma
4.216965034285822e-05,0.3773082271495485,0.3110331944896162,weighted_least_squares,24,sigma
5.623413251903491e-05,0.36793678487893944,0.30166175221900715,weighted_least_squares,24,sigma
7.498942093324559e-05,0.3556614869691562,0.28938645430922394,weighted_least_squares,24,sigma
0.0001,0.3396866499761695,0.2734116173162372,weighted_least_squares,24,sigma
0.0001333521432163324,0.3190860267232399,0.2528109940633076,weighted_least_squares,24,sigma
0.00017782794100389227,0.2928645466577421,0.2265895139978098,weighted_least_squares,24,sigma
0.00023713737056616554,0.26012293697749495,0.19384790431756266,weighted_least_squares,24,sigma
0.00031622776601683794,0.22042372967709167,0.1541486970171594,weighted_least_squares,24,sigma
0.00042169650342858224,0.17453946491771075,0.10826443225777846,weighted_least_squares,24,sigma
0.0005623413251903491,0.12590992351800107,0.05963489085806878,weighted_least_squares,24,sigma
0.0007498942093324559,0.08338818504933034,0.017113152389398048,weighted_least_squares,24,sigma
0.001,0.06627503265993229,0.0,weighted_least_squares,24,sigma
0.001333521432163324,0.113280105279052,0.04700507261911971,weighted_least_squares,24,sigma
0.0017782794100389228,0.297843116915381,0.23156808425544873,weighted_least_squares,24,sigma
0.0023713737056616554,0.752694096574845,0.6864190639149127,weighted_least_squares,24,sigma
0.0031622776601683794,1.7049727764387477,1.6386977437788155,weighted_least_squares,24,sigma
0.004216965034285823,3.516030610841801,3.4497555781818687,weighted_least_squares,24,sigma
0.005623413251903491,6.702373263161794,6.636098230501862,weighted_least_squares,24,sigma
0.007498942093324558,11.8866115644366,11.820336531776668,weighted_least_squares,24,sigma
0.01,19.617147848968436,19.550872816308505,weighted_least_squares,24,sigma
0.01333521432163324,30.08204462004742,30.01576958738749,weighted_least_squares,24,sigma
0.01778279410038923,42.93590531087376,42.869630278213826,weighted_least_squares,24,sigma
0.023713737056616554,57.45899897757746,57.39272394491753,weighted_least_squares,24,sigma
0.03162277660168379,72.90972221605111,72.84344718339118,weighted_least_squares,24,sigma
0.042169650342858224,88.70587305308413,88.6395980204242,weighted_least_squares,24,sigma
0.05623413251903491,104.30011782151973,104.2338427888598,weighted_least_squares,24,sigma
0.07498942093324558,119.01789915088682,118.95162411822689,weighted_least_squares,24,sigma
0.1,132.15130528111595,132.085030248456,weighted_least_squares,24,sigma
1e-06,0.12593288070591496,0.10994658651985184,weighted_least_squares,25,sigma
1.333521432163324e-06,0.1258622902098483,0.10987599602378517,weighted_least_squares,25,sigma
1.778279410038923e-06,0.1257681909644649,0.10978189677840178,weighted_least_squares,25,sigma
2.3713737056616552e-06,0.12564276906608968,0.10965647488002656,weighted_least_squares,25,sigma
3.162277660168379e-06,0.12547562593499467,0.10948933174893155,weighted_least_squares,25,sigma
4.216965034285822e-06,0.12525293145436306,0.10926663726829994,weighted_least_squares,25,sigma
5.623413251903491e-06,0.12495630985957433,0.10897001567351121,weighted_least_squares,25,sigma
7.498942093324558e-06,0.1245613743815652,0.10857508019550208,weighted_least_squares,25,sigma
1e-05,0.12403581462209586,0.10804952043603273,weighted_least_squares,25,sigma
1.333521432163324e-05,0.12333691742255015,0.10735062323648703,weighted_least_squares,25,sigma
1.778279410038923e-05,0.12240838829030717,0.10642209410424405,weighted_least_squares,25,sigma
2.3713737056616554e-05,0.1211763396629636,0.10519004547690047,weighted_least_squares,25,sigma
3.1622776601683795e-05,0.11954434563912608,0.10355805145306296,weighted_least_squares,25,sigma
4.216965034285822e-05,0.11738756780646677,0.10140127362040365,weighted_least_squares,25,sigma
5.623413251903491e-05,0.11454620695842312,0.09855991277236,weighted_least_squares,25,sigma
7.498942093324559e-05,0.11081906386355543,0.09483276967749231,weighted_least_squares,25,sigma
0.0001,0.10595904783780678,0.08997275365174366,weighted_least_squares,25,sigma
0.0001333521432163324,0.09967450711691965,0.08368821293085653,weighted_least_squares,25,sigma
0.00017782794100389227,0.09164409296471955,0.07565779877865643,weighted_least_squares,25,sigma
0.00023713737056616554,0.0815599855735748,0.06557369138751168,weighted_least_squares,25,sigma
0.00031622776601683794,0.06922730572547833,0.05324101153941521,weighted_least_squares,25,sigma
0.00042169650342858224,0.05477083629081768,0.03878454210475456,weighted_least_squares,25,sigma
0.0005623413251903491,0.0390407705833584,0.023054476397295277,weighted_least_squares,25,sigma
0.0007498942093324559,0.024376344960895743,0.008390050774832621,weighted_least_squares,25,sigma
0.001,0.01598629418606312,0.0,weighted_least_squares,25,sigma
0.001333521432163324,0.02432209390532838,0.00833579971926526,weighted_least_squares,25,sigma
0.0017782794100389228,0.06886879499245964,0.05288250080639652,weighted_least_squares,25,sigma
0.0023713737056616554,0.18355312458620954,0.16756683040014642,weighted_least_squares,25,sigma
0.0031622776601683794,0.4232336291092779,0.4072473349232148,weighted_least_squares,25,sigma
0.004216965034285823,0.8695618620905518,0.8535755679044886,weighted_least_squares,25,sigma
0.005623413251903491,1.6332199693372378,1.6172336751511747,weighted_least_squares,25,sigma
0.007498942093324558,2.8487057118791546,2.8327194176930917,weighted_least_squares,25,sigma
0.01,4.659558861547595,4.643572567361532,weighted_least_squares,25,sigma
0.01333521432163324,7.193712309113194,7.177726014927131,weighted_least_squares,25,sigma
0.01778279410038923,10.533180830560998,10.517194536374934,weighted_least_squares,25,sigma
0.023713737056616554,14.722660727891284,14.70667443370522,weighted_least_squares,25,sigma
0.03162277660168379,19.871376089465166,19.855389795279102,weighted_least_squares,25,sigma
0.042169650342858224,26.245679840150576,26.229693545964512,weighted_least_squares,25,sigma
0.05623413251903491,34.13538653678653,34.11940024260046,weighted_least_squares,25,sigma
0.07498942093324558,43.48483059329671,43.46884429911064,weighted_least_squares,25,sigma
0.1,53.62368859088635,53.60770229670029,weighted_least_squares,25,sigma
1e-06,0.2328691902327794,0.22378969800828258,weighted_least_squares,26,sigma
1.333521432163324e-06,0.23272179215087682,0.22364229992638,weighted_least_squares,26,sigma
1.778279410038923e-06,0.2325253091059724,0.22344581688147558,weighted_least_squares,26,sigma
2.3713737056616552e-06,0.23226342864206564,0.2231839364175688,weighted_least_squares,26,sigma
3.162277660168379e-06,0.23191444364932776,0.22283495142483092,weighted_least_squares,26,sigma
4.216965034285822e-06,0.2314494881994416,0.22236999597494478,weighted_least_squares,26,sigma
5.623413251903491e-06,0.2308302133535276,0.22175072112903077,weighted_least_squares,26,sigma
7.498942093324558e-06,0.23000573654826367,0.22092624432376684,weighted_least_squares,26,sigma
1e-05,0.22890866111502073,0.2198291688905239,weighted_least_squares,26,sigma
1.333521432163324e-05,0.22744992377371415,0.21837043154921731,weighted_least_squares,26,sigma
1.778279410038923e-05,0.2255122002064804,0.21643270798198358,weighted_least_squares,26,sigma
2.3713737056616554e-05,0.22294160332298912,0.2138621110984923,weighted_least_squares,26,sigma
3.1622776601683795e-05,0.21953748822674918,0.21045799600225235,weighted_least_squares,26,sigma
4.216965034285822e-05,0.21504041446672628,0.20596092224222945,weighted_least_squares,26,sigma
5.623413251903491e-05,0.20911886545656005,0.20003937323206322,weighted_least_squares,26,sigma
7.498942093324559e-05,0.20135647203226018,0.19227697980776334,weighted_least_squares,26,sigma
0.0001,0.19124375702579094,0.1821642648012941,weighted_least_squares,26,sigma
0.0001333521432163324,0.17818276088266874,0.1691032686581719,weighted_least_squares,26,sigma
0.00017782794100389227,0.16152104080988755,0.15244154858539072,weighted_least_squares,26,sigma
0.00023713737056616554,0.14064652780732714,0.1315670355828303,weighted_least_squares,26,sigma
0.00031622776601683794,0.1152020175620905,0.10612252533759368,weighted_least_squares,26,sigma
0.00042169650342858224,0.085527141413864,0.07644764918936718,weighted_least_squares,26,sigma
0.0005623413251903491,0.05352252893633133,0.044443036711834506,weighted_least_squares,26,sigma
0.0007498942093324559,0.024281006386592634,0.01520151416209581,weighted_least_squares,26,sigma
0.001,0.009079492224496824,0.0,weighted_least_squares,26,sigma
0.001333521432163324,0.03070570176597387,0.021626209541477044,weighted_least_squares,26,sigma
0.0017782794100389228,0.13258194497464013,0.12350245275014331,weighted_least_squares,26,sigma
0.0023713737056616554,0.3935095057254555,0.3844300135009587,weighted_least_squares,26,sigma
0.0031622776601683794,0.9493413357207031,0.9402618434962063,weighted_least_squares,26,sigma
0.004216965034285823,2.019839255025323,2.010759762800826,weighted_least_squares,26,sigma
0.005623413251903491,3.9303171863273665,3.9212376941028695,weighted_least_squares,26,sigma
0.007498942093324558,7.098599708741459,7.089520216516963,weighted_least_squares,26,sigma
0.01,11.931947388836102,11.922867896611605,weighted_least_squares,26,sigma
0.01333521432163324,18.597601064761545,18.588521572537047,weighted_least_squares,26,sigma
0.01778279410038923,26.77565471299978,26.766575220775284,weighted_least_squares,26,sigma
0.023713737056616554,35.65678177021493,35.64770227799043,weighted_least_squares,26,sigma
0.03162277660168379,44.29178086994742,44.28270137772292,weighted_least_squares,26,sigma
0.042169650342858224,52.02877824752757,52.019698755303075,weighted_least_squares,26,sigma
0.05623413251903491,58.682199441606286,58.67311994938179,weighted_least_squares,26,sigma
0.07498942093324558,64.37205389577973,64.36297440355523,weighted_least_squares,26,sigma
0.1,69.26332461819463,69.25424512597013,weighted_least_squares,26,sigma
1e-06,1.9798003541459115,1.8560747021906578,weighted_least_squares,27,sigma
1.333521432163324e-06,1.9785784049691792,1.8548527530139256,weighted_least_squares,27,sigma
1.778279410038923e-06,1.9769495304285385,1.8532238784732848,weighted_least_squares,27,sigma
2.3713737056616552e-06,1.9747784957230303,1.8510528437677767,weighted_least_squares,27,sigma
3.162277660168379e-06,1.971885338373509,1.8481596864182555,weighted_least_squares,27,sigma
4.216965034285822e-06,1.9680307436549256,1.844305091699672,weighted_least_squares,27,sigma
5.623413251903491e-06,1.9628967701152924,1.8391711181600388,weighted_least_squares,27,sigma
7.498942093324558e-06,1.9560615523985452,1.8323359004432915,weighted_least_squares,27,sigma
1e-05,1.9469662879997276,1.823240636044474,weighted_least_squares,27,sigma
1.333521432163324e-05,1.934872496870405,1.8111468449151513,weighted_least_squares,27,sigma
1.778279410038923e-05,1.918807309235234,1.7950816572799804,weighted_least_squares,27,sigma
2.3713737056616554e-05,1.8974945690294014,1.7737689170741477,weighted_least_squares,27,sigma
3.1622776601683795e-05,1.869270190294473,1.7455445383392194,weighted_least_squares,27,sigma
4.216965034285822e-05,1.8319821579307871,1.7082565059755335,weighted_least_squares,27,sigma
5.623413251903491e-05,1.7828801048041356,1.659154452848882,weighted_least_squares,27,sigma
7.498942093324559e-05,1.7185089073871112,1.5947832554318575,weighted_least_squares,27,sigma
0.0001,1.6346395894027959,1.5109139374475422,weighted_least_squares,27,sigma
0.0001333521432163324,1.5263069562065477,1.402581304251294,weighted_least_squares,27,sigma
0.00017782794100389227,1.3880911601609613,1.2643655082057077,weighted_least_squares,27,sigma
0.00023713737056616554,1.2149055267579922,1.0911798748027386,weighted_least_squares,27,sigma
0.00031622776601683794,1.0037808659448793,0.8800552139896257,weighted_least_squares,27,sigma
0.00042169650342858224,0.7575454559657632,0.6338198040105096,weighted_least_squares,27,sigma
0.0005623413251903491,0.4920187119112223,0.3682930599559688,weighted_least_squares,27,sigma
0.0007498942093324559,0.24955664775173103,0.1258309957964775,weighted_least_squares,27,sigma
0.001,0.12372565195525355,0.0,weighted_least_squares,27,sigma
0.001333521432163324,0.30255291268320333,0.1788272607279498,weighted_least_squares,27,sigma
0.0017782794100389228,1.1402392872940428,1.0165136353387891,weighted_least_squares,27,sigma
0.0023713737056616554,3.265476695636636,3.1417510436813822,weighted_least_squares,27,sigma
0.0031622776601683794,7.717956588990567,7.594230937035313,weighted_least_squares,27,sigma
0.004216965034285823,16.052139509681616,15.928413857726364,weighted_least_squares,27,sigma
0.005623413251903491,30.234432404520863,30.11070675256561,weighted_least_squares,27,sigma
0.007498942093324558,52.03303926909582,51.90931361714057,weighted_least_squares,27,sigma
0.01,81.79051139133524,81.66678573937999,weighted_least_squares,27,sigma
0.01333521432163324,117.41186841508448,117.28814276312923,weighted_least_squares,27,sigma
0.01778279410038923,155.0671290876789,154.94340343572364,weighted_least_squares,27,sigma
0.023713737056616554,191.42100060896107,191.2972749570058,weighted_least_squares,27,sigma
0.03162277660168379,225.16275790440423,225.03903225244898,weighted_least_squares,27,sigma
0.042169650342858224,256.7188236717938,256.5950980198386,weighted_least_squares,27,sigma
0.05623413251903491,287.0630601309001,286.9393344789449,weighted_least_squares,27,sigma
0.07498942093324558,316.84461495567786,316.72088930372263,weighted_least_squares,27,sigma
0.1,346.29916184381284,346.1754361918576,weighted_least_squares,27,sigma
1e-06,5.628810453281124,4.404021381503955,weighted_least_squares,28,sigma
1.333521432163324e-06,5.62637575238344,4.401586680606271,weighted_least_squares,28,sigma
1.778279410038923e-06,5.623130037061186,4.398340965284016,weighted_least_squares,28,sigma
2.3713737056616552e-06,5.618803655070835,4.394014583293665,weighted_least_squares,28,sigma
3.162277660168379e-06,5.613037577729235,4.388248505952066,weighted_least_squares,28,sigma
4.216965034285822e-06,5.605354180532433,4.380565108755263,weighted_least_squares,28,sigma
5.623413251903491e-06,5.595118489720294,4.3703294179431245,weighted_least_squares,28,sigma
7.498942093324558e-06,5.581487271966274,4.356698200189104,weighted_least_squares,28,sigma
1e-05,5.563342282369237,4.338553210592067,weighted_least_squares,28,sigma
1.333521432163324e-05,5.539203409049159,4.314414337271989,weighted_least_squares,28,sigma
1.778279410038923e-05,5.507116604002386,4.282327532225216,weighted_least_squares,28,sigma
2.3713737056616554e-05,5.464511167584998,4.239722095807829,weighted_least_squares,28,sigma
3.1622776601683795e-05,5.408021398699601,4.183232326922432,weighted_least_squares,28,sigma
4.216965034285822e-05,5.333270027731865,4.108480955954696,weighted_least_squares,28,sigma
5.623413251903491e-05,5.234617311342826,4.009828239565657,weighted_least_squares,28,sigma
7.498942093324559e-05,5.104893863583038,3.880104791805868,weighted_least_squares,28,sigma
0.0001,4.935164476708248,3.710375404931079,weighted_least_squares,28,sigma
0.0001333521432163324,4.714627127190328,3.4898380554131583,weighted_least_squares,28,sigma
0.00017782794100389227,4.430859674556279,3.2060706027791097,weighted_least_squares,28,sigma
0.00023713737056616554,4.070829004620812,2.8460399328436425,weighted_least_squares,28,sigma
0.00031622776601683794,3.623450354355581,2.3986612825784115,weighted_least_squares,28,sigma
0.00042169650342858224,3.085166295523852,1.8603772237466827,weighted_least_squares,28,sigma
0.0005623413251903491,2.4712514837369115,1.246462411959742,weighted_least_squares,28,sigma
0.0007498942093324559,1.8377744619351433,0.6129853901579738,weighted_least_squares,28,sigma
0.001,1.3231073115022114,0.09831823972504194,weighted_least_squares,28,sigma
0.001333521432163324,1.2247890717771694,0.0,weighted_least_squares,28,sigma
0.0017782794100389228,2.139217418864327,0.9144283470871577,weighted_least_squares,28,sigma
0.0023713737056616554,5.210039951910574,3.985250880133404,weighted_least_squares,28,sigma
0.0031622776601683794,12.556047973337344,11.331258901560176,weighted_least_squares,28,sigma
0.004216965034285823,27.97016218051184,26.745373108734668,weighted_least_squares,28,sigma
0.005623413251903491,57.95349664536988,56.728707573592715,weighted_least_squares,28,sigma
0.007498942093324558,112.95052239873073,111.72573332695356,weighted_least_squares,28,sigma
0.01,208.07800414660588,206.8532150748287,weighted_least_squares,28,sigma
0.01333521432163324,361.6828420674003,360.4580529956231,weighted_least_squares,28,sigma
0.01778279410038923,589.5673440083795,588.3425549366023,weighted_least_squares,28,sigma
0.023713737056616554,894.5378992549809,893.3131101832037,weighted_least_squares,28,sigma
0.03162277660168379,1256.7484655403969,1255.5236764686197,weighted_least_squares,28,sigma
0.042169650342858224,1636.521405694265,1635.2966166224878,weighted_least_squares,28,sigma
0.05623413251903491,1993.3197054277562,1992.094916355979,weighted_least_squares,28,sigma
0.07498942093324558,2303.6387962591175,2302.4140071873403,weighted_least_squares,28,sigma
0.1,2562.2343538506543,2561.009564778877,weighted_least_squares,28,sigma
1e-06,2.8238652901450525,2.451196850152009,weighted_least_squares,29,sigma
1.333521432163324e-06,2.822264008070962,2.4495955680779185,weighted_least_squares,29,sigma
1.778279410038923e-06,2.8201294679332576,2.4474610279402143,weighted_least_squares,29,sigma
2.3713737056616552e-06,2.8172844459525246,2.4446160059594813,weighted_least_squares,29,sigma
3.162277660168379e-06,2.8134930950796218,2.4408246550865784,weighted_least_squares,29,sigma
4.216965034285822e-06,2.8084417731543945,2.435773333161351,weighted_least_squares,29,sigma
5.623413251903491e-06,2.8017137801695404,2.429045340176497,weighted_least_squares,29,sigma
7.498942093324558e-06,2.7927561780291716,2.4200877380361283,weighted_least_squares,29,sigma
1e-05,2.780836493168532,2.4081680531754888,weighted_least_squares,29,sigma
1.333521432163324e-05,2.7649866377797596,2.3923181977867163,weighted_least_squares,29,sigma
1.778279410038923e-05,2.743931091578421,2.371262651585378,weighted_least_squares,29,sigma
2.3713737056616554e-05,2.7159964013948974,2.343327961401854,weighted_least_squares,29,sigma
3.1622776601683795e-05,2.6789998846961156,2.3063314447030723,weighted_least_squares,29,sigma
4.216965034285822e-05,2.630117932389664,2.2574494923966206,weighted_least_squares,29,sigma
5.623413251903491e-05,2.565740178669217,2.1930717386761738,weighted_least_squares,29,sigma
7.498942093324559e-05,2.4813281383168295,2.108659698323786,weighted_least_squares,29,sigma
0.0001,2.3713214157512175,1.998652975758174,weighted_least_squares,29,sigma
0.0001333521432163324,2.229181640329989,1.8565132003369456,weighted_least_squares,29,sigma
0.00017782794100389227,2.0477526559841555,1.675084215991112,weighted_least_squares,29,sigma
0.00023713737056616554,1.8202787398533689,1.4476102998603253,weighted_least_squares,29,sigma
0.00031622776601683794,1.5427196749591043,1.1700512349660608,weighted_least_squares,29,sigma
0.00042169650342858224,1.2185325103345628,0.8458640703415192,weighted_least_squares,29,sigma
0.0005623413251903491,0.8680138928643233,0.4953454528712798,weighted_least_squares,29,sigma
0.0007498942093324559,0.5458296957522578,0.17316125575921432,weighted_least_squares,29,sigma
0.001,0.3726684399930435,0.0,weighted_least_squares,29,sigma
0.001333521432163324,0.5897174971173235,0.21704905712427996,weighted_least_squares,29,sigma
0.0017782794100389228,1.6457638776800718,1.2730954376870283,weighted_least_squares,29,sigma
0.0023713737056616554,4.319631028986187,3.9469625889931437,weighted_least_squares,29,sigma
0.0031622776601683794,9.851975794587432,9.479307354594388,weighted_least_squares,29,sigma
0.004216965034285823,19.995110776068138,19.622442336075096,weighted_least_squares,29,sigma
0.005623413251903491,36.8005233972982,36.42785495730516,weighted_least_squares,29,sigma
0.007498942093324558,61.97926749476027,61.60659905476723,weighted_least_squares,29,sigma
0.01,96.0778459494238,95.70517750943075,weighted_least_squares,29,sigma
0.01333521432163324,138.3245205520469,137.95185211205384,weighted_least_squares,29,sigma
0.01778279410038923,187.5444104593987,187.17174201940566,weighted_least_squares,29,sigma
0.023713737056616554,243.26269135620385,242.8900229162108,weighted_least_squares,29,sigma
0.03162277660168379,306.35015794513527,305.9774895051422,weighted_least_squares,29,sigma
0.042169650342858224,379.32212405479595,378.9494556148029,weighted_least_squares,29,sigma
0.05623413251903491,465.94534112587337,465.5726726858803,weighted_least_squares,29,sigma
0.07498942093324558,569.5446164137545,569.1719479737615,weighted_least_squares,29,sigma
0.1,690.1258888013675,689.7532203613745,weighted_least_squares,29,sigma
1e-06,0.42462078812490056,0.3605757629387194,weighted_least_squares,30,sigma
1.333521432163324e-06,0.4244071611836282,0.36036213599744704,weighted_least_squares,30,sigma
1.778279410038923e-06,0.4241223819703904,0.36007735678420927,weighted_least_squares,30,sigma
2.3713737056616552e-06,0.423742794598386,0.3596977694122048,weighted_least_squares,30,sigma
3.162277660168379e-06,0.42323691280991876,0.3591918876237376,weighted_least_squares,30,sigma
4.216965034285822e-06,0.4225628520832923,0.35851782689711115,weighted_least_squares,30,sigma
5.623413251903491e-06,0.4216649447341064,0.3576199195479252,weighted_least_squares,30,sigma
7.498942093324558e-06,0.4204692858883833,0.3564242607022021,weighted_least_squares,30,sigma
1e-05,0.4188779074408095,0.35483288225462833,weighted_least_squares,30,sigma
1.333521432163324e-05,0.416761209037502,0.35271618385132086,weighted_least_squares,30,sigma
1.778279410038923e-05,0.4139482186582157,0.3499031934720345,weighted_least_squares,30,sigma
2.3713737056616554e-05,0.410214237758939,0.34616921257275785,weighted_least_squares,30,sigma
3.1622776601683795e-05,0.40526548806621987,0.3412204628800387,weighted_least_squares,30,sigma
4.216965034285822e-05,0.3987206380016619,0.33467561281548075,weighted_least_squares,30,sigma
5.623413251903491e-05,0.390089724134115,0.32604469894793386,weighted_least_squares,30,sigma
7.498942093324559e-05,0.37875237263649153,0.31470734745031037,weighted_least_squares,30,sigma
0.0001,0.36394002274231874,0.2998949975561376,weighted_least_squares,30,sigma
0.0001333521432163324,0.3447322722445344,0.28068724705835324,weighted_least_squares,30,sigma
0.00017782794100389227,0.3200876876811695,0.25604266249498836,weighted_least_squares,30,sigma
0.00023713737056616554,0.28894836482628333,0.22490333964010217,weighted_least_squares,30,sigma
0.00031622776601683794,0.2504921398914634,0.18644711470528225,weighted_least_squares,30,sigma
0.00042169650342858224,0.20466878226721819,0.14062375708103703,weighted_least_squares,30,sigma
0.0005623413251903491,0.1532673763833446,0.08922235119716344,weighted_least_squares,30,sigma
0.0007498942093324559,0.1019545972765302,0.03790957209034905,weighted_least_squares,30,sigma
0.001,0.06404502518618115,0.0,weighted_least_squares,30,sigma
0.001333521432163324,0.06726308207859161,0.003218056892410462,weighted_least_squares,30,sigma
0.0017782794100389228,0.16541497107067632,0.10136994588449517,weighted_least_squares,30,sigma
0.0023713737056616554,0.4574296138200327,0.39338458863385156,weighted_least_squares,30,sigma
0.0031622776601683794,1.115699112965048,1.051654087778867,weighted_least_squares,30,sigma
0.004216965034285823,2.4220049559762376,2.3579599307900563,weighted_least_squares,30,sigma
0.005623413251903491,4.799987366224677,4.735942341038496,weighted_least_squares,30,sigma
0.007498942093324558,8.818059211470516,8.754014186284335,weighted_least_squares,30,sigma
0.01,15.123213382558497,15.059168357372316,weighted_least_squares,30,sigma
0.01333521432163324,24.269966623984242,24.20592159879806,weighted_least_squares,30,sigma
0.01778279410038923,36.44435862184621,36.38031359666003,weighted_least_squares,30,sigma
0.023713737056616554,51.16849771258999,51.10445268740381,weighted_least_squares,30,sigma
0.03162277660168379,67.23353082792781,67.16948580274163,weighted_least_squares,30,sigma
0.042169650342858224,83.139826309762,83.07578128457583,weighted_least_squares,30,sigma
0.05623413251903491,97.859307466314,97.79526244112782,weighted_least_squares,30,sigma
0.07498942093324558,111.30618064634064,111.24213562115446,weighted_least_squares,30,sigma
0.1,124.1948878478477,124.13084282266152,weighted_least_squares,30,sigma
1e-06,0.06479580275633755,0.057899991005611016,weighted_least_squares,31,sigma
1.333521432163324e-06,0.06475577429349537,0.05785996254276884,weighted_least_squares,31,sigma
1.778279410038923e-06,0.0647024161099727,0.057806604359246165,weighted_least_squares,31,sigma
2.3713737056616552e-06,0.06463129851309068,0.057735486762364154,weighted_least_squares,31,sigma
3.162277660168379e-06,0.06453652699189887,0.057640715241172334,weighted_least_squares,31,sigma
4.216965034285822e-06,0.06441026328176247,0.05751445153103594,weighted_least_squares,31,sigma
5.623413251903491e-06,0.06424209448699178,0.05734628273626525,weighted_least_squares,31,sigma
7.498942093324558e-06,0.06401820531877844,0.05712239356805191,weighted_least_squares,31,sigma
1e-05,0.06372029815730901,0.056824486406582476,weighted_least_squares,31,sigma
1.333521432163324e-05,0.06332419606686494,0.05642838431613841,weighted_least_squares,31,sigma
1.778279410038923e-05,0.06279805625490956,0.055902244504183025,weighted_least_squares,31,sigma
2.3713737056616554e-05,0.062100124259586754,0.05520431250886022,weighted_least_squares,31,sigma
3.1622776601683795e-05,0.06117598295489652,0.05428017120416999,weighted_least_squares,31,sigma
4.216965034285822e-05,0.059955320087656805,0.053059508336930274,weighted_least_squares,31,sigma
5.623413251903491e-05,0.058348398754165226,0.051452587003438695,weighted_least_squares,31,sigma
7.498942093324559e-05,0.05624275203383672,0.04934694028311019,weighted_least_squares,31,sigma
0.0001,0.05350129416777697,0.04660548241705044,weighted_least_squares,31,sigma
0.0001333521432163324,0.04996433724476509,0.043068525494038556,weighted_least_squares,31,sigma
0.00017782794100389227,0.04546045294945334,0.03856464119872681,weighted_least_squares,31,sigma
0.00023713737056616554,0.0398356606122602,0.03293984886153367,weighted_least_squares,31,sigma
0.00031622776601683794,0.03301863488151742,0.02612282313079089,weighted_least_squares,31,sigma
0.00042169650342858224,0.025153882458919412,0.01825807070819288,weighted_least_squares,31,sigma
0.0005623413251903491,0.016857697417281596,0.009961885666555065,weighted_least_squares,31,sigma
0.0007498942093324559,0.009682312179176719,0.0027865004284501867,weighted_least_squares,31,sigma
0.001,0.006895811750726532,0.0,weighted_least_squares,31,sigma
0.001333521432163324,0.014641552610745625,0.0077457408600190925,weighted_least_squares,31,sigma
0.0017782794100389228,0.04331175655796475,0.03641594480723822,weighted_least_squares,31,sigma
0.0023713737056616554,0.10845600295603199,0.10156019120530545,weighted_least_squares,31,sigma
0.0031622776601683794,0.2299280152212251,0.22303220347049857,weighted_least_squares,31,sigma
0.004216965034285823,0.42796092978801065,0.42106511803728414,weighted_least_squares,31,sigma
0.005623413251903491,0.7169745761750226,0.7100787644242961,weighted_least_squares,31,sigma
0.007498942093324558,1.102685237524184,1.0957894257734575,weighted_least_squares,31,sigma
0.01,1.5870788570304502,1.5801830452797236,weighted_least_squares,31,sigma
0.01333521432163324,2.1729158913209714,2.1660200795702447,weighted_least_squares,31,sigma
0.01778279410038923,2.8594784502951374,2.8525826385444106,weighted_least_squares,31,sigma
0.023713737056616554,3.642122734339323,3.6352269225885965,weighted_least_squares,31,sigma
0.03162277660168379,4.5233443043415935,4.516448492590867,weighted_least_squares,31,sigma
0.042169650342858224,5.51378173321719,5.506885921466464,weighted_least_squares,31,sigma
0.05623413251903491,6.61154119202882,6.604645380278094,weighted_least_squares,31,sigma
0.07498942093324558,7.784698514192332,7.777802702441606,weighted_least_squares,31,sigma
0.1,8.979124764614836,8.972228952864109,weighted_least_squares,31,sigma
1e-06,0.02701368174300295,0.024415741578869877,weighted_least_squares,32,sigma
1.333521432163324e-06,0.026997587216622536,0.024399647052489464,weighted_least_squares,32,sigma
1.778279410038923e-06,0.02697613290537154,0.02437819274123847,weighted_least_squares,32,sigma
2.3713737056616552e-06,0.026947537585586365,0.024349597421453293,weighted_least_squares,32,sigma
3.162277660168379e-06,0.026909430782929726,0.024311490618796654,weighted_least_squares,32,sigma
4.216965034285822e-06,0.02685866022436016,0.024260720060227087,weighted_least_squares,32,sigma
5.623413251903491e-06,0.026791037831355995,0.024193097667222923,weighted_least_squares,32,sigma
7.498942093324558e-06,0.02670100639777067,0.024103066233637598,weighted_least_squares,32,sigma
1e-05,0.026581204504210282,0.02398326434007721,weighted_least_squares,32,sigma
1.333521432163324e-05,0.026421903196685796,0.023823963032552724,weighted_least_squares,32,sigma
1.778279410038923e-05,0.026210284578511003,0.02361234441437793,weighted_least_squares,32,sigma
2.3713737056616554e-05,0.02592953319897137,0.023331593034838297,weighted_least_squares,32,sigma
3.1622776601683795e-05,0.025557719221648182,0.02295977905751511,weighted_least_squares,32,sigma
4.216965034285822e-05,0.025066478307598405,0.022468538143465333,weighted_least_squares,32,sigma
5.623413251903491e-05,0.024419552859757096,0.021821612695624024,weighted_least_squares,32,sigma
7.498942093324559e-05,0.023571385216413897,0.020973445052280826,weighted_least_squares,32,sigma
0.0001,0.022466203345651664,0.019868263181518592,weighted_least_squares,32,sigma
0.0001333521432163324,0.02103852055563267,0.018440580391499598,weighted_least_squares,32,sigma
0.00017782794100389227,0.019216875192932675,0.016618935028799603,weighted_least_squares,32,sigma
0.00023713737056616554,0.016934308733064635,0.014336368568931564,weighted_least_squares,32,sigma
0.00031622776601683794,0.01415212226198618,0.01155418209785311,weighted_least_squares,32,sigma
0.00042169650342858224,0.01090886485154184,0.00831092468740877,weighted_least_squares,32,sigma
0.0005623413251903491,0.007415808985565642,0.004817868821432572,weighted_least_squares,32,sigma
0.0007498942093324559,0.0042351293786711,0.0016371892145380295,weighted_least_squares,32,sigma
0.001,0.002597940164133071,0.0,weighted_least_squares,32,sigma
0.001333521432163324,0.004939459177084009,0.0023415190129509383,weighted_least_squares,32,sigma
0.0017782794100389228,0.01572148398129313,0.01312354381716006,weighted_least_squares,32,sigma
0.0023713737056616554,0.04251906138607115,0.03992112122193808,weighted_least_squares,32,sigma
0.0031622776601683794,0.0970940758619485,0.09449613569781543,weighted_least_squares,32,sigma
0.004216965034285823,0.195758646727575,0.19316070656344195,weighted_least_squares,32,sigma
0.005623413251903491,0.35801169242266073,0.35541375225852767,weighted_least_squares,32,sigma
0.007498942093324558,0.602962136437814,0.600364196273681,weighted_least_squares,32,sigma
0.01,0.9444440416118984,0.9418461014477654,weighted_least_squares,32,sigma
0.01333521432163324,1.3863096426791257,1.3837117025149925,weighted_least_squares,32,sigma
0.01778279410038923,1.9211982978594615,1.9186003576953283,weighted_least_squares,32,sigma
0.023713737056616554,2.5371399078584678,2.534541967694335,weighted_least_squares,32,sigma
0.03162277660168379,3.2249033064901447,3.2223053663260117,weighted_least_squares,32,sigma
0.042169650342858224,3.9726413497966417,3.970043409632509,weighted_least_squares,32,sigma
0.05623413251903491,4.753480423406943,4.75088248324281,weighted_least_squares,32,sigma
0.07498942093324558,5.526337797203011,5.523739857038878,weighted_least_squares,32,sigma
0.1,6.254201479515172,6.251603539351039,weighted_least_squares,32,sigma
1e-06,0.34272327897459465,0.3267354046562709,weighted_least_squares,33,sigma
1.333521432163324e-06,0.34250748254579577,0.326519608227472,weighted_least_squares,33,sigma
1.778279410038923e-06,0.34221982310578414,0.32623194878746037,weighted_least_squares,33,sigma
2.3713737056616552e-06,0.3418364181695663,0.3258485438512425,weighted_least_squares,33,sigma
3.162277660168379e-06,0.3413254863302727,0.32533761201194894,weighted_least_squares,33,sigma
4.216965034285822e-06,0.34064476458103427,0.3246568902627105,weighted_least_squares,33,sigma
5.623413251903491e-06,0.3397381047440047,0.3237502304256809,weighted_least_squares,33,sigma
7.498942093324558e-06,0.3385310056240444,0.32254313130572065,weighted_least_squares,33,sigma
1e-05,0.33692478344528626,0.3209369091269625,weighted_least_squares,33,sigma
1.333521432163324e-05,0.334789024059527,0.3188011497412032,weighted_least_squares,33,sigma
1.778279410038923e-05,0.3319519217047137,0.31596404738638995,weighted_least_squares,33,sigma
2.3713737056616554e-05,0.32818811381691554,0.31220023949859177,weighted_least_squares,33,sigma
3.1622776601683795e-05,0.3232037370283628,0.30721586271003903,weighted_least_squares,33,sigma
4.216965034285822e-05,0.31661877658597576,0.300630902267652,weighted_least_squares,33,sigma
5.623413251903491e-05,0.3079475863611554,0.2919597120428316,weighted_least_squares,33,sigma
7.498942093324559e-05,0.2965801444833857,0.28059227016506194,weighted_least_squares,33,sigma
0.0001,0.28176995623138584,0.2657820819130621,weighted_least_squares,33,sigma
0.0001333521432163324,0.2626409370209914,0.24665306270266765,weighted_least_squares,33,sigma
0.00017782794100389227,0.23823766487179146,0.22224979055346772,weighted_least_squares,33,sigma
0.00023713737056616554,0.20766566983650192,0.19167779551817818,weighted_least_squares,33,sigma
0.00031622776601683794,0.17040902116054646,0.15442114684222272,weighted_least_squares,33,sigma
0.00042169650342858224,0.12698526701052773,0.11099739269220397,weighted_least_squares,33,sigma
0.0005623413251903491,0.08022529005514617,0.06423741573682241,weighted_least_squares,33,sigma
0.0007498942093324559,0.037679988835868206,0.021692114517544454,weighted_least_squares,33,sigma
0.001,0.015987874318323752,0.0,weighted_least_squares,33,sigma
0.001333521432163324,0.04846370245560301,0.032475828137279256,weighted_least_squares,33,sigma
0.0017782794100389228,0.19743227964401477,0.18144440532569103,weighted_least_squares,33,sigma
0.0023713737056616554,0.572005751310898,0.5560178769925743,weighted_least_squares,33,sigma
0.0031622776601683794,1.347767151449576,1.3317792771312522,weighted_least_squares,33,sigma
0.004216965034285823,2.773465667574989,2.757477793256665,weighted_least_squares,33,sigma
0.005623413251903491,5.131058549085448,5.115070674767124,weighted_least_squares,33,sigma
0.007498942093324558,8.609434516921167,8.593446642602844,weighted_least_squares,33,sigma
0.01,13.11602563835887,13.100037764040547,weighted_least_squares,33,sigma
0.01333521432163324,18.19446348122421,18.178475606905888,weighted_least_squares,33,sigma
0.01778279410038923,23.219307150829216,23.203319276510893,weighted_least_squares,33,sigma
0.023713737056616554,27.73356440767671,27.717576533358386,weighted_least_squares,33,sigma
0.03162277660168379,31.610987258389493,31.59499938407117,weighted_least_squares,33,sigma
0.042169650342858224,34.96647749301202,34.950489618693695,weighted_least_squares,33,sigma
0.05623413251903491,37.97882566597688,37.96283779165855,weighted_least_squares,33,sigma
0.07498942093324558,40.76922261749747,40.75323474317914,weighted_least_squares,33,sigma
0.1,43.372204474698044,43.35621660037972,weighted_least_squares,33,sigma
1e-06,0.46413611107170777,0.42649484908644203,weighted_least_squares,34,sigma
1.333521432163324e-06,0.4638467367747271,0.42620547478946136,weighted_least_squares,34,sigma
1.778279410038923e-06,0.4634609996806933,0.4258197376954276,weighted_least_squares,34,sigma
2.3713737056616552e-06,0.4629468777378028,0.42530561575253706,weighted_least_squares,34,sigma
3.162277660168379e-06,0.46226176141942127,0.42462049943415553,weighted_least_squares,34,sigma
4.216965034285822e-06,0.46134898917507133,0.4237077271898056,weighted_least_squares,34,sigma
5.623413251903491e-06,0.4601332913152956,0.4224920293300299,weighted_least_squares,34,sigma
7.498942093324558e-06,0.45851480689741725,0.4208735449121515,weighted_least_squares,34,sigma
1e-05,0.456361279825905,0.4187200178406393,weighted_least_squares,34,sigma
1.333521432163324e-05,0.4534979660214554,0.4158567040361897,weighted_least_squares,34,sigma
1.778279410038923e-05,0.4496947258725489,0.41205346388728314,weighted_least_squares,34,sigma
2.3713737056616554e-05,0.44464979767269885,0.4070085356874331,weighted_least_squares,34,sigma
3.1622776601683795e-05,0.4379699151331344,0.40032865314786864,weighted_least_squares,34,sigma
4.216965034285822e-05,0.4291469205845053,0.3915056585992396,weighted_least_squares,34,sigma
5.623413251903491e-05,0.4175321552384129,0.3798908932531472,weighted_least_squares,34,sigma
7.498942093324559e-05,0.40231225627451517,0.36467099428924943,weighted_least_squares,34,sigma
0.0001,0.38249464417485934,0.3448533821895936,weighted_least_squares,34,sigma
0.0001333521432163324,0.3569199044026207,0.319278642417355,weighted_least_squares,34,sigma
0.00017782794100389227,0.32433502611442194,0.2866937641291562,weighted_least_squares,34,sigma
0.00023713737056616554,0.2835924526175115,0.24595119063224574,weighted_least_squares,34,sigma
0.00031622776601683794,0.2340964168096384,0.19645515482437267,weighted_least_squares,34,sigma
0.00042169650342858224,0.1767193615839199,0.13907809959865416,weighted_least_squares,34,sigma
0.0005623413251903491,0.1155881487218759,0.07794688673661015,weighted_least_squares,34,sigma
0.0007498942093324559,0.06143390664158657,0.023792644656320826,weighted_least_squares,34,sigma
0.001,0.037641261985265746,0.0,weighted_least_squares,34,sigma
0.001333521432163324,0.09064448619094508,0.05300322420567933,weighted_least_squares,34,sigma
0.0017782794100389228,0.30641235389621363,0.2687710919109479,weighted_least_squares,34,sigma
0.0023713737056616554,0.8328549713814433,0.7952137093961775,weighted_least_squares,34,sigma
0.0031622776601683794,1.9005081610371513,1.8628668990518855,weighted_least_squares,34,sigma
0.004216965034285823,3.8162831860827366,3.778641924097471,weighted_least_squares,34,sigma
0.005623413251903491,6.881777819395999,6.8441365574107325,weighted_least_squares,34,sigma
0.007498942093324558,11.199883692579677,11.16224243059441,weighted_least_squares,34,sigma
0.01,16.461412894411453,16.423771632426188,weighted_least_squares,34,sigma
0.01333521432163324,21.972256374496272,21.934615112511008,weighted_least_squares,34,sigma
0.01778279410038923,27.016636370504983,26.97899510851972,weighted_least_squares,34,sigma
0.023713737056616554,31.220700542131123,31.18305928014586,weighted_least_squares,34,sigma
0.03162277660168379,34.61167763014995,34.574036368164684,weighted_least_squares,34,sigma
0.042169650342858224,37.458908203291934,37.42126694130667,weighted_least_squares,34,sigma
0.05623413251903491,40.08379213498234,40.046150872997075,weighted_least_squares,34,sigma
0.07498942093324558,42.72186206951634,42.68422080753108,weighted_least_squares,34,sigma
0.1,45.47553502077522,45.437893758789954,weighted_least_squares,34,sigma
1e-06,2.5170260896362104,2.3010509392130696,weighted_least_squares,35,sigma
1.333521432163324e-06,2.515595688706406,2.299620538283265,weighted_least_squares,35,sigma
1.778279410038923e-06,2.513688899391785,2.2977137489686443,weighted_least_squares,35,sigma
2.3713737056616552e-06,2.5111473684162338,2.295172217993093,weighted_least_squares,35,sigma
3.162277660168379e-06,2.5077603426419586,2.2917851922188177,weighted_least_squares,35,sigma
4.216965034285822e-06,2.503247510599245,2.2872723601761042,weighted_least_squares,35,sigma
5.623413251903491e-06,2.497236382038332,2.2812612316151912,weighted_least_squares,35,sigma
7.498942093324558e-06,2.489232557900479,2.273257407477338,weighted_least_squares,35,sigma
1e-05,2.4785808867347874,2.2626057363116465,weighted_least_squares,35,sigma
1.333521432163324e-05,2.464415070357812,2.248439919934671,weighted_least_squares,35,sigma
1.778279410038923e-05,2.4455929764089834,2.2296178259858426,weighted_least_squares,35,sigma
2.3713737056616554e-05,2.420614842907718,2.204639692484577,weighted_least_squares,35,sigma
3.1622776601683795e-05,2.3875221534561706,2.1715470030330297,weighted_least_squares,35,sigma
4.216965034285822e-05,2.3437769442019323,2.1278017937787914,weighted_least_squares,35,sigma
5.623413251903491e-05,2.286126071057007,2.070150920633866,weighted_least_squares,35,sigma
7.498942093324559e-05,2.21046512877454,1.9944899783513992,weighted_least_squares,35,sigma
0.0001,2.111737047517415,1.8957618970942742,weighted_least_squares,35,sigma
0.0001333521432163324,1.983939604245833,1.767964453822692,weighted_least_squares,35,sigma
0.00017782794100389227,1.8203899274981574,1.6044147770750166,weighted_least_squares,35,sigma
0.00023713737056616554,1.6145307203797723,1.3985555699566312,weighted_least_squares,35,sigma
0.00031622776601683794,1.3618121095019107,1.1458369590787698,weighted_least_squares,35,sigma
0.00042169650342858224,1.0636301730100424,0.8476550225869014,weighted_least_squares,35,sigma
0.0005623413251903491,0.7350876134071853,0.5191124629840443,weighted_least_squares,35,sigma
0.0007498942093324559,0.41966613454452095,0.20369098412137998,weighted_least_squares,35,sigma
0.001,0.21597515042314097,0.0,weighted_least_squares,35,sigma
0.001333521432163324,0.32449559554992013,0.10852044512677916,weighted_least_squares,35,sigma
0.0017782794100389228,1.124345872138241,0.9083707217151001,weighted_least_squares,35,sigma
0.0023713737056616554,3.286593142952133,3.0706179925289923,weighted_least_squares,35,sigma
0.0031622776601683794,7.909120446457333,7.693145296034192,weighted_least_squares,35,sigma
0.004216965034285823,16.59900979499509,16.38303464457195,weighted_least_squares,35,sigma
0.005623413251903491,31.330907717102995,31.114932566679855,weighted_least_squares,35,sigma
0.007498942093324558,53.87119731044659,53.65522216002345,weighted_least_squares,35,sigma
0.01,84.79920128140779,84.58322613098464,weighted_least_squares,35,sigma
0.01333521432163324,122.66640585086438,122.45043070044123,weighted_least_squares,35,sigma
0.01778279410038923,164.03903655312357,163.82306140270043,weighted_least_squares,35,sigma
0.023713737056616554,204.68768617059519,204.47171102017205,weighted_least_squares,35,sigma
0.03162277660168379,241.35353986353573,241.1375647131126,weighted_least_squares,35,sigma
0.042169650342858224,272.90793806680676,272.6919629163836,weighted_least_squares,35,sigma
0.05623413251903491,300.1752531690385,299.95927801861535,weighted_least_squares,35,sigma
0.07498942093324558,324.94370985680825,324.7277347063851,weighted_least_squares,35,sigma
0.1,348.9392821749331,348.72330702450995,weighted_least_squares,35,sigma
1e-06,0.11331311062474425,0.10164748703099746,weighted_least_squares,36,sigma
1.333521432163324e-06,0.1132434415647694,0.10157781797102261,weighted_least_squares,36,sigma
1.778279410038923e-06,0.11315057340067206,0.10148494980692527,weighted_least_squares,36,sigma
2.3713737056616552e-06,0.11302679761469993,0.10136117402095314,weighted_least_squares,36,sigma
3.162277660168379e-06,0.1128618570743092,0.1011962334805624,weighted_least_squares,36,sigma
4.216965034285822e-06,0.11264211365910991,0.10097649006536312,weighted_least_squares,36,sigma
5.623413251903491e-06,0.11234945153994641,0.10068382794619962,weighted_least_squares,36,sigma
7.498942093324558e-06,0.11195983909479987,0.10029421550105308,weighted_least_squares,36,sigma
1e-05,0.11144145404577747,0.09977583045203069,weighted_least_squares,36,sigma
1.333521432163324e-05,0.11075225987689394,0.09908663628314715,weighted_least_squares,36,sigma
1.778279410038923e-05,0.10983690979098563,0.09817128619723885,weighted_least_squares,36,sigma
2.3713737056616554e-05,0.10862286020833184,0.09695723661458505,weighted_least_squares,36,sigma
3.1622776601683795e-05,0.10701561826644639,0.0953499946726996,weighted_least_squares,36,sigma
4.216965034285822e-05,0.10489317014110013,0.09322754654735334,weighted_least_squares,36,sigma
5.623413251903491e-05,0.10209991343384811,0.09043428984010132,weighted_least_squares,36,sigma
7.498942093324559e-05,0.0984409905954421,0.08677536700169532,weighted_least_squares,36,sigma
0.0001,0.09367904753729472,0.08201342394354794,weighted_least_squares,36,sigma
0.0001333521432163324,0.08753759192587228,0.07587196833212549,weighted_least_squares,36,sigma
0.00017782794100389227,0.07971914188666929,0.0680535182929225,weighted_least_squares,36,sigma
0.00023713737056616554,0.06995375059852214,0.058288127004775356,weighted_least_squares,36,sigma
0.00031622776601683794,0.05810695106721886,0.04644132747347207,weighted_least_squares,36,sigma
0.00042169650342858224,0.0444003978106272,0.03273477421688041,weighted_least_squares,36,sigma
0.0005623413251903491,0.029841553062058317,0.01817592946831153,weighted_least_squares,36,sigma
0.0007498942093324559,0.01703386845188662,0.005368244858139831,weighted_least_squares,36,sigma
0.001,0.011665623593746788,0.0,weighted_least_squares,36,sigma
0.001333521432163324,0.025176294269822565,0.013510670676075778,weighted_least_squares,36,sigma
0.0017782794100389228,0.07937663695411687,0.06771101336037008,weighted_least_squares,36,sigma
0.0023713737056616554,0.21405554197954588,0.2023899183857991,weighted_least_squares,36,sigma
0.0031622776601683794,0.49843476176033585,0.48676913816658907,weighted_least_squares,36,sigma
0.004216965034285823,1.0456206218026298,1.0339549982088831,weighted_least_squares,36,sigma
0.005623413251903491,2.0238988263664037,2.012233202772657,weighted_least_squares,36,sigma
0.007498942093324558,3.6483855701693124,3.6367199465755657,weighted_least_squares,36,sigma
0.01,6.127753967349089,6.116088343755342,weighted_least_squares,36,sigma
0.01333521432163324,9.5611783368421,9.549512713248355,weighted_least_squares,36,sigma
0.01778279410038923,13.854497280703836,13.84283165711009,weighted_least_squares,36,sigma
0.023713737056616554,18.7635012380856,18.751835614491853,weighted_least_squares,36,sigma
0.03162277660168379,24.038820835051524,24.027155211457778,weighted_least_squares,36,sigma
0.042169650342858224,29.502168203477495,29.49050257988375,weighted_least_squares,36,sigma
0.05623413251903491,34.99617709437557,34.98451147078182,weighted_least_squares,36,sigma
0.07498942093324558,40.35095715649749,40.339291532903744,weighted_least_squares,36,sigma
0.1,45.44805368512357,45.43638806152982,weighted_least_squares,36,sigma
1e-06,0.04838828021341275,0.03982220785315315,weighted_least_squares,37,sigma
1.333521432163324e-06,0.04836242620820987,0.03979635384795027,weighted_least_squares,37,sigma
1.778279410038923e-06,0.048327962095937156,0.039761889735677555,weighted_least_squares,37,sigma
2.3713737056616552e-06,0.04828202635780174,0.03971595399754214,weighted_least_squares,37,sigma
3.162277660168379e-06,0.04822081067258362,0.039654738312324016,weighted_least_squares,37,sigma
4.216965034285822e-06,0.048139250492289926,0.039573178132030325,weighted_least_squares,37,sigma
5.623413251903491e-06,0.04803061675402988,0.03946454439377028,weighted_least_squares,37,sigma
7.498942093324558e-06,0.04788597989726423,0.03931990753700463,weighted_least_squares,37,sigma
1e-05,0.04769351002852765,0.039127437668268046,weighted_least_squares,37,sigma
1.333521432163324e-05,0.047437570353877745,0.038871497993618144,weighted_least_squares,37,sigma
1.778279410038923e-05,0.04709755541528034,0.038531483055020736,weighted_least_squares,37,sigma
2.3713737056616554e-05,0.046646426172969574,0.03808035381270997,weighted_least_squares,37,sigma
3.1622776601683795e-05,0.046048906397065055,0.037482834036805454,weighted_least_squares,37,sigma
4.216965034285822e-05,0.04525934483032638,0.036693272470066776,weighted_least_squares,37,sigma
5.623413251903491e-05,0.04421934067361573,0.03565326831335613,weighted_least_squares,37,sigma
7.498942093324559e-05,0.04285542702034535,0.03428935466008575,weighted_least_squares,37,sigma
0.0001,0.041077498836906194,0.03251142647664659,weighted_least_squares,37,sigma
0.0001333521432163324,0.03877942714504479,0.030213354784785186,weighted_least_squares,37,sigma
0.00017782794100389227,0.035844722843724565,0.027278650483464964,weighted_least_squares,37,sigma
0.00023713737056616554,0.032162748573331484,0.023596676213071884,weighted_least_squares,37,sigma
0.00031622776601683794,0.02766579049644158,0.019099718136181984,weighted_least_squares,37,sigma
0.00042169650342858224,0.022405949480097408,0.013839877119837809,weighted_least_squares,37,sigma
0.0005623413251903491,0.016705956340613913,0.008139883980354314,weighted_least_squares,37,sigma
0.0007498942093324559,0.011443350902159574,0.002877278541899975,weighted_least_squares,37,sigma
0.001,0.0085660723602596,0.0,weighted_least_squares,37,sigma
0.001333521432163324,0.011984426048652477,0.003418353688392878,weighted_least_squares,37,sigma
0.0017782794100389228,0.029003881648903697,0.020437809288644096,weighted_least_squares,37,sigma
0.0023713737056616554,0.07233939086844951,0.06377331850818992,weighted_least_squares,37,sigma
0.0031622776601683794,0.16223772871235373,0.15367165635209412,weighted_least_squares,37,sigma
0.004216965034285823,0.32708115711303515,0.31851508475277557,weighted_least_squares,37,sigma
0.005623413251903491,0.599635039142214,0.5910689667819544,weighted_least_squares,37,sigma
0.007498942093324558,1.0079788752944943,0.9994128029342346,weighted_least_squares,37,sigma
0.01,1.5688491933184194,1.5602831209581598,weighted_least_squares,37,sigma
0.01333521432163324,2.2981891648312454,2.2896230924709857,weighted_least_squares,37,sigma
0.01778279410038923,3.241820541121989,3.2332544687617295,weighted_least_squares,37,sigma
0.023713737056616554,4.510709162416057,4.502143090055798,weighted_least_squares,37,sigma
0.03162277660168379,6.305859319648935,6.297293247288676,weighted_least_squares,37,sigma
0.042169650342858224,8.928575835819835,8.920009763459575,weighted_least_squares,37,sigma
0.05623413251903491,12.767590162090215,12.759024089729955,weighted_least_squares,37,sigma
0.07498942093324558,18.21729053248133,18.20872446012107,weighted_least_squares,37,sigma
0.1,25.451108821317778,25.442542748957518,weighted_least_squares,37,sigma
1e-06,0.023788889675822655,0.02225386761965559,weighted_least_squares,38,sigma
1.333521432163324e-06,0.023774163897425524,0.02223914184125846,weighted_least_squares,38,sigma
1.778279410038923e-06,0.02375453426645526,0.022219512210288197,weighted_least_squares,38,sigma
2.3713737056616552e-06,0.023728371108040724,0.02219334905187366,weighted_least_squares,38,sigma
3.162277660168379e-06,0.02369350578613523,0.022158483729968165,weighted_least_squares,38,sigma
4.216965034285822e-06,0.02364705441223253,0.022112032356065466,weighted_least_squares,38,sigma
5.623413251903491e-06,0.023585185741629506,0.02205016368546244,weighted_least_squares,38,sigma
7.498942093324558e-06,0.023502816335977054,0.02196779427980999,weighted_least_squares,38,sigma
1e-05,0.023393212892571413,0.021858190836404348,weighted_least_squares,38,sigma
1.333521432163324e-05,0.023247477499545838,0.021712455443378773,weighted_least_squares,38,sigma
1.778279410038923e-05,0.023053888798399563,0.0215188667422325,weighted_least_squares,38,sigma
2.3713737056616554e-05,0.022797072632543408,0.021262050576376344,weighted_least_squares,38,sigma
3.1622776601683795e-05,0.022456983576438765,0.0209219615202717,weighted_least_squares,38,sigma
4.216965034285822e-05,0.022007702568159874,0.02047268051199281,weighted_least_squares,38,sigma
5.623413251903491e-05,0.021416110816668287,0.019881088760501223,weighted_least_squares,38,sigma
7.498942093324559e-05,0.020640615302731376,0.01910559324656431,weighted_least_squares,38,sigma
0.0001,0.019630329018898402,0.018095306962731338,weighted_least_squares,38,sigma
0.0001333521432163324,0.018325545862272752,0.016790523806105687,weighted_least_squares,38,sigma
0.00017782794100389227,0.01666116956153569,0.015126147505368625,weighted_least_squares,38,sigma
0.00023713737056616554,0.01457627146260191,0.013041249406434845,weighted_least_squares,38,sigma
0.00031622776601683794,0.012035723354494316,0.010500701298327253,weighted_least_squares,38,sigma
0.00042169650342858224,0.009074868663720587,0.007539846607553523,weighted_least_squares,38,sigma
0.0005623413251903491,0.005887170990009676,0.004352148933842613,weighted_least_squares,38,sigma
0.0007498942093324559,0.002990553902403532,0.0014555318462364684,weighted_least_squares,38,sigma
0.001,0.0015350220561670637,0.0,weighted_least_squares,38,sigma
0.001333521432163324,0.0038572683470676945,0.002322246290900631,weighted_least_squares,38,sigma
0.0017782794100389228,0.01444866216523715,0.012913640109070087,weighted_least_squares,38,sigma
0.0023713737056616554,0.041561710766162586,0.040026688709995525,weighted_least_squares,38,sigma
0.0031622776601683794,0.09964938961615408,0.09811436755998701,weighted_least_squares,38,sigma
0.004216965034285823,0.2124670434318446,0.21093202137567754,weighted_least_squares,38,sigma
0.005623413251903491,0.41553012820883906,0.413995106152672,weighted_least_squares,38,sigma
0.007498942093324558,0.7546429170147573,0.7531078949585902,weighted_least_squares,38,sigma
0.01,1.276890812683059,1.275355790626892,weighted_least_squares,38,sigma
0.01333521432163324,2.0181809354455584,2.0166459133893913,weighted_least_squares,38,sigma
0.01778279410038923,3.005533503614552,3.003998481558385,weighted_least_squares,38,sigma
0.023713737056616554,4.2878844474098345,4.286349425353667,weighted_least_squares,38,sigma
0.03162277660168379,5.97643106731644,5.974896045260273,weighted_least_squares,38,sigma
0.042169650342858224,8.25768425896468,8.256149236908513,weighted_least_squares,38,sigma
0.05623413251903491,11.352476040606378,11.35094101855021,weighted_least_squares,38,sigma
0.07498942093324558,15.401150822637767,15.3996158005816,weighted_least_squares,38,sigma
0.1,20.29597689349725,20.294441871441084,weighted_least_squares,38,sigma
1e-06,0.026163598076683277,0.01958950269332002,weighted_least_squares,39,sigma
1.333521432163324e-06,0.026149728733359152,0.019575633349995895,weighted_least_squares,39,sigma
1.778279410038923e-06,0.02613124129598414,0.01955714591262088,weighted_least_squares,39,sigma
2.3713737056616552e-06,0.026106601371319968,0.019532505987956708,weighted_least_squares,39,sigma
3.162277660168379e-06,0.026073767484645134,0.019499672101281874,weighted_least_squares,39,sigma
4.216965034285822e-06,0.026030025473206462,0.019455930089843206,weighted_least_squares,39,sigma
5.623413251903491e-06,0.025971770414108815,0.019397675030745555,weighted_least_squares,39,sigma
7.498942093324558e-06,0.025894220975441803,0.019320125592078546,weighted_least_squares,39,sigma
1e-05,0.02579104706138723,0.019216951678023973,weighted_least_squares,39,sigma
1.333521432163324e-05,0.02565388913055544,0.01907979374719218,weighted_least_squares,39,sigma
1.778279410038923e-05,0.02547174492581086,0.018897649542447603,weighted_least_squares,39,sigma
2.3713737056616554e-05,0.025230201299120732,0.018656105915757476,weighted_least_squares,39,sigma
3.1622776601683795e-05,0.024910497932882077,0.01833640254951882,weighted_least_squares,39,sigma
4.216965034285822e-05,0.024488435719235688,0.017914340335872428,weighted_least_squares,39,sigma
5.623413251903491e-05,0.023933200121505033,0.017359104738141777,weighted_least_squares,39,sigma
7.498942093324559e-05,0.02320628891237394,0.01663219352901068,weighted_least_squares,39,sigma
0.0001,0.02226096659878404,0.015686871215420783,weighted_least_squares,39,sigma
0.0001333521432163324,0.021043111333975795,0.014469015950612537,weighted_least_squares,39,sigma
0.00017782794100389227,0.019495147846315293,0.012921052462952035,weighted_least_squares,39,sigma
0.00023713737056616554,0.017566283860066704,0.010992188476703446,weighted_least_squares,39,sigma
0.00031622776601683794,0.015235044311468628,0.00866094892810537,weighted_least_squares,39,sigma
0.00042169650342858224,0.012555110241127678,0.00598101485776442,weighted_least_squares,39,sigma
0.0005623413251903491,0.009744422944624805,0.0031703275612615465,weighted_least_squares,39,sigma
0.0007498942093324559,0.007353269274021441,0.0007791738906581828,weighted_least_squares,39,sigma
0.001,0.006574095383363258,0.0,weighted_least_squares,39,sigma
0.001333521432163324,0.009800029277334431,0.0032259338939711734,weighted_least_squares,39,sigma
0.0017782794100389228,0.021604706174086483,0.015030610790723225,weighted_least_squares,39,sigma
0.0023713737056616554,0.050391906837403126,0.043817811454039866,weighted_least_squares,39,sigma
0.0031622776601683794,0.11098202112737528,0.10440792574401202,weighted_least_squares,39,sigma
0.004216965034285823,0.22814285360151962,0.22156875821815636,weighted_least_squares,39,sigma
0.005623413251903491,0.4400281291362878,0.4334540337529246,weighted_least_squares,39,sigma
0.007498942093324558,0.7979984050076628,0.7914243096242995,weighted_least_squares,39,sigma
0.01,1.3560484306459168,1.3494743352625536,weighted_least_squares,39,sigma
0.01333521432163324,2.144981586005881,2.138407490622518,weighted_least_squares,39,sigma
0.01778279410038923,3.14321713320685,3.136643037823487,weighted_least_squares,39,sigma
0.023713737056616554,4.274921593519531,4.268347498136168,weighted_least_squares,39,sigma
0.03162277660168379,5.444222763691048,5.437648668307685,weighted_least_squares,39,sigma
0.042169650342858224,6.5700329484444495,6.5634588530610865,weighted_least_squares,39,sigma
0.05623413251903491,7.595646290880134,7.589072195496771,weighted_least_squares,39,sigma
0.07498942093324558,8.486379033912387,8.479804938529023,weighted_least_squares,39,sigma
0.1,9.231697874727216,9.225123779343852,weighted_least_squares,39,sigma
1e-06,0.09519263680241649,0.08572618141808473,weighted_least_squares,40,sigma
1.333521432163324e-06,0.09513820836175584,0.08567175297742408,weighted_least_squares,40,sigma
1.778279410038923e-06,0.09506565309008515,0.08559919770575339,weighted_least_squares,40,sigma
2.3713737056616552e-06,0.09496894638311726,0.0855024909987855,weighted_least_squares,40,sigma
3.162277660168379e-06,0.09484007016210877,0.08537361477777701,weighted_least_squares,40,sigma
4.216965034285822e-06,0.09466836076539066,0.0852019053810589,weighted_least_squares,40,sigma
5.623413251903491e-06,0.09443964871954574,0.08497319333521398,weighted_least_squares,40,sigma
7.498942093324558e-06,0.0941351298827414,0.08466867449840965,weighted_least_squares,40,sigma
1e-05,0.09372988952662968,0.08426343414229792,weighted_least_squares,40,sigma
1.333521432163324e-05,0.09319099050177294,0.08372453511744118,weighted_least_squares,40,sigma
1.778279410038923e-05,0.0924750206077134,0.08300856522338164,weighted_least_squares,40,sigma
2.3713737056616554e-05,0.09152499686799614,0.08205854148366439,weighted_least_squares,40,sigma
3.1622776601683795e-05,0.0902665464813436,0.08080009109701185,weighted_least_squares,40,sigma
4.216965034285822e-05,0.08860336561011962,0.07913691022578787,weighted_least_squares,40,sigma
5.623413251903491e-05,0.08641214554296367,0.07694569015863191,weighted_least_squares,40,sigma
7.498942093324559e-05,0.08353755467169541,0.07407109928736365,weighted_least_squares,40,sigma
0.0001,0.07978866200876782,0.07032220662443606,weighted_least_squares,40,sigma
0.0001333521432163324,0.07493971920495418,0.06547326382062242,weighted_least_squares,40,sigma
0.00017782794100389227,0.06874109945830309,0.05927464407397134,weighted_least_squares,40,sigma
0.00023713737056616554,0.06095152467782787,0.05148506929349612,weighted_least_squares,40,sigma
0.00031622776601683794,0.05141246099475187,0.04194600561042012,weighted_least_squares,40,sigma
0.00042169650342858224,0.04020316885150284,0.030736713467171085,weighted_least_squares,40,sigma
0.0005623413251903491,0.027946212207172708,0.018479756822840955,weighted_least_squares,40,sigma
0.0007498942093324559,0.016387630181613596,0.006921174797281842,weighted_least_squares,40,sigma
0.001,0.009466455384331754,0.0,weighted_least_squares,40,sigma
0.001333521432163324,0.015225999107063638,0.005759543722731884,weighted_least_squares,40,sigma
0.0017782794100389228,0.04908786432662609,0.03962140894229434,weighted_least_squares,40,sigma
0.0023713737056616554,0.1390801245872724,0.12961366920294065,weighted_least_squares,40,sigma
0.0031622776601683794,0.3331273538905256,0.32366089850619384,weighted_least_squares,40,sigma
0.004216965034285823,0.70633476422116,0.6968683088368283,weighted_least_squares,40,sigma
0.005623413251903491,1.3606182320369717,1.35115177665264,weighted_least_squares,40,sigma
0.007498942093324558,2.400947434963455,2.391480979579123,weighted_least_squares,40,sigma
0.01,3.8752289525651378,3.865762497180806,weighted_least_squares,40,sigma
0.01333521432163324,5.704532467288906,5.695066011904574,weighted_least_squares,40,sigma
0.01778279410038923,7.683944971908106,7.6744785165237746,weighted_least_squares,40,sigma
0.023713737056616554,9.58850105403923,9.5790345986549,weighted_least_squares,40,sigma
0.03162277660168379,11.289482216945425,11.280015761561094,weighted_least_squares,40,sigma
0.042169650342858224,12.784112433871782,12.77464597848745,weighted_least_squares,40,sigma
0.05623413251903491,14.148916039746139,14.139449584361808,weighted_least_squares,40,sigma
0.07498942093324558,15.46377531994718,15.454308864562849,weighted_least_squares,40,sigma
0.1,16.741083216335735,16.731616760951404,weighted_least_squares,40,sigma
1e-06,0.014030178649814708,0.009787079578130313,weighted_least_squares,41,sigma
1.333521432163324e-06,0.01402376749573649,0.009780668424052095,weighted_least_squares,41,sigma
1.778279410038923e-06,0.014015221368867107,0.009772122297182712,weighted_least_squares,41,sigma
2.3713737056616552e-06,0.014003830747037526,0.009760731675353131,weighted_least_squares,41,sigma
3.162277660168379e-06,0.013988651405125863,0.009745552333441468,weighted_least_squares,41,sigma
4.216965034285822e-06,0.013968427777483996,0.009725328705799601,weighted_least_squares,41,sigma
5.623413251903491e-06,0.013941491775093994,0.0096983927034096,weighted_least_squares,41,sigma
7.498942093324558e-06,0.013905630046104442,0.009662530974420047,weighted_least_squares,41,sigma
1e-05,0.013857910844697634,0.00961481177301324,weighted_least_squares,41,sigma
1.333521432163324e-05,0.013794459742572214,0.00955136067088782,weighted_least_squares,41,sigma
1.778279410038923e-05,0.013710172629517528,0.009467073557833133,weighted_least_squares,41,sigma
2.3713737056616554e-05,0.013598354223578975,0.00935525515189458,weighted_least_squares,41,sigma
3.1622776601683795e-05,0.013450273912131591,0.009207174840447196,weighted_least_squares,41,sigma
4.216965034285822e-05,0.013254640848317487,0.009011541776633093,weighted_least_squares,41,sigma
5.623413251903491e-05,0.012997023799925674,0.00875392472824128,weighted_least_squares,41,sigma
7.498942093324559e-05,0.012659290713350832,0.008416191641666437,weighted_least_squares,41,sigma
0.0001,0.012219240616032577,0.007976141544348182,weighted_least_squares,41,sigma
0.0001333521432163324,0.011650787508869831,0.007407688437185436,weighted_least_squares,41,sigma
0.00017782794100389227,0.01092540605661889,0.006682306984934496,weighted_least_squares,41,sigma
0.00023713737056616554,0.010016194960499632,0.005773095888815237,weighted_least_squares,41,sigma
0.00031622776601683794,0.008907093084359925,0.00466399401267553,weighted_least_squares,41,sigma
0.00042169650342858224,0.00761191665257405,0.0033688175808896555,weighted_least_squares,41,sigma
0.0005623413251903491,0.0062117125546941425,0.001968613483009748,weighted_least_squares,41,sigma
0.0007498942093324559,0.004925717689883346,0.0006826186181989515,weighted_least_squares,41,sigma
0.001,0.004243099071684395,0.0,weighted_least_squares,41,sigma
0.001333521432163324,0.005162909234282219,0.0009198101625978242,weighted_least_squares,41,sigma
0.0017782794100389228,0.009622602317624806,0.005379503245940411,weighted_least_squares,41,sigma
0.0023713737056616554,0.021243820069936685,0.01700072099825229,weighted_least_squares,41,sigma
0.0031622776601683794,0.046579151168467746,0.04233605209678335,weighted_least_squares,41,sigma
0.004216965034285823,0.09705400256686013,0.09281090349517573,weighted_least_squares,41,sigma
0.005623413251903491,0.19159994416653392,0.1873568450948495,weighted_least_squares,41,sigma
0.007498942093324558,0.35920690335280203,0.3549638042811176,weighted_least_squares,41,sigma
0.01,0.6388684262189253,0.6346253271472408,weighted_least_squares,41,sigma
0.01333521432163324,1.0722824897577898,1.0680393906861054,weighted_least_squares,41,sigma
0.01778279410038923,1.6858478363712266,1.6816047372995422,weighted_least_squares,41,sigma
0.023713737056616554,2.467604521601575,2.4633614225298905,weighted_least_squares,41,sigma
0.03162277660168379,3.356251724586807,3.3520086255151225,weighted_least_squares,41,sigma
0.042169650342858224,4.256440621606994,4.25219752253531,weighted_least_squares,41,sigma
0.05623413251903491,5.076042006604789,5.071798907533105,weighted_least_squares,41,sigma
0.07498942093324558,5.763564092009497,5.759320992937813,weighted_least_squares,41,sigma
0.1,6.318346838000396,6.314103738928712,weighted_least_squares,41,sigma
1e-06,0.029862341569852156,0.026875110666657244,weighted_least_squares,42,sigma
1.333521432163324e-06,0.02984555781472831,0.0268583269115334,weighted_least_squares,42,sigma
1.778279410038923e-06,0.029823184471962756,0.026835953568767845,weighted_least_squares,42,sigma
2.3713737056616552e-06,0.029793363400898505,0.026806132497703593,weighted_least_squares,42,sigma
3.162277660168379e-06,0.029753621836126797,0.026766390932931886,weighted_least_squares,42,sigma
4.216965034285822e-06,0.029700670915041857,0.026713440011846945,weighted_least_squares,42,sigma
5.623413251903491e-06,0.029630140266269093,0.02664290936307418,weighted_least_squares,42,sigma
7.498942093324558e-06,0.029536229398847504,0.026548998495652593,weighted_least_squares,42,sigma
1e-05,0.029411251995961087,0.026424021092766176,weighted_least_squares,42,sigma
1.333521432163324e-05,0.02924504502789656,0.02625781412470165,weighted_least_squares,42,sigma
1.778279410038923e-05,0.029024210289011962,0.02603697938581705,weighted_least_squares,42,sigma
2.3713737056616554e-05,0.028731155704428163,0.02574392480123325,weighted_least_squares,42,sigma
3.1622776601683795e-05,0.028342910551859692,0.02535567964866478,weighted_least_squares,42,sigma
4.216965034285822e-05,0.02782971248313747,0.02484248157994256,weighted_least_squares,42,sigma
5.623413251903491e-05,0.027153420317838156,0.024166189414643244,weighted_least_squares,42,sigma
7.498942093324559e-05,0.026265926685534718,0.023278695782339806,weighted_least_squares,42,sigma
0.0001,0.02510798413944424,0.02212075323624933,weighted_least_squares,42,sigma
0.0001333521432163324,0.023609320423967576,0.020622089520772664,weighted_least_squares,42,sigma
0.00017782794100389227,0.021691788674279105,0.018704557771084193,weighted_least_squares,42,sigma
0.00023713737056616554,0.019278910241282848,0.016291679338087936,weighted_least_squares,42,sigma
0.00031622776601683794,0.016318115695762837,0.013330884792567927,weighted_least_squares,42,sigma
0.00042169650342858224,0.012827312143934235,0.009840081240739325,weighted_least_squares,42,sigma
0.0005623413251903491,0.008986861111829217,0.005999630208634307,weighted_least_squares,42,sigma
0.0007498942093324559,0.005314426597856624,0.002327195694661714,weighted_least_squares,42,sigma
0.001,0.0029872309031949104,0.0,weighted_least_squares,42,sigma
0.001333521432163324,0.004417086759644557,0.0014298558564496467,weighted_least_squares,42,sigma
0.0017782794100389228,0.01423302434893947,0.01124579344574456,weighted_least_squares,42,sigma
0.0023713737056616554,0.04084815552831166,0.037860924625116754,weighted_least_squares,42,sigma
0.0031622776601683794,0.0986575949685489,0.09567036406535398,weighted_least_squares,42,sigma
0.004216965034285823,0.21032104328176424,0.20733381237856932,weighted_least_squares,42,sigma
0.005623413251903491,0.40702046668456426,0.40403323578136935,weighted_least_squares,42,sigma
0.007498942093324558,0.7221274713888124,0.7191402404856175,weighted_least_squares,42,sigma
0.01,1.1738076160436537,1.1708203851404588,weighted_least_squares,42,sigma
0.01333521432163324,1.7430794642896632,1.7400922333864683,weighted_least_squares,42,sigma
0.01778279410038923,2.372568945046361,2.369581714143166,weighted_least_squares,42,sigma
0.023713737056616554,3.001239107247365,2.9982518763441703,weighted_least_squares,42,sigma
0.03162277660168379,3.6045312213885357,3.601543990485341,weighted_least_squares,42,sigma
0.042169650342858224,4.201517225630046,4.198529994726851,weighted_least_squares,42,sigma
0.05623413251903491,4.831310208400231,4.828322977497035,weighted_least_squares,42,sigma
0.07498942093324558,5.518745686120318,5.515758455217123,weighted_least_squares,42,sigma
0.1,6.246781647638317,6.243794416735121,weighted_least_squares,42,sigma
1e-06,0.006070612628628291,0.004798904607737709,weighted_least_squares,43,sigma
1.333521432163324e-06,0.006067291364265731,0.004795583343375149,weighted_least_squares,43,sigma
1.778279410038923e-06,0.006062864157399882,0.004791156136509299,weighted_least_squares,43,sigma
2.3713737056616552e-06,0.006056963566869936,0.004785255545979353,weighted_least_squares,43,sigma
3.162277660168379e-06,0.006049100639203322,0.00477739261831274,weighted_least_squares,43,sigma
4.216965034285822e-06,0.006038625285982522,0.00476691726509194,weighted_least_squares,43,sigma
5.623413251903491e-06,0.0060246740192031805,0.004752965998312598,weighted_least_squares,43,sigma
7.498942093324558e-06,0.006006101422765282,0.004734393401874699,weighted_least_squares,43,sigma
1e-05,0.005981390875956839,0.004709682855066256,weighted_least_squares,43,sigma
1.333521432163324e-05,0.005948539144006212,0.00467683112311563,weighted_least_squares,43,sigma
1.778279410038923e-05,0.005904909044552043,0.004633201023661461,weighted_least_squares,43,sigma
2.3713737056616554e-05,0.005847044618195197,0.004575336597304615,weighted_least_squares,43,sigma
3.1622776601683795e-05,0.005770445357172907,0.004498737336282324,weighted_least_squares,43,sigma
4.216965034285822e-05,0.0056693019852771896,0.004397593964386607,weighted_least_squares,43,sigma
5.623413251903491e-05,0.005536209649925947,0.004264501629035364,weighted_least_squares,43,sigma
7.498942093324559e-05,0.005361902044773763,0.00409019402388318,weighted_least_squares,43,sigma
0.0001,0.005135104295658304,0.0038633962747677214,weighted_least_squares,43,sigma
0.0001333521432163324,0.004842705865234709,0.003570997844344126,weighted_least_squares,43,sigma
0.00017782794100389227,0.004470647831263608,0.0031989398103730252,weighted_least_squares,43,sigma
0.00023713737056616554,0.004006274384352333,0.00273456636346175,weighted_least_squares,43,sigma
0.00031622776601683794,0.003443546080973924,0.0021718380600833417,weighted_least_squares,43,sigma
0.00042169650342858224,0.002793682106166021,0.0015219740852754383,weighted_least_squares,43,sigma
0.0005623413251903491,0.002105892400424899,0.0008341843795343163,weighted_least_squares,43,sigma
0.0007498942093324559,0.0015065646181814229,0.00023485659729084035,weighted_least_squares,43,sigma
0.001,0.0012717080208905825,0.0,weighted_least_squares,43,sigma
0.001333521432163324,0.0019582995193198455,0.000686591498429263,weighted_least_squares,43,sigma
0.0017782794100389228,0.00463740283790025,0.003365694817009667,weighted_least_squares,43,sigma
0.0023713737056616554,0.011296199010827422,0.01002449098993684,weighted_least_squares,43,sigma
0.0031622776601683794,0.025501312026437413,0.02422960400554683,weighted_least_squares,43,sigma
0.004216965034285823,0.05341649384920332,0.05214478582831274,weighted_least_squares,43,sigma
0.005623413251903491,0.10517966869735365,0.10390796067646307,weighted_least_squares,43,sigma
0.007498942093324558,0.19636265963118024,0.19509095161028966,weighted_least_squares,43,sigma
0.01,0.34870577011068404,0.34743406208979344,weighted_least_squares,43,sigma
0.01333521432163324,0.5887683074764549,0.5874965994555643,weighted_least_squares,43,sigma
0.01778279410038923,0.9429868840254491,0.9417151760045585,weighted_least_squares,43,sigma
0.023713737056616554,1.4278463878010474,1.4265746797801568,weighted_least_squares,43,sigma
0.03162277660168379,2.0360190051752185,2.034747297154328,weighted_least_squares,43,sigma
0.042169650342858224,2.726886611201487,2.7256149031805967,weighted_least_squares,43,sigma
0.05623413251903491,3.435020904701955,3.4337491966810645,weighted_least_squares,43,sigma
0.07498942093324558,4.096718411925469,4.095446703904578,weighted_least_squares,43,sigma
0.1,4.673418777856515,4.672147069835624,weighted_least_squares,43,sigma
1e-06,0.009751720283415232,0.0045630686519632915,weighted_least_squares,44,sigma
1.333521432163324e-06,0.009748834089212089,0.004560182457760148,weighted_least_squares,44,sigma
1.778279410038923e-06,0.009744986714098684,0.004556335082646743,weighted_least_squares,44,sigma
2.3713737056616552e-06,0.009739858648009862,0.004551207016557921,weighted_least_squares,44,sigma
3.162277660168379e-06,0.009733024740517026,0.004544373109065085,weighted_least_squares,44,sigma
4.216965034285822e-06,0.009723919520561624,0.004535267889109683,weighted_least_squares,44,sigma
5.623413251903491e-06,0.009711791646614454,0.004523140015162513,weighted_least_squares,44,sigma
7.498942093324558e-06,0.009695644006671996,0.004506992375220055,weighted_least_squares,44,sigma
1e-05,0.009674155475656398,0.004485503844204457,weighted_least_squares,44,sigma
1.333521432163324e-05,0.009645579544020191,0.00445692791256825,weighted_least_squares,44,sigma
1.778279410038923e-05,0.009607614279010003,0.004418962647558062,weighted_least_squares,44,sigma
2.3713737056616554e-05,0.009557238159379951,0.00436858652792801,weighted_least_squares,44,sigma
3.1622776601683795e-05,0.009490507569595753,0.004301855938143812,weighted_least_squares,44,sigma
4.216965034285822e-05,0.00940231594014558,0.00421366430869364,weighted_least_squares,44,sigma
5.623413251903491e-05,0.009286124479445924,0.004097472847993983,weighted_least_squares,44,sigma
7.498942093324559e-05,0.009133695480302967,0.003945043848851026,weighted_least_squares,44,sigma
0.0001,0.008934901021385848,0.0037462493899339073,weighted_least_squares,44,sigma
0.0001333521432163324,0.00867776031378347,0.0034891086823315284,weighted_least_squares,44,sigma
0.00017782794100389227,0.008349009889941745,0.0031603582584898036,weighted_least_squares,44,sigma
0.00023713737056616554,0.007935790003297563,0.0027471383718456225,weighted_least_squares,44,sigma
0.00031622776601683794,0.007429541081215569,0.0022408894497636276,weighted_least_squares,44,sigma
0.00042169650342858224,0.006834129593419904,0.001645477961967963,weighted_least_squares,44,sigma
0.0005623413251903491,0.006181887578065248,0.0009932359466133071,weighted_least_squares,44,sigma
0.0007498942093324559,0.005564218705360384,0.000375567073908443,weighted_least_squares,44,sigma
0.001,0.005188651631451941,0.0,weighted_least_squares,44,sigma
0.001333521432163324,0.005483239568382024,0.0002945879369300828,weighted_least_squares,44,sigma
0.0017782794100389228,0.007284181801792518,0.0020955301703405767,weighted_least_squares,44,sigma
0.0023713737056616554,0.012165590407797395,0.006976938776345454,weighted_least_squares,44,sigma
0.0031622776601683794,0.023000033100380526,0.017811381468928585,weighted_least_squares,44,sigma
0.004216965034285823,0.04485846659053579,0.039669814959083845,weighted_least_squares,44,sigma
0.005623413251903491,0.08630842415087893,0.081119772519427,weighted_least_squares,44,sigma
0.007498942093324558,0.160900236647726,0.15571158501627408,weighted_least_squares,44,sigma
0.01,0.2879122823783076,0.2827236307468557,weighted_least_squares,44,sigma
0.01333521432163324,0.49028552665164604,0.4850968750201941,weighted_least_squares,44,sigma
0.01778279410038923,0.7874649979682747,0.7822763463368227,weighted_least_squares,44,sigma
0.023713737056616554,1.184729519113814,1.1795408674823622,weighted_least_squares,44,sigma
0.03162277660168379,1.6672505056834015,1.6620618540519496,weighted_least_squares,44,sigma
0.042169650342858224,2.203978966558032,2.19879031492658,weighted_least_squares,44,sigma
0.05623413251903491,2.7546537384564918,2.74946508682504,weighted_least_squares,44,sigma
0.07498942093324558,3.2768479415401037,3.271659289908652,weighted_least_squares,44,sigma
0.1,3.737098572129933,3.731909920498481,weighted_least_squares,44,sigma
1e-06,0.01869351591948165,0.011612504595753503,weighted_least_squares,45,sigma
1.333521432163324e-06,0.0186854740063662,0.011604462682638051,weighted_least_squares,45,sigma
1.778279410038923e-06,0.01867475438395396,0.011593743060225812,weighted_least_squares,45,sigma
2.3713737056616552e-06,0.01866046713971506,0.01157945581598691,weighted_least_squares,45,sigma
3.162277660168379e-06,0.018641428534118865,0.011560417210390717,weighted_least_squares,45,sigma
4.216965034285822e-06,0.01861606439806899,0.01153505307434084,weighted_least_squares,45,sigma
5.623413251903491e-06,0.01858228398756634,0.011501272663838191,weighted_least_squares,45,sigma
7.498942093324558e-06,0.018537313905141618,0.01145630258141347,weighted_least_squares,45,sigma
1e-05,0.0184774819036402,0.011396470579912053,weighted_least_squares,45,sigma
1.333521432163324e-05,0.01839793761651834,0.011316926292790191,weighted_least_squares,45,sigma
1.778279410038923e-05,0.018292295641148783,0.011211284317420635,weighted_least_squares,45,sigma
2.3713737056616554e-05,0.01815218820369261,0.011071176879964463,weighted_least_squares,45,sigma
3.1622776601683795e-05,0.017966718610556483,0.010885707286828335,weighted_least_squares,45,sigma
4.216965034285822e-05,0.017721821811071393,0.010640810487343244,weighted_least_squares,45,sigma
5.623413251903491e-05,0.017399570708095932,0.010318559384367784,weighted_least_squares,45,sigma
7.498942093324559e-05,0.01697753413240665,0.009896522808678502,weighted_least_squares,45,sigma
0.0001,0.016428424464564863,0.009347413140836714,weighted_least_squares,45,sigma
0.0001333521432163324,0.015720524579869312,0.008639513256141164,weighted_least_squares,45,sigma
0.00017782794100389227,0.014819853343191941,0.007738842019463793,weighted_least_squares,45,sigma
0.00023713737056616554,0.013695891806052862,0.006614880482324713,weighted_least_squares,45,sigma
0.00031622776601683794,0.012334257643354163,0.0052532463196260145,weighted_least_squares,45,sigma
0.00042169650342858224,0.010762514999746113,0.0036815036760179647,weighted_least_squares,45,sigma
0.0005623413251903491,0.00910021863704782,0.002019207313319671,weighted_least_squares,45,sigma
0.0007498942093324559,0.007652640252028259,0.0005716289283001106,weighted_least_squares,45,sigma
0.001,0.007081011323728148,0.0,weighted_least_squares,45,sigma
0.001333521432163324,0.008701134243643263,0.0016201229199151145,weighted_least_squares,45,sigma
0.0017782794100389228,0.014981910557812053,0.007900899234083904,weighted_least_squares,45,sigma
0.0023713737056616554,0.0303137547757481,0.02323274345201995,weighted_least_squares,45,sigma
0.0031622776601683794,0.062036610309203696,0.05495559898547555,weighted_least_squares,45,sigma
0.004216965034285823,0.12146472139286713,0.11438371006913897,weighted_least_squares,45,sigma
0.005623413251903491,0.22419399373077886,0.2171129824070507,weighted_least_squares,45,sigma
0.007498942093324558,0.3886894037983804,0.3816083924746523,weighted_least_squares,45,sigma
0.01,0.6328136846174233,0.6257326732936951,weighted_least_squares,45,sigma
0.01333521432163324,0.9686983422792059,0.9616173309554777,weighted_least_squares,45,sigma
0.01778279410038923,1.3944532042077145,1.3873721928839864,weighted_least_squares,45,sigma
0.023713737056616554,1.8836328516997924,1.8765518403760644,weighted_least_squares,45,sigma
0.03162277660168379,2.3872177056382258,2.3801366943144977,weighted_least_squares,45,sigma
0.042169650342858224,2.858338087836331,2.851257076512603,weighted_least_squares,45,sigma
0.05623413251903491,3.2769494812648032,3.269868469941075,weighted_least_squares,45,sigma
0.07498942093324558,3.648722495402737,3.641641484079009,weighted_least_squares,45,sigma
0.1,3.9853107899149274,3.9782297785911993,weighted_least_squares,45,sigma
1e-06,0.032281779121340434,0.026414005747130966,weighted_least_squares,46,sigma
1.333521432163324e-06,0.03226542421752093,0.026397650843311464,weighted_least_squares,46,sigma
1.778279410038923e-06,0.03224362259839223,0.026375849224182762,weighted_least_squares,46,sigma
2.3713737056616552e-06,0.032214563411666466,0.026346790037456998,weighted_least_squares,46,sigma
3.162277660168379e-06,0.032175836866993886,0.026308063492784417,weighted_least_squares,46,sigma
4.216965034285822e-06,0.03212423788536632,0.026256464511156853,weighted_least_squares,46,sigma
5.623413251903491e-06,0.03205550716076274,0.02618773378655327,weighted_least_squares,46,sigma
7.498942093324558e-06,0.03196399127955578,0.02609621790534631,weighted_least_squares,46,sigma
1e-05,0.031842198366952436,0.025974424992742967,weighted_least_squares,46,sigma
1.333521432163324e-05,0.03168022155289718,0.025812448178687712,weighted_least_squares,46,sigma
1.778279410038923e-05,0.031464998540530385,0.025597225166320917,weighted_least_squares,46,sigma
2.3713737056616554e-05,0.031179375342556534,0.025311601968347065,weighted_least_squares,46,sigma
3.1622776601683795e-05,0.030800947739142534,0.024933174364933065,weighted_least_squares,46,sigma
4.216965034285822e-05,0.030300677576394375,0.024432904202184906,weighted_least_squares,46,sigma
5.623413251903491e-05,0.02964133392768123,0.02377356055347176,weighted_least_squares,46,sigma
7.498942093324559e-05,0.028775925008547924,0.022908151634338455,weighted_least_squares,46,sigma
0.0001,0.02764651710772727,0.021778743733517802,weighted_least_squares,46,sigma
0.0001333521432163324,0.026184282454587236,0.020316509080377767,weighted_least_squares,46,sigma
0.00017782794100389227,0.024312457369185483,0.018444683994976015,weighted_least_squares,46,sigma
0.00023713737056616554,0.021955448856009127,0.01608767548179966,weighted_least_squares,46,sigma
0.00031622776601683794,0.0190601736930976,0.013192400318888131,weighted_least_squares,46,sigma
0.00042169650342858224,0.015640845897903648,0.009773072523694179,weighted_least_squares,46,sigma
0.0005623413251903491,0.011867509203045159,0.005999735828835691,weighted_least_squares,46,sigma
0.0007498942093324559,0.00823419119207079,0.002366417817861322,weighted_least_squares,46,sigma
0.001,0.005867773374209468,0.0,weighted_least_squares,46,sigma
0.001333521432163324,0.007074695348276216,0.001206921974066748,weighted_least_squares,46,sigma
0.0017782794100389228,0.01625882707876443,0.01039105370455496,weighted_least_squares,46,sigma
0.0023713737056616554,0.04132992683198499,0.03546215345777552,weighted_least_squares,46,sigma
0.0031622776601683794,0.09551095423365089,0.08964318085944142,weighted_least_squares,46,sigma
0.004216965034285823,0.19875540895591737,0.1928876355817079,weighted_least_squares,46,sigma
0.005623413251903491,0.3766162363480242,0.37074846297381475,weighted_least_squares,46,sigma
0.007498942093324558,0.6534755345449613,0.6476077611707518,weighted_least_squares,46,sigma
0.01,1.040322359463597,1.0344545860893877,weighted_least_squares,46,sigma
0.01333521432163324,1.5257476434237491,1.5198798700495397,weighted_least_squares,46,sigma
0.01778279410038923,2.0798629462928098,2.0739951729186004,weighted_least_squares,46,sigma
0.023713737056616554,2.6677006707431166,2.661832897368907,weighted_least_squares,46,sigma
0.03162277660168379,3.263107743091177,3.2572399697169674,weighted_least_squares,46,sigma
0.042169650342858224,3.8566116282880194,3.85074385491381,weighted_least_squares,46,sigma
0.05623413251903491,4.4483311942200885,4.442463420845879,weighted_least_squares,46,sigma
0.07498942093324558,5.028250265268066,5.022382491893857,weighted_least_squares,46,sigma
0.1,5.56389588173216,5.55802810835795,weighted_least_squares,46,sigma
1e-06,0.0177100388076858,0.013918524049022041,weighted_least_squares,47,sigma
1.333521432163324e-06,0.017701069022722154,0.013909554264058394,weighted_least_squares,47,sigma
1.778279410038923e-06,0.017689112101107435,0.013897597342443675,weighted_least_squares,47,sigma
2.3713737056616552e-06,0.017673175297932386,0.013881660539268627,weighted_least_squares,47,sigma
3.162277660168379e-06,0.017651937454553825,0.013860422695890065,weighted_least_squares,47,sigma
4.216965034285822e-06,0.017623641629580633,0.013832126870916873,weighted_least_squares,47,sigma
5.623413251903491e-06,0.017585953525330763,0.013794438766667003,weighted_least_squares,47,sigma
7.498942093324558e-06,0.017535775618577637,0.013744260859913877,weighted_least_squares,47,sigma
1e-05,0.01746900455947167,0.01367748980080791,weighted_least_squares,47,sigma
1.333521432163324e-05,0.017380216894823712,0.013588702136159952,weighted_least_squares,47,sigma
1.778279410038923e-05,0.01726226652009636,0.0134707517614326,weighted_least_squares,47,sigma
2.3713737056616554e-05,0.01710577722479614,0.01331426246613238,weighted_least_squares,47,sigma
3.1622776601683795e-05,0.016898518230497185,0.013107003471833426,weighted_least_squares,47,sigma
4.216965034285822e-05,0.016624664364172596,0.012833149605508836,weighted_least_squares,47,sigma
5.623413251903491e-05,0.016263974755711192,0.012472459997047432,weighted_least_squares,47,sigma
7.498942093324559e-05,0.015790991592875878,0.011999476834212118,weighted_least_squares,47,sigma
0.0001,0.015174494574650397,0.011382979815986637,weighted_least_squares,47,sigma
0.0001333521432163324,0.014377703425145731,0.010586188666481972,weighted_least_squares,47,sigma
0.00017782794100389227,0.013360201311201457,0.009568686552537698,weighted_least_squares,47,sigma
0.00023713737056616554,0.012083436486122732,0.008291921727458972,weighted_least_squares,47,sigma
0.00031622776601683794,0.010523265885290605,0.0067317511266268455,weighted_least_squares,47,sigma
0.00042169650342858224,0.008695882907668076,0.004904368149004317,weighted_least_squares,47,sigma
0.0005623413251903491,0.006708543246590985,0.0029170284879272254,weighted_least_squares,47,sigma
0.0007498942093324559,0.004855209646533455,0.0010636948878696962,weighted_least_squares,47,sigma
0.001,0.003791514758663759,0.0,weighted_least_squares,47,sigma
0.001333521432163324,0.004844805249537238,0.0010532904908734787,weighted_least_squares,47,sigma
0.0017782794100389228,0.010540622200541402,0.006749107441877643,weighted_least_squares,47,sigma
0.0023713737056616554,0.025437352740067296,0.021645837981403536,weighted_least_squares,47,sigma
0.0031622776601683794,0.057291383364104845,0.053499868605441085,weighted_least_squares,47,sigma
0.004216965034285823,0.11827633569374649,0.11448482093508273,weighted_least_squares,47,sigma
0.005623413251903491,0.2252468665248012,0.22145535176613743,weighted_least_squares,47,sigma
0.007498942093324558,0.3969659035722013,0.39317438881353756,weighted_least_squares,47,sigma
0.01,0.6462118554171611,0.6424203406584973,weighted_least_squares,47,sigma
0.01333521432163324,0.9690448214138565,0.9652533066551927,weighted_least_squares,47,sigma
0.01778279410038923,1.3416791533459145,1.3378876385872507,weighted_least_squares,47,sigma
0.023713737056616554,1.7328993271531927,1.729107812394529,weighted_least_squares,47,sigma
0.03162277660168379,2.1200903497024863,2.1162988349438225,weighted_least_squares,47,sigma
0.042169650342858224,2.491958738191145,2.488167223432481,weighted_least_squares,47,sigma
0.05623413251903491,2.841998946846071,2.8382074320874073,weighted_least_squares,47,sigma
0.07498942093324558,3.164896518095424,3.1611050033367603,weighted_least_squares,47,sigma
0.1,3.4573341726482307,3.453542657889567,weighted_least_squares,47,sigma
1e-06,0.026623112370894625,0.024513324041816137,weighted_least_squares,48,sigma
1.333521432163324e-06,0.02660736855006741,0.024497580220988923,weighted_least_squares,48,sigma
1.778279410038923e-06,0.026586381698419426,0.024476593369340938,weighted_least_squares,48,sigma
2.3713737056616552e-06,0.026558409300186,0.02444862097110751,weighted_least_squares,48,sigma
3.162277660168379e-06,0.026521132271608527,0.02441134394253004,weighted_least_squares,48,sigma
4.216965034285822e-06,0.02647146674515789,0.0243616784160794,weighted_least_squares,48,sigma
5.623413251903491e-06,0.02640531525404372,0.02429552692496523,weighted_least_squares,48,sigma
7.498942093324558e-06,0.026317240489963915,0.024207452160885427,weighted_least_squares,48,sigma
1e-05,0.026200039296155296,0.024090250967076808,weighted_least_squares,48,sigma
1.333521432163324e-05,0.026044190717258553,0.023934402388180065,weighted_least_squares,48,sigma
1.778279410038923e-05,0.02583714884942543,0.023727360520346942,weighted_least_squares,48,sigma
2.3713737056616554e-05,0.025562451084884596,0.023452662755806108,weighted_least_squares,48,sigma
3.1622776601683795e-05,0.02519862021339164,0.02308883188431315,weighted_least_squares,48,sigma
4.216965034285822e-05,0.024717862531477015,0.022608074202398527,weighted_least_squares,48,sigma
5.623413251903491e-05,0.024084620425351713,0.021974832096273225,weighted_least_squares,48,sigma
7.498942093324559e-05,0.023254155672418095,0.021144367343339607,weighted_least_squares,48,sigma
0.0001,0.02217157376703676,0.020061785437958272,weighted_least_squares,48,sigma
0.0001333521432163324,0.020772147965818482,0.018662359636739994,weighted_least_squares,48,sigma
0.00017782794100389227,0.018984641851265666,0.016874853522187178,weighted_least_squares,48,sigma
0.00023713737056616554,0.01674087810611558,0.01463108977703709,weighted_least_squares,48,sigma
0.00031622776601683794,0.013997620937902229,0.01188783260882374,weighted_least_squares,48,sigma
0.00042169650342858224,0.010781912281212964,0.008672123952134476,weighted_least_squares,48,sigma
0.0005623413251903491,0.007280000582084242,0.005170212253005754,weighted_least_squares,48,sigma
0.0007498942093324559,0.004005640265337755,0.0018958519362592668,weighted_least_squares,48,sigma
0.001,0.002109788329078488,0.0,weighted_least_squares,48,sigma
0.001333521432163324,0.003934957100982653,0.001825168771904165,weighted_least_squares,48,sigma
0.0017782794100389228,0.013973638773749748,0.01186385044467126,weighted_least_squares,48,sigma
0.0023713737056616554,0.04044058136556036,0.038330793036481875,weighted_least_squares,48,sigma
0.0031622776601683794,0.09763239987187709,0.0955226115427986,weighted_least_squares,48,sigma
0.004216965034285823,0.20892840180121808,0.2068186134721396,weighted_least_squares,48,sigma
0.005623413251903491,0.409434577533716,0.4073247892046375,weighted_least_squares,48,sigma
0.007498942093324558,0.7462537093029635,0.744143920973885,weighted_least_squares,48,sigma
0.01,1.2758151444567545,1.2737053561276759,weighted_least_squares,48,sigma
0.01333521432163324,2.0653983957694817,2.0632886074404033,weighted_least_squares,48,sigma
0.01778279410038923,3.2121700363507673,3.210060248021689,weighted_least_squares,48,sigma
0.023713737056616554,4.875595777863702,4.873485989534624,weighted_least_squares,48,sigma
0.03162277660168379,7.287433421345068,7.28532363301599,weighted_least_squares,48,sigma
0.042169650342858224,10.696731323704528,10.694621535375449,weighted_least_squares,48,sigma
0.05623413251903491,15.224441711926461,15.222331923597382,weighted_least_squares,48,sigma
0.07498942093324558,20.665645214645284,20.663535426316205,weighted_least_squares,48,sigma
0.1,26.425101441697784,26.422991653368705,weighted_least_squares,48,sigma
1e-06,0.005114973851047164,0.002611078542395299,weighted_least_squares,49,sigma
1.333521432163324e-06,0.00511329385092518,0.0026093985422733145,weighted_least_squares,49,sigma
1.778279410038923e-06,0.005111054362292119,0.002607159053640254,weighted_least_squares,49,sigma
2.3713737056616552e-06,0.0051080694373580125,0.002604174128706147,weighted_least_squares,49,sigma
3.162277660168379e-06,0.005104091623408808,0.0026001963147569427,weighted_least_squares,49,sigma
4.216965034285822e-06,0.005098791822009024,0.002594896513357159,weighted_least_squares,49,sigma
5.623413251903491e-06,0.005091732799182778,0.0025878374905309127,weighted_least_squares,49,sigma
7.498942093324558e-06,0.0050823343174962,0.002578439008844335,weighted_least_squares,49,sigma
1e-05,0.005069827697017913,0.0025659323883660476,weighted_least_squares,49,sigma
1.333521432163324e-05,0.0050531969063993196,0.0025493015977474543,weighted_least_squares,49,sigma
1.778279410038923e-05,0.005031103071459408,0.002527207762807543,weighted_least_squares,49,sigma
2.3713737056616554e-05,0.005001789283857752,0.0024978939752058867,weighted_least_squares,49,sigma
3.1622776601683795e-05,0.004962963385121983,0.0024590680764701176,weighted_least_squares,49,sigma
4.216965034285822e-05,0.004911658926620618,0.002407763617968753,weighted_least_squares,49,sigma
5.623413251903491e-05,0.004844080529197801,0.0023401852205459355,weighted_least_squares,49,sigma
7.498942093324559e-05,0.0047554523959485945,0.0022515570872967293,weighted_least_squares,49,sigma
0.0001,0.004639913718211428,0.0021360184095595624,weighted_least_squares,49,sigma
0.0001333521432163324,0.004490552603720517,0.001986657295068652,weighted_least_squares,49,sigma
0.00017782794100389227,0.004299760093350154,0.0017958647846982884,weighted_least_squares,49,sigma
0.00023713737056616554,0.004060252162162511,0.001556356853510646,weighted_least_squares,49,sigma
0.00031622776601683794,0.0037674121120783496,0.0012635168034264843,weighted_least_squares,49,sigma
0.00042169650342858224,0.003424158863614875,0.0009202635549630097,weighted_least_squares,49,sigma
0.0005623413251903491,0.003050544558117375,0.0005466492494655096,weighted_least_squares,49,sigma
0.0007498942093324559,0.002702072338046969,0.00019817702939510387,weighted_least_squares,49,sigma
0.001,0.0025038953086518653,0.0,weighted_least_squares,49,sigma
0.001333521432163324,0.002713589100717743,0.00020969379206587768,weighted_least_squares,49,sigma
0.0017782794100389228,0.0038345596831168664,0.0013306643744650012,weighted_least_squares,49,sigma
0.0023713737056616554,0.00681712731720004,0.0043132320085481745,weighted_least_squares,49,sigma
0.0031622776601683794,0.013405496265102214,0.010901600956450349,weighted_least_squares,49,sigma
0.004216965034285823,0.026710224098917573,0.024206328790265706,weighted_least_squares,49,sigma
0.005623413251903491,0.052081186915242814,0.04957729160659095,weighted_least_squares,49,sigma
0.007498942093324558,0.09825763913419429,0.09575374382554243,weighted_least_squares,49,sigma
0.01,0.17849158071887244,0.17598768541022058,weighted_least_squares,49,sigma
0.01333521432163324,0.31102584100991176,0.3085219457012599,weighted_least_squares,49,sigma
0.01778279410038923,0.5189208674952304,0.5164169721865784,weighted_least_squares,49,sigma
0.023713737056616554,0.8317912328980378,0.8292873375893859,weighted_least_squares,49,sigma
0.03162277660168379,1.2933335824330565,1.2908296871244047,weighted_least_squares,49,sigma
0.042169650342858224,1.9725793421213187,1.9700754468126669,weighted_least_squares,49,sigma
0.05623413251903491,2.9680197521501617,2.9655158568415096,weighted_least_squares,49,sigma
0.07498942093324558,4.389801572696212,4.38729767738756,weighted_least_squares,49,sigma
0.1,6.303679825414445,6.301175930105793,weighted_least_squares,49,sigma
1e-06,0.012925034631604384,0.011457322750710736,weighted_least_squares,50,sigma
1.333521432163324e-06,0.012917483141924603,0.011449771261030955,weighted_least_squares,50,sigma
1.778279410038923e-06,0.01290741692419246,0.011439705043298812,weighted_least_squares,50,sigma
2.3713737056616552e-06,0.012894000200419533,0.011426288319525885,weighted_least_squares,50,sigma
3.162277660168379e-06,0.01287612086075439,0.011408408979860741,weighted_least_squares,50,sigma
4.216965034285822e-06,0.012852299856429317,0.01138458797553567,weighted_least_squares,50,sigma
5.623413251903491e-06,0.012820572375128757,0.011352860494235109,weighted_least_squares,50,sigma
7.498942093324558e-06,0.012778331198782834,0.011310619317889186,weighted_least_squares,50,sigma
1e-05,0.012722122832265375,0.011254410951371727,weighted_least_squares,50,sigma
1.333521432163324e-05,0.012647383241106026,0.011179671360212378,weighted_least_squares,50,sigma
1.778279410038923e-05,0.012548099626921954,0.011080387746028306,weighted_least_squares,50,sigma
2.3713737056616554e-05,0.012416384444501783,0.010948672563608135,weighted_least_squares,50,sigma
3.1622776601683795e-05,0.012241951994687516,0.010774240113793868,weighted_least_squares,50,sigma
4.216965034285822e-05,0.012011499780141247,0.010543787899247599,weighted_least_squares,50,sigma
5.623413251903491e-05,0.011708025062429244,0.010240313181535596,weighted_least_squares,50,sigma
7.498942093324559e-05,0.011310165500699545,0.009842453619805897,weighted_least_squares,50,sigma
0.0001,0.010791769246501161,0.009324057365607513,weighted_least_squares,50,sigma
0.0001333521432163324,0.010122123274090792,0.008654411393197144,weighted_least_squares,50,sigma
0.00017782794100389227,0.009267688417715504,0.007799976536821856,weighted_least_squares,50,sigma
0.00023713737056616554,0.008196966874113913,0.006729254993220265,weighted_least_squares,50,sigma
0.00031622776601683794,0.00689155016911293,0.005423838288219282,weighted_least_squares,50,sigma
0.00042169650342858224,0.005368968975340017,0.003901257094446369,weighted_least_squares,50,sigma
0.0005623413251903491,0.0037275544617447857,0.0022598425808511378,weighted_least_squares,50,sigma
0.0007498942093324559,0.002231510495395311,0.0007637986145016631,weighted_least_squares,50,sigma
0.001,0.001467711880893648,0.0,weighted_least_squares,50,sigma
0.001333521432163324,0.002626020895518288,0.0011583090146246402,weighted_least_squares,50,sigma
0.0017782794100389228,0.007979631485238592,0.006511919604344944,weighted_least_squares,50,sigma
0.0023713737056616554,0.021651980094167658,0.020184268213274008,weighted_least_squares,50,sigma
0.0031622776601683794,0.05068611112880937,0.049218399247915726,weighted_least_squares,50,sigma
0.004216965034285823,0.10612456832806604,0.10465685644717239,weighted_least_squares,50,sigma
0.005623413251903491,0.2030625360486997,0.20159482416780605,weighted_least_squares,50,sigma
0.007498942093324558,0.3576874421204669,0.3562197302395732,weighted_least_squares,50,sigma
0.01,0.5797966085216053,0.5783288966407116,weighted_least_squares,50,sigma
0.01333521432163324,0.863434804418177,0.8619670925372833,weighted_least_squares,50,sigma
0.01778279410038923,1.1837936873816488,1.1823259755007551,weighted_least_squares,50,sigma
0.023713737056616554,1.5063662525350603,1.5048985406541666,weighted_least_squares,50,sigma
0.03162277660168379,1.8024845458993242,1.8010168340184305,weighted_least_squares,50,sigma
0.042169650342858224,2.0591815953984227,2.057713883517529,weighted_least_squares,50,sigma
0.05623413251903491,2.2784751181550558,2.277007406274162,weighted_least_squares,50,sigma
0.07498942093324558,2.4695843200817778,2.468116608200884,weighted_least_squares,50,sigma
0.1,2.6401965732786086,2.638728861397715,weighted_least_squares,50,sigma
1e-06,0.004311404480919993,0.0016339589151696463,weighted_least_squares,51,sigma
1.333521432163324e-06,0.004310324089315764,0.0016328785235654175,weighted_least_squares,51,sigma
1.778279410038923e-06,0.004308883891578128,0.0016314383258277812,weighted_least_squares,51,sigma
2.3713737056616552e-06,0.004306964347969653,0.0016295187822193066,weighted_least_squares,51,sigma
3.162277660168379e-06,0.004304406349665325,0.0016269607839149783,weighted_least_squares,51,sigma
4.216965034285822e-06,0.004300998321185098,0.0016235527554347515,weighted_least_squares,51,sigma
5.623413251903491e-06,0.004296459179737035,0.0016190136139866886,weighted_least_squares,51,sigma
7.498942093324558e-06,0.004290415987606082,0.0016129704218557353,weighted_least_squares,51,sigma
1e-05,0.004282374780449992,0.0016049292146996458,weighted_least_squares,51,sigma
1.333521432163324e-05,0.004271682813551099,0.0015942372478007522,weighted_least_squares,51,sigma
1.778279410038923e-05,0.0042574802531491806,0.0015800346873988342,weighted_least_squares,51,sigma
2.3713737056616554e-05,0.004238639372839641,0.0015611938070892945,weighted_least_squares,51,sigma
3.1622776601683795e-05,0.004213689904737434,0.0015362443389870875,weighted_least_squares,51,sigma
4.216965034285822e-05,0.0041807309501047905,0.0015032853843544441,weighted_least_squares,51,sigma
5.623413251903491e-05,0.004137333881431481,0.0014598883156811343,weighted_least_squares,51,sigma
7.498942093324559e-05,0.0040804491254203094,0.001403003559669963,weighted_least_squares,51,sigma
0.0001,0.004006346399596669,0.0013289008338463228,weighted_least_squares,51,sigma
0.0001333521432163324,0.00391064992221746,0.0012332043564671135,weighted_least_squares,51,sigma
0.00017782794100389227,0.0037885899362240685,0.0011111443704737221,weighted_least_squares,51,sigma
0.00023713737056616554,0.0036357022983364564,0.00095825673258611,weighted_least_squares,51,sigma
0.00031622776601683794,0.0034494093590485358,0.0007719637932981894,weighted_least_squares,51,sigma
0.00042169650342858224,0.0032322794045370287,0.0005548338387866823,weighted_least_squares,51,sigma
0.0005623413251903491,0.0029984126247366793,0.00032096705898633287,weighted_least_squares,51,sigma
0.0007498942093324559,0.0027855471304274277,0.00010810156467708134,weighted_least_squares,51,sigma
0.001,0.0026774455657503464,0.0,weighted_least_squares,51,sigma
0.001333521432163324,0.0028443482356056886,0.00016690266985534222,weighted_least_squares,51,sigma
0.0017782794100389228,0.0036140940613838277,0.0009366484956334813,weighted_least_squares,51,sigma
0.0023713737056616554,0.005592230962363888,0.002914785396613542,weighted_least_squares,51,sigma
0.0031622776601683794,0.009851630843401961,0.007174185277651615,weighted_least_squares,51,sigma
0.004216965034285823,0.018196608808591978,0.015519163242841631,weighted_least_squares,51,sigma
0.005623413251903491,0.03344247933545868,0.030765033769708332,weighted_least_squares,51,sigma
0.007498942093324558,0.059504031706130625,0.056826586140380275,weighted_least_squares,51,sigma
0.01,0.10090182285468606,0.09822437728893571,weighted_least_squares,51,sigma
0.01333521432163324,0.16135701319221607,0.15867956762646573,weighted_least_squares,51,sigma
0.01778279410038923,0.24182952699259616,0.23915208142684583,weighted_least_squares,51,sigma
0.023713737056616554,0.33922942675130874,0.3365519811855584,weighted_least_squares,51,sigma
0.03162277660168379,0.4468797635649045,0.44420231799915416,weighted_least_squares,51,sigma
0.042169650342858224,0.5570800627074726,0.5544026171417222,weighted_least_squares,51,sigma
0.05623413251903491,0.6653599069835715,0.6626824614178212,weighted_least_squares,51,sigma
0.07498942093324558,0.7733857705536953,0.770708324987945,weighted_least_squares,51,sigma
0.1,0.8867092465707359,0.8840318010049856,weighted_least_squares,51,sigma
1e-06,0.005336082241869586,0.0001811443235417683,weighted_least_squares,52,sigma
1.333521432163324e-06,0.0053358675968059426,0.00018092967847812506,weighted_least_squares,52,sigma
1.778279410038923e-06,0.00533558154645515,0.00018064362812733256,weighted_least_squares,52,sigma
2.3713737056616552e-06,0.005335200458497838,0.0001802625401700203,weighted_least_squares,52,sigma
3.162277660168379e-06,0.005334692886201032,0.00017975496787321459,weighted_least_squares,52,sigma
4.216965034285822e-06,0.005334017143765925,0.0001790792254381078,weighted_least_squares,52,sigma
5.623413251903491e-06,0.005333117996198083,0.0001781800778702658,weighted_least_squares,52,sigma
7.498942093324558e-06,0.005331922477919062,0.0001769845595912447,weighted_least_squares,52,sigma
1e-05,0.005330334474719744,0.00017539655639192686,weighted_least_squares,52,sigma
1.333521432163324e-05,0.005328227946795193,0.00017329002846737558,weighted_least_squares,52,sigma
1.778279410038923e-05,0.005325438599042436,0.00017050068071461887,weighted_least_squares,52,sigma
2.3713737056616554e-05,0.005321754073431565,0.00016681615510374774,weighted_least_squares,52,sigma
3.1622776601683795e-05,0.005316903154318883,0.00016196523599106526,weighted_least_squares,52,sigma
4.216965034285822e-05,0.0053105454612852815,0.00015560754295746403,weighted_least_squares,52,sigma
5.623413251903491e-05,0.005302264959813225,0.00014732704148540717,weighted_least_squares,52,sigma
7.498942093324559e-05,0.005291574229165351,0.00013663631083753354,weighted_least_squares,52,sigma
0.0001,0.00527794314047026,0.00012300522214244228,weighted_least_squares,52,sigma
0.0001333521432163324,0.0052608780268635,0.00010594010853568273,weighted_least_squares,52,sigma
0.00017782794100389227,0.005240100122652174,8.516220432435665e-05,weighted_least_squares,52,sigma
0.00023713737056616554,0.005215913294003753,6.0975375675935244e-05,weighted_least_squares,52,sigma
0.00031622776601683794,0.0051899256077098865,3.4987689382069004e-05,weighted_least_squares,52,sigma
0.00042169650342858224,0.005166423477909677,1.1485559581859463e-05,weighted_least_squares,52,sigma
0.0005623413251903491,0.0051549379183278175,0.0,weighted_least_squares,52,sigma
0.0007498942093324559,0.0051749727870333,2.003486870548292e-05,weighted_least_squares,52,sigma
0.001,0.00526462958055521,0.00010969166222739215,weighted_least_squares,52,sigma
0.001333521432163324,0.005496208283376925,0.00034127036504910755,weighted_least_squares,52,sigma
0.0017782794100389228,0.006004185744331034,0.0008492478260032164,weighted_least_squares,52,sigma
0.0023713737056616554,0.007034843985877304,0.0018799060675494866,weighted_least_squares,52,sigma
0.0031622776601683794,0.009032851469186252,0.0038779135508584346,weighted_least_squares,52,sigma
0.004216965034285823,0.01278824820630739,0.007633310287979572,weighted_least_squares,52,sigma
0.005623413251903491,0.0196746985190925,0.01451976060076468,weighted_least_squares,52,sigma
0.007498942093324558,0.032005679583914634,0.026850741665586816,weighted_least_squares,52,sigma
0.01,0.05349108188809888,0.04833614396977107,weighted_least_squares,52,sigma
0.01333521432163324,0.08963962210410927,0.08448468418578145,weighted_least_squares,52,sigma
0.01778279410038923,0.14766476563819383,0.142509827719866,weighted_least_squares,52,sigma
0.023713737056616554,0.23498015429840785,0.22982521638008002,weighted_least_squares,52,sigma
0.03162277660168379,0.35495074335846594,0.3497958054401381,weighted_least_squares,52,sigma
0.042169650342858224,0.5003246664365415,0.49516972851821367,weighted_least_squares,52,sigma
0.05623413251903491,0.6512866116955902,0.6461316737772624,weighted_least_squares,52,sigma
0.07498942093324558,0.7860256306118121,0.7808706926934843,weighted_least_squares,52,sigma
0.1,0.8948261303375988,0.8896711924192711,weighted_least_squares,52,sigma
1e-06,0.0078002225536351315,0.002368488712521216,weighted_least_squares,53,sigma
1.333521432163324e-06,0.0077988186986703055,0.00236708485755639,weighted_least_squares,53,sigma
1.778279410038923e-06,0.007796947277783005,0.0023652134366690895,weighted_least_squares,53,sigma
2.3713737056616552e-06,0.0077944528114873915,0.0023627189703734758,weighted_least_squares,53,sigma
3.162277660168379e-06,0.007791128418551667,0.002359394577437751,weighted_least_squares,53,sigma
4.216965034285822e-06,0.007786698830218932,0.002354964989105016,weighted_least_squares,53,sigma
5.623413251903491e-06,0.007780798245808367,0.0023490644046944512,weighted_least_squares,53,sigma
7.498942093324558e-06,0.007772941010769222,0.002341207169655306,weighted_least_squares,53,sigma
1e-05,0.007762483324271472,0.0023307494831575565,weighted_least_squares,53,sigma
1.333521432163324e-05,0.007748573551118707,0.0023168397100047913,weighted_least_squares,53,sigma
1.778279410038923e-05,0.007730088182496574,0.002298354341382658,weighted_least_squares,53,sigma
2.3713737056616554e-05,0.007705550673222652,0.0022738168321087366,weighted_least_squares,53,sigma
3.1622776601683795e-05,0.0076730305646556885,0.0022412967235417728,weighted_least_squares,53,sigma
4.216965034285822e-05,0.007630022096880276,0.00219828825576636,weighted_least_squares,53,sigma
5.623413251903491e-05,0.007573305711917133,0.002141571870803217,weighted_least_squares,53,sigma
7.498942093324559e-05,0.0074988049323302915,0.002067071091216376,weighted_least_squares,53,sigma
0.0001,0.007401469460385996,0.00196973561927208,weighted_least_squares,53,sigma
0.0001333521432163324,0.007275250881668746,0.0018435170405548306,weighted_least_squares,53,sigma
0.00017782794100389227,0.007113304407559446,0.0016815705664455305,weighted_least_squares,53,sigma
0.00023713737056616554,0.006908674493731983,0.0014769406526180676,weighted_least_squares,53,sigma
0.00031622776601683794,0.006655950119438028,0.0012242162783241122,weighted_least_squares,53,sigma
0.00042169650342858224,0.006354789190852649,0.0009230553497387335,weighted_least_squares,53,sigma
0.0005623413251903491,0.0060169555545813635,0.0005852217134674478,weighted_least_squares,53,sigma
0.0007498942093324559,0.005679836686983904,0.0002481028458699887,weighted_least_squares,53,sigma
0.001,0.005431733841113916,0.0,weighted_least_squares,53,sigma
0.001333521432163324,0.005458193888051701,2.6460046937785107e-05,weighted_least_squares,53,sigma
0.0017782794100389228,0.0061251557134186195,0.0006934218723047038,weighted_least_squares,53,sigma
0.0023713737056616554,0.008124361032105771,0.0026926271909918555,weighted_least_squares,53,sigma
0.0031622776601683794,0.012717843598373283,0.007286109757259367,weighted_least_squares,53,sigma
0.004216965034285823,0.02212177474371075,0.016690040902596834,weighted_least_squares,53,sigma
0.005623413251903491,0.040033480432718684,0.03460174659160477,weighted_least_squares,53,sigma
0.007498942093324558,0.0721533219847864,0.06672158814367249,weighted_least_squares,53,sigma
0.01,0.12618092978464832,0.1207491959435344,weighted_least_squares,53,sigma
0.01333521432163324,0.21025586525563258,0.20482413141451866,weighted_least_squares,53,sigma
0.01778279410038923,0.3290460193586026,0.3236142855174887,weighted_least_squares,53,sigma
0.023713737056616554,0.4792904415324751,0.4738587076913612,weighted_least_squares,53,sigma
0.03162277660168379,0.6499146699302655,0.6444829360891515,weighted_least_squares,53,sigma
0.042169650342858224,0.8283511121623991,0.8229193783212851,weighted_least_squares,53,sigma
0.05623413251903491,1.0061457334071187,1.0007139995660048,weighted_least_squares,53,sigma
0.07498942093324558,1.1783596184624683,1.1729278846213544,weighted_least_squares,53,sigma
0.1,1.3406308929485682,1.3351991591074543,weighted_least_squares,53,sigma
