node_index,node_id,node_type,pressure_pa,boundary_injection_nl_s,predicted_net_flow_nl_s,kirchhoff_residual_nl_s,x_px,y_px,is_arterial,is_venous,is_boundary,is_internal
0,21,internal,-0.06835684180259705,0.0,-0.00039454852916620434,-0.00039454852916620434,690.75,2507.0,False,False,False,True
1,30,internal,-0.06734953075647354,0.0,-0.0004014394333596937,-0.0004014394333596937,739.0,2553.5,False,False,False,True
2,32,internal,-0.06856846809387207,0.0,-0.00039298747391419426,-0.00039298747391419426,693.25,2494.0,False,False,False,True
3,68,internal,-0.06937944144010544,0.0,-0.0003889122660560558,-0.0003889122660560558,657.5999755859375,2474.5,False,False,False,True
4,87,internal,-0.06905718147754669,0.0,-0.00038888936969670035,-0.00038888936969670035,696.75,2476.0,False,False,False,True
5,90,internal,-0.06975722312927246,0.0,-0.00038187903385764814,-0.00038187903385764814,685.25,2454.0,False,False,False,True
6,100,internal,-0.07084173709154129,0.0,-0.0003764594258935395,-0.0003764594258935395,746.5999755859375,2462.39990234375,False,False,False,True
7,106,internal,-0.06590742617845535,0.0,-0.00040933182166441324,-0.00040933182166441324,800.0,2615.25,False,False,False,True
8,113,internal,-0.06712106615304947,0.0,-0.0004028947683119746,-0.0004028947683119746,760.0999755859375,2559.300048828125,False,False,False,True
9,162,internal,-0.06748541444540024,0.0,-0.00040154981234063276,-0.00040154981234063276,771.2000122070312,2530.39990234375,False,False,False,True
10,163,internal,-0.07031439244747162,0.0,-0.00038914062084467965,-0.00038914062084467965,781.4000244140625,2492.0,False,False,False,True
11,178,internal,-0.07097066938877106,0.0,-0.00037446167221766064,-0.00037446167221766064,747.75,2446.5,False,False,False,True
12,206,internal,-0.07285629957914352,0.0,-0.00038293523100331505,-0.00038293523100331505,811.25,2481.0,False,False,False,True
13,207,internal,-0.07315631955862045,0.0,-0.0003819534139383289,-0.0003819534139383289,817.75,2472.25,False,False,False,True
14,238,internal,-0.07036112248897552,0.0,-0.0003731402478803847,-0.0003731402478803847,657.75,2395.0,False,False,False,True
15,246,internal,-0.07010391354560852,0.0,-0.00037772356962775735,-0.00037772356962775735,683.0,2431.5,False,False,False,True
16,282,internal,-0.0704089105129242,0.0,-0.0003717705956046745,-0.0003717705956046745,642.75,2355.75,False,False,False,True
17,304,internal,-0.07065726816654205,0.0,-0.00037235946879147347,-0.00037235946879147347,709.7999877929688,2414.199951171875,False,False,False,True
18,311,internal,-0.07094474881887436,0.0,-0.0003694197615386886,-0.0003694197615386886,734.5,2410.5,False,False,False,True
19,326,internal,-0.0734160915017128,0.0,-0.0003791251709274468,-0.0003791251709274468,814.9000244140625,2442.0,False,False,False,True
20,347,internal,-0.07318402826786041,0.0,-0.00037569569334269175,-0.00037569569334269175,798.0,2427.800048828125,False,False,False,True
21,358,internal,-0.07088995724916458,0.0,-0.0003691168678507064,-0.0003691168678507064,721.5,2403.5,False,False,False,True
22,363,internal,-0.07115083932876587,0.0,-0.00036381571215031536,-0.00036381571215031536,768.2000122070312,2379.199951171875,False,False,False,True
23,371,internal,-0.07056678086519241,0.0,-0.0003572976877420751,-0.0003572976877420751,729.0,2344.75,False,False,False,True
24,381,internal,-0.07050967216491699,0.0,-0.00035520829568921517,-0.00035520829568921517,764.5,2352.199951171875,False,False,False,True
25,397,internal,-0.07296224683523178,0.0,-0.00035624514342599324,-0.00035624514342599324,829.5999755859375,2365.199951171875,False,False,False,True
26,409,internal,-0.07270897179841995,0.0,-0.0003645560718857748,-0.0003645560718857748,796.5999755859375,2392.89990234375,False,False,False,True
27,431,internal,-0.058872040361166,0.0,-0.00043882836762400496,-0.00043882836762400496,902.5,2681.75,False,False,False,True
28,435,internal,-0.05945565551519394,0.0,-0.00043686089537599043,-0.00043686089537599043,888.7000122070312,2668.60009765625,False,False,False,True
29,456,internal,-0.06672174483537674,0.0,-0.00042842037087527894,-0.00042842037087527894,877.75,2592.0,False,False,False,True
30,467,internal,-0.06661450862884521,0.0,-0.00041009976291021767,-0.00041009976291021767,825.0,2571.5,False,False,False,True
31,483,internal,-0.07140981405973434,0.0,-0.0004129108270341383,-0.0004129108270341383,870.2000122070312,2535.5,False,False,False,True
32,496,internal,-0.0705324187874794,0.0,-0.0004190106553944513,-0.0004190106553944513,886.7000122070312,2556.300048828125,False,False,False,True
33,497,internal,-0.06759057939052582,0.0,-0.0004275305892339679,-0.0004275305892339679,893.5,2589.75,False,False,False,True
34,512,internal,-0.07517216354608536,0.0,-0.0004167046081955515,-0.0004167046081955515,914.0999755859375,2545.800048828125,False,False,False,True
35,561,internal,-0.05764753744006157,0.0,-0.000446182492960524,-0.000446182492960524,958.75,2668.0,False,False,False,True
36,584,internal,-0.07299516350030899,0.0,-0.0004335863718810237,-0.0004335863718810237,934.25,2595.75,False,False,False,True
37,587,internal,-0.07825649529695511,0.0,-0.0004321071611875421,-0.0004321071611875421,946.7999877929688,2560.5,False,False,False,True
38,616,internal,-0.07372839003801346,0.0,-0.0004353492062629375,-0.0004353492062629375,962.2000122070312,2606.199951171875,False,False,False,True
39,631,internal,-0.07552322000265121,0.0,-0.0004340137529424727,-0.0004340137529424727,977.5,2548.25,False,False,False,True
40,632,internal,-0.07670396566390991,0.0,-0.0004283820161646361,-0.0004283820161646361,972.5999755859375,2520.699951171875,False,False,False,True
41,669,internal,-0.07646705955266953,0.0,-0.0003877393901219046,-0.0003877393901219046,884.0,2467.5,False,False,False,True
42,675,internal,-0.0757797509431839,0.0,-0.00039883364237658424,-0.00039883364237658424,891.9000244140625,2497.85009765625,False,False,False,True
43,685,internal,-0.07556314766407013,0.0,-0.0003699962733384136,-0.0003699962733384136,867.0,2418.25,False,False,False,True
44,689,internal,-0.07656941562891006,0.0,-0.0003860764791579872,-0.0003860764791579872,885.7999877929688,2453.10009765625,False,False,False,True
45,703,internal,-0.07538003474473953,0.0,-0.00036760674045465,-0.00036760674045465,866.7999877929688,2401.5,False,False,False,True
46,715,internal,-0.07197940349578857,0.0,-0.00035024738253582434,-0.00035024738253582434,836.9000244140625,2348.89990234375,False,False,False,True
47,731,internal,-0.07476460933685303,0.0,-0.00036271748099464096,-0.00036271748099464096,883.0,2375.0,False,False,False,True
48,751,internal,-0.0686938539147377,0.0,-0.00033723883582035,-0.00033723883582035,864.7999877929688,2338.10009765625,False,False,False,True
49,756,internal,-0.075385183095932,0.0,-0.00036729693815419173,-0.00036729693815419173,874.75,2392.75,False,False,False,True
50,769,internal,-0.07821842283010483,0.0,-0.00040022023531123953,-0.00040022023531123953,922.9000244140625,2504.89990234375,False,False,False,True
51,785,internal,-0.07677847892045975,0.0,-0.00038758245079864616,-0.00038758245079864616,932.0,2437.75,False,False,False,True
52,807,internal,-0.07717356830835342,0.0,-0.0003899229351808078,-0.0003899229351808078,939.75,2454.5,False,False,False,True
53,813,internal,-0.07656213641166687,0.0,-0.0003931156405870257,-0.0003931156405870257,967.5,2437.25,False,False,False,True
54,823,internal,-0.07841382920742035,0.0,-0.00040004929347457177,-0.00040004929347457177,930.0,2496.5,False,False,False,True
55,835,internal,-0.07662741839885712,0.0,-0.0003872322026749565,-0.0003872322026749565,932.25,2425.5,False,False,False,True
56,838,internal,-0.06926564872264862,0.0,-0.0003395453859450623,-0.0003395453859450623,901.5,2349.75,False,False,False,True
57,859,internal,-0.07640081644058228,0.0,-0.0003873970035227567,-0.0003873970035227567,944.9000244140625,2411.199951171875,False,False,False,True
58,862,internal,-0.07039984315633774,0.0,-0.0003717328496989625,-0.0003717328496989625,947.2999877929688,2359.0,False,False,False,True
59,865,internal,-0.0709749385714531,0.0,-0.00037026568275519965,-0.00037026568275519965,934.25,2346.75,False,False,False,True
60,876,internal,-0.06928897649049759,0.0,-0.0003702183812590514,-0.0003702183812590514,961.5,2350.60009765625,False,False,False,True
61,970,internal,-0.06696020811796188,0.0,-0.00031108277604649244,-0.00031108277604649244,575.5,2206.5,False,False,False,True
62,975,internal,-0.07076016068458557,0.0,-0.00035809551336904986,-0.00035809551336904986,590.0999755859375,2319.0,False,False,False,True
63,980,internal,-0.07064605504274368,0.0,-0.00036088585165554234,-0.00036088585165554234,610.0,2311.75,False,False,False,True
64,984,internal,-0.07055523246526718,0.0,-0.00036313885341612037,-0.00036313885341612037,627.5,2314.5,False,False,False,True
65,996,internal,-0.06977369636297226,0.0,-0.00033935281829845993,-0.00033935281829845993,620.5999755859375,2272.10009765625,False,False,False,True
66,997,internal,-0.07045530527830124,0.0,-0.00035886935737570547,-0.00035886935737570547,644.0,2299.5,False,False,False,True
67,1002,internal,-0.06920531392097473,0.0,-0.0003381385700987913,-0.0003381385700987913,688.0999755859375,2294.699951171875,False,False,False,True
68,1029,internal,-0.06915285438299179,0.0,-0.0003307991354899512,-0.0003307991354899512,622.5,2240.0,False,False,False,True
69,1064,internal,-0.06873105466365814,0.0,-0.00032248749234612035,-0.00032248749234612035,663.0999755859375,2227.10009765625,False,False,False,True
70,1071,internal,-0.06863531470298767,0.0,-0.000322887715413698,-0.000322887715413698,682.0999755859375,2227.39990234375,False,False,False,True
71,1115,internal,-0.06669372320175171,0.0,-0.00030929077196745756,-0.00030929077196745756,559.0999755859375,2201.5,False,False,False,True
72,1120,internal,-0.06468424946069717,0.0,-0.00029998460626443177,-0.00029998460626443177,563.75,2141.75,False,False,False,True
73,1158,internal,-0.06456766277551651,0.0,-0.00029948072753993387,-0.00029948072753993387,545.75,2131.0,False,False,False,True
74,1161,internal,-0.06389398872852325,0.0,-0.0002972349255594075,-0.0002972349255594075,493.8999938964844,2090.699951171875,False,False,False,True
75,1171,internal,-0.06451579183340073,0.0,-0.0002992875246186211,-0.0002992875246186211,543.0,2109.0,False,False,False,True
76,1185,internal,-0.06672308593988419,0.0,-0.0003113569500236068,-0.0003113569500236068,614.5,2184.0,False,False,False,True
77,1229,internal,-0.06519346684217453,0.0,-0.00030647023166243954,-0.00030647023166243954,652.25,2178.25,False,False,False,True
78,1231,internal,-0.06468800455331802,0.0,-0.00030505388669551194,-0.00030505388669551194,665.5,2169.699951171875,False,False,False,True
79,1236,internal,-0.06438945233821869,0.0,-0.0003049891680843858,-0.0003049891680843858,692.7000122070312,2178.199951171875,False,False,False,True
80,1240,internal,-0.06721267104148865,0.0,-0.00031417804619399646,-0.00031417804619399646,605.0,2201.0,False,False,False,True
81,1242,internal,-0.0649869367480278,0.0,-0.00030181250336460655,-0.00030181250336460655,595.4000244140625,2144.39990234375,False,False,False,True
82,1262,internal,-0.06287001818418503,0.0,-0.0002975922411142508,-0.0002975922411142508,639.5999755859375,2104.699951171875,False,False,False,True
83,1282,internal,-0.06280916929244995,0.0,-0.0002983456769208335,-0.0002983456769208335,669.1500244140625,2125.89990234375,False,False,False,True
84,1293,internal,-0.06241767108440399,0.0,-0.00029764473068720097,-0.00029764473068720097,710.25,2105.0,False,False,False,True
85,1298,internal,-0.0650283545255661,0.0,-0.0003076519485029777,-0.0003076519485029777,700.75,2196.25,False,False,False,True
86,1309,internal,-0.0704910010099411,0.0,-0.0003556438294427815,-0.0003556438294427815,739.5,2341.0,False,False,False,True
87,1313,internal,-0.06952269375324249,0.0,-0.000344473211873951,-0.000344473211873951,739.5,2309.89990234375,False,False,False,True
88,1339,internal,-0.06743726134300232,0.0,-0.0003265661942151662,-0.0003265661942151662,803.2999877929688,2305.10009765625,False,False,False,True
89,1357,internal,-0.06762150675058365,0.0,-0.0003276514287090562,-0.0003276514287090562,817.25,2304.25,False,False,False,True
90,1366,internal,-0.06844957172870636,0.0,-0.0003299317472821832,-0.0003299317472821832,709.5,2255.25,False,False,False,True
91,1380,internal,-0.06778490543365479,0.0,-0.00032521872361476224,-0.00032521872361476224,727.5,2241.5,False,False,False,True
92,1382,internal,-0.06736470013856888,0.0,-0.00032245189049255607,-0.00032245189049255607,725.25,2217.5,False,False,False,True
93,1388,internal,-0.06673106551170349,0.0,-0.00032198345480294484,-0.00032198345480294484,782.5,2261.75,False,False,False,True
94,1394,internal,-0.06697177141904831,0.0,-0.0003235429483379584,-0.0003235429483379584,784.75,2274.75,False,False,False,True
95,1411,internal,-0.06601637601852417,0.0,-0.00031789215331880856,-0.00031789215331880856,801.0,2237.10009765625,False,False,False,True
96,1429,internal,-0.06815913319587708,0.0,-0.0003357037474221292,-0.0003357037474221292,884.2000122070312,2317.800048828125,False,False,False,True
97,1444,internal,-0.06785821169614792,0.0,-0.0003348765932793558,-0.0003348765932793558,865.5,2267.5,False,False,False,True
98,1466,internal,-0.06784844398498535,0.0,-0.00034737572908639545,-0.00034737572908639545,963.75,2300.5,False,False,False,True
99,1479,internal,-0.06763571500778198,0.0,-0.00033227771090872237,-0.00033227771090872237,844.2000122070312,2257.800048828125,False,False,False,True
100,1480,internal,-0.06783246248960495,0.0,-0.0003352578110451794,-0.0003352578110451794,890.25,2265.5,False,False,False,True
101,1513,internal,-0.06784920394420624,0.0,-0.0003422675380793008,-0.0003422675380793008,937.75,2285.0,False,False,False,True
102,1525,internal,-0.0678238496184349,0.0,-0.00033673215129921433,-0.00033673215129921433,915.5,2269.0,False,False,False,True
103,1552,internal,-0.06355297565460205,0.0,-0.0003029568713461267,-0.0003029568713461267,730.2000122070312,2146.699951171875,False,False,False,True
104,1562,internal,-0.06476221978664398,0.0,-0.00030984899314947774,-0.00030984899314947774,779.0,2178.0,False,False,False,True
105,1565,internal,-0.06505206227302551,0.0,-0.0003116609819121119,-0.0003116609819121119,801.0,2193.39990234375,False,False,False,True
106,1578,internal,-0.06439986824989319,0.0,-0.0003077358312345355,-0.0003077358312345355,769.25,2165.75,False,False,False,True
107,1584,internal,-0.0643078163266182,0.0,-0.0003075022883691097,-0.0003075022883691097,837.2000122070312,2157.10009765625,False,False,False,True
108,1586,internal,-0.064107246696949,0.0,-0.0003064447147949035,-0.0003064447147949035,850.5,2155.75,False,False,False,True
109,1589,internal,-0.0649760365486145,0.0,-0.0003112617382263795,-0.0003112617382263795,827.75,2174.25,False,False,False,True
110,1597,internal,-0.06306333839893341,0.0,-0.0003006309982823052,-0.0003006309982823052,721.75,2123.0,False,False,False,True
111,1605,internal,-0.06391162425279617,0.0,-0.00030493710202790926,-0.00030493710202790926,755.25,2154.75,False,False,False,True
112,1642,internal,-0.062679223716259,0.0,-0.0003000082437776161,-0.0003000082437776161,821.25,2135.5,False,False,False,True
113,1654,internal,-0.06168364733457565,0.0,-0.00029598271969579,-0.00029598271969579,821.0,2116.0,False,False,False,True
114,1656,internal,-0.06168631091713905,0.0,-0.0002985406533173796,-0.0002985406533173796,853.25,2119.75,False,False,False,True
115,1662,internal,-0.06626373529434204,0.0,-0.0003214709204605172,-0.0003214709204605172,862.7999877929688,2192.10009765625,False,False,False,True
116,1681,internal,-0.06562405824661255,0.0,-0.00031778296547795156,-0.00031778296547795156,873.25,2182.25,False,False,False,True
117,1704,internal,-0.06254014372825623,0.0,-0.00030649656909314323,-0.00030649656909314323,897.2000122070312,2170.199951171875,False,False,False,True
118,1718,internal,-0.06212732195854187,0.0,-0.00030837944392555073,-0.00030837944392555073,947.4000244140625,2168.800048828125,False,False,False,True
119,1734,internal,-0.061754852533340454,0.0,-0.00030290104658094673,-0.00030290104658094673,916.2999877929688,2138.10009765625,False,False,False,True
120,1737,internal,-0.06149594485759735,0.0,-0.00029917304282184374,-0.00029917304282184374,879.2000122070312,2110.10009765625,False,False,False,True
121,1749,internal,-0.06160333380103111,0.0,-0.0003004501038085072,-0.0003004501038085072,889.75,2122.25,False,False,False,True
122,1750,internal,-0.061309535056352615,0.0,-0.00030143999415627187,-0.00030143999415627187,937.75,2116.75,False,False,False,True
123,1752,internal,-0.0619569756090641,0.0,-0.00030431167407548036,-0.00030431167407548036,911.25,2157.75,False,False,False,True
124,1756,internal,-0.06144772842526436,0.0,-0.00030190160064274586,-0.00030190160064274586,933.75,2122.75,False,False,False,True
125,1761,internal,-0.06172822415828705,0.0,-0.00031163861494834847,-0.00031163861494834847,964.25,2156.25,False,False,False,True
126,1776,internal,-0.060711923986673355,0.0,-0.00029970373543307817,-0.00029970373543307817,936.7999877929688,2105.0,False,False,False,True
127,1792,internal,-0.05264914408326149,0.0,-0.00045817235020802704,-0.00045817235020802704,1016.0,2736.0,False,False,False,True
128,1808,internal,-0.05324764549732208,0.0,-0.00045671375947285513,-0.00045671375947285513,997.5,2727.25,False,False,False,True
129,1816,internal,-0.05188393592834473,0.0,-0.0004599564662927406,-0.0004599564662927406,1028.25,2747.5,False,False,False,True
130,1846,internal,-0.06486474722623825,0.0,-0.00044918607179148776,-0.00044918607179148776,975.75,2652.25,False,False,False,True
131,1852,internal,-0.05936445668339729,0.0,-0.000453551044326926,-0.000453551044326926,1017.25,2661.5,False,False,False,True
132,1875,internal,-0.060831908136606216,0.0,-0.00045274249843921255,-0.00045274249843921255,1020.25,2644.25,False,False,False,True
133,1897,internal,-0.06747204810380936,0.0,-0.00044608476653423454,-0.00044608476653423454,1011.7999877929688,2620.5,False,False,False,True
134,1898,internal,-0.05339409038424492,0.0,-0.0004644798869288746,-0.0004644798869288746,1059.5,2692.60009765625,False,False,False,True
135,1899,internal,-0.05373797565698624,0.0,-0.00045522102272199704,-0.00045522102272199704,971.5,2724.75,False,False,False,True
136,1919,internal,-0.048646457493305206,0.0,-0.00046910442212308705,-0.00046910442212308705,1083.0,2728.0,False,False,False,True
137,1925,internal,-0.0504610501229763,0.0,-0.00046877550864175637,-0.00046877550864175637,1086.9000244140625,2709.0,False,False,False,True
138,1926,internal,-0.04768729954957962,0.0,-0.0004695063921961184,-0.0004695063921961184,1091.4000244140625,2765.39990234375,False,False,False,True
139,1933,internal,-0.046319931745529175,0.0,-0.0004722589845768989,-0.0004722589845768989,1127.0,2778.25,False,False,False,True
140,1973,internal,-0.06472362577915192,0.0,-0.0004557645002367791,-0.0004557645002367791,1054.5,2628.800048828125,False,False,False,True
141,1982,internal,-0.06289562582969666,0.0,-0.00046119249912102145,-0.00046119249912102145,1077.5,2637.0,False,False,False,True
142,1995,internal,-0.056056756526231766,0.0,-0.0004707599480184956,-0.0004707599480184956,1136.199951171875,2666.5,False,False,False,True
143,1997,internal,-0.05495893582701683,0.0,-0.00047142513357988623,-0.00047142513357988623,1135.300048828125,2684.5,False,False,False,True
144,2000,internal,-0.061423949897289276,0.0,-0.0004637608618357741,-0.0004637608618357741,1115.5,2645.25,False,False,False,True
145,2020,internal,-0.07388833165168762,0.0,-0.000435993268940206,-0.000435993268940206,978.0999755859375,2597.60009765625,False,False,False,True
146,2037,internal,-0.07522010058164597,0.0,-0.00043507217354962617,-0.00043507217354962617,1002.25,2559.25,False,False,False,True
147,2039,internal,-0.0752442255616188,0.0,-0.0004346453218837692,-0.0004346453218837692,986.7000122070312,2558.39990234375,False,False,False,True
148,2051,internal,-0.0698733776807785,0.0,-0.0004468516489888549,-0.0004468516489888549,1038.5999755859375,2602.10009765625,False,False,False,True
149,2076,internal,-0.07326176762580872,0.0,-0.00043922623488119807,-0.00043922623488119807,1039.0,2539.75,False,False,False,True
150,2079,internal,-0.07211535423994064,0.0,-0.00044306678814316747,-0.00044306678814316747,1041.9000244140625,2574.0,False,False,False,True
151,2081,internal,-0.07298678904771805,0.0,-0.0004408146863550959,-0.0004408146863550959,1034.0,2558.800048828125,False,False,False,True
152,2111,internal,-0.07680115848779678,0.0,-0.00042472023979409654,-0.00042472023979409654,987.7999877929688,2508.89990234375,False,False,False,True
153,2117,internal,-0.07471486926078796,0.0,-0.0004353751731167268,-0.0004353751731167268,1009.9000244140625,2528.5,False,False,False,True
154,2131,internal,-0.07339153438806534,0.0,-0.00043819301350422543,-0.00043819301350422543,1041.25,2527.75,False,False,False,True
155,2133,internal,-0.07653491944074631,0.0,-0.0003965555737347234,-0.0003965555737347234,999.25,2459.5,False,False,False,True
156,2159,internal,-0.06413032859563828,0.0,-0.00045956270185138577,-0.00045956270185138577,1096.800048828125,2589.300048828125,False,False,False,True
157,2175,internal,-0.06797120720148087,0.0,-0.0004519551813147397,-0.0004519551813147397,1074.0,2566.199951171875,False,False,False,True
158,2200,internal,-0.06305326521396637,0.0,-0.00046160918639151136,-0.00046160918639151136,1122.300048828125,2578.10009765625,False,False,False,True
159,2207,internal,-0.06257864087820053,0.0,-0.000461962557949194,-0.000461962557949194,1101.0,2629.800048828125,False,False,False,True
160,2211,internal,-0.07163535803556442,0.0,-0.00043587563723965607,-0.00043587563723965607,1065.0,2502.39990234375,False,False,False,True
161,2219,internal,-0.07027944922447205,0.0,-0.0004439032861181403,-0.0004439032861181403,1081.5,2526.25,False,False,False,True
162,2223,internal,-0.07023152709007263,0.0,-0.0004456553208299766,-0.0004456553208299766,1075.5,2541.5,False,False,False,True
163,2225,internal,-0.07133970409631729,0.0,-0.00043370733877380347,-0.00043370733877380347,1065.75,2483.25,False,False,False,True
164,2248,internal,-0.0642024576663971,0.0,-0.0004566709843090188,-0.0004566709843090188,1121.699951171875,2534.89990234375,False,False,False,True
165,2284,internal,-0.03753242641687393,0.0,-0.0004883601279921375,-0.0004883601279921375,1176.75,2801.5,False,False,False,True
166,2315,internal,-0.033178895711898804,0.0,-0.0004960974033883911,-0.0004960974033883911,1202.25,2807.5,False,False,False,True
167,2319,internal,-0.04490785673260689,0.0,-0.00048353315192353123,-0.00048353315192353123,1179.0,2753.39990234375,False,False,False,True
168,2328,internal,-0.042306434363126755,0.0,-0.0004901064452315798,-0.0004901064452315798,1192.75,2748.75,False,False,False,True
169,2335,internal,-0.052951812744140625,0.0,-0.0004737192164384061,-0.0004737192164384061,1158.25,2698.5,False,False,False,True
170,2342,internal,-0.048076383769512177,0.0,-0.0004745504733970178,-0.0004745504733970178,1155.5999755859375,2733.699951171875,False,False,False,True
171,2372,internal,-0.04443475976586342,0.0,-0.0004900758991059195,-0.0004900758991059195,1198.5,2695.800048828125,False,False,False,True
172,2392,internal,-0.034290675073862076,0.0,-0.0004961287436074395,-0.0004961287436074395,1219.5,2774.75,False,False,False,True
173,2434,internal,-0.03679705783724785,0.0,-0.0005012918329374281,-0.0005012918329374281,1270.5999755859375,2696.5,False,False,False,True
174,2443,internal,-0.04199725016951561,0.0,-0.00049292950016566,-0.00049292950016566,1211.0999755859375,2724.800048828125,False,False,False,True
175,2463,internal,-0.044230278581380844,0.0,-0.0004904890394259427,-0.0004904890394259427,1215.0999755859375,2673.0,False,False,False,True
176,2475,internal,-0.037977371364831924,0.0,-0.0004976693906593767,-0.0004976693906593767,1241.5,2746.0,False,False,False,True
177,2477,internal,-0.037901777774095535,0.0,-0.0004983012242984692,-0.0004983012242984692,1246.0,2736.0,False,False,False,True
178,2479,internal,-0.03771458938717842,0.0,-0.0004997112165182923,-0.0004997112165182923,1255.199951171875,2701.300048828125,False,False,False,True
179,2502,internal,-0.05415843799710274,0.0,-0.0004758161523784525,-0.0004758161523784525,1154.5,2626.0,False,False,False,True
180,2514,internal,-0.05345786362886429,0.0,-0.0004765710704926929,-0.0004765710704926929,1160.9000244140625,2639.0,False,False,False,True
181,2515,internal,-0.056133829057216644,0.0,-0.00047294042258296497,-0.00047294042258296497,1149.4000244140625,2594.39990234375,False,False,False,True
182,2536,internal,-0.04944279417395592,0.0,-0.00048196142935034167,-0.00048196142935034167,1193.0999755859375,2635.5,False,False,False,True
183,2552,internal,-0.05150596797466278,0.0,-0.00047823591375052124,-0.00047823591375052124,1167.699951171875,2578.5,False,False,False,True
184,2553,internal,-0.04871377348899841,0.0,-0.00048091105555618714,-0.00048091105555618714,1201.25,2567.0,False,False,False,True
185,2572,internal,-0.05385059490799904,0.0,-0.0004696913100764159,-0.0004696913100764159,1162.75,2526.25,False,False,False,True
186,2581,internal,-0.06142804026603699,0.0,-0.0004514108567670104,-0.0004514108567670104,1134.0,2473.5,False,False,False,True
187,2591,internal,-0.060244202613830566,0.0,-0.00046056717704771096,-0.00046056717704771096,1143.4000244140625,2516.60009765625,False,False,False,True
188,2592,internal,-0.05120125040411949,0.0,-0.00047253739371874953,-0.00047253739371874953,1184.0,2524.699951171875,False,False,False,True
189,2618,internal,-0.0511973612010479,0.0,-0.00047099341147458255,-0.00047099341147458255,1192.0999755859375,2510.0,False,False,False,True
190,2639,internal,-0.048451900482177734,0.0,-0.00048147454422434806,-0.00048147454422434806,1211.9000244140625,2582.89990234375,False,False,False,True
191,2644,internal,-0.04833659529685974,0.0,-0.00048179604616739027,-0.00048179604616739027,1220.5,2603.75,False,False,False,True
192,2658,internal,-0.044091470539569855,0.0,-0.0004898771640006699,-0.0004898771640006699,1252.75,2622.5,False,False,False,True
193,2672,internal,-0.04817071184515953,0.0,-0.00048172992465794523,-0.00048172992465794523,1236.0,2560.5,False,False,False,True
194,2697,internal,-0.05029045417904854,0.0,-0.00047026491020038465,-0.00047026491020038465,1226.5,2516.25,False,False,False,True
195,2706,internal,-0.050470996648073196,0.0,-0.0004684363248859402,-0.0004684363248859402,1216.9000244140625,2500.89990234375,False,False,False,True
196,2727,internal,-0.040999364107847214,0.0,-0.0004894093900555487,-0.0004894093900555487,1274.199951171875,2510.199951171875,False,False,False,True
197,2732,internal,-0.049898140132427216,0.0,-0.00046474776109844376,-0.00046474776109844376,1224.5999755859375,2460.300048828125,False,False,False,True
198,2755,internal,-0.07643862813711166,0.0,-0.0003945793664594403,-0.0003945793664594403,980.2999877929688,2443.300048828125,False,False,False,True
199,2777,internal,-0.06675466895103455,0.0,-0.00039407112022130813,-0.00039407112022130813,998.7999877929688,2381.10009765625,False,False,False,True
200,2786,internal,-0.07632617652416229,0.0,-0.0003990951373292694,-0.0003990951373292694,1019.0,2464.39990234375,False,False,False,True
201,2791,internal,-0.06998400390148163,0.0,-0.0004200054691212219,-0.0004200054691212219,1051.699951171875,2433.60009765625,False,False,False,True
202,2807,internal,-0.06603358685970306,0.0,-0.0003973917805421206,-0.0003973917805421206,1022.0,2375.75,False,False,False,True
203,2835,internal,-0.06741403043270111,0.0,-0.0003510423229568225,-0.0003510423229568225,981.7999877929688,2307.800048828125,False,False,False,True
204,2839,internal,-0.06553547829389572,0.0,-0.0003608372002006344,-0.0003608372002006344,988.7999877929688,2270.60009765625,False,False,False,True
205,2859,internal,-0.06254313886165619,0.0,-0.00039355959173050534,-0.00039355959173050534,1034.75,2326.75,False,False,False,True
206,2870,internal,-0.06147800758481026,0.0,-0.0003836492268382912,-0.0003836492268382912,1035.199951171875,2276.39990234375,False,False,False,True
207,2881,internal,-0.06587310880422592,0.0,-0.0003528672554416819,-0.0003528672554416819,978.2999877929688,2252.5,False,False,False,True
208,2882,internal,-0.07005120813846588,0.0,-0.0004225609939928677,-0.0004225609939928677,1057.0,2442.0,False,False,False,True
209,2889,internal,-0.07110947370529175,0.0,-0.00042987716166543793,-0.00042987716166543793,1059.0,2466.25,False,False,False,True
210,2897,internal,-0.0652773454785347,0.0,-0.0003985807501022696,-0.0003985807501022696,1044.25,2366.75,False,False,False,True
211,2914,internal,-0.06363953649997711,0.0,-0.00043511267231241676,-0.00043511267231241676,1108.9000244140625,2436.5,False,False,False,True
212,2930,internal,-0.05558308586478233,0.0,-0.000433631741083261,-0.000433631741083261,1116.5,2373.699951171875,False,False,False,True
213,2943,internal,-0.06078704074025154,0.0,-0.000411808069546152,-0.000411808069546152,1075.0999755859375,2360.39990234375,False,False,False,True
214,2946,internal,-0.06117960810661316,0.0,-0.00039549114448760036,-0.00039549114448760036,1045.199951171875,2310.699951171875,False,False,False,True
215,2952,internal,-0.058728598058223724,0.0,-0.0004038697297040439,-0.0004038697297040439,1073.550048828125,2316.300048828125,False,False,False,True
216,2992,internal,-0.05296384543180466,0.0,-0.00041478200222396183,-0.00041478200222396183,1108.0,2300.0,False,False,False,True
217,3021,internal,-0.06403594464063644,0.0,-0.0003367164282501309,-0.0003367164282501309,983.25,2223.75,False,False,False,True
218,3025,internal,-0.06274977326393127,0.0,-0.00032868946758591634,-0.00032868946758591634,978.75,2204.25,False,False,False,True
219,3037,internal,-0.06207772716879845,0.0,-0.0003693228821453464,-0.0003693228821453464,1013.5,2238.5,False,False,False,True
220,3041,internal,-0.06429726630449295,0.0,-0.0003685174861614056,-0.0003685174861614056,1011.25,2268.5,False,False,False,True
221,3051,internal,-0.060923513025045395,0.0,-0.0003511667309209505,-0.0003511667309209505,1021.25,2202.5,False,False,False,True
222,3062,internal,-0.059594832360744476,0.0,-0.00037327312617398524,-0.00037327312617398524,1027.9000244140625,2227.0,False,False,False,True
223,3075,internal,-0.06264373660087585,0.0,-0.0003255037237317337,-0.0003255037237317337,973.5,2196.5,False,False,False,True
224,3076,internal,-0.05960138142108917,0.0,-0.00032436687316762043,-0.00032436687316762043,983.2000122070312,2161.60009765625,False,False,False,True
225,3092,internal,-0.055237602442502975,0.0,-0.000293077581975165,-0.000293077581975165,997.5,2086.75,False,False,False,True
226,3107,internal,-0.05465354025363922,0.0,-0.00033486717003781757,-0.00033486717003781757,1015.75,2158.75,False,False,False,True
227,3109,internal,-0.061571601778268814,0.0,-0.00034054176138882935,-0.00034054176138882935,1009.5,2195.0,False,False,False,True
228,3110,internal,-0.052828021347522736,0.0,-0.00033658444992903686,-0.00033658444992903686,1030.0,2153.89990234375,False,False,False,True
229,3120,internal,-0.05133618041872978,0.0,-0.0003268015899651641,-0.0003268015899651641,1036.699951171875,2121.0,False,False,False,True
230,3135,internal,-0.056821417063474655,0.0,-0.0003886111458433069,-0.0003886111458433069,1055.75,2246.0,False,False,False,True
231,3142,internal,-0.05601057410240173,0.0,-0.0003906844972097282,-0.0003906844972097282,1066.0999755859375,2236.699951171875,False,False,False,True
232,3147,internal,-0.05356648564338684,0.0,-0.0003601704264524677,-0.0003601704264524677,1049.25,2186.25,False,False,False,True
233,3164,internal,-0.054660484194755554,0.0,-0.00039656115885821936,-0.00039656115885821936,1092.0999755859375,2250.699951171875,False,False,False,True
234,3187,internal,-0.051887743175029755,0.0,-0.0003524824113160528,-0.0003524824113160528,1049.800048828125,2173.60009765625,False,False,False,True
235,3192,internal,-0.051195669919252396,0.0,-0.0003353510905484958,-0.0003353510905484958,1040.9000244140625,2136.300048828125,False,False,False,True
236,3219,internal,-0.04979025572538376,0.0,-0.00034992614529057815,-0.00034992614529057815,1068.75,2150.25,False,False,False,True
237,3223,internal,-0.048879846930503845,0.0,-0.0003550399214211688,-0.0003550399214211688,1085.0,2157.0,False,False,False,True
238,3236,internal,-0.048406895250082016,0.0,-0.00035887171318609,-0.00035887171318609,1102.25,2162.75,False,False,False,True
239,3250,internal,-0.04683898761868477,0.0,-0.0003089262566325626,-0.0003089262566325626,1090.0,2094.75,False,False,False,True
240,3267,internal,-0.06242850050330162,0.0,-0.0004493943889569531,-0.0004493943889569531,1124.0,2476.0,False,False,False,True
241,3272,internal,-0.05471457913517952,0.0,-0.00044019299064159084,-0.00044019299064159084,1129.25,2395.5,False,False,False,True
242,3277,internal,-0.05382004752755165,0.0,-0.00044298070841990275,-0.00044298070841990275,1145.75,2399.25,False,False,False,True
243,3283,internal,-0.054508086293935776,0.0,-0.00043558513140852745,-0.00043558513140852745,1134.5,2357.800048828125,False,False,False,True
244,3288,internal,-0.056054189801216125,0.0,-0.0004513639523175562,-0.0004513639523175562,1166.9000244140625,2447.0,False,False,False,True
245,3306,internal,-0.05348437279462814,0.0,-0.0004435276005362534,-0.0004435276005362534,1162.0999755859375,2385.699951171875,False,False,False,True
246,3311,internal,-0.05304213613271713,0.0,-0.00044493391345671197,-0.00044493391345671197,1187.75,2387.0,False,False,False,True
247,3324,internal,-0.05246114730834961,0.0,-0.00041884257229398054,-0.00041884257229398054,1139.5,2307.5,False,False,False,True
248,3340,internal,-0.05222336947917938,0.0,-0.0004170541416351919,-0.0004170541416351919,1124.5,2299.75,False,False,False,True
249,3372,internal,-0.04142143204808235,0.0,-0.00042811194500335997,-0.00042811194500335997,1200.0,2282.25,False,False,False,True
250,3391,internal,-0.050597209483385086,0.0,-0.0004610278570918989,-0.0004610278570918989,1212.25,2453.25,False,False,False,True
251,3396,internal,-0.05246376991271973,0.0,-0.0004469234350311347,-0.0004469234350311347,1206.25,2400.25,False,False,False,True
252,3407,internal,-0.047909099608659744,0.0,-0.00046875475633454864,-0.00046875475633454864,1252.0,2453.0,False,False,False,True
253,3432,internal,-0.040244828909635544,0.0,-0.00046872532193963155,-0.00046872532193963155,1268.4000244140625,2390.800048828125,False,False,False,True
254,3455,internal,-0.0409509614109993,0.0,-0.00043272880396148794,-0.00043272880396148794,1221.0,2303.199951171875,False,False,False,True
255,3472,internal,-0.040748827159404755,0.0,-0.0004460310858212023,-0.0004460310858212023,1242.75,2340.5,False,False,False,True
256,3481,internal,-0.03687417507171631,0.0,-0.0004613793228254502,-0.0004613793228254502,1281.300048828125,2339.60009765625,False,False,False,True
257,3489,internal,-0.04692056402564049,0.0,-0.0004513394942412042,-0.0004513394942412042,1237.300048828125,2379.699951171875,False,False,False,True
258,3491,internal,-0.037190962582826614,0.0,-0.00045020002316891036,-0.00045020002316891036,1273.0999755859375,2278.89990234375,False,False,False,True
259,3492,internal,-0.05854122340679169,0.0,-0.000453488840344862,-0.000453488840344862,1154.4000244140625,2467.39990234375,False,False,False,True
260,3501,internal,-0.042261213064193726,0.0,-0.0004242955586501669,-0.0004242955586501669,1166.0,2246.75,False,False,False,True
261,3506,internal,-0.04266933724284172,0.0,-0.0004214702008452614,-0.0004214702008452614,1159.0,2230.0,False,False,False,True
262,3530,internal,-0.04017769172787666,0.0,-0.0004216463836982903,-0.0004216463836982903,1204.5,2191.75,False,False,False,True
263,3535,internal,-0.04387887194752693,0.0,-0.0003974981361165602,-0.0003974981361165602,1164.5,2186.800048828125,False,False,False,True
264,3559,internal,-0.04400172829627991,0.0,-0.0003768277528766971,-0.0003768277528766971,1143.5999755859375,2129.199951171875,False,False,False,True
265,3575,internal,-0.03800999000668526,0.0,-0.00034477674083664364,-0.00034477674083664364,1162.800048828125,2102.199951171875,False,False,False,True
266,3578,internal,-0.03964066132903099,0.0,-0.00034776594657728367,-0.00034776594657728367,1145.0,2104.0,False,False,False,True
267,3584,internal,-0.04504445940256119,0.0,-0.0003842850574141036,-0.0003842850574141036,1145.0,2161.699951171875,False,False,False,True
268,3592,internal,-0.03926480561494827,0.0,-0.00036388125132460916,-0.00036388125132460916,1171.0,2117.5,False,False,False,True
269,3613,internal,-0.041572798043489456,0.0,-0.00042639871498841974,-0.00042639871498841974,1191.0,2264.5,False,False,False,True
270,3621,internal,-0.04014100506901741,0.0,-0.00042632560545715985,-0.00042632560545715985,1230.9000244140625,2222.300048828125,False,False,False,True
271,3622,internal,-0.04043222591280937,0.0,-0.00042727245594329215,-0.00042727245594329215,1220.75,2239.75,False,False,False,True
272,3652,internal,-0.03770321235060692,0.0,-0.00044640769784537525,-0.00044640769784537525,1262.75,2265.75,False,False,False,True
273,3665,internal,-0.03957025706768036,0.0,-0.0004274278070797745,-0.0004274278070797745,1249.5,2215.0,False,False,False,True
274,3668,internal,-0.03844688832759857,0.0,-0.00043068385466857925,-0.00043068385466857925,1274.25,2215.0,False,False,False,True
275,3689,internal,-0.03867821767926216,0.0,-0.0004126362560103299,-0.0004126362560103299,1209.75,2150.5,False,False,False,True
276,3690,internal,-0.03875584900379181,0.0,-0.0004159109383239742,-0.0004159109383239742,1219.5,2160.199951171875,False,False,False,True
277,3700,internal,-0.032070569694042206,0.0,-0.0003586106152800989,-0.0003586106152800989,1218.25,2095.5,False,False,False,True
278,3708,internal,-0.03463833034038544,0.0,-0.00041404315126593967,-0.00041404315126593967,1254.199951171875,2142.89990234375,False,False,False,True
279,3721,internal,-0.03820383548736572,0.0,-0.00041639657937032654,-0.00041639657937032654,1233.25,2156.0,False,False,False,True
280,3723,internal,-0.031223051249980927,0.0,-0.00039550186474833905,-0.00039550186474833905,1253.300048828125,2114.0,False,False,False,True
281,3749,internal,-0.030948255211114883,0.0,-0.00035969240870264063,-0.00035969240870264063,1225.25,2090.75,False,False,False,True
282,3765,internal,0.3805999159812927,0.0,0.00011197823208305134,0.00011197823208305134,263.79998779296875,1618.0,False,False,False,True
283,3774,internal,0.37197795510292053,0.0,0.00010924640524436841,0.00010924640524436841,353.79998779296875,1661.199951171875,False,False,False,True
284,3776,internal,0.3722875714302063,0.0,0.0001093415111624773,0.0001093415111624773,341.0,1670.5,False,False,False,True
285,3829,internal,0.3805050849914551,0.0,0.0001119448404560838,0.0001119448404560838,277.75,1607.75,False,False,False,True
286,3831,internal,0.380205899477005,0.0,0.0001118497345379749,0.0001118497345379749,290.0,1598.75,False,False,False,True
287,3839,internal,0.3826143741607666,0.0,0.00011252789029137037,0.00011252789029137037,267.75,1569.75,False,False,False,True
288,3841,internal,0.3789806365966797,0.0,0.00011148975877028162,0.00011148975877028162,300.25,1570.75,False,False,False,True
289,3863,internal,0.36982953548431396,0.0,0.0001085677928872748,0.0001085677928872748,386.75,1715.0,False,False,False,True
290,3869,internal,0.3716483414173126,0.0,0.00010913654242413156,0.00010913654242413156,361.25,1708.25,False,False,False,True
291,3897,internal,0.3650140166282654,0.0,0.00010700130471300148,0.00010700130471300148,410.75,1690.75,False,False,False,True
292,3904,internal,0.3684818744659424,0.0,0.00010815651868671344,0.00010815651868671344,396.25,1715.0,False,False,False,True
293,3932,internal,0.35977619886398315,0.0,0.00010571984974292413,0.00010571984974292413,376.75,1581.75,False,False,False,True
294,3949,internal,0.36615774035453796,0.0,0.00010750004168281175,0.00010750004168281175,399.0,1634.0,False,False,False,True
295,3958,internal,0.3545995056629181,0.0,0.00010422863500439314,0.00010422863500439314,395.75,1571.25,False,False,False,True
296,3963,internal,0.3684978485107422,0.0,0.00010819429106220506,0.00010819429106220506,386.25,1645.0,False,False,False,True
297,3966,internal,0.39079776406288147,0.0,0.00011530194966340781,0.00011530194966340781,209.0,1552.5,False,False,False,True
298,3967,internal,0.390230268239975,0.0,0.00011511331277907631,0.00011511331277907631,215.25,1568.0,False,False,False,True
299,3971,internal,0.38916802406311035,0.0,0.00011470513554272835,0.00011470513554272835,255.5,1558.5,False,False,False,True
300,4008,internal,0.3877428472042084,0.0,0.00011433839674634684,0.00011433839674634684,250.60000610351562,1508.5,False,False,False,True
301,4011,internal,0.37942320108413696,0.0,0.00011178136309726371,0.00011178136309726371,287.3999938964844,1518.300048828125,False,False,False,True
302,4016,internal,0.3793191611766815,0.0,0.00011171148287911524,0.00011171148287911524,288.5,1527.5,False,False,False,True
303,4034,internal,0.3936774730682373,0.0,0.00011625864690755194,0.00011625864690755194,196.39999389648438,1500.699951171875,False,False,False,True
304,4045,internal,0.4007050096988678,0.0,0.00011860471641320954,0.00011860471641320954,173.39999389648438,1457.699951171875,False,False,False,True
305,4056,internal,0.3864179849624634,0.0,0.0001139275990018183,0.0001139275990018183,260.5,1506.75,False,False,False,True
306,4072,internal,0.3975537419319153,0.0,0.00011760225292013407,0.00011760225292013407,277.0,1452.5,False,False,False,True
307,4084,internal,0.37856486439704895,0.0,0.00011137538285262269,0.00011137538285262269,303.70001220703125,1557.0999755859375,False,False,False,True
308,4131,internal,0.34652262926101685,0.0,0.00010265855355753888,0.00010265855355753888,342.5,1488.0,False,False,False,True
309,4153,internal,0.32115429639816284,0.0,9.560155811449378e-05,9.560155811449378e-05,387.0,1483.75,False,False,False,True
310,4213,internal,-0.06214960664510727,0.0,-0.00029329831346726354,-0.00029329831346726354,441.6000061035156,1961.5,False,False,False,True
311,4222,internal,-0.0621166005730629,0.0,-0.0002930015078285897,-0.0002930015078285897,432.3999938964844,1912.300048828125,False,False,False,True
312,4226,internal,-0.061827074736356735,0.0,-0.0002929080165670365,-0.0002929080165670365,465.25,1928.25,False,False,False,True
313,4239,internal,0.3637343645095825,0.0,0.00010674744629173141,0.00010674744629173141,417.5,1714.0,False,False,False,True
314,4254,internal,0.3628237843513489,0.0,0.00010652643686694704,0.00010652643686694704,419.75,1631.75,False,False,False,True
315,4262,internal,0.3613334596157074,0.0,0.00010606351350893786,0.00010606351350893786,436.3999938964844,1707.0,False,False,False,True
316,4294,internal,-0.06294780969619751,0.0,-0.0002948308872364222,-0.0002948308872364222,456.20001220703125,2065.199951171875,False,False,False,True
317,4300,internal,-0.06338075548410416,0.0,-0.00029582413924619626,-0.00029582413924619626,482.20001220703125,2068.199951171875,False,False,False,True
318,4301,internal,-0.06260108202695847,0.0,-0.0002941757866610598,-0.0002941757866610598,455.25,2034.0,False,False,False,True
319,4308,internal,-0.0630142092704773,0.0,-0.0002949152728937924,-0.0002949152728937924,492.0,2050.75,False,False,False,True
320,4315,internal,-0.062306735664606094,0.0,-0.00029370237465288344,-0.00029370237465288344,461.70001220703125,2011.0,False,False,False,True
321,4319,internal,-0.06196333467960358,0.0,-0.00029327650236887174,-0.00029327650236887174,488.0,2006.25,False,False,False,True
322,4345,internal,-0.062470342963933945,0.0,-0.0002939684224076601,-0.0002939684224076601,501.0,2041.199951171875,False,False,False,True
323,4348,internal,-0.06163708493113518,0.0,-0.00029287916450727067,-0.00029287916450727067,526.75,1981.75,False,False,False,True
324,4351,internal,-0.062373217195272446,0.0,-0.0002942088738855619,-0.0002942088738855619,540.5,2049.25,False,False,False,True
325,4356,internal,-0.06172116845846176,0.0,-0.0002929903111118182,-0.0002929903111118182,511.25,1998.5,False,False,False,True
326,4361,internal,-0.061883021146059036,0.0,-0.00029300828409216774,-0.00029300828409216774,462.5,1950.9000244140625,False,False,False,True
327,4363,internal,-0.061712052673101425,0.0,-0.00029285417703532666,-0.00029285417703532666,474.6000061035156,1917.4000244140625,False,False,False,True
328,4373,internal,0.3460283577442169,0.0,0.00010179721369440987,0.00010179721369440987,453.25,1677.5,False,False,False,True
329,4383,internal,-0.06163778901100159,0.0,-0.0002928301954150075,-0.0002928301954150075,490.75,1903.0,False,False,False,True
330,4386,internal,-0.061610497534275055,0.0,-0.0002928233397420907,-0.0002928233397420907,509.75,1903.25,False,False,False,True
331,4413,internal,0.3499295115470886,0.0,0.00010268267414420093,0.00010268267414420093,428.0,1606.4000244140625,False,False,False,True
332,4426,internal,0.333724707365036,0.0,9.841483908245603e-05,9.841483908245603e-05,427.5,1582.25,False,False,False,True
333,4449,internal,0.3313739597797394,0.0,9.776865220537451e-05,9.776865220537451e-05,477.75,1610.75,False,False,False,True
334,4465,internal,0.35596004128456116,0.0,0.00010457235170996607,0.00010457235170996607,436.20001220703125,1641.800048828125,False,False,False,True
335,4466,internal,0.3186064660549164,0.0,9.435375946917999e-05,9.435375946917999e-05,460.29998779296875,1565.9000244140625,False,False,False,True
336,4476,internal,0.29563671350479126,0.0,8.859372366961394e-05,8.859372366961394e-05,416.75,1488.25,False,False,False,True
337,4483,internal,0.3083289563655853,0.0,9.218333018606945e-05,9.218333018606945e-05,423.1000061035156,1449.4000244140625,False,False,False,True
338,4489,internal,0.2819980978965759,0.0,8.487553358129828e-05,8.487553358129828e-05,440.6499938964844,1501.199951171875,False,False,False,True
339,4512,internal,0.26467666029930115,0.0,8.020018302769546e-05,8.020018302769546e-05,468.70001220703125,1483.9000244140625,False,False,False,True
340,4524,internal,0.3358254134654999,0.0,9.898326436451267e-05,9.898326436451267e-05,490.25,1641.25,False,False,False,True
341,4526,internal,0.33201104402542114,0.0,9.794302187850069e-05,9.794302187850069e-05,487.29998779296875,1621.4000244140625,False,False,False,True
342,4554,internal,0.31419637799263,0.0,9.31621627834055e-05,9.31621627834055e-05,512.5,1598.5,False,False,False,True
343,4569,internal,0.2277466356754303,0.0,7.028210881217234e-05,7.028210881217234e-05,517.7999877929688,1551.5999755859375,False,False,False,True
344,4587,internal,0.2336607575416565,0.0,7.186084587695635e-05,7.186084587695635e-05,490.75,1497.5,False,False,False,True
345,4590,internal,0.2303854525089264,0.0,7.09865225869327e-05,7.09865225869327e-05,498.75,1503.0,False,False,False,True
346,4603,internal,0.22614862024784088,0.0,6.986352895244091e-05,6.986352895244091e-05,527.0,1514.0999755859375,False,False,False,True
347,4621,internal,0.21742317080497742,0.0,6.744202719236337e-05,6.744202719236337e-05,508.5,1463.75,False,False,False,True
348,4632,internal,0.2153361737728119,0.0,6.701444760756736e-05,6.701444760756736e-05,553.75,1477.25,False,False,False,True
349,4680,internal,0.40716850757598877,0.0,0.00012073423665194565,0.00012073423665194565,223.25,1397.25,False,False,False,True
350,4685,internal,0.40672728419303894,0.0,0.0001205899234135572,0.0001205899234135572,235.25,1400.0,False,False,False,True
351,4691,internal,0.4101537764072418,0.0,0.00012178826327568522,0.00012178826327568522,150.60000610351562,1387.0,False,False,False,True
352,4705,internal,0.41301748156547546,0.0,0.0001227767374902412,0.0001227767374902412,124.5,1349.0,False,False,False,True
353,4717,internal,0.40803077816963196,0.0,0.00012102159257930167,0.00012102159257930167,209.0,1376.9000244140625,False,False,False,True
354,4735,internal,0.4084950387477875,0.0,0.00012115604582478849,0.00012115604582478849,219.5,1358.75,False,False,False,True
355,4740,internal,0.4120759963989258,0.0,0.00012225994151329766,0.00012225994151329766,243.3000030517578,1335.800048828125,False,False,False,True
356,4763,internal,0.40413570404052734,0.0,0.00011977231162633019,0.00011977231162633019,265.75,1397.0,False,False,False,True
357,4771,internal,0.4000985622406006,0.0,0.00011855034748590765,0.00011855034748590765,279.29998779296875,1386.0999755859375,False,False,False,True
358,4776,internal,0.3988453149795532,0.0,0.00011800946400952658,0.00011800946400952658,265.5,1447.5,False,False,False,True
359,4795,internal,0.37462344765663147,0.0,0.00011111276293430445,0.00011111276293430445,316.25,1385.75,False,False,False,True
360,4799,internal,0.3597679138183594,0.0,0.00010687026606908328,0.00010687026606908328,336.5,1386.4000244140625,False,False,False,True
361,4810,internal,0.4043347239494324,0.0,0.00011978528181833502,0.00011978528181833502,276.79998779296875,1365.199951171875,False,False,False,True
362,4825,internal,0.4109848439693451,0.0,0.00012188196629547523,0.00012188196629547523,263.0,1346.5,False,False,False,True
363,4835,internal,0.40318262577056885,0.0,0.00011880444413519414,0.00011880444413519414,300.79998779296875,1362.0,False,False,False,True
364,4836,internal,0.41393548250198364,0.0,0.00012278193880193292,0.00012278193880193292,286.5,1326.5,False,False,False,True
365,4850,internal,0.3900907039642334,0.0,0.00011572176036789072,0.00011572176036789072,326.0,1320.9000244140625,False,False,False,True
366,4878,internal,0.545796811580658,0.0,0.00016891621031395903,0.00016891621031395903,113.5,1294.25,False,False,False,True
367,4924,internal,0.5542867183685303,0.0,0.00017189387523069272,0.00017189387523069272,111.25,1220.5,False,False,False,True
368,4946,internal,0.4663044810295105,0.0,0.00014054844163570207,0.00014054844163570207,213.5,1235.75,False,False,False,True
369,4983,internal,0.4146452248096466,0.0,0.00012304960121326528,0.00012304960121326528,292.75,1316.5,False,False,False,True
370,5000,internal,0.4333174526691437,0.0,0.00012912060398359207,0.00012912060398359207,290.20001220703125,1286.9000244140625,False,False,False,True
371,5006,internal,0.429008811712265,0.0,0.00012732634997329105,0.00012732634997329105,330.0,1289.25,False,False,False,True
372,5029,internal,0.46434521675109863,0.0,0.00013993804851808694,0.00013993804851808694,266.75,1242.25,False,False,False,True
373,5034,internal,0.46596604585647583,0.0,0.00014045656503070458,0.00014045656503070458,240.0,1231.5,False,False,False,True
374,5053,internal,0.4621478021144867,0.0,0.00013958525929555553,0.00013958525929555553,299.5,1223.5,False,False,False,True
375,5061,internal,0.4328407347202301,0.0,0.00012866531053955309,0.00012866531053955309,311.5,1284.0,False,False,False,True
376,5072,internal,0.3326881527900696,0.0,9.91989930682665e-05,9.91989930682665e-05,400.5,1419.699951171875,False,False,False,True
377,5138,internal,0.35069361329078674,0.0,0.00010433057012563927,0.00010433057012563927,353.6000061035156,1365.5999755859375,False,False,False,True
378,5149,internal,0.33512943983078003,0.0,9.996466453047009e-05,9.996466453047009e-05,416.0,1388.699951171875,False,False,False,True
379,5158,internal,0.33204084634780884,0.0,9.912951651425695e-05,9.912951651425695e-05,428.3999938964844,1391.0,False,False,False,True
380,5169,internal,0.30269068479537964,0.0,9.061682877690633e-05,9.061682877690633e-05,446.04998779296875,1445.8499755859375,False,False,False,True
381,5192,internal,0.30679890513420105,0.0,9.206632714278505e-05,9.206632714278505e-05,460.0,1395.5,False,False,False,True
382,5197,internal,0.21690256893634796,0.0,6.730998269682031e-05,6.730998269682031e-05,505.0,1445.300048828125,False,False,False,True
383,5202,internal,0.21661704778671265,0.0,6.725071686029211e-05,6.725071686029211e-05,518.5999755859375,1430.4000244140625,False,False,False,True
384,5237,internal,0.3411048352718353,0.0,0.00010260908815690821,0.00010260908815690821,444.8999938964844,1342.199951171875,False,False,False,True
385,5257,internal,0.2666497528553009,0.0,8.103278994506683e-05,8.103278994506683e-05,498.79998779296875,1386.699951171875,False,False,False,True
386,5259,internal,0.21720561385154724,0.0,6.759705407404561e-05,6.759705407404561e-05,508.79998779296875,1374.0,False,False,False,True
387,5325,internal,0.36708128452301025,0.0,0.00011104457678205048,0.00011104457678205048,419.0,1287.25,False,False,False,True
388,5348,internal,0.4198935031890869,0.0,0.00012711285796591356,0.00012711285796591356,389.8999938964844,1249.5,False,False,False,True
389,5402,internal,0.3430817127227783,0.0,0.00010437241884718955,0.00010437241884718955,458.3999938964844,1274.5999755859375,False,False,False,True
390,5414,internal,0.2639453709125519,0.0,8.148333206366731e-05,8.148333206366731e-05,511.79998779296875,1313.199951171875,False,False,False,True
391,5431,internal,0.25000858306884766,0.0,7.750328968064187e-05,7.750328968064187e-05,529.25,1282.0,False,False,False,True
392,5441,internal,0.35247519612312317,0.0,0.00010722517287398283,0.00010722517287398283,458.8999938964844,1244.0,False,False,False,True
393,5450,internal,0.3729640543460846,0.0,0.00011333353773821742,0.00011333353773821742,440.8999938964844,1227.5,False,False,False,True
394,5475,internal,0.27853867411613464,0.0,8.615629371966108e-05,8.615629371966108e-05,508.3999938964844,1241.800048828125,False,False,False,True
395,5476,internal,0.2969830632209778,0.0,9.145748912472152e-05,9.145748912472152e-05,484.0,1236.0,False,False,False,True
396,5487,internal,0.28087303042411804,0.0,8.698297802384658e-05,8.698297802384658e-05,522.2999877929688,1229.9000244140625,False,False,False,True
397,5503,internal,-0.06439265608787537,0.0,-0.00029888955148230957,-0.00029888955148230957,540.5999755859375,2088.199951171875,False,False,False,True
398,5520,internal,-0.06481313705444336,0.0,-0.00029664279658971754,-0.00029664279658971754,596.5999755859375,2059.0,False,False,False,True
399,5528,internal,-0.061991725116968155,0.0,-0.00029515477145962855,-0.00029515477145962855,646.25,2053.25,False,False,False,True
400,5536,internal,-0.06175960972905159,0.0,-0.00029487382121893614,-0.00029487382121893614,695.2999877929688,2053.39990234375,False,False,False,True
401,5555,internal,-0.06137984246015549,0.0,-0.00029344829123848675,-0.00029344829123848675,752.5,2051.25,False,False,False,True
402,5577,internal,-0.061515018343925476,0.0,-0.00029399610979712347,-0.00029399610979712347,714.25,2031.5,False,False,False,True
403,5579,internal,-0.062162846326828,0.0,-0.00029519352321696543,-0.00029519352321696543,633.75,2050.75,False,False,False,True
404,5602,internal,-0.06183971092104912,0.0,-0.0002949469836897552,-0.0002949469836897552,665.25,2052.25,False,False,False,True
405,5627,internal,-0.06109218671917915,0.0,-0.00029268577629750067,-0.00029268577629750067,814.25,2057.75,False,False,False,True
406,5628,internal,-0.06114523485302925,0.0,-0.0002928534623512774,-0.0002928534623512774,856.7999877929688,2043.800048828125,False,False,False,True
407,5644,internal,-0.05748157203197479,0.0,-0.0002878178514798506,-0.0002878178514798506,933.4000244140625,2074.199951171875,False,False,False,True
408,5646,internal,-0.05530855804681778,0.0,-0.0002904431506905265,-0.0002904431506905265,990.4000244140625,2070.89990234375,False,False,False,True
409,5664,internal,-0.06102321296930313,0.0,-0.0002975158758000999,-0.0002975158758000999,881.25,2085.0,False,False,False,True
410,5678,internal,-0.06104845181107521,0.0,-0.0002924706563986777,-0.0002924706563986777,806.25,2027.75,False,False,False,True
411,5692,internal,-0.05693259462714195,0.0,-0.00028620131556979537,-0.00028620131556979537,936.7999877929688,2052.60009765625,False,False,False,True
412,5693,internal,-0.05490110442042351,0.0,-0.0002896580834973198,-0.0002896580834973198,1007.0,2055.5,False,False,False,True
413,5707,internal,-0.05690310150384903,0.0,-0.0002836447848465247,-0.0002836447848465247,938.9000244140625,1991.699951171875,False,False,False,True
414,5709,internal,-0.05548809468746185,0.0,-0.00027977580304126305,-0.00027977580304126305,993.5,1997.25,False,False,False,True
415,5742,internal,-0.061612069606781006,0.0,-0.0002928498095216924,-0.0002928498095216924,539.25,1959.5,False,False,False,True
416,5743,internal,-0.06305430829524994,0.0,-0.0002949733211204589,-0.0002949733211204589,636.75,2010.5,False,False,False,True
417,5755,internal,-0.06108151003718376,0.0,-0.0002923838090518045,-0.0002923838090518045,728.5,1932.75,False,False,False,True
418,5756,internal,-0.06104660779237747,0.0,-0.0002923572069233048,-0.0002923572069233048,748.75,1949.5,False,False,False,True
419,5757,internal,-0.06286577880382538,0.0,-0.00029496583017283163,-0.00029496583017283163,642.5,2009.25,False,False,False,True
420,5773,internal,-0.06158393248915672,0.0,-0.00029281823107462756,-0.00029281823107462756,555.0,1926.0999755859375,False,False,False,True
421,5800,internal,-0.06113169714808464,0.0,-0.00029242324902341104,-0.00029242324902341104,714.25,1921.25,False,False,False,True
422,5826,internal,-0.06098750978708267,0.0,-0.0002922151700859621,-0.0002922151700859621,794.0999755859375,1962.800048828125,False,False,False,True
423,5835,internal,-0.05740593001246452,0.0,-0.00028447876819243535,-0.00028447876819243535,916.5,1964.25,False,False,False,True
424,5844,internal,-0.060817282646894455,0.0,-0.000291761081016895,-0.000291761081016895,821.25,1929.25,False,False,False,True
425,5847,internal,-0.05973484367132187,0.0,-0.00028940193544011415,-0.00028940193544011415,879.0,1976.25,False,False,False,True
426,5864,internal,-0.05656823888421059,0.0,-0.000282439509902141,-0.000282439509902141,972.25,1992.0,False,False,False,True
427,5885,internal,-0.06024375930428505,0.0,-0.0002901279485550295,-0.0002901279485550295,847.4000244140625,1918.0,False,False,False,True
428,5916,internal,-0.05435303971171379,0.0,-0.0002733219149089977,-0.0002733219149089977,986.7000122070312,1941.4000244140625,False,False,False,True
429,5930,internal,-0.05710916966199875,0.0,-0.00028096757839804986,-0.00028096757839804986,966.2999877929688,1891.199951171875,False,False,False,True
430,5935,internal,-0.05598064884543419,0.0,-0.00027676076279573177,-0.00027676076279573177,1013.0,1887.75,False,False,False,True
431,5938,internal,-0.0545332171022892,0.0,-0.0002718165785430492,-0.0002718165785430492,1015.75,1896.25,False,False,False,True
432,5942,internal,-0.0582694411277771,0.0,-0.0002845875325168187,-0.0002845875325168187,919.0,1902.199951171875,False,False,False,True
433,5954,internal,-0.047184091061353683,0.0,-0.000299174022203689,-0.000299174022203689,1069.4000244140625,2084.60009765625,False,False,False,True
434,5961,internal,-0.04560813307762146,0.0,-0.00027679302945706624,-0.00027679302945706624,1062.5,2063.5,False,False,False,True
435,5975,internal,-0.04190194979310036,0.0,-0.00025920642848036,-0.00025920642848036,1069.75,2050.0,False,False,False,True
436,5984,internal,-0.04700618237257004,0.0,-0.00030428830126009207,-0.00030428830126009207,1083.25,2088.25,False,False,False,True
437,5985,internal,-0.03915556147694588,0.0,-0.00032838821502426943,-0.00032838821502426943,1127.5999755859375,2080.89990234375,False,False,False,True
438,5990,internal,-0.03697415813803673,0.0,-0.00032998447508314976,-0.00032998447508314976,1155.25,2062.75,False,False,False,True
439,6002,internal,-0.03721191734075546,0.0,-0.00032612798701386013,-0.00032612798701386013,1139.9000244140625,2061.300048828125,False,False,False,True
440,6016,internal,-0.036858703941106796,0.0,-0.0002355032173030733,-0.0002355032173030733,1076.75,2029.25,False,False,False,True
441,6025,internal,-0.03955480456352234,0.0,-0.0002358498125971779,-0.0002358498125971779,1046.0,1994.5,False,False,False,True
442,6027,internal,-0.03772647678852081,0.0,-0.00023072896903543363,-0.00023072896903543363,1057.5,1994.25,False,False,False,True
443,6033,internal,-0.03447400778532028,0.0,-0.00022507004779394606,-0.00022507004779394606,1086.25,2009.0,False,False,False,True
444,6038,internal,-0.03315066918730736,0.0,-0.00022044905955020022,-0.00022044905955020022,1097.25,1998.75,False,False,False,True
445,6056,internal,-0.031835079193115234,0.0,-0.00021635575959770402,-0.00021635575959770402,1114.300048828125,1994.4000244140625,False,False,False,True
446,6075,internal,-0.03694583848118782,0.0,-0.00033899129404865995,-0.00033899129404865995,1173.300048828125,2081.5,False,False,False,True
447,6111,internal,-0.02374492771923542,0.0,-0.0003958786885307488,-0.0003958786885307488,1283.0,2078.0,False,False,False,True
448,6116,internal,-0.02692527323961258,0.0,-0.0003431759015058922,-0.0003431759015058922,1233.75,2062.0,False,False,False,True
449,6118,internal,-0.025939887389540672,0.0,-0.00033543147926914615,-0.00033543147926914615,1232.5,2040.25,False,False,False,True
450,6143,internal,-0.02711429074406624,0.0,-0.0002812488727458771,-0.0002812488727458771,1174.0,2009.0,False,False,False,True
451,6153,internal,-0.026351744309067726,0.0,-0.0002803802669282474,-0.0002803802669282474,1185.0,2005.5999755859375,False,False,False,True
452,6170,internal,-0.0228571854531765,0.0,-0.0003381635311009557,-0.0003381635311009557,1259.5,2011.5,False,False,False,True
453,6172,internal,-0.02474098838865757,0.0,-0.0003301953598172365,-0.0003301953598172365,1241.0,2016.699951171875,False,False,False,True
454,6220,internal,-0.031120341271162033,0.0,-0.0001982233782353904,-0.0001982233782353904,1048.25,1931.5,False,False,False,True
455,6228,internal,-0.02872852422297001,0.0,-0.00020196920939105514,-0.00020196920939105514,1128.199951171875,1969.699951171875,False,False,False,True
456,6240,internal,-0.026185499504208565,0.0,-0.0002257646677502538,-0.0002257646677502538,1163.300048828125,1958.9000244140625,False,False,False,True
457,6241,internal,-0.027884338051080704,0.0,-0.0002143040605109969,-0.0002143040605109969,1151.0,1968.5,False,False,False,True
458,6249,internal,-0.024882974103093147,0.0,-0.0001795151071131725,-0.0001795151071131725,1108.75,1939.75,False,False,False,True
459,6255,internal,-0.023463640362024307,0.0,-0.000184074976635818,-0.000184074976635818,1150.5999755859375,1931.4000244140625,False,False,False,True
460,6261,internal,-0.02617599070072174,0.0,-0.00018682631170206739,-0.00018682631170206739,1119.800048828125,1947.800048828125,False,False,False,True
461,6271,internal,-0.025411859154701233,0.0,-0.00017954675173468632,-0.00017954675173468632,1077.0,1916.0,False,False,False,True
462,6293,internal,-0.021204747259616852,0.0,-0.00016355159331697292,-0.00016355159331697292,1112.4000244140625,1883.800048828125,False,False,False,True
463,6302,internal,-0.019224949181079865,0.0,-0.00017230113925964443,-0.00017230113925964443,1153.199951171875,1898.9000244140625,False,False,False,True
464,6319,internal,-0.02440818026661873,0.0,-0.00017657772920099258,-0.00017657772920099258,1101.5999755859375,1915.699951171875,False,False,False,True
465,6320,internal,-0.037566203624010086,0.0,-0.0002188636653358464,-0.0002188636653358464,1028.25,1932.75,False,False,False,True
466,6321,internal,-0.022947067394852638,0.0,-0.0002537165697211885,-0.0002537165697211885,1193.4000244140625,1978.800048828125,False,False,False,True
467,6329,internal,-0.02194332331418991,0.0,-0.00025166939696679325,-0.00025166939696679325,1199.0,1964.75,False,False,False,True
468,6330,internal,-0.021531973034143448,0.0,-0.0002479282377272282,-0.0002479282377272282,1209.0999755859375,1953.300048828125,False,False,False,True
469,6334,internal,-0.021088095381855965,0.0,-0.0002375922387790188,-0.0002375922387790188,1198.199951171875,1942.5999755859375,False,False,False,True
470,6370,internal,-0.016143089160323143,0.0,-0.00022918461621435223,-0.00022918461621435223,1240.25,1924.5,False,False,False,True
471,6375,internal,-0.010734202340245247,0.0,-0.00022408608667681218,-0.00022408608667681218,1272.800048828125,1905.800048828125,False,False,False,True
472,6378,internal,-0.018380161374807358,0.0,-0.00024566046582963244,-0.00024566046582963244,1244.300048828125,1948.4000244140625,False,False,False,True
473,6390,internal,-0.020024925470352173,0.0,-0.00019872434528413213,-0.00019872434528413213,1180.75,1920.75,False,False,False,True
474,6400,internal,-0.01758958026766777,0.0,-0.00016743803194188187,-0.00016743803194188187,1181.5,1884.5,False,False,False,True
475,6417,internal,-0.01598721742630005,0.0,-0.00022182506457301483,-0.00022182506457301483,1236.25,1914.25,False,False,False,True
476,6425,internal,-0.013011871837079525,0.0,-0.000177479448712904,-0.000177479448712904,1229.75,1881.25,False,False,False,True
477,6435,internal,-0.008253318257629871,0.0,-0.00019644884421089265,-0.00019644884421089265,1276.300048828125,1875.0999755859375,False,False,False,True
478,6444,internal,-0.020047131925821304,0.0,-0.00018516876086851933,-0.00018516876086851933,1165.0999755859375,1918.300048828125,False,False,False,True
479,6475,internal,-0.06147915497422218,0.0,-0.0002927222781235714,-0.0002927222781235714,610.25,1901.75,False,False,False,True
480,6498,internal,0.21161799132823944,0.0,6.603884432334272e-05,6.603884432334272e-05,565.5,1456.5,False,False,False,True
481,6510,internal,0.20834669470787048,0.0,6.518574979655963e-05,6.518574979655963e-05,596.75,1395.75,False,False,False,True
482,6532,internal,0.20786312222480774,0.0,6.505843015667547e-05,6.505843015667547e-05,610.0,1371.25,False,False,False,True
483,6548,internal,-0.061435166746377945,0.0,-0.0002926833675475569,-0.0002926833675475569,634.75,1898.5,False,False,False,True
484,6568,internal,0.20732735097408295,0.0,6.491761754663934e-05,6.491761754663934e-05,612.5,1343.0,False,False,False,True
485,6583,internal,0.19622519612312317,0.0,6.177501281576258e-05,6.177501281576258e-05,694.0,1339.75,False,False,False,True
486,6601,internal,0.13579946756362915,0.0,4.399103661873386e-05,4.399103661873386e-05,750.5,1335.9000244140625,False,False,False,True
487,6627,internal,0.22959589958190918,0.0,7.146596970485823e-05,7.146596970485823e-05,556.2000122070312,1309.0999755859375,False,False,False,True
488,6634,internal,0.24526143074035645,0.0,7.610591692824379e-05,7.610591692824379e-05,546.0,1283.25,False,False,False,True
489,6648,internal,0.20738908648490906,0.0,6.498011931372385e-05,6.498011931372385e-05,617.5,1301.75,False,False,False,True
490,6661,internal,0.20029166340827942,0.0,6.300045111475784e-05,6.300045111475784e-05,669.5,1299.75,False,False,False,True
491,6662,internal,0.20755121111869812,0.0,6.500071941969887e-05,6.500071941969887e-05,608.0,1314.75,False,False,False,True
492,6665,internal,0.21684935688972473,0.0,6.781036741041079e-05,6.781036741041079e-05,588.2999877929688,1277.5,False,False,False,True
493,6671,internal,0.20264163613319397,0.0,6.375082304435164e-05,6.375082304435164e-05,652.0999755859375,1283.9000244140625,False,False,False,True
494,6675,internal,0.20321562886238098,0.0,6.400106172326119e-05,6.400106172326119e-05,648.75,1268.5,False,False,False,True
495,6691,internal,0.2404613047838211,0.0,7.471213083098174e-05,7.471213083098174e-05,562.25,1276.25,False,False,False,True
496,6699,internal,0.25968867540359497,0.0,8.077984473119302e-05,8.077984473119302e-05,550.7999877929688,1240.4000244140625,False,False,False,True
497,6706,internal,0.2565801739692688,0.0,7.997229807765955e-05,7.997229807765955e-05,565.2000122070312,1233.4000244140625,False,False,False,True
498,6718,internal,0.2146705836057663,0.0,6.751591096467661e-05,6.751591096467661e-05,597.5999755859375,1252.9000244140625,False,False,False,True
499,6735,internal,0.20526450872421265,0.0,6.479780208927226e-05,6.479780208927226e-05,634.5999755859375,1238.800048828125,False,False,False,True
500,6741,internal,0.2080582082271576,0.0,6.564441152005294e-05,6.564441152005294e-05,615.75,1241.0,False,False,False,True
501,6750,internal,0.16249582171440125,0.0,5.1967195158447886e-05,5.1967195158447886e-05,722.2000122070312,1312.199951171875,False,False,False,True
502,6771,internal,0.14242485165596008,0.0,4.616584334164603e-05,4.616584334164603e-05,719.25,1276.75,False,False,False,True
503,6774,internal,0.15321187674999237,0.0,4.931279573382237e-05,4.931279573382237e-05,707.2000122070312,1264.4000244140625,False,False,False,True
504,6779,internal,0.20036199688911438,0.0,6.297965910288071e-05,6.297965910288071e-05,679.2999877929688,1322.4000244140625,False,False,False,True
505,6780,internal,0.11545032262802124,0.0,3.78471559277187e-05,3.78471559277187e-05,801.7000122070312,1303.4000244140625,False,False,False,True
506,6797,internal,0.08686242997646332,0.0,2.873464974970383e-05,2.873464974970383e-05,934.0,1259.25,False,False,False,True
507,6801,internal,0.10156632214784622,0.0,3.3477458536621574e-05,3.3477458536621574e-05,886.0,1262.0,False,False,False,True
508,6812,internal,0.12281432747840881,0.0,4.013947854589505e-05,4.013947854589505e-05,775.0,1295.75,False,False,False,True
509,6814,internal,0.14046120643615723,0.0,4.571766034215255e-05,4.571766034215255e-05,751.5,1236.4000244140625,False,False,False,True
510,6816,internal,0.13810177147388458,0.0,4.491247942517098e-05,4.491247942517098e-05,742.5999755859375,1271.199951171875,False,False,False,True
511,6819,internal,0.1591469943523407,0.0,5.111338594761555e-05,5.111338594761555e-05,697.75,1253.75,False,False,False,True
512,6831,internal,0.15658071637153625,0.0,5.053911084426694e-05,5.053911084426694e-05,699.75,1222.5,False,False,False,True
513,6840,internal,0.09775722771883011,0.0,3.2256493630379e-05,3.2256493630379e-05,909.5,1261.0,False,False,False,True
514,6843,internal,0.10985320806503296,0.0,3.610540803398009e-05,3.610540803398009e-05,833.5,1281.0,False,False,False,True
515,6855,internal,0.1345749795436859,0.0,4.419202827269445e-05,4.419202827269445e-05,804.2000122070312,1223.800048828125,False,False,False,True
516,6895,internal,-0.05673617124557495,0.0,-0.00027954001024457114,-0.00027954001024457114,996.0,1879.25,False,False,False,True
517,6899,internal,-0.01673108898103237,0.0,-0.00014016784590969907,-0.00014016784590969907,1066.5,1859.5,False,False,False,True
518,6914,internal,-0.011064525693655014,0.0,-0.00011619216805608228,-0.00011619216805608228,1062.25,1831.0,False,False,False,True
519,6916,internal,-0.010110112838447094,0.0,-0.00011234706199202138,-0.00011234706199202138,1103.0,1819.5,False,False,False,True
520,6919,internal,-0.00930149108171463,0.0,-0.00010872338225177358,-0.00010872338225177358,1156.199951171875,1796.5,False,False,False,True
521,6957,internal,-0.013204824179410934,0.0,-0.00014426049735259504,-0.00014426049735259504,1202.0999755859375,1860.800048828125,False,False,False,True
522,6963,internal,-0.008741788566112518,0.0,-0.00012535200881746988,-0.00012535200881746988,1231.9000244140625,1836.199951171875,False,False,False,True
523,6974,internal,-0.009287605062127113,0.0,-0.00011312672935018936,-0.00011312672935018936,1200.300048828125,1828.699951171875,False,False,False,True
524,6976,internal,-0.009713795967400074,0.0,-0.0001219360175854219,-0.0001219360175854219,1206.5,1842.25,False,False,False,True
525,6987,internal,-0.009599060751497746,0.0,-0.00014449818273852848,-0.00014449818273852848,1243.300048828125,1857.800048828125,False,False,False,True
526,6991,internal,-0.008971825242042542,0.0,-0.00016027050531666499,-0.00016027050531666499,1257.0,1861.75,False,False,False,True
527,6993,internal,-0.005637336056679487,0.0,-0.00013829678983388373,-0.00013829678983388373,1271.800048828125,1836.0,False,False,False,True
528,7017,internal,-0.008439850062131882,0.0,-0.00010443879181954081,-0.00010443879181954081,1185.75,1770.75,False,False,False,True
529,7019,internal,-0.00804570596665144,0.0,-0.0001023734210916694,-0.0001023734210916694,1203.699951171875,1756.800048828125,False,False,False,True
530,7027,internal,-0.007450890727341175,0.0,-0.00010536647156779658,-0.00010536647156779658,1235.25,1777.25,False,False,False,True
531,7033,internal,-0.006222772877663374,0.0,-8.457218328961793e-05,-8.457218328961793e-05,1211.5,1716.5,False,False,False,True
532,7056,internal,-0.006322389934211969,0.0,-0.00011197010586071361,-0.00011197010586071361,1251.300048828125,1799.0999755859375,False,False,False,True
533,7069,internal,-0.0068463971838355064,0.0,-0.00011721666764067615,-0.00011721666764067615,1246.0,1815.25,False,False,False,True
534,7119,internal,0.028433259576559067,0.0,9.77791094226784e-06,9.77791094226784e-06,1031.25,1243.75,False,False,False,True
535,7135,venous,0.0,1.4252984643220445,-0.0003548593710545056,-1.425653323693099,1153.8583984375,1256.1236572265625,False,True,True,False
536,7182,internal,-0.001440376159735024,0.0,-3.799859946298736e-05,-3.799859946298736e-05,1256.75,1687.0,False,False,False,True
537,7195,internal,0.03791992366313934,0.0,2.4399184401076597e-05,2.4399184401076597e-05,1215.199951171875,1246.9000244140625,False,False,False,True
538,7226,internal,0.008032767102122307,0.0,3.0412347807841536e-06,3.0412347807841536e-06,1117.699951171875,1227.5999755859375,False,False,False,True
539,7231,internal,-0.025350935757160187,0.0,-0.0005086676899630001,-0.0005086676899630001,1309.75,2792.0,False,False,False,True
540,7233,internal,-0.025150487199425697,0.0,-0.0005085780103497096,-0.0005085780103497096,1297.300048828125,2816.89990234375,False,False,False,True
541,7245,internal,-0.030538039281964302,0.0,-0.0005061369143352819,-0.0005061369143352819,1290.0,2763.199951171875,False,False,False,True
542,7298,internal,-0.035341985523700714,0.0,-0.0005032547788531307,-0.0005032547788531307,1289.75,2704.25,False,False,False,True
543,7331,internal,-0.026481900364160538,0.0,-0.0005125720883333688,-0.0005125720883333688,1339.0,2738.60009765625,False,False,False,True
544,7335,internal,-0.03386986628174782,0.0,-0.0005048364540634505,-0.0005048364540634505,1306.699951171875,2721.199951171875,False,False,False,True
545,7359,internal,-0.011812719516456127,0.0,-0.0005269166971742388,-0.0005269166971742388,1391.0,2834.10009765625,False,False,False,True
546,7377,internal,-0.016185618937015533,0.0,-0.0005261140805171561,-0.0005261140805171561,1396.25,2757.25,False,False,False,True
547,7392,internal,-0.018596814945340157,0.0,-0.0005249088585123317,-0.0005249088585123317,1384.25,2727.5,False,False,False,True
548,7409,internal,-0.020637404173612595,0.0,-0.0005247382343130191,-0.0005247382343130191,1373.300048828125,2684.39990234375,False,False,False,True
549,7426,internal,-0.019057689234614372,0.0,-0.0005287060013357543,-0.0005287060013357543,1405.0,2654.0,False,False,False,True
550,7432,internal,-0.018298806622624397,0.0,-0.0005288214095748177,-0.0005288214095748177,1413.25,2697.0,False,False,False,True
551,7437,internal,-0.018854176625609398,0.0,-0.0005251463453749181,-0.0005251463453749181,1384.0,2703.0,False,False,False,True
552,7452,internal,-0.034745167940855026,0.0,-0.0005059608903009306,-0.0005059608903009306,1308.5,2645.0,False,False,False,True
553,7453,internal,-0.0352109856903553,0.0,-0.0005051826258410815,-0.0005051826258410815,1296.0,2638.5,False,False,False,True
554,7459,internal,-0.03530897945165634,0.0,-0.0005049022579355403,-0.0005049022579355403,1290.25,2660.75,False,False,False,True
555,7464,internal,-0.035490650683641434,0.0,-0.0005029803931177795,-0.0005029803931177795,1286.5999755859375,2562.60009765625,False,False,False,True
556,7482,internal,-0.03207990527153015,0.0,-0.0005099940906188411,-0.0005099940906188411,1329.0999755859375,2659.5,False,False,False,True
557,7497,internal,-0.02705058455467224,0.0,-0.0005176173871441299,-0.0005176173871441299,1326.3499755859375,2587.300048828125,False,False,False,True
558,7512,internal,-0.04119710624217987,0.0,-0.0004886228140849047,-0.0004886228140849047,1274.0999755859375,2499.800048828125,False,False,False,True
559,7533,internal,-0.03595643863081932,0.0,-0.0004963213377238214,-0.0004963213377238214,1306.0,2492.199951171875,False,False,False,True
560,7554,internal,-0.035229552537202835,0.0,-0.0004959394846832874,-0.0004959394846832874,1314.5,2479.10009765625,False,False,False,True
561,7561,internal,-0.032136328518390656,0.0,-0.0005019584478669172,-0.0005019584478669172,1340.5,2477.199951171875,False,False,False,True
562,7574,internal,-0.02021845057606697,0.0,-0.0005268917097022948,-0.0005268917097022948,1381.4000244140625,2664.199951171875,False,False,False,True
563,7586,internal,-0.024036047980189323,0.0,-0.0005223336665944418,-0.0005223336665944418,1360.5,2580.25,False,False,False,True
564,7596,internal,-0.02412416972219944,0.0,-0.0005221852770099947,-0.0005221852770099947,1367.0,2553.300048828125,False,False,False,True
565,7600,internal,-0.019956568256020546,0.0,-0.0005274403223543196,-0.0005274403223543196,1385.0999755859375,2649.60009765625,False,False,False,True
566,7614,internal,-0.021599216386675835,0.0,-0.0005260511353812633,-0.0005260511353812633,1399.699951171875,2587.300048828125,False,False,False,True
567,7618,internal,-0.023004725575447083,0.0,-0.0005238802958165689,-0.0005238802958165689,1380.25,2584.25,False,False,False,True
568,7635,internal,-0.027488134801387787,0.0,-0.0005156485119977964,-0.0005156485119977964,1352.300048828125,2525.39990234375,False,False,False,True
569,7645,internal,-0.026342839002609253,0.0,-0.0005168560104036666,-0.0005168560104036666,1367.300048828125,2515.64990234375,False,False,False,True
570,7653,internal,-0.028300169855356216,0.0,-0.0005118052588183077,-0.0005118052588183077,1363.449951171875,2491.5,False,False,False,True
571,7667,internal,-0.023193173110485077,0.0,-0.0005230922904778264,-0.0005230922904778264,1386.0,2536.0,False,False,False,True
572,7675,internal,-0.01916210912168026,0.0,-0.0005296312789515112,-0.0005296312789515112,1420.4000244140625,2555.800048828125,False,False,False,True
573,7684,internal,-0.027767322957515717,0.0,-0.0005120483043346104,-0.0005120483043346104,1376.800048828125,2473.699951171875,False,False,False,True
574,7704,internal,-0.008459778502583504,0.0,-0.0005308668882633184,-0.0005308668882633184,1440.5,2843.0,False,False,False,True
575,7719,internal,-0.013499192893505096,0.0,-0.0005301680331422744,-0.0005301680331422744,1428.3499755859375,2755.550048828125,False,False,False,True
576,7740,internal,-0.008764486759901047,0.0,-0.0005340179567062228,-0.0005340179567062228,1448.5999755859375,2783.60009765625,False,False,False,True
577,7743,internal,-0.006036663427948952,0.0,-0.0005383336425120427,-0.0005383336425120427,1475.199951171875,2772.699951171875,False,False,False,True
578,7748,internal,-0.007189044263213873,0.0,-0.0005383678944068473,-0.0005383678944068473,1475.4000244140625,2751.300048828125,False,False,False,True
579,7759,internal,-0.012523702345788479,0.0,-0.0005337376946798001,-0.0005337376946798001,1438.5,2740.300048828125,False,False,False,True
580,7767,internal,-0.01812167838215828,0.0,-0.0005296324965613729,-0.0005296324965613729,1421.25,2689.25,False,False,False,True
581,7780,internal,-0.018415994942188263,0.0,-0.0005294828364275049,-0.0005294828364275049,1423.0,2669.0,False,False,False,True
582,7785,internal,-0.009248120710253716,0.0,-0.0005373825833309537,-0.0005373825833309537,1459.9000244140625,2735.5,False,False,False,True
583,7787,internal,-0.010765333659946918,0.0,-0.0005368653108979774,-0.0005368653108979774,1464.199951171875,2712.0,False,False,False,True
584,7802,internal,-0.013777680695056915,0.0,-0.0005344199797188134,-0.0005344199797188134,1452.0,2698.5,False,False,False,True
585,7807,internal,-0.013094814494252205,0.0,-0.0005364947339835536,-0.0005364947339835536,1467.0,2670.5,False,False,False,True
586,7827,internal,-0.0019890719559043646,0.0,-0.0005380494100186797,-0.0005380494100186797,1502.5,2846.75,False,False,False,True
587,7834,internal,-0.0010438102763146162,0.0,-0.0005413601971117007,-0.0005413601971117007,1504.5999755859375,2797.39990234375,False,False,False,True
588,7867,internal,0.0031962506473064423,0.0,-0.0005443293122896231,-0.0005443293122896231,1551.25,2789.25,False,False,False,True
589,7869,internal,0.001947052893228829,0.0,-0.0005438141044994556,-0.0005438141044994556,1534.5999755859375,2787.60009765625,False,False,False,True
590,7874,internal,0.004020306281745434,0.0,-0.0005444213741830778,-0.0005444213741830778,1564.699951171875,2840.199951171875,False,False,False,True
591,7878,internal,-0.003477312158793211,0.0,-0.0005427926886441854,-0.0005427926886441854,1524.9000244140625,2726.300048828125,False,False,False,True
592,7895,internal,-0.011150931008160114,0.0,-0.0005387466769529476,-0.0005387466769529476,1493.5999755859375,2676.60009765625,False,False,False,True
593,7906,internal,-0.009260997176170349,0.0,-0.0005395931805046098,-0.0005395931805046098,1497.699951171875,2700.800048828125,False,False,False,True
594,7913,internal,-0.002464584307745099,0.0,-0.0005428376872695082,-0.0005428376872695082,1528.75,2740.0,False,False,False,True
595,7915,internal,-0.0012815481750294566,0.0,-0.0005470606229676038,-0.0005470606229676038,1557.5,2703.75,False,False,False,True
596,7941,internal,-0.018891699612140656,0.0,-0.0005299357343564899,-0.0005299357343564899,1425.5,2609.75,False,False,False,True
597,7966,internal,-0.017382150515913963,0.0,-0.0005320472286753173,-0.0005320472286753173,1438.75,2611.0,False,False,False,True
598,7969,internal,-0.01550906989723444,0.0,-0.0005342071626908158,-0.0005342071626908158,1455.4000244140625,2641.89990234375,False,False,False,True
599,7981,internal,-0.012956910766661167,0.0,-0.0005375200673662049,-0.0005375200673662049,1481.75,2621.25,False,False,False,True
600,7982,internal,-0.01607697643339634,0.0,-0.0005330479981024983,-0.0005330479981024983,1452.25,2658.800048828125,False,False,False,True
601,7988,internal,-0.015613695606589317,0.0,-0.0005343192357376493,-0.0005343192357376493,1462.4000244140625,2599.199951171875,False,False,False,True
602,8002,internal,-0.018535558134317398,0.0,-0.0005305538566497488,-0.0005305538566497488,1429.300048828125,2539.300048828125,False,False,False,True
603,8006,internal,-0.018789488822221756,0.0,-0.0005301842326473907,-0.0005301842326473907,1425.0,2512.39990234375,False,False,False,True
604,8023,internal,-0.02189565822482109,0.0,-0.0005229671413598696,-0.0005229671413598696,1417.25,2467.5,False,False,False,True
605,8040,internal,-0.01735098659992218,0.0,-0.0005322580340000652,-0.0005322580340000652,1477.5,2539.5,False,False,False,True
606,8048,internal,-0.017748162150382996,0.0,-0.0005316626227777046,-0.0005316626227777046,1460.0,2553.699951171875,False,False,False,True
607,8056,internal,-0.01491017360240221,0.0,-0.0005348624485546354,-0.0005348624485546354,1492.0,2492.5,False,False,False,True
608,8074,internal,-0.01118642371147871,0.0,-0.0005402760478787744,-0.0005402760478787744,1536.199951171875,2624.89990234375,False,False,False,True
609,8081,internal,-0.011914150789380074,0.0,-0.000538750170963855,-0.000538750170963855,1502.300048828125,2639.199951171875,False,False,False,True
610,8082,internal,-0.011355455033481121,0.0,-0.0005406345545736998,-0.0005406345545736998,1535.699951171875,2586.39990234375,False,False,False,True
611,8088,internal,-0.0164373517036438,0.0,-0.0005341025011822707,-0.0005341025011822707,1505.199951171875,2556.10009765625,False,False,False,True
612,8102,internal,-0.010579013265669346,0.0,-0.0005413535796668003,-0.0005413535796668003,1552.199951171875,2640.0,False,False,False,True
613,8119,internal,-0.009899233467876911,0.0,-0.000544851931618079,-0.000544851931618079,1550.300048828125,2579.5,False,False,False,True
614,8126,internal,-0.008019465953111649,0.0,-0.0005490442682509549,-0.0005490442682509549,1571.0,2548.75,False,False,False,True
615,8130,internal,-0.011439744383096695,0.0,-0.0005396847659420317,-0.0005396847659420317,1520.25,2634.75,False,False,False,True
616,8131,internal,-0.008670628070831299,0.0,-0.0005482154994516258,-0.0005482154994516258,1560.199951171875,2539.699951171875,False,False,False,True
617,8151,internal,-0.015416144393384457,0.0,-0.000534520088425267,-0.000534520088425267,1492.5,2511.25,False,False,False,True
618,8154,internal,-0.01476337667554617,0.0,-0.0005349501694042354,-0.0005349501694042354,1495.5,2477.800048828125,False,False,False,True
619,8170,internal,-0.012449920177459717,0.0,-0.0005417913898214124,-0.0005417913898214124,1526.800048828125,2531.10009765625,False,False,False,True
620,8186,internal,-0.009879528544843197,0.0,-0.000546431330427353,-0.000546431330427353,1569.300048828125,2483.5,False,False,False,True
621,8200,internal,-0.03832758218050003,0.0,-0.00048202988020039166,-0.00048202988020039166,1297.25,2438.0,False,False,False,True
622,8214,internal,-0.03791836276650429,0.0,-0.0004820990192647113,-0.0004820990192647113,1298.800048828125,2422.10009765625,False,False,False,True
623,8221,internal,-0.03691525757312775,0.0,-0.0004647994301082263,-0.0004647994301082263,1291.75,2360.75,False,False,False,True
624,8250,internal,-0.03632497042417526,0.0,-0.00048451004560951146,-0.00048451004560951146,1317.25,2416.0,False,False,False,True
625,8259,internal,-0.03467453271150589,0.0,-0.0004820535971229148,-0.0004820535971229148,1314.199951171875,2376.39990234375,False,False,False,True
626,8275,internal,-0.03552880510687828,0.0,-0.00046090376676512614,-0.00046090376676512614,1303.800048828125,2316.699951171875,False,False,False,True
627,8289,internal,-0.03643658384680748,0.0,-0.000454712167678934,-0.000454712167678934,1294.0,2293.0,False,False,False,True
628,8304,internal,-0.026723569259047508,0.0,-0.0004952594760453198,-0.0004952594760453198,1344.800048828125,2326.800048828125,False,False,False,True
629,8316,internal,-0.03136080130934715,0.0,-0.00047093411916827475,-0.00047093411916827475,1325.0,2265.75,False,False,False,True
630,8325,internal,-0.03201822191476822,0.0,-0.0005004050953207712,-0.0005004050953207712,1349.0,2459.25,False,False,False,True
631,8327,internal,-0.032373882830142975,0.0,-0.0004982613078708298,-0.0004982613078708298,1349.9000244140625,2433.800048828125,False,False,False,True
632,8336,internal,-0.027514655143022537,0.0,-0.0005058279590677709,-0.0005058279590677709,1376.5999755859375,2415.300048828125,False,False,False,True
633,8343,internal,-0.02629772201180458,0.0,-0.0005057581847287408,-0.0005057581847287408,1374.25,2403.5,False,False,False,True
634,8364,internal,-0.025782834738492966,0.0,-0.0005134597788620913,-0.0005134597788620913,1399.9000244140625,2429.60009765625,False,False,False,True
635,8388,internal,-0.02538073994219303,0.0,-0.0005008235295967149,-0.0005008235295967149,1357.5,2348.5,False,False,False,True
636,8392,internal,-0.02442358434200287,0.0,-0.0005038034973842739,-0.0005038034973842739,1386.5,2358.89990234375,False,False,False,True
637,8407,internal,-0.025542039424180984,0.0,-0.0004982909010844245,-0.0004982909010844245,1364.0,2286.0,False,False,False,True
638,8409,internal,-0.025274621322751045,0.0,-0.0004998950756074057,-0.0004998950756074057,1370.9000244140625,2297.89990234375,False,False,False,True
639,8416,internal,-0.024009473621845245,0.0,-0.0005056517232751828,-0.0005056517232751828,1401.0,2372.60009765625,False,False,False,True
640,8417,internal,-0.02446611598134041,0.0,-0.0005031521819873945,-0.0005031521819873945,1389.25,2308.5,False,False,False,True
641,8436,internal,-0.0245357733219862,0.0,-0.000498210591773113,-0.000498210591773113,1386.199951171875,2265.199951171875,False,False,False,True
642,8446,internal,-0.020257756114006042,0.0,-0.0005063539135884566,-0.0005063539135884566,1400.5,2265.0,False,False,False,True
643,8453,internal,-0.029779687523841858,0.0,-0.0004754994149957386,-0.0004754994149957386,1336.4000244140625,2260.0,False,False,False,True
644,8455,internal,-0.03825918212532997,0.0,-0.00043431235852615946,-0.00043431235852615946,1283.5,2235.25,False,False,False,True
645,8461,internal,-0.03828473389148712,0.0,-0.0004321576655270221,-0.0004321576655270221,1281.0,2222.5,False,False,False,True
646,8482,internal,-0.033253662288188934,0.0,-0.00043531519259614934,-0.00043531519259614934,1288.75,2167.75,False,False,False,True
647,8506,internal,-0.028701694682240486,0.0,-0.00046467396335291423,-0.00046467396335291423,1334.5,2223.25,False,False,False,True
648,8540,internal,-0.021920224651694298,0.0,-0.0004216370663358705,-0.0004216370663358705,1310.0,2113.60009765625,False,False,False,True
649,8551,internal,-0.0312843918800354,0.0,-0.00044150488585821014,-0.00044150488585821014,1307.5,2167.75,False,False,False,True
650,8565,internal,-0.018544860184192657,0.0,-0.000428249773145746,-0.000428249773145746,1324.699951171875,2109.89990234375,False,False,False,True
651,8579,internal,-0.02931228280067444,0.0,-0.00045285150099161234,-0.00045285150099161234,1326.9000244140625,2177.10009765625,False,False,False,True
652,8581,internal,-0.027903426438570023,0.0,-0.00046428406349938124,-0.00046428406349938124,1341.75,2212.0,False,False,False,True
653,8588,internal,-0.029648344963788986,0.0,-0.00047368258226343734,-0.00047368258226343734,1338.0,2248.5,False,False,False,True
654,8594,internal,-0.02618316188454628,0.0,-0.0004790510770831351,-0.0004790510770831351,1373.5999755859375,2246.800048828125,False,False,False,True
655,8599,internal,-0.027044381946325302,0.0,-0.0004674796011720165,-0.0004674796011720165,1358.75,2202.5,False,False,False,True
656,8606,internal,-0.025666335597634315,0.0,-0.00047517865420652525,-0.00047517865420652525,1377.5,2229.5,False,False,False,True
657,8613,internal,-0.025409560650587082,0.0,-0.00046991074454931395,-0.00046991074454931395,1373.5,2189.25,False,False,False,True
658,8616,internal,-0.0198740866035223,0.0,-0.0004982393908933196,-0.0004982393908933196,1396.5999755859375,2232.60009765625,False,False,False,True
659,8629,internal,-0.01812269352376461,0.0,-0.0004992835178194881,-0.0004992835178194881,1408.9000244140625,2212.60009765625,False,False,False,True
660,8638,internal,-0.01784219965338707,0.0,-0.00048260030395080823,-0.00048260030395080823,1391.300048828125,2184.60009765625,False,False,False,True
661,8651,internal,-0.02367415279150009,0.0,-0.00045272518720335304,-0.00045272518720335304,1350.25,2159.75,False,False,False,True
662,8665,internal,-0.018111972138285637,0.0,-0.00044969895024105024,-0.00044969895024105024,1350.25,2132.0,False,False,False,True
663,8676,internal,-0.012081874534487724,0.0,-0.00047648769068694757,-0.00047648769068694757,1393.4000244140625,2133.300048828125,False,False,False,True
664,8690,internal,-0.01102625671774149,0.0,-0.00047630621387799834,-0.00047630621387799834,1398.9000244140625,2120.10009765625,False,False,False,True
665,8692,internal,-0.012954175472259521,0.0,-0.0004870891021152232,-0.0004870891021152232,1405.5,2165.39990234375,False,False,False,True
666,8706,internal,-0.024415364488959312,0.0,-0.0003990746497198577,-0.0003990746497198577,1284.25,2091.0,False,False,False,True
667,8707,internal,-0.023657813668251038,0.0,-0.0005195506869066786,-0.0005195506869066786,1404.25,2469.0,False,False,False,True
668,8725,internal,-0.024303585290908813,0.0,-0.0005038867713109008,-0.0005038867713109008,1403.699951171875,2325.10009765625,False,False,False,True
669,8740,internal,-0.014667308889329433,0.0,-0.0005343395645283835,-0.0005343395645283835,1483.5,2387.75,False,False,False,True
670,8743,internal,-0.01790863834321499,0.0,-0.0005295609222773299,-0.0005295609222773299,1443.699951171875,2458.39990234375,False,False,False,True
671,8746,internal,-0.015606433153152466,0.0,-0.0005317638432149015,-0.0005317638432149015,1443.5999755859375,2402.199951171875,False,False,False,True
672,8759,internal,-0.014695005491375923,0.0,-0.0005340822253310958,-0.0005340822253310958,1480.75,2359.0,False,False,False,True
673,8768,internal,-0.023678859695792198,0.0,-0.000505696298384032,-0.000505696298384032,1433.25,2323.75,False,False,False,True
674,8780,internal,-0.017051730304956436,0.0,-0.0005100081725415893,-0.0005100081725415893,1414.300048828125,2256.10009765625,False,False,False,True
675,8788,internal,-0.0160207599401474,0.0,-0.0005126912023415765,-0.0005126912023415765,1437.0999755859375,2252.699951171875,False,False,False,True
676,8813,internal,-0.013146227225661278,0.0,-0.0005278977730853961,-0.0005278977730853961,1476.25,2285.0,False,False,False,True
677,8815,internal,-0.017044033855199814,0.0,-0.0005233473532740684,-0.0005233473532740684,1462.300048828125,2319.39990234375,False,False,False,True
678,8818,internal,-0.014760524034500122,0.0,-0.000534816020561214,-0.000534816020561214,1488.0,2455.75,False,False,False,True
679,8826,internal,-0.013987412676215172,0.0,-0.0005361576678101056,-0.0005361576678101056,1526.75,2404.75,False,False,False,True
680,8831,internal,-0.01456022821366787,0.0,-0.0005347180294371285,-0.0005347180294371285,1502.0,2400.25,False,False,False,True
681,8838,internal,-0.014545245096087456,0.0,-0.0005333614532325415,-0.0005333614532325415,1490.25,2343.0,False,False,False,True
682,8859,internal,-0.010647197254002094,0.0,-0.0005447570639279865,-0.0005447570639279865,1572.300048828125,2425.699951171875,False,False,False,True
683,8874,internal,-0.005171452648937702,0.0,-0.0005552242735736815,-0.0005552242735736815,1567.300048828125,2336.39990234375,False,False,False,True
684,8884,internal,-0.010919267311692238,0.0,-0.000539009415985274,-0.000539009415985274,1511.9000244140625,2319.699951171875,False,False,False,True
685,8885,internal,-0.011421970091760159,0.0,-0.0005321035034267505,-0.0005321035034267505,1493.0999755859375,2291.60009765625,False,False,False,True
686,8903,internal,-0.00512311514467001,0.0,-0.0005381306722420569,-0.0005381306722420569,1513.0,2248.89990234375,False,False,False,True
687,8930,internal,-0.0020743897184729576,0.0,-0.00054755730191205,-0.00054755730191205,1550.300048828125,2249.800048828125,False,False,False,True
688,8937,internal,-0.005936050787568092,0.0,-0.0005538551506935633,-0.0005538551506935633,1579.5999755859375,2348.199951171875,False,False,False,True
689,8953,internal,-0.010602597147226334,0.0,-0.0005188256267038289,-0.0005188256267038289,1442.4000244140625,2223.5,False,False,False,True
690,8979,internal,-0.006273286882787943,0.0,-0.0005242902068234808,-0.0005242902068234808,1461.0,2205.39990234375,False,False,False,True
691,8983,internal,-0.014635646715760231,0.0,-0.0005143508045830436,-0.0005143508045830436,1442.5,2239.25,False,False,False,True
692,8986,internal,-0.0055971513502299786,0.0,-0.0005228248398247309,-0.0005228248398247309,1453.4000244140625,2190.60009765625,False,False,False,True
693,9021,internal,0.0022003264166414738,0.0,-0.0005311029457578064,-0.0005311029457578064,1463.9000244140625,2147.60009765625,False,False,False,True
694,9022,internal,0.008477217517793179,0.0,-0.0005431741181682458,-0.0005431741181682458,1481.4000244140625,2136.199951171875,False,False,False,True
695,9046,internal,0.013905879110097885,0.0,-0.0005337254127020649,-0.0005337254127020649,1474.5999755859375,2098.60009765625,False,False,False,True
696,9057,internal,-0.004174582194536924,0.0,-0.0005339562821197509,-0.0005339562821197509,1496.199951171875,2219.800048828125,False,False,False,True
697,9059,internal,-0.00451600132510066,0.0,-0.0005352781299735004,-0.0005352781299735004,1499.0,2231.0,False,False,False,True
698,9071,internal,0.010605021379888058,0.0,-0.0005509858265847394,-0.0005509858265847394,1521.75,2154.25,False,False,False,True
699,9084,internal,-0.00036955359973944724,0.0,-0.0005506744890370642,-0.0005506744890370642,1561.5,2239.25,False,False,False,True
700,9098,internal,0.012316719628870487,0.0,-0.0005564998522526873,-0.0005564998522526873,1558.25,2174.0,False,False,False,True
701,9115,internal,0.009919176809489727,0.0,-0.0005474806454303235,-0.0005474806454303235,1504.25,2143.0,False,False,False,True
702,9148,internal,0.019320759922266006,0.0,-0.0005658978416211513,-0.0005658978416211513,1553.25,2116.0,False,False,False,True
703,9150,internal,0.01191577035933733,0.0,-0.0005544499266412135,-0.0005544499266412135,1537.25,2161.75,False,False,False,True
704,9160,internal,0.016872316598892212,0.0,-0.0005528027122565999,-0.0005528027122565999,1525.699951171875,2107.800048828125,False,False,False,True
705,9168,internal,0.022784607484936714,0.0,-0.0005746143929835493,-0.0005746143929835493,1567.0,2118.0,False,False,False,True
706,9180,internal,0.003808936569839716,0.0,-0.0005444117391833027,-0.0005444117391833027,1566.0,2815.5,False,False,False,True
707,9210,internal,0.01383973378688097,0.0,-0.0005517887608791773,-0.0005517887608791773,1646.5,2819.5,False,False,False,True
708,9243,internal,0.0010324104223400354,0.0,-0.0005500655782271068,-0.0005500655782271068,1598.25,2709.0,False,False,False,True
709,9256,internal,0.000839461397845298,0.0,-0.0005504258319274859,-0.0005504258319274859,1618.25,2673.0,False,False,False,True
710,9261,internal,0.001110451645217836,0.0,-0.0005503906800601748,-0.0005503906800601748,1616.300048828125,2696.699951171875,False,False,False,True
711,9269,internal,0.0028948718681931496,0.0,-0.0005483587538988302,-0.0005483587538988302,1617.699951171875,2759.699951171875,False,False,False,True
712,9286,internal,-0.0007683521835133433,0.0,-0.0005522979864991547,-0.0005522979864991547,1631.699951171875,2641.800048828125,False,False,False,True
713,9289,internal,0.0036194254644215107,0.0,-0.0005486379571340689,-0.0005486379571340689,1626.75,2771.75,False,False,False,True
714,9290,internal,0.014113367535173893,0.0,-0.0005517670556599039,-0.0005517670556599039,1646.25,2852.25,False,False,False,True
715,9296,internal,0.01399265043437481,0.0,-0.0005522083598254234,-0.0005522083598254234,1651.800048828125,2809.10009765625,False,False,False,True
716,9328,internal,0.022052297368645668,0.0,-0.0005572491587736521,-0.0005572491587736521,1698.0,2838.75,False,False,False,True
717,9346,internal,0.012282736599445343,0.0,-0.0005557461517483086,-0.0005557461517483086,1693.0999755859375,2761.300048828125,False,False,False,True
718,9347,internal,0.0025662186089903116,0.0,-0.0005519923664238735,-0.0005519923664238735,1663.75,2708.5,False,False,False,True
719,9371,internal,0.008884893730282784,0.0,-0.0005642144695176018,-0.0005642144695176018,1673.699951171875,2660.199951171875,False,False,False,True
720,9383,internal,0.0036029182374477386,0.0,-0.000553244704636389,-0.000553244704636389,1677.5,2705.5,False,False,False,True
721,9392,internal,0.008672465570271015,0.0,-0.0005545299183151698,-0.0005545299183151698,1682.0,2750.5,False,False,False,True
722,9394,internal,0.012626546435058117,0.0,-0.0005688076115532067,-0.0005688076115532067,1701.25,2659.25,False,False,False,True
723,9409,internal,0.005230423994362354,0.0,-0.0005548392441595952,-0.0005548392441595952,1685.800048828125,2711.39990234375,False,False,False,True
724,9417,internal,-0.008350332267582417,0.0,-0.000546418307295789,-0.000546418307295789,1572.0,2610.5,False,False,False,True
725,9419,internal,-0.007023332640528679,0.0,-0.0005490693086624581,-0.0005490693086624581,1585.25,2609.0,False,False,False,True
726,9436,internal,-0.006309380289167166,0.0,-0.0005513947846795856,-0.0005513947846795856,1599.5,2559.0,False,False,False,True
727,9457,internal,-0.006138321943581104,0.0,-0.0005512102903157618,-0.0005512102903157618,1608.800048828125,2586.199951171875,False,False,False,True
728,9458,internal,-0.006121279206126928,0.0,-0.0005515792261038502,-0.0005515792261038502,1617.800048828125,2571.300048828125,False,False,False,True
729,9473,internal,-0.006162295583635569,0.0,-0.0005506479663179033,-0.0005506479663179033,1600.5999755859375,2606.60009765625,False,False,False,True
730,9478,internal,-0.009185630828142166,0.0,-0.0005476309408389019,-0.0005476309408389019,1577.0,2502.199951171875,False,False,False,True
731,9492,internal,-0.009611289948225021,0.0,-0.0005472441114798027,-0.0005472441114798027,1581.9000244140625,2460.199951171875,False,False,False,True
732,9511,internal,-0.006862914655357599,0.0,-0.0005516064370372808,-0.0005516064370372808,1612.800048828125,2519.10009765625,False,False,False,True
733,9512,internal,-0.00374317797832191,0.0,-0.0005598424030812304,-0.0005598424030812304,1640.9000244140625,2512.300048828125,False,False,False,True
734,9516,internal,-0.0004979699151590466,0.0,-0.0005680332116811794,-0.0005680332116811794,1648.75,2479.0,False,False,False,True
735,9522,internal,-0.0023032338358461857,0.0,-0.0005644940962693142,-0.0005644940962693142,1625.800048828125,2465.699951171875,False,False,False,True
736,9538,internal,-0.005577565170824528,0.0,-0.0005526379643483589,-0.0005526379643483589,1647.5,2565.5,False,False,False,True
737,9542,internal,-0.0002584134344942868,0.0,-0.0005561781385514082,-0.0005561781385514082,1655.5999755859375,2622.800048828125,False,False,False,True
738,9568,internal,0.0017926060827448964,0.0,-0.0005638333046913374,-0.0005638333046913374,1679.0,2567.10009765625,False,False,False,True
739,9577,internal,0.010524929501116276,0.0,-0.0005690884029752215,-0.0005690884029752215,1690.25,2612.75,False,False,False,True
740,9591,internal,0.0024284704122692347,0.0,-0.0005663863678734803,-0.0005663863678734803,1684.5,2545.75,False,False,False,True
741,9592,internal,0.004905369132757187,0.0,-0.000566679123635875,-0.000566679123635875,1688.0,2582.5,False,False,False,True
742,9600,internal,0.002222425304353237,0.0,-0.00055671764559925,-0.00055671764559925,1651.0,2640.699951171875,False,False,False,True
743,9626,internal,0.0008756777388043702,0.0,-0.0005708451493078269,-0.0005708451493078269,1672.75,2475.0,False,False,False,True
744,9630,internal,-0.005067653022706509,0.0,-0.0005549496231405343,-0.0005549496231405343,1650.4000244140625,2534.800048828125,False,False,False,True
745,9656,internal,0.0036607086658477783,0.0,-0.0005768652242222,-0.0005768652242222,1694.0999755859375,2453.699951171875,False,False,False,True
746,9667,internal,0.024508919566869736,0.0,-0.0005592079224641777,-0.0005592079224641777,1723.0,2801.75,False,False,False,True
747,9690,internal,0.024291105568408966,0.0,-0.0005587705358260392,-0.0005587705358260392,1714.5999755859375,2830.800048828125,False,False,False,True
748,9701,internal,0.03348305821418762,0.0,-0.0005645224718730472,-0.0005645224718730472,1775.5,2833.75,False,False,False,True
749,9707,internal,0.030429523438215256,0.0,-0.0005647579470323839,-0.0005647579470323839,1750.5,2787.199951171875,False,False,False,True
750,9718,internal,0.03497879207134247,0.0,-0.0005666933114377415,-0.0005666933114377415,1769.699951171875,2799.39990234375,False,False,False,True
751,9748,internal,0.01490003615617752,0.0,-0.0005685228496642516,-0.0005685228496642516,1709.0,2671.5,False,False,False,True
752,9753,internal,0.025332069024443626,0.0,-0.0005700204568545564,-0.0005700204568545564,1737.199951171875,2724.800048828125,False,False,False,True
753,9756,internal,0.025806162506341934,0.0,-0.0005706927892564395,-0.0005706927892564395,1756.5,2724.75,False,False,False,True
754,9759,internal,0.02649409882724285,0.0,-0.0005710856537252879,-0.0005710856537252879,1773.5,2726.25,False,False,False,True
755,9785,internal,0.04607454687356949,0.0,-0.0005728818929690591,-0.0005728818929690591,1790.75,2793.5,False,False,False,True
756,9789,internal,0.04945293068885803,0.0,-0.0005741095084074266,-0.0005741095084074266,1802.75,2827.25,False,False,False,True
757,9804,internal,0.029798641800880432,0.0,-0.0005720464008457111,-0.0005720464008457111,1789.5999755859375,2726.800048828125,False,False,False,True
758,9805,internal,0.05254397168755531,0.0,-0.0005765704038169963,-0.0005765704038169963,1803.0999755859375,2782.60009765625,False,False,False,True
759,9816,internal,0.057375166565179825,0.0,-0.0005787698307436605,-0.0005787698307436605,1839.25,2813.5,False,False,False,True
760,9837,internal,0.05011986941099167,0.0,-0.000578237152898956,-0.000578237152898956,1829.300048828125,2738.5,False,False,False,True
761,9867,internal,0.02817119099199772,0.0,-0.0005737003914939027,-0.0005737003914939027,1800.0999755859375,2685.10009765625,False,False,False,True
762,9877,internal,0.04616425186395645,0.0,-0.000578312115314788,-0.000578312115314788,1842.800048828125,2716.60009765625,False,False,False,True
763,9896,internal,0.029338683933019638,0.0,-0.0005871755739539754,-0.0005871755739539754,1852.800048828125,2653.89990234375,False,False,False,True
764,9902,internal,0.03362283855676651,0.0,-0.0005765409694220792,-0.0005765409694220792,1825.300048828125,2687.10009765625,False,False,False,True
765,9905,internal,0.05888379365205765,0.0,-0.0005796194577293158,-0.0005796194577293158,1852.5,2804.25,False,False,False,True
766,9906,internal,0.012614978477358818,0.0,-0.000569951635427592,-0.000569951635427592,1709.0999755859375,2637.0,False,False,False,True
767,9910,internal,0.01363762654364109,0.0,-0.0005723270334490483,-0.0005723270334490483,1724.5,2637.75,False,False,False,True
768,9930,internal,0.014215630479156971,0.0,-0.0005783336087758246,-0.0005783336087758246,1731.0,2585.0,False,False,False,True
769,9946,internal,0.017851464450359344,0.0,-0.0005800544091477309,-0.0005800544091477309,1762.5,2623.25,False,False,False,True
770,9947,internal,0.017687400802969933,0.0,-0.0005783958127578885,-0.0005783958127578885,1760.199951171875,2637.199951171875,False,False,False,True
771,9967,internal,0.014810459688305855,0.0,-0.0005759527050402111,-0.0005759527050402111,1735.0,2614.60009765625,False,False,False,True
772,9970,internal,0.010396684519946575,0.0,-0.0005872887587315522,-0.0005872887587315522,1708.0,2509.25,False,False,False,True
773,9980,internal,0.012568529695272446,0.0,-0.0005913674341308185,-0.0005913674341308185,1732.300048828125,2515.300048828125,False,False,False,True
774,10006,internal,0.016698721796274185,0.0,-0.0005827585618318402,-0.0005827585618318402,1754.300048828125,2567.60009765625,False,False,False,True
775,10013,internal,0.013624862767755985,0.0,-0.0005942146824434546,-0.0005942146824434546,1753.800048828125,2497.39990234375,False,False,False,True
776,10018,internal,0.013654926791787148,0.0,-0.0005948068643527038,-0.0005948068643527038,1748.0999755859375,2469.800048828125,False,False,False,True
777,10030,internal,0.014415299519896507,0.0,-0.000596772298427689,-0.000596772298427689,1760.75,2451.0,False,False,False,True
778,10034,internal,0.01930609717965126,0.0,-0.0005837000389527134,-0.0005837000389527134,1786.9000244140625,2600.699951171875,False,False,False,True
779,10045,internal,0.018645884469151497,0.0,-0.000583828258565104,-0.000583828258565104,1776.25,2580.25,False,False,False,True
780,10069,internal,0.025300724431872368,0.0,-0.0005892323287685864,-0.0005892323287685864,1837.199951171875,2615.60009765625,False,False,False,True
781,10113,internal,0.024393996223807335,0.0,-0.0006096560930719005,-0.0006096560930719005,1829.800048828125,2521.60009765625,False,False,False,True
782,10120,internal,0.025006260722875595,0.0,-0.00060911716835921,-0.00060911716835921,1836.5,2534.25,False,False,False,True
783,10139,internal,0.03193875402212143,0.0,-0.0006248864866173617,-0.0006248864866173617,1852.25,2499.75,False,False,False,True
784,10173,internal,-0.0034627823624759912,0.0,-0.0005591531829599614,-0.0005591531829599614,1582.75,2325.25,False,False,False,True
785,10175,internal,-0.002193943364545703,0.0,-0.0005660250553819171,-0.0005660250553819171,1619.199951171875,2415.0,False,False,False,True
786,10182,internal,-0.0012638919288292527,0.0,-0.0005682197706878122,-0.0005682197706878122,1633.0,2407.5,False,False,False,True
787,10198,internal,-0.0032336576841771603,0.0,-0.0005637186376061028,-0.0005637186376061028,1614.0999755859375,2375.5,False,False,False,True
788,10201,internal,-0.00044815384899266064,0.0,-0.0005707743161776128,-0.0005707743161776128,1638.0,2359.5,False,False,False,True
789,10226,internal,-0.002270606579259038,0.0,-0.0005532888032892054,-0.0005532888032892054,1571.0999755859375,2275.39990234375,False,False,False,True
790,10232,internal,9.890526416711509e-05,0.0,-0.0005650662140856252,-0.0005650662140856252,1592.5,2276.0,False,False,False,True
791,10237,internal,0.002417022828012705,0.0,-0.0005706333910710133,-0.0005706333910710133,1603.300048828125,2272.5,False,False,False,True
792,10248,internal,0.0014902304392307997,0.0,-0.0005712062500411532,-0.0005712062500411532,1618.25,2317.25,False,False,False,True
793,10271,internal,0.00433947890996933,0.0,-0.0005755896984827535,-0.0005755896984827535,1628.5,2271.0,False,False,False,True
794,10274,internal,-0.0007879922632128,0.0,-0.0005657064651146311,-0.0005657064651146311,1605.0,2318.5,False,False,False,True
795,10279,internal,-0.0006659546634182334,0.0,-0.0005696286511768921,-0.0005696286511768921,1647.5,2409.25,False,False,False,True
796,10283,internal,0.001157640479505062,0.0,-0.0005735396669921612,-0.0005735396669921612,1674.25,2411.75,False,False,False,True
797,10291,internal,4.107017593923956e-05,0.0,-0.0005716302429708132,-0.0005716302429708132,1649.300048828125,2368.60009765625,False,False,False,True
798,10299,internal,0.0018862989963963628,0.0,-0.0005755583053241458,-0.0005755583053241458,1665.0999755859375,2363.5,False,False,False,True
799,10320,internal,0.004805478733032942,0.0,-0.0005815892857877149,-0.0005815892857877149,1693.6500244140625,2398.60009765625,False,False,False,True
800,10331,internal,0.004117499105632305,0.0,-0.0005807107538027345,-0.0005807107538027345,1690.75,2383.25,False,False,False,True
801,10344,internal,0.0028380360454320908,0.0,-0.0005742870147494355,-0.0005742870147494355,1641.4000244140625,2307.39990234375,False,False,False,True
802,10347,internal,0.005632280837744474,0.0,-0.0005812674132677582,-0.0005812674132677582,1674.800048828125,2326.5,False,False,False,True
803,10352,internal,0.003573792753741145,0.0,-0.0005756794839751624,-0.0005756794839751624,1639.25,2289.0,False,False,False,True
804,10368,internal,0.012060378678143024,0.0,-0.0005948897677024163,-0.0005948897677024163,1681.5,2276.75,False,False,False,True
805,10377,internal,0.012332236394286156,0.0,-0.0005959199185849552,-0.0005959199185849552,1692.9000244140625,2323.39990234375,False,False,False,True
806,10389,internal,0.014946048147976398,0.0,-0.0006011829578027198,-0.0006011829578027198,1690.0,2275.25,False,False,False,True
807,10411,internal,0.0057042259722948074,0.0,-0.0005687448252359915,-0.0005687448252359915,1596.4000244140625,2238.300048828125,False,False,False,True
808,10415,internal,0.009515528567135334,0.0,-0.0005772420480046098,-0.0005772420480046098,1610.5,2227.800048828125,False,False,False,True
809,10432,internal,0.01766260340809822,0.0,-0.0005849527477421433,-0.0005849527477421433,1604.5,2199.10009765625,False,False,False,True
810,10437,internal,0.02017982117831707,0.0,-0.0005774676764059346,-0.0005774676764059346,1577.4000244140625,2171.39990234375,False,False,False,True
811,10438,internal,0.00905290525406599,0.0,-0.0005802776552688916,-0.0005802776552688916,1633.300048828125,2241.699951171875,False,False,False,True
812,10462,internal,0.029789848253130913,0.0,-0.0006020656720128771,-0.0006020656720128771,1620.199951171875,2186.60009765625,False,False,False,True
813,10479,internal,0.030083244666457176,0.0,-0.0005951644710751227,-0.0005951644710751227,1603.5999755859375,2133.699951171875,False,False,False,True
814,10484,internal,0.030140206217765808,0.0,-0.0005977320396964873,-0.0005977320396964873,1606.5,2148.75,False,False,False,True
815,10502,internal,0.032333359122276306,0.0,-0.0006052153640272423,-0.0006052153640272423,1629.300048828125,2173.199951171875,False,False,False,True
816,10504,internal,0.03356117755174637,0.0,-0.0006083179927734756,-0.0006083179927734756,1651.0999755859375,2165.300048828125,False,False,False,True
817,10510,internal,0.032838840037584305,0.0,-0.0005999341136011117,-0.0005999341136011117,1623.5999755859375,2113.800048828125,False,False,False,True
818,10520,internal,0.03503984585404396,0.0,-0.0006012247800544904,-0.0006012247800544904,1630.25,2100.75,False,False,False,True
819,10531,internal,0.023796595633029938,0.0,-0.0006147167443548306,-0.0006147167443548306,1673.0,2238.75,False,False,False,True
820,10547,internal,0.03389836475253105,0.0,-0.0006126143556401862,-0.0006126143556401862,1661.949951171875,2204.449951171875,False,False,False,True
821,10554,internal,0.03473838418722153,0.0,-0.0006124023327055766,-0.0006124023327055766,1672.75,2178.75,False,False,False,True
822,10559,internal,0.03355659916996956,0.0,-0.000633639830973406,-0.000633639830973406,1684.0,2233.25,False,False,False,True
823,10566,internal,0.042448174208402634,0.0,-0.0006503055218479896,-0.0006503055218479896,1708.5,2227.5,False,False,False,True
824,10577,internal,0.04046725854277611,0.0,-0.0006297541732069954,-0.0006297541732069954,1688.0,2184.0,False,False,False,True
825,10596,internal,0.035114314407110214,0.0,-0.0006100575866888991,-0.0006100575866888991,1655.5999755859375,2134.300048828125,False,False,False,True
826,10600,internal,0.03902150318026543,0.0,-0.0006188275540665333,-0.0006188275540665333,1668.0,2129.25,False,False,False,True
827,10618,internal,0.0417809933423996,0.0,-0.0006182714239971016,-0.0006182714239971016,1669.75,2099.5,False,False,False,True
828,10641,internal,0.05028510093688965,0.0,-0.0006438193141148306,-0.0006438193141148306,1697.25,2129.5,False,False,False,True
829,10675,internal,0.018941279500722885,0.0,-0.0006103942822854327,-0.0006103942822854327,1730.25,2380.5,False,False,False,True
830,10682,internal,0.01586853340268135,0.0,-0.000603817336147799,-0.000603817336147799,1729.300048828125,2397.699951171875,False,False,False,True
831,10695,internal,0.0198843851685524,0.0,-0.0006100767508093307,-0.0006100767508093307,1763.699951171875,2418.699951171875,False,False,False,True
832,10711,internal,0.025034092366695404,0.0,-0.0006207394133076046,-0.0006207394133076046,1797.0999755859375,2401.800048828125,False,False,False,True
833,10719,internal,0.024321498349308968,0.0,-0.0006210007229718326,-0.0006210007229718326,1732.4000244140625,2348.300048828125,False,False,False,True
834,10746,internal,0.030214741826057434,0.0,-0.0006326861248143569,-0.0006326861248143569,1763.5,2333.75,False,False,False,True
835,10748,internal,0.03290112689137459,0.0,-0.0006374129921765095,-0.0006374129921765095,1758.5,2287.25,False,False,False,True
836,10750,internal,0.03182758018374443,0.0,-0.0006357999767471413,-0.0006357999767471413,1767.75,2321.25,False,False,False,True
837,10760,internal,0.033624641597270966,0.0,-0.0006381871802903,-0.0006381871802903,1743.9000244140625,2269.60009765625,False,False,False,True
838,10793,internal,0.0299968421459198,0.0,-0.0006321748874911297,-0.0006321748874911297,1801.5,2363.10009765625,False,False,False,True
839,10802,internal,0.028182802721858025,0.0,-0.00062760466828466,-0.00062760466828466,1810.199951171875,2387.300048828125,False,False,False,True
840,10826,internal,0.045701753348112106,0.0,-0.0006621682712138453,-0.0006621682712138453,1861.0,2364.0,False,False,False,True
841,10840,internal,0.04109635576605797,0.0,-0.0006537981033873151,-0.0006537981033873151,1822.75,2316.0,False,False,False,True
842,10858,internal,0.04086117818951607,0.0,-0.0006537334112459686,-0.0006537334112459686,1831.0,2342.300048828125,False,False,False,True
843,10860,internal,0.04460504278540611,0.0,-0.0006603098809275694,-0.0006603098809275694,1834.0,2309.5,False,False,False,True
844,10901,internal,0.02936556376516819,0.0,-0.0006299161682581577,-0.0006299161682581577,1720.800048828125,2263.699951171875,False,False,False,True
845,10910,internal,0.049293000251054764,0.0,-0.0006617488310862768,-0.0006617488310862768,1722.25,2216.75,False,False,False,True
846,10925,internal,0.05042219161987305,0.0,-0.0006644893532475589,-0.0006644893532475589,1752.75,2214.25,False,False,False,True
847,10929,internal,0.05157105252146721,0.0,-0.0006668691452524291,-0.0006668691452524291,1765.75,2206.75,False,False,False,True
848,10932,internal,0.05263809114694595,0.0,-0.0006689655517968835,-0.0006689655517968835,1781.4000244140625,2196.0,False,False,False,True
849,10946,internal,0.05897802859544754,0.0,-0.00066412576435495,-0.00066412576435495,1719.9000244140625,2146.89990234375,False,False,False,True
850,10952,internal,0.055580221116542816,0.0,-0.0006555887310378107,-0.0006555887310378107,1712.300048828125,2131.39990234375,False,False,False,True
851,10971,internal,0.08123303204774857,0.0,-0.0007058320784909756,-0.0007058320784909756,1746.0,2104.5,False,False,False,True
852,11014,internal,0.061648134142160416,0.0,-0.0006868923688508103,-0.0006868923688508103,1815.0,2239.5,False,False,False,True
853,11020,internal,0.054686859250068665,0.0,-0.0006732596912021075,-0.0006732596912021075,1798.25,2237.75,False,False,False,True
854,11045,internal,0.08349728584289551,0.0,-0.0007273382450217623,-0.0007273382450217623,1841.300048828125,2228.0,False,False,False,True
855,11065,internal,0.10711133480072021,0.0,-0.0007688254952618043,-0.0007688254952618043,1842.0999755859375,2199.5,False,False,False,True
856,11076,internal,0.10254526883363724,0.0,-0.0007538998747586771,-0.0007538998747586771,1790.699951171875,2131.39990234375,False,False,False,True
857,11094,internal,0.1161736249923706,0.0,-0.0007817129427356009,-0.0007817129427356009,1830.5,2123.25,False,False,False,True
858,11114,internal,0.11892363429069519,0.0,-0.0007865984170171269,-0.0007865984170171269,1824.75,2111.75,False,False,False,True
859,11123,internal,0.13007356226444244,0.0,-0.0008074901140842398,-0.0008074901140842398,1855.0,2100.800048828125,False,False,False,True
860,11125,internal,0.11567702144384384,0.0,-0.0007836643478273972,-0.0007836643478273972,1854.5999755859375,2192.300048828125,False,False,False,True
861,11139,internal,-0.019690189510583878,0.0,-0.00039634733597859685,-0.00039634733597859685,1296.300048828125,2048.699951171875,False,False,False,True
862,11142,internal,-0.01504689920693636,0.0,-0.00041512105363087997,-0.00041512105363087997,1327.5999755859375,2055.89990234375,False,False,False,True
863,11166,internal,-0.01421394757926464,0.0,-0.0004228508116097267,-0.0004228508116097267,1337.699951171875,2069.89990234375,False,False,False,True
864,11172,internal,-0.011317470110952854,0.0,-0.0003889764023320307,-0.0003889764023320307,1336.9000244140625,2009.800048828125,False,False,False,True
865,11183,internal,-0.017684508115053177,0.0,-0.00032590018809060793,-0.00032590018809060793,1277.300048828125,1977.800048828125,False,False,False,True
866,11193,internal,-0.01069272868335247,0.0,-0.0003571464129516514,-0.0003571464129516514,1321.199951171875,1981.0,False,False,False,True
867,11223,internal,-0.0075635602697730064,0.0,-0.00034447869111832853,-0.00034447869111832853,1330.5999755859375,1960.300048828125,False,False,False,True
868,11230,internal,-0.0028155718464404345,0.0,-0.00034237333778836877,-0.00034237333778836877,1344.5999755859375,1951.0999755859375,False,False,False,True
869,11248,internal,-0.008255727589130402,0.0,-0.0004423451425418864,-0.0004423451425418864,1367.75,2063.0,False,False,False,True
870,11261,internal,-0.005690343212336302,0.0,-0.0004453556829248854,-0.0004453556829248854,1381.0,2053.5,False,False,False,True
871,11268,internal,-0.0019463211065158248,0.0,-0.0004539975365692474,-0.0004539975365692474,1403.300048828125,2045.199951171875,False,False,False,True
872,11278,internal,0.007613821420818567,0.0,-0.00047871506970087116,-0.00047871506970087116,1428.75,2053.5,False,False,False,True
873,11296,internal,0.018851079046726227,0.0,-0.0005018805208357698,-0.0005018805208357698,1441.300048828125,2006.5,False,False,False,True
874,11303,internal,0.012099558487534523,0.0,-0.0004205456114437741,-0.0004205456114437741,1388.9000244140625,1968.699951171875,False,False,False,True
875,11322,internal,0.013151882216334343,0.0,-0.00047671813658815994,-0.00047671813658815994,1408.300048828125,2006.5999755859375,False,False,False,True
876,11343,internal,0.017749261111021042,0.0,-0.00042296105824176776,-0.00042296105824176776,1408.0,1944.0,False,False,False,True
877,11358,internal,-0.010070414282381535,0.0,-0.0002344581374648391,-0.0002344581374648391,1291.75,1927.5,False,False,False,True
878,11384,internal,0.0027072534430772066,0.0,-0.0002816596307857362,-0.0002816596307857362,1336.5,1908.25,False,False,False,True
879,11401,internal,0.004312592092901468,0.0,-0.0002736509077996672,-0.0002736509077996672,1339.0,1895.5,False,False,False,True
880,11410,internal,0.006696016527712345,0.0,-0.0002516875552356,-0.0002516875552356,1337.25,1867.5,False,False,False,True
881,11416,internal,0.008317205123603344,0.0,-0.0002963768282442797,-0.0002963768282442797,1360.0,1896.25,False,False,False,True
882,11433,internal,-0.002322144340723753,0.0,-0.00017117087967065197,-0.00017117087967065197,1290.699951171875,1840.199951171875,False,False,False,True
883,11434,internal,-0.002489705104380846,0.0,-0.0001830609458490566,-0.0001830609458490566,1299.25,1848.5,False,False,False,True
884,11447,internal,0.00629654573276639,0.0,-0.00014253986903425614,-0.00014253986903425614,1311.5,1806.25,False,False,False,True
885,11457,internal,0.005812619347125292,0.0,-0.00023941947413470355,-0.00023941947413470355,1332.75,1851.5,False,False,False,True
886,11502,internal,0.010671330615878105,0.0,-0.0002613045555604885,-0.0002613045555604885,1363.5,1864.75,False,False,False,True
887,11513,internal,0.020450403913855553,0.0,-0.0004054878802706548,-0.0004054878802706548,1405.75,1924.75,False,False,False,True
888,11522,internal,0.02690913900732994,0.0,-0.000390406193946996,-0.000390406193946996,1416.550048828125,1900.8499755859375,False,False,False,True
889,11523,internal,0.030477264896035194,0.0,-0.00039490737996826454,-0.00039490737996826454,1430.800048828125,1897.4000244140625,False,False,False,True
890,11542,internal,0.028737951070070267,0.0,-0.0003112211335844705,-0.0003112211335844705,1397.5,1861.5,False,False,False,True
891,11550,internal,0.027731018140912056,0.0,-0.00028721651102685925,-0.00028721651102685925,1384.25,1858.5,False,False,False,True
892,11568,internal,0.039962269365787506,0.0,-0.00023693351184385098,-0.00023693351184385098,1382.5,1804.75,False,False,False,True
893,11576,internal,0.03581603989005089,0.0,-0.0003527396975737813,-0.0003527396975737813,1418.800048828125,1859.300048828125,False,False,False,True
894,11598,internal,0.04406462982296944,0.0,-0.0002765771684044144,-0.0002765771684044144,1424.800048828125,1813.800048828125,False,False,False,True
895,11600,internal,0.04136776179075241,0.0,-0.00033957156455708835,-0.00033957156455708835,1428.800048828125,1845.0,False,False,False,True
896,11633,internal,0.017511287704110146,0.0,-0.0005030819841318908,-0.0005030819841318908,1453.5,2042.0,False,False,False,True
897,11635,internal,0.019560134038329124,0.0,-0.0005072468980730994,-0.0005072468980730994,1461.800048828125,2023.0999755859375,False,False,False,True
898,11637,internal,0.01869264990091324,0.0,-0.0005265018098487618,-0.0005265018098487618,1488.5999755859375,2080.0,False,False,False,True
899,11643,internal,0.02061356045305729,0.0,-0.0005255234338551239,-0.0005255234338551239,1497.5,2068.0,False,False,False,True
900,11646,internal,0.021158769726753235,0.0,-0.0005240987244378421,-0.0005240987244378421,1502.25,2057.25,False,False,False,True
901,11654,internal,0.022502068430185318,0.0,-0.0005195690569337222,-0.0005195690569337222,1496.0,2032.25,False,False,False,True
902,11685,internal,0.018965085968375206,0.0,-0.00046336572096587997,-0.00046336572096587997,1437.9000244140625,1957.300048828125,False,False,False,True
903,11690,internal,0.020398052409291267,0.0,-0.0004667091188273703,-0.0004667091188273703,1451.0,1949.699951171875,False,False,False,True
904,11726,internal,0.021134743466973305,0.0,-0.0005133986866107706,-0.0005133986866107706,1482.25,2022.5,False,False,False,True
905,11778,internal,0.050008226186037064,0.0,-0.0005840926387237657,-0.0005840926387237657,1583.0,2023.0,False,False,False,True
906,11793,internal,0.038676969707012177,0.0,-0.0005518307419496256,-0.0005518307419496256,1536.75,2009.75,False,False,False,True
907,11799,internal,0.056803565472364426,0.0,-0.0005299258875984781,-0.0005299258875984781,1526.0,1947.0999755859375,False,False,False,True
908,11816,internal,0.057120658457279205,0.0,-0.0005838079297743699,-0.0005838079297743699,1581.699951171875,1983.5,False,False,False,True
909,11825,internal,0.06495650112628937,0.0,-0.0005974536834941959,-0.0005974536834941959,1600.0,1981.300048828125,False,False,False,True
910,11827,internal,0.04825533181428909,0.0,-0.0005759058005907569,-0.0005759058005907569,1563.0,2014.5,False,False,False,True
911,11843,internal,0.05811024084687233,0.0,-0.0005338754434128473,-0.0005338754434128473,1534.0,1940.5,False,False,False,True
912,11844,internal,0.16472278535366058,0.0,-0.0006835615176648512,-0.0006835615176648512,1607.800048828125,1817.199951171875,False,False,False,True
913,11862,internal,0.03643834963440895,0.0,-0.0003910410451409631,-0.0003910410451409631,1438.9000244140625,1879.4000244140625,False,False,False,True
914,11893,internal,0.05588799715042114,0.0,-0.0004538629112701932,-0.0004538629112701932,1480.800048828125,1887.300048828125,False,False,False,True
915,11906,internal,0.046211034059524536,0.0,-0.0003952325347408918,-0.0003952325347408918,1454.0,1857.5,False,False,False,True
916,11915,internal,0.0452636294066906,0.0,-0.000405025797328148,-0.000405025797328148,1456.300048828125,1870.5999755859375,False,False,False,True
917,11946,internal,0.06445828825235367,0.0,-0.00045665229664462,-0.00045665229664462,1501.800048828125,1857.5,False,False,False,True
918,11950,internal,0.060854505747556686,0.0,-0.00046105835027800005,-0.00046105835027800005,1499.800048828125,1873.9000244140625,False,False,False,True
919,11961,internal,0.059541571885347366,0.0,-0.00042474980653791163,-0.00042474980653791163,1490.199951171875,1842.4000244140625,False,False,False,True
920,11967,internal,0.053829535841941833,0.0,-0.00039495912838738586,-0.00039495912838738586,1474.0,1841.199951171875,False,False,False,True
921,11969,internal,0.051144469529390335,0.0,-0.0003161080901736542,-0.0003161080901736542,1447.199951171875,1808.699951171875,False,False,False,True
922,11991,internal,0.07559908926486969,0.0,-0.0005348257614401074,-0.0005348257614401074,1545.25,1895.0,False,False,False,True
923,11999,internal,0.07288555800914764,0.0,-0.0005398586194544557,-0.0005398586194544557,1550.0,1907.9000244140625,False,False,False,True
924,12019,internal,0.08152905106544495,0.0,-0.0005371493316331036,-0.0005371493316331036,1550.5999755859375,1882.199951171875,False,False,False,True
925,12031,internal,0.07852166891098022,0.0,-0.0004887413986975203,-0.0004887413986975203,1527.0999755859375,1851.699951171875,False,False,False,True
926,12050,internal,0.1031433641910553,0.0,-0.0005179764761742065,-0.0005179764761742065,1538.0999755859375,1824.5,False,False,False,True
927,12071,internal,0.124547578394413,0.0,-0.0005898564861715944,-0.0005898564861715944,1579.4000244140625,1835.5999755859375,False,False,False,True
928,12082,internal,0.14083421230316162,0.0,-0.0006241390859205282,-0.0006241390859205282,1590.5,1819.800048828125,False,False,False,True
929,12102,internal,0.006858455948531628,0.0,-0.00013616450350317923,-0.00013616450350317923,1298.4000244140625,1785.5999755859375,False,False,False,True
930,12108,internal,0.008192755281925201,0.0,-0.00013633287777122563,-0.00013633287777122563,1312.5,1767.75,False,False,False,True
931,12115,internal,0.010110853239893913,0.0,-0.00013379956104466562,-0.00013379956104466562,1320.75,1759.0,False,False,False,True
932,12153,internal,0.025381674990057945,0.0,-0.0001525585482646004,-0.0001525585482646004,1354.5,1743.0,False,False,False,True
933,12154,internal,0.007188963238149881,0.0,-0.00011877633322925714,-0.00011877633322925714,1290.800048828125,1739.800048828125,False,False,False,True
934,12165,internal,0.008876115083694458,0.0,-0.0001248498903333155,-0.0001248498903333155,1297.5,1739.75,False,False,False,True
935,12185,internal,0.018204763531684875,0.0,-0.00011532750623561325,-0.00011532750623561325,1339.75,1719.0,False,False,False,True
936,12190,internal,0.019503334537148476,0.0,-0.00013321133636746692,-0.00013321133636746692,1344.4000244140625,1735.4000244140625,False,False,False,True
937,12191,internal,0.039223965257406235,0.0,-0.0001526086290876068,-0.0001526086290876068,1362.0,1701.75,False,False,False,True
938,12205,internal,0.01722918637096882,0.0,-9.225850436013827e-05,-9.225850436013827e-05,1343.300048828125,1704.699951171875,False,False,False,True
939,12211,internal,0.009528477676212788,0.0,-3.863242164427244e-05,-3.863242164427244e-05,1338.4000244140625,1668.699951171875,False,False,False,True
940,12215,internal,0.028670135885477066,0.0,-9.883144694360714e-05,-9.883144694360714e-05,1355.0,1664.25,False,False,False,True
941,12220,internal,0.04161931201815605,0.0,-0.00023244225198993307,-0.00023244225198993307,1391.25,1773.0,False,False,False,True
942,12226,internal,0.04099773243069649,0.0,-0.00023676339057035088,-0.00023676339057035088,1385.0,1790.0,False,False,False,True
943,12242,internal,0.04675787314772606,0.0,-0.00023122498623538983,-0.00023122498623538983,1400.0,1755.25,False,False,False,True
944,12261,internal,0.06507978588342667,0.0,-0.0002849659709557842,-0.0002849659709557842,1442.0999755859375,1755.9000244140625,False,False,False,True
945,12276,internal,0.06777991354465485,0.0,-0.00032819975019350535,-0.00032819975019350535,1455.5,1770.800048828125,False,False,False,True
946,12296,internal,0.05500748008489609,0.0,-0.00020128898899485074,-0.00020128898899485074,1376.199951171875,1705.4000244140625,False,False,False,True
947,12304,internal,0.06553475558757782,0.0,-0.00022430208007836203,-0.00022430208007836203,1407.5,1699.75,False,False,False,True
948,12309,internal,0.06321266293525696,0.0,-0.00022144802903236826,-0.00022144802903236826,1387.0,1712.5,False,False,False,True
949,12318,internal,0.06658904999494553,0.0,-0.0002521037925198367,-0.0002521037925198367,1442.5999755859375,1725.0999755859375,False,False,False,True
950,12328,internal,0.0678553357720375,0.0,-0.00022617103180669904,-0.00022617103180669904,1417.4000244140625,1682.0999755859375,False,False,False,True
951,12336,internal,0.08103044331073761,0.0,-0.00026036763124170686,-0.00026036763124170686,1449.5,1676.75,False,False,False,True
952,12343,internal,0.0886164978146553,0.0,-0.0002796936143755998,-0.0002796936143755998,1459.0,1671.25,False,False,False,True
953,12346,venous,0.0,1.0957760306767872,0.9886273996174456,-0.10714863105934155,1286.5,1627.0,False,True,True,False
954,12364,internal,0.0012769720051437616,0.0,-9.499795449534649e-06,-9.499795449534649e-06,1300.5,1642.5,False,False,False,True
955,12373,internal,0.06579935550689697,0.0,-0.00021255199932938097,-0.00021255199932938097,1392.75,1625.25,False,False,False,True
956,12422,internal,0.06305961310863495,0.0,-0.00020572441084869888,-0.00020572441084869888,1392.25,1650.5,False,False,False,True
957,12475,internal,0.13725194334983826,0.0,-0.0003901415755603178,-0.0003901415755603178,1456.25,1608.75,False,False,False,True
958,12495,internal,0.2175566405057907,0.0,0.00014175260484934247,0.00014175260484934247,1381.25,1226.75,False,False,False,True
959,12516,internal,0.3764421343803406,0.0,0.0002474709987543885,0.0002474709987543885,1442.25,1221.25,False,False,False,True
960,12536,internal,0.09884275496006012,0.0,-0.0004523130527349546,-0.0004523130527349546,1501.75,1789.0,False,False,False,True
961,12555,internal,0.10420272499322891,0.0,-0.0004692311064882608,-0.0004692311064882608,1512.199951171875,1788.4000244140625,False,False,False,True
962,12577,internal,0.12507744133472443,0.0,-0.00048704193296797297,-0.00048704193296797297,1516.199951171875,1755.699951171875,False,False,False,True
963,12590,internal,0.1152896136045456,0.0,-0.00034192840726304384,-0.00034192840726304384,1471.9000244140625,1650.699951171875,False,False,False,True
964,12617,internal,0.1332722306251526,0.0,-0.0004366778833198243,-0.0004366778833198243,1502.5,1702.25,False,False,False,True
965,12630,internal,0.15038631856441498,0.0,-0.0004822458206623823,-0.0004822458206623823,1519.25,1695.75,False,False,False,True
966,12642,internal,0.17586660385131836,0.0,-0.00048484568241486097,-0.00048484568241486097,1510.9000244140625,1634.4000244140625,False,False,False,True
967,12655,internal,0.1571514904499054,0.0,-0.0006126800006935984,-0.0006126800006935984,1577.4000244140625,1776.5999755859375,False,False,False,True
968,12660,internal,0.15690527856349945,0.0,-0.0005471917542557506,-0.0005471917542557506,1546.300048828125,1743.4000244140625,False,False,False,True
969,12699,internal,0.21317967772483826,0.0,-0.000695084395060621,-0.000695084395060621,1598.5,1727.75,False,False,False,True
970,12707,internal,0.17733360826969147,0.0,-0.0005519145982114037,-0.0005519145982114037,1545.199951171875,1709.800048828125,False,False,False,True
971,12716,internal,0.19052745401859283,0.0,-0.0005748980431417611,-0.0005748980431417611,1556.0,1704.300048828125,False,False,False,True
972,12718,internal,0.22443769872188568,0.0,-0.0006053496187493821,-0.0006053496187493821,1548.800048828125,1644.199951171875,False,False,False,True
973,12747,internal,0.23477084934711456,0.0,-0.0006308854386476127,-0.0006308854386476127,1586.5,1643.75,False,False,False,True
974,12750,internal,0.2317042052745819,0.0,-0.0006240410418568835,-0.0006240410418568835,1571.0,1646.0,False,False,False,True
975,12771,internal,0.17273074388504028,0.0,-0.0004762682032744903,-0.0004762682032744903,1504.199951171875,1607.800048828125,False,False,False,True
976,12803,internal,0.24249202013015747,0.0,-0.0006346420827082447,-0.0006346420827082447,1547.9000244140625,1593.5999755859375,False,False,False,True
977,12886,internal,0.28701573610305786,0.0,-0.0007312380905900395,-0.0007312380905900395,1575.75,1576.0,False,False,False,True
978,12980,internal,0.05834972485899925,0.0,-0.000609538302552673,-0.000609538302552673,1632.5999755859375,2031.9000244140625,False,False,False,True
979,12986,internal,0.05383315309882164,0.0,-0.0005935443617448213,-0.0005935443617448213,1612.25,2023.0,False,False,False,True
980,12996,internal,0.040777258574962616,0.0,-0.000611491984045515,-0.000611491984045515,1653.25,2091.75,False,False,False,True
981,13000,internal,0.05204026773571968,0.0,-0.0006232837944020382,-0.0006232837944020382,1655.1500244140625,2063.10009765625,False,False,False,True
982,13016,internal,0.06919222325086594,0.0,-0.0006382734188322423,-0.0006382734188322423,1657.300048828125,2026.9000244140625,False,False,False,True
983,13025,internal,0.07462175190448761,0.0,-0.0006099235966645553,-0.0006099235966645553,1609.199951171875,1956.0999755859375,False,False,False,True
984,13045,internal,0.09267286956310272,0.0,-0.0006431310469056273,-0.0006431310469056273,1630.9000244140625,1943.300048828125,False,False,False,True
985,13076,internal,0.0659831240773201,0.0,-0.000647538053451073,-0.000647538053451073,1670.199951171875,2049.5,False,False,False,True
986,13103,internal,0.077783964574337,0.0,-0.0006844863188245752,-0.0006844863188245752,1707.0,2061.5,False,False,False,True
987,13140,internal,0.12920734286308289,0.0,-0.0007366245848598664,-0.0007366245848598664,1688.5,1969.5,False,False,False,True
988,13160,internal,0.10665466636419296,0.0,-0.0007082135645617403,-0.0007082135645617403,1684.0999755859375,1999.9000244140625,False,False,False,True
989,13169,internal,0.1556277871131897,0.0,-0.0007849789429615359,-0.0007849789429615359,1707.300048828125,1961.199951171875,False,False,False,True
990,13213,internal,0.17880365252494812,0.0,-0.0007364541724187907,-0.0007364541724187907,1636.199951171875,1836.5999755859375,False,False,False,True
991,13218,internal,0.17491748929023743,0.0,-0.0007429640441349136,-0.0007429640441349136,1648.4000244140625,1867.0999755859375,False,False,False,True
992,13238,internal,0.2167918086051941,0.0,-0.0007915611830550898,-0.0007915611830550898,1658.25,1805.5,False,False,False,True
993,13239,internal,0.2093951404094696,0.0,-0.0007771919043796311,-0.0007771919043796311,1648.5,1802.25,False,False,False,True
994,13252,internal,0.1901482790708542,0.0,-0.0007232052536347534,-0.0007232052536347534,1615.75,1790.0,False,False,False,True
995,13259,internal,0.20814183354377747,0.0,-0.0007466618194057115,-0.0007466618194057115,1627.0,1770.75,False,False,False,True
996,13262,internal,0.19839811325073242,0.0,-0.0007388136356329268,-0.0007388136356329268,1621.5,1783.4000244140625,False,False,False,True
997,13269,internal,0.21479982137680054,0.0,-0.0007080805803890214,-0.0007080805803890214,1613.25,1736.5,False,False,False,True
998,13300,internal,0.2319728285074234,0.0,-0.0007744425942515212,-0.0007744425942515212,1646.25,1757.25,False,False,False,True
999,13301,internal,0.22517076134681702,0.0,-0.0007620593431395778,-0.0007620593431395778,1635.75,1762.25,False,False,False,True
1000,13304,internal,0.257864385843277,0.0,-0.0008081726108814899,-0.0008081726108814899,1660.199951171875,1745.800048828125,False,False,False,True
1001,13348,internal,0.2174001783132553,0.0,-0.0008333870347157967,-0.0008333870347157967,1699.9000244140625,1868.4000244140625,False,False,False,True
1002,13361,internal,0.24756361544132233,0.0,-0.0008749043546254663,-0.0008749043546254663,1707.75,1840.25,False,False,False,True
1003,13370,internal,0.25380802154541016,0.0,-0.000877726244889244,-0.000877726244889244,1704.550048828125,1824.25,False,False,False,True
1004,13392,internal,0.27725544571876526,0.0,-0.0008436367686522842,-0.0008436367686522842,1681.699951171875,1751.5999755859375,False,False,False,True
1005,13411,internal,0.27770164608955383,0.0,-0.0009153039086821154,-0.0009153039086821154,1725.300048828125,1796.9000244140625,False,False,False,True
1006,13433,internal,0.19089603424072266,0.0,-0.0007884295963699723,-0.0007884295963699723,1683.4000244140625,1881.4000244140625,False,False,False,True
1007,13440,internal,0.09511412680149078,0.0,-0.0007283444672235412,-0.0007283444672235412,1747.5,2077.25,False,False,False,True
1008,13462,internal,0.13371910154819489,0.0,-0.0007789254102457462,-0.0007789254102457462,1750.699951171875,2021.300048828125,False,False,False,True
1009,13476,internal,0.12290815263986588,0.0,-0.0007799693783532371,-0.0007799693783532371,1779.0,2059.0,False,False,False,True
1010,13488,internal,0.154920294880867,0.0,-0.0008155897607632406,-0.0008155897607632406,1767.3499755859375,2000.449951171875,False,False,False,True
1011,13494,internal,0.17128458619117737,0.0,-0.0008213308971401711,-0.0008213308971401711,1743.0,1960.5,False,False,False,True
1012,13517,internal,0.2175285816192627,0.0,-0.0009029266397403619,-0.0009029266397403619,1755.0999755859375,1930.300048828125,False,False,False,True
1013,13523,internal,0.2389868050813675,0.0,-0.0009247709841753399,-0.0009247709841753399,1737.5,1900.9000244140625,False,False,False,True
1014,13528,internal,0.1957511156797409,0.0,-0.0008685093088132555,-0.0008685093088132555,1757.75,1949.0,False,False,False,True
1015,13549,internal,0.2423919439315796,0.0,-0.000949684870132049,-0.000949684870132049,1779.5,1918.800048828125,False,False,False,True
1016,13556,internal,0.2507628798484802,0.0,-0.0009559894422375812,-0.0009559894422375812,1775.75,1904.25,False,False,False,True
1017,13565,internal,0.13260293006896973,0.0,-0.0008002203479353113,-0.0008002203479353113,1796.75,2062.25,False,False,False,True
1018,13588,internal,0.18596425652503967,0.0,-0.000880163793953205,-0.000880163793953205,1809.0999755859375,2012.800048828125,False,False,False,True
1019,13595,internal,0.15951362252235413,0.0,-0.0008476865919917846,-0.0008476865919917846,1818.699951171875,2044.0999755859375,False,False,False,True
1020,13606,internal,0.17276281118392944,0.0,-0.0008728141949489979,-0.0008728141949489979,1847.4000244140625,2044.9000244140625,False,False,False,True
1021,13632,internal,0.226328507065773,0.0,-0.0009280007208032205,-0.0009280007208032205,1795.800048828125,1952.0,False,False,False,True
1022,13641,internal,0.24698975682258606,0.0,-0.0009607225564677198,-0.0009607225564677198,1802.9000244140625,1935.199951171875,False,False,False,True
1023,13656,internal,0.22470714151859283,0.0,-0.0009417236074608058,-0.0009417236074608058,1827.75,1982.25,False,False,False,True
1024,13673,internal,0.2958860397338867,0.0,-0.0010368918883704443,-0.0010368918883704443,1830.0999755859375,1909.0999755859375,False,False,False,True
1025,13674,internal,0.3150218427181244,0.0,-0.0010741895018951298,-0.0010741895018951298,1851.0,1911.25,False,False,False,True
1026,13681,internal,0.089796282351017,0.0,-0.0007180862629575812,-0.0007180862629575812,1738.5,2079.75,False,False,False,True
1027,13687,internal,0.25667205452919006,0.0,-0.0009513066205886858,-0.0009513066205886858,1754.4000244140625,1889.0999755859375,False,False,False,True
1028,13728,internal,0.2932804524898529,0.0,-0.0009974211059404596,-0.0009974211059404596,1779.0999755859375,1858.5,False,False,False,True
1029,13729,internal,0.2771413326263428,0.0,-0.0009710036306232557,-0.0009710036306232557,1760.9000244140625,1864.300048828125,False,False,False,True
1030,13735,internal,0.3179829716682434,0.0,-0.0010239067674099175,-0.0010239067674099175,1792.75,1817.25,False,False,False,True
1031,13747,internal,0.29675522446632385,0.0,-0.0009474657496893611,-0.0009474657496893611,1747.0,1789.5,False,False,False,True
1032,13757,internal,0.3230622112751007,0.0,-0.0009377406467845793,-0.0009377406467845793,1739.5999755859375,1742.9000244140625,False,False,False,True
1033,13783,internal,0.35258346796035767,0.0,-0.00104847951084712,-0.00104847951084712,1790.5,1781.5,False,False,False,True
1034,13792,internal,0.3138185143470764,0.0,-0.0009706873696965746,-0.0009706873696965746,1755.800048828125,1774.0,False,False,False,True
1035,13806,internal,0.3081689774990082,0.0,-0.0010409574347590282,-0.0010409574347590282,1797.5,1881.5,False,False,False,True
1036,13816,internal,0.3217925727367401,0.0,-0.0010660984314247199,-0.0010660984314247199,1820.699951171875,1884.800048828125,False,False,False,True
1037,13831,internal,0.3166155517101288,0.0,-0.0010266702124003347,-0.0010266702124003347,1800.25,1831.5,False,False,False,True
1038,13847,internal,0.3470451235771179,0.0,-0.001098338940616942,-0.001098338940616942,1832.699951171875,1866.9000244140625,False,False,False,True
1039,13892,internal,0.3810075521469116,0.0,-0.0010945221042774956,-0.0010945221042774956,1804.5999755859375,1775.0,False,False,False,True
1040,13902,internal,0.4596748352050781,0.0,-0.0012299117446875046,-0.0012299117446875046,1859.5999755859375,1795.699951171875,False,False,False,True
1041,13919,internal,0.5740368962287903,0.0,-0.0013602688447205205,-0.0013602688447205205,1851.75,1733.25,False,False,False,True
1042,13940,internal,0.2809238135814667,0.0,-0.0007752055062392013,-0.0007752055062392013,1655.0,1693.0,False,False,False,True
1043,13942,internal,0.2479798048734665,0.0,-0.0006780227692227553,-0.0006780227692227553,1616.25,1687.25,False,False,False,True
1044,13946,internal,0.2417573779821396,0.0,-0.000644991448895153,-0.000644991448895153,1602.0,1641.5,False,False,False,True
1045,13957,internal,0.2807216942310333,0.0,-0.000785267887075668,-0.000785267887075668,1666.0,1709.0,False,False,False,True
1046,13988,internal,0.2926895022392273,0.0,-0.0007544978800194386,-0.0007544978800194386,1644.5,1632.5,False,False,False,True
1047,13999,internal,0.29423537850379944,0.0,-0.0007467533519035742,-0.0007467533519035742,1603.5,1580.4000244140625,False,False,False,True
1048,14006,internal,0.30531853437423706,0.0,-0.0007694302767861439,-0.0007694302767861439,1628.75,1575.75,False,False,False,True
1049,14041,internal,0.29752859473228455,0.0,-0.0007619218061647674,-0.0007619218061647674,1642.25,1620.0,False,False,False,True
1050,14052,internal,0.30284422636032104,0.0,-0.0008617370686417206,-0.0008617370686417206,1700.5,1718.0,False,False,False,True
1051,14058,internal,0.2996894121170044,0.0,-0.0008052146659505595,-0.0008052146659505595,1684.25,1676.0,False,False,False,True
1052,14062,internal,0.3277583122253418,0.0,-0.0008698513266390615,-0.0008698513266390615,1702.5,1677.0999755859375,False,False,False,True
1053,14074,internal,0.29903262853622437,0.0,-0.0008746036049896318,-0.0008746036049896318,1702.300048828125,1733.699951171875,False,False,False,True
1054,14096,internal,0.38562455773353577,0.0,-0.0009737590288006739,-0.0009737590288006739,1741.9000244140625,1659.5999755859375,False,False,False,True
1055,14100,internal,0.3543616235256195,0.0,-0.0008725568557517102,-0.0008725568557517102,1694.5,1618.5,False,False,False,True
1056,14113,internal,0.34483450651168823,0.0,-0.0008461331335665203,-0.0008461331335665203,1673.0999755859375,1571.4000244140625,False,False,False,True
1057,14120,internal,0.3573693335056305,0.0,-0.0008737934709151423,-0.0008737934709151423,1698.800048828125,1600.5,False,False,False,True
1058,14125,internal,0.36512547731399536,0.0,-0.0009315149546222602,-0.0009315149546222602,1727.0,1660.0,False,False,False,True
1059,14146,internal,0.4224742352962494,0.0,-0.0009926420401729324,-0.0009926420401729324,1739.300048828125,1594.300048828125,False,False,False,True
1060,14190,internal,0.3362906575202942,0.0,-0.0008357641268031475,-0.0008357641268031475,1643.4000244140625,1532.5,False,False,False,True
1061,14209,internal,0.32107678055763245,0.0,-0.0008001604732938523,-0.0008001604732938523,1640.75,1572.75,False,False,False,True
1062,14247,internal,1.4675014019012451,0.0,0.0010453304541074653,0.0010453304541074653,1639.75,1242.25,False,False,False,True
1063,14259,internal,0.3577226996421814,0.0,-0.0008694803262081642,-0.0008694803262081642,1685.5,1552.699951171875,False,False,False,True
1064,14260,internal,0.35659462213516235,0.0,-0.0008681295204155304,-0.0008681295204155304,1673.25,1528.25,False,False,False,True
1065,14277,arterial,1.8209502696990967,1.1414338441442795,1.1385476064815647,-0.0028862376627147163,1685.25,1427.5,True,False,True,False
1066,14291,internal,0.41494107246398926,0.0,-0.0009712362470463954,-0.0009712362470463954,1727.800048828125,1553.300048828125,False,False,False,True
1067,14331,internal,1.7163809537887573,0.0,0.001235219253135,0.001235219253135,1682.300048828125,1224.300048828125,False,False,False,True
1068,14351,internal,1.7620476484298706,0.0,0.0012797880092371532,0.0012797880092371532,1750.5999755859375,1271.5999755859375,False,False,False,True
1069,14352,arterial,1.8209502696990967,1.1603000461476998,1.1616466331868607,0.001346587039160877,1721.800048828125,1286.0,True,False,True,False
1070,14363,internal,0.3956776559352875,0.0,-0.0010293223784373063,-0.0010293223784373063,1755.5,1687.199951171875,False,False,False,True
1071,14377,internal,0.42580488324165344,0.0,-0.00103907193941844,-0.00103907193941844,1755.800048828125,1645.5999755859375,False,False,False,True
1072,14385,internal,0.4557158946990967,0.0,-0.0010955160974410985,-0.0010955160974410985,1769.75,1647.75,False,False,False,True
1073,14411,internal,0.47542479634284973,0.0,-0.0011458179960467424,-0.0011458179960467424,1784.0999755859375,1652.0,False,False,False,True
1074,14420,internal,0.49835455417633057,0.0,-0.001204853016096815,-0.001204853016096815,1797.0999755859375,1668.9000244140625,False,False,False,True
1075,14423,internal,0.4446772336959839,0.0,-0.0011209466734956328,-0.0011209466734956328,1785.9000244140625,1687.0999755859375,False,False,False,True
1076,14428,internal,0.4501406252384186,0.0,-0.0010513899160538858,-0.0010513899160538858,1753.5,1604.25,False,False,False,True
1077,14436,internal,0.42231136560440063,0.0,-0.000984671883655743,-0.000984671883655743,1739.75,1574.0,False,False,False,True
1078,14450,internal,0.4945119023323059,0.0,-0.0011357584210069135,-0.0011357584210069135,1779.800048828125,1606.699951171875,False,False,False,True
1079,14454,internal,0.4969601333141327,0.0,-0.0011490798140475003,-0.0011490798140475003,1787.25,1617.25,False,False,False,True
1080,14460,internal,0.5124580264091492,0.0,-0.0011841670950963256,-0.0011841670950963256,1795.0999755859375,1624.0999755859375,False,False,False,True
1081,14478,internal,0.6083526611328125,0.0,-0.0013104490137409827,-0.0013104490137409827,1796.5,1583.4000244140625,False,False,False,True
1082,14479,internal,0.6842085123062134,0.0,-0.0014013559777721033,-0.0014013559777721033,1787.4000244140625,1557.800048828125,False,False,False,True
1083,14486,internal,0.4536442160606384,0.0,-0.0011658789126112764,-0.0011658789126112764,1803.4000244140625,1704.199951171875,False,False,False,True
1084,14504,internal,0.5364843606948853,0.0,-0.0012739263294839166,-0.0012739263294839166,1819.9000244140625,1664.800048828125,False,False,False,True
1085,14516,internal,0.5623108744621277,0.0,-0.0013240813737523303,-0.0013240813737523303,1842.0,1684.5,False,False,False,True
1086,14523,internal,0.5735832452774048,0.0,-0.0013437726663145062,-0.0013437726663145062,1849.5999755859375,1690.0,False,False,False,True
1087,14531,internal,0.5757941007614136,0.0,-0.001314669037763322,-0.001314669037763322,1818.0,1629.5999755859375,False,False,False,True
1088,14564,internal,0.6747937798500061,0.0,-0.0014379908938946806,-0.0014379908938946806,1821.5999755859375,1585.800048828125,False,False,False,True
1089,14572,internal,0.636729896068573,0.0,-0.0014135082535872423,-0.0014135082535872423,1830.699951171875,1594.0,False,False,False,True
1090,14575,internal,0.6544460654258728,0.0,-0.001454339794446991,-0.001454339794446991,1849.0,1624.5,False,False,False,True
1091,14578,internal,0.7156597971916199,0.0,-0.001552823362312183,-0.001552823362312183,1864.0,1584.0,False,False,False,True
1092,14592,internal,0.7861782908439636,0.0,-0.0016183844535834946,-0.0016183844535834946,1843.300048828125,1561.0,False,False,False,True
1093,14594,internal,0.7937248349189758,0.0,-0.0016338196173439545,-0.0016338196173439545,1850.75,1564.0,False,False,False,True
1094,14599,internal,0.6248113512992859,0.0,-0.0014009937653080336,-0.0014009937653080336,1833.800048828125,1622.699951171875,False,False,False,True
1095,14603,internal,0.4197913110256195,0.0,-0.0009788429205500942,-0.0009788429205500942,1747.5,1525.0,False,False,False,True
1096,14632,internal,0.7970131635665894,0.0,-0.0015637253116180562,-0.0015637253116180562,1790.5,1537.75,False,False,False,True
1097,14642,internal,0.7652998566627502,0.0,-0.001519822852808037,-0.001519822852808037,1789.0,1544.5,False,False,False,True
1098,14647,internal,1.1956325769424438,0.0,-0.002116896059690238,-0.002116896059690238,1793.75,1504.0,False,False,False,True
1099,14663,internal,1.59088134765625,0.0,-0.002621012376929845,-0.002621012376929845,1781.5,1417.0,False,False,False,True
1100,14702,internal,1.7012040615081787,0.0,0.0012120212441711913,0.0012120212441711913,1777.25,1211.25,False,False,False,True
1101,14706,internal,1.7133920192718506,0.0,0.001226697148773556,0.001226697148773556,1749.4000244140625,1224.0,False,False,False,True
1102,14714,internal,0.8801391124725342,0.0,-0.0016996538767407557,-0.0016996538767407557,1822.0,1541.0,False,False,False,True
1103,14724,internal,1.259675145149231,0.0,-0.0022034865438221507,-0.0022034865438221507,1806.25,1492.5,False,False,False,True
1104,14736,internal,0.8981195092201233,0.0,-0.0017614963874945026,-0.0017614963874945026,1838.699951171875,1540.300048828125,False,False,False,True
1105,14764,internal,1.53017258644104,0.0,-0.0025515328053654163,-0.0025515328053654163,1813.25,1411.5,False,False,False,True
1106,14784,internal,1.7352582216262817,0.0,0.0012457495667352655,0.0012457495667352655,1813.75,1274.75,False,False,False,True
1107,14794,internal,1.443716287612915,0.0,-0.0024507824714542535,-0.0024507824714542535,1838.75,1447.5,False,False,False,True
1108,14795,internal,1.4480161666870117,0.0,-0.002456913719442954,-0.002456913719442954,1848.25,1445.75,False,False,False,True
1109,14798,internal,1.459545612335205,0.0,-0.002470812471316213,-0.002470812471316213,1855.0,1406.5,False,False,False,True
1110,14805,internal,1.729934573173523,0.0,0.0012388619183246671,0.0012388619183246671,1839.5,1260.5,False,False,False,True
1111,14813,internal,1.3605846166610718,0.0,-0.0023499055061174763,-0.0023499055061174763,1838.0,1480.25,False,False,False,True
1112,14815,internal,1.2193111181259155,0.0,-0.0021493573268443382,-0.0021493573268443382,1801.4000244140625,1499.4000244140625,False,False,False,True
1113,14844,internal,0.474305659532547,0.0,0.00014325420897636713,0.00014325420897636713,187.10000610351562,1221.9000244140625,False,False,False,True
1114,14871,internal,0.491526335477829,0.0,0.00014926838112988908,0.00014926838112988908,234.25,1178.25,False,False,False,True
1115,14880,internal,0.5617941617965698,0.0,0.00017455212931697273,0.00017455212931697273,120.30000305175781,1170.699951171875,False,False,False,True
1116,14896,internal,0.49352726340293884,0.0,0.00014999295164181613,0.00014999295164181613,233.0,1165.5,False,False,False,True
1117,14914,internal,0.5028925538063049,0.0,0.00015330796066468364,0.00015330796066468364,204.6999969482422,1154.699951171875,False,False,False,True
1118,14955,internal,0.4630301296710968,0.0,0.00014034532578192845,0.00014034532578192845,338.70001220703125,1180.300048828125,False,False,False,True
1119,14961,internal,0.43776842951774597,0.0,0.00013279274327284568,0.00013279274327284568,404.1000061035156,1182.0,False,False,False,True
1120,14966,internal,0.46121296286582947,0.0,0.00013973585910659938,0.00013973585910659938,338.25,1203.5,False,False,False,True
1121,14978,internal,0.48419633507728577,0.0,0.00014712264815114692,0.00014712264815114692,268.70001220703125,1132.5999755859375,False,False,False,True
1122,14992,internal,0.4772920608520508,0.0,0.00014498964713639318,0.00014498964713639318,304.3999938964844,1138.5,False,False,False,True
1123,15007,internal,0.4620109796524048,0.0,0.000140051418584121,0.000140051418584121,361.75,1174.0,False,False,False,True
1124,15012,internal,0.4735903739929199,0.0,0.00014389054247799192,0.00014389054247799192,370.0,1133.199951171875,False,False,False,True
1125,15025,internal,0.48356467485427856,0.0,0.00014694409625284368,0.00014694409625284368,280.75,1132.0,False,False,False,True
1126,15093,internal,0.5848222374916077,0.0,0.00018278608365767258,0.00018278608365767258,135.39999389648438,1061.5,False,False,False,True
1127,15135,internal,0.4986313283443451,0.0,0.0001522653557508422,0.0001522653557508422,298.0,1100.300048828125,False,False,False,True
1128,15166,internal,0.5057567954063416,0.0,0.00015495717351765717,0.00015495717351765717,345.8999938964844,1080.5999755859375,False,False,False,True
1129,15174,internal,0.5154904127120972,0.0,0.00015816058594972393,0.00015816058594972393,300.25,1065.5,False,False,False,True
1130,15193,internal,0.5342859625816345,0.0,0.00016478924080180947,0.00016478924080180947,294.29998779296875,1043.800048828125,False,False,False,True
1131,15201,internal,0.5236393809318542,0.0,0.00016292828294691217,0.00016292828294691217,392.0,1067.9000244140625,False,False,False,True
1132,15210,internal,0.5369758009910583,0.0,0.0001669114156767061,0.0001669114156767061,375.1000061035156,1047.4000244140625,False,False,False,True
1133,15235,internal,0.38877999782562256,0.0,0.00011922990613762201,0.00011922990613762201,462.0,1188.5999755859375,False,False,False,True
1134,15248,internal,0.40454337000846863,0.0,0.00012378674487050314,0.00012378674487050314,445.20001220703125,1180.699951171875,False,False,False,True
1135,15253,internal,0.4104349911212921,0.0,0.00012477764106989266,0.00012477764106989266,427.20001220703125,1195.0,False,False,False,True
1136,15293,internal,0.45414578914642334,0.0,0.0001376285337780593,0.0001376285337780593,407.5,1154.0,False,False,False,True
1137,15316,internal,0.44621026515960693,0.0,0.00013688084191365016,0.00013688084191365016,438.75,1155.0,False,False,False,True
1138,15317,internal,0.4537815749645233,0.0,0.0001393461048368542,0.0001393461048368542,440.3999938964844,1142.9000244140625,False,False,False,True
1139,15331,internal,0.34789538383483887,0.0,0.00010808679066979767,0.00010808679066979767,510.6000061035156,1174.5999755859375,False,False,False,True
1140,15345,internal,0.4585080146789551,0.0,0.00014084864864105472,0.00014084864864105472,459.70001220703125,1136.5,False,False,False,True
1141,15347,internal,0.30070027709007263,0.0,9.34053803532757e-05,9.34053803532757e-05,531.2000122070312,1201.5999755859375,False,False,False,True
1142,15358,internal,0.2775191366672516,0.0,8.65575755784228e-05,8.65575755784228e-05,566.0,1201.0,False,False,False,True
1143,15369,internal,0.28642386198043823,0.0,8.920234992944065e-05,8.920234992944065e-05,551.0,1199.0,False,False,False,True
1144,15389,internal,0.2438727766275406,0.0,7.74350770586083e-05,7.74350770586083e-05,641.5,1190.25,False,False,False,True
1145,15393,internal,0.26013338565826416,0.0,8.204299584867579e-05,8.204299584867579e-05,597.5999755859375,1192.300048828125,False,False,False,True
1146,15406,internal,0.25312966108322144,0.0,7.986693511995499e-05,7.986693511995499e-05,603.25,1201.0,False,False,False,True
1147,15417,internal,0.33851906657218933,0.0,0.00010574952236585763,0.00010574952236585763,552.0,1165.5,False,False,False,True
1148,15420,internal,0.3344131410121918,0.0,0.00010462842132060736,0.00010462842132060736,558.75,1159.75,False,False,False,True
1149,15437,internal,0.3472784161567688,0.0,0.00011020944861817204,0.00011020944861817204,565.25,1135.0,False,False,False,True
1150,15440,internal,0.36211100220680237,0.0,0.00011285393180161427,0.00011285393180161427,525.5,1153.199951171875,False,False,False,True
1151,15449,internal,0.2782875597476959,0.0,8.794856911393688e-05,8.794856911393688e-05,592.0,1173.0,False,False,False,True
1152,15462,internal,0.30914759635925293,0.0,9.834922711626833e-05,9.834922711626833e-05,607.5999755859375,1152.9000244140625,False,False,False,True
1153,15483,internal,0.4953707158565521,0.0,0.0001534850964297782,0.0001534850964297782,421.79998779296875,1111.5,False,False,False,True
1154,15503,internal,0.49952232837677,0.0,0.0001552916721224838,0.0001552916721224838,443.6000061035156,1101.0999755859375,False,False,False,True
1155,15530,internal,0.4692758321762085,0.0,0.00014794383335862017,0.00014794383335862017,500.0,1092.4000244140625,False,False,False,True
1156,15547,internal,0.5036748051643372,0.0,0.00015700860790656828,0.00015700860790656828,450.6000061035156,1088.4000244140625,False,False,False,True
1157,15556,internal,0.5261096358299255,0.0,0.00016452102252510547,0.00016452102252510547,426.0,1058.25,False,False,False,True
1158,15557,internal,0.527529239654541,0.0,0.0001650598281237878,0.0001650598281237878,427.0,1040.0,False,False,False,True
1159,15569,internal,0.4800548851490021,0.0,0.00015112395238463743,0.00015112395238463743,483.3999938964844,1080.5,False,False,False,True
1160,15586,internal,0.5161123275756836,0.0,0.00016230904892291007,0.00016230904892291007,463.8999938964844,1037.800048828125,False,False,False,True
1161,15599,internal,0.41040757298469543,0.0,0.0001286155076492325,0.0001286155076492325,522.0,1121.5,False,False,False,True
1162,15610,internal,0.39905184507369995,0.0,0.00012528874604422183,0.00012528874604422183,544.0,1115.75,False,False,False,True
1163,15615,internal,0.4694816470146179,0.0,0.00014956232803236592,0.00014956232803236592,527.75,1077.0,False,False,False,True
1164,15638,internal,0.3439868092536926,0.0,0.00010978999525571376,0.00010978999525571376,586.25,1131.25,False,False,False,True
1165,15655,internal,0.3987199068069458,0.0,0.00012831825202430544,0.00012831825202430544,585.75,1095.75,False,False,False,True
1166,15657,internal,0.39369824528694153,0.0,0.00012710209800050547,0.00012710209800050547,613.75,1090.5,False,False,False,True
1167,15666,internal,0.4696713089942932,0.0,0.00014979666499117974,0.00014979666499117974,538.7999877929688,1068.0,False,False,False,True
1168,15681,internal,0.4742830693721771,0.0,0.00015141697284482822,0.00015141697284482822,538.4000244140625,1043.199951171875,False,False,False,True
1169,15691,internal,0.47682279348373413,0.0,0.0001524960928196302,0.0001524960928196302,556.25,1030.75,False,False,False,True
1170,15695,internal,0.39903491735458374,0.0,0.00012860085662622295,0.00012860085662622295,594.0999755859375,1083.699951171875,False,False,False,True
1171,15715,internal,0.4329587519168854,0.0,0.00014010472872023883,0.00014010472872023883,639.0,1033.0,False,False,False,True
1172,15719,internal,0.4064980149269104,0.0,0.00013088105608534173,0.00013088105608534173,589.25,1066.5,False,False,False,True
1173,15722,internal,0.39073508977890015,0.0,0.00012635936921977166,0.00012635936921977166,634.0,1087.5,False,False,False,True
1174,15724,internal,0.33872687816619873,0.0,0.00010808652597200165,0.00010808652597200165,595.25,1133.25,False,False,False,True
1175,15735,internal,0.5902537107467651,0.0,0.00018474583996493321,0.00018474583996493321,133.25,1034.5,False,False,False,True
1176,15737,internal,0.6072412133216858,0.0,0.00019085498568766605,0.00019085498568766605,199.1999969482422,1007.699951171875,False,False,False,True
1177,15749,internal,0.6074116826057434,0.0,0.00019098189504596639,0.00019098189504596639,132.5,993.5,False,False,False,True
1178,15766,internal,0.5991824865341187,0.0,0.00018780035988674043,0.00018780035988674043,241.25,1005.75,False,False,False,True
1179,15776,internal,0.5944749116897583,0.0,0.0001860779845629478,0.0001860779845629478,258.8999938964844,1002.199951171875,False,False,False,True
1180,15792,internal,0.6096092462539673,0.0,0.00019178668222497638,0.00019178668222497638,154.60000610351562,982.699951171875,False,False,False,True
1181,15803,internal,0.6136539578437805,0.0,0.00019329583023918752,0.00019329583023918752,164.1999969482422,944.800048828125,False,False,False,True
1182,15840,internal,0.5548878312110901,0.0,0.00017229262922550248,0.00017229262922550248,314.3999938964844,1020.199951171875,False,False,False,True
1183,15865,internal,0.553191065788269,0.0,0.0001724050463794709,0.0001724050463794709,358.1000061035156,1013.300048828125,False,False,False,True
1184,15875,internal,0.5464363098144531,0.0,0.00017020845171922407,0.00017020845171922407,372.1000061035156,1025.699951171875,False,False,False,True
1185,15901,internal,0.5842813849449158,0.0,0.00018284517744063337,0.00018284517744063337,309.0,972.75,False,False,False,True
1186,15915,internal,0.5873292088508606,0.0,0.00018393242363777307,0.00018393242363777307,302.0,943.75,False,False,False,True
1187,15920,internal,0.5861647725105286,0.0,0.00018351105121629366,0.00018351105121629366,307.5,958.25,False,False,False,True
1188,15927,internal,0.5653774738311768,0.0,0.00017662986143191813,0.00017662986143191813,360.25,971.75,False,False,False,True
1189,15928,internal,0.568234920501709,0.0,0.00017763648068039106,0.00017763648068039106,360.75,958.0,False,False,False,True
1190,15929,internal,0.5622798204421997,0.0,0.00017559183578994778,0.00017559183578994778,360.25,983.25,False,False,False,True
1191,15962,internal,0.618022620677948,0.0,0.0001949364668835701,0.0001949364668835701,162.0,927.0,False,False,False,True
1192,16009,internal,0.6441462635993958,0.0,0.00020482570889166206,0.00020482570889166206,213.0,864.5,False,False,False,True
1193,16012,internal,0.6387789845466614,0.0,0.0002027827580671133,0.0002027827580671133,188.75,891.75,False,False,False,True
1194,16030,internal,0.6483524441719055,0.0,0.00020643104808494578,0.00020643104808494578,250.0,824.5,False,False,False,True
1195,16046,internal,0.5977382063865662,0.0,0.0001876767592508903,0.0001876767592508903,285.8999938964844,918.5999755859375,False,False,False,True
1196,16082,internal,0.5839664340019226,0.0,0.00018306586922806252,0.00018306586922806252,349.0,929.5999755859375,False,False,False,True
1197,16096,internal,0.5949053764343262,0.0,0.000187416203975381,0.000187416203975381,379.70001220703125,894.4000244140625,False,False,False,True
1198,16097,internal,0.5932870507240295,0.0,0.00018661685633607916,0.00018661685633607916,359.8999938964844,903.5,False,False,False,True
1199,16099,internal,0.5999093055725098,0.0,0.0001892863733135797,0.0001892863733135797,391.1000061035156,877.699951171875,False,False,False,True
1200,16104,internal,0.641594409942627,0.0,0.00020378853028263897,0.00020378853028263897,310.75,855.5,False,False,False,True
1201,16115,internal,0.6350600123405457,0.0,0.00020135194736563337,0.00020135194736563337,315.25,879.25,False,False,False,True
1202,16125,internal,0.6468980312347412,0.0,0.0002054688583615343,0.0002054688583615343,343.75,828.5,False,False,False,True
1203,16138,internal,0.6029848456382751,0.0,0.0001903924659937958,0.0001903924659937958,388.3999938964844,862.39990234375,False,False,False,True
1204,16168,internal,0.5380623936653137,0.0,0.00016846696521455903,0.00016846696521455903,407.20001220703125,994.9000244140625,False,False,False,True
1205,16194,internal,0.5223737955093384,0.0,0.00016464249234369766,0.00016464249234369766,472.6000061035156,1006.5999755859375,False,False,False,True
1206,16206,internal,0.5195935368537903,0.0,0.00016393830356206392,0.00016393830356206392,489.5,1000.5,False,False,False,True
1207,16220,internal,0.5668327212333679,0.0,0.00017813343755752312,0.00017813343755752312,411.25,938.5,False,False,False,True
1208,16226,internal,0.5435101389884949,0.0,0.0001707813503940334,0.0001707813503940334,430.25,972.3499755859375,False,False,False,True
1209,16239,internal,0.5685691237449646,0.0,0.00017870949937099485,0.00017870949937099485,407.25,927.25,False,False,False,True
1210,16260,internal,0.5370492935180664,0.0,0.0001691247657074408,0.0001691247657074408,453.75,975.25,False,False,False,True
1211,16272,internal,0.573333203792572,0.0,0.00018212568912638985,0.00018212568912638985,476.79998779296875,921.5999755859375,False,False,False,True
1212,16279,internal,0.535622239112854,0.0,0.00016762378362023678,0.00016762378362023678,406.29998779296875,1012.699951171875,False,False,False,True
1213,16288,internal,0.4791352152824402,0.0,0.00015327231910644996,0.00015327231910644996,566.5,1017.75,False,False,False,True
1214,16294,internal,0.4798097312450409,0.0,0.0001535116853233881,0.0001535116853233881,572.0,1002.0,False,False,False,True
1215,16303,internal,0.4824250042438507,0.0,0.00015438637919032617,0.00015438637919032617,578.5,983.25,False,False,False,True
1216,16314,internal,0.5058950781822205,0.0,0.00016130231056042893,0.00016130231056042893,526.2000122070312,980.4000244140625,False,False,False,True
1217,16341,internal,0.5098134875297546,0.0,0.00016270908670203051,0.00016270908670203051,537.0,965.699951171875,False,False,False,True
1218,16345,internal,0.5204912424087524,0.0,0.00016613931867550421,0.00016613931867550421,532.9000244140625,946.800048828125,False,False,False,True
1219,16367,internal,0.5532673001289368,0.0,0.00017646780020630674,0.00017646780020630674,510.0,927.0,False,False,False,True
1220,16378,internal,0.505078136920929,0.0,0.00016296732587182467,0.00016296732587182467,600.2999877929688,959.4000244140625,False,False,False,True
1221,16383,internal,0.5047340989112854,0.0,0.00016346734000850072,0.00016346734000850072,618.0999755859375,963.0999755859375,False,False,False,True
1222,16398,internal,0.5418985486030579,0.0,0.00017568627996356664,0.00017568627996356664,599.0,927.25,False,False,False,True
1223,16404,internal,0.5723234415054321,0.0,0.00017996826973995354,0.00017996826973995354,401.5,914.75,False,False,False,True
1224,16413,internal,0.593965470790863,0.0,0.00018780189513395733,0.00018780189513395733,417.0,891.199951171875,False,False,False,True
1225,16414,internal,0.5995570421218872,0.0,0.00019056019175224195,0.00019056019175224195,445.0,888.5,False,False,False,True
1226,16447,internal,0.5893016457557678,0.0,0.0001872243510128279,0.0001872243510128279,454.79998779296875,908.9000244140625,False,False,False,True
1227,16452,internal,0.598459780216217,0.0,0.00019256157178792625,0.00019256157178792625,518.5,861.25,False,False,False,True
1228,16458,internal,0.614067792892456,0.0,0.00019557182100334963,0.00019557182100334963,445.75,861.0,False,False,False,True
1229,16481,internal,0.6269468069076538,0.0,0.0001999314069386389,0.0001999314069386389,427.8999938964844,841.300048828125,False,False,False,True
1230,16495,internal,0.6325397491455078,0.0,0.00020295999971132626,0.00020295999971132626,482.70001220703125,848.60009765625,False,False,False,True
1231,16520,internal,0.6506209969520569,0.0,0.00021001033138735663,0.00021001033138735663,491.5,802.0,False,False,False,True
1232,16521,internal,0.641402542591095,0.0,0.00020664444744809466,0.00020664444744809466,498.0,830.800048828125,False,False,False,True
1233,16535,internal,0.5775521397590637,0.0,0.00018607525817564884,0.00018607525817564884,565.0999755859375,911.9000244140625,False,False,False,True
1234,16544,internal,0.5902116894721985,0.0,0.0001902488806743464,0.0001902488806743464,555.0999755859375,888.699951171875,False,False,False,True
1235,16549,internal,0.5902135968208313,0.0,0.00018994273120347317,0.00018994273120347317,533.2000122070312,884.800048828125,False,False,False,True
1236,16577,internal,0.6072594523429871,0.0,0.00019740478706631813,0.00019740478706631813,592.5,867.5,False,False,False,True
1237,16587,internal,0.5822949409484863,0.0,0.00019077193675416573,0.00019077193675416573,625.2000122070312,893.199951171875,False,False,False,True
1238,16589,internal,0.5871369242668152,0.0,0.00019249957956409908,0.00019249957956409908,633.0,863.75,False,False,False,True
1239,16592,internal,0.5524267554283142,0.0,0.00017973311221797207,0.00017973311221797207,616.7000122070312,920.5,False,False,False,True
1240,16600,internal,0.6062066555023193,0.0,0.00019629607387792146,0.00019629607387792146,573.0999755859375,868.699951171875,False,False,False,True
1241,16614,internal,0.6367660164833069,0.0,0.0002075108430391276,0.0002075108430391276,578.0,826.75,False,False,False,True
1242,16627,internal,0.6141064763069153,0.0,0.00020041092023101345,0.00020041092023101345,600.4000244140625,856.199951171875,False,False,False,True
1243,16638,internal,0.6321420073509216,0.0,0.00020640297688367818,0.00020640297688367818,597.5999755859375,833.89990234375,False,False,False,True
1244,16640,internal,0.6317490935325623,0.0,0.0002066483649754757,0.0002066483649754757,611.7000122070312,830.60009765625,False,False,False,True
1245,16655,internal,0.5891425013542175,0.0,0.000193190930502626,0.000193190930502626,638.5,858.25,False,False,False,True
1246,16666,internal,0.20362655818462372,0.0,6.443461686080228e-05,6.443461686080228e-05,656.75,1224.0,False,False,False,True
1247,16668,internal,0.257924348115921,0.0,8.204178485625901e-05,8.204178485625901e-05,645.0,1172.25,False,False,False,True
1248,16700,internal,0.1991899013519287,0.0,6.494419320535945e-05,6.494419320535945e-05,734.0,1171.199951171875,False,False,False,True
1249,16704,internal,0.2651207149028778,0.0,8.444579670946473e-05,8.444579670946473e-05,647.75,1162.5,False,False,False,True
1250,16716,internal,0.3148518204689026,0.0,0.00010106988370795934,0.00010106988370795934,653.25,1141.5,False,False,False,True
1251,16737,internal,0.2857750952243805,0.0,9.269368738912487e-05,9.269368738912487e-05,690.75,1156.5,False,False,False,True
1252,16758,internal,0.2838364243507385,0.0,9.227974635826863e-05,9.227974635826863e-05,702.4500122070312,1146.6500244140625,False,False,False,True
1253,16776,internal,0.14696016907691956,0.0,4.771179427567089e-05,4.771179427567089e-05,718.25,1221.5,False,False,False,True
1254,16782,internal,0.20951586961746216,0.0,6.845468155058549e-05,6.845468155058549e-05,751.0,1164.75,False,False,False,True
1255,16792,internal,0.1450020670890808,0.0,4.8220927251419726e-05,4.8220927251419726e-05,818.0,1194.25,False,False,False,True
1256,16809,internal,0.14683762192726135,0.0,4.898453076209193e-05,4.898453076209193e-05,831.75,1179.5,False,False,False,True
1257,16815,internal,0.1652083545923233,0.0,5.603132210510057e-05,5.603132210510057e-05,876.5,1117.5,False,False,False,True
1258,16817,internal,0.16030892729759216,0.0,5.437462161322222e-05,5.437462161322222e-05,880.7999877929688,1139.4000244140625,False,False,False,True
1259,16821,internal,0.139504075050354,0.0,4.54937590939467e-05,4.54937590939467e-05,771.75,1229.5,False,False,False,True
1260,16842,internal,0.24988554418087006,0.0,8.198656227856497e-05,8.198656227856497e-05,765.75,1150.75,False,False,False,True
1261,16843,internal,0.26578134298324585,0.0,8.725805197346741e-05,8.725805197346741e-05,769.9000244140625,1131.5,False,False,False,True
1262,16860,internal,0.15170034766197205,0.0,5.081592187317413e-05,5.081592187317413e-05,849.0,1162.5,False,False,False,True
1263,16877,internal,0.18301942944526672,0.0,6.152938649594864e-05,6.152938649594864e-05,824.75,1128.75,False,False,False,True
1264,16898,internal,0.342556893825531,0.0,0.00011183049100820446,0.00011183049100820446,694.2999877929688,1116.5,False,False,False,True
1265,16905,internal,0.3912848234176636,0.0,0.00012667540515332612,0.00012667540515332612,648.5,1078.25,False,False,False,True
1266,16915,internal,0.3917534351348877,0.0,0.000126951405545233,0.000126951405545233,658.75,1071.0,False,False,False,True
1267,16931,internal,0.37904679775238037,0.0,0.00012402130682244358,0.00012402130682244358,708.5999755859375,1070.5999755859375,False,False,False,True
1268,16936,internal,0.3535930812358856,0.0,0.0001183156134803998,0.0001183156134803998,769.0,1058.300048828125,False,False,False,True
1269,16941,internal,0.37078166007995605,0.0,0.00012131016611651937,0.00012131016611651937,718.5,1091.5,False,False,False,True
1270,16972,internal,0.3827378749847412,0.0,0.00012504616374906208,0.00012504616374906208,687.25,1063.25,False,False,False,True
1271,16976,internal,0.3863507807254791,0.0,0.00012684858368637022,0.00012684858368637022,729.4000244140625,1048.0999755859375,False,False,False,True
1272,16991,internal,0.41818201541900635,0.0,0.00013791285891565091,0.00013791285891565091,715.0,1020.25,False,False,False,True
1273,17015,internal,0.27584439516067505,0.0,9.057046034048906e-05,9.057046034048906e-05,757.75,1124.0,False,False,False,True
1274,17020,internal,0.33844220638275146,0.0,0.00011312683522930777,0.00011312683522930777,773.0,1077.5,False,False,False,True
1275,17031,internal,0.18760620057582855,0.0,6.314363277006832e-05,6.314363277006832e-05,827.25,1118.0,False,False,False,True
1276,17033,internal,0.21683846414089203,0.0,7.325985975568974e-05,7.325985975568974e-05,835.0,1089.5,False,False,False,True
1277,17034,internal,0.1886766254901886,0.0,6.356695072034846e-05,6.356695072034846e-05,838.0,1113.5,False,False,False,True
1278,17047,internal,0.17558641731739044,0.0,5.966798527224301e-05,5.966798527224301e-05,875.75,1101.75,False,False,False,True
1279,17062,internal,0.21555766463279724,0.0,7.33668704571745e-05,7.33668704571745e-05,866.75,1087.5,False,False,False,True
1280,17063,internal,0.3125211000442505,0.0,0.00010678137393173588,0.00010678137393173588,867.5,1056.5,False,False,False,True
1281,17078,internal,0.36974626779556274,0.0,0.00012520160752977304,0.00012520160752977304,789.2999877929688,1033.0999755859375,False,False,False,True
1282,17079,internal,0.33432772755622864,0.0,0.0001137403120762465,0.0001137403120762465,834.7999877929688,1054.5999755859375,False,False,False,True
1283,17096,internal,0.36545276641845703,0.0,0.00012413003144215755,0.00012413003144215755,813.7000122070312,1034.300048828125,False,False,False,True
1284,17112,internal,0.31981658935546875,0.0,0.00010911670994176499,0.00010911670994176499,855.5,1054.75,False,False,False,True
1285,17141,internal,0.11033938825130463,0.0,3.699499446066657e-05,3.699499446066657e-05,921.0,1198.4000244140625,False,False,False,True
1286,17161,internal,0.04195772483944893,0.0,1.422062604757686e-05,1.422062604757686e-05,973.25,1237.0,False,False,False,True
1287,17166,internal,0.05381796136498451,0.0,1.8344885716039702e-05,1.8344885716039702e-05,972.7999877929688,1190.199951171875,False,False,False,True
1288,17184,internal,0.08181919902563095,0.0,2.8280057754824286e-05,2.8280057754824286e-05,971.6500244140625,1169.25,False,False,False,True
1289,17190,internal,0.0824352577328682,0.0,2.901359490459141e-05,2.901359490459141e-05,1006.5,1165.25,False,False,False,True
1290,17198,internal,0.16036300361156464,0.0,5.503056922153187e-05,5.503056922153187e-05,930.0,1136.5,False,False,False,True
1291,17218,internal,0.16911831498146057,0.0,5.866771215342958e-05,5.866771215342958e-05,941.0,1121.25,False,False,False,True
1292,17223,internal,0.15880145132541656,0.0,5.4058072827687975e-05,5.4058072827687975e-05,907.4000244140625,1150.9000244140625,False,False,False,True
1293,17232,internal,0.09527914226055145,0.0,3.351308355124301e-05,3.351308355124301e-05,993.7999877929688,1160.0,False,False,False,True
1294,17247,internal,0.16384828090667725,0.0,5.848497141250437e-05,5.848497141250437e-05,993.5,1125.5,False,False,False,True
1295,17252,internal,0.16819627583026886,0.0,6.058415728381694e-05,6.058415728381694e-05,1012.0,1118.75,False,False,False,True
1296,17265,internal,0.03732437267899513,0.0,1.2703784426488358e-05,1.2703784426488358e-05,989.25,1232.5,False,False,False,True
1297,17266,internal,0.032080210745334625,0.0,1.0979808508210452e-05,1.0979808508210452e-05,1015.0,1240.75,False,False,False,True
1298,17270,internal,0.031357292085886,0.0,1.1379718901516564e-05,1.1379718901516564e-05,1046.25,1180.75,False,False,False,True
1299,17286,internal,0.05044836923480034,0.0,1.841850479055692e-05,1.841850479055692e-05,1034.9000244140625,1164.0999755859375,False,False,False,True
1300,17290,internal,0.061800193041563034,0.0,2.289384307204442e-05,2.289384307204442e-05,1039.699951171875,1149.800048828125,False,False,False,True
1301,17305,internal,0.01147506758570671,0.0,4.684403218226601e-06,4.684403218226601e-06,1141.25,1183.25,False,False,False,True
1302,17306,internal,0.017612386494874954,0.0,6.498387554088545e-06,6.498387554088545e-06,1061.4000244140625,1192.0,False,False,False,True
1303,17307,internal,0.011369003914296627,0.0,4.1543694563500784e-06,4.1543694563500784e-06,1081.0,1230.5,False,False,False,True
1304,17314,internal,0.03867177665233612,0.0,1.5260587292180578e-05,1.5260587292180578e-05,1086.699951171875,1150.800048828125,False,False,False,True
1305,17327,internal,0.032691869884729385,0.0,1.3210327499739293e-05,1.3210327499739293e-05,1102.800048828125,1146.0,False,False,False,True
1306,17338,internal,0.051896970719099045,0.0,2.0109253690809184e-05,2.0109253690809184e-05,1065.0,1137.25,False,False,False,True
1307,17356,internal,0.05583756044507027,0.0,2.1397309562174707e-05,2.1397309562174707e-05,1056.0,1140.0,False,False,False,True
1308,17370,internal,0.05256040766835213,0.0,2.3028738031978342e-05,2.3028738031978342e-05,1155.5,1133.0999755859375,False,False,False,True
1309,17381,internal,0.12597200274467468,0.0,5.449823548396214e-05,5.449823548396214e-05,1128.75,1115.25,False,False,False,True
1310,17401,internal,0.19956418871879578,0.0,6.963449256699233e-05,6.963449256699233e-05,919.7000122070312,1091.4000244140625,False,False,False,True
1311,17425,internal,0.21225930750370026,0.0,7.441403479055233e-05,7.441403479055233e-05,929.9000244140625,1079.0,False,False,False,True
1312,17427,internal,0.19418400526046753,0.0,6.905628670137286e-05,6.905628670137286e-05,965.5,1092.0,False,False,False,True
1313,17436,internal,0.23392529785633087,0.0,8.57557927193976e-05,8.57557927193976e-05,1032.0,1074.4000244140625,False,False,False,True
1314,17453,internal,0.18330062925815582,0.0,6.487092485542195e-05,6.487092485542195e-05,963.5,1106.5,False,False,False,True
1315,17456,internal,0.31118202209472656,0.0,0.00010809759695732006,0.00010809759695732006,897.7000122070312,1038.300048828125,False,False,False,True
1316,17463,internal,0.28712114691734314,0.0,0.0001011207056847946,0.0001011207056847946,924.0999755859375,1046.0999755859375,False,False,False,True
1317,17481,internal,0.30371227860450745,0.0,0.00010850280957835264,0.00010850280957835264,938.2999877929688,1022.5999755859375,False,False,False,True
1318,17500,internal,0.25287652015686035,0.0,9.24507543693854e-05,9.24507543693854e-05,1016.5,1056.75,False,False,False,True
1319,17504,internal,0.26066043972969055,0.0,9.497831391888203e-05,9.497831391888203e-05,984.25,1020.0,False,False,False,True
1320,17509,internal,0.2544703185558319,0.0,9.28330110740584e-05,9.28330110740584e-05,994.9000244140625,1046.300048828125,False,False,False,True
1321,17518,internal,0.3718598783016205,0.0,0.00013013761262055867,0.00013013761262055867,884.7000122070312,1003.300048828125,False,False,False,True
1322,17529,internal,0.17736196517944336,0.0,7.339647028821409e-05,7.339647028821409e-05,1085.0,1088.0999755859375,False,False,False,True
1323,17543,internal,0.2303340882062912,0.0,9.403136417107622e-05,9.403136417107622e-05,1077.199951171875,1065.0,False,False,False,True
1324,17566,internal,0.23121176660060883,0.0,0.00010181231470367263,0.00010181231470367263,1133.25,1075.25,False,False,False,True
1325,17572,internal,0.3291630446910858,0.0,0.00014902673851190519,0.00014902673851190519,1167.75,1065.25,False,False,False,True
1326,17581,internal,0.14476796984672546,0.0,6.269527440828498e-05,6.269527440828498e-05,1124.5,1101.75,False,False,False,True
1327,17590,internal,0.2326284945011139,0.0,9.395556133974186e-05,9.395556133974186e-05,1069.75,1057.25,False,False,False,True
1328,17595,internal,0.27044183015823364,0.0,0.00011336876901486728,0.00011336876901486728,1098.4000244140625,1051.9000244140625,False,False,False,True
1329,17604,internal,0.2834576666355133,0.0,0.00010725137795578851,0.00010725137795578851,1046.1500244140625,1032.0999755859375,False,False,False,True
1330,17621,internal,0.2916417717933655,0.0,0.00012993621730245916,0.00012993621730245916,1145.199951171875,1061.5999755859375,False,False,False,True
1331,17630,internal,0.37947213649749756,0.0,0.00016252731872550566,0.00016252731872550566,1112.5,1017.5999755859375,False,False,False,True
1332,17635,internal,0.38407614827156067,0.0,0.00016562699609131337,0.00016562699609131337,1127.9000244140625,1018.800048828125,False,False,False,True
1333,17646,internal,0.1798868328332901,0.0,6.520207503312898e-05,6.520207503312898e-05,1026.5,1104.0,False,False,False,True
1334,17652,internal,0.48022162914276123,0.0,0.00015698764384112373,0.00015698764384112373,650.5999755859375,995.0,False,False,False,True
1335,17675,internal,0.4817962646484375,0.0,0.0001580230092702441,0.0001580230092702441,665.9000244140625,987.300048828125,False,False,False,True
1336,17684,internal,0.4161780774593353,0.0,0.00014100163073226272,0.00014100163073226272,777.7000122070312,994.5999755859375,False,False,False,True
1337,17692,internal,0.49297934770584106,0.0,0.00016493245554434445,0.00016493245554434445,728.5999755859375,976.0,False,False,False,True
1338,17705,internal,0.429492712020874,0.0,0.00014190196058074504,0.00014190196058074504,711.75,1004.0,False,False,False,True
1339,17711,internal,0.5121296644210815,0.0,0.00017022032341537543,0.00017022032341537543,675.7000122070312,957.5,False,False,False,True
1340,17727,internal,0.5350231528282166,0.0,0.00017806018244247542,0.00017806018244247542,671.0499877929688,921.9000244140625,False,False,False,True
1341,17735,internal,0.5158531069755554,0.0,0.00017295189879115215,0.00017295189879115215,717.75,954.0,False,False,False,True
1342,17744,internal,0.522339940071106,0.0,0.0001753113487703984,0.0001753113487703984,715.9000244140625,932.5999755859375,False,False,False,True
1343,17756,internal,0.5281257033348083,0.0,0.00017760543162891827,0.00017760543162891827,730.5,916.25,False,False,False,True
1344,17767,internal,0.5449137091636658,0.0,0.00018778876612327489,0.00018778876612327489,786.5999755859375,935.4000244140625,False,False,False,True
1345,17771,internal,0.4249301254749298,0.0,0.00014441496175146074,0.00014441496175146074,791.5,979.75,False,False,False,True
1346,17776,internal,0.4042045474052429,0.0,0.0001381387255449922,0.0001381387255449922,826.5,1003.75,False,False,False,True
1347,17778,internal,0.4109933078289032,0.0,0.00014059337408657595,0.00014059337408657595,831.2000122070312,983.800048828125,False,False,False,True
1348,17788,internal,0.4488566219806671,0.0,0.0001535866609741099,0.0001535866609741099,801.2999877929688,961.800048828125,False,False,False,True
1349,17793,internal,0.41766878962516785,0.0,0.00014285489911618573,0.00014285489911618573,820.75,972.75,False,False,False,True
1350,17794,internal,0.4131687879562378,0.0,0.00014151016813797053,0.00014151016813797053,843.75,975.0,False,False,False,True
1351,17813,internal,0.3736453652381897,0.0,0.00013123252181889306,0.00013123252181889306,896.0,997.5,False,False,False,True
1352,17858,internal,0.4863470196723938,0.0,0.000168784695214008,0.000168784695214008,863.7999877929688,949.4000244140625,False,False,False,True
1353,17875,internal,0.5898883938789368,0.0,0.00020590609941588492,0.00020590609941588492,858.7000122070312,915.0,False,False,False,True
1354,17883,internal,0.5739384293556213,0.0,0.0002021353469627252,0.0002021353469627252,902.5,907.75,False,False,False,True
1355,17895,internal,0.5748276114463806,0.0,0.00018895952447505794,0.00018895952447505794,653.75,898.5,False,False,False,True
1356,17920,internal,0.5325881242752075,0.0,0.00017764861707433844,0.00017764861707433844,684.2999877929688,917.199951171875,False,False,False,True
1357,17921,internal,0.5373319983482361,0.0,0.00017918058203856624,0.00017918058203856624,686.7000122070312,899.9000244140625,False,False,False,True
1358,17929,internal,0.5323414206504822,0.0,0.00017922896879567815,0.00017922896879567815,738.5,905.5,False,False,False,True
1359,17947,internal,0.5529221296310425,0.0,0.00018561494870837533,0.00018561494870837533,709.5,885.5,False,False,False,True
1360,17964,internal,0.6241752505302429,0.0,0.00020730159943137619,0.00020730159943137619,675.2000122070312,832.89990234375,False,False,False,True
1361,17979,internal,0.6215556859970093,0.0,0.00020536877612486028,0.00020536877612486028,655.7000122070312,833.800048828125,False,False,False,True
1362,17983,internal,0.6136500239372253,0.0,0.00020594602907841408,0.00020594602907841408,709.2999877929688,850.0,False,False,False,True
1363,18012,internal,0.6229891777038574,0.0,0.00020993215289330302,0.00020993215289330302,725.7999877929688,834.0,False,False,False,True
1364,18013,internal,0.6269020438194275,0.0,0.0002112344528148167,0.0002112344528148167,724.25,820.5,False,False,False,True
1365,18015,internal,0.6204249262809753,0.0,0.00020679384288416663,0.00020679384288416663,686.7000122070312,845.199951171875,False,False,False,True
1366,18018,internal,0.5845239758491516,0.0,0.0001916356059578997,0.0001916356059578997,631.0,880.5999755859375,False,False,False,True
1367,18041,internal,0.6033152341842651,0.0,0.0002082816562560188,0.0002082816562560188,763.4000244140625,873.300048828125,False,False,False,True
1368,18049,internal,0.6206750869750977,0.0,0.00021618009290537735,0.00021618009290537735,801.5,866.0,False,False,False,True
1369,18074,internal,0.5863204598426819,0.0,0.00020662896262702766,0.00020662896262702766,907.25,881.5,False,False,False,True
1370,18080,internal,0.6225491762161255,0.0,0.00021700560592181548,0.00021700560592181548,842.75,858.75,False,False,False,True
1371,18117,internal,0.622467041015625,0.0,0.00021692227905562933,0.00021692227905562933,824.0,865.25,False,False,False,True
1372,18123,internal,0.6162270903587341,0.0,0.00021409399634007782,0.00021409399634007782,785.4000244140625,870.199951171875,False,False,False,True
1373,18130,internal,0.6657727956771851,0.0,0.00023422290053351882,0.00023422290053351882,878.0999755859375,812.199951171875,False,False,False,True
1374,18139,internal,0.6237809658050537,0.0,0.00021757453412968455,0.00021757453412968455,855.25,847.0,False,False,False,True
1375,18142,internal,0.4712941348552704,0.0,0.00016626269431822772,0.00016626269431822772,911.25,945.75,False,False,False,True
1376,18149,internal,0.37643498182296753,0.0,0.00013305133978466446,0.00013305133978466446,917.5999755859375,993.9000244140625,False,False,False,True
1377,18162,internal,0.4405647814273834,0.0,0.00015576066367746667,0.00015576066367746667,922.0,961.800048828125,False,False,False,True
1378,18177,internal,0.2814132273197174,0.0,0.00010308429349265258,0.00010308429349265258,989.25,990.0,False,False,False,True
1379,18196,internal,0.33044400811195374,0.0,0.00012451077275194835,0.00012451077275194835,1009.5999755859375,974.4000244140625,False,False,False,True
1380,18213,internal,0.43867823481559753,0.0,0.00015622642591933813,0.00015622642591933813,953.0,954.0,False,False,False,True
1381,18228,internal,0.5081815719604492,0.0,0.00018392712968185273,0.00018392712968185273,950.5,918.199951171875,False,False,False,True
1382,18235,internal,0.4011405110359192,0.0,0.00015362304368617244,0.00015362304368617244,1011.5,945.5,False,False,False,True
1383,18271,internal,0.38832005858421326,0.0,0.00015453568198216955,0.00015453568198216955,1049.0,994.25,False,False,False,True
1384,18290,internal,0.4225611686706543,0.0,0.00017061473636633052,0.00017061473636633052,1078.0,970.0999755859375,False,False,False,True
1385,18291,internal,0.4194032847881317,0.0,0.00016899194035339949,0.00016899194035339949,1067.4000244140625,979.4000244140625,False,False,False,True
1386,18304,internal,0.49266287684440613,0.0,0.00022101577753147255,0.00022101577753147255,1164.0,998.699951171875,False,False,False,True
1387,18309,internal,0.44849246740341187,0.0,0.0001980500541185585,0.0001980500541185585,1145.0999755859375,996.300048828125,False,False,False,True
1388,18327,internal,0.5561188459396362,0.0,0.00025052124380679005,0.00025052124380679005,1162.25,948.5,False,False,False,True
1389,18360,internal,0.44559571146965027,0.0,0.00017221615803223318,0.00017221615803223318,1033.9000244140625,935.9000244140625,False,False,False,True
1390,18366,internal,0.5551480650901794,0.0,0.0002495530851480784,0.0002495530851480784,1148.0999755859375,949.4000244140625,False,False,False,True
1391,18380,internal,0.63701993227005,0.0,0.0002750671468874764,0.0002750671468874764,1129.5999755859375,902.4000244140625,False,False,False,True
1392,18401,internal,0.5838689208030701,0.0,0.00021464222518029837,0.00021464222518029837,973.5999755859375,883.0,False,False,False,True
1393,18425,internal,0.5731885433197021,0.0,0.000218261663138365,0.000218261663138365,1029.25,901.75,False,False,False,True
1394,18429,internal,0.5805099010467529,0.0,0.00022139765704178623,0.00022139765704178623,1035.25,892.0,False,False,False,True
1395,18440,internal,0.5994635224342346,0.0,0.00022421962671490274,0.00022421962671490274,999.0,877.25,False,False,False,True
1396,18442,internal,0.6041957139968872,0.0,0.00022657818995653234,0.00022657818995653234,1012.0,873.25,False,False,False,True
1397,18451,internal,0.5966741442680359,0.0,0.00021101783737344622,0.00021101783737344622,931.5,855.0,False,False,False,True
1398,18465,internal,0.5970761775970459,0.0,0.0002114451390255564,0.0002114451390255564,941.0,856.75,False,False,False,True
1399,18486,internal,0.7077566385269165,0.0,0.0002701329152719241,0.0002701329152719241,1004.9000244140625,834.10009765625,False,False,False,True
1400,18499,internal,0.6928161978721619,0.0,0.00024864284236713523,0.00024864284236713523,957.75,815.25,False,False,False,True
1401,18527,internal,0.6153165102005005,0.0,0.0002514950405285569,0.0002514950405285569,1088.25,896.0,False,False,False,True
1402,18530,internal,0.6312868595123291,0.0,0.0002589270928962233,0.0002589270928962233,1092.5,885.5,False,False,False,True
1403,18531,internal,0.6112223267555237,0.0,0.00024412863321430264,0.00024412863321430264,1064.0,881.75,False,False,False,True
1404,18560,internal,0.6716194748878479,0.0,0.00029574584163813444,0.00029574584163813444,1169.25,894.0,False,False,False,True
1405,18583,internal,0.753454864025116,0.0,0.0003036088484874961,0.0003036088484874961,1065.75,847.5,False,False,False,True
1406,18584,internal,0.7665587663650513,0.0,0.0003132407248285208,0.0003132407248285208,1096.25,836.75,False,False,False,True
1407,18597,internal,0.7301244139671326,0.0,0.0002808390940878632,0.0002808390940878632,1037.5,814.25,False,False,False,True
1408,18614,internal,0.761004626750946,0.0,0.00031188200457178607,0.00031188200457178607,1101.25,853.0,False,False,False,True
1409,18617,internal,0.801175057888031,0.0,0.0003331894095275436,0.0003331894095275436,1136.0999755859375,849.5,False,False,False,True
1410,18634,internal,0.8228471279144287,0.0,0.00034421041990206533,0.00034421041990206533,1159.0,815.5,False,False,False,True
1411,18635,internal,0.8202093243598938,0.0,0.0003434969269929016,0.0003434969269929016,1151.5,829.25,False,False,False,True
1412,18645,internal,0.6786186695098877,0.0,0.00024032773168217658,0.00024032773168217658,908.0,804.25,False,False,False,True
1413,18649,internal,0.6501529812812805,0.0,0.00020712442396161223,0.00020712442396161223,249.0,799.0,False,False,False,True
1414,18673,internal,0.652351438999176,0.0,0.00020742060756046541,0.00020742060756046541,338.5,806.5,False,False,False,True
1415,18690,internal,0.6778133511543274,0.0,0.0002174866147567375,0.0002174866147567375,361.79998779296875,778.89990234375,False,False,False,True
1416,18696,internal,0.6764377355575562,0.0,0.00021702864786495875,0.00021702864786495875,376.75,776.75,False,False,False,True
1417,18697,internal,0.6533182859420776,0.0,0.0002075824702627298,0.0002075824702627298,325.5,791.25,False,False,False,True
1418,18737,internal,0.656147301197052,0.0,0.00020932465821655428,0.00020932465821655428,299.5,778.75,False,False,False,True
1419,18741,internal,0.6944372653961182,0.0,0.00022405305239186926,0.00022405305239186926,339.79998779296875,750.60009765625,False,False,False,True
1420,18747,internal,0.6981167197227478,0.0,0.00022580289011199864,0.00022580289011199864,280.25,734.75,False,False,False,True
1421,18773,internal,0.6411677002906799,0.0,0.00020496474140901998,0.00020496474140901998,421.1000061035156,814.10009765625,False,False,False,True
1422,18780,internal,0.6740452647209167,0.0,0.00021621953287698388,0.00021621953287698388,387.0,778.0,False,False,False,True
1423,18785,internal,0.6617825031280518,0.0,0.0002123574199795289,0.0002123574199795289,425.29998779296875,781.199951171875,False,False,False,True
1424,18818,internal,0.6529287099838257,0.0,0.0002109862986310508,0.0002109862986310508,508.5,799.25,False,False,False,True
1425,18821,internal,0.6650605201721191,0.0,0.00021367296802573323,0.00021367296802573323,447.3999938964844,775.199951171875,False,False,False,True
1426,18835,internal,0.6638599634170532,0.0,0.00021304751360352474,0.00021304751360352474,415.75,769.5,False,False,False,True
1427,18842,internal,0.6884353160858154,0.0,0.00022178788776756425,0.00022178788776756425,386.20001220703125,748.0,False,False,False,True
1428,18851,internal,0.6677963733673096,0.0,0.00021443965195700658,0.00021443965195700658,412.70001220703125,753.5,False,False,False,True
1429,18855,internal,0.6677328944206238,0.0,0.00021466272602459988,0.00021466272602459988,455.0,757.10009765625,False,False,False,True
1430,18863,internal,0.6684007048606873,0.0,0.00021619254693667995,0.00021619254693667995,499.5,763.25,False,False,False,True
1431,18876,internal,0.6701474189758301,0.0,0.0002156085044846583,0.0002156085044846583,464.25,750.5,False,False,False,True
1432,18878,internal,0.6759878396987915,0.0,0.00021890015392702733,0.00021890015392702733,503.75,747.0,False,False,False,True
1433,18891,internal,0.7013223767280579,0.0,0.0002270597017172668,0.0002270597017172668,289.25,726.0,False,False,False,True
1434,18905,internal,0.7021812200546265,0.0,0.0002271811450660794,0.0002271811450660794,368.3999938964844,728.0,False,False,False,True
1435,18925,internal,0.7134180665016174,0.0,0.00023180581260918987,0.00023180581260918987,384.25,691.75,False,False,False,True
1436,18935,internal,0.7069861888885498,0.0,0.00022914165576205868,0.00022914165576205868,412.0,699.199951171875,False,False,False,True
1437,18954,internal,0.7150775194168091,0.0,0.00023250697060105921,0.00023250697060105921,349.1000061035156,665.10009765625,False,False,False,True
1438,18964,internal,0.721067488193512,0.0,0.00023433923521486827,0.00023433923521486827,416.1000061035156,649.199951171875,False,False,False,True
1439,18973,internal,0.7198896408081055,0.0,0.0002343709195410515,0.0002343709195410515,390.75,636.0,False,False,False,True
1440,18988,internal,0.6753556132316589,0.0,0.00021727665646493685,0.00021727665646493685,427.29998779296875,736.300048828125,False,False,False,True
1441,18993,internal,0.6912240982055664,0.0,0.00022367691682372915,0.00022367691682372915,474.5,731.0,False,False,False,True
1442,19015,internal,0.7071393132209778,0.0,0.00022986629244843473,0.00022986629244843473,478.25,689.5,False,False,False,True
1443,19018,internal,0.708633303642273,0.0,0.00022972166157269106,0.00022972166157269106,420.5,686.5,False,False,False,True
1444,19027,internal,0.679190456867218,0.0,0.00022007198430488425,0.00022007198430488425,507.5,736.75,False,False,False,True
1445,19038,internal,0.7007212042808533,0.0,0.00022753446368420284,0.00022753446368420284,495.79998779296875,711.39990234375,False,False,False,True
1446,19045,internal,0.7036571502685547,0.0,0.00022855992941575218,0.00022855992941575218,484.3999938964844,704.699951171875,False,False,False,True
1447,19057,internal,0.7235227823257446,0.0,0.00023618282889434686,0.00023618282889434686,486.25,651.5,False,False,False,True
1448,19060,internal,0.7325772047042847,0.0,0.00023893166256642388,0.00023893166256642388,429.75,629.75,False,False,False,True
1449,19082,internal,0.7251616716384888,0.0,0.00023683501779395307,0.00023683501779395307,496.25,644.75,False,False,False,True
1450,19097,internal,0.7444150447845459,0.0,0.00024531781453268847,0.00024531781453268847,539.2000122070312,636.800048828125,False,False,False,True
1451,19105,internal,0.7195931673049927,0.0,0.00023465359031741803,0.00023465359031741803,481.6000061035156,667.800048828125,False,False,False,True
1452,19117,internal,0.6393683552742004,0.0,0.0002083234652728997,0.0002083234652728997,566.0,808.0,False,False,False,True
1453,19142,internal,0.6551036238670349,0.0,0.00021643287930057356,0.00021643287930057356,635.0999755859375,808.60009765625,False,False,False,True
1454,19149,internal,0.655731201171875,0.0,0.00021882218719121053,0.00021882218719121053,688.7999877929688,800.800048828125,False,False,False,True
1455,19153,internal,0.6677098274230957,0.0,0.0002211803798559257,0.0002211803798559257,641.7999877929688,782.800048828125,False,False,False,True
1456,19163,internal,0.6714596748352051,0.0,0.00022286135644442127,0.00022286135644442127,663.2000122070312,773.699951171875,False,False,False,True
1457,19177,internal,0.6701340079307556,0.0,0.00021946243822021637,0.00021946243822021637,573.25,758.0,False,False,False,True
1458,19200,internal,0.6735185980796814,0.0,0.000220561053187695,0.000220561053187695,564.7999877929688,738.699951171875,False,False,False,True
1459,19207,internal,0.6725730895996094,0.0,0.0002222082940420882,0.0002222082940420882,617.0999755859375,756.199951171875,False,False,False,True
1460,19215,internal,0.6767745614051819,0.0,0.00022494871032425188,0.00022494871032425188,668.75,755.5,False,False,False,True
1461,19243,internal,0.6506732106208801,0.0,0.0002186393471886118,0.0002186393471886118,707.7999877929688,802.199951171875,False,False,False,True
1462,19292,internal,0.702311635017395,0.0,0.00023953220892602718,0.00023953220892602718,705.4000244140625,751.39990234375,False,False,False,True
1463,19295,internal,0.7010834217071533,0.0,0.00023976366067886442,0.00023976366067886442,719.4000244140625,772.0,False,False,False,True
1464,19296,internal,0.7046351432800293,0.0,0.00024131508093109947,0.00024131508093109947,720.5999755859375,751.10009765625,False,False,False,True
1465,19308,internal,0.7058538794517517,0.0,0.0002419908014647716,0.0002419908014647716,734.75,747.0,False,False,False,True
1466,19328,internal,0.696129560470581,0.0,0.00024338358832785368,0.00024338358832785368,824.7999877929688,748.0,False,False,False,True
1467,19329,internal,0.7016409039497375,0.0,0.00024311986991368197,0.00024311986991368197,767.75,748.0,False,False,False,True
1468,19335,internal,0.7016125917434692,0.0,0.00024357155023280533,0.00024357155023280533,782.5,745.5,False,False,False,True
1469,19358,internal,0.6985217332839966,0.0,0.00022948544525952551,0.00022948544525952551,568.5,704.5,False,False,False,True
1470,19378,internal,0.7209039330482483,0.0,0.00023773493736085156,0.00023773493736085156,594.2999877929688,689.300048828125,False,False,False,True
1471,19387,internal,0.7044431567192078,0.0,0.00023288652077076795,0.00023288652077076795,627.2000122070312,709.10009765625,False,False,False,True
1472,19407,internal,0.7304609417915344,0.0,0.0002439517886167837,0.0002439517886167837,662.5999755859375,691.39990234375,False,False,False,True
1473,19431,internal,0.7267662286758423,0.0,0.0002398336467761313,0.0002398336467761313,590.4000244140625,665.39990234375,False,False,False,True
1474,19432,internal,0.7467518448829651,0.0,0.00024634097739341246,0.00024634097739341246,550.25,635.75,False,False,False,True
1475,19438,internal,0.7509952783584595,0.0,0.00024797545981403765,0.00024797545981403765,563.2000122070312,624.39990234375,False,False,False,True
1476,19454,internal,0.7435134649276733,0.0,0.0002486693121467369,0.0002486693121467369,664.2000122070312,662.0,False,False,False,True
1477,19472,internal,0.7562596201896667,0.0,0.0002530085031168431,0.0002530085031168431,652.0,625.699951171875,False,False,False,True
1478,19474,internal,0.7467370629310608,0.0,0.00024965406735725885,0.00024965406735725885,651.5,645.25,False,False,False,True
1479,19482,internal,0.7085648775100708,0.0,0.00023638553446653666,0.00023638553446653666,671.75,715.75,False,False,False,True
1480,19504,internal,0.7384369969367981,0.0,0.00025373451623175844,0.00025373451623175844,741.0,685.0,False,False,False,True
1481,19513,internal,0.7267388701438904,0.0,0.00025401202540110263,0.00025401202540110263,824.2999877929688,695.699951171875,False,False,False,True
1482,19515,internal,0.7340676784515381,0.0,0.00025579037107386303,0.00025579037107386303,778.0,689.5,False,False,False,True
1483,19548,internal,0.7684493064880371,0.0,0.00026196955583342196,0.00026196955583342196,727.5999755859375,643.39990234375,False,False,False,True
1484,19549,internal,0.753720223903656,0.0,0.0002534341107030588,0.0002534341107030588,694.7000122070312,636.800048828125,False,False,False,True
1485,19575,internal,0.7625599503517151,0.0,0.0002660321111369108,0.0002660321111369108,791.25,642.75,False,False,False,True
1486,19577,internal,0.7347920536994934,0.0,0.0002562971879438967,0.0002562971879438967,793.0,683.10009765625,False,False,False,True
1487,19588,internal,0.795071005821228,0.0,0.00027812530640397885,0.00027812530640397885,815.7000122070312,624.14990234375,False,False,False,True
1488,19595,internal,0.7726847529411316,0.0,0.0002697479917369562,0.0002697479917369562,798.0,633.75,False,False,False,True
1489,19601,internal,0.6461049318313599,0.0,0.0002212568113445256,0.0002212568113445256,764.75,808.0,False,False,False,True
1490,19602,internal,0.7195394039154053,0.0,0.00023430553918543531,0.00023430553918543531,365.5,618.5,False,False,False,True
1491,19630,internal,0.7421915531158447,0.0,0.00024299615016382364,0.00024299615016382364,428.0,614.5,False,False,False,True
1492,19636,internal,0.731273353099823,0.0,0.00023914929709430903,0.00023914929709430903,482.79998779296875,611.699951171875,False,False,False,True
1493,19642,internal,0.743596613407135,0.0,0.0002436522565908109,0.0002436522565908109,433.1000061035156,604.800048828125,False,False,False,True
1494,19672,internal,0.7536756992340088,0.0,0.0002482352871706079,0.0002482352871706079,399.3999938964844,572.10009765625,False,False,False,True
1495,19688,internal,0.7580178380012512,0.0,0.000250028005933692,0.000250028005933692,404.5,557.5,False,False,False,True
1496,19699,internal,0.7380430102348328,0.0,0.00024175034998686977,0.00024175034998686977,468.20001220703125,597.10009765625,False,False,False,True
1497,19706,internal,0.7681848406791687,0.0,0.00025424644176925526,0.00025424644176925526,423.0,540.75,False,False,False,True
1498,19729,internal,0.7723569273948669,0.0,0.00025563020243749316,0.00025563020243749316,518.0,594.25,False,False,False,True
1499,19740,internal,0.7721027731895447,0.0,0.00025599683535475627,0.00025599683535475627,540.25,598.25,False,False,False,True
1500,19760,internal,0.7800894379615784,0.0,0.00025953783012097327,0.00025953783012097327,573.0,583.5,False,False,False,True
1501,19771,internal,0.7747366428375244,0.0,0.000259265641377329,0.000259265641377329,627.7999877929688,597.89990234375,False,False,False,True
1502,19791,internal,0.78359454870224,0.0,0.00026067621593230345,0.00026067621593230345,551.7999877929688,578.39990234375,False,False,False,True
1503,19795,internal,0.7865456342697144,0.0,0.00026182773075431607,0.00026182773075431607,545.0,562.0,False,False,False,True
1504,19801,internal,0.7877678871154785,0.0,0.0002622961664439273,0.0002622961664439273,523.75,549.25,False,False,False,True
1505,19808,internal,0.7821800112724304,0.0,0.0002604614930801745,0.0002604614930801745,581.25,579.5,False,False,False,True
1506,19822,internal,0.7900920510292053,0.0,0.00026381190543325926,0.00026381190543325926,586.0,556.5,False,False,False,True
1507,19828,internal,0.8018054962158203,0.0,0.0002696294335941202,0.0002696294335941202,650.0,525.39990234375,False,False,False,True
1508,19833,internal,0.7801430225372314,0.0,0.0002616720090409193,0.0002616720090409193,655.9000244140625,586.39990234375,False,False,False,True
1509,19858,internal,0.7919726371765137,0.0,0.0002641614918124589,0.0002641614918124589,481.0,489.0,False,False,False,True
1510,19874,internal,0.7876449227333069,0.0,0.0002622558000300347,0.0002622558000300347,535.75,553.5,False,False,False,True
1511,19881,internal,0.7963516712188721,0.0,0.0002658931712637815,0.0002658931712637815,548.7000122070312,510.800048828125,False,False,False,True
1512,19895,internal,0.7935275435447693,0.0,0.00026481463362413075,0.00026481463362413075,492.5,477.5,False,False,False,True
1513,19912,internal,0.837943971157074,0.0,0.0002835969539547844,0.0002835969539547844,561.5,433.5,False,False,False,True
1514,19944,internal,0.8257253766059875,0.0,0.00027827827526029705,0.00027827827526029705,574.0,474.25,False,False,False,True
1515,19966,internal,0.7935698628425598,0.0,0.00026537187542430567,0.00026537187542430567,596.5,540.39990234375,False,False,False,True
1516,19979,internal,0.8378589153289795,0.0,0.00028350256272072476,0.00028350256272072476,612.7000122070312,461.699951171875,False,False,False,True
1517,19987,internal,0.836236298084259,0.0,0.0002829366917723997,0.0002829366917723997,635.5,464.75,False,False,False,True
1518,19991,internal,0.8445466160774231,0.0,0.00028641026800997117,0.00028641026800997117,578.5,423.5,False,False,False,True
1519,20002,internal,0.8525788187980652,0.0,0.00028985096878127734,0.00028985096878127734,616.5999755859375,387.300048828125,False,False,False,True
1520,20041,internal,0.8022574186325073,0.0,0.0002684238939519405,0.0002684238939519405,565.2000122070312,505.199951171875,False,False,False,True
1521,20046,internal,0.7652719616889954,0.0,0.0002563326839183426,0.0002563326839183426,666.2000122070312,612.89990234375,False,False,False,True
1522,20068,internal,0.797207772731781,0.0,0.0002682303733932725,0.0002682303733932725,665.5,551.75,False,False,False,True
1523,20092,internal,0.8142173290252686,0.0,0.0002778238685538747,0.0002778238685538747,720.0,561.0,False,False,False,True
1524,20099,internal,0.8157826066017151,0.0,0.00027844972002277724,0.00027844972002277724,725.75,548.0,False,False,False,True
1525,20106,internal,0.817418098449707,0.0,0.0002758740516488545,0.0002758740516488545,666.0999755859375,487.10009765625,False,False,False,True
1526,20125,internal,0.820686936378479,0.0,0.00027727853815452056,0.00027727853815452056,678.0999755859375,480.0,False,False,False,True
1527,20160,internal,0.8335219621658325,0.0,0.0002845433809244431,0.0002845433809244431,743.0,491.0,False,False,False,True
1528,20163,internal,0.7947748303413391,0.0,0.00027130544709894045,0.00027130544709894045,738.2999877929688,603.5,False,False,False,True
1529,20175,internal,0.7789045572280884,0.0,0.00026575521077249744,0.00026575521077249744,738.25,625.75,False,False,False,True
1530,20184,internal,0.8069138526916504,0.0,0.00027641114994675256,0.00027641114994675256,763.0,579.89990234375,False,False,False,True
1531,20191,internal,0.8169779181480408,0.0,0.0002790967737851407,0.0002790967737851407,750.0,554.75,False,False,False,True
1532,20205,internal,0.8026137948036194,0.0,0.0002794723534879092,0.0002794723534879092,794.7000122070312,602.0,False,False,False,True
1533,20213,internal,0.8031222820281982,0.0,0.00028078530749571257,0.00028078530749571257,814.7000122070312,608.10009765625,False,False,False,True
1534,20221,internal,0.8511813282966614,0.0,0.0002970122353036184,0.0002970122353036184,810.5999755859375,544.800048828125,False,False,False,True
1535,20244,internal,0.8304554224014282,0.0,0.00028354674078288,0.00028354674078288,742.25,505.25,False,False,False,True
1536,20249,internal,0.8335636854171753,0.0,0.0002871909147499844,0.0002871909147499844,773.2999877929688,532.60009765625,False,False,False,True
1537,20282,internal,0.8373203873634338,0.0,0.00028589821012357634,0.00028589821012357634,742.5,469.0,False,False,False,True
1538,20284,internal,0.8166427612304688,0.0,0.0002788000475558057,0.0002788000475558057,737.25,545.75,False,False,False,True
1539,20309,internal,0.8707572221755981,0.0,0.0002977559302313077,0.0002977559302313077,682.7999877929688,406.300048828125,False,False,False,True
1540,20315,internal,0.8530037999153137,0.0,0.00029081198059949655,0.00029081198059949655,698.2999877929688,440.699951171875,False,False,False,True
1541,20316,internal,0.8540257215499878,0.0,0.0002904652529564939,0.0002904652529564939,645.0,409.75,False,False,False,True
1542,20327,internal,0.8471898436546326,0.0,0.0002893093441510674,0.0002893093441510674,726.75,449.25,False,False,False,True
1543,20360,internal,0.8784621953964233,0.0,0.0003010097014190667,0.0003010097014190667,677.9000244140625,334.60009765625,False,False,False,True
1544,20372,internal,0.8769163489341736,0.0,0.0003003816794282368,0.0003003816794282368,713.4000244140625,388.199951171875,False,False,False,True
1545,20377,internal,0.8757980465888977,0.0,0.0002998927825989935,0.0002998927825989935,699.0999755859375,380.39990234375,False,False,False,True
1546,20395,internal,0.8943837285041809,0.0,0.00030788856186283727,0.00030788856186283727,737.25,307.25,False,False,False,True
1547,20421,internal,0.8821765780448914,0.0,0.00030277152994935563,0.00030277152994935563,745.5,399.5,False,False,False,True
1548,20428,internal,0.8842324018478394,0.0,0.00030365797639843686,0.00030365797639843686,755.0,398.75,False,False,False,True
1549,20438,internal,0.8881667256355286,0.0,0.00030724436683667077,0.00030724436683667077,776.75,436.75,False,False,False,True
1550,20442,internal,0.898307740688324,0.0,0.00031369425803221625,0.00031369425803221625,809.7999877929688,460.39990234375,False,False,False,True
1551,20457,internal,0.890128493309021,0.0,0.0003082636121700137,0.0003082636121700137,784.5999755859375,431.10009765625,False,False,False,True
1552,20459,internal,0.8899545669555664,0.0,0.000306492730975101,0.000306492730975101,786.5,401.39990234375,False,False,False,True
1553,20486,internal,0.8971513509750366,0.0,0.00030908978693094187,0.00030908978693094187,778.2000122070312,304.39990234375,False,False,False,True
1554,20495,internal,0.8978278040885925,0.0,0.0003094299500686033,0.0003094299500686033,790.2000122070312,350.39990234375,False,False,False,True
1555,20496,internal,0.8891454339027405,0.0,0.00030575144479735546,0.00030575144479735546,767.7000122070312,389.199951171875,False,False,False,True
1556,20525,internal,0.6834476590156555,0.0,0.00023924305305365824,0.00023924305305365824,842.5,777.25,False,False,False,True
1557,20527,internal,0.6808890104293823,0.0,0.0002390630850221463,0.0002390630850221463,868.2000122070312,785.300048828125,False,False,False,True
1558,20536,internal,0.7025067210197449,0.0,0.00024565877176373793,0.00024565877176373793,828.75,730.25,False,False,False,True
1559,20544,internal,0.720153272151947,0.0,0.00025423564209917776,0.00025423564209917776,867.7999877929688,734.199951171875,False,False,False,True
1560,20554,internal,0.6936687231063843,0.0,0.0002456003000205978,0.0002456003000205978,887.0,765.5,False,False,False,True
1561,20567,internal,0.699597179889679,0.0,0.00024879911994590365,0.00024879911994590365,916.75,764.5,False,False,False,True
1562,20574,internal,0.7338480353355408,0.0,0.0002622651968017933,0.0002622651968017933,907.0,730.550048828125,False,False,False,True
1563,20597,internal,0.7563116550445557,0.0,0.0002660731128255138,0.0002660731128255138,864.5999755859375,689.39990234375,False,False,False,True
1564,20600,internal,0.7373780012130737,0.0,0.00025815518118347863,0.00025815518118347863,845.75,685.25,False,False,False,True
1565,20620,internal,0.7290236353874207,0.0,0.000258516811312397,0.000258516811312397,879.4000244140625,722.60009765625,False,False,False,True
1566,20629,internal,0.7341780066490173,0.0,0.00026208358764394607,0.00026208358764394607,901.2000122070312,726.39990234375,False,False,False,True
1567,20632,internal,0.7799277305603027,0.0,0.00027556890802960617,0.00027556890802960617,885.5,676.199951171875,False,False,False,True
1568,20663,internal,0.6950295567512512,0.0,0.00024921686600757763,0.00024921686600757763,955.7999877929688,803.800048828125,False,False,False,True
1569,20667,internal,0.718746542930603,0.0,0.00025705263545372915,0.00025705263545372915,940.9000244140625,739.550048828125,False,False,False,True
1570,20675,internal,0.7235431671142578,0.0,0.000259580711163928,0.000259580711163928,962.0,742.5,False,False,False,True
1571,20684,internal,0.7244049310684204,0.0,0.0002638842208711311,0.0002638842208711311,972.7999877929688,780.89990234375,False,False,False,True
1572,20690,internal,0.7590533494949341,0.0,0.00028417441866657503,0.00028417441866657503,1007.0,778.5,False,False,False,True
1573,20706,internal,0.7770201563835144,0.0,0.0002906021811263735,0.0002906021811263735,1019.25,743.5,False,False,False,True
1574,20731,internal,0.849713921546936,0.0,0.0003107482774416658,0.0003107482774416658,952.0,675.300048828125,False,False,False,True
1575,20732,internal,0.8556897640228271,0.0,0.00031363017469580054,0.00031363017469580054,971.75,672.75,False,False,False,True
1576,20746,internal,0.8292580842971802,0.0,0.0003056399540856731,0.0003056399540856731,992.5999755859375,703.699951171875,False,False,False,True
1577,20756,internal,0.7572829127311707,0.0,0.00027666234815517266,0.00027666234815517266,990.5999755859375,729.699951171875,False,False,False,True
1578,20775,internal,0.889517068862915,0.0,0.000329199275541045,0.000329199275541045,998.7999877929688,656.10009765625,False,False,False,True
1579,20777,internal,0.6856999397277832,0.0,0.00024332358133749663,0.00024332358133749663,917.75,792.75,False,False,False,True
1580,20785,internal,0.8048688769340515,0.0,0.0002832005425354694,0.0002832005425354694,840.5999755859375,639.89990234375,False,False,False,True
1581,20789,internal,0.8417516946792603,0.0,0.00029797208245153515,0.00029797208245153515,857.9000244140625,606.10009765625,False,False,False,True
1582,20800,internal,0.8115086555480957,0.0,0.0002840225350712205,0.0002840225350712205,823.75,593.5,False,False,False,True
1583,20809,internal,0.8158132433891296,0.0,0.0002877323540917371,0.0002877323540917371,854.9000244140625,629.199951171875,False,False,False,True
1584,20823,internal,0.8218143582344055,0.0,0.0002916442698795127,0.0002916442698795127,890.9000244140625,643.699951171875,False,False,False,True
1585,20831,internal,0.8668330311775208,0.0,0.00030845599452815884,0.00030845599452815884,876.5,586.5,False,False,False,True
1586,20837,internal,0.8709153532981873,0.0,0.00031033143135249827,0.00031033143135249827,896.7000122070312,582.39990234375,False,False,False,True
1587,20844,internal,0.8505416512489319,0.0,0.00029700776191086574,0.00029700776191086574,824.0,552.75,False,False,False,True
1588,20851,internal,0.8697136640548706,0.0,0.00030698334834001844,0.00030698334834001844,861.0,548.699951171875,False,False,False,True
1589,20862,internal,0.8911450505256653,0.0,0.0003129934706172613,0.0003129934706172613,830.0999755859375,501.60009765625,False,False,False,True
1590,20917,internal,0.8471946120262146,0.0,0.0003043810513678164,0.0003043810513678164,931.0,640.5,False,False,False,True
1591,20945,internal,0.923289954662323,0.0,0.0003436527810551964,0.0003436527810551964,1007.2000122070312,628.800048828125,False,False,False,True
1592,20952,internal,0.8933886289596558,0.0,0.0003218426620452434,0.0003218426620452434,958.9000244140625,588.10009765625,False,False,False,True
1593,20959,internal,0.8959294557571411,0.0,0.0003232759741408957,0.0003232759741408957,972.5,586.0,False,False,False,True
1594,20971,internal,0.8816619515419006,0.0,0.00031488621867746026,0.00031488621867746026,920.2999877929688,559.0,False,False,False,True
1595,20981,internal,0.8897026181221008,0.0,0.00031949219855617193,0.00031949219855617193,947.0,573.75,False,False,False,True
1596,20992,internal,0.9111573100090027,0.0,0.00032702539195169646,0.00032702539195169646,959.25,527.5,False,False,False,True
1597,20997,internal,0.9061842560768127,0.0,0.00032453373865822953,0.00032453373865822953,937.0999755859375,522.300048828125,False,False,False,True
1598,21013,internal,0.9341269731521606,0.0,0.0003414016851187497,0.0003414016851187497,1011.4000244140625,558.300048828125,False,False,False,True
1599,21026,internal,0.9375834465026855,0.0,0.0003402854809827257,0.0003402854809827257,992.5,517.699951171875,False,False,False,True
1600,21034,internal,0.8369045853614807,0.0,0.0002978866115332013,0.0002978866115332013,906.5,628.800048828125,False,False,False,True
1601,21049,internal,0.7266456484794617,0.0,0.0002788331612500874,0.0002788331612500874,1025.0,820.25,False,False,False,True
1602,21057,internal,0.7703717947006226,0.0,0.0002893447607161745,0.0002893447607161745,1021.5999755859375,764.800048828125,False,False,False,True
1603,21068,internal,0.7813156843185425,0.0,0.0002928625679554604,0.0002928625679554604,1026.0,738.5,False,False,False,True
1604,21079,internal,0.826018750667572,0.0,0.0003273567406527505,0.0003273567406527505,1078.5,767.300048828125,False,False,False,True
1605,21081,internal,0.8199913501739502,0.0,0.000325645654689958,0.000325645654689958,1081.9000244140625,781.39990234375,False,False,False,True
1606,21085,internal,0.8221789598464966,0.0,0.0003228326318023469,0.0003228326318023469,1062.699951171875,753.199951171875,False,False,False,True
1607,21087,internal,0.8169101476669312,0.0,0.00031914925609165235,0.00031914925609165235,1053.25,750.25,False,False,False,True
1608,21119,internal,0.8923572301864624,0.0,0.0003319568971799498,0.0003319568971799498,1017.5999755859375,671.89990234375,False,False,False,True
1609,21126,internal,0.8811507225036621,0.0,0.0003308943472871785,0.0003308943472871785,1029.75,698.25,False,False,False,True
1610,21136,internal,0.8995606303215027,0.0,0.00034925240999037616,0.00034925240999037616,1080.5,716.25,False,False,False,True
1611,21149,internal,0.9223715662956238,0.0,0.00035683057554144397,0.00035683057554144397,1067.5,691.0,False,False,False,True
1612,21160,internal,0.879743218421936,0.0,0.0003288289103848581,0.0003288289103848581,1018.5999755859375,691.10009765625,False,False,False,True
1613,21174,internal,0.8032294511795044,0.0,0.00032734480278215014,0.00032734480278215014,1102.199951171875,806.39990234375,False,False,False,True
1614,21189,internal,0.8204205632209778,0.0,0.0003386921855391608,0.0003386921855391608,1128.75,799.75,False,False,False,True
1615,21213,internal,0.8645825386047363,0.0,0.0003540635041912214,0.0003540635041912214,1131.0,766.25,False,False,False,True
1616,21223,internal,0.8944082856178284,0.0,0.00036425092826652646,0.00036425092826652646,1119.0,740.0,False,False,False,True
1617,21225,internal,0.8874304890632629,0.0,0.0003603503680142,0.0003603503680142,1109.75,743.25,False,False,False,True
1618,21255,internal,0.9180271029472351,0.0,0.0003777309811660458,0.0003777309811660458,1146.5999755859375,740.39990234375,False,False,False,True
1619,21270,internal,0.9305709600448608,0.0,0.00038539512056125994,0.00038539512056125994,1158.9000244140625,736.800048828125,False,False,False,True
1620,21275,internal,0.9610363245010376,0.0,0.0003943510116708165,0.0003943510116708165,1151.0,692.5,False,False,False,True
1621,21281,internal,0.9630364179611206,0.0,0.0003961346777692768,0.0003961346777692768,1160.4000244140625,689.800048828125,False,False,False,True
1622,21284,internal,0.9615333676338196,0.0,0.0003932452895675148,0.0003932452895675148,1143.75,679.0,False,False,False,True
1623,21290,internal,0.904996931552887,0.0,0.0003697067204193506,0.0003697067204193506,1131.300048828125,732.199951171875,False,False,False,True
1624,21308,internal,0.935332179069519,0.0,0.0003495318779234109,0.0003495318779234109,1049.25,628.0,False,False,False,True
1625,21311,internal,0.9301482439041138,0.0,0.0003469431070085853,0.0003469431070085853,1024.25,625.5,False,False,False,True
1626,21320,internal,0.9334896802902222,0.0,0.0003486369876146367,0.0003486369876146367,1039.25,629.75,False,False,False,True
1627,21338,internal,0.9307066798210144,0.0,0.0003610759576126417,0.0003610759576126417,1078.0,673.800048828125,False,False,False,True
1628,21343,internal,0.9451274871826172,0.0,0.00035326933139383167,0.00035326933139383167,1068.5,607.0,False,False,False,True
1629,21366,internal,0.9422882199287415,0.0,0.0003443221753115437,0.0003443221753115437,1015.7999877929688,531.699951171875,False,False,False,True
1630,21376,internal,0.9383443593978882,0.0,0.00034867963042957504,0.00034867963042957504,1032.5,592.89990234375,False,False,False,True
1631,21394,internal,0.959794282913208,0.0,0.000355564314224858,0.000355564314224858,1061.699951171875,516.199951171875,False,False,False,True
1632,21403,internal,0.9614289402961731,0.0,0.00035831653602872403,0.00035831653602872403,1083.0999755859375,532.10009765625,False,False,False,True
1633,21415,internal,0.9473944902420044,0.0,0.0003748802917820615,0.0003748802917820615,1106.5,665.800048828125,False,False,False,True
1634,21425,internal,0.9682207107543945,0.0,0.0003906540834329659,0.0003906540834329659,1132.0999755859375,643.800048828125,False,False,False,True
1635,21426,internal,0.9652640223503113,0.0,0.00038833130733335777,0.00038833130733335777,1119.25,648.75,False,False,False,True
1636,21442,internal,0.9587202072143555,0.0,0.00035874240831273573,0.00035874240831273573,1095.5999755859375,568.800048828125,False,False,False,True
1637,21444,internal,0.9656084775924683,0.0,0.000392141367409226,0.000392141367409226,1142.5,661.25,False,False,False,True
1638,21455,internal,0.9986385107040405,0.0,0.0004124992219613319,0.0004124992219613319,1172.25,646.75,False,False,False,True
1639,21466,internal,0.9779585003852844,0.0,0.0003957458367069279,0.0003957458367069279,1150.25,628.75,False,False,False,True
1640,21468,internal,0.9954681396484375,0.0,0.00040799051852265645,0.00040799051852265645,1168.199951171875,633.699951171875,False,False,False,True
1641,21485,internal,0.9708025455474854,0.0,0.0003655911990868788,0.0003655911990868788,1128.75,559.0,False,False,False,True
1642,21509,internal,0.9817081689834595,0.0,0.0003733867344680357,0.0003733867344680357,1155.0,575.25,False,False,False,True
1643,21510,internal,0.9816098213195801,0.0,0.00037226393935689095,0.00037226393935689095,1146.0,562.10009765625,False,False,False,True
1644,21518,internal,1.020783543586731,0.0,0.0003938743968193083,0.0003938743968193083,1166.9000244140625,541.89990234375,False,False,False,True
1645,21536,internal,1.0268126726150513,0.0,0.000392234276335628,0.000392234276335628,1143.5,508.5,False,False,False,True
1646,21541,internal,1.0307912826538086,0.0,0.0003954979207511784,0.0003954979207511784,1167.5,512.0,False,False,False,True
1647,21548,internal,0.9037540555000305,0.0,0.00031647429957444367,0.00031647429957444367,830.7999877929688,446.0,False,False,False,True
1648,21567,internal,0.9066019058227539,0.0,0.0003182544716619966,0.0003182544716619966,846.5,447.75,False,False,False,True
1649,21579,internal,0.9112304449081421,0.0,0.00032283210240675484,0.00032283210240675484,877.0,482.25,False,False,False,True
1650,21581,internal,0.9094321131706238,0.0,0.00032202130658777527,0.00032202130658777527,873.5,494.75,False,False,False,True
1651,21590,internal,0.9134577512741089,0.0,0.00032396011206448116,0.00032396011206448116,893.9000244140625,468.699951171875,False,False,False,True
1652,21596,internal,0.9161611199378967,0.0,0.00032330967017032866,0.00032330967017032866,873.2000122070312,433.89990234375,False,False,False,True
1653,21599,internal,0.9157132506370544,0.0,0.00032467897833890404,0.00032467897833890404,899.0,451.75,False,False,False,True
1654,21613,internal,0.9114505052566528,0.0,0.00031878291434196486,0.00031878291434196486,845.5,408.5,False,False,False,True
1655,21638,internal,0.9183712601661682,0.0,0.00032341740217330757,0.00032341740217330757,872.0,415.0,False,False,False,True
1656,21658,internal,0.9308087229728699,0.0,0.0003281457518431179,0.0003281457518431179,896.0,389.10009765625,False,False,False,True
1657,21672,internal,0.9151048064231873,0.0,0.00032753985858803504,0.00032753985858803504,929.0999755859375,490.89990234375,False,False,False,True
1658,21678,internal,0.9314737915992737,0.0,0.0003349552349945524,0.0003349552349945524,948.5999755859375,466.14990234375,False,False,False,True
1659,21683,internal,0.931232750415802,0.0,0.00033122291666137435,0.00033122291666137435,929.0,431.699951171875,False,False,False,True
1660,21698,internal,0.9437940716743469,0.0,0.000341481676792706,0.000341481676792706,981.2999877929688,465.300048828125,False,False,False,True
1661,21701,internal,0.9430283904075623,0.0,0.0003418500302456432,0.0003418500302456432,989.75,484.5,False,False,False,True
1662,21720,internal,0.966821014881134,0.0,0.0003525488239930735,0.0003525488239930735,1026.25,449.5,False,False,False,True
1663,21735,internal,0.941906213760376,0.0,0.0003342331658767977,0.0003342331658767977,943.2999877929688,405.60009765625,False,False,False,True
1664,21747,internal,0.9436290264129639,0.0,0.0003345194100734105,0.0003345194100734105,936.5,390.699951171875,False,False,False,True
1665,21771,internal,0.9674931764602661,0.0,0.0003510607988629845,0.0003510607988629845,1006.4000244140625,415.0,False,False,False,True
1666,21785,internal,0.9662775993347168,0.0,0.0003446029137939993,0.0003446029137939993,996.25,357.5,False,False,False,True
1667,21788,internal,0.9693013429641724,0.0,0.00034616222204055566,0.00034616222204055566,1009.0999755859375,354.60009765625,False,False,False,True
1668,21789,internal,0.9542884826660156,0.0,0.00034098454786200653,0.00034098454786200653,984.2000122070312,403.800048828125,False,False,False,True
1669,21793,internal,0.9025164246559143,0.0,0.0003115671994829831,0.0003115671994829831,829.75,351.5,False,False,False,True
1670,21799,internal,0.919350266456604,0.0,0.00031909308721933755,0.00031909308721933755,874.5,329.5,False,False,False,True
1671,21800,internal,0.917182207107544,0.0,0.00031810573797041465,0.00031810573797041465,865.0,336.0,False,False,False,True
1672,21830,internal,0.9478379487991333,0.0,0.00033196999972085264,0.00033196999972085264,925.75,316.75,False,False,False,True
1673,21856,internal,0.9077843427658081,0.0,0.00031364272137133175,0.00031364272137133175,837.25,273.5,False,False,False,True
1674,21880,internal,0.9515238404273987,0.0,0.00033256432568224954,0.00033256432568224954,936.4000244140625,267.10009765625,False,False,False,True
1675,21890,internal,0.9444356560707092,0.0,0.00032935902066094126,0.00032935902066094126,920.9000244140625,238.5,False,False,False,True
1676,21910,internal,0.9539374709129333,0.0,0.00033821411484977453,0.00033821411484977453,970.5,351.39990234375,False,False,False,True
1677,21911,internal,0.9497832655906677,0.0,0.00033630368497680166,0.00033630368497680166,949.2000122070312,360.39990234375,False,False,False,True
1678,21914,internal,0.9504469037055969,0.0,0.0003329755337083619,0.0003329755337083619,940.75,310.25,False,False,False,True
1679,21915,internal,0.952955424785614,0.0,0.000333971909152129,0.000333971909152129,953.0,305.0,False,False,False,True
1680,21917,internal,0.9537317156791687,0.0,0.00033444746521245306,0.00033444746521245306,968.0,313.75,False,False,False,True
1681,21935,internal,0.9780233502388,0.0,0.00034920214387891254,0.00034920214387891254,1014.5,331.60009765625,False,False,False,True
1682,21951,internal,0.978385329246521,0.0,0.00034539012503935376,0.00034539012503935376,999.9500122070312,313.35009765625,False,False,False,True
1683,21965,internal,0.9636202454566956,0.0,0.0003380962449212082,0.0003380962449212082,961.4000244140625,279.60009765625,False,False,False,True
1684,21995,internal,0.9754724502563477,0.0,0.0003430443731710514,0.0003430443731710514,995.2999877929688,269.199951171875,False,False,False,True
1685,22001,internal,0.9816228747367859,0.0,0.00034523109460350677,0.00034523109460350677,1014.7999877929688,214.800048828125,False,False,False,True
1686,22018,internal,0.9824731945991516,0.0,0.000347028260289564,0.000347028260289564,1010.5,292.300048828125,False,False,False,True
1687,22024,internal,0.9654308557510376,0.0,0.00035239418754064037,0.00035239418754064037,1035.25,465.75,False,False,False,True
1688,22029,internal,0.9626100659370422,0.0,0.00035505794734107753,0.00035505794734107753,1054.5,489.0,False,False,False,True
1689,22041,internal,0.9702361822128296,0.0,0.000353889015404087,0.000353889015404087,1031.75,435.0,False,False,False,True
1690,22046,internal,0.9813483953475952,0.0,0.0003585981480139065,0.0003585981480139065,1051.0999755859375,418.800048828125,False,False,False,True
1691,22115,internal,0.9967297911643982,0.0,0.0003632218361751717,0.0003632218361751717,1052.800048828125,378.199951171875,False,False,False,True
1692,22125,internal,1.0157524347305298,0.0,0.00037105715563507,0.00037105715563507,1087.0,366.699951171875,False,False,False,True
1693,22128,internal,0.9909940958023071,0.0,0.00036146823974633887,0.00036146823974633887,1051.5,394.0,False,False,False,True
1694,22129,internal,1.004391074180603,0.0,0.0003662735635352309,0.0003662735635352309,1071.25,368.0,False,False,False,True
1695,22132,internal,1.014249563217163,0.0,0.00036586547894311156,0.00036586547894311156,1043.0,315.10009765625,False,False,False,True
1696,22141,internal,1.0295873880386353,0.0,0.0003748820387875152,0.0003748820387875152,1062.75,322.75,False,False,False,True
1697,22150,internal,1.0257422924041748,0.0,0.00039093114261605684,0.00039093114261605684,1131.25,498.25,False,False,False,True
1698,22167,internal,1.0076181888580322,0.0,0.00037460820891753563,0.00037460820891753563,1093.0,445.39990234375,False,False,False,True
1699,22171,internal,1.0326297283172607,0.0,0.0003900117148215919,0.0003900117148215919,1137.199951171875,446.0,False,False,False,True
1700,22175,internal,1.0296212434768677,0.0,0.0003877245670453277,0.0003877245670453277,1122.0,440.5,False,False,False,True
1701,22202,internal,1.0526766777038574,0.0,0.00039979346305472137,0.00039979346305472137,1180.25,441.75,False,False,False,True
1702,22207,internal,1.0287655591964722,0.0,0.00039379376987064155,0.00039379376987064155,1157.5,511.75,False,False,False,True
1703,22214,internal,1.0457656383514404,0.0,0.00038605215343053326,0.00038605215343053326,1121.800048828125,383.800048828125,False,False,False,True
1704,22222,internal,1.0361286401748657,0.0,0.0003785794699511782,0.0003785794699511782,1098.5,331.25,False,False,False,True
1705,22231,internal,1.0388381481170654,0.0,0.00037999634431369785,0.00037999634431369785,1111.0,330.25,False,False,False,True
1706,22234,internal,1.0500872135162354,0.0,0.0003873767541413614,0.0003873767541413614,1128.4000244140625,365.300048828125,False,False,False,True
1707,22243,internal,1.0465277433395386,0.0,0.00038688838670771007,0.00038688838670771007,1129.800048828125,395.0,False,False,False,True
1708,22248,internal,1.0590060949325562,0.0,0.0003932873765170815,0.0003932873765170815,1169.25,392.75,False,False,False,True
1709,22264,internal,1.0577563047409058,0.0,0.00039061466993113895,0.00039061466993113895,1154.0,356.39990234375,False,False,False,True
1710,22266,internal,1.0576690435409546,0.0,0.000389763825335622,0.000389763825335622,1155.0999755859375,334.39990234375,False,False,False,True
1711,22275,internal,0.9978768229484558,0.0,0.00035592403852964505,0.00035592403852964505,1034.5,298.0,False,False,False,True
1712,22293,internal,0.9797433614730835,0.0,0.00034458044095111745,0.00034458044095111745,1009.25,247.75,False,False,False,True
1713,22302,internal,1.0328173637390137,0.0,0.0003765556964819509,0.0003765556964819509,1077.9000244140625,320.89990234375,False,False,False,True
1714,22309,internal,1.0321879386901855,0.0,0.00037559592874337295,0.00037559592874337295,1081.0,294.75,False,False,False,True
1715,22352,internal,0.9918949007987976,0.0,0.00034943018103018115,0.00034943018103018115,1061.0,191.0,False,False,False,True
1716,22370,internal,1.0016584396362305,0.0,0.0003541902150261747,0.0003541902150261747,1086.5,226.300048828125,False,False,False,True
1717,22372,internal,1.01301908493042,0.0,0.00036058777546744763,0.00036058777546744763,1083.5,251.25,False,False,False,True
1718,22392,internal,1.0294140577316284,0.0,0.00037034607147585,0.00037034607147585,1100.699951171875,271.89990234375,False,False,False,True
1719,22404,internal,1.0171502828598022,0.0,0.0003629025312238364,0.0003629025312238364,1093.0,255.25,False,False,False,True
1720,22425,internal,1.0677671432495117,0.0,0.00038935306729576287,0.00038935306729576287,1168.5,285.25,False,False,False,True
1721,22435,internal,1.0494990348815918,0.0,0.00037991868198034647,0.00037991868198034647,1129.75,269.75,False,False,False,True
1722,22454,internal,1.0146161317825317,0.0,0.0003587811865398522,0.0003587811865398522,1113.0,217.25,False,False,False,True
1723,22463,internal,1.0009628534317017,0.0,0.000353090210395267,0.000353090210395267,1097.75,174.5,False,False,False,True
1724,22479,internal,1.0170209407806396,0.0,0.0003598615770640751,0.0003598615770640751,1119.75,224.75,False,False,False,True
1725,22484,internal,1.0231047868728638,0.0,0.0003628160015143185,0.0003628160015143185,1155.0,218.25,False,False,False,True
1726,22492,internal,1.0075300931930542,0.0,0.00035575561132203946,0.00035575561132203946,1150.25,157.25,False,False,False,True
1727,22509,internal,0.013341875746846199,0.0,5.648022723326881e-06,5.648022723326881e-06,1163.25,1176.25,False,False,False,True
1728,22511,internal,0.023723259568214417,0.0,1.210025773513803e-05,1.210025773513803e-05,1177.800048828125,1187.0,False,False,False,True
1729,22518,internal,0.04043308645486832,0.0,2.5641119990208613e-05,2.5641119990208613e-05,1205.5,1206.75,False,False,False,True
1730,22538,internal,0.07687123864889145,0.0,4.643193080109209e-05,4.643193080109209e-05,1245.9000244140625,1188.800048828125,False,False,False,True
1731,22566,internal,0.3327239155769348,0.0,0.00015152543276674617,0.00015152543276674617,1177.75,1081.25,False,False,False,True
1732,22606,internal,0.10172194242477417,0.0,6.508989610717699e-05,6.508989610717699e-05,1259.75,1206.25,False,False,False,True
1733,22610,internal,0.1475280076265335,0.0,9.55612380227155e-05,9.55612380227155e-05,1285.0,1198.75,False,False,False,True
1734,22617,internal,0.10783345997333527,0.0,6.987264117406879e-05,6.987264117406879e-05,1265.5,1241.0,False,False,False,True
1735,22647,internal,0.14460021257400513,0.0,9.386447882813243e-05,9.386447882813243e-05,1293.25,1238.0,False,False,False,True
1736,22658,internal,0.19015592336654663,0.0,0.00012260014435562847,0.00012260014435562847,1298.75,1172.0,False,False,False,True
1737,22667,internal,0.2459571361541748,0.0,0.00012688213413201537,0.00012688213413201537,1258.199951171875,1129.4000244140625,False,False,False,True
1738,22679,internal,0.3477683961391449,0.0,0.0001770757051646393,0.0001770757051646393,1267.0,1089.0,False,False,False,True
1739,22700,internal,0.43603068590164185,0.0,0.00022071461761405425,0.00022071461761405425,1279.199951171875,1076.0999755859375,False,False,False,True
1740,22711,internal,0.506670355796814,0.0,0.0002595602764940755,0.0002595602764940755,1297.0,1078.4000244140625,False,False,False,True
1741,22728,internal,0.4763651490211487,0.0,0.00021754467621829383,0.00021754467621829383,1191.5,1020.25,False,False,False,True
1742,22732,internal,0.46385878324508667,0.0,0.00021235028637392624,0.00021235028637392624,1187.75,1029.0,False,False,False,True
1743,22762,internal,0.4835083484649658,0.0,0.0002270440845473018,0.0002270440845473018,1228.800048828125,1047.9000244140625,False,False,False,True
1744,22776,internal,0.5317844748497009,0.0,0.00024231656504232967,0.00024231656504232967,1199.199951171875,988.699951171875,False,False,False,True
1745,22784,internal,0.538598358631134,0.0,0.00024346728577095424,0.00024346728577095424,1177.5999755859375,974.4000244140625,False,False,False,True
1746,22786,internal,0.5553540587425232,0.0,0.000250766936301053,0.000250766936301053,1175.5,958.75,False,False,False,True
1747,22802,internal,0.5919676423072815,0.0,0.00026975611795929393,0.00026975611795929393,1209.0,940.5,False,False,False,True
1748,22810,internal,0.566783607006073,0.0,0.00026133737808719463,0.00026133737808719463,1216.300048828125,977.800048828125,False,False,False,True
1749,22831,internal,0.5915924906730652,0.0,0.0002705027245627394,0.0002705027245627394,1213.0,951.0,False,False,False,True
1750,22833,internal,0.6200565099716187,0.0,0.00028594050883137985,0.00028594050883137985,1240.300048828125,940.9000244140625,False,False,False,True
1751,22847,internal,0.5147069692611694,0.0,0.00024368092336211954,0.00024368092336211954,1251.0,1030.0,False,False,False,True
1752,22864,internal,0.5597114562988281,0.0,0.00026496132914268335,0.00026496132914268335,1248.0,989.4000244140625,False,False,False,True
1753,22888,internal,0.6487339735031128,0.0,0.0003279650161879975,0.0003279650161879975,1318.4000244140625,999.5,False,False,False,True
1754,22917,internal,0.6003157496452332,0.0,0.0002866225556423768,0.0002866225556423768,1257.800048828125,976.0999755859375,False,False,False,True
1755,22940,internal,0.6452698707580566,0.0,0.00031158374309523415,0.00031158374309523415,1286.5999755859375,969.4000244140625,False,False,False,True
1756,22963,internal,0.7608507871627808,0.0,0.0003609896926009198,0.0003609896926009198,1280.4000244140625,909.5,False,False,False,True
1757,22965,internal,0.1986292600631714,0.0,0.00012805162193437754,0.00012805162193437754,1339.0,1184.5,False,False,False,True
1758,22971,internal,0.21646057069301605,0.0,0.00013708540037041207,0.00013708540037041207,1351.0,1172.25,False,False,False,True
1759,22986,internal,0.4019519090652466,0.0,0.0002179670015518389,0.0002179670015518389,1330.199951171875,1123.699951171875,False,False,False,True
1760,22999,internal,0.25968581438064575,0.0,0.00016304347942773875,0.00016304347942773875,1373.9000244140625,1161.9000244140625,False,False,False,True
1761,23022,internal,0.35466107726097107,0.0,0.00021793497311852085,0.00021793497311852085,1375.25,1126.25,False,False,False,True
1762,23026,internal,0.19222956895828247,0.0,0.0001249621089639369,0.0001249621089639369,1336.9000244140625,1226.0999755859375,False,False,False,True
1763,23033,internal,0.4378508925437927,0.0,0.0002362986871196635,0.0002362986871196635,1349.75,1105.0,False,False,False,True
1764,23056,internal,0.3839356303215027,0.0,0.00022300627848774056,0.00022300627848774056,1364.0,1119.0,False,False,False,True
1765,23068,internal,0.5815528631210327,0.0,0.00030946973414734463,0.00030946973414734463,1369.199951171875,1067.5999755859375,False,False,False,True
1766,23090,internal,0.3351907432079315,0.0,0.00021866631989402594,0.00021866631989402594,1411.0,1185.0,False,False,False,True
1767,23093,internal,0.3732055723667145,0.0,0.00024352215762406856,0.00024352215762406856,1422.0,1177.75,False,False,False,True
1768,23098,internal,0.2473994344472885,0.0,0.00016153995624169297,0.00016153995624169297,1402.25,1223.75,False,False,False,True
1769,23103,internal,0.4678485095500946,0.0,0.00028569124291687067,0.00028569124291687067,1414.5,1105.75,False,False,False,True
1770,23114,internal,0.46368101239204407,0.0,0.00028460987301080255,0.00028460987301080255,1424.800048828125,1108.4000244140625,False,False,False,True
1771,23121,internal,0.4325388967990875,0.0,0.0002820520982078906,0.0002820520982078906,1479.25,1130.25,False,False,False,True
1772,23134,internal,0.48678281903266907,0.0,0.0002995264937888652,0.0002995264937888652,1442.25,1106.75,False,False,False,True
1773,23141,internal,0.4047766327857971,0.0,0.0002658559018141023,0.0002658559018141023,1470.800048828125,1180.4000244140625,False,False,False,True
1774,23144,internal,0.4864002764225006,0.0,0.00029408917754220304,0.00029408917754220304,1412.25,1091.5,False,False,False,True
1775,23180,internal,0.49982669949531555,0.0,0.0003064668700004301,0.0003064668700004301,1449.5,1102.0999755859375,False,False,False,True
1776,23188,internal,0.5844399929046631,0.0,0.00034918676493696395,0.00034918676493696395,1455.300048828125,1068.6500244140625,False,False,False,True
1777,23198,internal,0.606074333190918,0.0,0.00036672603794774233,0.00036672603794774233,1476.5,1067.0,False,False,False,True
1778,23201,internal,0.5670024156570435,0.0,0.0003474248305275566,0.0003474248305275566,1481.800048828125,1082.699951171875,False,False,False,True
1779,23235,internal,0.586074709892273,0.0,0.0002996762862716312,0.0002996762862716312,1324.0999755859375,1040.199951171875,False,False,False,True
1780,23251,internal,0.6776264905929565,0.0,0.0003652558799188845,0.0003652558799188845,1386.0,1022.5,False,False,False,True
1781,23255,internal,0.7220727801322937,0.0,0.0003906061731318868,0.0003906061731318868,1392.199951171875,1005.4000244140625,False,False,False,True
1782,23263,internal,0.6059240102767944,0.0,0.00032026906011770214,0.00032026906011770214,1364.5,1053.199951171875,False,False,False,True
1783,23273,internal,0.7584168910980225,0.0,0.00038763398745953067,0.00038763398745953067,1356.199951171875,969.199951171875,False,False,False,True
1784,23288,internal,0.832409679889679,0.0,0.00041801600048635835,0.00041801600048635835,1355.199951171875,926.199951171875,False,False,False,True
1785,23305,internal,0.7739843726158142,0.0,0.00039837960624707633,0.00039837960624707633,1372.5,972.9000244140625,False,False,False,True
1786,23313,internal,0.8998465538024902,0.0,0.00046219220975701834,0.00046219220975701834,1394.199951171875,931.199951171875,False,False,False,True
1787,23338,internal,0.6503052711486816,0.0,0.0003729171076383424,0.0003729171076383424,1423.25,1038.25,False,False,False,True
1788,23358,internal,0.7365481853485107,0.0,0.00041445944148973555,0.00041445944148973555,1430.0,1004.75,False,False,False,True
1789,23362,internal,0.6249811053276062,0.0,0.00036159442118570016,0.00036159442118570016,1427.75,1047.75,False,False,False,True
1790,23365,internal,0.7664462327957153,0.0,0.0004338654957069236,0.0004338654957069236,1444.5,1000.699951171875,False,False,False,True
1791,23413,internal,0.9808101654052734,0.0,0.0005149786677551959,0.0005149786677551959,1439.0,925.300048828125,False,False,False,True
1792,23440,internal,0.8420188426971436,0.0,0.00048599627079458753,0.00048599627079458753,1483.5999755859375,991.4000244140625,False,False,False,True
1793,23451,internal,0.7119840979576111,0.0,0.000318535818949383,0.000318535818949383,1202.0999755859375,887.199951171875,False,False,False,True
1794,23453,internal,0.7119112014770508,0.0,0.00031722773538102637,0.00031722773538102637,1189.800048828125,882.4000244140625,False,False,False,True
1795,23481,internal,0.7699780464172363,0.0,0.0003510859186838265,0.0003510859186838265,1247.199951171875,875.4000244140625,False,False,False,True
1796,23486,internal,0.7535711526870728,0.0,0.0003397812052115338,0.0003397812052115338,1219.5,871.699951171875,False,False,False,True
1797,23502,internal,0.8229588270187378,0.0,0.00035579936586772106,0.00035579936586772106,1185.199951171875,843.699951171875,False,False,False,True
1798,23508,internal,0.8415089249610901,0.0,0.0003698765240554955,0.0003698765240554955,1206.0,838.5,False,False,False,True
1799,23530,internal,0.8455957174301147,0.0,0.0003732254805707022,0.0003732254805707022,1216.0,838.75,False,False,False,True
1800,23540,internal,0.872414231300354,0.0,0.0003889572117418195,0.0003889572117418195,1242.699951171875,826.699951171875,False,False,False,True
1801,23560,internal,0.7524071335792542,0.0,0.0003519889881544976,0.0003519889881544976,1261.6500244140625,905.8499755859375,False,False,False,True
1802,23571,internal,0.8580443859100342,0.0,0.0004088549950546683,0.0004088549950546683,1293.25,877.5,False,False,False,True
1803,23582,internal,0.8031267523765564,0.0,0.00036360363627614657,0.00036360363627614657,1256.5,862.5,False,False,False,True
1804,23592,internal,0.810854971408844,0.0,0.00038738252455331455,0.00038738252455331455,1293.0999755859375,894.199951171875,False,False,False,True
1805,23620,internal,0.862108588218689,0.0,0.00042042411515540233,0.00042042411515540233,1327.4000244140625,904.0999755859375,False,False,False,True
1806,23630,internal,0.8543147444725037,0.0,0.00038221430008608323,0.00038221430008608323,1257.75,841.25,False,False,False,True
1807,23656,internal,0.9266498684883118,0.0,0.0004411873808518878,0.0004411873808518878,1309.4000244140625,844.60009765625,False,False,False,True
1808,23657,internal,0.9728211760520935,0.0,0.00045814280993399154,0.00045814280993399154,1306.9000244140625,824.89990234375,False,False,False,True
1809,23677,internal,0.9972719550132751,0.0,0.00046461175937085025,0.00046461175937085025,1297.75,790.0,False,False,False,True
1810,23680,internal,1.0177339315414429,0.0,0.00048083185797561886,0.00048083185797561886,1328.9000244140625,797.10009765625,False,False,False,True
1811,23690,internal,0.9141405820846558,0.0,0.0003882975583643656,0.0003882975583643656,1184.699951171875,763.800048828125,False,False,False,True
1812,23702,internal,0.9500142931938171,0.0,0.0003964104664029469,0.0003964104664029469,1165.25,722.0,False,False,False,True
1813,23713,internal,0.939422070980072,0.0,0.00040203008002172595,0.00040203008002172595,1197.75,751.5,False,False,False,True
1814,23731,internal,0.9794008731842041,0.0,0.0004368029000888831,0.0004368029000888831,1218.0,762.5,False,False,False,True
1815,23739,internal,0.9962291717529297,0.0,0.00044463247560660784,0.00044463247560660784,1240.5,719.25,False,False,False,True
1816,23746,internal,0.9684226512908936,0.0,0.0004121557765709999,0.0004121557765709999,1196.75,721.5,False,False,False,True
1817,23775,internal,1.0074348449707031,0.0,0.0004252954810444006,0.0004252954810444006,1197.0,672.39990234375,False,False,False,True
1818,23780,internal,0.9738262891769409,0.0,0.0004155180209155666,0.0004155180209155666,1210.5,719.0,False,False,False,True
1819,23784,internal,1.0049123764038086,0.0,0.00042635662803885304,0.00042635662803885304,1209.0,693.60009765625,False,False,False,True
1820,23790,internal,1.0105351209640503,0.0,0.0004276596823490854,0.0004276596823490854,1212.0999755859375,680.60009765625,False,False,False,True
1821,23811,internal,0.9818159937858582,0.0,0.00044345623801044724,0.00044345623801044724,1254.75,775.75,False,False,False,True
1822,23833,internal,0.9986456036567688,0.0,0.0004494163059344633,0.0004494163059344633,1262.0,737.699951171875,False,False,False,True
1823,23847,internal,0.9992329478263855,0.0,0.00046280884974261947,0.00046280884974261947,1292.25,780.75,False,False,False,True
1824,23859,internal,1.0485317707061768,0.0,0.00047891004609741726,0.00047891004609741726,1303.75,727.5,False,False,False,True
1825,23865,internal,1.0476609468460083,0.0,0.00048492149186364023,0.00048492149186364023,1318.0,751.10009765625,False,False,False,True
1826,23890,internal,1.038101315498352,0.0,0.0004425340308891241,0.0004425340308891241,1254.4000244140625,649.39990234375,False,False,False,True
1827,23892,internal,1.0440279245376587,0.0,0.0004484301478256225,0.0004484301478256225,1273.75,654.5,False,False,False,True
1828,23928,internal,1.0712639093399048,0.0,0.0004779170587854392,0.0004779170587854392,1314.5,669.5,False,False,False,True
1829,23931,internal,1.0650827884674072,0.0,0.00046972397378444437,0.00046972397378444437,1311.5,653.800048828125,False,False,False,True
1830,23936,internal,1.070056676864624,0.0,0.0004886138143598401,0.0004886138143598401,1318.5,717.10009765625,False,False,False,True
1831,23938,internal,0.9897602796554565,0.0,0.00044577099376683603,0.00044577099376683603,1251.9000244140625,761.60009765625,False,False,False,True
1832,23954,internal,0.93162602186203,0.0,0.0004541162270609814,0.0004541162270609814,1343.0,862.5,False,False,False,True
1833,23969,internal,0.9210574626922607,0.0,0.0004498703685337508,0.0004498703685337508,1344.25,870.75,False,False,False,True
1834,23979,internal,0.9357606172561646,0.0,0.0004697287383447727,0.0004697287383447727,1375.699951171875,892.199951171875,False,False,False,True
1835,23983,internal,0.9148121476173401,0.0,0.0004606820029516231,0.0004606820029516231,1368.5,913.75,False,False,False,True
1836,23993,internal,0.9973858594894409,0.0,0.0005022078461303244,0.0005022078461303244,1396.5999755859375,863.300048828125,False,False,False,True
1837,24038,internal,1.0752778053283691,0.0,0.0005319948714512651,0.0005319948714512651,1407.5,808.75,False,False,False,True
1838,24043,internal,1.0521349906921387,0.0,0.0005154752408205237,0.0005154752408205237,1382.300048828125,813.5,False,False,False,True
1839,24044,internal,1.0657438039779663,0.0,0.0005119595246938263,0.0005119595246938263,1362.0,785.699951171875,False,False,False,True
1840,24057,internal,1.0017564296722412,0.0,0.0004919383127986949,0.0004919383127986949,1368.25,841.75,False,False,False,True
1841,24062,internal,0.9561246633529663,0.0,0.0004945408215291337,0.0004945408215291337,1418.0,916.5999755859375,False,False,False,True
1842,24079,internal,1.0282795429229736,0.0,0.0005232250099527493,0.0005232250099527493,1428.25,862.25,False,False,False,True
1843,24090,internal,1.0231112241744995,0.0,0.0005177722353547998,0.0005177722353547998,1411.75,859.0,False,False,False,True
1844,24101,internal,1.0357279777526855,0.0,0.0005557565279019124,0.0005557565279019124,1480.300048828125,895.9000244140625,False,False,False,True
1845,24117,internal,1.0488691329956055,0.0,0.000545791291156584,0.000545791291156584,1462.5,873.5,False,False,False,True
1846,24119,internal,1.054427146911621,0.0,0.0005398489844546806,0.0005398489844546806,1451.9000244140625,856.60009765625,False,False,False,True
1847,24140,internal,1.0887314081192017,0.0,0.0005378801622479064,0.0005378801622479064,1422.0,782.5,False,False,False,True
1848,24142,internal,1.0815534591674805,0.0,0.0005352211140682384,0.0005352211140682384,1415.0,803.25,False,False,False,True
1849,24159,internal,1.1417346000671387,0.0,0.0005942580399424422,0.0005942580399424422,1478.9000244140625,828.800048828125,False,False,False,True
1850,24161,internal,1.1657209396362305,0.0,0.0006062561028216218,0.0006062561028216218,1482.199951171875,808.10009765625,False,False,False,True
1851,24166,internal,1.1085220575332642,0.0,0.0005714212905306374,0.0005714212905306374,1459.0999755859375,837.300048828125,False,False,False,True
1852,24172,internal,1.171433448791504,0.0,0.00060329026989637,0.00060329026989637,1458.9000244140625,782.89990234375,False,False,False,True
1853,24189,internal,1.0772576332092285,0.0,0.0005118494104106833,0.0005118494104106833,1346.699951171875,745.300048828125,False,False,False,True
1854,24193,internal,1.0842714309692383,0.0,0.0005143674805441927,0.0005143674805441927,1342.5999755859375,737.39990234375,False,False,False,True
1855,24206,internal,1.0833038091659546,0.0,0.0004940848001661557,0.0004940848001661557,1326.4000244140625,686.800048828125,False,False,False,True
1856,24213,internal,1.0767326354980469,0.0,0.0005170652804811977,0.0005170652804811977,1370.0999755859375,764.699951171875,False,False,False,True
1857,24237,internal,1.186776041984558,0.0,0.0005657253115977075,0.0005657253115977075,1382.0,703.60009765625,False,False,False,True
1858,24242,internal,1.1949338912963867,0.0,0.000572059635735512,0.000572059635735512,1398.25,702.25,False,False,False,True
1859,24258,internal,1.1379798650741577,0.0,0.0005308654588952199,0.0005308654588952199,1348.5,682.5,False,False,False,True
1860,24266,internal,1.1300599575042725,0.0,0.0005037557459018724,0.0005037557459018724,1352.199951171875,649.0,False,False,False,True
1861,24277,internal,1.185490369796753,0.0,0.0005634914210180019,0.0005634914210180019,1368.699951171875,684.0,False,False,False,True
1862,24285,internal,1.2255711555480957,0.0,0.0005882137716495131,0.0005882137716495131,1395.75,657.5,False,False,False,True
1863,24303,internal,1.1185429096221924,0.0,0.0005475512668023008,0.0005475512668023008,1418.5,764.39990234375,False,False,False,True
1864,24325,internal,1.1507316827774048,0.0,0.0005648923076336421,0.0005648923076336421,1429.0,753.75,False,False,False,True
1865,24361,internal,1.2332396507263184,0.0,0.0006125658100643967,0.0006125658100643967,1466.699951171875,721.60009765625,False,False,False,True
1866,24377,internal,1.2202390432357788,0.0,0.0005889692191593456,0.0005889692191593456,1415.5999755859375,689.39990234375,False,False,False,True
1867,24386,internal,1.2304426431655884,0.0,0.0005922109730671654,0.0005922109730671654,1410.5,653.25,False,False,False,True
1868,24396,internal,1.2346707582473755,0.0,0.0006037791667256134,0.0006037791667256134,1442.050048828125,694.75,False,False,False,True
1869,24412,internal,1.244510293006897,0.0,0.0006065896749841624,0.0006065896749841624,1456.5999755859375,670.89990234375,False,False,False,True
1870,24424,internal,1.2362885475158691,0.0,0.0005966288322222478,0.0005966288322222478,1434.9000244140625,645.300048828125,False,False,False,True
1871,24437,internal,0.40408816933631897,0.0,0.0002658870832144731,0.0002658870832144731,1464.699951171875,1208.4000244140625,False,False,False,True
1872,24443,internal,0.4270040690898895,0.0,0.0002793586922542995,0.0002793586922542995,1488.5,1141.0,False,False,False,True
1873,24455,internal,0.4652957320213318,0.0,0.0003051729212943808,0.0003051729212943808,1533.4000244140625,1136.199951171875,False,False,False,True
1874,24471,internal,0.4977450966835022,0.0,0.00033019334811398675,0.00033019334811398675,1558.0,1186.25,False,False,False,True
1875,24486,internal,0.5085020661354065,0.0,0.0003376564230633464,0.0003376564230633464,1571.0,1185.25,False,False,False,True
1876,24498,internal,0.5744962692260742,0.0,0.0003591660836050405,0.0003591660836050405,1521.0999755859375,1080.699951171875,False,False,False,True
1877,24501,internal,0.5350860953330994,0.0,0.00033638748829902063,0.00033638748829902063,1500.5,1091.5,False,False,False,True
1878,24524,internal,0.52782142162323,0.0,0.00033656708575361815,0.00033656708575361815,1548.5999755859375,1103.199951171875,False,False,False,True
1879,24538,internal,0.6762570142745972,0.0,0.00041520170704932634,0.00041520170704932634,1529.300048828125,1053.4000244140625,False,False,False,True
1880,24555,internal,0.5250405073165894,0.0,0.00034923689869952956,0.00034923689869952956,1580.25,1195.0,False,False,False,True
1881,24587,internal,0.8037627339363098,0.0,0.0005496584200772735,0.0005496584200772735,1627.25,1210.5,False,False,False,True
1882,24603,internal,0.8800715804100037,0.0,0.0005970105264441043,0.0005970105264441043,1620.0,1152.300048828125,False,False,False,True
1883,24614,internal,0.9683449864387512,0.0,0.0006594458014422516,0.0006594458014422516,1646.25,1149.25,False,False,False,True
1884,24626,internal,0.7797070145606995,0.0,0.000522430281289988,0.000522430281289988,1603.5999755859375,1126.4000244140625,False,False,False,True
1885,24641,internal,0.9289963245391846,0.0,0.0006175735217881233,0.0006175735217881233,1622.9000244140625,1101.550048828125,False,False,False,True
1886,24650,internal,1.0042515993118286,0.0,0.0006812248714007318,0.0006812248714007318,1662.4000244140625,1106.0,False,False,False,True
1887,24665,internal,1.0392693281173706,0.0,0.0006762969395927246,0.0006762969395927246,1619.9000244140625,1066.300048828125,False,False,False,True
1888,24671,internal,0.6925930976867676,0.0,0.0004189808504226198,0.0004189808504226198,1495.300048828125,1043.699951171875,False,False,False,True
1889,24682,internal,0.7138409614562988,0.0,0.0004358263505100377,0.0004358263505100377,1526.5,1042.25,False,False,False,True
1890,24697,internal,0.8594150543212891,0.0,0.0005081228360196788,0.0005081228360196788,1501.0,1002.5,False,False,False,True
1891,24727,internal,0.9077959656715393,0.0,0.0005474700045789236,0.0005474700045789236,1534.75,1010.0,False,False,False,True
1892,24730,internal,1.0020400285720825,0.0,0.0006117750518685756,0.0006117750518685756,1565.300048828125,1003.8499755859375,False,False,False,True
1893,24769,internal,0.9511799812316895,0.0,0.0005751128189334493,0.0005751128189334493,1541.5,1003.75,False,False,False,True
1894,24787,internal,1.1283009052276611,0.0,0.000656816558234415,0.000656816558234415,1551.0999755859375,931.800048828125,False,False,False,True
1895,24791,internal,1.0970176458358765,0.0,0.0006354527991178855,0.0006354527991178855,1536.199951171875,936.199951171875,False,False,False,True
1896,24828,internal,1.0579715967178345,0.0,0.0006880847265427483,0.0006880847265427483,1640.0,1049.5,False,False,False,True
1897,24842,internal,1.147384762763977,0.0,0.000718354560643624,0.000718354560643624,1626.5,996.0,False,False,False,True
1898,24868,internal,1.0911691188812256,0.0,0.0006653349038871555,0.0006653349038871555,1581.699951171875,982.0,False,False,False,True
1899,24876,internal,1.1308456659317017,0.0,0.0006647659095048374,0.0006647659095048374,1568.4000244140625,949.9000244140625,False,False,False,True
1900,24878,internal,1.199530839920044,0.0,0.0007118963049977244,0.0007118963049977244,1605.800048828125,944.800048828125,False,False,False,True
1901,24892,internal,1.1287546157836914,0.0,0.000692335561388544,0.000692335561388544,1603.300048828125,977.9000244140625,False,False,False,True
1902,24905,internal,1.2215404510498047,0.0,0.0007205252413896408,0.0007205252413896408,1605.0,928.0999755859375,False,False,False,True
1903,24935,internal,0.9930030107498169,0.0,0.00067687408666716,0.00067687408666716,1663.800048828125,1141.4000244140625,False,False,False,True
1904,24938,internal,1.0494318008422852,0.0,0.0007189249314544814,0.0007189249314544814,1688.25,1150.75,False,False,False,True
1905,24941,internal,0.9997643232345581,0.0,0.0006808692234420034,0.0006808692234420034,1660.75,1120.5,False,False,False,True
1906,24952,internal,1.6451131105422974,0.0,0.00116356333629172,0.00116356333629172,1732.0,1167.5999755859375,False,False,False,True
1907,24995,internal,1.1142739057540894,0.0,0.0007491382261061278,0.0007491382261061278,1677.800048828125,1073.699951171875,False,False,False,True
1908,25006,internal,1.202854871749878,0.0,0.0008208478236624401,0.0008208478236624401,1708.5999755859375,1091.4000244140625,False,False,False,True
1909,25011,internal,1.2523378133773804,0.0,0.0008575431438220685,0.0008575431438220685,1716.25,1096.0,False,False,False,True
1910,25025,internal,1.162137746810913,0.0,0.000785673668796962,0.000785673668796962,1700.5999755859375,1077.0999755859375,False,False,False,True
1911,25042,internal,1.6872223615646362,0.0,0.001195367094120514,0.001195367094120514,1792.25,1198.25,False,False,False,True
1912,25043,internal,1.7086024284362793,0.0,0.0012224981946957797,0.0012224981946957797,1721.75,1207.0,False,False,False,True
1913,25048,internal,1.7076462507247925,0.0,0.0012197702192100288,0.0012197702192100288,1767.0,1217.25,False,False,False,True
1914,25055,internal,1.664685845375061,0.0,0.0011695319539545474,0.0011695319539545474,1790.0,1143.0999755859375,False,False,False,True
1915,25063,internal,1.6796865463256836,0.0,0.001186548528227531,0.001186548528227531,1799.75,1177.5,False,False,False,True
1916,25073,internal,1.6864093542099,0.0,0.001187140392499425,0.001187140392499425,1861.0999755859375,1172.699951171875,False,False,False,True
1917,25096,internal,1.5534197092056274,0.0,0.0010668466791545006,0.0010668466791545006,1744.5,1069.0,False,False,False,True
1918,25116,internal,1.6595287322998047,0.0,0.0011668939757194423,0.0011668939757194423,1759.5,1145.0,False,False,False,True
1919,25128,internal,1.6441093683242798,0.0,0.0011392930894958057,0.0011392930894958057,1804.25,1091.0,False,False,False,True
1920,25132,internal,1.6367409229278564,0.0,0.0011270655336274795,0.0011270655336274795,1815.25,1071.25,False,False,False,True
1921,25135,internal,1.6334362030029297,0.0,0.0011211374676670018,0.0011211374676670018,1838.75,1058.0,False,False,False,True
1922,25146,internal,1.0981565713882446,0.0,0.0007201093482125389,0.0007201093482125389,1666.75,1051.5,False,False,False,True
1923,25171,internal,1.21530020236969,0.0,0.0007807956589932837,0.0007807956589932837,1663.5999755859375,1007.0999755859375,False,False,False,True
1924,25172,internal,1.0904589891433716,0.0,0.0007108751538402501,0.0007108751538402501,1658.0999755859375,1042.4000244140625,False,False,False,True
1925,25175,internal,1.3346928358078003,0.0,0.0008759182530633297,0.0008759182530633297,1703.300048828125,1025.5,False,False,False,True
1926,25182,internal,1.4175341129302979,0.0,0.0009524496915510054,0.0009524496915510054,1726.75,1047.75,False,False,False,True
1927,25183,internal,1.3857507705688477,0.0,0.0009199624840128956,0.0009199624840128956,1720.0999755859375,1033.800048828125,False,False,False,True
1928,25189,internal,1.294429063796997,0.0,0.0008404663772702706,0.0008404663772702706,1691.0999755859375,1004.9000244140625,False,False,False,True
1929,25208,internal,1.2518898248672485,0.0,0.0008065336550681121,0.0008065336550681121,1673.75,1001.25,False,False,False,True
1930,25215,internal,1.3417620658874512,0.0,0.0008367851720815034,0.0008367851720815034,1659.5,955.5,False,False,False,True
1931,25227,internal,1.4010814428329468,0.0,0.0008811069651399727,0.0008811069651399727,1681.300048828125,936.0,False,False,False,True
1932,25256,internal,1.506725788116455,0.0,0.0009728055873394208,0.0009728055873394208,1722.25,953.5,False,False,False,True
1933,25274,internal,1.4894300699234009,0.0,0.0009959300103159368,0.0009959300103159368,1735.5999755859375,1020.800048828125,False,False,False,True
1934,25293,internal,1.606915831565857,0.0,0.0010924392502601973,0.0010924392502601973,1775.5,1025.199951171875,False,False,False,True
1935,25317,internal,1.6005394458770752,0.0,0.0010725590693507836,0.0010725590693507836,1837.699951171875,990.9000244140625,False,False,False,True
1936,25335,internal,1.5504422187805176,0.0,0.0010168968286175593,0.0010168968286175593,1778.699951171875,973.5,False,False,False,True
1937,25338,internal,1.5217700004577637,0.0,0.000985132563699931,0.000985132563699931,1746.0999755859375,949.300048828125,False,False,False,True
1938,25349,internal,1.5330153703689575,0.0,0.0009976581692865724,0.0009976581692865724,1754.0,959.25,False,False,False,True
1939,25379,internal,1.5368425846099854,0.0,0.0009646497188485459,0.0009646497188485459,1856.300048828125,927.4000244140625,False,False,False,True
1940,25381,internal,1.5658774375915527,0.0,0.0010326481474255819,0.0010326481474255819,1802.800048828125,966.199951171875,False,False,False,True
1941,25400,internal,1.0677772760391235,0.0,0.0006096576812586766,0.0006096576812586766,1515.199951171875,925.9000244140625,False,False,False,True
1942,25411,internal,1.0693788528442383,0.0,0.0005861361057090167,0.0005861361057090167,1501.0,895.75,False,False,False,True
1943,25423,internal,1.1702842712402344,0.0,0.0006809712909121475,0.0006809712909121475,1564.0999755859375,911.800048828125,False,False,False,True
1944,25433,internal,1.1998530626296997,0.0,0.0006767377673022113,0.0006767377673022113,1556.75,889.5,False,False,False,True
1945,25449,internal,1.1629263162612915,0.0,0.0006249232796110081,0.0006249232796110081,1516.4000244140625,854.10009765625,False,False,False,True
1946,25464,internal,1.1968132257461548,0.0,0.0006499149867197462,0.0006499149867197462,1534.75,848.85009765625,False,False,False,True
1947,25497,internal,1.2678067684173584,0.0,0.0006790899777967365,0.0006790899777967365,1562.25,816.39990234375,False,False,False,True
1948,25515,internal,1.2512240409851074,0.0,0.0007340392285466095,0.0007340392285466095,1625.699951171875,895.5,False,False,False,True
1949,25526,internal,1.2493137121200562,0.0,0.0007140259046457993,0.0007140259046457993,1596.4000244140625,870.199951171875,False,False,False,True
1950,25539,internal,1.265979290008545,0.0,0.000742773091144867,0.000742773091144867,1633.0,888.25,False,False,False,True
1951,25555,internal,1.2893627882003784,0.0,0.0007434141892068201,0.0007434141892068201,1639.9000244140625,867.10009765625,False,False,False,True
1952,25569,internal,1.2325304746627808,0.0,0.0007269722738489893,0.0007269722738489893,1613.75,919.75,False,False,False,True
1953,25587,internal,1.2948201894760132,0.0,0.0006982191051797316,0.0006982191051797316,1587.5999755859375,821.800048828125,False,False,False,True
1954,25609,internal,1.3366272449493408,0.0,0.0007166174019479239,0.0007166174019479239,1623.5,804.0,False,False,False,True
1955,25634,internal,1.2017337083816528,0.0,0.0006252292173236445,0.0006252292173236445,1497.800048828125,791.800048828125,False,False,False,True
1956,25648,internal,1.263688087463379,0.0,0.0006595917558069753,0.0006595917558069753,1534.0,780.800048828125,False,False,False,True
1957,25659,internal,1.278564691543579,0.0,0.000672695779017473,0.000672695779017473,1550.5999755859375,784.699951171875,False,False,False,True
1958,25693,internal,1.2769510746002197,0.0,0.0006446721174740381,0.0006446721174740381,1541.0,710.699951171875,False,False,False,True
1959,25711,internal,1.271977424621582,0.0,0.0006345501796334676,0.0006345501796334676,1524.199951171875,673.5,False,False,False,True
1960,25724,internal,1.2727885246276855,0.0,0.0006423697760442825,0.0006423697760442825,1521.5,722.75,False,False,False,True
1961,25734,internal,1.3220155239105225,0.0,0.0007011851498632201,0.0007011851498632201,1598.0,773.800048828125,False,False,False,True
1962,25759,internal,1.3256911039352417,0.0,0.0007012693767019127,0.0007012693767019127,1600.75,757.25,False,False,False,True
1963,25762,internal,1.3471094369888306,0.0,0.0007221839436586015,0.0007221839436586015,1645.0,795.25,False,False,False,True
1964,25763,internal,1.3495508432388306,0.0,0.000722600260352177,0.000722600260352177,1667.199951171875,771.60009765625,False,False,False,True
1965,25768,internal,1.3477163314819336,0.0,0.0007200896546965152,0.0007200896546965152,1654.5,752.75,False,False,False,True
1966,25769,internal,1.3436561822891235,0.0,0.0007146323802360334,0.0007146323802360334,1647.5,740.75,False,False,False,True
1967,25771,internal,1.3299202919006348,0.0,0.0007116469596738764,0.0007116469596738764,1613.75,799.5,False,False,False,True
1968,25790,internal,1.3154441118240356,0.0,0.0006812771227456655,0.0006812771227456655,1591.5999755859375,719.10009765625,False,False,False,True
1969,25819,internal,1.2919315099716187,0.0,0.0006588266732973679,0.0006588266732973679,1569.0,711.25,False,False,False,True
1970,25826,internal,1.328692078590393,0.0,0.000691640094399289,0.000691640094399289,1627.199951171875,702.89990234375,False,False,False,True
1971,25845,internal,1.3250123262405396,0.0,0.0006809541914345248,0.0006809541914345248,1640.699951171875,648.10009765625,False,False,False,True
1972,25847,internal,1.3270795345306396,0.0,0.0006866410118237126,0.0006866410118237126,1636.75,688.75,False,False,False,True
1973,25849,internal,1.3233494758605957,0.0,0.0006788721844501737,0.0006788721844501737,1625.0,634.25,False,False,False,True
1974,25869,internal,1.442785620689392,0.0,0.0008662165494437157,0.0008662165494437157,1705.0,863.75,False,False,False,True
1975,25890,internal,1.4652010202407837,0.0,0.0008996526456409872,0.0008996526456409872,1718.199951171875,872.60009765625,False,False,False,True
1976,25909,internal,1.3593472242355347,0.0,0.0007373248164094497,0.0007373248164094497,1684.800048828125,814.699951171875,False,False,False,True
1977,25910,internal,1.3892451524734497,0.0,0.0007873283476594233,0.0007873283476594233,1694.75,846.25,False,False,False,True
1978,25915,internal,1.3703126907348633,0.0,0.0007555162253802751,0.0007555162253802751,1692.0,829.25,False,False,False,True
1979,25924,internal,1.3536821603775024,0.0,0.000727073441346627,0.000727073441346627,1694.300048828125,783.199951171875,False,False,False,True
1980,25968,internal,1.5278568267822266,0.0,0.000958720276459529,0.000958720276459529,1810.550048828125,915.0,False,False,False,True
1981,25987,internal,1.5266799926757812,0.0,0.0009525125837473391,0.0009525125837473391,1824.0,911.300048828125,False,False,False,True
1982,26014,internal,1.4523627758026123,0.0,0.0008236362561248013,0.0008236362561248013,1867.75,861.5,False,False,False,True
1983,26040,internal,1.4037723541259766,0.0,0.0007739327333568333,0.0007739327333568333,1776.75,804.75,False,False,False,True
1984,26049,internal,1.4170483350753784,0.0,0.0007849087980455914,0.0007849087980455914,1789.5,805.5,False,False,False,True
1985,26063,internal,1.4393362998962402,0.0,0.0008040320491375149,0.0008040320491375149,1838.75,815.5,False,False,False,True
1986,26115,internal,1.3583930730819702,0.0,0.0007307176947230702,0.0007307176947230702,1723.300048828125,778.0,False,False,False,True
1987,26116,internal,1.3705272674560547,0.0,0.0007195157898747505,0.0007195157898747505,1740.0,692.0,False,False,False,True
1988,26123,internal,1.3710206747055054,0.0,0.0007223329685177591,0.0007223329685177591,1753.5,713.0,False,False,False,True
1989,26144,internal,1.3471499681472778,0.0,0.0006933325191674623,0.0006933325191674623,1709.300048828125,662.300048828125,False,False,False,True
1990,26150,internal,1.3255999088287354,0.0,0.0006801649684859206,0.0006801649684859206,1661.75,636.25,False,False,False,True
1991,26164,internal,1.369709849357605,0.0,0.0007158597309766049,0.0007158597309766049,1740.75,676.25,False,False,False,True
1992,26174,internal,1.3736275434494019,0.0,0.0007096065102435,0.0007096065102435,1751.300048828125,664.10009765625,False,False,False,True
1993,26215,internal,1.3749617338180542,0.0,0.000724940188868967,0.000724940188868967,1767.4000244140625,714.39990234375,False,False,False,True
1994,26227,internal,1.413651466369629,0.0,0.0007517455523364542,0.0007517455523364542,1858.0999755859375,743.10009765625,False,False,False,True
1995,26257,internal,1.4045013189315796,0.0,0.0007396044467683071,0.0007396044467683071,1797.199951171875,710.300048828125,False,False,False,True
1996,26264,internal,1.3800300359725952,0.0,0.0007036314339544498,0.0007036314339544498,1782.0,650.5,False,False,False,True
1997,26267,internal,1.3842320442199707,0.0,0.000706228066393817,0.000706228066393817,1804.5999755859375,669.0,False,False,False,True
1998,26289,internal,1.3837305307388306,0.0,0.0007029690012501377,0.0007029690012501377,1828.0,649.0,False,False,False,True
1999,26294,internal,1.382979154586792,0.0,0.0006954484074697036,0.0006954484074697036,1854.0,637.300048828125,False,False,False,True
2000,26314,internal,1.031914472579956,0.0,0.00043045330288824847,0.00043045330288824847,1195.25,617.25,False,False,False,True
2001,26319,internal,1.0345425605773926,0.0,0.00042155077485436896,0.00042155077485436896,1192.9000244140625,591.0,False,False,False,True
2002,26346,internal,1.0407541990280151,0.0,0.0004395262963027629,0.0004395262963027629,1237.0,623.75,False,False,False,True
2003,26354,internal,1.035943627357483,0.0,0.000409125225034622,0.000409125225034622,1206.25,572.0,False,False,False,True
2004,26359,internal,1.0654160976409912,0.0,0.00044249689378834294,0.00044249689378834294,1257.5999755859375,585.10009765625,False,False,False,True
2005,26378,internal,1.0292868614196777,0.0,0.00039933296829899065,0.00039933296829899065,1182.9000244140625,545.89990234375,False,False,False,True
2006,26382,internal,1.0416338443756104,0.0,0.0004035066966768066,0.0004035066966768066,1192.0999755859375,518.60009765625,False,False,False,True
2007,26400,internal,1.0672074556350708,0.0,0.0004380149512968448,0.0004380149512968448,1240.5999755859375,562.0,False,False,False,True
2008,26414,internal,1.0702816247940063,0.0,0.0004241173640938883,0.0004241173640938883,1236.0,514.5,False,False,False,True
2009,26422,internal,1.0822254419326782,0.0,0.00043702805203417515,0.00043702805203417515,1249.6500244140625,534.449951171875,False,False,False,True
2010,26437,internal,1.0725198984146118,0.0,0.00044620515109186306,0.00044620515109186306,1268.4000244140625,588.800048828125,False,False,False,True
2011,26461,internal,1.1813132762908936,0.0,0.0005181168718852139,0.0005181168718852139,1333.75,585.0,False,False,False,True
2012,26484,internal,1.127312421798706,0.0,0.0004761154726461885,0.0004761154726461885,1287.699951171875,556.199951171875,False,False,False,True
2013,26496,internal,1.1238105297088623,0.0,0.00046682712110483466,0.00046682712110483466,1292.0,528.5,False,False,False,True
2014,26503,internal,1.1120840311050415,0.0,0.00045908068716483887,0.00045908068716483887,1279.300048828125,534.39990234375,False,False,False,True
2015,26515,internal,1.175384283065796,0.0,0.0005068793916531095,0.0005068793916531095,1324.5,541.5,False,False,False,True
2016,26516,internal,1.1718794107437134,0.0,0.0005079699465726994,0.0005079699465726994,1311.4000244140625,565.300048828125,False,False,False,True
2017,26526,internal,1.1658785343170166,0.0,0.0004988837182683841,0.0004988837182683841,1314.0,531.5,False,False,False,True
2018,26531,internal,1.1798468828201294,0.0,0.0004966263754639514,0.0004966263754639514,1336.25,499.0,False,False,False,True
2019,26534,internal,1.1732078790664673,0.0,0.0004910698922695224,0.0004910698922695224,1320.0,499.0,False,False,False,True
2020,26535,internal,1.1779451370239258,0.0,0.0005084459790890563,0.0005084459790890563,1334.300048828125,545.699951171875,False,False,False,True
2021,26546,internal,1.0380799770355225,0.0,0.00040083065489863426,0.00040083065489863426,1181.75,513.25,False,False,False,True
2022,26551,internal,1.055627703666687,0.0,0.0004026940479732549,0.0004026940479732549,1188.75,462.25,False,False,False,True
2023,26559,internal,1.0545016527175903,0.0,0.0004003070561883331,0.0004003070561883331,1187.25,433.25,False,False,False,True
2024,26569,internal,1.0681241750717163,0.0,0.00041530144517886553,0.00041530144517886553,1218.5,474.5,False,False,False,True
2025,26576,internal,1.0595877170562744,0.0,0.00041406755640273243,0.00041406755640273243,1224.800048828125,506.5,False,False,False,True
2026,26591,internal,1.0768707990646362,0.0,0.00041926876221534746,0.00041926876221534746,1232.25,470.0,False,False,False,True
2027,26604,internal,1.060694694519043,0.0,0.00039316543024245647,0.00039316543024245647,1169.699951171875,373.60009765625,False,False,False,True
2028,26615,internal,1.0672335624694824,0.0,0.00039626340030747987,0.00039626340030747987,1190.25,366.25,False,False,False,True
2029,26625,internal,1.0889827013015747,0.0,0.0004223687439836206,0.0004223687439836206,1229.4000244140625,433.800048828125,False,False,False,True
2030,26642,internal,1.095092535018921,0.0,0.0004132918859812843,0.0004132918859812843,1229.9000244140625,381.39990234375,False,False,False,True
2031,26653,internal,1.0924659967422485,0.0,0.0004099830841217334,0.0004099830841217334,1225.800048828125,357.10009765625,False,False,False,True
2032,26659,internal,1.109145164489746,0.0,0.00043956131582117595,0.00043956131582117595,1257.25,479.0,False,False,False,True
2033,26669,internal,1.121246576309204,0.0,0.0004469252349761476,0.0004469252349761476,1276.5,477.800048828125,False,False,False,True
2034,26684,internal,1.124788522720337,0.0,0.000447832407262657,0.000447832407262657,1284.0999755859375,452.39990234375,False,False,False,True
2035,26688,internal,1.1252222061157227,0.0,0.0004506043755221059,0.0004506043755221059,1286.75,483.0,False,False,False,True
2036,26716,internal,1.174329161643982,0.0,0.0004871019134885504,0.0004871019134885504,1328.75,435.0,False,False,False,True
2037,26733,internal,1.1154918670654297,0.0,0.00043464140435638815,0.00043464140435638815,1261.0,399.60009765625,False,False,False,True
2038,26748,internal,1.1262412071228027,0.0,0.00044027764099675707,0.00044027764099675707,1275.199951171875,391.699951171875,False,False,False,True
2039,26750,internal,1.1125811338424683,0.0,0.0004341754038865003,0.0004341754038865003,1254.699951171875,420.699951171875,False,False,False,True
2040,26761,internal,1.165324330329895,0.0,0.0004724343203969805,0.0004724343203969805,1322.0,406.75,False,False,False,True
2041,26768,internal,1.1351433992385864,0.0,0.00044369494248289534,0.00044369494248289534,1285.4000244140625,369.300048828125,False,False,False,True
2042,26794,internal,1.1916080713272095,0.0,0.0005357425687263918,0.0005357425687263918,1362.4000244140625,622.699951171875,False,False,False,True
2043,26796,internal,1.2025198936462402,0.0,0.000550013326882173,0.000550013326882173,1375.300048828125,621.60009765625,False,False,False,True
2044,26821,internal,1.2362676858901978,0.0,0.0005898922203740567,0.0005898922203740567,1418.9000244140625,600.800048828125,False,False,False,True
2045,26833,internal,1.2122923135757446,0.0,0.0005562394425609658,0.0005562394425609658,1389.0999755859375,593.10009765625,False,False,False,True
2046,26846,internal,1.1805980205535889,0.0,0.000512276209136981,0.000512276209136981,1337.75,557.0,False,False,False,True
2047,26852,internal,1.2034176588058472,0.0,0.0005364617526381699,0.0005364617526381699,1374.4000244140625,554.39990234375,False,False,False,True
2048,26885,internal,1.2255308628082275,0.0,0.0005526964096217194,0.0005526964096217194,1409.0,530.75,False,False,False,True
2049,26900,internal,1.2213019132614136,0.0,0.0005484049171944555,0.0005484049171944555,1401.25,529.5,False,False,False,True
2050,26909,internal,1.1837284564971924,0.0,0.000522071615776385,0.000522071615776385,1330.5999755859375,601.60009765625,False,False,False,True
2051,26925,internal,1.2403056621551514,0.0,0.0005839177264201577,0.0005839177264201577,1434.0999755859375,578.60009765625,False,False,False,True
2052,26961,internal,1.2621384859085083,0.0,0.0006078196197631348,0.0006078196197631348,1495.4000244140625,600.0,False,False,False,True
2053,26965,internal,1.2631977796554565,0.0,0.0006015035068336963,0.0006015035068336963,1490.75,573.25,False,False,False,True
2054,26970,internal,1.239096760749817,0.0,0.000596925611391142,0.000596925611391142,1445.75,634.0,False,False,False,True
2055,26994,internal,1.2526828050613403,0.0,0.0005772461772902276,0.0005772461772902276,1439.25,497.25,False,False,False,True
2056,27005,internal,1.261101484298706,0.0,0.0005913989331685445,0.0005913989331685445,1482.75,544.0,False,False,False,True
2057,27009,internal,1.2621657848358154,0.0,0.0005971532514957166,0.0005971532514957166,1488.5,562.5,False,False,False,True
2058,27017,internal,1.2587207555770874,0.0,0.0005860165681843355,0.0005860165681843355,1465.800048828125,511.39990234375,False,False,False,True
2059,27026,internal,1.2786555290222168,0.0,0.0005865791039404307,0.0005865791039404307,1503.25,484.0,False,False,False,True
2060,27037,internal,1.1804280281066895,0.0,0.0004961879829741881,0.0004961879829741881,1354.0999755859375,488.39990234375,False,False,False,True
2061,27051,internal,1.1831268072128296,0.0,0.0004989829270023313,0.0004989829270023313,1369.0,493.25,False,False,False,True
2062,27052,internal,1.1794127225875854,0.0,0.0004932969536460908,0.0004932969536460908,1344.699951171875,452.0,False,False,False,True
2063,27081,internal,1.2317684888839722,0.0,0.0005444950660494889,0.0005444950660494889,1412.199951171875,466.300048828125,False,False,False,True
2064,27086,internal,1.214807391166687,0.0,0.0005178106165352222,0.0005178106165352222,1404.5,441.0,False,False,False,True
2065,27098,internal,1.2070237398147583,0.0,0.0005164858570057165,0.0005164858570057165,1391.0,465.25,False,False,False,True
2066,27113,internal,1.1630833148956299,0.0,0.0004664283274053555,0.0004664283274053555,1329.9000244140625,384.10009765625,False,False,False,True
2067,27116,internal,1.1731147766113281,0.0,0.00047079398815506337,0.00047079398815506337,1348.300048828125,382.699951171875,False,False,False,True
2068,27130,internal,1.1975858211517334,0.0,0.0005025214071394861,0.0005025214071394861,1379.0999755859375,423.60009765625,False,False,False,True
2069,27157,internal,1.2168712615966797,0.0,0.0005100337952882437,0.0005100337952882437,1418.699951171875,410.60009765625,False,False,False,True
2070,27158,internal,1.2109206914901733,0.0,0.000511498474072724,0.000511498474072724,1400.4000244140625,430.60009765625,False,False,False,True
2071,27183,internal,1.2459803819656372,0.0,0.0005414512531535306,0.0005414512531535306,1463.75,437.25,False,False,False,True
2072,27185,internal,1.2565052509307861,0.0,0.0005632707159956829,0.0005632707159956829,1467.800048828125,454.800048828125,False,False,False,True
2073,27197,internal,1.2712644338607788,0.0,0.0005861599285106583,0.0005861599285106583,1490.75,490.0,False,False,False,True
2074,27199,internal,1.274537205696106,0.0,0.0005797337012980767,0.0005797337012980767,1485.4000244140625,461.800048828125,False,False,False,True
2075,27220,internal,1.2811681032180786,0.0,0.000586307682820395,0.000586307682820395,1509.0999755859375,470.89990234375,False,False,False,True
2076,27221,internal,1.2559736967086792,0.0,0.0005813237409587506,0.0005813237409587506,1449.25,502.5,False,False,False,True
2077,27235,internal,1.2106136083602905,0.0,0.0004923014781748301,0.0004923014781748301,1417.699951171875,369.699951171875,False,False,False,True
2078,27251,internal,1.2405158281326294,0.0,0.0005332096755163054,0.0005332096755163054,1456.300048828125,423.800048828125,False,False,False,True
2079,27264,internal,1.2455679178237915,0.0,0.0005184547321520499,0.0005184547321520499,1479.800048828125,383.300048828125,False,False,False,True
2080,27283,internal,1.238966464996338,0.0,0.0005056240888252786,0.0005056240888252786,1472.4000244140625,368.300048828125,False,False,False,True
2081,27290,internal,1.0618882179260254,0.0,0.00039134793576566516,0.00039134793576566516,1174.75,324.0,False,False,False,True
2082,27298,internal,1.0755406618118286,0.0,0.00040003809675780025,0.00040003809675780025,1200.5,353.199951171875,False,False,False,True
2083,27314,internal,1.0693368911743164,0.0,0.0003957206110069675,0.0003957206110069675,1191.9000244140625,329.5,False,False,False,True
2084,27331,internal,1.1021981239318848,0.0,0.00041432058102594505,0.00041432058102594505,1245.0,342.10009765625,False,False,False,True
2085,27338,internal,1.1077330112457275,0.0,0.00041243328574034406,0.00041243328574034406,1238.699951171875,316.10009765625,False,False,False,True
2086,27351,internal,1.0701940059661865,0.0,0.000389585524900225,0.000389585524900225,1181.5,274.25,False,False,False,True
2087,27374,internal,1.0851188898086548,0.0,0.00039465483180108475,0.00039465483180108475,1207.25,273.0,False,False,False,True
2088,27375,internal,1.075676441192627,0.0,0.00039141945711014894,0.00039141945711014894,1194.75,273.0,False,False,False,True
2089,27385,internal,1.1164839267730713,0.0,0.00041315855770143056,0.00041315855770143056,1248.5,292.699951171875,False,False,False,True
2090,27410,internal,1.1200742721557617,0.0,0.0004291108880157484,0.0004291108880157484,1271.699951171875,352.699951171875,False,False,False,True
2091,27434,internal,1.1571500301361084,0.0,0.00044457667731120747,0.00044457667731120747,1310.5,308.0,False,False,False,True
2092,27437,internal,1.1498924493789673,0.0,0.00045041172846616473,0.00045041172846616473,1299.0,333.699951171875,False,False,False,True
2093,27445,internal,1.1513171195983887,0.0,0.0004538616936603315,0.0004538616936603315,1308.25,362.0,False,False,False,True
2094,27449,internal,1.1840288639068604,0.0,0.00046892633344592684,0.00046892633344592684,1354.75,353.5,False,False,False,True
2095,27457,internal,1.165053129196167,0.0,0.00045047292659660385,0.00045047292659660385,1323.0,306.5,False,False,False,True
2096,27471,internal,1.155221939086914,0.0,0.0004571751277313127,0.0004571751277313127,1316.5,364.25,False,False,False,True
2097,27474,internal,1.1351191997528076,0.0,0.00041834986381647456,0.00041834986381647456,1274.0,271.800048828125,False,False,False,True
2098,27485,internal,1.1444823741912842,0.0,0.00042523857101825697,0.00042523857101825697,1294.5,277.699951171875,False,False,False,True
2099,27489,internal,1.136775016784668,0.0,0.00041802513256032094,0.00041802513256032094,1273.199951171875,249.699951171875,False,False,False,True
2100,27519,internal,1.171460509300232,0.0,0.0004351058431092795,0.0004351058431092795,1343.75,262.25,False,False,False,True
2101,27520,internal,1.1647789478302002,0.0,0.0004296912908730748,0.0004296912908730748,1334.25,253.0,False,False,False,True
2102,27550,internal,1.0209852457046509,0.0,0.00036161437939951984,0.00036161437939951984,1165.0999755859375,203.0,False,False,False,True
2103,27554,internal,1.0957255363464355,0.0,0.00039215873158464473,0.00039215873158464473,1206.9000244140625,212.0,False,False,False,True
2104,27567,internal,1.1036618947982788,0.0,0.00039856722404489316,0.00039856722404489316,1223.199951171875,235.89990234375,False,False,False,True
2105,27568,internal,1.1208465099334717,0.0,0.0004059292638455131,0.0004059292638455131,1241.0,230.10009765625,False,False,False,True
2106,27593,internal,1.0125396251678467,0.0,0.00035758517601832914,0.00035758517601832914,1174.5999755859375,139.60009765625,False,False,False,True
2107,27612,internal,1.1500110626220703,0.0,0.00040873953387604567,0.00040873953387604567,1207.5,151.5,False,False,False,True
2108,27636,internal,1.1522564888000488,0.0,0.0004095935019055556,0.0004095935019055556,1226.25,140.75,False,False,False,True
2109,27651,internal,1.152061939239502,0.0,0.0004203957660214489,0.0004203957660214489,1291.5,223.35009765625,False,False,False,True
2110,27661,internal,1.1476871967315674,0.0,0.00041438283794756824,0.00041438283794756824,1264.699951171875,203.10009765625,False,False,False,True
2111,27681,internal,1.159220576286316,0.0,0.0004229939601778127,0.0004229939601778127,1317.9000244140625,215.75,False,False,False,True
2112,27688,internal,1.164044976234436,0.0,0.00042057705754194093,0.00042057705754194093,1318.0,187.0,False,False,False,True
2113,27697,internal,1.1613880395889282,0.0,0.00042237099391488674,0.00042237099391488674,1320.0,200.0,False,False,False,True
2114,27715,internal,1.16386079788208,0.0,0.0004152102303183581,0.0004152102303183581,1286.4000244140625,172.800048828125,False,False,False,True
2115,27717,internal,1.1678845882415771,0.0,0.0004150244389353338,0.0004150244389353338,1288.25,130.5,False,False,False,True
2116,27742,internal,1.174317479133606,0.0,0.0004178529201742323,0.0004178529201742323,1353.0,162.10009765625,False,False,False,True
2117,27747,internal,1.1718385219573975,0.0,0.0004161526338815173,0.0004161526338815173,1328.5,122.0,False,False,False,True
2118,27754,internal,1.1724367141723633,0.0,0.0004167560654470972,0.0004167560654470972,1339.800048828125,155.60009765625,False,False,False,True
2119,27765,internal,1.1870219707489014,0.0,0.0004696212710395898,0.0004696212710395898,1358.300048828125,342.10009765625,False,False,False,True
2120,27775,internal,1.2024976015090942,0.0,0.0004801519552167697,0.0004801519552167697,1399.3499755859375,346.75,False,False,False,True
2121,27791,internal,1.1896798610687256,0.0,0.00047082479897851974,0.00047082479897851974,1371.4000244140625,339.89990234375,False,False,False,True
2122,27813,internal,1.2063530683517456,0.0,0.00047336256262805283,0.00047336256262805283,1417.199951171875,317.10009765625,False,False,False,True
2123,27815,internal,1.2043218612670898,0.0,0.000469777760376595,0.000469777760376595,1409.4000244140625,308.199951171875,False,False,False,True
2124,27829,internal,1.198275089263916,0.0,0.00046400311325868883,0.00046400311325868883,1392.5999755859375,302.800048828125,False,False,False,True
2125,27835,internal,1.1925510168075562,0.0,0.00045266277146305224,0.00045266277146305224,1379.300048828125,269.10009765625,False,False,False,True
2126,27845,internal,1.1954801082611084,0.0,0.0004535202864430288,0.0004535202864430288,1398.0,255.800048828125,False,False,False,True
2127,27869,internal,1.1953550577163696,0.0,0.0004516813249749805,0.0004516813249749805,1399.199951171875,233.800048828125,False,False,False,True
2128,27879,internal,1.2027180194854736,0.0,0.0004605680240806582,0.0004605680240806582,1417.0,266.199951171875,False,False,False,True
2129,27895,internal,1.229362964630127,0.0,0.0004888706241615358,0.0004888706241615358,1464.300048828125,326.39990234375,False,False,False,True
2130,27897,internal,1.2180488109588623,0.0,0.0004930423143663224,0.0004930423143663224,1437.0,365.75,False,False,False,True
2131,27899,internal,1.221239447593689,0.0,0.0004841562505353552,0.0004841562505353552,1445.699951171875,329.0,False,False,False,True
2132,27924,internal,1.234398603439331,0.0,0.0004946763468006944,0.0004946763468006944,1479.9000244140625,337.5,False,False,False,True
2133,27954,internal,1.225965976715088,0.0,0.0004723088536416685,0.0004723088536416685,1473.25,278.5,False,False,False,True
2134,27961,internal,1.2110098600387573,0.0,0.0004629807444913529,0.0004629807444913529,1443.699951171875,254.0,False,False,False,True
2135,27998,internal,1.2276068925857544,0.0,0.0004722314030665539,0.0004722314030665539,1487.199951171875,277.0,False,False,False,True
2136,28000,internal,1.2274506092071533,0.0,0.00046954593804684336,0.00046954593804684336,1495.0999755859375,261.89990234375,False,False,False,True
2137,28037,internal,1.1852037906646729,0.0,0.00042798830466284044,0.00042798830466284044,1398.9000244140625,187.800048828125,False,False,False,True
2138,28041,internal,1.1812695264816284,0.0,0.00042659554426953796,0.00042659554426953796,1378.9000244140625,192.300048828125,False,False,False,True
2139,28047,internal,1.1930490732192993,0.0,0.0004377622443109874,0.0004377622443109874,1417.5,199.75,False,False,False,True
2140,28049,internal,1.19986891746521,0.0,0.0004503412129733058,0.0004503412129733058,1420.4000244140625,216.60009765625,False,False,False,True
2141,28081,internal,1.1769917011260986,0.0,0.00041759298693854364,0.00041759298693854364,1375.300048828125,145.39990234375,False,False,False,True
2142,28093,internal,1.1771727800369263,0.0,0.00041723154209808246,0.00041723154209808246,1369.25,111.5,False,False,False,True
2143,28108,internal,1.1857470273971558,0.0,0.00042227895849121164,0.00042227895849121164,1409.300048828125,160.699951171875,False,False,False,True
2144,28121,internal,1.1890391111373901,0.0,0.00042255392656171406,0.00042255392656171406,1427.5999755859375,156.199951171875,False,False,False,True
2145,28124,internal,1.1825437545776367,0.0,0.0004180105212419808,0.0004180105212419808,1415.25,99.0,False,False,False,True
2146,28140,internal,1.175499677658081,0.0,0.0004216044290976216,0.0004216044290976216,1357.5,181.10009765625,False,False,False,True
2147,28149,internal,1.209364652633667,0.0,0.0004437861838131824,0.0004437861838131824,1479.0,212.5,False,False,False,True
2148,28151,internal,1.192409634590149,0.0,0.0004249881139636657,0.0004249881139636657,1450.25,173.75,False,False,False,True
2149,28163,internal,1.1977423429489136,0.0,0.0004303882401699875,0.0004303882401699875,1472.5999755859375,187.300048828125,False,False,False,True
2150,28166,internal,1.2127784490585327,0.0,0.0004479404039634319,0.0004479404039634319,1482.0,221.75,False,False,False,True
2151,28197,internal,1.1898659467697144,0.0,0.00042168788831270575,0.00042168788831270575,1455.0,139.75,False,False,False,True
2152,28218,internal,1.1876784563064575,0.0,0.00041853067888093375,0.00041853067888093375,1458.699951171875,97.10009765625,False,False,False,True
2153,28225,internal,1.1906696557998657,0.0,0.0004232513523146596,0.0004232513523146596,1442.5,155.60009765625,False,False,False,True
2154,28239,internal,1.1941431760787964,0.0,0.000424895787372415,0.000424895787372415,1489.5,157.60009765625,False,False,False,True
2155,28266,internal,1.2910231351852417,0.0,0.0006414278754069357,0.0006414278754069357,1557.0,622.5,False,False,False,True
2156,28283,internal,1.2868841886520386,0.0,0.0006328255146737394,0.0006328255146737394,1532.699951171875,572.300048828125,False,False,False,True
2157,28290,internal,1.2938634157180786,0.0,0.0006436037442297544,0.0006436037442297544,1576.75,601.0,False,False,False,True
2158,28294,internal,1.292248249053955,0.0,0.0006422440445911744,0.0006422440445911744,1562.25,611.0,False,False,False,True
2159,28300,internal,1.2975332736968994,0.0,0.0006471125782137553,0.0006471125782137553,1594.75,598.0,False,False,False,True
2160,28303,internal,1.2898446321487427,0.0,0.0006417817234206512,0.0006417817234206512,1554.0,639.5,False,False,False,True
2161,28322,internal,1.2683773040771484,0.0,0.0005951395365427379,0.0005951395365427379,1517.0,528.699951171875,False,False,False,True
2162,28332,internal,1.2914193868637085,0.0,0.0006303736189892343,0.0006303736189892343,1547.0,551.5,False,False,False,True
2163,28343,internal,1.2790902853012085,0.0,0.0005970186791362216,0.0005970186791362216,1526.0,506.75,False,False,False,True
2164,28370,internal,1.2992961406707764,0.0,0.000623072406742139,0.000623072406742139,1587.199951171875,537.60009765625,False,False,False,True
2165,28373,internal,1.3001868724822998,0.0,0.0006164017046451562,0.0006164017046451562,1586.5999755859375,525.800048828125,False,False,False,True
2166,28381,internal,1.2931554317474365,0.0,0.0006321701229308014,0.0006321701229308014,1555.0999755859375,551.89990234375,False,False,False,True
2167,28388,internal,1.3104995489120483,0.0,0.0006624224340375808,0.0006624224340375808,1612.5999755859375,605.199951171875,False,False,False,True
2168,28421,internal,1.327236533164978,0.0,0.0006741597166481244,0.0006741597166481244,1669.5999755859375,612.39990234375,False,False,False,True
2169,28435,internal,1.3269548416137695,0.0,0.0006569418132314903,0.0006569418132314903,1662.5,581.0,False,False,False,True
2170,28470,internal,1.30938720703125,0.0,0.0006256998500049626,0.0006256998500049626,1626.199951171875,523.39990234375,False,False,False,True
2171,28486,internal,1.3251417875289917,0.0,0.0006479073068765167,0.0006479073068765167,1674.75,545.25,False,False,False,True
2172,28490,internal,1.3270792961120605,0.0,0.0006530813017557012,0.0006530813017557012,1668.75,559.25,False,False,False,True
2173,28517,internal,1.2893785238265991,0.0,0.0005920578718619492,0.0005920578718619492,1552.75,473.75,False,False,False,True
2174,28542,internal,1.2989169359207153,0.0,0.0005869961617878351,0.0005869961617878351,1605.199951171875,440.0,False,False,False,True
2175,28546,internal,1.2892485857009888,0.0,0.0005906087043683155,0.0005906087043683155,1559.0,452.5,False,False,False,True
2176,28564,internal,1.2924835681915283,0.0,0.0006009454709401333,0.0006009454709401333,1556.75,493.0,False,False,False,True
2177,28567,internal,1.2624536752700806,0.0,0.0005418875810004849,0.0005418875810004849,1513.5999755859375,398.39990234375,False,False,False,True
2178,28580,internal,1.2649027109146118,0.0,0.0005448159856573799,0.0005448159856573799,1526.75,400.0,False,False,False,True
2179,28609,internal,1.2607537508010864,0.0,0.0005191937154589701,0.0005191937154589701,1546.9000244140625,357.60009765625,False,False,False,True
2180,28614,internal,1.27295982837677,0.0,0.0005322953034497444,0.0005322953034497444,1595.0,359.5,False,False,False,True
2181,28633,internal,1.309070348739624,0.0,0.0006020581545954703,0.0006020581545954703,1652.800048828125,463.199951171875,False,False,False,True
2182,28636,internal,1.3111348152160645,0.0,0.0006061052780174513,0.0006061052780174513,1660.0,474.25,False,False,False,True
2183,28654,internal,1.3145674467086792,0.0,0.000612016456258543,0.000612016456258543,1678.9000244140625,487.199951171875,False,False,False,True
2184,28684,internal,1.2769126892089844,0.0,0.0005390067690073139,0.0005390067690073139,1604.800048828125,377.0,False,False,False,True
2185,28688,internal,1.2774975299835205,0.0,0.0005258809346984244,0.0005258809346984244,1659.5999755859375,374.5,False,False,False,True
2186,28750,internal,1.3459142446517944,0.0,0.0006682153982429714,0.0006682153982429714,1741.0,604.60009765625,False,False,False,True
2187,28751,internal,1.3463754653930664,0.0,0.0006688763486396257,0.0006688763486396257,1735.5,615.75,False,False,False,True
2188,28757,internal,1.342867374420166,0.0,0.0006666203293241731,0.0006666203293241731,1717.4000244140625,585.199951171875,False,False,False,True
2189,28760,internal,1.3393044471740723,0.0,0.0006628893080101955,0.0006628893080101955,1711.5,574.5,False,False,False,True
2190,28778,internal,1.3707668781280518,0.0,0.0006928264699210371,0.0006928264699210371,1774.800048828125,634.60009765625,False,False,False,True
2191,28787,internal,1.3486287593841553,0.0,0.0006689493522917672,0.0006689493522917672,1769.199951171875,600.39990234375,False,False,False,True
2192,28796,internal,1.3493086099624634,0.0,0.0006504275475319535,0.0006504275475319535,1790.4000244140625,564.300048828125,False,False,False,True
2193,28797,internal,1.3541042804718018,0.0,0.0006740003685749222,0.0006740003685749222,1775.75,611.0,False,False,False,True
2194,28801,internal,1.3477709293365479,0.0,0.0006721689245242808,0.0006721689245242808,1725.5,633.699951171875,False,False,False,True
2195,28830,internal,1.3328251838684082,0.0,0.0006220736490182078,0.0006220736490182078,1750.5,524.5,False,False,False,True
2196,28836,internal,1.3476545810699463,0.0,0.0006496610356542475,0.0006496610356542475,1776.9000244140625,562.5,False,False,False,True
2197,28841,internal,1.3378078937530518,0.0,0.0006306413343401258,0.0006306413343401258,1759.75,534.5,False,False,False,True
2198,28848,internal,1.3313047885894775,0.0,0.0006192189891672832,0.0006192189891672832,1739.5,504.89990234375,False,False,False,True
2199,28860,internal,1.3209799528121948,0.0,0.0006262791146617662,0.0006262791146617662,1690.75,509.75,False,False,False,True
2200,28873,internal,1.361652135848999,0.0,0.0006766112417557152,0.0006766112417557152,1799.699951171875,602.300048828125,False,False,False,True
2201,28885,internal,1.3638098239898682,0.0,0.0006658591114023875,0.0006658591114023875,1808.199951171875,585.800048828125,False,False,False,True
2202,28903,internal,1.373061180114746,0.0,0.0006725170550656023,0.0006725170550656023,1861.25,600.5,False,False,False,True
2203,28930,internal,1.3526490926742554,0.0,0.0006464647038882242,0.0006464647038882242,1812.0999755859375,543.0,False,False,False,True
2204,28950,internal,1.349911093711853,0.0,0.0006408761922604771,0.0006408761922604771,1804.25,529.0,False,False,False,True
2205,28958,internal,1.3626924753189087,0.0,0.0006526802316551763,0.0006526802316551763,1839.25,533.0,False,False,False,True
2206,28959,internal,1.3648240566253662,0.0,0.0006548952757518055,0.0006548952757518055,1854.800048828125,537.699951171875,False,False,False,True
2207,28982,internal,1.3164654970169067,0.0,0.0006088534234752587,0.0006088534234752587,1702.0999755859375,469.800048828125,False,False,False,True
2208,28994,internal,1.3150715827941895,0.0,0.0006064161391090936,0.0006064161391090936,1705.0,451.300048828125,False,False,False,True
2209,29014,internal,1.330774188041687,0.0,0.0006165288654663627,0.0006165288654663627,1757.0,487.25,False,False,False,True
2210,29020,internal,1.3301112651824951,0.0,0.0006194292650964391,0.0006194292650964391,1726.4000244140625,507.39990234375,False,False,False,True
2211,29023,internal,1.3218410015106201,0.0,0.0006075613805933406,0.0006075613805933406,1735.0999755859375,449.60009765625,False,False,False,True
2212,29055,internal,1.2951580286026,0.0,0.000546905033603105,0.000546905033603105,1732.0,380.5,False,False,False,True
2213,29071,internal,1.2988837957382202,0.0,0.000550321752754092,0.000550321752754092,1751.0999755859375,362.89990234375,False,False,False,True
2214,29085,internal,1.2942935228347778,0.0,0.0005423895539008515,0.0005423895539008515,1743.25,346.5,False,False,False,True
2215,29094,internal,1.3307619094848633,0.0,0.0006137827846513643,0.0006137827846513643,1775.0999755859375,482.300048828125,False,False,False,True
2216,29114,internal,1.3302679061889648,0.0,0.0006102089938282208,0.0006102089938282208,1789.800048828125,457.699951171875,False,False,False,True
2217,29150,internal,1.3060805797576904,0.0,0.0005608127322618694,0.0005608127322618694,1789.0,371.25,False,False,False,True
2218,29162,internal,1.2978912591934204,0.0,0.0005448013213994805,0.0005448013213994805,1798.699951171875,344.39990234375,False,False,False,True
2219,29165,internal,1.3054280281066895,0.0,0.0005588039406878966,0.0005588039406878966,1803.25,369.75,False,False,False,True
2220,29176,internal,1.3142364025115967,0.0,0.0005685861653770589,0.0005685861653770589,1845.5,382.89990234375,False,False,False,True
2221,29191,internal,1.2841341495513916,0.0,0.0005156607410359724,0.0005156607410359724,1850.300048828125,339.5,False,False,False,True
2222,29204,internal,1.241422414779663,0.0,0.00048800241539060014,0.00048800241539060014,1524.5,313.25,False,False,False,True
2223,29209,internal,1.2407273054122925,0.0,0.00048519815400003717,0.00048519815400003717,1536.5,294.5,False,False,False,True
2224,29219,internal,1.2315387725830078,0.0,0.0004717911047526593,0.0004717911047526593,1522.5,261.300048828125,False,False,False,True
2225,29229,internal,1.2397677898406982,0.0,0.00048716004112455574,0.00048716004112455574,1515.25,321.75,False,False,False,True
2226,29236,internal,1.2647945880889893,0.0,0.0005157825020221402,0.0005157825020221402,1599.5,331.10009765625,False,False,False,True
2227,29252,internal,1.2459204196929932,0.0,0.0004864463629269348,0.0004864463629269348,1596.0,285.75,False,False,False,True
2228,29256,internal,1.2447128295898438,0.0,0.0004850843868873091,0.0004850843868873091,1580.75,275.0,False,False,False,True
2229,29271,internal,1.2317309379577637,0.0,0.0004696669049396231,0.0004696669049396231,1546.0,238.75,False,False,False,True
2230,29275,internal,1.2308133840560913,0.0,0.0004693285682167542,0.0004693285682167542,1537.75,245.25,False,False,False,True
2231,29279,internal,1.2198143005371094,0.0,0.00045383575327632183,0.00045383575327632183,1522.300048828125,209.5,False,False,False,True
2232,29310,internal,1.2258507013320923,0.0,0.00045726438382812963,0.00045726438382812963,1571.199951171875,217.699951171875,False,False,False,True
2233,29314,internal,1.231716275215149,0.0,0.00046352607489070705,0.00046352607489070705,1592.4000244140625,232.699951171875,False,False,False,True
2234,29321,internal,1.243416428565979,0.0,0.000483117946960699,0.000483117946960699,1571.5,267.0,False,False,False,True
2235,29341,internal,1.2576733827590942,0.0,0.000496173636353644,0.000496173636353644,1631.0,301.0,False,False,False,True
2236,29350,internal,1.2605751752853394,0.0,0.0005005286033123927,0.0005005286033123927,1632.5999755859375,313.699951171875,False,False,False,True
2237,29357,internal,1.2695634365081787,0.0,0.0005105362446446431,0.0005105362446446431,1675.800048828125,334.39990234375,False,False,False,True
2238,29364,internal,1.265150547027588,0.0,0.0005031042716863155,0.0005031042716863155,1673.5999755859375,314.699951171875,False,False,False,True
2239,29376,internal,1.2627544403076172,0.0,0.0005007502083072182,0.0005007502083072182,1657.0,310.25,False,False,False,True
2240,29385,internal,1.2644176483154297,0.0,0.0005004004895791205,0.0005004004895791205,1697.5,307.0,False,False,False,True
2241,29394,internal,1.2476768493652344,0.0,0.0004870639028850424,0.0004870639028850424,1607.4000244140625,293.0,False,False,False,True
2242,29402,internal,1.2489794492721558,0.0,0.0004830975652304057,0.0004830975652304057,1634.4000244140625,271.300048828125,False,False,False,True
2243,29408,internal,1.2261005640029907,0.0,0.0004518465493392543,0.0004518465493392543,1619.5,204.75,False,False,False,True
2244,29428,internal,1.2550467252731323,0.0,0.0004911712185858377,0.0004911712185858377,1639.300048828125,287.10009765625,False,False,False,True
2245,29436,internal,1.2278940677642822,0.0,0.00045300015527385547,0.00045300015527385547,1652.0999755859375,217.39990234375,False,False,False,True
2246,29437,internal,1.231369972229004,0.0,0.0004571126061118935,0.0004571126061118935,1658.4000244140625,238.800048828125,False,False,False,True
2247,29470,internal,1.2122089862823486,0.0,0.00044174856664922337,0.00044174856664922337,1543.5,182.14990234375,False,False,False,True
2248,29483,internal,1.217922329902649,0.0,0.0004467458757495665,0.0004467458757495665,1570.699951171875,196.0,False,False,False,True
2249,29500,internal,1.208518147468567,0.0,0.00043399101540179486,0.00043399101540179486,1592.0,163.89990234375,False,False,False,True
2250,29501,internal,1.215261697769165,0.0,0.00044215043084313633,0.00044215043084313633,1589.199951171875,182.39990234375,False,False,False,True
2251,29515,internal,1.1909669637680054,0.0,0.00041887089495815436,0.00041887089495815436,1533.0,125.0,False,False,False,True
2252,29523,internal,1.1997922658920288,0.0,0.0004273649148834409,0.0004273649148834409,1548.300048828125,146.25,False,False,False,True
2253,29529,internal,1.1903883218765259,0.0,0.00041829957123523133,0.00041829957123523133,1521.9000244140625,92.800048828125,False,False,False,True
2254,29544,internal,1.2024914026260376,0.0,0.00042837701337629136,0.00042837701337629136,1574.199951171875,144.89990234375,False,False,False,True
2255,29551,internal,1.1934213638305664,0.0,0.0004178058304363209,0.0004178058304363209,1603.25,114.75,False,False,False,True
2256,29555,internal,1.1924105882644653,0.0,0.00041706298254157886,0.00041706298254157886,1594.0,79.5,False,False,False,True
2257,29561,internal,1.2050260305404663,0.0,0.00042880132394330656,0.00042880132394330656,1611.0999755859375,154.60009765625,False,False,False,True
2258,29568,internal,1.2221288681030273,0.0,0.0004465663577043078,0.0004465663577043078,1640.5,186.25,False,False,False,True
2259,29575,internal,1.2258566617965698,0.0,0.00045097071727179337,0.00045097071727179337,1637.25,211.5,False,False,False,True
2260,29589,internal,1.2121565341949463,0.0,0.0004355450032226513,0.0004355450032226513,1635.0999755859375,163.699951171875,False,False,False,True
2261,29593,internal,1.2223535776138306,0.0,0.0004442978446528832,0.0004442978446528832,1667.75,195.75,False,False,False,True
2262,29614,internal,1.2134665250778198,0.0,0.0004323877937908793,0.0004323877937908793,1683.25,172.5,False,False,False,True
2263,29615,internal,1.208296775817871,0.0,0.0004269940997410007,0.0004269940997410007,1691.75,148.25,False,False,False,True
2264,29620,internal,1.2167787551879883,0.0,0.00043629203334257037,0.00043629203334257037,1679.199951171875,184.5,False,False,False,True
2265,29626,internal,1.1955010890960693,0.0,0.00041901616110860847,0.00041901616110860847,1615.4000244140625,123.10009765625,False,False,False,True
2266,29636,internal,1.1941330432891846,0.0,0.00041633424303936454,0.00041633424303936454,1648.25,115.75,False,False,False,True
2267,29647,internal,1.193483829498291,0.0,0.00041566188416770184,0.00041566188416770184,1647.199951171875,82.300048828125,False,False,False,True
2268,29655,internal,1.199092149734497,0.0,0.00042100772085606054,0.00042100772085606054,1653.0999755859375,131.5,False,False,False,True
2269,29684,internal,1.2669363021850586,0.0,0.0005032995657202168,0.0005032995657202168,1708.0999755859375,319.199951171875,False,False,False,True
2270,29700,internal,1.2699260711669922,0.0,0.0005061622723841403,0.0005061622723841403,1723.800048828125,320.89990234375,False,False,False,True
2271,29727,internal,1.2612382173538208,0.0,0.0004919953287039569,0.0004919953287039569,1735.199951171875,304.199951171875,False,False,False,True
2272,29733,internal,1.268722414970398,0.0,0.0004996760646509813,0.0004996760646509813,1758.300048828125,315.39990234375,False,False,False,True
2273,29741,internal,1.2690672874450684,0.0,0.0004990781652693382,0.0004990781652693382,1771.4000244140625,312.89990234375,False,False,False,True
2274,29750,internal,1.2511353492736816,0.0,0.0004789478449426885,0.0004789478449426885,1729.0,269.699951171875,False,False,False,True
2275,29772,internal,1.2557772397994995,0.0,0.00048546316943340936,0.00048546316943340936,1725.0,284.10009765625,False,False,False,True
2276,29793,internal,1.2391713857650757,0.0,0.0004601201024702383,0.0004601201024702383,1772.0,252.0,False,False,False,True
2277,29831,internal,1.2644723653793335,0.0,0.0004930556021956825,0.0004930556021956825,1789.5999755859375,288.5,False,False,False,True
2278,29840,internal,1.28298020362854,0.0,0.0005186732137128823,0.0005186732137128823,1814.9000244140625,327.550048828125,False,False,False,True
2279,29877,internal,1.2337110042572021,0.0,0.000452724657807761,0.000452724657807761,1785.5,231.25,False,False,False,True
2280,29880,internal,1.2348161935806274,0.0,0.0004543890246095565,0.0004543890246095565,1772.5,234.89990234375,False,False,False,True
2281,29881,internal,1.2361124753952026,0.0,0.000454483892299649,0.000454483892299649,1811.0,235.75,False,False,False,True
2282,29895,internal,1.2459125518798828,0.0,0.00046384106526796724,0.00046384106526796724,1835.0,249.5,False,False,False,True
2283,29923,internal,1.2266652584075928,0.0,0.0004460859841440962,0.0004460859841440962,1715.0,191.5,False,False,False,True
2284,29932,internal,1.2287094593048096,0.0,0.0004483069574713562,0.0004483069574713562,1719.0,202.10009765625,False,False,False,True
2285,29951,internal,1.2302377223968506,0.0,0.00044958396551846047,0.00044958396551846047,1744.300048828125,209.10009765625,False,False,False,True
2286,29973,internal,1.2123357057571411,0.0,0.0004279218919858198,0.0004279218919858198,1764.300048828125,166.0,False,False,False,True
2287,29983,internal,1.1986068487167358,0.0,0.00041642971953438786,0.00041642971953438786,1711.4000244140625,127.39990234375,False,False,False,True
2288,30001,internal,1.193548321723938,0.0,0.00041134114263397805,0.00041134114263397805,1715.5,86.25,False,False,False,True
2289,30016,internal,1.2001444101333618,0.0,0.0004156439376571319,0.0004156439376571319,1749.5,142.10009765625,False,False,False,True
2290,30032,internal,1.1926085948944092,0.0,0.00040790443879939174,0.00040790443879939174,1771.0,84.39990234375,False,False,False,True
2291,30041,internal,1.2121734619140625,0.0,0.00043098058089791427,0.00043098058089791427,1686.5,163.5,False,False,False,True
2292,30070,internal,1.2147237062454224,0.0,0.00042932209038719035,0.00042932209038719035,1802.0,190.60009765625,False,False,False,True
2293,30083,internal,1.2110651731491089,0.0,0.0004243172638694403,0.0004243172638694403,1818.25,192.25,False,False,False,True
2294,30092,internal,1.2054054737091064,0.0,0.00041849317120323814,0.00041849317120323814,1825.300048828125,163.89990234375,False,False,False,True
2295,30094,internal,1.209976077079773,0.0,0.0004230065068533439,0.0004230065068533439,1828.300048828125,191.10009765625,False,False,False,True
2296,30101,internal,1.20389723777771,0.0,0.0004174969545781487,0.0004174969545781487,1811.5,156.0,False,False,False,True
2297,30102,internal,1.201535701751709,0.0,0.00041299799201836667,0.00041299799201836667,1852.5,148.0,False,False,False,True
2298,30108,internal,1.1933413743972778,0.0,0.00040853185198529076,0.00040853185198529076,1787.0,112.0,False,False,False,True
2299,30131,internal,1.2021958827972412,0.0,0.00041604903116415626,0.00041604903116415626,1806.0,149.0,False,False,False,True
2300,30150,internal,1.1880841255187988,0.0,0.00039917232320658795,0.00039917232320658795,1850.5,82.5,False,False,False,True
2301,30160,internal,1.2390018701553345,0.0,0.0004637951137305787,0.0004637951137305787,1699.5,245.39990234375,False,False,False,True
2302,30188,internal,0.04916674271225929,0.0,-0.0005815477811732994,-0.0005815477811732994,1879.4000244140625,2714.39990234375,False,False,False,True
2303,30198,internal,0.060871291905641556,0.0,-0.0005808390263546844,-0.0005808390263546844,1899.5,2733.5,False,False,False,True
2304,30202,internal,0.06129511073231697,0.0,-0.0005807901102019804,-0.0005807901102019804,1921.75,2790.25,False,False,False,True
2305,30214,internal,0.05495638772845268,0.0,-0.0005851587355670037,-0.0005851587355670037,1921.800048828125,2701.300048828125,False,False,False,True
2306,30232,internal,0.04888773709535599,0.0,-0.0005846344751122125,-0.0005846344751122125,1891.699951171875,2691.800048828125,False,False,False,True
2307,30239,internal,0.026524201035499573,0.0,-0.0005892370403893555,-0.0005892370403893555,1849.75,2637.25,False,False,False,True
2308,30257,internal,0.052514590322971344,0.0,-0.000585569546546422,-0.000585569546546422,1909.25,2693.5,False,False,False,True
2309,30273,internal,0.04451487213373184,0.0,-0.0005926557183040331,-0.0005926557183040331,1923.800048828125,2656.60009765625,False,False,False,True
2310,30282,internal,0.032644011080265045,0.0,-0.0005960415207524454,-0.0005960415207524454,1906.75,2619.0,False,False,False,True
2311,30300,internal,0.06004178151488304,0.0,-0.000584474809401655,-0.000584474809401655,1967.0999755859375,2710.60009765625,False,False,False,True
2312,30306,internal,0.06283992528915405,0.0,-0.0005815115705148043,-0.0005815115705148043,1985.25,2777.25,False,False,False,True
2313,30314,internal,0.06399298459291458,0.0,-0.0005818615539406979,-0.0005818615539406979,2022.25,2770.25,False,False,False,True
2314,30339,internal,0.05637611076235771,0.0,-0.0005933904135066578,-0.0005933904135066578,1977.75,2666.0,False,False,False,True
2315,30359,internal,0.05298880487680435,0.0,-0.0005988346118960164,-0.0005988346118960164,1959.800048828125,2651.699951171875,False,False,False,True
2316,30361,internal,0.05761687085032463,0.0,-0.0005909445529319018,-0.0005909445529319018,1989.199951171875,2678.39990234375,False,False,False,True
2317,30368,internal,0.056872472167015076,0.0,-0.0005951401718174484,-0.0005951401718174484,2022.4000244140625,2673.199951171875,False,False,False,True
2318,30385,internal,0.05448579415678978,0.0,-0.0006087050338908116,-0.0006087050338908116,1989.0,2615.25,False,False,False,True
2319,30386,internal,0.055098485201597214,0.0,-0.0006085719438389742,-0.0006085719438389742,2030.0,2616.25,False,False,False,True
2320,30407,internal,0.030171241611242294,0.0,-0.0005977180636528576,-0.0005977180636528576,1869.0999755859375,2594.699951171875,False,False,False,True
2321,30419,internal,0.038027629256248474,0.0,-0.0006196428762178248,-0.0006196428762178248,1877.25,2561.0,False,False,False,True
2322,30431,internal,0.031024808064103127,0.0,-0.0005960542262466542,-0.0005960542262466542,1884.5999755859375,2613.39990234375,False,False,False,True
2323,30456,internal,0.04069966822862625,0.0,-0.0006244293005840812,-0.0006244293005840812,1905.199951171875,2553.89990234375,False,False,False,True
2324,30473,internal,0.036365024745464325,0.0,-0.0006355596840879171,-0.0006355596840879171,1863.5999755859375,2472.699951171875,False,False,False,True
2325,30495,internal,0.04126834496855736,0.0,-0.0006265280364691405,-0.0006265280364691405,1914.75,2539.5,False,False,False,True
2326,30507,internal,0.03982646390795708,0.0,-0.0006415021496084981,-0.0006415021496084981,1897.5,2472.5,False,False,False,True
2327,30522,internal,0.04938679188489914,0.0,-0.0006119297412605679,-0.0006119297412605679,1948.25,2596.25,False,False,False,True
2328,30539,internal,0.053426966071128845,0.0,-0.0006086727407596975,-0.0006086727407596975,1970.75,2611.75,False,False,False,True
2329,30562,internal,0.05442102998495102,0.0,-0.0006167732874112048,-0.0006167732874112048,2011.0999755859375,2560.699951171875,False,False,False,True
2330,30565,internal,0.05490001663565636,0.0,-0.0006088757639692425,-0.0006088757639692425,2007.5,2611.75,False,False,False,True
2331,30572,internal,0.04354872182011604,0.0,-0.0006326179916016621,-0.0006326179916016621,1935.75,2523.5,False,False,False,True
2332,30573,internal,0.04855174571275711,0.0,-0.0006436729362336332,-0.0006436729362336332,1965.5,2512.75,False,False,False,True
2333,30591,internal,0.050954148173332214,0.0,-0.000653605985726966,-0.000653605985726966,1969.25,2467.0,False,False,False,True
2334,30598,internal,0.04927349090576172,0.0,-0.0006460878801058144,-0.0006460878801058144,1971.75,2502.0,False,False,False,True
2335,30662,internal,0.06576553732156754,0.0,-0.0005823970375820403,-0.0005823970375820403,2098.5,2740.0,False,False,False,True
2336,30669,internal,0.05585472658276558,0.0,-0.0006061003546384454,-0.0006061003546384454,2047.0,2633.75,False,False,False,True
2337,30695,internal,0.05704375356435776,0.0,-0.0006032081606400456,-0.0006032081606400456,2058.75,2642.0,False,False,False,True
2338,30697,internal,0.06316743046045303,0.0,-0.0005890707042943385,-0.0005890707042943385,2088.10009765625,2669.199951171875,False,False,False,True
2339,30714,internal,0.053174372762441635,0.0,-0.0006169427998797741,-0.0006169427998797741,2101.25,2624.5,False,False,False,True
2340,30720,internal,0.05413774773478508,0.0,-0.0006201968887048883,-0.0006201968887048883,2106.5,2610.25,False,False,False,True
2341,30757,internal,0.0699300542473793,0.0,-0.0005828681467193913,-0.0005828681467193913,2169.5,2739.0,False,False,False,True
2342,30769,internal,0.06988325715065002,0.0,-0.000587232219282323,-0.000587232219282323,2181.0,2683.5,False,False,False,True
2343,30776,internal,0.07017166912555695,0.0,-0.0005849228368911934,-0.0005849228368911934,2175.75,2693.75,False,False,False,True
2344,30786,internal,0.0636463388800621,0.0,-0.0005900944494902137,-0.0005900944494902137,2122.75,2664.25,False,False,False,True
2345,30841,internal,0.06382716447114944,0.0,-0.0006150420050065762,-0.0006150420050065762,2167.25,2613.75,False,False,False,True
2346,30855,internal,0.05523084104061127,0.0,-0.0006117331766772457,-0.0006117331766772457,2047.5,2589.75,False,False,False,True
2347,30863,internal,0.05586861073970795,0.0,-0.0006253513488867267,-0.0006253513488867267,2032.25,2554.0,False,False,False,True
2348,30877,internal,0.05634692311286926,0.0,-0.0006242436415499549,-0.0006242436415499549,2075.39990234375,2578.0,False,False,False,True
2349,30882,internal,0.05671876296401024,0.0,-0.0006247602257686616,-0.0006247602257686616,2099.60009765625,2589.300048828125,False,False,False,True
2350,30894,internal,0.05708958953619003,0.0,-0.0006310768680936921,-0.0006310768680936921,2069.0,2545.800048828125,False,False,False,True
2351,30924,internal,0.06137080863118172,0.0,-0.0006631749169320978,-0.0006631749169320978,2063.10009765625,2468.89990234375,False,False,False,True
2352,30939,internal,0.05942341685295105,0.0,-0.0006438209023016067,-0.0006438209023016067,2106.39990234375,2512.10009765625,False,False,False,True
2353,30940,internal,0.058179210871458054,0.0,-0.0006370045105376961,-0.0006370045105376961,2096.60009765625,2528.89990234375,False,False,False,True
2354,30942,internal,0.06169220060110092,0.0,-0.0006597596800887685,-0.0006597596800887685,2093.39990234375,2478.10009765625,False,False,False,True
2355,30967,internal,0.059403881430625916,0.0,-0.0006275536345495879,-0.0006275536345495879,2139.0,2568.300048828125,False,False,False,True
2356,30968,internal,0.060260843485593796,0.0,-0.0006257879943710363,-0.0006257879943710363,2153.25,2574.25,False,False,False,True
2357,30974,internal,0.05905693396925926,0.0,-0.0006328840658262184,-0.0006328840658262184,2136.0,2551.25,False,False,False,True
2358,30988,internal,0.063088059425354,0.0,-0.000619287916473366,-0.000619287916473366,2171.5,2587.25,False,False,False,True
2359,31021,internal,0.06402759253978729,0.0,-0.0006155549893352571,-0.0006155549893352571,2175.699951171875,2603.699951171875,False,False,False,True
2360,31035,internal,0.06060214340686798,0.0,-0.0006461985767241087,-0.0006461985767241087,2154.75,2512.75,False,False,False,True
2361,31037,internal,0.05998716503381729,0.0,-0.0006445031344010609,-0.0006445031344010609,2143.75,2516.75,False,False,False,True
2362,31051,internal,0.06373567879199982,0.0,-0.0006568477396347858,-0.0006568477396347858,2164.5,2499.75,False,False,False,True
2363,31055,internal,0.06276466697454453,0.0,-0.000637957634361594,-0.000637957634361594,2172.60009765625,2539.39990234375,False,False,False,True
2364,31060,internal,0.06690794229507446,0.0,-0.0006429563992998153,-0.0006429563992998153,2198.5,2520.75,False,False,False,True
2365,31067,internal,0.06784509867429733,0.0,-0.0006710524821602404,-0.0006710524821602404,2167.89990234375,2471.10009765625,False,False,False,True
2366,31080,internal,0.06396543234586716,0.0,-0.0006373621701996743,-0.0006373621701996743,2187.699951171875,2538.300048828125,False,False,False,True
2367,31121,internal,0.0519375316798687,0.0,-0.0006679839464901341,-0.0006679839464901341,1919.699951171875,2400.10009765625,False,False,False,True
2368,31127,internal,0.05817468836903572,0.0,-0.0006798554838228176,-0.0006798554838228176,1935.300048828125,2389.699951171875,False,False,False,True
2369,31129,internal,0.049264922738075256,0.0,-0.0006617400960590083,-0.0006617400960590083,1921.25,2415.0,False,False,False,True
2370,31133,internal,0.03915240243077278,0.0,-0.0006406709455894456,-0.0006406709455894456,1889.0,2465.25,False,False,False,True
2371,31136,internal,0.0494014136493206,0.0,-0.0006686784605673235,-0.0006686784605673235,1889.0,2350.60009765625,False,False,False,True
2372,31139,internal,0.04746348783373833,0.0,-0.0006653961549571538,-0.0006653961549571538,1873.0999755859375,2353.89990234375,False,False,False,True
2373,31149,internal,0.04763295501470566,0.0,-0.0006658874870061205,-0.0006658874870061205,1864.5,2319.699951171875,False,False,False,True
2374,31178,internal,0.06730373203754425,0.0,-0.000698703078629969,-0.000698703078629969,1930.699951171875,2349.800048828125,False,False,False,True
2375,31194,internal,0.05127015337347984,0.0,-0.0006610786162667619,-0.0006610786162667619,1943.4000244140625,2431.89990234375,False,False,False,True
2376,31195,internal,0.04472043737769127,0.0,-0.0006488389901789372,-0.0006488389901789372,1936.0,2455.199951171875,False,False,False,True
2377,31200,internal,0.054566819220781326,0.0,-0.0006643842682225402,-0.0006643842682225402,1974.699951171875,2440.300048828125,False,False,False,True
2378,31244,internal,0.06054801493883133,0.0,-0.0006775400663219387,-0.0006775400663219387,1988.75,2414.75,False,False,False,True
2379,31249,internal,0.06470125168561935,0.0,-0.0006883900289806743,-0.0006883900289806743,1978.25,2391.0,False,False,False,True
2380,31260,internal,0.08433648943901062,0.0,-0.0007275366624896566,-0.0007275366624896566,1972.5999755859375,2342.800048828125,False,False,False,True
2381,31289,internal,0.09013890475034714,0.0,-0.0007376869759339601,-0.0007376869759339601,1988.9000244140625,2325.699951171875,False,False,False,True
2382,31296,internal,0.09700285643339157,0.0,-0.0007499347017743429,-0.0007499347017743429,1992.0,2307.5,False,False,False,True
2383,31318,internal,0.06448125094175339,0.0,-0.0006965399682409184,-0.0006965399682409184,1888.5999755859375,2290.60009765625,False,False,False,True
2384,31331,internal,0.10429007560014725,0.0,-0.0007654518159724497,-0.0007654518159724497,1904.5,2238.25,False,False,False,True
2385,31339,internal,0.08236101269721985,0.0,-0.0007279381561066552,-0.0007279381561066552,1902.5,2285.89990234375,False,False,False,True
2386,31358,internal,0.10604120045900345,0.0,-0.0007683108698067881,-0.0007683108698067881,1921.25,2247.5,False,False,False,True
2387,31365,internal,0.1099482998251915,0.0,-0.0007746336001811271,-0.0007746336001811271,1936.75,2248.0,False,False,False,True
2388,31383,internal,0.10002994537353516,0.0,-0.0007578063377718547,-0.0007578063377718547,1875.199951171875,2228.199951171875,False,False,False,True
2389,31390,internal,0.11977142840623856,0.0,-0.0007905145679696387,-0.0007905145679696387,1860.550048828125,2167.25,False,False,False,True
2390,31393,internal,0.12396849691867828,0.0,-0.0007978454793094471,-0.0007978454793094471,1884.5,2160.75,False,False,False,True
2391,31415,internal,0.1404867172241211,0.0,-0.000825650765171168,-0.000825650765171168,1921.199951171875,2163.10009765625,False,False,False,True
2392,31450,internal,0.13114146888256073,0.0,-0.0008088304907837105,-0.0008088304907837105,1986.25,2248.75,False,False,False,True
2393,31467,internal,0.11128018796443939,0.0,-0.000774145550384831,-0.000774145550384831,2017.0,2282.5,False,False,False,True
2394,31488,internal,0.14793090522289276,0.0,-0.0008371472257268954,-0.0008371472257268954,2024.300048828125,2229.800048828125,False,False,False,True
2395,31507,internal,0.13647966086864471,0.0,-0.000817351695172648,-0.000817351695172648,1968.699951171875,2233.10009765625,False,False,False,True
2396,31508,internal,0.15375564992427826,0.0,-0.0008445859749488011,-0.0008445859749488011,1977.0,2199.199951171875,False,False,False,True
2397,31539,internal,0.1616792231798172,0.0,-0.0008567264452422378,-0.0008567264452422378,2003.5,2187.75,False,False,False,True
2398,31546,internal,0.16899646818637848,0.0,-0.0008677463438860162,-0.0008677463438860162,2017.25,2184.25,False,False,False,True
2399,31554,internal,0.09919694066047668,0.0,-0.0007561772287164887,-0.0007561772287164887,1947.9000244140625,2285.39990234375,False,False,False,True
2400,31563,internal,0.06436814367771149,0.0,-0.0006733741994686645,-0.0006733741994686645,2058.75,2446.75,False,False,False,True
2401,31571,internal,0.07280996441841125,0.0,-0.0006987243073932096,-0.0006987243073932096,2039.4000244140625,2414.10009765625,False,False,False,True
2402,31594,internal,0.06947927176952362,0.0,-0.0006847052768414405,-0.0006847052768414405,2100.0,2432.5,False,False,False,True
2403,31608,internal,0.07514356821775436,0.0,-0.0006993529117191907,-0.0006993529117191907,2102.75,2410.0,False,False,False,True
2404,31611,internal,0.08443804085254669,0.0,-0.0007171241923481779,-0.0007171241923481779,2106.60009765625,2378.800048828125,False,False,False,True
2405,31615,internal,0.07588266581296921,0.0,-0.000704461261544963,-0.000704461261544963,2072.199951171875,2393.39990234375,False,False,False,True
2406,31629,internal,0.07514039427042007,0.0,-0.0007034862736831141,-0.0007034862736831141,2057.300048828125,2386.10009765625,False,False,False,True
2407,31644,internal,0.08608046919107437,0.0,-0.0007265172583376361,-0.0007265172583376361,2050.0,2337.0,False,False,False,True
2408,31672,internal,0.11800841242074966,0.0,-0.0007825920041161733,-0.0007825920041161733,2090.199951171875,2301.39990234375,False,False,False,True
2409,31673,internal,0.11209551990032196,0.0,-0.0007725040534726114,-0.0007725040534726114,2087.10009765625,2313.60009765625,False,False,False,True
2410,31680,internal,0.07694519311189651,0.0,-0.000702592971561116,-0.000702592971561116,2106.75,2398.5,False,False,False,True
2411,31682,internal,0.06596355885267258,0.0,-0.0006724985262198811,-0.0006724985262198811,2110.800048828125,2449.89990234375,False,False,False,True
2412,31708,internal,0.0706263929605484,0.0,-0.0006813602378536148,-0.0006813602378536148,2152.89990234375,2446.199951171875,False,False,False,True
2413,31719,internal,0.07401596754789352,0.0,-0.0006897689986188043,-0.0006897689986188043,2156.0,2421.0,False,False,False,True
2414,31743,internal,0.09966253489255905,0.0,-0.0007417804744098034,-0.0007417804744098034,2130.5,2354.25,False,False,False,True
2415,31763,internal,0.10261103510856628,0.0,-0.0007459345886809345,-0.0007459345886809345,2177.300048828125,2354.300048828125,False,False,False,True
2416,31772,internal,0.14688575267791748,0.0,-0.0008191351230430919,-0.0008191351230430919,2192.25,2281.5,False,False,False,True
2417,31793,internal,0.12319508194923401,0.0,-0.0007934529252636639,-0.0007934529252636639,2050.89990234375,2267.10009765625,False,False,False,True
2418,31811,internal,0.1395237296819687,0.0,-0.0008198832648937543,-0.0008198832648937543,2057.25,2247.0,False,False,False,True
2419,31833,internal,0.15298539400100708,0.0,-0.0008406372132278199,-0.0008406372132278199,2067.5,2231.25,False,False,False,True
2420,31847,internal,0.15884356200695038,0.0,-0.0008488049931195155,-0.0008488049931195155,2112.39990234375,2236.60009765625,False,False,False,True
2421,31850,internal,0.1876387745141983,0.0,-0.0008953108606324801,-0.0008953108606324801,2027.0,2175.0,False,False,False,True
2422,31887,internal,0.2105836272239685,0.0,-0.0009282346077757811,-0.0009282346077757811,2084.75,2156.5,False,False,False,True
2423,31899,internal,0.2156248688697815,0.0,-0.0009336923586922958,-0.0009336923586922958,2126.300048828125,2164.300048828125,False,False,False,True
2424,31915,internal,0.1435069441795349,0.0,-0.0008166715277160028,-0.0008166715277160028,2154.39990234375,2272.0,False,False,False,True
2425,31946,internal,0.15746960043907166,0.0,-0.0008340392500851826,-0.0008340392500851826,2197.0,2262.60009765625,False,False,False,True
2426,31956,internal,0.1738111525774002,0.0,-0.0008643895523160474,-0.0008643895523160474,2183.0,2236.0,False,False,False,True
2427,31962,internal,0.18601636588573456,0.0,-0.0008829265507293526,-0.0008829265507293526,2192.0,2222.89990234375,False,False,False,True
2428,31963,internal,0.1643996685743332,0.0,-0.000848190576595401,-0.000848190576595401,2181.300048828125,2248.199951171875,False,False,False,True
2429,31984,internal,0.22233082354068756,0.0,-0.0009413091965913617,-0.0009413091965913617,2136.5,2156.0,False,False,False,True
2430,31987,internal,0.21357372403144836,0.0,-0.0009306838035427669,-0.0009306838035427669,2141.25,2181.25,False,False,False,True
2431,32000,internal,0.19511355459690094,0.0,-0.000898255147157136,-0.000898255147157136,2167.199951171875,2199.60009765625,False,False,False,True
2432,32004,internal,0.17978915572166443,0.0,-0.0008774446064342819,-0.0008774446064342819,2157.10009765625,2218.300048828125,False,False,False,True
2433,32006,internal,0.1977681666612625,0.0,-0.0009008129748996072,-0.0009008129748996072,2188.300048828125,2206.10009765625,False,False,False,True
2434,32029,internal,0.13306044042110443,0.0,-0.0008043963262443935,-0.0008043963262443935,2116.10009765625,2279.300048828125,False,False,False,True
2435,32030,internal,0.10835907608270645,0.0,-0.0007548571278681929,-0.0007548571278681929,2199.39990234375,2337.5,False,False,False,True
2436,32043,internal,0.07649975270032883,0.0,-0.0005873785971635204,-0.0005873785971635204,2237.60009765625,2677.5,False,False,False,True
2437,32059,internal,0.07286201417446136,0.0,-0.0005831209331145875,-0.0005831209331145875,2200.0,2736.5,False,False,False,True
2438,32062,internal,0.07764335721731186,0.0,-0.0005834895512653207,-0.0005834895512653207,2252.0,2724.0,False,False,False,True
2439,32075,internal,0.0750252977013588,0.0,-0.0005960420501480374,-0.0005960420501480374,2243.5,2651.60009765625,False,False,False,True
2440,32094,internal,0.06475513428449631,0.0,-0.0006262396217506004,-0.0006262396217506004,2200.0,2565.800048828125,False,False,False,True
2441,32102,internal,0.07263762503862381,0.0,-0.0005975924910184272,-0.0005975924910184272,2218.39990234375,2640.10009765625,False,False,False,True
2442,32109,internal,0.0768110454082489,0.0,-0.0005984972810247724,-0.0005984972810247724,2270.800048828125,2642.699951171875,False,False,False,True
2443,32125,internal,0.08035526424646378,0.0,-0.0006100371520190466,-0.0006100371520190466,2288.0,2602.25,False,False,False,True
2444,32143,internal,0.08639580756425858,0.0,-0.0005834355529149332,-0.0005834355529149332,2328.25,2720.0,False,False,False,True
2445,32180,internal,0.08522312343120575,0.0,-0.0005853825640233156,-0.0005853825640233156,2323.0,2679.0,False,False,False,True
2446,32200,internal,0.08149304986000061,0.0,-0.0006111232600156634,-0.0006111232600156634,2301.0,2593.199951171875,False,False,False,True
2447,32209,internal,0.08231179416179657,0.0,-0.0006114668377548934,-0.0006114668377548934,2322.39990234375,2599.5,False,False,False,True
2448,32233,internal,0.08343447744846344,0.0,-0.0006121356761458691,-0.0006121356761458691,2341.199951171875,2585.300048828125,False,False,False,True
2449,32259,internal,0.07010343670845032,0.0,-0.0006453956953692301,-0.0006453956953692301,2231.5,2514.25,False,False,False,True
2450,32271,internal,0.07102739810943604,0.0,-0.0006254232408081249,-0.0006254232408081249,2253.300048828125,2568.60009765625,False,False,False,True
2451,32280,internal,0.07110080868005753,0.0,-0.0006452037365275586,-0.0006452037365275586,2247.10009765625,2518.60009765625,False,False,False,True
2452,32292,internal,0.07376835495233536,0.0,-0.0006474421799093557,-0.0006474421799093557,2273.800048828125,2506.5,False,False,False,True
2453,32323,internal,0.07267522811889648,0.0,-0.0006773629834964034,-0.0006773629834964034,2205.89990234375,2460.800048828125,False,False,False,True
2454,32334,internal,0.0857129693031311,0.0,-0.0006946125977090004,-0.0006946125977090004,2291.699951171875,2456.0,False,False,False,True
2455,32341,internal,0.08506036549806595,0.0,-0.0007020921103914927,-0.0007020921103914927,2246.199951171875,2436.699951171875,False,False,False,True
2456,32362,internal,0.08125613629817963,0.0,-0.0006264388333118828,-0.0006264388333118828,2312.0,2545.800048828125,False,False,False,True
2457,32375,internal,0.0788755789399147,0.0,-0.0006343804024671023,-0.0006343804024671023,2306.89990234375,2530.5,False,False,False,True
2458,32398,internal,0.08486342430114746,0.0,-0.0006236306543939388,-0.0006236306543939388,2343.0,2554.0,False,False,False,True
2459,32408,internal,0.08682551234960556,0.0,-0.0006279062120138825,-0.0006279062120138825,2351.5,2536.5,False,False,False,True
2460,32419,internal,0.08289880305528641,0.0,-0.0006840343208680967,-0.0006840343208680967,2295.699951171875,2469.60009765625,False,False,False,True
2461,32430,internal,0.08494438976049423,0.0,-0.0006839106011182383,-0.0006839106011182383,2324.60009765625,2464.0,False,False,False,True
2462,32446,internal,0.0904994010925293,0.0,-0.0007056640483300641,-0.0007056640483300641,2306.60009765625,2433.0,False,False,False,True
2463,32448,internal,0.09141789376735687,0.0,-0.0007065385039689857,-0.0007065385039689857,2320.5,2431.25,False,False,False,True
2464,32455,internal,0.09114518016576767,0.0,-0.0006754629297770344,-0.0006754629297770344,2360.89990234375,2467.39990234375,False,False,False,True
2465,32477,internal,0.09251261502504349,0.0,-0.0006792256618869748,-0.0006792256618869748,2368.75,2458.0,False,False,False,True
2466,32527,internal,0.10444387793540955,0.0,-0.0005860850719739447,-0.0005860850719739447,2400.699951171875,2631.60009765625,False,False,False,True
2467,32541,internal,0.09154637902975082,0.0,-0.0006055994934688221,-0.0006055994934688221,2383.699951171875,2599.800048828125,False,False,False,True
2468,32559,internal,0.10294940322637558,0.0,-0.000604671039479513,-0.000604671039479513,2412.60009765625,2574.89990234375,False,False,False,True
2469,32586,internal,0.10714846849441528,0.0,-0.0005826013842805654,-0.0005826013842805654,2447.199951171875,2679.0,False,False,False,True
2470,32613,internal,0.11603441089391708,0.0,-0.0005819553099000471,-0.0005819553099000471,2495.25,2672.25,False,False,False,True
2471,32644,internal,0.11116908490657806,0.0,-0.0005975345222010995,-0.0005975345222010995,2484.25,2601.25,False,False,False,True
2472,32658,internal,0.1076861023902893,0.0,-0.0006029921142989365,-0.0006029921142989365,2457.5,2575.0,False,False,False,True
2473,32671,internal,0.13441972434520721,0.0,-0.0005928952168698693,-0.0005928952168698693,2540.39990234375,2586.800048828125,False,False,False,True
2474,32678,internal,0.12351614981889725,0.0,-0.0006017068476805965,-0.0006017068476805965,2520.699951171875,2562.60009765625,False,False,False,True
2475,32689,internal,0.1258007138967514,0.0,-0.0005976112316223852,-0.0005976112316223852,2524.699951171875,2575.199951171875,False,False,False,True
2476,32697,internal,0.08883145451545715,0.0,-0.000630260857728131,-0.000630260857728131,2375.5,2520.25,False,False,False,True
2477,32700,internal,0.09178262948989868,0.0,-0.0006305525546993417,-0.0006305525546993417,2392.0,2522.75,False,False,False,True
2478,32735,internal,0.10636693239212036,0.0,-0.0006300398350684569,-0.0006300398350684569,2461.0,2522.199951171875,False,False,False,True
2479,32743,internal,0.10828178375959396,0.0,-0.0006540805888752244,-0.0006540805888752244,2418.300048828125,2478.300048828125,False,False,False,True
2480,32754,internal,0.09814877808094025,0.0,-0.0006327457876975791,-0.0006327457876975791,2421.699951171875,2515.800048828125,False,False,False,True
2481,32772,internal,0.09560804069042206,0.0,-0.0006836727436787375,-0.0006836727436787375,2383.800048828125,2450.60009765625,False,False,False,True
2482,32777,internal,0.10305909812450409,0.0,-0.0006922746279559009,-0.0006922746279559009,2388.0,2427.85009765625,False,False,False,True
2483,32778,internal,0.09502093493938446,0.0,-0.0006828317987807916,-0.0006828317987807916,2392.75,2458.0,False,False,False,True
2484,32799,internal,0.1150263324379921,0.0,-0.000662307184617195,-0.000662307184617195,2434.800048828125,2463.89990234375,False,False,False,True
2485,32811,internal,0.11554929614067078,0.0,-0.0006830708738301541,-0.0006830708738301541,2420.25,2428.5,False,False,False,True
2486,32813,internal,0.11991100013256073,0.0,-0.0006727442187141441,-0.0006727442187141441,2437.0,2445.25,False,False,False,True
2487,32820,internal,0.11855297535657883,0.0,-0.000680641636276988,-0.000680641636276988,2432.699951171875,2429.0,False,False,False,True
2488,32838,internal,0.10993395745754242,0.0,-0.0006365760177455039,-0.0006365760177455039,2469.5,2503.75,False,False,False,True
2489,32852,internal,0.10773070901632309,0.0,-0.0006203655012009511,-0.0006203655012009511,2465.5,2537.75,False,False,False,True
2490,32863,internal,0.1330845206975937,0.0,-0.0006136508592698294,-0.0006136508592698294,2542.800048828125,2533.5,False,False,False,True
2491,32872,internal,0.12334011495113373,0.0,-0.0006409631190166891,-0.0006409631190166891,2525.60009765625,2497.0,False,False,False,True
2492,32928,internal,0.14044374227523804,0.0,-0.0006766889570286258,-0.0006766889570286258,2531.5,2426.0,False,False,False,True
2493,32947,internal,0.09565865248441696,0.0,-0.0007249593000498394,-0.0007249593000498394,2246.199951171875,2400.199951171875,False,False,False,True
2494,32961,internal,0.10350947827100754,0.0,-0.0007433212802804181,-0.0007433212802804181,2228.10009765625,2360.5,False,False,False,True
2495,32976,internal,0.09572397917509079,0.0,-0.0007236959504090096,-0.0007236959504090096,2270.10009765625,2401.39990234375,False,False,False,True
2496,33012,internal,0.12496572732925415,0.0,-0.0007811916998356843,-0.0007811916998356843,2207.800048828125,2312.800048828125,False,False,False,True
2497,33029,internal,0.12634877860546112,0.0,-0.0007738542769300939,-0.0007738542769300939,2290.75,2334.25,False,False,False,True
2498,33031,internal,0.12625011801719666,0.0,-0.000775880856195959,-0.000775880856195959,2275.5,2327.75,False,False,False,True
2499,33040,internal,0.13510869443416595,0.0,-0.0007927271768465446,-0.0007927271768465446,2246.699951171875,2308.300048828125,False,False,False,True
2500,33071,internal,0.11036667972803116,0.0,-0.0007438199709281141,-0.0007438199709281141,2304.5,2380.199951171875,False,False,False,True
2501,33088,internal,0.10402306169271469,0.0,-0.0007209769746483233,-0.0007209769746483233,2334.14990234375,2405.35009765625,False,False,False,True
2502,33097,internal,0.10911455005407333,0.0,-0.0007224304831858117,-0.0007224304831858117,2364.5,2388.25,False,False,False,True
2503,33110,internal,0.0946073979139328,0.0,-0.0007097331416691145,-0.0007097331416691145,2331.0,2422.5,False,False,False,True
2504,33114,internal,0.12630218267440796,0.0,-0.0007713433536370769,-0.0007713433536370769,2301.800048828125,2343.699951171875,False,False,False,True
2505,33135,internal,0.15707841515541077,0.0,-0.0008101601736922222,-0.0008101601736922222,2329.75,2306.0,False,False,False,True
2506,33153,internal,0.13150957226753235,0.0,-0.000751030497710294,-0.000751030497710294,2374.800048828125,2347.300048828125,False,False,False,True
2507,33156,internal,0.14122621715068817,0.0,-0.0007832391902274347,-0.0007832391902274347,2336.800048828125,2322.5,False,False,False,True
2508,33192,internal,0.18040895462036133,0.0,-0.0008566048960143068,-0.0008566048960143068,2224.75,2245.75,False,False,False,True
2509,33214,internal,0.18277111649513245,0.0,-0.0008584908678109277,-0.0008584908678109277,2256.89990234375,2243.39990234375,False,False,False,True
2510,33245,internal,0.268013060092926,0.0,-0.0009879782767653503,-0.0009879782767653503,2215.75,2153.5,False,False,False,True
2511,33258,internal,0.25562551617622375,0.0,-0.0009565819417841855,-0.0009565819417841855,2279.75,2168.75,False,False,False,True
2512,33279,internal,0.17307716608047485,0.0,-0.0008400461959888732,-0.0008400461959888732,2280.699951171875,2270.199951171875,False,False,False,True
2513,33302,internal,0.17190098762512207,0.0,-0.000832819416762018,-0.000832819416762018,2323.25,2279.800048828125,False,False,False,True
2514,33315,internal,0.17993108928203583,0.0,-0.0008364726169239666,-0.0008364726169239666,2359.10009765625,2260.39990234375,False,False,False,True
2515,33326,internal,0.19038176536560059,0.0,-0.0008434451803875271,-0.0008434451803875271,2371.0,2246.5,False,False,False,True
2516,33338,internal,0.22086991369724274,0.0,-0.0009067098065201548,-0.0009067098065201548,2310.300048828125,2198.800048828125,False,False,False,True
2517,33364,internal,0.22292889654636383,0.0,-0.0009111472003725833,-0.0009111472003725833,2285.39990234375,2194.60009765625,False,False,False,True
2518,33373,internal,0.20943967998027802,0.0,-0.0008758025271869111,-0.0008758025271869111,2367.0,2192.89990234375,False,False,False,True
2519,33377,internal,0.21842952072620392,0.0,-0.0008893156673109325,-0.0008893156673109325,2376.5,2181.0,False,False,False,True
2520,33394,internal,0.262996107339859,0.0,-0.000955441517799826,-0.000955441517799826,2363.699951171875,2144.699951171875,False,False,False,True
2521,33397,internal,0.11340703815221786,0.0,-0.0007275009282871944,-0.0007275009282871944,2378.5,2379.699951171875,False,False,False,True
2522,33431,internal,0.11035702377557755,0.0,-0.000688176523738407,-0.000688176523738407,2411.5,2423.699951171875,False,False,False,True
2523,33439,internal,0.13677096366882324,0.0,-0.0006969622141651246,-0.0006969622141651246,2448.25,2400.75,False,False,False,True
2524,33454,internal,0.14541208744049072,0.0,-0.0007146355566095856,-0.0007146355566095856,2449.75,2363.75,False,False,False,True
2525,33492,internal,0.14705979824066162,0.0,-0.0007196541738825081,-0.0007196541738825081,2442.5,2353.39990234375,False,False,False,True
2526,33503,internal,0.16467218101024628,0.0,-0.0007675204292483223,-0.0007675204292483223,2410.25,2294.75,False,False,False,True
2527,33515,internal,0.1775321066379547,0.0,-0.0007828865598235809,-0.0007828865598235809,2417.199951171875,2278.800048828125,False,False,False,True
2528,33516,internal,0.1480581909418106,0.0,-0.0007376460536546959,-0.0007376460536546959,2408.89990234375,2327.800048828125,False,False,False,True
2529,33529,internal,0.1419842541217804,0.0,-0.0006895786809034681,-0.0006895786809034681,2502.5,2389.60009765625,False,False,False,True
2530,33530,internal,0.1413939893245697,0.0,-0.0007001608752717529,-0.0007001608752717529,2464.699951171875,2384.199951171875,False,False,False,True
2531,33561,internal,0.1398564726114273,0.0,-0.0006821188087974403,-0.0006821188087974403,2512.10009765625,2420.5,False,False,False,True
2532,33565,internal,0.1454884111881256,0.0,-0.0006930017528015595,-0.0006930017528015595,2511.5,2370.75,False,False,False,True
2533,33577,internal,0.15900470316410065,0.0,-0.0006956186610921017,-0.0006956186610921017,2550.199951171875,2349.800048828125,False,False,False,True
2534,33585,internal,0.14917437732219696,0.0,-0.0007209898389612098,-0.0007209898389612098,2468.0,2340.75,False,False,False,True
2535,33590,internal,0.1609068661928177,0.0,-0.0007362725367911639,-0.0007362725367911639,2468.0,2317.5,False,False,False,True
2536,33609,internal,0.18439756333827972,0.0,-0.0007662722732609839,-0.0007662722732609839,2468.0,2274.89990234375,False,False,False,True
2537,33635,internal,0.1801571100950241,0.0,-0.0007481662557991535,-0.0007481662557991535,2514.5,2298.199951171875,False,False,False,True
2538,33646,internal,0.18669353425502777,0.0,-0.0007608118224269498,-0.0007608118224269498,2504.39990234375,2279.5,False,False,False,True
2539,33651,internal,0.1945832520723343,0.0,-0.000847657792871578,-0.000847657792871578,2381.39990234375,2224.89990234375,False,False,False,True
2540,33673,internal,0.19457657635211945,0.0,-0.0008369782955934774,-0.0008369782955934774,2402.5,2219.75,False,False,False,True
2541,33685,internal,0.1869843304157257,0.0,-0.000783894634909932,-0.000783894634909932,2438.800048828125,2259.89990234375,False,False,False,True
2542,33700,internal,0.194220170378685,0.0,-0.0008001581439532474,-0.0008001581439532474,2434.699951171875,2236.10009765625,False,False,False,True
2543,33731,internal,0.22794637084007263,0.0,-0.000900189558650428,-0.000900189558650428,2398.5,2171.25,False,False,False,True
2544,33737,internal,0.22661709785461426,0.0,-0.0008501904213838684,-0.0008501904213838684,2413.5,2184.0,False,False,False,True
2545,33745,internal,0.238350510597229,0.0,-0.000840142175409709,-0.000840142175409709,2453.699951171875,2166.39990234375,False,False,False,True
2546,33784,internal,0.20727361738681793,0.0,-0.0008071441011252864,-0.0008071441011252864,2458.75,2218.75,False,False,False,True
2547,33794,internal,0.19403259456157684,0.0,-0.000761479231449827,-0.000761479231449827,2517.5,2265.0,False,False,False,True
2548,33825,internal,0.23037101328372955,0.0,-0.0008210740873384754,-0.0008210740873384754,2468.199951171875,2189.60009765625,False,False,False,True
2549,33842,internal,0.2436649352312088,0.0,-0.0008503124470678322,-0.0008503124470678322,2460.25,2151.0,False,False,False,True
2550,33872,internal,0.22844964265823364,0.0,-0.0008013888828256079,-0.0008013888828256079,2515.25,2188.0,False,False,False,True
2551,33878,internal,0.20849615335464478,0.0,-0.00076104639761378,-0.00076104639761378,2558.10009765625,2253.60009765625,False,False,False,True
2552,33879,internal,0.07177905738353729,0.0,-0.000592775414647392,-0.000592775414647392,2201.800048828125,2664.39990234375,False,False,False,True
2553,33890,internal,0.14882318675518036,0.0,-0.0008418016717720578,-0.0008418016717720578,1884.0999755859375,2118.699951171875,False,False,False,True
2554,33897,internal,0.15651220083236694,0.0,-0.0008532167112857304,-0.0008532167112857304,1863.4000244140625,2074.199951171875,False,False,False,True
2555,33921,internal,0.16996905207633972,0.0,-0.0008768749238376942,-0.0008768749238376942,1922.9000244140625,2098.0,False,False,False,True
2556,33924,internal,0.16411182284355164,0.0,-0.0008675387149348205,-0.0008675387149348205,1896.5999755859375,2076.89990234375,False,False,False,True
2557,33929,internal,0.16579760611057281,0.0,-0.0008702649434151177,-0.0008702649434151177,1908.75,2094.75,False,False,False,True
2558,33933,internal,0.2052956074476242,0.0,-0.0009329045121722309,-0.0009329045121722309,1933.199951171875,2060.39990234375,False,False,False,True
2559,33960,internal,0.21526560187339783,0.0,-0.0009411532366499485,-0.0009411532366499485,1881.5999755859375,2023.800048828125,False,False,False,True
2560,33982,internal,0.19280119240283966,0.0,-0.0009149343905588757,-0.0009149343905588757,1910.0,2061.25,False,False,False,True
2561,33984,internal,0.21933229267597198,0.0,-0.0009514897914635295,-0.0009514897914635295,1906.5,2036.75,False,False,False,True
2562,33998,internal,0.23045377433300018,0.0,-0.0009691694866550949,-0.0009691694866550949,1932.5999755859375,2039.0,False,False,False,True
2563,34005,internal,0.16506338119506836,0.0,-0.0008670967225550314,-0.0008670967225550314,1951.0,2136.25,False,False,False,True
2564,34015,internal,0.17121735215187073,0.0,-0.0008768094376029596,-0.0008768094376029596,1968.5,2131.60009765625,False,False,False,True
2565,34023,internal,0.18993332982063293,0.0,-0.0009079965554461525,-0.0009079965554461525,1943.0999755859375,2076.800048828125,False,False,False,True
2566,34037,internal,0.18535029888153076,0.0,-0.0008981631382032405,-0.0008981631382032405,1979.0,2113.25,False,False,False,True
2567,34043,internal,0.213057279586792,0.0,-0.0009345298625188935,-0.0009345298625188935,2018.25,2112.75,False,False,False,True
2568,34052,internal,0.19483503699302673,0.0,-0.0009149274025370608,-0.0009149274025370608,1971.0,2081.699951171875,False,False,False,True
2569,34056,internal,0.22879941761493683,0.0,-0.0009587944977215322,-0.0009587944977215322,2024.800048828125,2079.199951171875,False,False,False,True
2570,34073,internal,0.22826425731182098,0.0,-0.0009656018897603782,-0.0009656018897603782,1980.5999755859375,2042.300048828125,False,False,False,True
2571,34079,internal,0.24290230870246887,0.0,-0.000986688245586682,-0.000986688245586682,1947.699951171875,2028.800048828125,False,False,False,True
2572,34103,internal,0.23040136694908142,0.0,-0.0009641023238063829,-0.0009641023238063829,2008.9000244140625,2055.5,False,False,False,True
2573,34124,internal,0.274053156375885,0.0,-0.0010268098669575132,-0.0010268098669575132,2017.0,2017.0,False,False,False,True
2574,34126,internal,0.21473099291324615,0.0,-0.000943996938012118,-0.000943996938012118,1989.800048828125,2058.39990234375,False,False,False,True
2575,34137,internal,0.2599891424179077,0.0,-0.0010032459397604906,-0.0010032459397604906,1880.25,1983.5,False,False,False,True
2576,34142,internal,0.27006253600120544,0.0,-0.0010184087824284082,-0.0010184087824284082,1885.5,1976.75,False,False,False,True
2577,34183,internal,0.3076319992542267,0.0,-0.0010740980223368263,-0.0010740980223368263,1930.0,1964.0,False,False,False,True
2578,34189,internal,0.3332391381263733,0.0,-0.001108971215808233,-0.001108971215808233,1932.5,1937.5999755859375,False,False,False,True
2579,34201,internal,0.32887205481529236,0.0,-0.0010979392469449563,-0.0010979392469449563,1873.5,1927.0999755859375,False,False,False,True
2580,34212,internal,0.37099164724349976,0.0,-0.0011366414528544261,-0.0011366414528544261,1870.300048828125,1858.699951171875,False,False,False,True
2581,34231,internal,0.3523313105106354,0.0,-0.0011321949533978147,-0.0011321949533978147,1917.4000244140625,1922.5999755859375,False,False,False,True
2582,34236,internal,0.4102177619934082,0.0,-0.0012067391467121135,-0.0012067391467121135,1918.5,1891.800048828125,False,False,False,True
2583,34246,internal,0.43460598587989807,0.0,-0.001240050305549665,-0.001240050305549665,1932.199951171875,1881.199951171875,False,False,False,True
2584,34255,internal,0.4943244755268097,0.0,-0.0013166756588153675,-0.0013166756588153675,1921.75,1851.25,False,False,False,True
2585,34270,internal,0.2962748408317566,0.0,-0.0010594718809201127,-0.0010594718809201127,1945.0999755859375,1986.5999755859375,False,False,False,True
2586,34288,internal,0.29912784695625305,0.0,-0.0010629185638616088,-0.0010629185638616088,2013.5999755859375,1992.5999755859375,False,False,False,True
2587,34290,internal,0.31039607524871826,0.0,-0.0010791594677131444,-0.0010791594677131444,1995.9000244140625,1977.300048828125,False,False,False,True
2588,34309,internal,0.3664582669734955,0.0,-0.001155560463126943,-0.001155560463126943,1971.800048828125,1925.199951171875,False,False,False,True
2589,34324,internal,0.38070887327194214,0.0,-0.001174884249269129,-0.001174884249269129,1976.75,1913.75,False,False,False,True
2590,34332,internal,0.4342634975910187,0.0,-0.001242037550723042,-0.001242037550723042,1949.25,1882.0,False,False,False,True
2591,34341,internal,0.48396557569503784,0.0,-0.0013098773723807045,-0.0013098773723807045,1959.9000244140625,1858.4000244140625,False,False,False,True
2592,34356,internal,0.4266422986984253,0.0,-0.0012363075845931034,-0.0012363075845931034,1999.5,1888.25,False,False,False,True
2593,34366,internal,0.4657042324542999,0.0,-0.0012877202610299529,-0.0012877202610299529,2009.25,1857.5,False,False,False,True
2594,34382,internal,0.21378757059574127,0.0,-0.0009335299401246598,-0.0009335299401246598,2064.25,2132.0,False,False,False,True
2595,34386,internal,0.21691806614398956,0.0,-0.0009387659801672306,-0.0009387659801672306,2059.0,2114.0,False,False,False,True
2596,34401,internal,0.21115395426750183,0.0,-0.0009295187097238186,-0.0009295187097238186,2071.75,2145.75,False,False,False,True
2597,34411,internal,0.2503200173377991,0.0,-0.0009790512906551188,-0.0009790512906551188,2125.25,2094.0,False,False,False,True
2598,34421,internal,0.22945450246334076,0.0,-0.0009529118539028511,-0.0009529118539028511,2112.5,2113.0,False,False,False,True
2599,34442,internal,0.2343430072069168,0.0,-0.0009652099252640363,-0.0009652099252640363,2057.0,2075.0,False,False,False,True
2600,34447,internal,0.24387578666210175,0.0,-0.0009791009479616516,-0.0009791009479616516,2060.39990234375,2049.10009765625,False,False,False,True
2601,34463,internal,0.2447894811630249,0.0,-0.0009821056914629178,-0.0009821056914629178,2026.699951171875,2035.699951171875,False,False,False,True
2602,34464,internal,0.24832551181316376,0.0,-0.0009850000030436857,-0.0009850000030436857,2076.75,2040.5,False,False,False,True
2603,34490,internal,0.2632543742656708,0.0,-0.001003964964853591,-0.001003964964853591,2110.300048828125,2032.4000244140625,False,False,False,True
2604,34499,internal,0.24473091959953308,0.0,-0.0009712823044629023,-0.0009712823044629023,2121.25,2102.75,False,False,False,True
2605,34531,internal,0.293612539768219,0.0,-0.0010181711896867034,-0.0010181711896867034,2196.25,2109.75,False,False,False,True
2606,34551,internal,0.3047017455101013,0.0,-0.0010299930167732949,-0.0010299930167732949,2201.5,2099.5,False,False,False,True
2607,34570,internal,0.2810472249984741,0.0,-0.0010187860297272916,-0.0010187860297272916,2143.60009765625,2064.5,False,False,False,True
2608,34573,internal,0.3031446635723114,0.0,-0.0010538896161603516,-0.0010538896161603516,2123.300048828125,2011.4000244140625,False,False,False,True
2609,34584,internal,0.31060412526130676,0.0,-0.0010617453173505432,-0.0010617453173505432,2147.5,2008.5999755859375,False,False,False,True
2610,34585,internal,0.28967106342315674,0.0,-0.0010288219937237158,-0.0010288219937237158,2160.699951171875,2056.199951171875,False,False,False,True
2611,34593,internal,0.2969492971897125,0.0,-0.0010379794786747189,-0.0010379794786747189,2162.0,2043.5,False,False,False,True
2612,34640,internal,0.3485386371612549,0.0,-0.001122821792682617,-0.001122821792682617,2050.949951171875,1962.9000244140625,False,False,False,True
2613,34647,internal,0.3397330939769745,0.0,-0.0011062850625742529,-0.0011062850625742529,2072.89990234375,1979.5999755859375,False,False,False,True
2614,34666,internal,0.35906660556793213,0.0,-0.0011288480085858577,-0.0011288480085858577,2100.89990234375,1963.5999755859375,False,False,False,True
2615,34679,internal,0.38538894057273865,0.0,-0.0011736529810011764,-0.0011736529810011764,2045.5,1929.0999755859375,False,False,False,True
2616,34707,internal,0.4072865843772888,0.0,-0.0011860712251617533,-0.0011860712251617533,2114.39990234375,1927.199951171875,False,False,False,True
2617,34724,internal,0.43650558590888977,0.0,-0.0012352814041775048,-0.0012352814041775048,2089.60009765625,1900.300048828125,False,False,False,True
2618,34732,internal,0.47599026560783386,0.0,-0.0012907401452451513,-0.0012907401452451513,2075.5,1857.0,False,False,False,True
2619,34758,internal,0.33507218956947327,0.0,-0.0010910463045784376,-0.0010910463045784376,2157.0,1991.75,False,False,False,True
2620,34775,internal,0.3782678246498108,0.0,-0.0011423774540941138,-0.0011423774540941138,2164.39990234375,1957.699951171875,False,False,False,True
2621,34807,internal,0.41253477334976196,0.0,-0.0011906789785156983,-0.0011906789785156983,2140.0,1922.9000244140625,False,False,False,True
2622,34833,internal,0.45814311504364014,0.0,-0.001239176802822809,-0.001239176802822809,2184.5,1887.699951171875,False,False,False,True
2623,34837,internal,0.4852737784385681,0.0,-0.0012737435821255465,-0.0012737435821255465,2190.25,1865.75,False,False,False,True
2624,34855,internal,0.3814476430416107,0.0,-0.001151212219492213,-0.001151212219492213,1873.25,1848.75,False,False,False,True
2625,34873,internal,0.51350998878479,0.0,-0.0013121499617781878,-0.0013121499617781878,1873.75,1782.5,False,False,False,True
2626,34919,internal,0.601306676864624,0.0,-0.00143675284936315,-0.00143675284936315,1880.300048828125,1764.0999755859375,False,False,False,True
2627,34935,internal,0.6399359703063965,0.0,-0.0014915802332477368,-0.0014915802332477368,1900.9000244140625,1750.300048828125,False,False,False,True
2628,34975,internal,0.5151288509368896,0.0,-0.0013435975422526614,-0.0013435975422526614,1927.75,1845.25,False,False,False,True
2629,34985,internal,0.6272164583206177,0.0,-0.0014844403807770935,-0.0014844403807770935,1939.199951171875,1780.199951171875,False,False,False,True
2630,34989,internal,0.5923741459846497,0.0,-0.0014401438398883642,-0.0014401438398883642,1930.5,1804.0,False,False,False,True
2631,35005,internal,0.4942123591899872,0.0,-0.0013246988607708786,-0.0013246988607708786,2004.0999755859375,1838.5,False,False,False,True
2632,35043,internal,0.7621922492980957,0.0,-0.0016531210629921566,-0.0016531210629921566,1941.75,1707.0,False,False,False,True
2633,35056,internal,0.748243510723114,0.0,-0.0016368668183717018,-0.0016368668183717018,1977.25,1736.75,False,False,False,True
2634,35067,internal,0.7776705026626587,0.0,-0.0016727631217642734,-0.0016727631217642734,1964.5,1689.300048828125,False,False,False,True
2635,35070,internal,0.7628358006477356,0.0,-0.0016549020556428772,-0.0016549020556428772,1983.800048828125,1729.4000244140625,False,False,False,True
2636,35076,internal,0.7727155685424805,0.0,-0.0016663313888375347,-0.0016663313888375347,1948.75,1699.75,False,False,False,True
2637,35107,internal,0.682898223400116,0.0,-0.0015032380535799162,-0.0015032380535799162,1867.699951171875,1613.800048828125,False,False,False,True
2638,35112,internal,0.7112337946891785,0.0,-0.001561855168749637,-0.001561855168749637,1894.6500244140625,1663.699951171875,False,False,False,True
2639,35120,internal,0.7495819926261902,0.0,-0.0016182639631467477,-0.0016182639631467477,1899.25,1649.0,False,False,False,True
2640,35131,internal,0.7795623540878296,0.0,-0.001655880908092548,-0.001655880908092548,1905.25,1597.0,False,False,False,True
2641,35139,internal,0.7289403080940247,0.0,-0.0015702074430051565,-0.0015702074430051565,1868.0,1579.5999755859375,False,False,False,True
2642,35168,internal,0.6970735192298889,0.0,-0.0015260429333770805,-0.0015260429333770805,1871.0,1602.5,False,False,False,True
2643,35182,internal,0.9848983883857727,0.0,-0.0019124066361135257,-0.0019124066361135257,1885.3499755859375,1539.9000244140625,False,False,False,True
2644,35187,internal,0.8714299201965332,0.0,-0.0017812158439021748,-0.0017812158439021748,1898.4000244140625,1572.4000244140625,False,False,False,True
2645,35215,internal,0.7797078490257263,0.0,-0.0016626100554628914,-0.0016626100554628914,1921.0999755859375,1638.4000244140625,False,False,False,True
2646,35225,internal,0.7836043238639832,0.0,-0.001679988418683471,-0.001679988418683471,1972.25,1675.0,False,False,False,True
2647,35229,internal,0.7890839576721191,0.0,-0.001686721377702077,-0.001686721377702077,1979.0,1664.25,False,False,False,True
2648,35231,internal,0.8030063509941101,0.0,-0.0017036915769211985,-0.0017036915769211985,1985.75,1649.25,False,False,False,True
2649,35245,internal,0.863532304763794,0.0,-0.001777343209267328,-0.001777343209267328,1997.25,1623.0,False,False,False,True
2650,35249,internal,0.9005420207977295,0.0,-0.0018215826813112361,-0.0018215826813112361,1963.0,1597.75,False,False,False,True
2651,35262,internal,0.9072977304458618,0.0,-0.0018294507703582813,-0.0018294507703582813,1950.0,1590.25,False,False,False,True
2652,35266,internal,0.8152310252189636,0.0,-0.0017098387067776598,-0.0017098387067776598,1922.0,1614.0,False,False,False,True
2653,35272,internal,0.9249058365821838,0.0,-0.001850499115581077,-0.001850499115581077,1922.25,1538.25,False,False,False,True
2654,35278,internal,0.9274717569351196,0.0,-0.0018527509526713526,-0.0018527509526713526,1903.0,1541.4000244140625,False,False,False,True
2655,35283,internal,0.8999040722846985,0.0,-0.0018209880641822636,-0.0018209880641822636,1974.25,1594.0,False,False,False,True
2656,35287,internal,0.90497887134552,0.0,-0.0018270153388766884,-0.0018270153388766884,2023.5,1575.5,False,False,False,True
2657,35335,internal,0.5595046281814575,0.0,-0.0014063999530938842,-0.0014063999530938842,2033.0,1804.9000244140625,False,False,False,True
2658,35341,internal,0.5129913687705994,0.0,-0.0013485866721911076,-0.0013485866721911076,2014.5999755859375,1816.9000244140625,False,False,False,True
2659,35357,internal,0.5278152823448181,0.0,-0.0013590559994191708,-0.0013590559994191708,2082.75,1837.5,False,False,False,True
2660,35369,internal,0.577486515045166,0.0,-0.0014255130397904407,-0.0014255130397904407,2066.89990234375,1813.5999755859375,False,False,False,True
2661,35374,internal,0.6034454107284546,0.0,-0.0014566164072509738,-0.0014566164072509738,2087.25,1787.75,False,False,False,True
2662,35376,internal,0.5857048630714417,0.0,-0.0014343961919456518,-0.0014343961919456518,2088.300048828125,1803.5,False,False,False,True
2663,35392,internal,0.6245479583740234,0.0,-0.0014865137056737352,-0.0014865137056737352,2036.5,1777.800048828125,False,False,False,True
2664,35395,internal,0.7242348790168762,0.0,-0.0016091876874795626,-0.0016091876874795626,2013.300048828125,1741.5,False,False,False,True
2665,35421,internal,0.6344926953315735,0.0,-0.001497104476250611,-0.001497104476250611,2072.25,1764.75,False,False,False,True
2666,35423,internal,0.6435165405273438,0.0,-0.0015088402236139377,-0.0015088402236139377,2061.60009765625,1756.300048828125,False,False,False,True
2667,35428,internal,0.7006445527076721,0.0,-0.001579457678063884,-0.001579457678063884,2049.25,1725.75,False,False,False,True
2668,35444,internal,0.5556510090827942,0.0,-0.001393541251800735,-0.001393541251800735,2096.199951171875,1823.5999755859375,False,False,False,True
2669,35481,internal,0.5644647479057312,0.0,-0.0013794936338869961,-0.0013794936338869961,2189.5,1778.0,False,False,False,True
2670,35507,internal,0.6566641330718994,0.0,-0.0015216115746344012,-0.0015216115746344012,2107.0,1727.4000244140625,False,False,False,True
2671,35515,internal,0.6374155282974243,0.0,-0.0014979294863412367,-0.0014979294863412367,2111.0,1737.300048828125,False,False,False,True
2672,35528,internal,0.5983615517616272,0.0,-0.0014413320153551252,-0.0014413320153551252,2127.89990234375,1771.5,False,False,False,True
2673,35532,internal,0.6189303994178772,0.0,-0.0014511932788061782,-0.0014511932788061782,2186.800048828125,1741.5,False,False,False,True
2674,35564,internal,0.721673309803009,0.0,-0.0016048942892281674,-0.0016048942892281674,2046.75,1715.25,False,False,False,True
2675,35580,internal,0.8167864680290222,0.0,-0.0017178180747781505,-0.0017178180747781505,2048.39990234375,1683.800048828125,False,False,False,True
2676,35593,internal,0.7741544246673584,0.0,-0.0016603752649106793,-0.0016603752649106793,2094.0,1697.25,False,False,False,True
2677,35611,internal,0.7961300015449524,0.0,-0.001690801535409001,-0.001690801535409001,2082.5,1693.5,False,False,False,True
2678,35612,internal,0.8317286372184753,0.0,-0.001735179709098022,-0.001735179709098022,2046.75,1674.5,False,False,False,True
2679,35614,internal,0.821628987789154,0.0,-0.001726131067880741,-0.001726131067880741,1990.5999755859375,1636.0,False,False,False,True
2680,35622,internal,0.8370257616043091,0.0,-0.0017413123335152615,-0.0017413123335152615,2050.75,1663.0,False,False,False,True
2681,35630,internal,0.8983657360076904,0.0,-0.0018187296625866468,-0.0018187296625866468,2033.0,1589.25,False,False,False,True
2682,35639,internal,0.9081824421882629,0.0,-0.0018309972407617309,-0.0018309972407617309,2020.199951171875,1530.199951171875,False,False,False,True
2683,35647,internal,0.8260952234268188,0.0,-0.0017256754700342367,-0.0017256754700342367,2094.89990234375,1638.5,False,False,False,True
2684,35648,internal,0.8387374877929688,0.0,-0.001741765602021161,-0.001741765602021161,2107.699951171875,1573.699951171875,False,False,False,True
2685,35652,internal,0.839591383934021,0.0,-0.0017441893867997291,-0.0017441893867997291,2071.60009765625,1649.0,False,False,False,True
2686,35666,internal,0.7758861780166626,0.0,-0.0016608143456147122,-0.0016608143456147122,2115.800048828125,1683.0999755859375,False,False,False,True
2687,35676,internal,0.7124381065368652,0.0,-0.0015766390700527769,-0.0015766390700527769,2139.5,1694.5,False,False,False,True
2688,35685,internal,0.8267518281936646,0.0,-0.0017261769135390112,-0.0017261769135390112,2108.75,1611.75,False,False,False,True
2689,35697,internal,0.6717952489852905,0.0,-0.0015224215498902132,-0.0015224215498902132,2152.0,1704.5,False,False,False,True
2690,35709,internal,0.7569942474365234,0.0,-0.001615157575691811,-0.001615157575691811,2171.14990234375,1642.1500244140625,False,False,False,True
2691,35712,internal,0.7263675928115845,0.0,-0.0015649843202150313,-0.0015649843202150313,2181.5,1655.5,False,False,False,True
2692,35725,internal,0.8356857895851135,0.0,-0.0017376993144787483,-0.0017376993144787483,2134.25,1566.75,False,False,False,True
2693,35738,internal,0.8373239636421204,0.0,-0.0017418571874585828,-0.0017418571874585828,2124.800048828125,1544.4000244140625,False,False,False,True
2694,35774,internal,0.27993354201316833,0.0,-0.0010017575969930464,-0.0010017575969930464,2220.800048828125,2137.89990234375,False,False,False,True
2695,35777,internal,0.28611814975738525,0.0,-0.0010097342121364586,-0.0010097342121364586,2201.75,2120.25,False,False,False,True
2696,35802,internal,0.28524336218833923,0.0,-0.000997441752368549,-0.000997441752368549,2286.0,2117.5,False,False,False,True
2697,35804,internal,0.2749897837638855,0.0,-0.0009827293194703338,-0.0009827293194703338,2293.39990234375,2134.199951171875,False,False,False,True
2698,35824,internal,0.31954506039619446,0.0,-0.0010425262456564615,-0.0010425262456564615,2286.10009765625,2080.699951171875,False,False,False,True
2699,35842,internal,0.35419800877571106,0.0,-0.0010892655236859538,-0.0010892655236859538,2209.5,2017.5,False,False,False,True
2700,35852,internal,0.3576548099517822,0.0,-0.0010918715264273,-0.0010918715264273,2256.0,2003.75,False,False,False,True
2701,35853,internal,0.3240719735622406,0.0,-0.0010495790654917745,-0.0010495790654917745,2262.0,2066.800048828125,False,False,False,True
2702,35863,internal,0.3184658885002136,0.0,-0.0010391225496370385,-0.0010391225496370385,2304.0,2068.60009765625,False,False,False,True
2703,35873,internal,0.35231882333755493,0.0,-0.0010847674610986783,-0.0010847674610986783,2260.75,2025.5,False,False,False,True
2704,35874,internal,0.3501482307910919,0.0,-0.0010804334052658148,-0.0010804334052658148,2290.199951171875,2005.199951171875,False,False,False,True
2705,35888,internal,0.2786989212036133,0.0,-0.0010018043955633822,-0.0010018043955633822,2184.75,2136.0,False,False,False,True
2706,35895,internal,0.27158090472221375,0.0,-0.0009754783998044817,-0.0009754783998044817,2335.75,2135.0,False,False,False,True
2707,35919,internal,0.3177143335342407,0.0,-0.0010363815510197236,-0.0010363815510197236,2330.0,2068.699951171875,False,False,False,True
2708,35923,internal,0.29739442467689514,0.0,-0.0010001207058224775,-0.0010001207058224775,2358.25,2101.75,False,False,False,True
2709,35931,internal,0.2765328884124756,0.0,-0.0009597302573700114,-0.0009597302573700114,2384.89990234375,2118.0,False,False,False,True
2710,35948,internal,0.26914045214653015,0.0,-0.0009553922840097669,-0.0009553922840097669,2378.75,2132.75,False,False,False,True
2711,35961,internal,0.3285957872867584,0.0,-0.001046386598313573,-0.001046386598313573,2335.800048828125,2029.5,False,False,False,True
2712,35964,internal,0.3225991427898407,0.0,-0.0010392359461728522,-0.0010392359461728522,2342.39990234375,2043.199951171875,False,False,False,True
2713,35973,internal,0.3412127196788788,0.0,-0.0010585299802827659,-0.0010585299802827659,2328.39990234375,1999.4000244140625,False,False,False,True
2714,36010,internal,0.38423871994018555,0.0,-0.0011283322714000983,-0.0011283322714000983,2208.0,1933.5,False,False,False,True
2715,36016,internal,0.3787352740764618,0.0,-0.0011192161851843923,-0.0011192161851843923,2223.0,1939.75,False,False,False,True
2716,36042,internal,0.3771001398563385,0.0,-0.0011166001239267974,-0.0011166001239267974,2250.39990234375,1950.699951171875,False,False,False,True
2717,36051,internal,0.3925263583660126,0.0,-0.0011310025427663174,-0.0011310025427663174,2289.699951171875,1910.199951171875,False,False,False,True
2718,36058,internal,0.4938616156578064,0.0,-0.0012839375177666336,-0.0012839375177666336,2199.75,1851.0,False,False,False,True
2719,36074,internal,0.4992194175720215,0.0,-0.0012905301869533506,-0.0012905301869533506,2209.5,1833.5,False,False,False,True
2720,36106,internal,0.4393165707588196,0.0,-0.001199184883372026,-0.001199184883372026,2272.300048828125,1855.5,False,False,False,True
2721,36112,internal,0.4501422643661499,0.0,-0.0012084099192005726,-0.0012084099192005726,2286.0,1822.75,False,False,False,True
2722,36124,internal,0.34854793548583984,0.0,-0.0010467487048985242,-0.0010467487048985242,2344.75,1975.5,False,False,False,True
2723,36137,internal,0.3903036117553711,0.0,-0.0011255653323987737,-0.0011255653323987737,2313.75,1913.75,False,False,False,True
2724,36152,internal,0.34533771872520447,0.0,-0.0010349855348435301,-0.0010349855348435301,2371.800048828125,1972.0,False,False,False,True
2725,36166,internal,0.35498151183128357,0.0,-0.0010172321477855536,-0.0010172321477855536,2384.0,1915.25,False,False,False,True
2726,36207,internal,0.3691295385360718,0.0,-0.0010585952018197045,-0.0010585952018197045,2362.0,1908.75,False,False,False,True
2727,36241,internal,0.2742392122745514,0.0,-0.0009490219609717041,-0.0009490219609717041,2416.10009765625,2109.699951171875,False,False,False,True
2728,36272,internal,0.3024975657463074,0.0,-0.0009927878357189786,-0.0009927878357189786,2412.0,2064.25,False,False,False,True
2729,36301,internal,0.317387193441391,0.0,-0.0009706435357415542,-0.0009706435357415542,2392.699951171875,2011.0999755859375,False,False,False,True
2730,36312,internal,0.30239105224609375,0.0,-0.0009877381429248037,-0.0009877381429248037,2417.60009765625,2052.199951171875,False,False,False,True
2731,36338,internal,0.3191865086555481,0.0,-0.0009336338075398168,-0.0009336338075398168,2418.25,1984.75,False,False,False,True
2732,36364,internal,0.2662402391433716,0.0,-0.0008371963536378361,-0.0008371963536378361,2481.0,2095.699951171875,False,False,False,True
2733,36367,internal,0.2612226903438568,0.0,-0.0008398377200047303,-0.0008398377200047303,2479.0,2112.199951171875,False,False,False,True
2734,36369,internal,0.2662312388420105,0.0,-0.0008357697913359823,-0.0008357697913359823,2504.25,2104.0,False,False,False,True
2735,36376,internal,0.2600623667240143,0.0,-0.0008233061250336089,-0.0008233061250336089,2533.5,2120.25,False,False,False,True
2736,36385,internal,0.2539222240447998,0.0,-0.0008148577654781353,-0.0008148577654781353,2539.0,2133.0,False,False,False,True
2737,36402,internal,0.27476125955581665,0.0,-0.0008371167325407942,-0.0008371167325407942,2531.10009765625,2082.0,False,False,False,True
2738,36405,internal,0.2799398899078369,0.0,-0.0008410648060475057,-0.0008410648060475057,2531.25,2064.75,False,False,False,True
2739,36410,internal,0.2834227979183197,0.0,-0.0008649271006001987,-0.0008649271006001987,2470.5,2050.25,False,False,False,True
2740,36414,internal,0.2678557336330414,0.0,-0.0008400463548075509,-0.0008400463548075509,2470.75,2071.75,False,False,False,True
2741,36426,internal,0.2989529073238373,0.0,-0.0008800013224460098,-0.0008800013224460098,2486.699951171875,2007.699951171875,False,False,False,True
2742,36429,internal,0.30202656984329224,0.0,-0.0008860233561240735,-0.0008860233561240735,2469.75,1990.0,False,False,False,True
2743,36437,internal,0.2828226685523987,0.0,-0.0008436976491453681,-0.0008436976491453681,2535.0,2034.5,False,False,False,True
2744,36452,internal,0.2921639382839203,0.0,-0.0008614508244451078,-0.0008614508244451078,2527.25,1996.5,False,False,False,True
2745,36453,internal,0.2945219576358795,0.0,-0.0008695652942006856,-0.0008695652942006856,2503.0,2001.0,False,False,False,True
2746,36472,internal,0.3252376616001129,0.0,-0.0009476659671022684,-0.0009476659671022684,2410.60009765625,1975.199951171875,False,False,False,True
2747,36476,internal,0.33436211943626404,0.0,-0.000955646076256588,-0.000955646076256588,2413.0,1937.0,False,False,False,True
2748,36479,internal,0.33021312952041626,0.0,-0.0009510064532880025,-0.0009510064532880025,2417.5,1953.75,False,False,False,True
2749,36510,internal,0.3067781329154968,0.0,-0.0008990489229078317,-0.0008990489229078317,2454.25,1987.5,False,False,False,True
2750,36511,internal,0.3361975848674774,0.0,-0.0009411685891221174,-0.0009411685891221174,2439.0,1918.5,False,False,False,True
2751,36528,internal,0.3688769042491913,0.0,-0.0009960730530049044,-0.0009960730530049044,2388.5,1884.0,False,False,False,True
2752,36533,internal,0.3709796369075775,0.0,-0.0009828258812263208,-0.0009828258812263208,2402.39990234375,1878.4000244140625,False,False,False,True
2753,36572,internal,0.387729287147522,0.0,-0.0009410431223668054,-0.0009410431223668054,2449.0,1841.5,False,False,False,True
2754,36580,internal,0.39782795310020447,0.0,-0.0009781625413352122,-0.0009781625413352122,2417.300048828125,1835.0,False,False,False,True
2755,36588,internal,0.38607504963874817,0.0,-0.0009310922851815803,-0.0009310922851815803,2463.5,1839.0,False,False,False,True
2756,36607,internal,0.3344443142414093,0.0,-0.0008804365915017801,-0.0008804365915017801,2477.5,1907.75,False,False,False,True
2757,36613,internal,0.33184492588043213,0.0,-0.0008732974272454065,-0.0008732974272454065,2509.75,1931.5,False,False,False,True
2758,36618,internal,0.3337365388870239,0.0,-0.000875498495298406,-0.000875498495298406,2493.800048828125,1909.5999755859375,False,False,False,True
2759,36631,internal,0.32636788487434387,0.0,-0.0008461551034835897,-0.0008461551034835897,2543.75,1957.0,False,False,False,True
2760,36644,internal,0.3393596112728119,0.0,-0.0008586649330815884,-0.0008586649330815884,2544.800048828125,1889.199951171875,False,False,False,True
2761,36647,internal,0.32536786794662476,0.0,-0.0008366348237333658,-0.0008366348237333658,2552.10009765625,1959.9000244140625,False,False,False,True
2762,36670,internal,0.3806068003177643,0.0,-0.0009051493600730756,-0.0009051493600730756,2505.60009765625,1840.4000244140625,False,False,False,True
2763,36689,internal,0.3627834916114807,0.0,-0.0008704851719814038,-0.0008704851719814038,2538.60009765625,1868.199951171875,False,False,False,True
2764,36706,internal,0.3857351541519165,0.0,-0.0008778252948045135,-0.0008778252948045135,2518.0,1816.5,False,False,False,True
2765,36744,internal,0.48905694484710693,0.0,-0.0012556243827134745,-0.0012556243827134745,2274.89990234375,1788.300048828125,False,False,False,True
2766,36761,internal,0.5073166489601135,0.0,-0.001235429317305919,-0.001235429317305919,2291.5,1758.75,False,False,False,True
2767,36768,internal,0.6165825724601746,0.0,-0.0014467909309419423,-0.0014467909309419423,2211.0,1737.0,False,False,False,True
2768,36790,internal,0.6365628838539124,0.0,-0.0014143008646676355,-0.0014143008646676355,2220.0,1680.0,False,False,False,True
2769,36808,internal,0.6059538125991821,0.0,-0.0013594949742440853,-0.0013594949742440853,2263.5,1702.75,False,False,False,True
2770,36822,internal,0.6187394261360168,0.0,-0.001381448585929259,-0.001381448585929259,2250.39990234375,1684.699951171875,False,False,False,True
2771,36835,internal,0.49550819396972656,0.0,-0.0012365256955770214,-0.0012365256955770214,2291.0,1767.800048828125,False,False,False,True
2772,36847,internal,0.49386465549468994,0.0,-0.0011765235756594212,-0.0011765235756594212,2317.25,1759.25,False,False,False,True
2773,36856,internal,0.42264917492866516,0.0,-0.0010334434054839353,-0.0010334434054839353,2374.0,1799.0,False,False,False,True
2774,36867,internal,0.4750266969203949,0.0,-0.0011314043540206712,-0.0011314043540206712,2346.89990234375,1775.699951171875,False,False,False,True
2775,36877,internal,0.5016741752624512,0.0,-0.0011700249271298494,-0.0011700249271298494,2358.5,1753.75,False,False,False,True
2776,36885,internal,0.5246084332466125,0.0,-0.0012281361518718227,-0.0012281361518718227,2313.60009765625,1748.199951171875,False,False,False,True
2777,36893,internal,0.540138304233551,0.0,-0.0012443398921527975,-0.0012443398921527975,2311.0,1735.25,False,False,False,True
2778,36907,internal,0.550510048866272,0.0,-0.001256810334718749,-0.001256810334718749,2318.0,1696.800048828125,False,False,False,True
2779,36913,internal,0.5503475069999695,0.0,-0.0012605109157861846,-0.0012605109157861846,2312.0,1718.25,False,False,False,True
2780,36929,internal,0.5313293933868408,0.0,-0.001203198443113472,-0.001203198443113472,2355.75,1694.25,False,False,False,True
2781,36975,internal,0.581953227519989,0.0,-0.0012984125696813807,-0.0012984125696813807,2290.949951171875,1660.300048828125,False,False,False,True
2782,36978,internal,0.595758318901062,0.0,-0.0013292535686865018,-0.0013292535686865018,2274.199951171875,1660.199951171875,False,False,False,True
2783,36989,internal,0.650275707244873,0.0,-0.0014258514294528688,-0.0014258514294528688,2257.10009765625,1623.25,False,False,False,True
2784,37014,internal,0.7614845037460327,0.0,-0.0016256899009953261,-0.0016256899009953261,2222.199951171875,1594.199951171875,False,False,False,True
2785,37021,internal,0.7670171856880188,0.0,-0.0016360639370168232,-0.0016360639370168232,2209.5,1564.75,False,False,False,True
2786,37031,internal,0.7707992196083069,0.0,-0.0016413941035956577,-0.0016413941035956577,2208.89990234375,1584.800048828125,False,False,False,True
2787,37046,internal,0.6113376617431641,0.0,-0.0013483528910976654,-0.0013483528910976654,2285.800048828125,1610.199951171875,False,False,False,True
2788,37062,internal,0.6254484057426453,0.0,-0.0013760083050672815,-0.0013760083050672815,2283.0,1561.5,False,False,False,True
2789,37065,internal,0.6509109735488892,0.0,-0.0014236683079104392,-0.0014236683079104392,2278.0,1577.199951171875,False,False,False,True
2790,37084,internal,0.5709918737411499,0.0,-0.001265156785622756,-0.001265156785622756,2306.39990234375,1640.5,False,False,False,True
2791,37099,internal,0.5252425670623779,0.0,-0.0011500487138600408,-0.0011500487138600408,2375.60009765625,1647.5999755859375,False,False,False,True
2792,37121,internal,0.6008061766624451,0.0,-0.0013153447582969942,-0.0013153447582969942,2332.5,1575.75,False,False,False,True
2793,37131,internal,0.6229045987129211,0.0,-0.001374974607234276,-0.001374974607234276,2285.60009765625,1542.300048828125,False,False,False,True
2794,37151,internal,0.554867148399353,0.0,-0.0011936601109735598,-0.0011936601109735598,2361.699951171875,1570.5,False,False,False,True
2795,37163,internal,0.5408055186271667,0.0,-0.0011628361585065022,-0.0011628361585065022,2370.25,1537.0,False,False,False,True
2796,37172,internal,0.7675095796585083,0.0,-0.0016375019872030242,-0.0016375019872030242,2198.800048828125,1541.0999755859375,False,False,False,True
2797,37180,internal,0.41253459453582764,0.0,-0.0010110863943576316,-0.0010110863943576316,2398.300048828125,1805.9000244140625,False,False,False,True
2798,37184,internal,0.4147973656654358,0.0,-0.0010148205391056022,-0.0010148205391056022,2410.5,1787.0,False,False,False,True
2799,37192,internal,0.4709015190601349,0.0,-0.0010823326648917958,-0.0010823326648917958,2393.39990234375,1752.300048828125,False,False,False,True
2800,37213,internal,0.4008927643299103,0.0,-0.0009370241627903206,-0.0009370241627903206,2458.25,1806.5,False,False,False,True
2801,37234,internal,0.4490954875946045,0.0,-0.000998230657679798,-0.000998230657679798,2436.39990234375,1740.800048828125,False,False,False,True
2802,37243,internal,0.45667797327041626,0.0,-0.0010191635946635302,-0.0010191635946635302,2411.199951171875,1733.300048828125,False,False,False,True
2803,37255,internal,0.5001026391983032,0.0,-0.00110089232143644,-0.00110089232143644,2396.0,1697.5,False,False,False,True
2804,37261,internal,0.5048932433128357,0.0,-0.0011031960392947349,-0.0011031960392947349,2403.800048828125,1676.699951171875,False,False,False,True
2805,37271,internal,0.45132604241371155,0.0,-0.0009971488907270358,-0.0009971488907270358,2448.800048828125,1726.4000244140625,False,False,False,True
2806,37280,internal,0.4606030583381653,0.0,-0.001009808009881988,-0.001009808009881988,2445.0,1708.5,False,False,False,True
2807,37301,internal,0.42293715476989746,0.0,-0.0009472372625518393,-0.0009472372625518393,2463.0,1772.0,False,False,False,True
2808,37319,internal,0.4062642455101013,0.0,-0.0009074453487557268,-0.0009074453487557268,2481.75,1773.25,False,False,False,True
2809,37336,internal,0.3870832324028015,0.0,-0.0008714177023167716,-0.0008714177023167716,2522.75,1806.5,False,False,False,True
2810,37338,internal,0.3927040696144104,0.0,-0.0008748044576772495,-0.0008748044576772495,2527.39990234375,1787.0,False,False,False,True
2811,37353,internal,0.3946167826652527,0.0,-0.0008693788410731713,-0.0008693788410731713,2534.0,1776.5,False,False,False,True
2812,37364,internal,0.44437289237976074,0.0,-0.0009699572272960414,-0.0009699572272960414,2478.39990234375,1737.699951171875,False,False,False,True
2813,37400,internal,0.4258531928062439,0.0,-0.0008291212179747465,-0.0008291212179747465,2542.0,1730.75,False,False,False,True
2814,37414,internal,0.44671034812927246,0.0,-0.0008169971060051036,-0.0008169971060051036,2544.5,1697.0,False,False,False,True
2815,37430,internal,0.5232222676277161,0.0,-0.0011386522031920894,-0.0011386522031920894,2380.60009765625,1626.5999755859375,False,False,False,True
2816,37465,internal,0.48052066564559937,0.0,-0.0009879882294024805,-0.0009879882294024805,2443.5,1647.25,False,False,False,True
2817,37466,internal,0.4777916371822357,0.0,-0.0009750454600893164,-0.0009750454600893164,2457.5,1645.0,False,False,False,True
2818,37486,internal,0.4982299208641052,0.0,-0.0010828240498803217,-0.0010828240498803217,2423.699951171875,1677.5999755859375,False,False,False,True
2819,37492,internal,0.5157384872436523,0.0,-0.0010806691980625067,-0.0010806691980625067,2397.25,1584.25,False,False,False,True
2820,37497,internal,0.5139887928962708,0.0,-0.0011021085548695787,-0.0011021085548695787,2403.800048828125,1616.199951171875,False,False,False,True
2821,37508,internal,0.5335931777954102,0.0,-0.0011413068044487844,-0.0011413068044487844,2388.5,1542.25,False,False,False,True
2822,37529,internal,0.5019363760948181,0.0,-0.0010314744773980426,-0.0010314744773980426,2445.0,1572.0,False,False,False,True
2823,37545,internal,0.49874523282051086,0.0,-0.0010223066162934357,-0.0010223066162934357,2449.699951171875,1550.800048828125,False,False,False,True
2824,37548,internal,0.5093293786048889,0.0,-0.0010581097460618093,-0.0010581097460618093,2411.800048828125,1574.699951171875,False,False,False,True
2825,37551,internal,0.4665631055831909,0.0,-0.000931484461436159,-0.000931484461436159,2481.60009765625,1675.199951171875,False,False,False,True
2826,37554,internal,0.47210925817489624,0.0,-0.0009502266535809365,-0.0009502266535809365,2474.199951171875,1654.0999755859375,False,False,False,True
2827,37568,internal,0.4907809793949127,0.0,-0.0009882127990126213,-0.0009882127990126213,2479.75,1595.75,False,False,False,True
2828,37579,internal,0.45069801807403564,0.0,-0.0008267473552005071,-0.0008267473552005071,2528.0,1635.75,False,False,False,True
2829,37591,internal,0.45480042695999146,0.0,-0.0008362379358580179,-0.0008362379358580179,2530.0,1622.5,False,False,False,True
2830,37601,internal,0.48018547892570496,0.0,-0.0009388166962649475,-0.0009388166962649475,2505.0,1600.25,False,False,False,True
2831,37610,internal,0.4634394943714142,0.0,-0.0008511239046313018,-0.0008511239046313018,2536.39990234375,1606.9000244140625,False,False,False,True
2832,37620,internal,0.4931820034980774,0.0,-0.0009976381581331935,-0.0009976381581331935,2469.75,1588.25,False,False,False,True
2833,37622,internal,0.4727158844470978,0.0,-0.0009023893032144474,-0.0009023893032144474,2514.89990234375,1578.699951171875,False,False,False,True
2834,37647,internal,0.462779700756073,0.0,-0.0008382531860582135,-0.0008382531860582135,2545.39990234375,1556.0,False,False,False,True
2835,37651,internal,0.4722919464111328,0.0,-0.0008991312968619522,-0.0008991312968619522,2518.0,1594.5999755859375,False,False,False,True
2836,37661,internal,0.4634121358394623,0.0,-0.0008449387641713325,-0.0008449387641713325,2532.5,1555.300048828125,False,False,False,True
2837,37711,internal,0.14617836475372314,0.0,-0.0005780306356785035,-0.0005780306356785035,2594.5,2643.0,False,False,False,True
2838,37729,internal,0.1529463231563568,0.0,-0.0005814316317804072,-0.0005814316317804072,2601.0,2579.800048828125,False,False,False,True
2839,37732,internal,0.14184655249118805,0.0,-0.0005936267356989417,-0.0005936267356989417,2564.89990234375,2570.60009765625,False,False,False,True
2840,37745,internal,0.14092478156089783,0.0,-0.0006043760073160724,-0.0006043760073160724,2563.300048828125,2544.5,False,False,False,True
2841,37763,internal,0.14720076322555542,0.0,-0.0006087132924620473,-0.0006087132924620473,2591.699951171875,2529.699951171875,False,False,False,True
2842,37786,internal,0.15532252192497253,0.0,-0.0006166267507113298,-0.0006166267507113298,2614.10009765625,2500.699951171875,False,False,False,True
2843,37789,internal,0.152104914188385,0.0,-0.0005771389217432816,-0.0005771389217432816,2613.25,2630.75,False,False,False,True
2844,37797,internal,0.15732644498348236,0.0,-0.0005816965942742201,-0.0005816965942742201,2613.800048828125,2564.300048828125,False,False,False,True
2845,37816,internal,0.17119425535202026,0.0,-0.0005735713248485649,-0.0005735713248485649,2662.75,2612.75,False,False,False,True
2846,37828,internal,0.16267110407352448,0.0,-0.0005812078562636544,-0.0005812078562636544,2639.89990234375,2560.300048828125,False,False,False,True
2847,37871,internal,0.1667400300502777,0.0,-0.000596806920899408,-0.000596806920899408,2651.39990234375,2520.89990234375,False,False,False,True
2848,37872,internal,0.1686999648809433,0.0,-0.000584476344648872,-0.000584476344648872,2658.300048828125,2540.10009765625,False,False,False,True
2849,37898,internal,0.14514750242233276,0.0,-0.0006669780419257104,-0.0006669780419257104,2567.0,2416.75,False,False,False,True
2850,37919,internal,0.1626242846250534,0.0,-0.0006864822990252208,-0.0006864822990252208,2571.60009765625,2367.300048828125,False,False,False,True
2851,37937,internal,0.15715594589710236,0.0,-0.00063574158441334,-0.00063574158441334,2604.5,2452.89990234375,False,False,False,True
2852,37958,internal,0.1644950807094574,0.0,-0.0007059844914819222,-0.0007059844914819222,2551.10009765625,2330.699951171875,False,False,False,True
2853,37965,internal,0.18319310247898102,0.0,-0.0006811467855509068,-0.0006811467855509068,2586.5,2327.75,False,False,False,True
2854,37989,internal,0.16993822157382965,0.0,-0.0006772959620144519,-0.0006772959620144519,2590.0,2360.300048828125,False,False,False,True
2855,38004,internal,0.1886948198080063,0.0,-0.0006808310010802585,-0.0006808310010802585,2591.89990234375,2315.199951171875,False,False,False,True
2856,38023,internal,0.17220014333724976,0.0,-0.0006435764274172054,-0.0006435764274172054,2622.5,2387.5,False,False,False,True
2857,38044,internal,0.17360007762908936,0.0,-0.0006265501652048876,-0.0006265501652048876,2653.75,2427.5,False,False,False,True
2858,38064,internal,0.17433106899261475,0.0,-0.000629090099376348,-0.000629090099376348,2655.0,2408.0,False,False,False,True
2859,38066,internal,0.1761997789144516,0.0,-0.0006307420783212899,-0.0006307420783212899,2665.699951171875,2382.800048828125,False,False,False,True
2860,38093,internal,0.19244498014450073,0.0,-0.000670727274448054,-0.000670727274448054,2638.5,2316.0,False,False,False,True
2861,38108,internal,0.17863251268863678,0.0,-0.0006374058453360171,-0.0006374058453360171,2658.25,2369.5,False,False,False,True
2862,38121,internal,0.1924678236246109,0.0,-0.0006679702880838597,-0.0006679702880838597,2654.5,2319.25,False,False,False,True
2863,38134,internal,0.18414193391799927,0.0,-0.0005727551556643261,-0.0005727551556643261,2721.60009765625,2545.800048828125,False,False,False,True
2864,38157,internal,0.18456420302391052,0.0,-0.0005708754836752504,-0.0005708754836752504,2722.39990234375,2574.60009765625,False,False,False,True
2865,38172,internal,0.18455159664154053,0.0,-0.0005841385373215951,-0.0005841385373215951,2731.0,2511.75,False,False,False,True
2866,38187,internal,0.1780247837305069,0.0,-0.0006051189610899329,-0.0006051189610899329,2688.800048828125,2484.199951171875,False,False,False,True
2867,38211,internal,0.1846659630537033,0.0,-0.000590857414417453,-0.000590857414417453,2726.89990234375,2488.5,False,False,False,True
2868,38233,internal,0.19108085334300995,0.0,-0.0006009176776715515,-0.0006009176776715515,2757.5,2433.0,False,False,False,True
2869,38241,internal,0.19060862064361572,0.0,-0.0005987375736839966,-0.0005987375736839966,2753.0,2447.75,False,False,False,True
2870,38257,internal,0.19846267998218536,0.0,-0.000567832411933121,-0.000567832411933121,2802.0,2504.199951171875,False,False,False,True
2871,38277,internal,0.19921241700649261,0.0,-0.0005656910597029029,-0.0005656910597029029,2812.60009765625,2531.199951171875,False,False,False,True
2872,38298,internal,0.19388630986213684,0.0,-0.0005857959161015757,-0.0005857959161015757,2794.60009765625,2464.39990234375,False,False,False,True
2873,38327,internal,0.20197030901908875,0.0,-0.000581778015316275,-0.000581778015316275,2830.75,2434.5,False,False,False,True
2874,38354,internal,0.20348605513572693,0.0,-0.000574616139989003,-0.000574616139989003,2847.89990234375,2444.89990234375,False,False,False,True
2875,38355,internal,0.203922837972641,0.0,-0.0005835291500556048,-0.0005835291500556048,2866.0,2418.800048828125,False,False,False,True
2876,38367,internal,0.18690688908100128,0.0,-0.000617778821398714,-0.000617778821398714,2713.300048828125,2397.699951171875,False,False,False,True
2877,38390,internal,0.1940559297800064,0.0,-0.0006225463463423349,-0.0006225463463423349,2741.64990234375,2376.35009765625,False,False,False,True
2878,38399,internal,0.19248409569263458,0.0,-0.0006045364141804587,-0.0006045364141804587,2764.10009765625,2409.39990234375,False,False,False,True
2879,38406,internal,0.19682148098945618,0.0,-0.0006349015394879005,-0.0006349015394879005,2741.800048828125,2349.39990234375,False,False,False,True
2880,38411,internal,0.2017068862915039,0.0,-0.0006173457758044303,-0.0006173457758044303,2779.800048828125,2335.300048828125,False,False,False,True
2881,38430,internal,0.19914495944976807,0.0,-0.0006524096575680877,-0.0006524096575680877,2718.5,2316.75,False,False,False,True
2882,38474,internal,0.19934898614883423,0.0,-0.0006025852737864584,-0.0006025852737864584,2809.25,2403.75,False,False,False,True
2883,38479,internal,0.20067326724529266,0.0,-0.0006061268773576063,-0.0006061268773576063,2820.300048828125,2383.0,False,False,False,True
2884,38494,internal,0.2025568038225174,0.0,-0.0006151413196196418,-0.0006151413196196418,2811.60009765625,2347.39990234375,False,False,False,True
2885,38503,internal,0.20216277241706848,0.0,-0.0006043385261081564,-0.0006043385261081564,2846.10009765625,2388.10009765625,False,False,False,True
2886,38518,internal,0.20223501324653625,0.0,-0.0006124292789412111,-0.0006124292789412111,2819.75,2363.25,False,False,False,True
2887,38520,internal,0.20342528820037842,0.0,-0.0006068537904450281,-0.0006068537904450281,2852.89990234375,2371.5,False,False,False,True
2888,38530,internal,0.20135855674743652,0.0,-0.0006181740681477266,-0.0006181740681477266,2778.800048828125,2319.60009765625,False,False,False,True
2889,38541,internal,0.2060212641954422,0.0,-0.0006310381163363553,-0.0006310381163363553,2812.5,2306.25,False,False,False,True
2890,38555,internal,0.21158571541309357,0.0,-0.0006561919243753742,-0.0006561919243753742,2812.10009765625,2288.89990234375,False,False,False,True
2891,38567,internal,0.20383591949939728,0.0,-0.0006183447982261575,-0.0006183447982261575,2818.75,2320.75,False,False,False,True
2892,38570,internal,0.2188248336315155,0.0,-0.0006154627156835656,-0.0006154627156835656,2862.199951171875,2301.60009765625,False,False,False,True
2893,38602,internal,0.2182847410440445,0.0,-0.0007625558632653464,-0.0007625558632653464,2581.199951171875,2218.10009765625,False,False,False,True
2894,38604,internal,0.2168876826763153,0.0,-0.0007676900475960099,-0.0007676900475960099,2564.5,2225.39990234375,False,False,False,True
2895,38636,internal,0.22525039315223694,0.0,-0.0007578846883194758,-0.0007578846883194758,2594.89990234375,2188.60009765625,False,False,False,True
2896,38651,internal,0.24987687170505524,0.0,-0.0008012076177748954,-0.0008012076177748954,2570.60009765625,2146.300048828125,False,False,False,True
2897,38666,internal,0.24914716184139252,0.0,-0.0007864841205088068,-0.0007864841205088068,2583.0,2135.5,False,False,False,True
2898,38672,internal,0.26564717292785645,0.0,-0.000822921730894233,-0.000822921730894233,2544.60009765625,2098.800048828125,False,False,False,True
2899,38696,internal,0.23674742877483368,0.0,-0.0007552411514306543,-0.0007552411514306543,2617.699951171875,2153.800048828125,False,False,False,True
2900,38701,internal,0.25580573081970215,0.0,-0.0007776907009064454,-0.0007776907009064454,2592.199951171875,2107.89990234375,False,False,False,True
2901,38713,internal,0.22895140945911407,0.0,-0.0007500174463053778,-0.0007500174463053778,2618.300048828125,2177.89990234375,False,False,False,True
2902,38720,internal,0.21342258155345917,0.0,-0.0007008769886890972,-0.0007008769886890972,2644.75,2243.75,False,False,False,True
2903,38730,internal,0.21319493651390076,0.0,-0.0006933187548820695,-0.0006933187548820695,2657.699951171875,2254.199951171875,False,False,False,True
2904,38759,internal,0.21926546096801758,0.0,-0.0007001202706298439,-0.0007001202706298439,2697.25,2214.75,False,False,False,True
2905,38765,internal,0.21530261635780334,0.0,-0.0006899906565531889,-0.0006899906565531889,2701.699951171875,2239.60009765625,False,False,False,True
2906,38787,internal,0.2554842531681061,0.0,-0.0007725151707800441,-0.0007725151707800441,2623.300048828125,2111.800048828125,False,False,False,True
2907,38788,internal,0.2412118762731552,0.0,-0.0007498202464473452,-0.0007498202464473452,2636.800048828125,2136.10009765625,False,False,False,True
2908,38805,internal,0.23274250328540802,0.0,-0.0007308783133456933,-0.0007308783133456933,2704.0,2174.0,False,False,False,True
2909,38807,internal,0.23273375630378723,0.0,-0.0007313888624546508,-0.0007313888624546508,2681.39990234375,2173.89990234375,False,False,False,True
2910,38821,internal,0.23129963874816895,0.0,-0.0007297854290854984,-0.0007297854290854984,2682.199951171875,2190.0,False,False,False,True
2911,38843,internal,0.28393128514289856,0.0,-0.0008358530652626092,-0.0008358530652626092,2550.89990234375,2019.300048828125,False,False,False,True
2912,38869,internal,0.260619193315506,0.0,-0.0007978413500238292,-0.0007978413500238292,2579.25,2097.75,False,False,False,True
2913,38872,internal,0.283600777387619,0.0,-0.0008125276837193571,-0.0008125276837193571,2586.25,2032.75,False,False,False,True
2914,38873,internal,0.283658504486084,0.0,-0.0008063856890001386,-0.0008063856890001386,2617.800048828125,2039.4000244140625,False,False,False,True
2915,38907,internal,0.32055726647377014,0.0,-0.0008037329935675749,-0.0008037329935675749,2582.5,1979.0999755859375,False,False,False,True
2916,38914,internal,0.2836957573890686,0.0,-0.0008213280384039741,-0.0008213280384039741,2578.0,2028.25,False,False,False,True
2917,38930,internal,0.3201264441013336,0.0,-0.0007952883927208048,-0.0007952883927208048,2593.39990234375,1972.0999755859375,False,False,False,True
2918,38933,internal,0.3184322714805603,0.0,-0.0007882433020611355,-0.0007882433020611355,2615.0,1976.25,False,False,False,True
2919,38949,internal,0.2640664279460907,0.0,-0.0007744502175480465,-0.0007744502175480465,2642.699951171875,2083.10009765625,False,False,False,True
2920,38956,internal,0.2642494738101959,0.0,-0.000772557840064762,-0.000772557840064762,2664.75,2082.0,False,False,False,True
2921,38987,internal,0.26957833766937256,0.0,-0.0007643571317672419,-0.0007643571317672419,2691.60009765625,2071.89990234375,False,False,False,True
2922,39031,internal,0.299214631319046,0.0,-0.0007913713417957865,-0.0007913713417957865,2654.449951171875,2022.300048828125,False,False,False,True
2923,39032,internal,0.2971017360687256,0.0,-0.0007940668123921865,-0.0007940668123921865,2631.300048828125,2023.0,False,False,False,True
2924,39045,internal,0.3172961473464966,0.0,-0.0007699337849337274,-0.0007699337849337274,2676.75,1974.75,False,False,False,True
2925,39056,internal,0.3099200427532196,0.0,-0.0007621485992363947,-0.0007621485992363947,2697.89990234375,1993.0999755859375,False,False,False,True
2926,39073,internal,0.21361678838729858,0.0,-0.0006790097743645434,-0.0006790097743645434,2726.89990234375,2252.699951171875,False,False,False,True
2927,39089,internal,0.23089705407619476,0.0,-0.0007246118577227875,-0.0007246118577227875,2711.199951171875,2185.199951171875,False,False,False,True
2928,39104,internal,0.21458470821380615,0.0,-0.0006712670461936918,-0.0006712670461936918,2770.25,2251.75,False,False,False,True
2929,39112,internal,0.2267855703830719,0.0,-0.0006863666790279206,-0.0006863666790279206,2768.85009765625,2193.300048828125,False,False,False,True
2930,39146,internal,0.2430703341960907,0.0,-0.0007193144607311,-0.0007193144607311,2722.699951171875,2129.39990234375,False,False,False,True
2931,39176,internal,0.24331821501255035,0.0,-0.0006927134439621379,-0.0006927134439621379,2786.75,2128.25,False,False,False,True
2932,39183,internal,0.21456457674503326,0.0,-0.0006675435952366803,-0.0006675435952366803,2786.75,2260.0,False,False,False,True
2933,39221,internal,0.22489824891090393,0.0,-0.0006378858483193142,-0.0006378858483193142,2830.800048828125,2210.89990234375,False,False,False,True
2934,39232,internal,0.2275102287530899,0.0,-0.0006429829220189762,-0.0006429829220189762,2837.300048828125,2184.0,False,False,False,True
2935,39239,internal,0.23261874914169312,0.0,-0.0006826440221642971,-0.0006826440221642971,2787.0,2166.0,False,False,False,True
2936,39264,internal,0.23034466803073883,0.0,-0.0006550228600894856,-0.0006550228600894856,2824.25,2168.25,False,False,False,True
2937,39282,internal,0.24372857809066772,0.0,-0.0006806889642429158,-0.0006806889642429158,2825.199951171875,2130.89990234375,False,False,False,True
2938,39297,internal,0.24226520955562592,0.0,-0.0006713967481137401,-0.0006713967481137401,2857.199951171875,2124.300048828125,False,False,False,True
2939,39315,internal,0.2804863154888153,0.0,-0.0007492199118459787,-0.0007492199118459787,2714.699951171875,2048.800048828125,False,False,False,True
2940,39321,internal,0.27589067816734314,0.0,-0.0007325911198441599,-0.0007325911198441599,2738.60009765625,2063.199951171875,False,False,False,True
2941,39340,internal,0.24352490901947021,0.0,-0.0007094918431582655,-0.0007094918431582655,2748.75,2122.5,False,False,False,True
2942,39347,internal,0.27408841252326965,0.0,-0.0007201375120580351,-0.0007201375120580351,2770.699951171875,2059.0,False,False,False,True
2943,39357,internal,0.28097572922706604,0.0,-0.0007160722303672473,-0.0007160722303672473,2784.5,2032.0,False,False,False,True
2944,39388,internal,0.2851990759372711,0.0,-0.0007201605407662886,-0.0007201605407662886,2764.89990234375,2011.9000244140625,False,False,False,True
2945,39418,internal,0.2524847090244293,0.0,-0.000692674692204801,-0.000692674692204801,2799.800048828125,2095.89990234375,False,False,False,True
2946,39420,internal,0.24542692303657532,0.0,-0.0006883476773333116,-0.0006883476773333116,2799.800048828125,2119.300048828125,False,False,False,True
2947,39422,internal,0.2563663125038147,0.0,-0.0006838986367778584,-0.0006838986367778584,2836.0,2084.25,False,False,False,True
2948,39445,internal,0.26000073552131653,0.0,-0.0006830127461941488,-0.0006830127461941488,2837.89990234375,2070.699951171875,False,False,False,True
2949,39447,internal,0.24370600283145905,0.0,-0.0006762758167086025,-0.0006762758167086025,2846.699951171875,2120.10009765625,False,False,False,True
2950,39468,internal,0.26896020770072937,0.0,-0.0006893335707443564,-0.0006893335707443564,2822.10009765625,2044.4000244140625,False,False,False,True
2951,39483,internal,0.28964167833328247,0.0,-0.000713571894986071,-0.000713571894986071,2788.800048828125,1980.5999755859375,False,False,False,True
2952,39510,internal,0.2723219692707062,0.0,-0.0006770890212775258,-0.0006770890212775258,2852.39990234375,2011.800048828125,False,False,False,True
2953,39528,internal,0.27777284383773804,0.0,-0.0006792493788094979,-0.0006792493788094979,2853.800048828125,1993.4000244140625,False,False,False,True
2954,39529,internal,0.2935440242290497,0.0,-0.0006821652367908616,-0.0006821652367908616,2861.300048828125,1958.9000244140625,False,False,False,True
2955,39545,internal,0.20577874779701233,0.0,-0.0005629356085859254,-0.0005629356085859254,2876.0,2507.25,False,False,False,True
2956,39565,internal,0.21169814467430115,0.0,-0.0005599335650021786,-0.0005599335650021786,2913.5,2493.25,False,False,False,True
2957,39574,internal,0.21434736251831055,0.0,-0.0005638291224661603,-0.0005638291224661603,2904.699951171875,2425.60009765625,False,False,False,True
2958,39592,internal,0.2146988958120346,0.0,-0.0005961368119590115,-0.0005961368119590115,2895.10009765625,2370.800048828125,False,False,False,True
2959,39605,internal,0.219341441988945,0.0,-0.0006064655317178304,-0.0006064655317178304,2899.25,2315.5,False,False,False,True
2960,39628,internal,0.21750469505786896,0.0,-0.0005748887257793413,-0.0005748887257793413,2916.699951171875,2401.300048828125,False,False,False,True
2961,39630,internal,0.21866996586322784,0.0,-0.0006033561796475783,-0.0006033561796475783,2911.5,2338.75,False,False,False,True
2962,39656,internal,0.21503563225269318,0.0,-0.000558246275371248,-0.000558246275371248,2933.0,2479.75,False,False,False,True
2963,39687,internal,0.22877372801303864,0.0,-0.000551447988936585,-0.000551447988936585,2955.0,2403.75,False,False,False,True
2964,39692,internal,0.22907893359661102,0.0,-0.0005507323519752735,-0.0005507323519752735,2991.75,2423.75,False,False,False,True
2965,39700,internal,0.22406922280788422,0.0,-0.0005724976576483608,-0.0005724976576483608,2948.800048828125,2355.64990234375,False,False,False,True
2966,39736,internal,0.23094284534454346,0.0,-0.0005505073059090999,-0.0005505073059090999,3003.0,2351.800048828125,False,False,False,True
2967,39737,internal,0.2301335483789444,0.0,-0.0005543650115882512,-0.0005543650115882512,2992.0,2333.5,False,False,False,True
2968,39747,internal,0.22861690819263458,0.0,-0.0005631412258338714,-0.0005631412258338714,2985.25,2313.75,False,False,False,True
2969,39764,internal,0.22253496944904327,0.0,-0.0006191801315308279,-0.0006191801315308279,2878.75,2273.25,False,False,False,True
2970,39774,internal,0.2233009785413742,0.0,-0.0006216439386161538,-0.0006216439386161538,2881.60009765625,2253.89990234375,False,False,False,True
2971,39775,internal,0.22150032222270966,0.0,-0.0006110850376539185,-0.0006110850376539185,2905.60009765625,2289.5,False,False,False,True
2972,39790,internal,0.22418834269046783,0.0,-0.0006204390871882438,-0.0006204390871882438,2912.800048828125,2229.0,False,False,False,True
2973,39807,internal,0.22413453459739685,0.0,-0.000594703314574902,-0.000594703314574902,2942.0,2287.89990234375,False,False,False,True
2974,39821,internal,0.22512845695018768,0.0,-0.0006166982191162544,-0.0006166982191162544,2934.300048828125,2233.0,False,False,False,True
2975,39835,internal,0.23329192399978638,0.0,-0.0006344985635632443,-0.0006344985635632443,2904.10009765625,2163.699951171875,False,False,False,True
2976,39854,internal,0.2323504537343979,0.0,-0.0006315405127531955,-0.0006315405127531955,2912.25,2171.5,False,False,False,True
2977,39855,internal,0.23182585835456848,0.0,-0.0006450140011473736,-0.0006450140011473736,2866.75,2157.75,False,False,False,True
2978,39863,internal,0.23181402683258057,0.0,-0.0006228250731215408,-0.0006228250731215408,2945.199951171875,2185.60009765625,False,False,False,True
2979,39885,internal,0.22474756836891174,0.0,-0.0005951122726697482,-0.0005951122726697482,2953.39990234375,2272.60009765625,False,False,False,True
2980,39904,internal,0.22963133454322815,0.0,-0.0006180954529023096,-0.0006180954529023096,2951.89990234375,2203.10009765625,False,False,False,True
2981,39919,internal,0.23507343232631683,0.0,-0.0005742036349436902,-0.0005742036349436902,3011.300048828125,2246.60009765625,False,False,False,True
2982,39930,internal,0.23448756337165833,0.0,-0.000593801700942109,-0.000593801700942109,2995.0,2203.199951171875,False,False,False,True
2983,39934,internal,0.22690092027187347,0.0,-0.0005747385891894405,-0.0005747385891894405,2970.199951171875,2301.199951171875,False,False,False,True
2984,39951,internal,0.23555952310562134,0.0,-0.0006194423411675623,-0.0006194423411675623,2973.25,2168.25,False,False,False,True
2985,39962,internal,0.23725199699401855,0.0,-0.0006225247999417391,-0.0006225247999417391,2974.0,2158.5,False,False,False,True
2986,39967,internal,0.23407135903835297,0.0,-0.0006000625449717391,-0.0006000625449717391,2987.75,2195.5,False,False,False,True
2987,39996,internal,0.23104707896709442,0.0,-0.0005495969043094791,-0.0005495969043094791,3025.699951171875,2388.89990234375,False,False,False,True
2988,40015,internal,0.23393945395946503,0.0,-0.000553496908696434,-0.000553496908696434,3042.10009765625,2298.800048828125,False,False,False,True
2989,40026,internal,0.23936274647712708,0.0,-0.0005436742911235995,-0.0005436742911235995,3124.0,2346.5,False,False,False,True
2990,40065,internal,0.2381303757429123,0.0,-0.0005488745440241488,-0.0005488745440241488,3076.75,2276.75,False,False,False,True
2991,40089,internal,0.2414001226425171,0.0,-0.0005521988307047667,-0.0005521988307047667,3099.89990234375,2230.5,False,False,False,True
2992,40097,internal,0.2376195341348648,0.0,-0.0005449130238693997,-0.0005449130238693997,3108.5,2359.75,False,False,False,True
2993,40123,internal,0.24261099100112915,0.0,-0.0005412966167010974,-0.0005412966167010974,3160.5,2321.25,False,False,False,True
2994,40129,internal,0.24518297612667084,0.0,-0.000539311065593615,-0.000539311065593615,3175.75,2306.0,False,False,False,True
2995,40140,internal,0.24816769361495972,0.0,-0.0005370133828450693,-0.0005370133828450693,3202.0,2275.5,False,False,False,True
2996,40157,internal,0.2420777976512909,0.0,-0.0005489087429793942,-0.0005489087429793942,3125.25,2243.75,False,False,False,True
2997,40174,internal,0.25027838349342346,0.0,-0.000535393061756531,-0.000535393061756531,3209.5,2264.0,False,False,False,True
2998,40181,internal,0.25151607394218445,0.0,-0.0005344455495259086,-0.0005344455495259086,3221.25,2240.25,False,False,False,True
2999,40207,internal,0.23769202828407288,0.0,-0.0005666431247356167,-0.0005666431247356167,3051.199951171875,2217.300048828125,False,False,False,True
3000,40238,internal,0.24142546951770782,0.0,-0.0005542322921133283,-0.0005542322921133283,3096.75,2216.0,False,False,False,True
3001,40240,internal,0.24260829389095306,0.0,-0.0005577851188710273,-0.0005577851188710273,3104.10009765625,2182.5,False,False,False,True
3002,40249,internal,0.2497253566980362,0.0,-0.0005402247494459063,-0.0005402247494459063,3158.199951171875,2187.10009765625,False,False,False,True
3003,40262,internal,0.24048243463039398,0.0,-0.0005763682276403986,-0.0005763682276403986,3040.25,2154.0,False,False,False,True
3004,40269,internal,0.24175168573856354,0.0,-0.0005692500803890286,-0.0005692500803890286,3075.199951171875,2154.800048828125,False,False,False,True
3005,40287,internal,0.24336577951908112,0.0,-0.0005716632772557561,-0.0005716632772557561,3077.75,2131.75,False,False,False,True
3006,40295,internal,0.24549613893032074,0.0,-0.0005542481210415301,-0.0005542481210415301,3131.10009765625,2165.0,False,False,False,True
3007,40311,internal,0.24740399420261383,0.0,-0.0005560105319069703,-0.0005560105319069703,3137.199951171875,2137.800048828125,False,False,False,True
3008,40320,internal,0.23656369745731354,0.0,-0.0005839592839741324,-0.0005839592839741324,3019.25,2189.75,False,False,False,True
3009,40325,internal,0.25089895725250244,0.0,-0.0005354793532380325,-0.0005354793532380325,3167.5,2216.10009765625,False,False,False,True
3010,40339,internal,0.2514256238937378,0.0,-0.0005362346419291873,-0.0005362346419291873,3183.199951171875,2173.89990234375,False,False,False,True
3011,40342,internal,0.25229936838150024,0.0,-0.0005338346799522607,-0.0005338346799522607,3235.0,2221.25,False,False,False,True
3012,40368,internal,0.25359904766082764,0.0,-0.0005327830356086853,-0.0005327830356086853,3274.25,2195.5,False,False,False,True
3013,40370,internal,0.2579895257949829,0.0,-0.0005291660461052318,-0.0005291660461052318,3359.5,2151.25,False,False,False,True
3014,40376,internal,0.2510344088077545,0.0,-0.0005396086388558972,-0.0005396086388558972,3188.699951171875,2149.0,False,False,False,True
3015,40392,internal,0.25194498896598816,0.0,-0.0005392910015006769,-0.0005392910015006769,3219.199951171875,2130.89990234375,False,False,False,True
3016,40413,internal,0.25433099269866943,0.0,-0.0005321922830675346,-0.0005321922830675346,3301.0,2181.0,False,False,False,True
3017,40438,internal,0.2426813840866089,0.0,-0.000638693441294962,-0.000638693441294962,2930.800048828125,2109.699951171875,False,False,False,True
3018,40443,internal,0.2500838041305542,0.0,-0.0006596694710798859,-0.0006596694710798859,2886.5,2094.199951171875,False,False,False,True
3019,40455,internal,0.24476920068264008,0.0,-0.0006424695141738217,-0.0006424695141738217,2932.0,2096.199951171875,False,False,False,True
3020,40458,internal,0.2420857548713684,0.0,-0.0006360179818519409,-0.0006360179818519409,2946.5,2118.25,False,False,False,True
3021,40485,internal,0.24570609629154205,0.0,-0.0006178378490072258,-0.0006178378490072258,2998.75,2089.0,False,False,False,True
3022,40490,internal,0.2535897493362427,0.0,-0.0006653302452059456,-0.0006653302452059456,2876.25,2083.0,False,False,False,True
3023,40502,internal,0.2554079592227936,0.0,-0.0006535818982275285,-0.0006535818982275285,2924.75,2064.25,False,False,False,True
3024,40514,internal,0.25905269384384155,0.0,-0.0006597953613516716,-0.0006597953613516716,2898.75,2045.0,False,False,False,True
3025,40531,internal,0.2489863485097885,0.0,-0.0006175833685461351,-0.0006175833685461351,2999.60009765625,2074.89990234375,False,False,False,True
3026,40546,internal,0.2511182129383087,0.0,-0.0006234499187388184,-0.0006234499187388184,2984.89990234375,2053.89990234375,False,False,False,True
3027,40557,internal,0.24218179285526276,0.0,-0.0006100181996568517,-0.0006100181996568517,3009.199951171875,2115.0,False,False,False,True
3028,40565,internal,0.24714255332946777,0.0,-0.0005832346472877563,-0.0005832346472877563,3060.300048828125,2102.60009765625,False,False,False,True
3029,40594,internal,0.24964596331119537,0.0,-0.0005626411587576362,-0.0005626411587576362,3112.39990234375,2117.5,False,False,False,True
3030,40620,internal,0.25494521856307983,0.0,-0.0005971288992984831,-0.0005971288992984831,3064.199951171875,2063.0,False,False,False,True
3031,40621,internal,0.2519592344760895,0.0,-0.0006082852761258879,-0.0006082852761258879,3027.75,2069.5,False,False,False,True
3032,40635,internal,0.25493523478507996,0.0,-0.0006021938386857086,-0.0006021938386857086,3040.60009765625,2057.699951171875,False,False,False,True
3033,40644,internal,0.2561222314834595,0.0,-0.0005700132570745048,-0.0005700132570745048,3120.89990234375,2077.0,False,False,False,True
3034,40656,internal,0.2574785351753235,0.0,-0.0005901631120985005,-0.0005901631120985005,3079.199951171875,2052.699951171875,False,False,False,True
3035,40678,internal,0.25809913873672485,0.0,-0.0006578757729349565,-0.0006578757729349565,2908.75,2051.25,False,False,False,True
3036,40691,internal,0.2662774324417114,0.0,-0.000657833738924949,-0.000657833738924949,2912.5,2007.75,False,False,False,True
3037,40697,internal,0.2700332701206207,0.0,-0.000673526347761815,-0.000673526347761815,2864.0,2019.75,False,False,False,True
3038,40698,internal,0.2529178559780121,0.0,-0.0006353124034068781,-0.0006353124034068781,2966.5,2047.25,False,False,False,True
3039,40725,internal,0.2658250629901886,0.0,-0.0006524948902584052,-0.0006524948902584052,2950.89990234375,2013.5,False,False,False,True
3040,40735,internal,0.26696863770484924,0.0,-0.0006550678587148085,-0.0006550678587148085,2922.0,2004.5999755859375,False,False,False,True
3041,40751,internal,0.2892061769962311,0.0,-0.0006524514268802992,-0.0006524514268802992,2929.0,1960.0,False,False,False,True
3042,40798,internal,0.2596326768398285,0.0,-0.0006067014303936407,-0.0006067014303936407,3032.699951171875,2035.199951171875,False,False,False,True
3043,40810,internal,0.2641398310661316,0.0,-0.0006039740901826003,-0.0006039740901826003,3042.60009765625,2020.0999755859375,False,False,False,True
3044,40820,internal,0.25771862268447876,0.0,-0.0006167944632348861,-0.0006167944632348861,3004.89990234375,2029.9000244140625,False,False,False,True
3045,40828,internal,0.2629750370979309,0.0,-0.0005960064747642527,-0.0005960064747642527,3073.60009765625,2030.4000244140625,False,False,False,True
3046,40859,internal,0.2776619493961334,0.0,-0.0006109162663391781,-0.0006109162663391781,3034.89990234375,1992.0,False,False,False,True
3047,40881,internal,0.28473642468452454,0.0,-0.000575388898734695,-0.000575388898734695,3116.800048828125,1980.0,False,False,False,True
3048,40901,internal,0.28877729177474976,0.0,-0.000577417542643369,-0.000577417542643369,3106.5,1955.199951171875,False,False,False,True
3049,40904,internal,0.2584308385848999,0.0,-0.0005652460497682392,-0.0005652460497682392,3152.60009765625,2067.10009765625,False,False,False,True
3050,40906,internal,0.24861480295658112,0.0,-0.0005537910938269272,-0.0005537910938269272,3158.699951171875,2126.699951171875,False,False,False,True
3051,40932,internal,0.257276326417923,0.0,-0.0005614903586196728,-0.0005614903586196728,3165.300048828125,2079.5,False,False,False,True
3052,40950,internal,0.25452348589897156,0.0,-0.000538760335359222,-0.000538760335359222,3228.39990234375,2102.89990234375,False,False,False,True
3053,40959,internal,0.25506651401519775,0.0,-0.0005345074358706174,-0.0005345074358706174,3258.800048828125,2098.39990234375,False,False,False,True
3054,40996,internal,0.2702505588531494,0.0,-0.0005559986205061495,-0.0005559986205061495,3194.89990234375,2034.0,False,False,False,True
3055,40999,internal,0.25812986493110657,0.0,-0.0005519702376881265,-0.0005519702376881265,3200.5,2072.0,False,False,False,True
3056,41017,internal,0.25943395495414734,0.0,-0.0005320877803776671,-0.0005320877803776671,3269.300048828125,2068.300048828125,False,False,False,True
3057,41045,internal,0.26268574595451355,0.0,-0.0005253012465251472,-0.0005253012465251472,3346.60009765625,2086.0,False,False,False,True
3058,41056,internal,0.2627366781234741,0.0,-0.0005252496304549239,-0.0005252496304549239,3371.39990234375,2102.39990234375,False,False,False,True
3059,41078,internal,0.260997474193573,0.0,-0.0005292854248112354,-0.0005292854248112354,3286.0,2057.0,False,False,False,True
3060,41092,internal,0.26237064599990845,0.0,-0.0005258729937645439,-0.0005258729937645439,3327.0,2076.5,False,False,False,True
3061,41101,internal,0.2689743638038635,0.0,-0.0005201100462892216,-0.0005201100462892216,3404.39990234375,2040.4000244140625,False,False,False,True
3062,41108,internal,0.26845645904541016,0.0,-0.0005209548557749894,-0.0005209548557749894,3336.25,2034.5,False,False,False,True
3063,41126,internal,0.2717188596725464,0.0,-0.0005619376449553823,-0.0005619376449553823,3165.25,2033.25,False,False,False,True
3064,41139,internal,0.27768874168395996,0.0,-0.0005672530943367582,-0.0005672530943367582,3146.25,2003.5,False,False,False,True
3065,41153,internal,0.27089282870292664,0.0,-0.000548883437870095,-0.000548883437870095,3232.800048828125,2025.9000244140625,False,False,False,True
3066,41171,internal,0.27605003118515015,0.0,-0.000533361823809456,-0.000533361823809456,3265.5,1992.0,False,False,False,True
3067,41197,internal,0.2889835238456726,0.0,-0.0005478133705599168,-0.0005478133705599168,3177.800048828125,1956.300048828125,False,False,False,True
3068,41217,internal,0.2758422791957855,0.0,-0.0005369111036166883,-0.0005369111036166883,3253.10009765625,1995.300048828125,False,False,False,True
3069,41232,internal,0.2771286368370056,0.0,-0.0005249906501313009,-0.0005249906501313009,3293.39990234375,1978.5999755859375,False,False,False,True
3070,41237,internal,0.26839005947113037,0.0,-0.0005228089050174107,-0.0005228089050174107,3322.5,2027.5,False,False,False,True
3071,41242,internal,0.27501508593559265,0.0,-0.0005208714759692441,-0.0005208714759692441,3322.75,1996.75,False,False,False,True
3072,41258,internal,0.2693290412425995,0.0,-0.0005199995614291642,-0.0005199995614291642,3371.75,2015.25,False,False,False,True
3073,41299,internal,0.2753576636314392,0.0,-0.0005178208868097077,-0.0005178208868097077,3349.89990234375,1989.4000244140625,False,False,False,True
3074,41312,internal,0.27678239345550537,0.0,-0.0005134462263349353,-0.0005134462263349353,3465.25,1990.0,False,False,False,True
3075,41315,internal,0.2801876366138458,0.0,-0.0005105046926673579,-0.0005105046926673579,3494.75,1958.25,False,False,False,True
3076,41349,internal,0.3273174464702606,0.0,-0.0008032156681950394,-0.0008032156681950394,2583.5,1943.25,False,False,False,True
3077,41350,internal,0.32794657349586487,0.0,-0.0008092366960214782,-0.0008092366960214782,2577.25,1935.5,False,False,False,True
3078,41357,internal,0.3386787474155426,0.0,-0.0008442862841041507,-0.0008442862841041507,2550.25,1898.0,False,False,False,True
3079,41376,internal,0.32427340745925903,0.0,-0.00077064868074121,-0.00077064868074121,2668.800048828125,1935.4000244140625,False,False,False,True
3080,41388,internal,0.3339657485485077,0.0,-0.0007809549541269267,-0.0007809549541269267,2630.75,1913.25,False,False,False,True
3081,41421,internal,0.342162162065506,0.0,-0.0008143718862037666,-0.0008143718862037666,2577.75,1878.25,False,False,False,True
3082,41423,internal,0.36085498332977295,0.0,-0.0008444975129453722,-0.0008444975129453722,2564.10009765625,1853.9000244140625,False,False,False,True
3083,41424,internal,0.3368130922317505,0.0,-0.0007827420877665149,-0.0007827420877665149,2626.25,1885.5,False,False,False,True
3084,41442,internal,0.3400498628616333,0.0,-0.0007815226250202647,-0.0007815226250202647,2641.199951171875,1863.0,False,False,False,True
3085,41446,internal,0.3385404050350189,0.0,-0.0007764736733799186,-0.0007764736733799186,2669.5,1879.0,False,False,False,True
3086,41454,internal,0.343262255191803,0.0,-0.0007814153694733186,-0.0007814153694733186,2634.75,1846.75,False,False,False,True
3087,41471,internal,0.3279552459716797,0.0,-0.0007601338784317911,-0.0007601338784317911,2700.0,1907.75,False,False,False,True
3088,41472,internal,0.32555022835731506,0.0,-0.0007629495218275828,-0.0007629495218275828,2699.300048828125,1919.0999755859375,False,False,False,True
3089,41497,internal,0.30213242769241333,0.0,-0.0007077245089138194,-0.0007077245089138194,2775.199951171875,1939.4000244140625,False,False,False,True
3090,41518,internal,0.3205147683620453,0.0,-0.0007712269924859479,-0.0007712269924859479,2668.0,1962.0,False,False,False,True
3091,41522,internal,0.3352653384208679,0.0,-0.0007501079200120564,-0.0007501079200120564,2710.0,1880.75,False,False,False,True
3092,41538,internal,0.33716726303100586,0.0,-0.0007463842572968081,-0.0007463842572968081,2715.25,1866.0,False,False,False,True
3093,41575,internal,0.36842048168182373,0.0,-0.000839898812256051,-0.000839898812256051,2570.699951171875,1832.0,False,False,False,True
3094,41585,internal,0.36222225427627563,0.0,-0.0008203086342519535,-0.0008203086342519535,2584.5,1829.5,False,False,False,True
3095,41601,internal,0.3592449724674225,0.0,-0.0007951809254156219,-0.0007951809254156219,2603.300048828125,1810.0,False,False,False,True
3096,41619,internal,0.3477763831615448,0.0,-0.0007884599307373958,-0.0007884599307373958,2612.800048828125,1827.199951171875,False,False,False,True
3097,41622,internal,0.36594632267951965,0.0,-0.0007795424208082618,-0.0007795424208082618,2607.0,1794.5,False,False,False,True
3098,41627,internal,0.37170490622520447,0.0,-0.0007425945789512332,-0.0007425945789512332,2663.39990234375,1782.300048828125,False,False,False,True
3099,41647,internal,0.37884384393692017,0.0,-0.0008046033728604379,-0.0008046033728604379,2573.699951171875,1778.0999755859375,False,False,False,True
3100,41650,internal,0.4137086272239685,0.0,-0.0008258068309916996,-0.0008258068309916996,2550.300048828125,1746.800048828125,False,False,False,True
3101,41661,internal,0.41078948974609375,0.0,-0.0008146832237514417,-0.0008146832237514417,2567.5,1747.0,False,False,False,True
3102,41675,internal,0.37503376603126526,0.0,-0.0007505213250298757,-0.0007505213250298757,2633.800048828125,1770.199951171875,False,False,False,True
3103,41707,internal,0.36028915643692017,0.0,-0.0007531989549948242,-0.0007531989549948242,2672.0,1817.699951171875,False,False,False,True
3104,41714,internal,0.3483212888240814,0.0,-0.0007336762219891518,-0.0007336762219891518,2724.5,1829.25,False,False,False,True
3105,41736,internal,0.3592880666255951,0.0,-0.0006844138445680258,-0.0006844138445680258,2784.0,1835.25,False,False,False,True
3106,41742,internal,0.3650205433368683,0.0,-0.0007020119598988587,-0.0007020119598988587,2747.300048828125,1802.0,False,False,False,True
3107,41750,internal,0.3618241846561432,0.0,-0.0006890647966022807,-0.0006890647966022807,2766.75,1814.25,False,False,False,True
3108,41765,internal,0.37542012333869934,0.0,-0.0007027859891939716,-0.0007027859891939716,2740.10009765625,1767.199951171875,False,False,False,True
3109,41819,internal,0.30153587460517883,0.0,-0.0007024947686787937,-0.0007024947686787937,2797.0,1925.0,False,False,False,True
3110,41823,internal,0.29800042510032654,0.0,-0.0006874452166675713,-0.0006874452166675713,2840.60009765625,1934.699951171875,False,False,False,True
3111,41865,internal,0.318159282207489,0.0,-0.0006406759219080107,-0.0006406759219080107,2907.75,1905.0,False,False,False,True
3112,41882,internal,0.35819974541664124,0.0,-0.0006823083853589476,-0.0006823083853589476,2800.25,1851.75,False,False,False,True
3113,41894,internal,0.3277930021286011,0.0,-0.0006542776828541387,-0.0006542776828541387,2877.0,1886.300048828125,False,False,False,True
3114,41899,internal,0.3379247784614563,0.0,-0.0006549864376727537,-0.0006549864376727537,2873.699951171875,1868.800048828125,False,False,False,True
3115,41929,internal,0.2918383777141571,0.0,-0.0006631759757232819,-0.0006631759757232819,2914.5,1953.4000244140625,False,False,False,True
3116,41936,internal,0.29478007555007935,0.0,-0.0006578793198854232,-0.0006578793198854232,2916.0,1938.25,False,False,False,True
3117,41941,internal,0.29014384746551514,0.0,-0.0006459747482677968,-0.0006459747482677968,2940.25,1960.75,False,False,False,True
3118,41969,internal,0.2923450767993927,0.0,-0.0006290409714654072,-0.0006290409714654072,2982.0,1961.0,False,False,False,True
3119,41971,internal,0.306047260761261,0.0,-0.0006096966447742503,-0.0006096966447742503,2993.0,1918.0999755859375,False,False,False,True
3120,41996,internal,0.3157750964164734,0.0,-0.0006048104822784547,-0.0006048104822784547,2989.800048828125,1878.199951171875,False,False,False,True
3121,42011,internal,0.32748183608055115,0.0,-0.000601797533145512,-0.000601797533145512,2974.800048828125,1850.699951171875,False,False,False,True
3122,42014,internal,0.30847248435020447,0.0,-0.0006103980939336953,-0.0006103980939336953,2978.699951171875,1901.0,False,False,False,True
3123,42036,internal,0.32855069637298584,0.0,-0.0005772954110802868,-0.0005772954110802868,3030.5,1856.5,False,False,False,True
3124,42056,internal,0.346922904253006,0.0,-0.000659227796337452,-0.000659227796337452,2852.699951171875,1851.699951171875,False,False,False,True
3125,42062,internal,0.3583306074142456,0.0,-0.0006476389033113555,-0.0006476389033113555,2857.5,1833.5,False,False,False,True
3126,42098,internal,0.37765470147132874,0.0,-0.000641896972841037,-0.000641896972841037,2806.0,1769.0,False,False,False,True
3127,42125,internal,0.37610384821891785,0.0,-0.0006335875796284723,-0.0006335875796284723,2843.699951171875,1770.0,False,False,False,True
3128,42140,internal,0.3670927584171295,0.0,-0.000620863927150851,-0.000620863927150851,2899.25,1799.25,False,False,False,True
3129,42145,internal,0.37905433773994446,0.0,-0.0006270510263745109,-0.0006270510263745109,2851.800048828125,1750.800048828125,False,False,False,True
3130,42156,internal,0.3714017868041992,0.0,-0.0006350053539634984,-0.0006350053539634984,2857.39990234375,1796.4000244140625,False,False,False,True
3131,42197,internal,0.3337929844856262,0.0,-0.0005780716638368862,-0.0005780716638368862,3021.10009765625,1836.5999755859375,False,False,False,True
3132,42209,internal,0.34490737318992615,0.0,-0.0005900190106183489,-0.0005900190106183489,2978.5,1815.5,False,False,False,True
3133,42213,internal,0.3381612002849579,0.0,-0.00056903334583365,-0.00056903334583365,3027.10009765625,1818.199951171875,False,False,False,True
3134,42220,internal,0.3347989320755005,0.0,-0.0005924300899027082,-0.0005924300899027082,2983.5,1833.699951171875,False,False,False,True
3135,42236,internal,0.3727760314941406,0.0,-0.0005845415132462513,-0.0005845415132462513,2967.39990234375,1772.800048828125,False,False,False,True
3136,42241,internal,0.3792603313922882,0.0,-0.0006016735486978576,-0.0006016735486978576,2924.75,1754.5,False,False,False,True
3137,42253,internal,0.3514310121536255,0.0,-0.0005912280972109952,-0.0005912280972109952,2969.0,1808.0,False,False,False,True
3138,42276,internal,0.3745955526828766,0.0,-0.0005357408746604973,-0.0005357408746604973,3040.199951171875,1760.5999755859375,False,False,False,True
3139,42284,internal,0.3408675789833069,0.0,-0.0005575599669257352,-0.0005575599669257352,3045.699951171875,1810.800048828125,False,False,False,True
3140,42317,internal,0.41032853722572327,0.0,-0.0007706988674433348,-0.0007706988674433348,2617.0,1723.5,False,False,False,True
3141,42318,internal,0.40331411361694336,0.0,-0.0007754496634862474,-0.0007754496634862474,2614.89990234375,1736.25,False,False,False,True
3142,42334,internal,0.44773221015930176,0.0,-0.0008140792363204902,-0.0008140792363204902,2553.5,1678.0,False,False,False,True
3143,42340,internal,0.44711053371429443,0.0,-0.0007996184251471688,-0.0007996184251471688,2591.0,1681.0,False,False,False,True
3144,42346,internal,0.4451695382595062,0.0,-0.000744410511711028,-0.000744410511711028,2625.39990234375,1686.0999755859375,False,False,False,True
3145,42352,internal,0.4477636218070984,0.0,-0.0008117524897539418,-0.0008117524897539418,2576.0,1675.75,False,False,False,True
3146,42379,internal,0.44984880089759827,0.0,-0.0007122185480945955,-0.0007122185480945955,2669.75,1653.5,False,False,False,True
3147,42386,internal,0.4484022557735443,0.0,-0.000718026864772155,-0.000718026864772155,2661.5,1662.5,False,False,False,True
3148,42402,internal,0.37611016631126404,0.0,-0.0007103257470948373,-0.0007103257470948373,2716.300048828125,1753.699951171875,False,False,False,True
3149,42403,internal,0.4037473201751709,0.0,-0.0006884013051067846,-0.0006884013051067846,2718.800048828125,1714.699951171875,False,False,False,True
3150,42419,internal,0.4068337678909302,0.0,-0.0006637648753798605,-0.0006637648753798605,2748.60009765625,1705.4000244140625,False,False,False,True
3151,42428,internal,0.3888634741306305,0.0,-0.0006739518229991327,-0.0006739518229991327,2770.300048828125,1734.199951171875,False,False,False,True
3152,42436,internal,0.41125234961509705,0.0,-0.0006573741176719452,-0.0006573741176719452,2755.39990234375,1694.300048828125,False,False,False,True
3153,42444,internal,0.41599220037460327,0.0,-0.000629811347930935,-0.000629811347930935,2793.300048828125,1688.5999755859375,False,False,False,True
3154,42465,internal,0.4409655034542084,0.0,-0.0006419124841318836,-0.0006419124841318836,2735.699951171875,1661.199951171875,False,False,False,True
3155,42490,internal,0.4132477939128876,0.0,-0.0006445399273947072,-0.0006445399273947072,2773.0,1689.25,False,False,False,True
3156,42509,internal,0.39207375049591064,0.0,-0.0006565285140927894,-0.0006565285140927894,2794.0,1727.9000244140625,False,False,False,True
3157,42511,internal,0.38437679409980774,0.0,-0.0006833987814598599,-0.0006833987814598599,2764.25,1743.25,False,False,False,True
3158,42514,internal,0.4497320353984833,0.0,-0.0008116459753608246,-0.0008116459753608246,2580.75,1635.0,False,False,False,True
3159,42528,internal,0.4598912000656128,0.0,-0.0008111447436142869,-0.0008111447436142869,2566.25,1600.75,False,False,False,True
3160,42541,internal,0.46042144298553467,0.0,-0.0008036743894755368,-0.0008036743894755368,2577.75,1590.0,False,False,False,True
3161,42543,internal,0.46075955033302307,0.0,-0.0008030301679795907,-0.0008030301679795907,2584.75,1576.5,False,False,False,True
3162,42551,internal,0.4562409222126007,0.0,-0.0007015805024913511,-0.0007015805024913511,2670.0,1613.5,False,False,False,True
3163,42564,internal,0.46178773045539856,0.0,-0.0007428176133141571,-0.0007428176133141571,2633.10009765625,1598.699951171875,False,False,False,True
3164,42585,internal,0.46234914660453796,0.0,-0.0007892222603899247,-0.0007892222603899247,2597.75,1563.75,False,False,False,True
3165,42611,internal,0.4725551903247833,0.0,-0.0007051139004308224,-0.0007051139004308224,2617.60009765625,1556.199951171875,False,False,False,True
3166,42619,internal,0.4725973904132843,0.0,-0.0006908267310116881,-0.0006908267310116881,2636.39990234375,1567.9000244140625,False,False,False,True
3167,42630,internal,0.4787546396255493,0.0,-0.0006566985559569507,-0.0006566985559569507,2649.75,1562.0,False,False,False,True
3168,42631,internal,0.4822844862937927,0.0,-0.0006402969805432328,-0.0006402969805432328,2646.5,1545.25,False,False,False,True
3169,42658,internal,0.4687401354312897,0.0,-0.000660928479676861,-0.000660928479676861,2683.300048828125,1589.5999755859375,False,False,False,True
3170,42666,internal,0.4528735280036926,0.0,-0.0007036912556563496,-0.0007036912556563496,2672.25,1635.0,False,False,False,True
3171,42676,internal,0.49081897735595703,0.0,-0.0005386182985218793,-0.0005386182985218793,2768.0,1602.75,False,False,False,True
3172,42687,internal,0.49359479546546936,0.0,-0.0005326767859133641,-0.0005326767859133641,2772.25,1586.5,False,False,False,True
3173,42696,internal,0.4888678789138794,0.0,-0.0006049056146663432,-0.0006049056146663432,2671.89990234375,1562.0999755859375,False,False,False,True
3174,42703,internal,0.4937295913696289,0.0,-0.0005774561885215875,-0.0005774561885215875,2713.5,1560.4000244140625,False,False,False,True
3175,42710,internal,0.49458205699920654,0.0,-0.0005834784868974472,-0.0005834784868974472,2679.5,1550.75,False,False,False,True
3176,42726,internal,0.49394428730010986,0.0,-0.000563418046788946,-0.000563418046788946,2735.699951171875,1561.0999755859375,False,False,False,True
3177,42737,internal,0.48924770951271057,0.0,-0.0005407063935555388,-0.0005407063935555388,2774.75,1616.75,False,False,False,True
3178,42765,internal,0.39889517426490784,0.0,-0.0006440391191646431,-0.0006440391191646431,2805.0,1712.5999755859375,False,False,False,True
3179,42766,internal,0.3950011134147644,0.0,-0.0006394669411944828,-0.0006394669411944828,2828.89990234375,1718.4000244140625,False,False,False,True
3180,42820,internal,0.42653268575668335,0.0,-0.0006153798123338531,-0.0006153798123338531,2808.300048828125,1670.9000244140625,False,False,False,True
3181,42824,internal,0.4259224534034729,0.0,-0.0006136531886104344,-0.0006136531886104344,2825.5,1670.0,False,False,False,True
3182,42853,internal,0.4443873167037964,0.0,-0.0005327903412678553,-0.0005327903412678553,2884.89990234375,1667.0999755859375,False,False,False,True
3183,42864,internal,0.454785019159317,0.0,-0.000530049766167014,-0.000530049766167014,2872.75,1651.0,False,False,False,True
3184,42867,internal,0.43239709734916687,0.0,-0.000536061476631033,-0.000536061476631033,2912.39990234375,1672.199951171875,False,False,False,True
3185,42878,internal,0.38079965114593506,0.0,-0.0006045177265160599,-0.0006045177265160599,2913.5,1749.0,False,False,False,True
3186,42881,internal,0.40272900462150574,0.0,-0.000569457603461106,-0.000569457603461106,2930.199951171875,1715.199951171875,False,False,False,True
3187,42910,internal,0.3815474510192871,0.0,-0.0005407285222912858,-0.0005407285222912858,3008.60009765625,1752.5999755859375,False,False,False,True
3188,42923,internal,0.3944365680217743,0.0,-0.0005276123229821714,-0.0005276123229821714,2987.60009765625,1695.0,False,False,False,True
3189,42930,internal,0.39347612857818604,0.0,-0.0005266214532525615,-0.0005266214532525615,2998.10009765625,1706.199951171875,False,False,False,True
3190,42955,internal,0.4305191934108734,0.0,-0.000511898538321624,-0.000511898538321624,2956.10009765625,1660.800048828125,False,False,False,True
3191,42968,internal,0.40596523880958557,0.0,-0.0005050090899660128,-0.0005050090899660128,3024.199951171875,1668.5,False,False,False,True
3192,42999,internal,0.4876708686351776,0.0,-0.0005422651988762827,-0.0005422651988762827,2778.0,1626.75,False,False,False,True
3193,43019,internal,0.4878484904766083,0.0,-0.0005190262146936506,-0.0005190262146936506,2838.60009765625,1597.300048828125,False,False,False,True
3194,43043,internal,0.47979721426963806,0.0,-0.000516868610018757,-0.000516868610018757,2854.800048828125,1606.4000244140625,False,False,False,True
3195,43066,internal,0.5001970529556274,0.0,-0.0005178212044470629,-0.0005178212044470629,2798.300048828125,1536.699951171875,False,False,False,True
3196,43071,internal,0.5000962615013123,0.0,-0.0005173656595401177,-0.0005173656595401177,2824.39990234375,1526.5999755859375,False,False,False,True
3197,43086,internal,0.4889894127845764,0.0,-0.00047026660426627916,-0.00047026660426627916,2897.0,1586.0,False,False,False,True
3198,43106,internal,0.4933125078678131,0.0,-0.0004438815808988669,-0.0004438815808988669,2926.60009765625,1591.5999755859375,False,False,False,True
3199,43112,internal,0.46948230266571045,0.0,-0.00045991782041452213,-0.00045991782041452213,2949.75,1608.5,False,False,False,True
3200,43116,internal,0.43349069356918335,0.0,-0.0004957736250443031,-0.0004957736250443031,2970.300048828125,1637.5,False,False,False,True
3201,43131,internal,0.49237918853759766,0.0,-0.0004322960495347798,-0.0004322960495347798,2962.699951171875,1594.4000244140625,False,False,False,True
3202,43142,internal,0.4346635937690735,0.0,-0.00046137953458368704,-0.00046137953458368704,3044.800048828125,1623.9000244140625,False,False,False,True
3203,43143,internal,0.4303120970726013,0.0,-0.00047598968825352124,-0.00047598968825352124,3007.25,1631.75,False,False,False,True
3204,43179,internal,0.500438392162323,0.0,-0.0004262089796082348,-0.0004262089796082348,2946.89990234375,1575.800048828125,False,False,False,True
3205,43191,internal,0.5053754448890686,0.0,-0.00041815136693924143,-0.00041815136693924143,2954.14990234375,1546.8499755859375,False,False,False,True
3206,43207,internal,0.45292866230010986,0.0,-0.00044710067667534767,-0.00044710067667534767,3029.60009765625,1586.5,False,False,False,True
3207,43227,internal,0.5117695331573486,0.0,-0.0004144303512019533,-0.0004144303512019533,2932.25,1535.75,False,False,False,True
3208,43234,internal,0.2961144745349884,0.0,-0.0005950240753641153,-0.0005950240753641153,3061.60009765625,1941.9000244140625,False,False,False,True
3209,43246,internal,0.2919178009033203,0.0,-0.0005848257986791735,-0.0005848257986791735,3077.89990234375,1939.300048828125,False,False,False,True
3210,43254,internal,0.29282933473587036,0.0,-0.0005823677090662416,-0.0005823677090662416,3084.5,1916.25,False,False,False,True
3211,43273,internal,0.2944793999195099,0.0,-0.0005617044991366505,-0.0005617044991366505,3127.5,1928.5,False,False,False,True
3212,43291,internal,0.2979533076286316,0.0,-0.0005531293493368848,-0.0005531293493368848,3141.800048828125,1921.699951171875,False,False,False,True
3213,43311,internal,0.3277529776096344,0.0,-0.0005518829932945593,-0.0005518829932945593,3079.5,1863.75,False,False,False,True
3214,43329,internal,0.3045404553413391,0.0,-0.0005448085211795322,-0.0005448085211795322,3143.75,1899.25,False,False,False,True
3215,43335,internal,0.32352712750434875,0.0,-0.0005439289304033678,-0.0005439289304033678,3118.300048828125,1868.9000244140625,False,False,False,True
3216,43362,internal,0.2883194088935852,0.0,-0.000546137198236419,-0.000546137198236419,3202.300048828125,1952.9000244140625,False,False,False,True
3217,43393,internal,0.285407692193985,0.0,-0.000517045057569582,-0.000517045057569582,3275.300048828125,1925.5,False,False,False,True
3218,43406,internal,0.3064912259578705,0.0,-0.0005379968410363907,-0.0005379968410363907,3165.699951171875,1886.4000244140625,False,False,False,True
3219,43416,internal,0.3097541332244873,0.0,-0.000528395140244112,-0.000528395140244112,3198.5,1886.5,False,False,False,True
3220,43448,internal,0.3116464912891388,0.0,-0.0005245628984929375,-0.0005245628984929375,3214.0,1867.4000244140625,False,False,False,True
3221,43457,internal,0.2968362271785736,0.0,-0.0005153960432399554,-0.0005153960432399554,3265.800048828125,1862.800048828125,False,False,False,True
3222,43461,internal,0.29601529240608215,0.0,-0.0005146731006194739,-0.0005146731006194739,3279.89990234375,1862.199951171875,False,False,False,True
3223,43470,internal,0.32836464047431946,0.0,-0.0005470960395327108,-0.0005470960395327108,3088.5,1855.0,False,False,False,True
3224,43477,internal,0.3374916613101959,0.0,-0.0005388531913460648,-0.0005388531913460648,3084.0,1823.699951171875,False,False,False,True
3225,43499,internal,0.33202850818634033,0.0,-0.000519703046958066,-0.000519703046958066,3159.0,1840.199951171875,False,False,False,True
3226,43513,internal,0.34436312317848206,0.0,-0.0005150382776988589,-0.0005150382776988589,3139.800048828125,1798.699951171875,False,False,False,True
3227,43550,internal,0.3440932035446167,0.0,-0.0005187088420362262,-0.0005187088420362262,3102.39990234375,1797.300048828125,False,False,False,True
3228,43557,internal,0.351794570684433,0.0,-0.0005043257461358154,-0.0005043257461358154,3154.699951171875,1774.0,False,False,False,True
3229,43582,internal,0.3196764588356018,0.0,-0.0005215140563388549,-0.0005215140563388549,3203.699951171875,1849.199951171875,False,False,False,True
3230,43600,internal,0.3442443609237671,0.0,-0.0004906984153825922,-0.0004906984153825922,3229.85009765625,1811.449951171875,False,False,False,True
3231,43605,internal,0.2971035838127136,0.0,-0.0005136768839943844,-0.0005136768839943844,3285.5,1846.25,False,False,False,True
3232,43626,internal,0.3277392089366913,0.0,-0.0004955819838399868,-0.0004955819838399868,3259.300048828125,1824.699951171875,False,False,False,True
3233,43632,internal,0.33321863412857056,0.0,-0.00047976957278064356,-0.00047976957278064356,3279.75,1809.0,False,False,False,True
3234,43650,internal,0.3556877672672272,0.0,-0.0004821243243740105,-0.0004821243243740105,3225.5,1782.4000244140625,False,False,False,True
3235,43656,internal,0.3636532127857208,0.0,-0.00048650650226618984,-0.00048650650226618984,3182.300048828125,1757.9000244140625,False,False,False,True
3236,43695,internal,0.3581848442554474,0.0,-0.00047581223485107147,-0.00047581223485107147,3260.0,1771.0,False,False,False,True
3237,43703,internal,0.28476032614707947,0.0,-0.0005171734889402094,-0.0005171734889402094,3296.199951171875,1934.800048828125,False,False,False,True
3238,43724,internal,0.2882089912891388,0.0,-0.0005128570090410015,-0.0005128570090410015,3328.300048828125,1900.5999755859375,False,False,False,True
3239,43730,internal,0.2838553488254547,0.0,-0.0005118615335697409,-0.0005118615335697409,3403.800048828125,1951.5999755859375,False,False,False,True
3240,43734,internal,0.2847655117511749,0.0,-0.0005116954092329606,-0.0005116954092329606,3379.0,1942.75,False,False,False,True
3241,43748,internal,0.2857378423213959,0.0,-0.0005111516140808234,-0.0005111516140808234,3377.25,1922.5,False,False,False,True
3242,43756,internal,0.290010929107666,0.0,-0.0005052438769110798,-0.0005052438769110798,3426.0,1892.5,False,False,False,True
3243,43766,internal,0.2867761552333832,0.0,-0.0005116807979146205,-0.0005116807979146205,3350.75,1904.5,False,False,False,True
3244,43804,internal,0.3137396275997162,0.0,-0.0004854935567403921,-0.0004854935567403921,3409.25,1863.0,False,False,False,True
3245,43806,internal,0.3231433928012848,0.0,-0.00047773531727869395,-0.00047773531727869395,3406.5,1848.5,False,False,False,True
3246,43824,internal,0.2808554470539093,0.0,-0.0005099163224063714,-0.0005099163224063714,3517.5,1944.75,False,False,False,True
3247,43830,internal,0.2872281074523926,0.0,-0.0005062966859249577,-0.0005062966859249577,3433.75,1904.0,False,False,False,True
3248,43839,internal,0.2794823944568634,0.0,-0.0005111279500978594,-0.0005111279500978594,3475.75,1973.75,False,False,False,True
3249,43843,internal,0.2838267982006073,0.0,-0.000507292320214896,-0.000507292320214896,3560.0,1919.199951171875,False,False,False,True
3250,43882,internal,0.352563738822937,0.0,-0.0004479187516837177,-0.0004479187516837177,3461.25,1850.0,False,False,False,True
3251,43889,internal,0.36016547679901123,0.0,-0.0004406739200671741,-0.0004406739200671741,3493.300048828125,1862.800048828125,False,False,False,True
3252,43905,internal,0.4292655289173126,0.0,-0.00037956729565613394,-0.00037956729565613394,3531.39990234375,1847.0,False,False,False,True
3253,43917,internal,0.4371435344219208,0.0,-0.0003726362103372092,-0.0003726362103372092,3548.75,1845.25,False,False,False,True
3254,43920,internal,0.3312629461288452,0.0,-0.0004768918842214655,-0.0004768918842214655,3299.699951171875,1818.300048828125,False,False,False,True
3255,43943,internal,0.3382750153541565,0.0,-0.00046833055164665184,-0.00046833055164665184,3360.199951171875,1810.5,False,False,False,True
3256,43965,internal,0.3475191593170166,0.0,-0.00045824270688220835,-0.00045824270688220835,3406.300048828125,1796.5,False,False,False,True
3257,43969,internal,0.33600524067878723,0.0,-0.00046855993875668015,-0.00046855993875668015,3392.89990234375,1821.699951171875,False,False,False,True
3258,43982,internal,0.35606884956359863,0.0,-0.00046310462305988883,-0.00046310462305988883,3328.5,1767.5,False,False,False,True
3259,43983,internal,0.3543739318847656,0.0,-0.000461288425602298,-0.000461288425602298,3349.5,1771.5999755859375,False,False,False,True
3260,44003,internal,0.35651424527168274,0.0,-0.0004586541001967779,-0.0004586541001967779,3359.75,1759.5,False,False,False,True
3261,44018,internal,0.36371341347694397,0.0,-0.00045262116096951837,-0.00045262116096951837,3361.25,1746.0,False,False,False,True
3262,44039,internal,0.35780254006385803,0.0,-0.00044307557610999524,-0.00044307557610999524,3476.300048828125,1850.9000244140625,False,False,False,True
3263,44056,internal,0.3707500100135803,0.0,-0.0004331540409707892,-0.0004331540409707892,3474.75,1797.0,False,False,False,True
3264,44079,internal,0.4463896155357361,0.0,-0.00036452192587008863,-0.00036452192587008863,3560.25,1784.0,False,False,False,True
3265,44083,internal,0.3742906153202057,0.0,-0.00043151558808322376,-0.00043151558808322376,3437.75,1773.25,False,False,False,True
3266,44113,internal,0.4457029700279236,0.0,-0.00036511151374093683,-0.00036511151374093683,3514.0,1773.5,False,False,False,True
3267,44132,internal,0.45463213324546814,0.0,-0.00035730761390942575,-0.00035730761390942575,3567.25,1741.75,False,False,False,True
3268,44143,internal,0.37260499596595764,0.0,-0.0005263429382315924,-0.0005263429382315924,3066.699951171875,1745.5,False,False,False,True
3269,44163,internal,0.39047569036483765,0.0,-0.0004770967603155826,-0.0004770967603155826,3101.699951171875,1700.5,False,False,False,True
3270,44175,internal,0.3869289755821228,0.0,-0.0004720219741703453,-0.0004720219741703453,3127.89990234375,1717.800048828125,False,False,False,True
3271,44184,internal,0.3859492242336273,0.0,-0.0004644610933853574,-0.0004644610933853574,3184.0,1695.25,False,False,False,True
3272,44193,internal,0.3874061405658722,0.0,-0.00046415854380451,-0.00046415854380451,3168.75,1687.25,False,False,False,True
3273,44213,internal,0.40070733428001404,0.0,-0.0004705431075839985,-0.0004705431075839985,3097.5,1679.5999755859375,False,False,False,True
3274,44246,internal,0.4045291841030121,0.0,-0.0004543563079619688,-0.0004543563079619688,3137.60009765625,1655.5999755859375,False,False,False,True
3275,44262,internal,0.42117372155189514,0.0,-0.00047396660299856355,-0.00047396660299856355,3056.800048828125,1659.0999755859375,False,False,False,True
3276,44263,internal,0.38528966903686523,0.0,-0.0004646858218141758,-0.0004646858218141758,3202.0,1699.75,False,False,False,True
3277,44279,internal,0.3852475881576538,0.0,-0.00046387240548701565,-0.00046387240548701565,3217.75,1694.75,False,False,False,True
3278,44306,internal,0.3618065416812897,0.0,-0.00046834018664642686,-0.00046834018664642686,3294.5,1742.5,False,False,False,True
3279,44307,internal,0.3618803322315216,0.0,-0.00046960824790802575,-0.00046960824790802575,3280.0,1744.0,False,False,False,True
3280,44315,internal,0.3930000364780426,0.0,-0.00043874239377985865,-0.00043874239377985865,3308.0,1697.4000244140625,False,False,False,True
3281,44325,internal,0.39285796880722046,0.0,-0.0004430668146129471,-0.0004430668146129471,3295.0,1683.75,False,False,False,True
3282,44337,internal,0.4013630747795105,0.0,-0.0004397693947586249,-0.0004397693947586249,3268.800048828125,1652.699951171875,False,False,False,True
3283,44369,internal,0.390654981136322,0.0,-0.0004494380111537367,-0.0004494380111537367,3276.25,1678.75,False,False,False,True
3284,44391,internal,0.43779152631759644,0.0,-0.00045664366749646984,-0.00045664366749646984,3045.0,1609.25,False,False,False,True
3285,44412,internal,0.44181016087532043,0.0,-0.00043280236347900106,-0.00043280236347900106,3093.0,1596.699951171875,False,False,False,True
3286,44418,internal,0.43400663137435913,0.0,-0.00043139710934972657,-0.00043139710934972657,3146.300048828125,1615.199951171875,False,False,False,True
3287,44446,internal,0.4402593672275543,0.0,-0.00043061662142839094,-0.00043061662142839094,3115.39990234375,1594.4000244140625,False,False,False,True
3288,44473,internal,0.48304060101509094,0.0,-0.00038940073936882553,-0.00038940073936882553,3089.10009765625,1545.300048828125,False,False,False,True
3289,44486,internal,0.4584837555885315,0.0,-0.0003914885961744686,-0.0003914885961744686,3195.89990234375,1575.800048828125,False,False,False,True
3290,44489,internal,0.47398582100868225,0.0,-0.00038719861252464196,-0.00038719861252464196,3132.39990234375,1544.9000244140625,False,False,False,True
3291,44501,internal,0.4799320697784424,0.0,-0.0003739540347844593,-0.0003739540347844593,3168.699951171875,1537.300048828125,False,False,False,True
3292,44507,internal,0.4598708748817444,0.0,-0.0003877263140507814,-0.0003877263140507814,3212.60009765625,1575.800048828125,False,False,False,True
3293,44531,internal,0.4568234384059906,0.0,-0.0003759053075273576,-0.0003759053075273576,3284.5,1618.5,False,False,False,True
3294,44540,internal,0.4574876129627228,0.0,-0.0003741337381181752,-0.0003741337381181752,3299.5,1619.199951171875,False,False,False,True
3295,44547,internal,0.457833468914032,0.0,-0.00037951618251172306,-0.00037951618251172306,3261.10009765625,1600.0,False,False,False,True
3296,44555,internal,0.4767516255378723,0.0,-0.0003517985380902634,-0.0003517985380902634,3305.300048828125,1583.300048828125,False,False,False,True
3297,44584,internal,0.4874413013458252,0.0,-0.0003551758172696439,-0.0003551758172696439,3233.89990234375,1546.5999755859375,False,False,False,True
3298,44602,internal,0.4821653962135315,0.0,-0.0003504990836700569,-0.0003504990836700569,3279.5,1570.0,False,False,False,True
3299,44610,internal,0.48937132954597473,0.0,-0.0003482045772950634,-0.0003482045772950634,3263.5,1551.800048828125,False,False,False,True
3300,44644,internal,0.39066800475120544,0.0,-0.00043373666728960215,-0.00043373666728960215,3360.5,1713.75,False,False,False,True
3301,44660,internal,0.3871440589427948,0.0,-0.00042747682911159685,-0.00042747682911159685,3390.75,1729.0,False,False,False,True
3302,44661,internal,0.3878907561302185,0.0,-0.00042452865152933946,-0.00042452865152933946,3399.25,1727.0,False,False,False,True
3303,44667,internal,0.39920589327812195,0.0,-0.00040907305309902705,-0.00040907305309902705,3437.0,1718.5,False,False,False,True
3304,44693,internal,0.3954124450683594,0.0,-0.0004324753028822425,-0.0004324753028822425,3342.699951171875,1698.4000244140625,False,False,False,True
3305,44702,internal,0.4472109377384186,0.0,-0.00037855472070725063,-0.00037855472070725063,3350.300048828125,1662.0,False,False,False,True
3306,44728,internal,0.4225784242153168,0.0,-0.00038760442071571557,-0.00038760442071571557,3433.5,1677.5999755859375,False,False,False,True
3307,44736,internal,0.4037761092185974,0.0,-0.0004048932896114619,-0.0004048932896114619,3417.25,1697.25,False,False,False,True
3308,44737,internal,0.4726077914237976,0.0,-0.00034477877900967297,-0.00034477877900967297,3423.89990234375,1650.699951171875,False,False,False,True
3309,44742,internal,0.3883134424686432,0.0,-0.0004195938111088563,-0.0004195938111088563,3432.5,1733.5,False,False,False,True
3310,44748,internal,0.4376870393753052,0.0,-0.0003725127552851469,-0.0003725127552851469,3496.5,1724.5,False,False,False,True
3311,44767,internal,0.4469836950302124,0.0,-0.00036401651189837383,-0.00036401651189837383,3506.25,1716.0,False,False,False,True
3312,44790,internal,0.4619135856628418,0.0,-0.0003509455494425987,-0.0003509455494425987,3570.25,1721.75,False,False,False,True
3313,44809,internal,0.413723886013031,0.0,-0.00039534762534259996,-0.00039534762534259996,3458.10009765625,1703.4000244140625,False,False,False,True
3314,44841,internal,0.4837675392627716,0.0,-0.0003320178041428133,-0.0003320178041428133,3523.0,1655.75,False,False,False,True
3315,44845,internal,0.4840436577796936,0.0,-0.00033164423614329456,-0.00033164423614329456,3563.60009765625,1659.199951171875,False,False,False,True
3316,44856,internal,0.46290457248687744,0.0,-0.000358781265949191,-0.000358781265949191,3380.0,1634.4000244140625,False,False,False,True
3317,44859,internal,0.45519018173217773,0.0,-0.00036813039210451036,-0.00036813039210451036,3367.10009765625,1653.5999755859375,False,False,False,True
3318,44873,internal,0.46566954255104065,0.0,-0.0003540259435739666,-0.0003540259435739666,3400.699951171875,1651.800048828125,False,False,False,True
3319,44888,internal,0.48386478424072266,0.0,-0.0003369080694544472,-0.0003369080694544472,3394.699951171875,1588.4000244140625,False,False,False,True
3320,44922,internal,0.4848477840423584,0.0,-0.00034009278098722537,-0.00034009278098722537,3341.0,1569.5,False,False,False,True
3321,44938,internal,0.4849485754966736,0.0,-0.00033508041058228884,-0.00033508041058228884,3414.60009765625,1584.5,False,False,False,True
3322,44950,internal,0.4997837543487549,0.0,-0.0003208221726322592,-0.0003208221726322592,3415.0,1541.300048828125,False,False,False,True
3323,44969,internal,0.48320281505584717,0.0,-0.00033496185243945284,-0.00033496185243945284,3447.39990234375,1609.699951171875,False,False,False,True
3324,44993,internal,0.48977625370025635,0.0,-0.0003265578827043713,-0.0003265578827043713,3567.5,1627.25,False,False,False,True
3325,45021,internal,0.5067291259765625,0.0,-0.0003116748256068436,-0.0003116748256068436,3494.60009765625,1576.0,False,False,False,True
3326,45043,internal,0.5079244375228882,0.0,-0.00031048122383526427,-0.00031048122383526427,3555.10009765625,1578.699951171875,False,False,False,True
3327,45058,internal,0.5151914358139038,0.0,-0.0003040270974749825,-0.0003040270974749825,3560.75,1552.0,False,False,False,True
3328,45061,internal,0.4809282422065735,0.0,-0.0003365041141479457,-0.0003365041141479457,3452.5,1629.5,False,False,False,True
3329,45063,internal,0.44896766543388367,0.0,-0.00037927273994872626,-0.00037927273994872626,3324.0,1650.0,False,False,False,True
3330,45068,internal,1.058386206626892,0.0,-0.0019977454173076333,-0.0019977454173076333,1867.5,1522.5,False,False,False,True
3331,45073,internal,1.080947756767273,0.0,-0.002025500145890315,-0.002025500145890315,1868.5,1512.5,False,False,False,True
3332,45105,internal,0.9395571947097778,0.0,-0.0018677413182553856,-0.0018677413182553856,1933.75,1485.0,False,False,False,True
3333,45110,internal,0.9603882431983948,0.0,-0.0018916583523122948,-0.0018916583523122948,1897.199951171875,1485.0,False,False,False,True
3334,45140,internal,1.7244538068771362,0.0,0.0012311758354821632,0.0012311758354821632,1870.9000244140625,1263.199951171875,False,False,False,True
3335,45144,internal,1.3363488912582397,0.0,-0.0023308447237054128,-0.0023308447237054128,1912.25,1397.75,False,False,False,True
3336,45166,internal,0.9664836525917053,0.0,-0.0018994103978455662,-0.0018994103978455662,1943.0,1466.75,False,False,False,True
3337,45171,internal,0.9263022541999817,0.0,-0.001852200804772111,-0.001852200804772111,1946.4000244140625,1518.699951171875,False,False,False,True
3338,45184,internal,1.1391984224319458,0.0,-0.002107039984315987,-0.002107039984315987,1969.75,1437.25,False,False,False,True
3339,45202,internal,0.9408376216888428,0.0,-0.001873461119989957,-0.001873461119989957,1998.75,1456.0,False,False,False,True
3340,45237,internal,1.3081116676330566,0.0,-0.0022983201408385053,-0.0022983201408385053,1920.0,1410.25,False,False,False,True
3341,45239,internal,1.18959641456604,0.0,-0.0021658850572276378,-0.0021658850572276378,1964.75,1419.5,False,False,False,True
3342,45244,internal,1.076629877090454,0.0,-0.0020501915798192515,-0.0020501915798192515,2002.75,1399.5,False,False,False,True
3343,45248,internal,1.0795788764953613,0.0,-0.0020535187252360664,-0.0020535187252360664,1996.9000244140625,1377.0,False,False,False,True
3344,45295,internal,1.6989046335220337,0.0,0.0011952287101127564,0.0011952287101127564,1901.199951171875,1228.4000244140625,False,False,False,True
3345,45314,internal,1.6557334661483765,0.0,0.0011348637424563762,0.0011348637424563762,1911.0,1157.199951171875,False,False,False,True
3346,45320,internal,1.7033216953277588,0.0,0.0012034064955811414,0.0012034064955811414,1887.050048828125,1223.699951171875,False,False,False,True
3347,45321,internal,1.6582221984863281,0.0,0.0011358734057295033,0.0011358734057295033,1927.5,1154.5,False,False,False,True
3348,45328,internal,1.6387815475463867,0.0,0.0011245506928070814,0.0011245506928070814,1876.75,1110.5,False,False,False,True
3349,45339,internal,1.6337417364120483,0.0,0.001119039367056653,0.001119039367056653,1867.0,1083.5,False,False,False,True
3350,45365,internal,1.627419114112854,0.0,0.0011029335649602044,0.0011029335649602044,1913.5999755859375,1061.5999755859375,False,False,False,True
3351,45371,internal,1.6872981786727905,0.0,0.0011738057645690374,0.0011738057645690374,1936.25,1250.75,False,False,False,True
3352,45395,internal,1.6558139324188232,0.0,0.0011306841642572682,0.0011306841642572682,1934.5,1151.5,False,False,False,True
3353,45402,internal,1.6846033334732056,0.0,0.0011693675236836617,0.0011693675236836617,1972.25,1221.0,False,False,False,True
3354,45412,internal,1.6334797143936157,0.0,0.0010867594708323836,0.0010867594708323836,1955.75,1133.25,False,False,False,True
3355,45419,internal,1.6232422590255737,0.0,0.0010637141395573174,0.0010637141395573174,2002.199951171875,1135.4000244140625,False,False,False,True
3356,45438,internal,1.6227049827575684,0.0,0.001090445969977071,0.001090445969977071,1928.0999755859375,1070.199951171875,False,False,False,True
3357,45457,internal,1.6182796955108643,0.0,0.001061595074881524,0.001061595074881524,1983.0,1091.5,False,False,False,True
3358,45461,internal,1.622395396232605,0.0,0.0010660049401631667,0.0010660049401631667,1985.0,1114.25,False,False,False,True
3359,45473,internal,1.6108052730560303,0.0,0.0010570369788341118,0.0010570369788341118,1977.0,1067.25,False,False,False,True
3360,45484,internal,1.6110655069351196,0.0,0.001061542770597031,0.001061542770597031,1967.800048828125,1055.800048828125,False,False,False,True
3361,45492,internal,0.9174780249595642,0.0,-0.0018429289703732286,-0.0018429289703732286,2003.25,1481.5,False,False,False,True
3362,45495,internal,0.9094023108482361,0.0,-0.001839458252871854,-0.001839458252871854,2036.0,1480.75,False,False,False,True
3363,45515,internal,0.915189266204834,0.0,-0.0018572558974013246,-0.0018572558974013246,2068.10009765625,1479.5999755859375,False,False,False,True
3364,45518,internal,0.907133162021637,0.0,-0.0018317915459080186,-0.0018317915459080186,2054.800048828125,1496.4000244140625,False,False,False,True
3365,45521,internal,0.8932198286056519,0.0,-0.0018180533067782643,-0.0018180533067782643,2081.25,1515.75,False,False,False,True
3366,45527,internal,0.9083456993103027,0.0,-0.0018532360907918925,-0.0018532360907918925,2086.89990234375,1484.800048828125,False,False,False,True
3367,45529,internal,0.9064992070198059,0.0,-0.001829215930473655,-0.001829215930473655,2052.5,1526.0,False,False,False,True
3368,45533,internal,0.9250074625015259,0.0,-0.0018729325714308704,-0.0018729325714308704,2063.300048828125,1457.5999755859375,False,False,False,True
3369,45539,internal,0.9200057983398438,0.0,-0.0018650422477689598,-0.0018650422477689598,2063.25,1469.25,False,False,False,True
3370,45550,internal,0.8946897983551025,0.0,-0.0018144930155427176,-0.0018144930155427176,2067.60009765625,1541.199951171875,False,False,False,True
3371,45558,internal,1.0102795362472534,0.0,-0.001976226333524401,-0.001976226333524401,2040.25,1408.75,False,False,False,True
3372,45585,internal,0.9936892986297607,0.0,-0.001957092071004163,-0.001957092071004163,2041.25,1422.0,False,False,False,True
3373,45601,internal,1.0367878675460815,0.0,-0.0020064037880944668,-0.0020064037880944668,2042.0,1385.0,False,False,False,True
3374,45611,internal,0.9411646723747253,0.0,-0.0018968892042780638,-0.0018968892042780638,2087.39990234375,1402.0,False,False,False,True
3375,45612,internal,0.9770192503929138,0.0,-0.0019364323021459203,-0.0019364323021459203,2042.75,1435.5,False,False,False,True
3376,45614,internal,0.9312452077865601,0.0,-0.0018848467251087126,-0.0018848467251087126,2095.25,1445.75,False,False,False,True
3377,45616,internal,0.8894643783569336,0.0,-0.0018309036436210593,-0.0018309036436210593,2098.5,1503.0,False,False,False,True
3378,45623,internal,0.880286455154419,0.0,-0.0018190369237882633,-0.0018190369237882633,2111.800048828125,1509.800048828125,False,False,False,True
3379,45638,internal,0.9167897701263428,0.0,-0.0018675448066116226,-0.0018675448066116226,2104.800048828125,1460.5,False,False,False,True
3380,45643,internal,0.9023118019104004,0.0,-0.0018461036498595377,-0.0018461036498595377,2090.75,1494.75,False,False,False,True
3381,45649,internal,0.851966381072998,0.0,-0.0017815555041140237,-0.0017815555041140237,2149.699951171875,1517.5999755859375,False,False,False,True
3382,45659,internal,0.8749787211418152,0.0,-0.0018140716166514586,-0.0018140716166514586,2128.800048828125,1502.9000244140625,False,False,False,True
3383,45664,internal,0.8972018957138062,0.0,-0.0018451223621901436,-0.0018451223621901436,2138.75,1470.0,False,False,False,True
3384,45678,internal,0.9349348545074463,0.0,-0.0018896121324699653,-0.0018896121324699653,2095.199951171875,1418.9000244140625,False,False,False,True
3385,45686,internal,0.9295684099197388,0.0,-0.0018841265353453096,-0.0018841265353453096,2128.5,1418.5,False,False,False,True
3386,45711,internal,0.9202214479446411,0.0,-0.0018738920480018727,-0.0018738920480018727,2155.39990234375,1424.0,False,False,False,True
3387,45724,internal,0.9245449900627136,0.0,-0.0018786835016262535,-0.0018786835016262535,2139.75,1421.75,False,False,False,True
3388,45727,internal,0.9034811854362488,0.0,-0.0018526270741028167,-0.0018526270741028167,2125.5,1465.75,False,False,False,True
3389,45729,internal,0.9128867983818054,0.0,-0.0018365666941481647,-0.0018365666941481647,1990.75,1520.0,False,False,False,True
3390,45739,internal,1.0496357679367065,0.0,-0.0020207571849021645,-0.0020207571849021645,2035.75,1372.0,False,False,False,True
3391,45741,internal,1.6838188171386719,0.0,0.0011679948009135177,0.0011679948009135177,2007.0,1203.5,False,False,False,True
3392,45777,internal,1.5912609100341797,0.0,0.0010049708164784556,0.0010049708164784556,2085.5,1139.75,False,False,False,True
3393,45803,internal,1.5766252279281616,0.0,0.0009840424322968147,0.0009840424322968147,2019.0,1060.5999755859375,False,False,False,True
3394,45804,internal,1.5657962560653687,0.0,0.0009627365890580537,0.0009627365890580537,2033.75,1061.75,False,False,False,True
3395,45811,internal,1.5929862260818481,0.0,0.0010081682599752222,0.0010081682599752222,2036.0,1131.199951171875,False,False,False,True
3396,45816,internal,1.5922890901565552,0.0,0.0010068589587970038,0.0010068589587970038,2059.699951171875,1136.4000244140625,False,False,False,True
3397,45823,internal,1.5636814832687378,0.0,0.000958260866964762,0.000958260866964762,2056.300048828125,1071.9000244140625,False,False,False,True
3398,45833,internal,1.5582566261291504,0.0,0.00094859558576188,0.00094859558576188,2066.25,1063.75,False,False,False,True
3399,45882,internal,1.5773030519485474,0.0,0.0009716233411032906,0.0009716233411032906,2127.0,1135.25,False,False,False,True
3400,45902,internal,1.529180645942688,0.0,0.0008968349905419458,0.0008968349905419458,2110.199951171875,1078.800048828125,False,False,False,True
3401,45918,internal,1.5422108173370361,0.0,0.0009162813847032468,0.0009162813847032468,2121.199951171875,1118.800048828125,False,False,False,True
3402,45931,internal,1.5290518999099731,0.0,0.0008844031938542128,0.0008844031938542128,2151.550048828125,1117.300048828125,False,False,False,True
3403,45940,internal,1.5017997026443481,0.0,0.000851847800163849,0.000851847800163849,2127.75,1049.0,False,False,False,True
3404,45942,internal,1.54021418094635,0.0,0.0009145088623819988,0.0009145088623819988,2122.5,1109.25,False,False,False,True
3405,45946,internal,1.499761939048767,0.0,0.0008485333602412429,0.0008485333602412429,2147.5,1055.800048828125,False,False,False,True
3406,45947,internal,1.5021198987960815,0.0,0.0008518133365108076,0.0008518133365108076,2158.0,1075.4000244140625,False,False,False,True
3407,45952,internal,1.5421838760375977,0.0,0.0009183951554231199,0.0009183951554231199,2113.300048828125,1100.4000244140625,False,False,False,True
3408,45966,internal,1.6333403587341309,0.0,0.0011198804707732764,0.0011198804707732764,1856.0,1061.25,False,False,False,True
3409,45970,internal,1.596116304397583,0.0,0.0010644778456383856,0.0010644778456383856,1860.199951171875,977.0999755859375,False,False,False,True
3410,45981,internal,1.5971260070800781,0.0,0.0010654089466056549,0.0010654089466056549,1880.5,982.5,False,False,False,True
3411,46001,internal,1.583127498626709,0.0,0.001026314246804251,0.001026314246804251,1920.0999755859375,979.800048828125,False,False,False,True
3412,46043,internal,1.476745843887329,0.0,0.0008622578880251636,0.0008622578880251636,1878.5,890.199951171875,False,False,False,True
3413,46059,internal,1.5896949768066406,0.0,0.0010472102319756594,0.0010472102319756594,1900.25,975.25,False,False,False,True
3414,46064,internal,1.4766647815704346,0.0,0.0008524365410017499,0.0008524365410017499,1909.0999755859375,903.0,False,False,False,True
3415,46085,internal,1.5882593393325806,0.0,0.0010293339192612126,0.0010293339192612126,1929.75,1000.0,False,False,False,True
3416,46105,internal,1.5583608150482178,0.0,0.0009660778163976167,0.0009660778163976167,1963.800048828125,996.5999755859375,False,False,False,True
3417,46111,internal,1.5645653009414673,0.0,0.0009734580144670434,0.0009734580144670434,1979.699951171875,1011.699951171875,False,False,False,True
3418,46121,internal,1.5465136766433716,0.0,0.0009376822015112187,0.0009376822015112187,2015.0,1004.25,False,False,False,True
3419,46129,internal,1.5491477251052856,0.0,0.0009436995235685133,0.0009436995235685133,2005.300048828125,998.199951171875,False,False,False,True
3420,46155,internal,1.475345492362976,0.0,0.0008284114573045066,0.0008284114573045066,1961.0,939.25,False,False,False,True
3421,46165,internal,1.4678521156311035,0.0,0.0008159582730348554,0.0008159582730348554,1962.4000244140625,909.9000244140625,False,False,False,True
3422,46169,internal,1.4662152528762817,0.0,0.0008112049888326603,0.0008112049888326603,1981.300048828125,903.9000244140625,False,False,False,True
3423,46185,internal,1.49122953414917,0.0,0.0008454025147099542,0.0008454025147099542,2010.9000244140625,948.300048828125,False,False,False,True
3424,46186,internal,1.4667129516601562,0.0,0.0008100367186401598,0.0008100367186401598,2001.0999755859375,915.4000244140625,False,False,False,True
3425,46207,internal,1.4645394086837769,0.0,0.0008130050397246941,0.0008130050397246941,1945.0,891.699951171875,False,False,False,True
3426,46214,internal,1.4446325302124023,0.0,0.0008113701073178157,0.0008113701073178157,1865.300048828125,834.800048828125,False,False,False,True
3427,46222,internal,1.4426814317703247,0.0,0.0008065377843537299,0.0008065377843537299,1888.5,814.89990234375,False,False,False,True
3428,46233,internal,1.4417574405670166,0.0,0.0007992594419962105,0.0007992594419962105,1913.300048828125,818.89990234375,False,False,False,True
3429,46247,internal,1.451842188835144,0.0,0.0007914623448980571,0.0007914623448980571,1946.199951171875,859.0,False,False,False,True
3430,46271,internal,1.4176700115203857,0.0,0.000759676268882037,0.000759676268882037,1873.5,776.25,False,False,False,True
3431,46278,internal,1.4123337268829346,0.0,0.000748720003588421,0.000748720003588421,1874.5,714.25,False,False,False,True
3432,46280,internal,1.409752368927002,0.0,0.0007434267888219105,0.0007434267888219105,1880.5,705.5,False,False,False,True
3433,46302,internal,1.4077792167663574,0.0,0.000717515680388487,0.000717515680388487,1946.800048828125,770.60009765625,False,False,False,True
3434,46308,internal,1.402165412902832,0.0,0.000710202556740571,0.000710202556740571,1942.5999755859375,736.39990234375,False,False,False,True
3435,46342,internal,1.434015154838562,0.0,0.0007552756680232549,0.0007552756680232549,1980.5999755859375,820.699951171875,False,False,False,True
3436,46358,internal,1.4238779544830322,0.0,0.0007334806103178953,0.0007334806103178953,2013.800048828125,843.39990234375,False,False,False,True
3437,46377,internal,1.4308432340621948,0.0,0.0007486608171612316,0.0007486608171612316,1992.25,820.5,False,False,False,True
3438,46383,internal,1.4073723554611206,0.0,0.0007134802566090899,0.0007134802566090899,1960.199951171875,775.300048828125,False,False,False,True
3439,46394,internal,1.4018833637237549,0.0,0.0007007722742409929,0.0007007722742409929,1995.5,764.5,False,False,False,True
3440,46423,internal,1.4042234420776367,0.0,0.0007029772598213734,0.0007029772598213734,2000.25,781.0,False,False,False,True
3441,46424,internal,1.3995275497436523,0.0,0.0006966807345288402,0.0006966807345288402,1991.0,752.5,False,False,False,True
3442,46430,internal,1.3949707746505737,0.0,0.000692064087328949,0.000692064087328949,1983.25,719.25,False,False,False,True
3443,46457,internal,1.549288272857666,0.0,0.0009354189294761553,0.0009354189294761553,2037.4000244140625,1030.0,False,False,False,True
3444,46470,internal,1.5291881561279297,0.0,0.0009055718177555187,0.0009055718177555187,2035.25,984.25,False,False,False,True
3445,46482,internal,1.5261576175689697,0.0,0.0008937840837450542,0.0008937840837450542,2061.199951171875,1016.0,False,False,False,True
3446,46488,internal,1.5226067304611206,0.0,0.0008873611917247024,0.0008873611917247024,2084.199951171875,1030.0999755859375,False,False,False,True
3447,46496,internal,1.4964193105697632,0.0,0.0008477592780065709,0.0008477592780065709,2056.800048828125,987.800048828125,False,False,False,True
3448,46505,internal,1.4492690563201904,0.0,0.0007716731670909141,0.0007716731670909141,2070.699951171875,968.9000244140625,False,False,False,True
3449,46519,internal,1.4791079759597778,0.0,0.0008223963057691394,0.0008223963057691394,2037.5,952.75,False,False,False,True
3450,46530,internal,1.4271804094314575,0.0,0.0007375450449757359,0.0007375450449757359,2033.0999755859375,872.89990234375,False,False,False,True
3451,46539,internal,1.463327407836914,0.0,0.0007947410506182009,0.0007947410506182009,2050.39990234375,946.800048828125,False,False,False,True
3452,46564,internal,1.413712501525879,0.0,0.0007111593863336132,0.0007111593863336132,2080.75,894.5,False,False,False,True
3453,46570,internal,1.4089958667755127,0.0,0.0007033424369007584,0.0007033424369007584,2088.5,890.4000244140625,False,False,False,True
3454,46571,internal,1.4238436222076416,0.0,0.0007304856606350817,0.0007304856606350817,2058.39990234375,870.60009765625,False,False,False,True
3455,46574,internal,1.5118016004562378,0.0,0.0008693484008266293,0.0008693484008266293,2097.10009765625,1019.0999755859375,False,False,False,True
3456,46578,internal,1.5349347591400146,0.0,0.0009081708324750501,0.0009081708324750501,2081.0,1043.75,False,False,False,True
3457,46602,internal,1.3992596864700317,0.0,0.0006930510924707371,0.0006930510924707371,2099.5,967.5,False,False,False,True
3458,46605,internal,1.5043772459030151,0.0,0.0008561494040469208,0.0008561494040469208,2120.25,1039.5,False,False,False,True
3459,46618,internal,1.381696105003357,0.0,0.00066593470909293,0.00066593470909293,2139.5,944.75,False,False,False,True
3460,46636,internal,1.384212613105774,0.0,0.0006681665879693858,0.0006681665879693858,2126.199951171875,912.800048828125,False,False,False,True
3461,46651,internal,1.3982980251312256,0.0,0.0006862717054587097,0.0006862717054587097,2102.0,872.60009765625,False,False,False,True
3462,46654,internal,1.3834236860275269,0.0,0.0006685158831810098,0.0006685158831810098,2126.0,938.0,False,False,False,True
3463,46663,internal,1.3754923343658447,0.0,0.0006536966182523222,0.0006536966182523222,2161.300048828125,896.0,False,False,False,True
3464,46670,internal,1.3818680047988892,0.0,0.0006617138909772026,0.0006617138909772026,2135.39990234375,892.9000244140625,False,False,False,True
3465,46673,internal,1.3838754892349243,0.0,0.000664062766279498,0.000664062766279498,2129.10009765625,883.0999755859375,False,False,False,True
3466,46687,internal,1.3436353206634521,0.0,0.0006015886865844546,0.0006015886865844546,2170.0,867.39990234375,False,False,False,True
3467,46689,internal,1.4206715822219849,0.0,0.0007272485654084718,0.0007272485654084718,2026.699951171875,845.800048828125,False,False,False,True
3468,46698,internal,1.4127511978149414,0.0,0.0007130672751077443,0.0007130672751077443,2050.199951171875,832.10009765625,False,False,False,True
3469,46708,internal,1.3925169706344604,0.0,0.0006788712315381081,0.0006788712315381081,2052.10009765625,800.800048828125,False,False,False,True
3470,46732,internal,1.4121390581130981,0.0,0.000711468818057157,0.000711468818057157,2064.25,835.5,False,False,False,True
3471,46754,internal,1.3950115442276,0.0,0.0006839728051003023,0.0006839728051003023,2033.5999755859375,778.800048828125,False,False,False,True
3472,46757,internal,1.3889784812927246,0.0,0.0006750724475883501,0.0006750724475883501,2036.75,752.25,False,False,False,True
3473,46784,internal,1.3637502193450928,0.0,0.0006293457974473004,0.0006293457974473004,2080.25,746.5,False,False,False,True
3474,46787,internal,1.3625880479812622,0.0,0.0006281519574477046,0.0006281519574477046,2049.800048828125,716.0,False,False,False,True
3475,46800,internal,1.3511302471160889,0.0,0.0006087365858680968,0.0006087365858680968,2076.300048828125,719.89990234375,False,False,False,True
3476,46803,internal,1.3652344942092896,0.0,0.0006327210649234311,0.0006327210649234311,2042.0,710.25,False,False,False,True
3477,46808,internal,1.4031668901443481,0.0,0.0006946556375706328,0.0006946556375706328,2104.5,839.0,False,False,False,True
3478,46823,internal,1.373782992362976,0.0,0.0006473245482088057,0.0006473245482088057,2092.60009765625,776.699951171875,False,False,False,True
3479,46834,internal,1.3659045696258545,0.0,0.0006348355767971331,0.0006348355767971331,2108.75,788.0,False,False,False,True
3480,46872,internal,1.3715879917144775,0.0,0.0006433275056098311,0.0006433275056098311,2087.0,763.0,False,False,False,True
3481,46904,internal,1.3375877141952515,0.0,0.00059081109230315,0.00059081109230315,2140.5,765.699951171875,False,False,False,True
3482,46906,internal,1.3312010765075684,0.0,0.0005784604519596759,0.0005784604519596759,2145.800048828125,731.10009765625,False,False,False,True
3483,46921,internal,1.3798798322677612,0.0,0.0006632526851445676,0.0006632526851445676,2161.0,946.75,False,False,False,True
3484,46925,internal,0.8446981906890869,0.0,-0.0017701834515224243,-0.0017701834515224243,2161.10009765625,1511.5999755859375,False,False,False,True
3485,46928,internal,0.7729715704917908,0.0,-0.0016475949141651512,-0.0016475949141651512,2171.39990234375,1536.5999755859375,False,False,False,True
3486,46929,internal,0.8429025411605835,0.0,-0.0017674458410368984,-0.0017674458410368984,2146.800048828125,1532.199951171875,False,False,False,True
3487,46945,internal,0.8699693083763123,0.0,-0.001809879650595497,-0.001809879650595497,2168.60009765625,1486.4000244140625,False,False,False,True
3488,46946,internal,0.8923438787460327,0.0,-0.0018395006045192168,-0.0018395006045192168,2161.25,1473.0,False,False,False,True
3489,46953,internal,0.7659955024719238,0.0,-0.001638157590704199,-0.001638157590704199,2214.75,1528.5,False,False,False,True
3490,46966,internal,0.7808938026428223,0.0,-0.0016844648819305916,-0.0016844648819305916,2193.25,1489.25,False,False,False,True
3491,46984,internal,0.8819248080253601,0.0,-0.0018262284452686892,-0.0018262284452686892,2168.60009765625,1481.4000244140625,False,False,False,True
3492,46992,internal,0.9002562165260315,0.0,-0.001849959767351913,-0.001849959767351913,2164.5,1448.5,False,False,False,True
3493,47000,internal,0.7396009564399719,0.0,-0.0016443055675936075,-0.0016443055675936075,2192.75,1447.25,False,False,False,True
3494,47010,internal,0.7460026741027832,0.0,-0.0016530106310716584,-0.0016530106310716584,2194.39990234375,1460.9000244140625,False,False,False,True
3495,47015,internal,0.7140430212020874,0.0,-0.0016009997376158105,-0.0016009997376158105,2211.89990234375,1470.800048828125,False,False,False,True
3496,47023,internal,0.7195451259613037,0.0,-0.0016078607044885704,-0.0016078607044885704,2212.5,1480.0,False,False,False,True
3497,47045,internal,0.732522189617157,0.0,-0.0016095825107121015,-0.0016095825107121015,2229.75,1512.75,False,False,False,True
3498,47057,internal,0.6281518936157227,0.0,-0.0013997874845120251,-0.0013997874845120251,2267.199951171875,1518.800048828125,False,False,False,True
3499,47083,internal,0.6047786474227905,0.0,-0.001362009709185365,-0.001362009709185365,2319.10009765625,1502.9000244140625,False,False,False,True
3500,47104,internal,0.6926885843276978,0.0,-0.0015679404652009488,-0.0015679404652009488,2234.39990234375,1452.699951171875,False,False,False,True
3501,47108,internal,0.6690797209739685,0.0,-0.0015255847944317343,-0.0015255847944317343,2266.39990234375,1454.699951171875,False,False,False,True
3502,47132,internal,0.6542540192604065,0.0,-0.0014941577545062317,-0.0014941577545062317,2279.39990234375,1470.199951171875,False,False,False,True
3503,47147,internal,0.624948263168335,0.0,-0.0014419253619346768,-0.0014419253619346768,2316.5,1445.300048828125,False,False,False,True
3504,47155,internal,0.6246076822280884,0.0,-0.00143824945070183,-0.00143824945070183,2315.89990234375,1457.9000244140625,False,False,False,True
3505,47157,internal,0.6390390992164612,0.0,-0.0014500255380092697,-0.0014500255380092697,2274.25,1489.5,False,False,False,True
3506,47177,internal,1.5001529455184937,0.0,0.0008471958422779692,0.0008471958422779692,2164.5,1090.25,False,False,False,True
3507,47180,internal,0.7056811451911926,0.0,-0.0015923141558955465,-0.0015923141558955465,2208.75,1433.0,False,False,False,True
3508,47204,internal,1.4877697229385376,0.0,0.000829718164444324,0.000829718164444324,2160.25,1040.75,False,False,False,True
3509,47219,internal,1.4370183944702148,0.0,0.0007508768141699265,0.0007508768141699265,2175.5,1017.0999755859375,False,False,False,True
3510,47235,internal,1.407971978187561,0.0,0.0007069104043723896,0.0007069104043723896,2209.0,1043.0,False,False,False,True
3511,47260,internal,1.4124277830123901,0.0,0.00071262628857958,0.00071262628857958,2208.5,1027.6500244140625,False,False,False,True
3512,47282,internal,1.3912992477416992,0.0,0.0006832559505291292,0.0006832559505291292,2222.0,1057.5999755859375,False,False,False,True
3513,47299,internal,0.6519669890403748,0.0,-0.001500092490851169,-0.001500092490851169,2279.199951171875,1423.5,False,False,False,True
3514,47320,internal,1.3914157152175903,0.0,0.0006803811207061481,0.0006803811207061481,2226.60009765625,1013.800048828125,False,False,False,True
3515,47346,internal,1.2875536680221558,0.0,0.0005381152138907695,0.0005381152138907695,2281.199951171875,1043.4000244140625,False,False,False,True
3516,47373,internal,0.6007924675941467,0.0,-0.0013374701059122238,-0.0013374701059122238,2322.0,1520.800048828125,False,False,False,True
3517,47386,internal,0.6094698905944824,0.0,-0.0013870049103050105,-0.0013870049103050105,2334.89990234375,1486.800048828125,False,False,False,True
3518,47414,internal,0.6096542477607727,0.0,-0.0014216083237827168,-0.0014216083237827168,2372.60009765625,1484.4000244140625,False,False,False,True
3519,47476,internal,0.5271763801574707,0.0,-0.001130641918489024,-0.001130641918489024,2404.75,1520.25,False,False,False,True
3520,47499,internal,0.4862659275531769,0.0,-0.000973947493631438,-0.000973947493631438,2474.5,1515.75,False,False,False,True
3521,47595,internal,1.1899819374084473,0.0,0.0004022650257854706,0.0004022650257854706,2351.75,1041.75,False,False,False,True
3522,47615,internal,1.1653708219528198,0.0,0.0003693506489441486,0.0003693506489441486,2406.0,1033.75,False,False,False,True
3523,47633,internal,1.204816460609436,0.0,0.00042483096288217044,0.00042483096288217044,2344.75,1012.5,False,False,False,True
3524,47636,internal,1.2083467245101929,0.0,0.0004302634880987247,0.0004302634880987247,2332.60009765625,1004.0999755859375,False,False,False,True
3525,47657,internal,1.1565444469451904,0.0,0.00035824183831068804,0.00035824183831068804,2412.5,1025.5,False,False,False,True
3526,47671,internal,1.1161333322525024,0.0,0.00031150285144877137,0.00031150285144877137,2401.5,997.25,False,False,False,True
3527,47705,internal,1.0204567909240723,0.0,0.00019429816138336498,0.00019429816138336498,2487.39990234375,1072.300048828125,False,False,False,True
3528,47734,internal,1.0513023138046265,0.0,0.0002324114676362563,0.0002324114676362563,2440.699951171875,1012.0999755859375,False,False,False,True
3529,47738,internal,1.0405290126800537,0.0,0.000219469240953574,0.000219469240953574,2468.89990234375,1015.0999755859375,False,False,False,True
3530,47750,internal,1.0682427883148193,0.0,0.0002534168524067585,0.0002534168524067585,2434.60009765625,994.699951171875,False,False,False,True
3531,47761,internal,1.0301109552383423,0.0,0.00020667671410942913,0.00020667671410942913,2486.699951171875,1033.4000244140625,False,False,False,True
3532,47771,internal,1.0024784803390503,0.0,0.00017487638411709352,0.00017487638411709352,2516.25,1000.25,False,False,False,True
3533,47778,internal,1.0367485284805298,0.0,0.0002151013302726,0.0002151013302726,2479.0,1005.5,False,False,False,True
3534,47791,internal,1.0092031955718994,0.0,0.000182854838910188,0.000182854838910188,2511.5,992.0,False,False,False,True
3535,47793,internal,0.9986647367477417,0.0,0.00017037035412615785,0.00017037035412615785,2528.5,1004.75,False,False,False,True
3536,47804,internal,1.3742291927337646,0.0,0.0006551919490415813,0.0006551919490415813,2204.5,965.5,False,False,False,True
3537,47812,internal,1.3779613971710205,0.0,0.0006605893488606041,0.0006605893488606041,2187.25,956.75,False,False,False,True
3538,47827,internal,1.372820496559143,0.0,0.0006531789223028722,0.0006531789223028722,2223.199951171875,979.4000244140625,False,False,False,True
3539,47838,internal,1.3333550691604614,0.0,0.0005980402008706103,0.0005980402008706103,2265.800048828125,968.5999755859375,False,False,False,True
3540,47872,internal,1.3340187072753906,0.0,0.0005866812772896933,0.0005866812772896933,2173.89990234375,851.800048828125,False,False,False,True
3541,47875,internal,1.3287501335144043,0.0,0.0005790107586775952,0.0005790107586775952,2214.0,844.5,False,False,False,True
3542,47888,internal,1.3074820041656494,0.0,0.0005579954477397423,0.0005579954477397423,2235.5,879.25,False,False,False,True
3543,47897,internal,1.311858057975769,0.0,0.0005654820543231679,0.0005654820543231679,2242.199951171875,909.199951171875,False,False,False,True
3544,47901,internal,1.3265564441680908,0.0,0.0005760487903401653,0.0005760487903401653,2231.0,850.60009765625,False,False,False,True
3545,47919,internal,1.3085529804229736,0.0,0.0005640344750163103,0.0005640344750163103,2282.0,962.25,False,False,False,True
3546,47955,internal,1.1798006296157837,0.0,0.00039292341704755815,0.00039292341704755815,2351.5,950.75,False,False,False,True
3547,47965,internal,1.2365241050720215,0.0,0.0004675142765832947,0.0004675142765832947,2321.0,951.25,False,False,False,True
3548,47979,internal,1.2917369604110718,0.0,0.0005368387881788165,0.0005368387881788165,2287.199951171875,925.0,False,False,False,True
3549,47988,internal,1.2693736553192139,0.0,0.0005071366249712788,0.0005071366249712788,2298.0,894.199951171875,False,False,False,True
3550,48000,internal,1.2734503746032715,0.0,0.0005083369765366565,0.0005083369765366565,2291.0,865.10009765625,False,False,False,True
3551,48006,internal,1.297354817390442,0.0,0.0005453903798747367,0.0005453903798747367,2277.300048828125,909.199951171875,False,False,False,True
3552,48012,internal,1.2446579933166504,0.0,0.00047428784024380975,0.00047428784024380975,2314.25,900.75,False,False,False,True
3553,48019,internal,1.2325439453125,0.0,0.0004583383157261297,0.0004583383157261297,2329.25,901.0,False,False,False,True
3554,48023,internal,1.2610080242156982,0.0,0.0004948248952038191,0.0004948248952038191,2306.89990234375,922.5999755859375,False,False,False,True
3555,48031,internal,1.2673107385635376,0.0,0.0004987259054423988,0.0004987259054423988,2296.75,850.75,False,False,False,True
3556,48038,internal,1.2194606065750122,0.0,0.0004389378466324376,0.0004389378466324376,2337.89990234375,864.0,False,False,False,True
3557,48054,internal,1.3329523801803589,0.0,0.0005848908084578753,0.0005848908084578753,2168.25,839.0,False,False,False,True
3558,48055,internal,1.3216451406478882,0.0,0.0005670882405493989,0.0005670882405493989,2164.5,784.5,False,False,False,True
3559,48060,internal,1.3138970136642456,0.0,0.0005561089465475294,0.0005561089465475294,2202.5,799.199951171875,False,False,False,True
3560,48064,internal,1.3187953233718872,0.0,0.0005629005625977328,0.0005629005625977328,2183.75,790.25,False,False,False,True
3561,48070,internal,1.32621169090271,0.0,0.0005745954406213545,0.0005745954406213545,2206.800048828125,828.199951171875,False,False,False,True
3562,48091,internal,1.2928259372711182,0.0,0.0005268033535779843,0.0005268033535779843,2251.0,783.75,False,False,False,True
3563,48142,internal,1.3048306703567505,0.0,0.0005369293677646135,0.0005369293677646135,2228.0,722.25,False,False,False,True
3564,48144,internal,1.3086531162261963,0.0,0.0005425228027713665,0.0005425228027713665,2201.60009765625,723.60009765625,False,False,False,True
3565,48159,internal,1.2897411584854126,0.0,0.0005237321709299178,0.0005237321709299178,2270.0,815.199951171875,False,False,False,True
3566,48165,internal,1.2694369554519653,0.0,0.0004991930970523687,0.0004991930970523687,2296.800048828125,835.60009765625,False,False,False,True
3567,48177,internal,1.2914382219314575,0.0,0.0005247222995056989,0.0005247222995056989,2264.5,774.75,False,False,False,True
3568,48216,internal,1.2305564880371094,0.0,0.0004454612973454962,0.0004454612973454962,2342.0,788.5,False,False,False,True
3569,48230,internal,1.2901105880737305,0.0,0.0005228931847956625,0.0005228931847956625,2274.75,769.75,False,False,False,True
3570,48239,internal,1.2756588459014893,0.0,0.0004968419453490276,0.0004968419453490276,2274.60009765625,718.0,False,False,False,True
3571,48249,internal,1.2842106819152832,0.0,0.0005150103256115995,0.0005150103256115995,2290.800048828125,772.39990234375,False,False,False,True
3572,48263,internal,1.2473899126052856,0.0,0.00045993370228228315,0.00045993370228228315,2307.25,725.0,False,False,False,True
3573,48273,internal,1.2357853651046753,0.0,0.0004447162259892676,0.0004447162259892676,2340.5,717.5,False,False,False,True
3574,48283,internal,1.1482635736465454,0.0,0.00035305243801977537,0.00035305243801977537,2358.75,967.75,False,False,False,True
3575,48288,internal,1.1402660608291626,0.0,0.0003429569170192474,0.0003429569170192474,2365.5,973.25,False,False,False,True
3576,48290,internal,1.1253340244293213,0.0,0.0003242133749157102,0.0003242133749157102,2384.5,970.5,False,False,False,True
3577,48300,internal,1.1896953582763672,0.0,0.00040450995426327013,0.00040450995426327013,2354.199951171875,936.0999755859375,False,False,False,True
3578,48309,internal,1.1713114976882935,0.0,0.00038113226843552507,0.00038113226843552507,2382.5,934.75,False,False,False,True
3579,48317,internal,1.1116992235183716,0.0,0.00030727186893767693,0.00030727186893767693,2396.199951171875,960.4000244140625,False,False,False,True
3580,48325,internal,1.0856088399887085,0.0,0.00027499949013081446,0.00027499949013081446,2436.5,952.25,False,False,False,True
3581,48338,internal,1.0930169820785522,0.0,0.0002826935139071989,0.0002826935139071989,2430.75,917.75,False,False,False,True
3582,48350,internal,1.226175308227539,0.0,0.0004497391313664856,0.0004497391313664856,2344.25,894.0,False,False,False,True
3583,48367,internal,1.1955665349960327,0.0,0.0004090585476598053,0.0004090585476598053,2382.5,874.0,False,False,False,True
3584,48375,internal,1.2057697772979736,0.0,0.00042265644401811144,0.00042265644401811144,2381.0,886.75,False,False,False,True
3585,48383,internal,1.1891160011291504,0.0,0.00040177750538476656,0.00040177750538476656,2389.25,908.0,False,False,False,True
3586,48392,internal,1.1826941967010498,0.0,0.000392431449723881,0.000392431449723881,2399.300048828125,860.199951171875,False,False,False,True
3587,48398,internal,1.1653728485107422,0.0,0.000371013559908066,0.000371013559908066,2421.10009765625,864.800048828125,False,False,False,True
3588,48417,internal,1.0641608238220215,0.0,0.0002487482714992888,0.0002487482714992888,2461.0,967.75,False,False,False,True
3589,48443,internal,1.0525766611099243,0.0,0.00023469620666257676,0.00023469620666257676,2489.800048828125,957.4000244140625,False,False,False,True
3590,48453,internal,1.0480787754058838,0.0,0.00022913072374308317,0.00022913072374308317,2501.5,941.9000244140625,False,False,False,True
3591,48466,internal,1.086761474609375,0.0,0.00027451244618614324,0.00027451244618614324,2445.75,888.25,False,False,False,True
3592,48472,internal,1.079804539680481,0.0,0.0002659789862892502,0.0002659789862892502,2487.5,889.25,False,False,False,True
3593,48506,internal,1.0748517513275146,0.0,0.0002598566056767165,0.0002598566056767165,2516.0,881.25,False,False,False,True
3594,48515,internal,1.070702075958252,0.0,0.0002567132399396762,0.0002567132399396762,2445.300048828125,969.0,False,False,False,True
3595,48517,internal,1.2309736013412476,0.0,0.000446160364224777,0.000446160364224777,2352.0,799.75,False,False,False,True
3596,48537,internal,1.227339744567871,0.0,0.0004414998830698654,0.0004414998830698654,2366.25,808.5,False,False,False,True
3597,48542,internal,1.1684626340866089,0.0,0.00036830371622134227,0.00036830371622134227,2398.89990234375,826.5,False,False,False,True
3598,48547,internal,1.1570404767990112,0.0,0.00035288041092214394,0.00035288041092214394,2429.699951171875,804.5,False,False,False,True
3599,48567,internal,1.1659079790115356,0.0,0.0003631505001191451,0.0003631505001191451,2409.25,765.5,False,False,False,True
3600,48569,internal,1.163267970085144,0.0,0.0003599599652348546,0.0003599599652348546,2419.0,770.39990234375,False,False,False,True
3601,48577,internal,1.2002924680709839,0.0,0.00040563359640736216,0.00040563359640736216,2363.949951171875,760.39990234375,False,False,False,True
3602,48597,internal,1.2197291851043701,0.0,0.0004261160177422736,0.0004261160177422736,2356.199951171875,737.10009765625,False,False,False,True
3603,48603,internal,1.18228280544281,0.0,0.00038301630793823504,0.00038301630793823504,2386.800048828125,753.60009765625,False,False,False,True
3604,48604,internal,1.1864126920700073,0.0,0.0003855269135938968,0.0003855269135938968,2385.800048828125,733.800048828125,False,False,False,True
3605,48639,internal,1.145679235458374,0.0,0.00033926451511370867,0.00033926451511370867,2472.300048828125,820.39990234375,False,False,False,True
3606,48645,internal,1.1595948934555054,0.0,0.00035570735691382556,0.00035570735691382556,2427.25,786.75,False,False,False,True
3607,48669,internal,1.11578369140625,0.0,0.0003044071241007241,0.0003044071241007241,2498.5,841.300048828125,False,False,False,True
3608,48680,internal,1.1047347784042358,0.0,0.0002900126197253049,0.0002900126197253049,2529.25,800.0,False,False,False,True
3609,48685,internal,1.106031060218811,0.0,0.00029130648902201545,0.00029130648902201545,2521.75,755.25,False,False,False,True
3610,48703,internal,1.1552096605300903,0.0,0.0003490987529197883,0.0003490987529197883,2452.300048828125,746.699951171875,False,False,False,True
3611,48726,internal,1.1438478231430054,0.0,0.00033601047922815366,0.00033601047922815366,2466.89990234375,761.89990234375,False,False,False,True
3612,48764,internal,1.3879966735839844,0.0,0.000703289232643759,0.000703289232643759,1864.25,647.0,False,False,False,True
3613,48770,internal,1.3972798585891724,0.0,0.0007181820835597394,0.0007181820835597394,1896.300048828125,668.800048828125,False,False,False,True
3614,48784,internal,1.39370858669281,0.0,0.0006919111449424104,0.0006919111449424104,1947.75,674.0,False,False,False,True
3615,48798,internal,1.3899896144866943,0.0,0.0007004729539732569,0.0007004729539732569,1942.4000244140625,656.5,False,False,False,True
3616,48829,internal,1.371434211730957,0.0,0.0006684536262593866,0.0006684536262593866,1890.9000244140625,580.39990234375,False,False,False,True
3617,48830,internal,1.372065544128418,0.0,0.0006700202136953335,0.0006700202136953335,1877.0,585.25,False,False,False,True
3618,48847,internal,1.3823093175888062,0.0,0.0006864430708118511,0.0006864430708118511,1925.800048828125,626.0,False,False,False,True
3619,48858,internal,1.3898193836212158,0.0,0.0007018074014420968,0.0007018074014420968,1923.199951171875,645.10009765625,False,False,False,True
3620,48871,internal,1.3929235935211182,0.0,0.0006898750365558887,0.0006898750365558887,1974.25,686.0,False,False,False,True
3621,48893,internal,1.3957655429840088,0.0,0.0006948759720160373,0.0006948759720160373,1973.5,705.5,False,False,False,True
3622,48931,internal,1.3658394813537598,0.0,0.0006488610130355658,0.0006488610130355658,1963.25,598.5,False,False,False,True
3623,48943,internal,1.358263611793518,0.0,0.0006342602826072698,0.0006342602826072698,1969.0,574.25,False,False,False,True
3624,48947,internal,1.3717397451400757,0.0,0.0006619741947898057,0.0006619741947898057,1953.0,611.5,False,False,False,True
3625,48953,internal,1.3623528480529785,0.0,0.0006386361077523447,0.0006386361077523447,2003.5999755859375,614.300048828125,False,False,False,True
3626,48959,internal,1.3617188930511475,0.0,0.0006383341405066486,0.0006383341405066486,1991.25,606.0,False,False,False,True
3627,48962,internal,1.354289174079895,0.0,0.000625293380069399,0.000625293380069399,1995.0999755859375,576.199951171875,False,False,False,True
3628,48988,internal,1.3632972240447998,0.0,0.0006519098022500893,0.0006519098022500893,1888.0,527.25,False,False,False,True
3629,49001,internal,1.3419630527496338,0.0,0.0006151183967905067,0.0006151183967905067,1868.5,454.5,False,False,False,True
3630,49013,internal,1.3569531440734863,0.0,0.000639289223094237,0.000639289223094237,1887.5999755859375,506.800048828125,False,False,False,True
3631,49026,internal,1.351690649986267,0.0,0.0006269350887398554,0.0006269350887398554,1921.699951171875,495.699951171875,False,False,False,True
3632,49034,internal,1.340362548828125,0.0,0.0006055993346501445,0.0006055993346501445,1921.5999755859375,458.300048828125,False,False,False,True
3633,49068,internal,1.3388363122940063,0.0,0.0006043366202840251,0.0006043366202840251,1905.300048828125,450.0,False,False,False,True
3634,49081,internal,1.3104157447814941,0.0,0.0005514018785805189,0.0005514018785805189,1909.199951171875,405.699951171875,False,False,False,True
3635,49088,internal,1.3035403490066528,0.0,0.0005399235762935982,0.0005399235762935982,1931.75,388.0,False,False,False,True
3636,49117,internal,1.347651481628418,0.0,0.0006176183086552094,0.0006176183086552094,1965.75,494.0,False,False,False,True
3637,49125,internal,1.3510881662368774,0.0,0.0006249337087041711,0.0006249337087041711,1947.199951171875,509.89990234375,False,False,False,True
3638,49132,internal,1.3333675861358643,0.0,0.0005859636286251321,0.0005859636286251321,2023.5,525.75,False,False,False,True
3639,49154,internal,1.3260655403137207,0.0,0.0005785770248690418,0.0005785770248690418,1946.5,439.199951171875,False,False,False,True
3640,49161,internal,1.3228375911712646,0.0,0.0005702991836337623,0.0005702991836337623,1974.5,450.25,False,False,False,True
3641,49177,internal,1.3037316799163818,0.0,0.0005403998735077512,0.0005403998735077512,1943.199951171875,395.300048828125,False,False,False,True
3642,49183,internal,1.3205275535583496,0.0,0.0005658940829124479,0.0005658940829124479,1986.75,451.75,False,False,False,True
3643,49192,internal,1.3174513578414917,0.0,0.0005599670228035951,0.0005599670228035951,2017.5999755859375,456.39990234375,False,False,False,True
3644,49219,internal,1.3443233966827393,0.0,0.000619876922009063,0.000619876922009063,1869.75,469.0,False,False,False,True
3645,49220,internal,1.375770926475525,0.0,0.0006526557735788243,0.0006526557735788243,2024.5,703.25,False,False,False,True
3646,49233,internal,1.3459382057189941,0.0,0.000596956051637684,0.000596956051637684,2049.0,668.10009765625,False,False,False,True
3647,49245,internal,1.3573930263519287,0.0,0.0006161875111886192,0.0006161875111886192,2029.699951171875,667.0,False,False,False,True
3648,49273,internal,1.3319180011749268,0.0,0.0005760306850109177,0.0005760306850109177,2066.60009765625,660.0,False,False,False,True
3649,49275,internal,1.3304435014724731,0.0,0.0005740571511833744,0.0005740571511833744,2075.699951171875,652.60009765625,False,False,False,True
3650,49290,internal,1.3612613677978516,0.0,0.0006364517686000535,0.0006364517686000535,2026.199951171875,611.39990234375,False,False,False,True
3651,49298,internal,1.3352159261703491,0.0,0.000589197335719953,0.000589197335719953,2017.25,552.5,False,False,False,True
3652,49325,internal,1.3335130214691162,0.0,0.0005847193901651747,0.0005847193901651747,2046.9000244140625,572.39990234375,False,False,False,True
3653,49337,internal,1.3264825344085693,0.0,0.0005714389723434114,0.0005714389723434114,2074.60009765625,577.60009765625,False,False,False,True
3654,49362,internal,1.3214515447616577,0.0,0.0005604361731772556,0.0005604361731772556,2095.699951171875,618.199951171875,False,False,False,True
3655,49370,internal,1.3338699340820312,0.0,0.0005804828490003639,0.0005804828490003639,2098.199951171875,690.60009765625,False,False,False,True
3656,49373,internal,1.3101072311401367,0.0,0.0005440137395772116,0.0005440137395772116,2153.0,663.5,False,False,False,True
3657,49414,internal,1.3085676431655884,0.0,0.0005401511105190544,0.0005401511105190544,2135.199951171875,609.89990234375,False,False,False,True
3658,49445,internal,1.2997500896453857,0.0,0.0005264884690798425,0.0005264884690798425,2144.60009765625,581.89990234375,False,False,False,True
3659,49452,internal,1.285343885421753,0.0,0.0005044612184678169,0.0005044612184678169,2184.60009765625,584.699951171875,False,False,False,True
3660,49466,internal,1.3322923183441162,0.0,0.0005840325523240699,0.0005840325523240699,2029.75,510.75,False,False,False,True
3661,49491,internal,1.331063985824585,0.0,0.0005819379986641876,0.0005819379986641876,2038.0,495.699951171875,False,False,False,True
3662,49496,internal,1.3115544319152832,0.0,0.0005469793078046673,0.0005469793078046673,2094.39990234375,514.89990234375,False,False,False,True
3663,49536,internal,1.2981579303741455,0.0,0.0005275223786710848,0.0005275223786710848,2048.60009765625,428.39990234375,False,False,False,True
3664,49548,internal,1.2859783172607422,0.0,0.0005085439172735826,0.0005085439172735826,2051.39990234375,394.800048828125,False,False,False,True
3665,49559,internal,1.2853786945343018,0.0,0.0005060578755733912,0.0005060578755733912,2100.75,435.5,False,False,False,True
3666,49584,internal,1.3066070079803467,0.0,0.0005375290670912695,0.0005375290670912695,2116.25,546.25,False,False,False,True
3667,49587,internal,1.3098692893981934,0.0,0.000543193441107355,0.000543193441107355,2108.75,535.75,False,False,False,True
3668,49598,internal,1.293982982635498,0.0,0.000515907121744505,0.000515907121744505,2142.0,524.800048828125,False,False,False,True
3669,49629,internal,1.283278465270996,0.0,0.0004987799037927862,0.0004987799037927862,2155.5,503.0,False,False,False,True
3670,49658,internal,1.2836002111434937,0.0,0.000503390992338961,0.000503390992338961,2117.25,414.0,False,False,False,True
3671,49671,internal,1.2872874736785889,0.0,0.0005086457200459307,0.0005086457200459307,2104.5,469.5,False,False,False,True
3672,49692,internal,1.2723772525787354,0.0,0.0004867165664371089,0.0004867165664371089,2149.89990234375,387.699951171875,False,False,False,True
3673,49699,internal,1.262618899345398,0.0,0.0004721894219961056,0.0004721894219961056,2167.25,384.5,False,False,False,True
3674,49703,internal,1.261801838874817,0.0,0.000461113777996486,0.000461113777996486,2183.39990234375,443.800048828125,False,False,False,True
3675,49704,internal,1.284169316291809,0.0,0.0005005938777888905,0.0005005938777888905,2143.10009765625,481.89990234375,False,False,False,True
3676,49711,internal,1.2910138368606567,0.0,0.0005258652645889002,0.0005258652645889002,1862.0,352.75,False,False,False,True
3677,49714,internal,1.291637659072876,0.0,0.0005239036951017368,0.0005239036951017368,1878.9000244140625,355.0,False,False,False,True
3678,49723,internal,1.2784165143966675,0.0,0.0005064363934216955,0.0005064363934216955,1857.0,323.5,False,False,False,True
3679,49730,internal,1.2749662399291992,0.0,0.000499032054913272,0.000499032054913272,1888.5,327.25,False,False,False,True
3680,49744,internal,1.2988425493240356,0.0,0.0005334346157033606,0.0005334346157033606,1898.300048828125,374.800048828125,False,False,False,True
3681,49757,internal,1.2714579105377197,0.0,0.0004938071851176931,0.0004938071851176931,1888.5,318.0,False,False,False,True
3682,49766,internal,1.2685472965240479,0.0,0.00048703086860009946,0.00048703086860009946,1926.75,321.25,False,False,False,True
3683,49770,internal,1.2630012035369873,0.0,0.0004845810375584032,0.0004845810375584032,1857.0999755859375,291.39990234375,False,False,False,True
3684,49779,internal,1.2581896781921387,0.0,0.00047734711149105546,0.00047734711149105546,1881.5999755859375,286.89990234375,False,False,False,True
3685,49815,internal,1.2313278913497925,0.0,0.00044346229958997603,0.00044346229958997603,1897.199951171875,245.800048828125,False,False,False,True
3686,49850,internal,1.2715774774551392,0.0,0.0004903763311043987,0.0004903763311043987,1971.75,332.25,False,False,False,True
3687,49857,internal,1.283067226409912,0.0,0.0005070603390664667,0.0005070603390664667,1975.0,368.75,False,False,False,True
3688,49860,internal,1.2801527976989746,0.0,0.000502529718650281,0.000502529718650281,1979.5,360.5,False,False,False,True
3689,49895,internal,1.2662218809127808,0.0,0.00048309063014815006,0.00048309063014815006,1959.0,321.699951171875,False,False,False,True
3690,49897,internal,1.2470182180404663,0.0,0.00045744702530738134,0.00045744702530738134,1956.75,288.25,False,False,False,True
3691,49908,internal,1.2436777353286743,0.0,0.0004531268925785884,0.0004531268925785884,1964.5,264.39990234375,False,False,False,True
3692,49927,internal,1.2428992986679077,0.0,0.00045190652985983176,0.00045190652985983176,1990.25,260.5,False,False,False,True
3693,49928,internal,1.2427403926849365,0.0,0.0004514345207499743,0.0004514345207499743,1999.25,265.25,False,False,False,True
3694,49955,internal,1.2214210033416748,0.0,0.00043346850195245736,0.00043346850195245736,1863.25,218.25,False,False,False,True
3695,49957,internal,1.2237385511398315,0.0,0.00043521068990628185,0.00043521068990628185,1882.5999755859375,221.199951171875,False,False,False,True
3696,49989,internal,1.2025226354599,0.0,0.0004110627334921274,0.0004110627334921274,1906.699951171875,170.199951171875,False,False,False,True
3697,50003,internal,1.2013835906982422,0.0,0.00040953608895359954,0.00040953608895359954,1917.75,166.25,False,False,False,True
3698,50027,internal,1.1866523027420044,0.0,0.0003965695497783531,0.0003965695497783531,1873.75,83.0,False,False,False,True
3699,50037,internal,1.1995164155960083,0.0,0.0004088225695746562,0.0004088225695746562,1881.75,152.5,False,False,False,True
3700,50061,internal,1.2277296781539917,0.0,0.00043520682531846,0.00043520682531846,1943.9000244140625,220.10009765625,False,False,False,True
3701,50073,internal,1.2368314266204834,0.0,0.0004458109631340346,0.0004458109631340346,1939.300048828125,235.800048828125,False,False,False,True
3702,50093,internal,1.21311354637146,0.0,0.00041506160250589456,0.00041506160250589456,2026.800048828125,211.5,False,False,False,True
3703,50098,internal,1.2095457315444946,0.0,0.00041257847248145937,0.00041257847248145937,2004.5,207.0,False,False,False,True
3704,50100,internal,1.2066903114318848,0.0,0.00040986047610261833,0.00040986047610261833,1994.5,200.25,False,False,False,True
3705,50122,internal,1.1817376613616943,0.0,0.00038687427831518237,0.00038687427831518237,1958.25,143.0,False,False,False,True
3706,50133,internal,1.1808799505233765,0.0,0.00038690056280632685,0.00038690056280632685,1932.5,85.25,False,False,False,True
3707,50137,internal,1.179555058479309,0.0,0.00038470232701974473,0.00038470232701974473,1967.5,98.5,False,False,False,True
3708,50151,internal,1.2039434909820557,0.0,0.0004070883490244918,0.0004070883490244918,1995.0,175.0,False,False,False,True
3709,50172,internal,1.2773170471191406,0.0,0.0004968187048825373,0.0004968187048825373,2032.0999755859375,367.800048828125,False,False,False,True
3710,50191,internal,1.2652264833450317,0.0,0.00047892428683884297,0.00047892428683884297,2056.300048828125,340.39990234375,False,False,False,True
3711,50204,internal,1.2653132677078247,0.0,0.0004782133614983006,0.0004782133614983006,2078.89990234375,348.10009765625,False,False,False,True
3712,50213,internal,1.2500100135803223,0.0,0.0004585383743203593,0.0004585383743203593,2058.0,300.0,False,False,False,True
3713,50218,internal,1.2311105728149414,0.0,0.0004331864929205809,0.0004331864929205809,2095.5,292.10009765625,False,False,False,True
3714,50226,internal,1.2465590238571167,0.0,0.0004551967764038819,0.0004551967764038819,2018.5999755859375,287.699951171875,False,False,False,True
3715,50238,internal,1.245448112487793,0.0,0.00045297326197778014,0.00045297326197778014,2044.5999755859375,282.300048828125,False,False,False,True
3716,50242,internal,1.2221870422363281,0.0,0.0004249439359015105,0.0004249439359015105,2033.300048828125,231.39990234375,False,False,False,True
3717,50247,internal,1.2242993116378784,0.0,0.0004265727008497417,0.0004265727008497417,2051.10009765625,241.0,False,False,False,True
3718,50296,internal,1.2797704935073853,0.0,0.0004981204357037896,0.0004981204357037896,2084.0,381.89990234375,False,False,False,True
3719,50306,internal,1.2379897832870483,0.0,0.000440344900706725,0.000440344900706725,2130.199951171875,325.60009765625,False,False,False,True
3720,50310,internal,1.2392776012420654,0.0,0.00044282337204995027,0.00044282337204995027,2107.5,314.5,False,False,False,True
3721,50338,internal,1.2218098640441895,0.0,0.0004184958181811983,0.0004184958181811983,2168.89990234375,315.800048828125,False,False,False,True
3722,50366,internal,1.2176320552825928,0.0,0.00041709408453261085,0.00041709408453261085,2106.199951171875,257.39990234375,False,False,False,True
3723,50406,internal,1.2104464769363403,0.0,0.0004116207164461312,0.0004116207164461312,2035.4000244140625,199.699951171875,False,False,False,True
3724,50420,internal,1.204919457435608,0.0,0.00040642144292742707,0.00040642144292742707,2027.0999755859375,177.89990234375,False,False,False,True
3725,50435,internal,1.1990247964859009,0.0,0.00039703695314655986,0.00039703695314655986,2055.699951171875,189.5,False,False,False,True
3726,50450,internal,1.1992486715316772,0.0,0.00039854205128449195,0.00039854205128449195,2046.5,174.0,False,False,False,True
3727,50457,internal,1.1882661581039429,0.0,0.00038498949765864354,0.00038498949765864354,2077.39990234375,182.199951171875,False,False,False,True
3728,50461,internal,1.1846073865890503,0.0,0.0003815678815984302,0.0003815678815984302,2076.5,168.10009765625,False,False,False,True
3729,50463,internal,1.2109438180923462,0.0,0.00040984700298480107,0.00040984700298480107,2080.300048828125,227.60009765625,False,False,False,True
3730,50487,internal,1.1719857454299927,0.0,0.0003740957539844468,0.0003740957539844468,2048.75,92.75,False,False,False,True
3731,50513,internal,1.1808412075042725,0.0,0.00038006037471055435,0.00038006037471055435,2058.5,157.5,False,False,False,True
3732,50520,internal,1.1923434734344482,0.0,0.0003885672589487273,0.0003885672589487273,2092.5,198.10009765625,False,False,False,True
3733,50523,internal,1.1833148002624512,0.0,0.00037796224763042585,0.00037796224763042585,2124.25,196.75,False,False,False,True
3734,50531,internal,1.1722122430801392,0.0,0.00036946269552120257,0.00036946269552120257,2101.0,149.89990234375,False,False,False,True
3735,50546,internal,1.1876044273376465,0.0,0.0003819077006289568,0.0003819077006289568,2149.199951171875,220.5,False,False,False,True
3736,50551,internal,1.1800756454467773,0.0,0.0003743173854490518,0.0003743173854490518,2137.0,197.89990234375,False,False,False,True
3737,50564,internal,1.1605287790298462,0.0,0.00035401281456328413,0.00035401281456328413,2159.75,175.25,False,False,False,True
3738,50582,internal,1.1652666330337524,0.0,0.00036319774867573415,0.00036319774867573415,2115.5,130.25,False,False,False,True
3739,50601,internal,1.1622415781021118,0.0,0.0003608306886348524,0.0003608306886348524,2124.5,93.60009765625,False,False,False,True
3740,50634,internal,1.306846261024475,0.0,0.0005392107980684837,0.0005392107980684837,2188.0,673.0,False,False,False,True
3741,50643,internal,1.3060965538024902,0.0,0.0005382336926242667,0.0005382336926242667,2201.5,686.25,False,False,False,True
3742,50652,internal,1.29854154586792,0.0,0.0005251658800722642,0.0005251658800722642,2205.0,629.800048828125,False,False,False,True
3743,50667,internal,1.2903974056243896,0.0,0.0005157565086985714,0.0005157565086985714,2256.199951171875,686.89990234375,False,False,False,True
3744,50668,internal,1.2874306440353394,0.0,0.0005117996472250321,0.0005117996472250321,2256.199951171875,705.949951171875,False,False,False,True
3745,50685,internal,1.2771499156951904,0.0,0.0004928372265139685,0.0004928372265139685,2252.25,631.64990234375,False,False,False,True
3746,50688,internal,1.3038253784179688,0.0,0.0005348441844067102,0.0005348441844067102,2239.5,674.199951171875,False,False,False,True
3747,50689,internal,1.3062046766281128,0.0,0.0005385362951446733,0.0005385362951446733,2200.25,708.0,False,False,False,True
3748,50712,internal,1.2762094736099243,0.0,0.0004908487107911706,0.0004908487107911706,2213.300048828125,562.0,False,False,False,True
3749,50731,internal,1.2678277492523193,0.0,0.00047904244793498495,0.00047904244793498495,2261.60009765625,580.800048828125,False,False,False,True
3750,50752,internal,1.2901195287704468,0.0,0.0005114897919850146,0.0005114897919850146,2186.89990234375,608.89990234375,False,False,False,True
3751,50761,internal,1.2405979633331299,0.0,0.00044717034513525934,0.00044717034513525934,2310.75,666.75,False,False,False,True
3752,50781,internal,1.265916347503662,0.0,0.00047676186466406195,0.00047676186466406195,2274.60009765625,618.10009765625,False,False,False,True
3753,50789,internal,1.2373145818710327,0.0,0.00044532836611233645,0.00044532836611233645,2334.75,696.5,False,False,False,True
3754,50797,internal,1.2351634502410889,0.0,0.00043957071259293455,0.00043957071259293455,2312.0,658.5,False,False,False,True
3755,50806,internal,1.200900673866272,0.0,0.0003948909687049115,0.0003948909687049115,2336.75,640.0,False,False,False,True
3756,50811,internal,1.2648835182189941,0.0,0.0004749375145143538,0.0004749375145143538,2275.60009765625,572.39990234375,False,False,False,True
3757,50822,internal,1.261391520500183,0.0,0.000470825910709263,0.000470825910709263,2288.0,625.699951171875,False,False,False,True
3758,50841,internal,1.2371717691421509,0.0,0.0004377808260962678,0.0004377808260962678,2318.39990234375,614.0,False,False,False,True
3759,50860,internal,1.2333199977874756,0.0,0.00043204408370275124,0.00043204408370275124,2327.800048828125,556.10009765625,False,False,False,True
3760,50891,internal,1.2687231302261353,0.0,0.0004764738734619955,0.0004764738734619955,2202.199951171875,494.39990234375,False,False,False,True
3761,50897,internal,1.2769843339920044,0.0,0.0004890372249543489,0.0004890372249543489,2185.60009765625,500.800048828125,False,False,False,True
3762,50926,internal,1.2480005025863647,0.0,0.0004476816883376049,0.0004476816883376049,2232.39990234375,499.300048828125,False,False,False,True
3763,50928,internal,1.2754418849945068,0.0,0.0004893804850562237,0.0004893804850562237,2212.5,540.0,False,False,False,True
3764,50936,internal,1.2543554306030273,0.0,0.0004524762653959787,0.0004524762653959787,2202.25,466.75,False,False,False,True
3765,50954,internal,1.2349313497543335,0.0,0.0004272199928401216,0.0004272199928401216,2194.0,421.75,False,False,False,True
3766,50969,internal,1.2297134399414062,0.0,0.00042149929113304365,0.00042149929113304365,2250.0,462.5,False,False,False,True
3767,50985,internal,1.2386679649353027,0.0,0.00043153247580260965,0.00043153247580260965,2225.449951171875,450.550048828125,False,False,False,True
3768,50991,internal,1.2378859519958496,0.0,0.0004337206795427227,0.0004337206795427227,2251.800048828125,488.0,False,False,False,True
3769,51018,internal,1.226935625076294,0.0,0.0004196844436342125,0.0004196844436342125,2280.75,497.75,False,False,False,True
3770,51027,internal,1.2285683155059814,0.0,0.00042542714172813946,0.00042542714172813946,2334.60009765625,542.0,False,False,False,True
3771,51037,internal,1.2106472253799438,0.0,0.0003990202278529966,0.0003990202278529966,2300.75,491.75,False,False,False,True
3772,51065,internal,1.2005661725997925,0.0,0.00038513796665242946,0.00038513796665242946,2274.699951171875,428.60009765625,False,False,False,True
3773,51085,internal,1.1932979822158813,0.0,0.0003773142409559967,0.0003773142409559967,2332.5,475.60009765625,False,False,False,True
3774,51119,internal,1.1950433254241943,0.0,0.00038747432174897323,0.00038747432174897323,2364.199951171875,635.14990234375,False,False,False,True
3775,51136,internal,1.1612508296966553,0.0,0.00034855212550123367,0.00034855212550123367,2406.699951171875,678.800048828125,False,False,False,True
3776,51145,internal,1.1579338312149048,0.0,0.00034462726599123286,0.00034462726599123286,2436.60009765625,677.699951171875,False,False,False,True
3777,51173,internal,1.1944561004638672,0.0,0.00038646860247300676,0.00038646860247300676,2383.5,619.5,False,False,False,True
3778,51190,internal,1.2073801755905151,0.0,0.0003989751233485553,0.0003989751233485553,2374.5,579.5,False,False,False,True
3779,51205,internal,1.2006616592407227,0.0,0.0003901049678551287,0.0003901049678551287,2391.800048828125,555.800048828125,False,False,False,True
3780,51239,internal,1.152273416519165,0.0,0.00033760483346290267,0.00033760483346290267,2467.699951171875,657.10009765625,False,False,False,True
3781,51258,internal,1.107096552848816,0.0,0.00028464576603194245,0.00028464576603194245,2514.0,688.800048828125,False,False,False,True
3782,51264,internal,1.1152281761169434,0.0,0.00029358424002652107,0.00029358424002652107,2507.25,662.5,False,False,False,True
3783,51282,internal,1.1417012214660645,0.0,0.00032183376819929724,0.00032183376819929724,2476.199951171875,621.300048828125,False,False,False,True
3784,51301,internal,1.161147952079773,0.0,0.0003420802114490596,0.0003420802114490596,2455.25,562.5,False,False,False,True
3785,51315,internal,1.1304234266281128,0.0,0.00030835485350030076,0.00030835485350030076,2502.800048828125,613.699951171875,False,False,False,True
3786,51331,internal,1.1624257564544678,0.0,0.0003439185376423974,0.0003439185376423974,2444.10009765625,582.199951171875,False,False,False,True
3787,51344,internal,1.2131240367889404,0.0,0.0004049370441571435,0.0004049370441571435,2362.60009765625,529.0,False,False,False,True
3788,51356,internal,1.1928402185440063,0.0,0.00037735833960881313,0.00037735833960881313,2369.39990234375,505.39990234375,False,False,False,True
3789,51397,internal,1.1832128763198853,0.0,0.00036498064715058604,0.00036498064715058604,2347.0,457.75,False,False,False,True
3790,51419,internal,1.1683026552200317,0.0,0.0003472078577441615,0.0003472078577441615,2356.60009765625,426.39990234375,False,False,False,True
3791,51429,internal,1.1778427362442017,0.0,0.00035851818280972975,0.00035851818280972975,2392.5,483.5,False,False,False,True
3792,51434,internal,1.1806097030639648,0.0,0.0003619130114529862,0.0003619130114529862,2386.75,490.0,False,False,False,True
3793,51449,internal,1.146235466003418,0.0,0.00032206940217731155,0.00032206940217731155,2423.75,437.0,False,False,False,True
3794,51459,internal,1.1668179035186768,0.0,0.00034782629767477554,0.00034782629767477554,2430.800048828125,519.0,False,False,False,True
3795,51480,internal,1.1601871252059937,0.0,0.0003399935722532782,0.0003399935722532782,2452.300048828125,510.60009765625,False,False,False,True
3796,51482,internal,1.173211932182312,0.0,0.00035612065605252646,0.00035612065605252646,2429.0,541.699951171875,False,False,False,True
3797,51496,internal,1.1594610214233398,0.0,0.0003400263153706455,0.0003400263153706455,2467.60009765625,550.699951171875,False,False,False,True
3798,51502,internal,1.1090829372406006,0.0,0.00028106572834081295,0.00028106572834081295,2519.800048828125,478.699951171875,False,False,False,True
3799,51519,internal,1.1312109231948853,0.0,0.0003054897910259927,0.0003054897910259927,2467.0,471.10009765625,False,False,False,True
3800,51527,internal,1.1438734531402588,0.0,0.00031941143925860716,0.00031941143925860716,2443.800048828125,447.0,False,False,False,True
3801,51555,internal,1.1088981628417969,0.0,0.00028024066531062806,0.00028024066531062806,2493.60009765625,438.60009765625,False,False,False,True
3802,51571,internal,1.1153665781021118,0.0,0.000287768114763979,0.000287768114763979,2490.300048828125,463.39990234375,False,False,False,True
3803,51584,internal,1.2186139822006226,0.0,0.00040993218273555933,0.00040993218273555933,2220.25,370.75,False,False,False,True
3804,51588,internal,1.2314808368682861,0.0,0.00042805556437280835,0.00042805556437280835,2188.25,367.449951171875,False,False,False,True
3805,51612,internal,1.2133562564849854,0.0,0.00040262596770011935,0.00040262596770011935,2234.5,380.10009765625,False,False,False,True
3806,51632,internal,1.2313401699066162,0.0,0.00042276293194144906,0.00042276293194144906,2217.199951171875,417.5,False,False,False,True
3807,51640,internal,1.193981647491455,0.0,0.0003835150515254902,0.0003835150515254902,2218.800048828125,293.199951171875,False,False,False,True
3808,51650,internal,1.1972681283950806,0.0,0.00038816902111461977,0.00038816902111461977,2198.60009765625,288.199951171875,False,False,False,True
3809,51668,internal,1.1991628408432007,0.0,0.00038723580256498234,0.00038723580256498234,2236.89990234375,319.699951171875,False,False,False,True
3810,51703,internal,1.1996968984603882,0.0,0.00038527206255589165,0.00038527206255589165,2264.5,384.0,False,False,False,True
3811,51704,internal,1.1914364099502563,0.0,0.000375075506406624,0.000375075506406624,2283.199951171875,378.60009765625,False,False,False,True
3812,51718,internal,1.1700868606567383,0.0,0.0003505075539995294,0.0003505075539995294,2294.0,338.25,False,False,False,True
3813,51722,internal,1.1877139806747437,0.0,0.00037068067595979505,0.00037068067595979505,2283.5,367.5,False,False,False,True
3814,51736,internal,1.184273362159729,0.0,0.0003659702463307751,0.0003659702463307751,2303.800048828125,405.89990234375,False,False,False,True
3815,51743,internal,1.1674468517303467,0.0,0.00034747583779284907,0.00034747583779284907,2307.199951171875,347.10009765625,False,False,False,True
3816,51752,internal,1.1433206796646118,0.0,0.00032075750696069225,0.00032075750696069225,2340.25,340.0,False,False,False,True
3817,51777,internal,1.1564866304397583,0.0,0.00033812832629408543,0.00033812832629408543,2270.800048828125,277.800048828125,False,False,False,True
3818,51778,internal,1.1497207880020142,0.0,0.0003306168910573935,0.0003306168910573935,2282.39990234375,279.0,False,False,False,True
3819,51823,internal,1.1820299625396729,0.0,0.0003734421357167421,0.0003734421357167421,2189.300048828125,248.0,False,False,False,True
3820,51849,internal,1.1578811407089233,0.0,0.0003437295698858209,0.0003437295698858209,2255.0,237.0,False,False,False,True
3821,51856,internal,1.1535923480987549,0.0,0.00034308608954370366,0.00034308608954370366,2238.25,207.0,False,False,False,True
3822,51859,internal,1.156050682067871,0.0,0.0003454137890223177,0.0003454137890223177,2230.75,214.75,False,False,False,True
3823,51866,internal,1.1793031692504883,0.0,0.00036587649037142587,0.00036587649037142587,2248.199951171875,267.89990234375,False,False,False,True
3824,51867,internal,1.1541160345077515,0.0,0.00034738380236917397,0.00034738380236917397,2187.25,160.0,False,False,False,True
3825,51879,internal,1.1448627710342407,0.0,0.00033803054692823676,0.00033803054692823676,2194.89990234375,111.699951171875,False,False,False,True
3826,51905,internal,1.1403107643127441,0.0,0.0003323169655918717,0.0003323169655918717,2235.39990234375,116.89990234375,False,False,False,True
3827,51926,internal,1.1286143064498901,0.0,0.00031051203465872065,0.00031051203465872065,2275.10009765625,229.699951171875,False,False,False,True
3828,51948,internal,1.1138864755630493,0.0,0.00029181335883160834,0.00029181335883160834,2332.300048828125,258.39990234375,False,False,False,True
3829,51951,internal,1.1129467487335205,0.0,0.00029372278285295635,0.00029372278285295635,2310.25,238.75,False,False,False,True
3830,51964,internal,1.1090385913848877,0.0,0.0002901248780605957,0.0002901248780605957,2317.75,225.0,False,False,False,True
3831,51966,internal,1.1086535453796387,0.0,0.00029066038817171763,0.00029066038817171763,2313.25,204.75,False,False,False,True
3832,51973,internal,1.1280341148376465,0.0,0.00030860763989549696,0.00030860763989549696,2292.39990234375,250.10009765625,False,False,False,True
3833,51980,internal,1.1453592777252197,0.0,0.0003356167941961376,0.0003356167941961376,2250.10009765625,178.0,False,False,False,True
3834,52012,internal,1.106119155883789,0.0,0.0002898584067893454,0.0002898584067893454,2324.39990234375,177.800048828125,False,False,False,True
3835,52033,internal,1.1695713996887207,0.0,0.00034865165187253605,0.00034865165187253605,2342.699951171875,406.89990234375,False,False,False,True
3836,52055,internal,1.1531208753585815,0.0,0.00032986758453642866,0.00032986758453642866,2356.800048828125,374.60009765625,False,False,False,True
3837,52064,internal,1.1449166536331177,0.0,0.0003205569189708706,0.0003205569189708706,2394.5,378.5,False,False,False,True
3838,52070,internal,1.1446516513824463,0.0,0.0003203265789487766,0.0003203265789487766,2389.75,370.75,False,False,False,True
3839,52109,internal,1.117509126663208,0.0,0.0002934459883676614,0.0002934459883676614,2360.60009765625,308.60009765625,False,False,False,True
3840,52125,internal,1.10555100440979,0.0,0.0002797263310231875,0.0002797263310231875,2412.5,332.89990234375,False,False,False,True
3841,52140,internal,1.0925147533416748,0.0,0.00026737608772640735,0.00026737608772640735,2401.800048828125,298.300048828125,False,False,False,True
3842,52148,internal,1.1295650005340576,0.0,0.00030347086152643246,0.00030347086152643246,2459.199951171875,408.199951171875,False,False,False,True
3843,52161,internal,1.127100944519043,0.0,0.00030061927216994166,0.00030061927216994166,2471.75,405.0,False,False,False,True
3844,52163,internal,1.1109883785247803,0.0,0.0002841662924442373,0.0002841662924442373,2446.0,369.25,False,False,False,True
3845,52184,internal,1.0923374891281128,0.0,0.00026208324353681125,0.00026208324353681125,2514.60009765625,414.39990234375,False,False,False,True
3846,52193,internal,1.1079075336456299,0.0,0.0002792292550320472,0.0002792292550320472,2493.39990234375,390.5,False,False,False,True
3847,52202,internal,1.079958200454712,0.0,0.00024951639803355043,0.00024951639803355043,2519.25,361.75,False,False,False,True
3848,52222,internal,1.1056182384490967,0.0,0.00027869136264076113,0.00027869136264076113,2451.5,354.0,False,False,False,True
3849,52235,internal,1.088181734085083,0.0,0.00026083672867580814,0.00026083672867580814,2496.699951171875,325.0,False,False,False,True
3850,52277,internal,1.1072783470153809,0.0,0.0002878751320829087,0.0002878751320829087,2345.0,227.0,False,False,False,True
3851,52290,internal,1.0970462560653687,0.0,0.00027209313480032775,0.00027209313480032775,2387.0,298.5,False,False,False,True
3852,52307,internal,1.09580659866333,0.0,0.000273740905050313,0.000273740905050313,2390.75,250.0,False,False,False,True
3853,52317,internal,1.0962563753128052,0.0,0.0002747259249586309,0.0002747259249586309,2394.199951171875,240.89990234375,False,False,False,True
3854,52334,internal,1.104788064956665,0.0,0.0002889734691177015,0.0002889734691177015,2329.199951171875,159.0,False,False,False,True
3855,52360,internal,1.088219165802002,0.0,0.00026956479439233286,0.00026956479439233286,2398.25,177.75,False,False,False,True
3856,52379,internal,1.0818978548049927,0.0,0.00025682486300025655,0.00025682486300025655,2417.5,288.25,False,False,False,True
3857,52392,internal,1.0630929470062256,0.0,0.00023840594627375458,0.00023840594627375458,2461.0,254.25,False,False,False,True
3858,52396,internal,1.064937949180603,0.0,0.00023999651533002054,0.00023999651533002054,2460.699951171875,265.89990234375,False,False,False,True
3859,52407,internal,1.0599250793457031,0.0,0.00023461790905451494,0.00023461790905451494,2493.0,273.699951171875,False,False,False,True
3860,52441,internal,1.0727142095565796,0.0,0.0002496394295691391,0.0002496394295691391,2426.39990234375,234.300048828125,False,False,False,True
3861,52457,internal,1.0610188245773315,0.0,0.0002377839329228943,0.0002377839329228943,2459.75,196.75,False,False,False,True
3862,52461,internal,1.0569427013397217,0.0,0.0002330697975247301,0.0002330697975247301,2473.0,205.25,False,False,False,True
3863,52462,internal,1.0533283948898315,0.0,0.00022898511348549424,0.00022898511348549424,2508.25,216.25,False,False,False,True
3864,52483,internal,1.1658607721328735,0.0,0.0003443810705711575,0.0003443810705711575,2369.25,429.5,False,False,False,True
3865,52496,internal,0.46510049700737,0.0,-0.0008631383258342752,-0.0008631383258342752,2558.199951171875,1530.199951171875,False,False,False,True
3866,52497,internal,0.46381962299346924,0.0,-0.0008574720989336176,-0.0008574720989336176,2573.39990234375,1523.699951171875,False,False,False,True
3867,52521,internal,0.48734381794929504,0.0,-0.0006274689312548625,-0.0006274689312548625,2633.25,1526.25,False,False,False,True
3868,52527,internal,0.48494142293930054,0.0,-0.0006378469377432998,-0.0006378469377432998,2627.75,1533.25,False,False,False,True
3869,52578,internal,0.5117824077606201,0.0,-0.0005347448697936446,-0.0005347448697936446,2647.25,1459.75,False,False,False,True
3870,52596,internal,0.5355895757675171,0.0,-0.0004755524074945012,-0.0004755524074945012,2650.89990234375,1427.300048828125,False,False,False,True
3871,52597,internal,0.5150167942047119,0.0,-0.0005263476498523615,-0.0005263476498523615,2645.5,1450.0,False,False,False,True
3872,52611,internal,0.4971327781677246,0.0,-0.00057411924928632,-0.00057411924928632,2689.0,1541.300048828125,False,False,False,True
3873,52612,internal,0.5087879300117493,0.0,-0.0005423081857983559,-0.0005423081857983559,2681.5,1490.25,False,False,False,True
3874,52618,internal,0.5133697986602783,0.0,-0.0005253151696292177,-0.0005253151696292177,2739.39990234375,1487.699951171875,False,False,False,True
3875,52651,internal,0.5012376308441162,0.0,-0.0005173867824242399,-0.0005173867824242399,2761.0,1517.800048828125,False,False,False,True
3876,52658,internal,0.5167943835258484,0.0,-0.0005202579594176359,-0.0005202579594176359,2718.60009765625,1463.800048828125,False,False,False,True
3877,52684,internal,0.5298089981079102,0.0,-0.0004671770515911691,-0.0004671770515911691,2778.25,1438.5,False,False,False,True
3878,52686,internal,0.5127404928207397,0.0,-0.0005304397718996655,-0.0005304397718996655,2711.60009765625,1474.9000244140625,False,False,False,True
3879,52699,internal,0.5252469778060913,0.0,-0.000474662969960325,-0.000474662969960325,2790.5,1445.0,False,False,False,True
3880,52703,internal,0.5089945197105408,0.0,-0.0005423823541207998,-0.0005423823541207998,2668.0,1487.25,False,False,False,True
3881,52738,internal,0.540372371673584,0.0,-0.00046424372355526825,-0.00046424372355526825,2673.5,1407.199951171875,False,False,False,True
3882,52743,internal,0.5555605888366699,0.0,-0.0004310260824490496,-0.0004310260824490496,2653.0,1355.5,False,False,False,True
3883,52746,internal,0.5508984923362732,0.0,-0.0004412767957673823,-0.0004412767957673823,2670.800048828125,1371.9000244140625,False,False,False,True
3884,52755,internal,0.5459300875663757,0.0,-0.00045194575807320147,-0.00045194575807320147,2668.75,1386.25,False,False,False,True
3885,52775,internal,0.5660978555679321,0.0,-0.0004104605195364092,-0.0004104605195364092,2653.199951171875,1309.199951171875,False,False,False,True
3886,52807,internal,0.6094884276390076,0.0,-0.00033396026244910423,-0.00033396026244910423,2691.0,1302.25,False,False,False,True
3887,52815,internal,0.5386598110198975,0.0,-0.00046766600135997164,-0.00046766600135997164,2688.75,1417.0,False,False,False,True
3888,52833,internal,0.573765218257904,0.0,-0.00039425722924168766,-0.00039425722924168766,2702.800048828125,1350.0,False,False,False,True
3889,52840,internal,0.558957040309906,0.0,-0.0004178447410123354,-0.0004178447410123354,2746.25,1382.25,False,False,False,True
3890,52843,internal,0.5573429465293884,0.0,-0.0004205371675840812,-0.0004205371675840812,2754.0,1390.0,False,False,False,True
3891,52862,internal,0.5625242590904236,0.0,-0.00041181659281518373,-0.00041181659281518373,2733.5,1371.0,False,False,False,True
3892,52864,internal,0.5546030402183533,0.0,-0.000424696152294659,-0.000424696152294659,2770.25,1391.0,False,False,False,True
3893,52872,internal,0.5556046962738037,0.0,-0.00042132924926888235,-0.00042132924926888235,2788.75,1389.25,False,False,False,True
3894,52880,internal,0.6030565500259399,0.0,-0.0003446840171986989,-0.0003446840171986989,2699.5,1321.25,False,False,False,True
3895,52891,internal,0.6241991519927979,0.0,-0.00030954175841764085,-0.00030954175841764085,2695.0,1292.25,False,False,False,True
3896,52897,internal,0.6302048563957214,0.0,-0.00029892832970942606,-0.00029892832970942606,2729.0,1300.25,False,False,False,True
3897,52904,internal,0.6415790915489197,0.0,-0.0002805755609621487,-0.0002805755609621487,2730.5,1291.5,False,False,False,True
3898,52912,internal,0.6019918918609619,0.0,-0.0003428400000027467,-0.0003428400000027467,2765.0,1327.75,False,False,False,True
3899,52913,internal,0.6084039807319641,0.0,-0.0003306807626355724,-0.0003306807626355724,2777.5,1322.25,False,False,False,True
3900,52917,internal,0.6013695597648621,0.0,-0.00033713626542439343,-0.00033713626542439343,2796.75,1327.75,False,False,False,True
3901,52948,internal,0.5012917518615723,0.0,-0.0005160020953137159,-0.0005160020953137159,2791.0,1512.5,False,False,False,True
3902,52958,internal,0.5281796455383301,0.0,-0.0004683733797500474,-0.0004683733797500474,2801.0,1433.800048828125,False,False,False,True
3903,52980,internal,0.51100093126297,0.0,-0.000483604673268015,-0.000483604673268015,2870.39990234375,1478.5999755859375,False,False,False,True
3904,52998,internal,0.5315532684326172,0.0,-0.0004005647394927556,-0.0004005647394927556,2924.25,1474.25,False,False,False,True
3905,53015,internal,0.5235767960548401,0.0,-0.0004678287905045221,-0.0004678287905045221,2843.89990234375,1453.0,False,False,False,True
3906,53023,internal,0.5405194759368896,0.0,-0.00044558427594152566,-0.00044558427594152566,2813.60009765625,1419.9000244140625,False,False,False,True
3907,53025,internal,0.5354924201965332,0.0,-0.00044907357522818055,-0.00044907357522818055,2840.5,1423.0,False,False,False,True
3908,53042,internal,0.5506971478462219,0.0,-0.00037638030772231003,-0.00037638030772231003,2916.0,1416.0,False,False,False,True
3909,53059,internal,0.5322067141532898,0.0,-0.0004537833431127105,-0.0004537833431127105,2848.25,1433.5,False,False,False,True
3910,53088,internal,0.5371858477592468,0.0,-0.0003924328261524203,-0.0003924328261524203,2926.0,1454.25,False,False,False,True
3911,53116,internal,0.5047630071640015,0.0,-0.0004017781935990362,-0.0004017781935990362,3009.10009765625,1501.5,False,False,False,True
3912,53123,internal,0.5458338260650635,0.0,-0.0003815387648408683,-0.0003815387648408683,2922.25,1429.25,False,False,False,True
3913,53161,internal,0.5369759202003479,0.0,-0.00035792094517257667,-0.00035792094517257667,3006.199951171875,1462.0,False,False,False,True
3914,53180,internal,0.5444267988204956,0.0,-0.00034515414695420463,-0.00034515414695420463,3014.800048828125,1416.300048828125,False,False,False,True
3915,53185,internal,0.500370979309082,0.0,-0.00041690246979807417,-0.00041690246979807417,2988.0,1533.4000244140625,False,False,False,True
3916,53206,internal,0.5863171815872192,0.0,-0.0003568812386996016,-0.0003568812386996016,2811.800048828125,1346.0999755859375,False,False,False,True
3917,53225,internal,0.5752990245819092,0.0,-0.0003549696970958855,-0.0003549696970958855,2852.75,1361.75,False,False,False,True
3918,53227,internal,0.5735940337181091,0.0,-0.000354014085112705,-0.000354014085112705,2878.300048828125,1362.0,False,False,False,True
3919,53239,internal,0.5953263640403748,0.0,-0.00034478621701774105,-0.00034478621701774105,2805.75,1334.0,False,False,False,True
3920,53246,internal,0.6104244589805603,0.0,-0.0003205917532008264,-0.0003205917532008264,2831.5,1314.5,False,False,False,True
3921,53263,internal,0.6710101366043091,0.0,-0.0002311480385860877,-0.0002311480385860877,2817.75,1280.25,False,False,False,True
3922,53266,internal,0.6705543994903564,0.0,-0.00023223499361565178,-0.00023223499361565178,2808.5,1280.0,False,False,False,True
3923,53292,internal,0.6375826597213745,0.0,-0.0002579344761611597,-0.0002579344761611597,2899.75,1293.75,False,False,False,True
3924,53295,internal,0.5610199570655823,0.0,-0.0003655646234281587,-0.0003655646234281587,2906.39990234375,1385.800048828125,False,False,False,True
3925,53350,internal,0.5773157477378845,0.0,-0.00031115135924544043,-0.00031115135924544043,2998.5,1369.25,False,False,False,True
3926,53367,internal,0.6057716608047485,0.0,-0.00028518582894515587,-0.00028518582894515587,2959.199951171875,1324.0999755859375,False,False,False,True
3927,53368,internal,0.611353874206543,0.0,-0.0002903889141121226,-0.0002903889141121226,2913.39990234375,1315.4000244140625,False,False,False,True
3928,53386,internal,0.5876685380935669,0.0,-0.0003061481209144665,-0.0003061481209144665,2966.199951171875,1353.9000244140625,False,False,False,True
3929,53396,internal,0.6083447933197021,0.0,-0.0002768189433712963,-0.0002768189433712963,2992.699951171875,1310.5999755859375,False,False,False,True
3930,53413,internal,0.5911436080932617,0.0,-0.00029061552189529275,-0.00029061552189529275,3021.699951171875,1345.199951171875,False,False,False,True
3931,53473,internal,0.8078796863555908,0.0,-5.425763842227252e-05,-5.425763842227252e-05,2621.25,1116.0,False,False,False,True
3932,53514,internal,0.6568698883056641,0.0,-0.00025612293738477875,-0.00025612293738477875,2719.75,1275.25,False,False,False,True
3933,53517,internal,0.6741249561309814,0.0,-0.00022840193130130965,-0.00022840193130130965,2720.0,1249.5,False,False,False,True
3934,53541,internal,0.6805395483970642,0.0,-0.00021814846512589834,-0.00021814846512589834,2764.75,1233.75,False,False,False,True
3935,53547,internal,0.6729628443717957,0.0,-0.00022941866200559043,-0.00022941866200559043,2791.5,1274.5,False,False,False,True
3936,53550,internal,0.677526593208313,0.0,-0.00022270833464854386,-0.00022270833464854386,2776.75,1263.0,False,False,False,True
3937,53559,internal,0.6812946200370789,0.0,-0.00021698495949372615,-0.00021698495949372615,2772.25,1211.75,False,False,False,True
3938,53572,internal,0.6813900470733643,0.0,-0.00021656743842517879,-0.00021656743842517879,2788.0,1206.25,False,False,False,True
3939,53573,internal,0.6941589713096619,0.0,-0.00019874770486463062,-0.00019874770486463062,2717.25,1155.5,False,False,False,True
3940,53575,internal,0.6917234659194946,0.0,-0.00020215762128226002,-0.00020215762128226002,2732.25,1164.0,False,False,False,True
3941,53593,internal,0.7125755548477173,0.0,-0.00017312687726920916,-0.00017312687726920916,2721.5,1121.75,False,False,False,True
3942,53610,internal,0.7193770408630371,0.0,-0.00016272475681155472,-0.00016272475681155472,2765.25,1113.0,False,False,False,True
3943,53619,internal,0.7207373976707458,0.0,-0.0001605031879142537,-0.0001605031879142537,2778.5,1112.5,False,False,False,True
3944,53675,internal,0.8190388083457947,0.0,-4.103549382030229e-05,-4.103549382030229e-05,2635.75,1076.75,False,False,False,True
3945,53693,internal,0.9997568130493164,0.0,0.00017105023041522744,0.00017105023041522744,2541.60009765625,1045.5,False,False,False,True
3946,53709,internal,0.9821407794952393,0.0,0.0001497929327522559,0.0001497929327522559,2592.10009765625,1052.5999755859375,False,False,False,True
3947,53731,internal,0.8147209882736206,0.0,-4.615845827313716e-05,-4.615845827313716e-05,2638.10009765625,1081.0,False,False,False,True
3948,53738,internal,0.8076165318489075,0.0,-5.471249180622563e-05,-5.471249180622563e-05,2659.60009765625,1097.800048828125,False,False,False,True
3949,53745,internal,0.8077365756034851,0.0,-5.450285776922509e-05,-5.450285776922509e-05,2641.5,1106.75,False,False,False,True
3950,53765,internal,0.7228782176971436,0.0,-0.00015887282154435658,-0.00015887282154435658,2737.300048828125,1099.5999755859375,False,False,False,True
3951,53774,internal,0.7598470449447632,0.0,-0.0001134485754003664,-0.0001134485754003664,2727.75,1085.25,False,False,False,True
3952,53788,internal,0.802933394908905,0.0,-6.0630419841115806e-05,-6.0630419841115806e-05,2700.25,1067.25,False,False,False,True
3953,53810,internal,0.8515081405639648,0.0,-2.969903687841256e-06,-2.969903687841256e-06,2644.39990234375,1049.9000244140625,False,False,False,True
3954,53819,internal,0.798850417137146,0.0,-6.540181599000338e-05,-6.540181599000338e-05,2743.25,1055.5,False,False,False,True
3955,53824,internal,0.8069924712181091,0.0,-5.566885156067984e-05,-5.566885156067984e-05,2709.5,1046.75,False,False,False,True
3956,53825,internal,0.7418251037597656,0.0,-0.00013321321572181864,-0.00013321321572181864,2793.60009765625,1046.0,False,False,False,True
3957,53872,internal,0.6773773431777954,0.0,-0.00021965979689692663,-0.00021965979689692663,2839.75,1252.25,False,False,False,True
3958,53893,internal,0.6809486746788025,0.0,-0.00021469836758283357,-0.00021469836758283357,2844.60009765625,1215.9000244140625,False,False,False,True
3959,53899,internal,0.692959189414978,0.0,-0.00018175417253479023,-0.00018175417253479023,2914.5,1213.4000244140625,False,False,False,True
3960,53903,internal,0.6518905758857727,0.0,-0.00024010128271768406,-0.00024010128271768406,2896.199951171875,1279.0,False,False,False,True
3961,53906,internal,0.6816174387931824,0.0,-0.00021561337492410502,-0.00021561337492410502,2813.5,1202.75,False,False,False,True
3962,53915,internal,0.6815281510353088,0.0,-0.000214658199692288,-0.000214658199692288,2829.75,1206.0,False,False,False,True
3963,53925,internal,0.7058205604553223,0.0,-0.00018117080506214843,-0.00018117080506214843,2812.300048828125,1161.5999755859375,False,False,False,True
3964,53988,internal,0.6914598345756531,0.0,-0.00018308455689246131,-0.00018308455689246131,2923.0,1230.5,False,False,False,True
3965,53993,internal,0.6153588891029358,0.0,-0.0002669803115818028,-0.0002669803115818028,2993.5,1282.25,False,False,False,True
3966,54035,internal,0.6956467032432556,0.0,-0.0001743427401254335,-0.0001743427401254335,2972.25,1210.75,False,False,False,True
3967,54049,internal,0.6990395188331604,0.0,-0.00017062124793211254,-0.00017062124793211254,2927.25,1158.0,False,False,False,True
3968,54062,internal,0.6977574825286865,0.0,-0.00017143533923865252,-0.00017143533923865252,2977.25,1201.0,False,False,False,True
3969,54072,internal,0.6990162134170532,0.0,-0.00016982229733950472,-0.00016982229733950472,2974.25,1157.0,False,False,False,True
3970,54098,internal,0.722628653049469,0.0,-0.00015542020937222965,-0.00015542020937222965,2850.0,1116.300048828125,False,False,False,True
3971,54101,internal,0.7230467796325684,0.0,-0.00015680349358443473,-0.00015680349358443473,2799.25,1091.75,False,False,False,True
3972,54120,internal,0.7205214500427246,0.0,-0.00015789886600391215,-0.00015789886600391215,2849.25,1148.5,False,False,False,True
3973,54139,internal,0.7218935489654541,0.0,-0.0001539360885346319,-0.0001539360885346319,2902.0,1100.75,False,False,False,True
3974,54143,internal,0.7217347621917725,0.0,-0.00015269244564471558,-0.00015269244564471558,2912.25,1101.0,False,False,False,True
3975,54150,internal,0.7325989007949829,0.0,-0.00014466892605184922,-0.00014466892605184922,2802.5,1067.75,False,False,False,True
3976,54171,internal,0.7445074915885925,0.0,-0.0001265392710768346,-0.0001265392710768346,2848.800048828125,1046.800048828125,False,False,False,True
3977,54180,internal,0.7305939197540283,0.0,-0.00014285818136885634,-0.00014285818136885634,2874.699951171875,1059.0,False,False,False,True
3978,54183,internal,0.7230506539344788,0.0,-0.00015397436383593596,-0.00015397436383593596,2877.0,1092.0999755859375,False,False,False,True
3979,54197,internal,0.7438399791717529,0.0,-0.00012229890502887136,-0.00012229890502887136,2902.800048828125,1043.699951171875,False,False,False,True
3980,54210,internal,0.7011731266975403,0.0,-0.00016913021848203875,-0.00016913021848203875,2920.0,1145.4000244140625,False,False,False,True
3981,54214,internal,0.7115223407745361,0.0,-0.00015821115646365297,-0.00015821115646365297,2952.60009765625,1110.800048828125,False,False,False,True
3982,54246,internal,0.6991442441940308,0.0,-0.00017009619338393328,-0.00017009619338393328,2954.75,1158.5,False,False,False,True
3983,54261,internal,0.7125442028045654,0.0,-0.00014404855382732425,-0.00014404855382732425,3032.800048828125,1082.0,False,False,False,True
3984,54267,internal,0.7405835390090942,0.0,-0.0001232029009418285,-0.0001232029009418285,2916.199951171875,1054.300048828125,False,False,False,True
3985,54291,internal,0.7434819936752319,0.0,-0.00011611679535866644,-0.00011611679535866644,2944.699951171875,1043.800048828125,False,False,False,True
3986,54295,internal,0.7351855635643005,0.0,-0.0001225629940199575,-0.0001225629940199575,2975.39990234375,1065.5999755859375,False,False,False,True
3987,54296,internal,0.7187832593917847,0.0,-0.00014097980639898113,-0.00014097980639898113,2976.25,1085.4000244140625,False,False,False,True
3988,54317,internal,0.731370747089386,0.0,-0.00012327106062430288,-0.00012327106062430288,3021.75,1045.25,False,False,False,True
3989,54325,internal,0.69928377866745,0.0,-0.00016900412968690607,-0.00016900412968690607,3001.75,1155.5,False,False,False,True
3990,54336,internal,0.49632537364959717,0.0,-0.0003802595598020571,-0.0003802595598020571,3076.89990234375,1523.0999755859375,False,False,False,True
3991,54355,internal,0.5068663358688354,0.0,-0.0003679284012163698,-0.0003679284012163698,3085.75,1506.75,False,False,False,True
3992,54367,internal,0.47839245200157166,0.0,-0.00038779296495581846,-0.00038779296495581846,3117.0,1536.300048828125,False,False,False,True
3993,54374,internal,0.5115073919296265,0.0,-0.00036281250750341105,-0.00036281250750341105,3087.5,1498.0999755859375,False,False,False,True
3994,54404,internal,0.5418083667755127,0.0,-0.0003476336506188344,-0.0003476336506188344,3024.89990234375,1435.5,False,False,False,True
3995,54407,internal,0.5388339757919312,0.0,-0.0003479069510932219,-0.0003479069510932219,3062.0,1445.4000244140625,False,False,False,True
3996,54439,internal,0.5387952923774719,0.0,-0.00031243599058907,-0.00031243599058907,3145.25,1467.75,False,False,False,True
3997,54457,internal,0.4883843958377838,0.0,-0.0003623215725011384,-0.0003623215725011384,3185.300048828125,1517.5999755859375,False,False,False,True
3998,54476,internal,0.49834227561950684,0.0,-0.00034826201671679907,-0.00034826201671679907,3219.199951171875,1523.0999755859375,False,False,False,True
3999,54487,internal,0.5123485922813416,0.0,-0.00032779283027168846,-0.00032779283027168846,3277.5,1524.25,False,False,False,True
4000,54500,internal,0.5175507664680481,0.0,-0.00032347042114184976,-0.00032347042114184976,3273.60009765625,1507.699951171875,False,False,False,True
4001,54535,internal,0.5401405692100525,0.0,-0.0003092569965286858,-0.0003092569965286858,3154.25,1462.25,False,False,False,True
4002,54540,internal,0.5234941840171814,0.0,-0.00032034291080279087,-0.00032034291080279087,3244.60009765625,1496.9000244140625,False,False,False,True
4003,54556,internal,0.5295485258102417,0.0,-0.00031468134258334313,-0.00031468134258334313,3239.10009765625,1467.800048828125,False,False,False,True
4004,54560,internal,0.5315498113632202,0.0,-0.00030595377979263083,-0.00030595377979263083,3291.10009765625,1463.5,False,False,False,True
4005,54568,internal,0.5297091603279114,0.0,-0.00031379036980195,-0.00031379036980195,3253.0,1463.0,False,False,False,True
4006,54587,internal,0.5529785752296448,0.0,-0.00033385946552838097,-0.00033385946552838097,3021.0,1390.5,False,False,False,True
4007,54636,internal,0.5742152333259583,0.0,-0.00030056334152564327,-0.00030056334152564327,3046.699951171875,1360.5999755859375,False,False,False,True
4008,54658,internal,0.5662736296653748,0.0,-0.0002890064504630852,-0.0002890064504630852,3113.10009765625,1375.4000244140625,False,False,False,True
4009,54672,internal,0.5757948160171509,0.0,-0.0002868337844835983,-0.0002868337844835983,3090.39990234375,1357.5999755859375,False,False,False,True
4010,54674,internal,0.5413597822189331,0.0,-0.00030696656649975096,-0.00030696656649975096,3174.699951171875,1447.5999755859375,False,False,False,True
4011,54678,internal,0.5467285513877869,0.0,-0.0003015327707337758,-0.0003015327707337758,3177.0,1426.199951171875,False,False,False,True
4012,54722,internal,0.5587477087974548,0.0,-0.0002763584486155656,-0.0002763584486155656,3285.5,1417.699951171875,False,False,False,True
4013,54730,internal,0.5664212107658386,0.0,-0.00027025382922514463,-0.00027025382922514463,3291.0,1393.5,False,False,False,True
4014,54731,internal,0.5670074820518494,0.0,-0.00027160971721546196,-0.00027160971721546196,3260.0,1392.25,False,False,False,True
4015,54759,internal,0.5632847547531128,0.0,-0.00027951184639907493,-0.00027951184639907493,3224.60009765625,1391.5,False,False,False,True
4016,54763,internal,0.5680198073387146,0.0,-0.00026978594940090504,-0.00026978594940090504,3274.300048828125,1388.199951171875,False,False,False,True
4017,54770,internal,0.6166673898696899,0.0,-0.00022625078525263895,-0.00022625078525263895,3219.5,1348.25,False,False,False,True
4018,54791,internal,0.501547634601593,0.0,-0.0003247217535027404,-0.0003247217535027404,3341.10009765625,1520.4000244140625,False,False,False,True
4019,54798,internal,0.5196467041969299,0.0,-0.000315078892203181,-0.000315078892203181,3294.300048828125,1485.0999755859375,False,False,False,True
4020,54809,internal,0.5095013380050659,0.0,-0.00031927906389081907,-0.00031927906389081907,3324.75,1488.75,False,False,False,True
4021,54832,internal,0.5163137316703796,0.0,-0.00030773675767682153,-0.00030773675767682153,3387.10009765625,1504.5,False,False,False,True
4022,54837,internal,0.5243290066719055,0.0,-0.00030038668221658155,-0.00030038668221658155,3392.5,1489.699951171875,False,False,False,True
4023,54851,internal,0.5148876309394836,0.0,-0.00031436370522812276,-0.00031436370522812276,3323.60009765625,1477.5999755859375,False,False,False,True
4024,54857,internal,0.5349488258361816,0.0,-0.00030048067640394717,-0.00030048067640394717,3303.25,1456.75,False,False,False,True
4025,54868,internal,0.5416926741600037,0.0,-0.0002913637696250735,-0.0002913637696250735,3315.0,1443.5,False,False,False,True
4026,54887,internal,0.5394095182418823,0.0,-0.0002905458004958219,-0.0002905458004958219,3355.5,1455.5,False,False,False,True
4027,54895,internal,0.5404876470565796,0.0,-0.0002903414537972968,-0.0002903414537972968,3344.5,1450.5,False,False,False,True
4028,54915,internal,0.5138559341430664,0.0,-0.00030594933286965775,-0.00030594933286965775,3463.75,1518.25,False,False,False,True
4029,54948,internal,0.5320979356765747,0.0,-0.00028899972713906637,-0.00028899972713906637,3500.0,1507.300048828125,False,False,False,True
4030,54958,internal,0.5268393158912659,0.0,-0.0002936969218782855,-0.0002936969218782855,3552.0,1517.0,False,False,False,True
4031,54961,internal,0.5102434754371643,0.0,-0.00030937952513846205,-0.00030937952513846205,3464.300048828125,1529.0,False,False,False,True
4032,54969,internal,0.5402044057846069,0.0,-0.000282795051981751,-0.000282795051981751,3445.0,1488.5,False,False,False,True
4033,54985,internal,0.5467075109481812,0.0,-0.00027639725331246167,-0.00027639725331246167,3457.25,1455.5,False,False,False,True
4034,54998,internal,0.547035276889801,0.0,-0.00027588990704683594,-0.00027588990704683594,3487.0,1463.5,False,False,False,True
4035,55005,internal,0.547484815120697,0.0,-0.00027544254130178766,-0.00027544254130178766,3501.25,1462.25,False,False,False,True
4036,55006,internal,0.5431636571884155,0.0,-0.00027924386635038735,-0.00027924386635038735,3549.0,1479.75,False,False,False,True
4037,55013,internal,0.5476241111755371,0.0,-0.00027530013388753053,-0.00027530013388753053,3540.699951171875,1454.5,False,False,False,True
4038,55029,internal,0.5432998538017273,0.0,-0.0002891672808439451,-0.0002891672808439451,3325.60009765625,1436.5,False,False,False,True
4039,55045,internal,0.562093198299408,0.0,-0.0002711751099041817,-0.0002711751099041817,3325.699951171875,1406.0,False,False,False,True
4040,55067,internal,0.5668166279792786,0.0,-0.00026523145324351867,-0.00026523145324351867,3349.25,1393.9000244140625,False,False,False,True
4041,55068,internal,0.5606464147567749,0.0,-0.0002675487765685288,-0.0002675487765685288,3379.300048828125,1408.800048828125,False,False,False,True
4042,55074,internal,0.5609216094017029,0.0,-0.0002665362280894251,-0.0002665362280894251,3394.5,1400.5,False,False,False,True
4043,55083,internal,0.5744903087615967,0.0,-0.00025727424044855456,-0.00025727424044855456,3349.75,1379.0,False,False,False,True
4044,55102,internal,0.6145166754722595,0.0,-0.0002215451201839473,-0.0002215451201839473,3293.89990234375,1338.800048828125,False,False,False,True
4045,55117,internal,0.5823127031326294,0.0,-0.0002478918417802759,-0.0002478918417802759,3382.39990234375,1364.5999755859375,False,False,False,True
4046,55141,internal,0.5695002675056458,0.0,-0.00025580159426041415,-0.00025580159426041415,3492.5,1398.75,False,False,False,True
4047,55190,internal,0.6032841205596924,0.0,-0.0002257759174065845,-0.0002257759174065845,3454.699951171875,1371.699951171875,False,False,False,True
4048,55219,internal,0.5670045018196106,0.0,-0.000258076804166078,-0.000258076804166078,3527.25,1387.5,False,False,False,True
4049,55227,internal,0.6173413395881653,0.0,-0.00021347498730920234,-0.00021347498730920234,3450.25,1317.25,False,False,False,True
4050,55237,internal,0.614292562007904,0.0,-0.00022066056632410758,-0.00022066056632410758,3323.300048828125,1340.4000244140625,False,False,False,True
4051,55251,internal,0.6499901413917542,0.0,-0.0002193036592472756,-0.0002193036592472756,3032.300048828125,1271.699951171875,False,False,False,True
4052,55261,internal,0.6248822212219238,0.0,-0.0002321961359791965,-0.0002321961359791965,3076.0,1301.75,False,False,False,True
4053,55272,internal,0.6231377720832825,0.0,-0.00023320622276879724,-0.00023320622276879724,3093.0,1310.5,False,False,False,True
4054,55292,internal,0.6610511541366577,0.0,-0.00020545117654876036,-0.00020545117654876036,3035.300048828125,1260.300048828125,False,False,False,True
4055,55318,internal,0.6767593622207642,0.0,-0.00017651181944978436,-0.00017651181944978436,3111.0,1234.5,False,False,False,True
4056,55323,internal,0.6759738922119141,0.0,-0.0001790222795216583,-0.0001790222795216583,3080.0,1239.0999755859375,False,False,False,True
4057,55332,internal,0.6939233541488647,0.0,-0.00016273621822612225,-0.00016273621822612225,3057.0,1196.300048828125,False,False,False,True
4058,55353,internal,0.654776930809021,0.0,-0.0001929040113266334,-0.0001929040113266334,3158.0,1287.0,False,False,False,True
4059,55357,internal,0.6506268978118896,0.0,-0.0001992293754440427,-0.0001992293754440427,3128.699951171875,1282.1500244140625,False,False,False,True
4060,55385,internal,0.6213533878326416,0.0,-0.0002236167245449149,-0.0002236167245449149,3170.39990234375,1335.800048828125,False,False,False,True
4061,55393,internal,0.6602064967155457,0.0,-0.00018706415590667843,-0.00018706415590667843,3165.25,1273.25,False,False,False,True
4062,55397,internal,0.659943163394928,0.0,-0.00018671844735019047,-0.00018671844735019047,3203.800048828125,1271.0,False,False,False,True
4063,55410,internal,0.6744637489318848,0.0,-0.00017791277223987357,-0.00017791277223987357,3124.25,1236.75,False,False,False,True
4064,55438,internal,0.6639931201934814,0.0,-0.00018359060613888656,-0.00018359060613888656,3175.5,1232.5999755859375,False,False,False,True
4065,55442,internal,0.6615059971809387,0.0,-0.00018568648328774892,-0.00018568648328774892,3185.300048828125,1255.4000244140625,False,False,False,True
4066,55459,internal,0.672636866569519,0.0,-0.00017413255684050623,-0.00017413255684050623,3206.39990234375,1202.0999755859375,False,False,False,True
4067,55462,internal,0.6665133237838745,0.0,-0.0001821017869154095,-0.0001821017869154095,3156.25,1230.25,False,False,False,True
4068,55464,internal,0.6896604299545288,0.0,-0.00016429240303868562,-0.00016429240303868562,3121.0,1201.300048828125,False,False,False,True
4069,55476,internal,0.6943594217300415,0.0,-0.00016329005865961836,-0.00016329005865961836,3044.5,1195.75,False,False,False,True
4070,55495,internal,0.6993023753166199,0.0,-0.0001673763044158507,-0.0001673763044158507,3030.300048828125,1163.699951171875,False,False,False,True
4071,55503,internal,0.6955264806747437,0.0,-0.00015916192447716632,-0.00015916192447716632,3097.0,1178.25,False,False,False,True
4072,55521,internal,0.7003270387649536,0.0,-0.00015422561498391527,-0.00015422561498391527,3090.800048828125,1144.699951171875,False,False,False,True
4073,55529,internal,0.7075501084327698,0.0,-0.0001493029771318285,-0.0001493029771318285,3030.5,1100.4000244140625,False,False,False,True
4074,55536,internal,0.7058343887329102,0.0,-0.00015045322140442023,-0.00015045322140442023,3056.0,1118.5,False,False,False,True
4075,55550,internal,0.7031386494636536,0.0,-0.00015252985502351216,-0.00015252985502351216,3066.0,1130.0,False,False,False,True
4076,55556,internal,0.7024831771850586,0.0,-0.0001513949764579792,-0.0001513949764579792,3105.5,1099.75,False,False,False,True
4077,55563,internal,0.6999711394309998,0.0,-0.00015402132122494937,-0.00015402132122494937,3110.300048828125,1126.4000244140625,False,False,False,True
4078,55576,internal,0.7179655432701111,0.0,-0.00012688973095876106,-0.00012688973095876106,3116.60009765625,1048.300048828125,False,False,False,True
4079,55581,internal,0.6888628005981445,0.0,-0.00016456145511344706,-0.00016456145511344706,3138.5,1197.75,False,False,False,True
4080,55601,internal,0.6940412521362305,0.0,-0.0001580573538092773,-0.0001580573538092773,3148.10009765625,1158.300048828125,False,False,False,True
4081,55606,internal,0.6993481516838074,0.0,-0.00015437651919742454,-0.00015437651919742454,3139.25,1124.75,False,False,False,True
4082,55608,internal,0.6909223794937134,0.0,-0.0001602163349127101,-0.0001602163349127101,3168.25,1169.0,False,False,False,True
4083,55619,internal,0.6852390170097351,0.0,-0.00016398264044289676,-0.00016398264044289676,3199.199951171875,1179.4000244140625,False,False,False,True
4084,55657,internal,0.714767575263977,0.0,-0.00012636697928140715,-0.00012636697928140715,3150.0,1033.5,False,False,False,True
4085,55668,internal,0.6967911124229431,0.0,-0.0001545786953740223,-0.0001545786953740223,3191.0,1106.0,False,False,False,True
4086,55688,internal,0.6877078413963318,0.0,-0.00016509606525206254,-0.00016509606525206254,3145.5,1196.25,False,False,False,True
4087,55713,internal,0.6288148164749146,0.0,-0.00021191008070426022,-0.00021191008070426022,3247.300048828125,1315.0,False,False,False,True
4088,55718,internal,0.642740786075592,0.0,-0.0001998236484658804,-0.0001998236484658804,3238.699951171875,1293.0999755859375,False,False,False,True
4089,55770,internal,0.6598769426345825,0.0,-0.00018274018505984324,-0.00018274018505984324,3243.89990234375,1239.0999755859375,False,False,False,True
4090,55776,internal,0.650779128074646,0.0,-0.00018949003179783515,-0.00018949003179783515,3258.300048828125,1254.800048828125,False,False,False,True
4091,55795,internal,0.6406963467597961,0.0,-0.00019513661812202833,-0.00019513661812202833,3313.60009765625,1269.0999755859375,False,False,False,True
4092,55796,internal,0.6478439569473267,0.0,-0.00019110762649907445,-0.00019110762649907445,3280.75,1253.75,False,False,False,True
4093,55813,internal,0.6192725300788879,0.0,-0.00021359797914012162,-0.00021359797914012162,3342.39990234375,1312.4000244140625,False,False,False,True
4094,55825,internal,0.6178275346755981,0.0,-0.00021393696437259076,-0.00021393696437259076,3378.199951171875,1317.5,False,False,False,True
4095,55840,internal,0.6184656620025635,0.0,-0.00021288068781758504,-0.00021288068781758504,3406.5,1309.25,False,False,False,True
4096,55846,internal,0.6180130243301392,0.0,-0.0002130423652313922,-0.0002130423652313922,3424.5,1310.5,False,False,False,True
4097,55847,internal,0.6173595190048218,0.0,-0.00021343451501619135,-0.00021343451501619135,3478.800048828125,1312.300048828125,False,False,False,True
4098,55876,internal,0.6378189921379089,0.0,-0.00019510215446898692,-0.00019510215446898692,3408.25,1272.25,False,False,False,True
4099,55888,internal,0.6424373984336853,0.0,-0.00019092347624238544,-0.00019092347624238544,3421.75,1228.5,False,False,False,True
4100,55892,internal,0.6176049113273621,0.0,-0.00021330351607694255,-0.00021330351607694255,3435.25,1313.75,False,False,False,True
4101,55895,internal,0.6205941438674927,0.0,-0.00021052800086702702,-0.00021052800086702702,3480.0,1289.5,False,False,False,True
4102,55912,internal,0.6452672481536865,0.0,-0.00018855456331693158,-0.00018855456331693158,3344.0,1229.75,False,False,False,True
4103,55924,internal,0.6659407615661621,0.0,-0.00017763693066664429,-0.00017763693066664429,3240.5,1213.4000244140625,False,False,False,True
4104,55958,internal,0.6637113094329834,0.0,-0.00017476742126936313,-0.00017476742126936313,3286.10009765625,1184.1500244140625,False,False,False,True
4105,55962,internal,0.6648101806640625,0.0,-0.00017476486693563157,-0.00017476486693563157,3266.5,1188.5,False,False,False,True
4106,55970,internal,0.6594382524490356,0.0,-0.00017780334617100015,-0.00017780334617100015,3293.75,1194.5,False,False,False,True
4107,55974,internal,0.6925730109214783,0.0,-0.0001549218893014481,-0.0001549218893014481,3223.0,1140.800048828125,False,False,False,True
4108,55983,internal,0.6930156946182251,0.0,-0.0001526333253919752,-0.0001526333253919752,3241.39990234375,1139.800048828125,False,False,False,True
4109,56001,internal,0.6983231902122498,0.0,-0.000142387958969122,-0.000142387958969122,3266.5,1117.5,False,False,False,True
4110,56009,internal,0.6941622495651245,0.0,-0.00014532651478649418,-0.00014532651478649418,3289.800048828125,1130.699951171875,False,False,False,True
4111,56023,internal,0.7100875973701477,0.0,-0.00012879629624391208,-0.00012879629624391208,3243.199951171875,1055.199951171875,False,False,False,True
4112,56033,internal,0.6505641341209412,0.0,-0.0001841841380068954,-0.0001841841380068954,3324.199951171875,1206.4000244140625,False,False,False,True
4113,56056,internal,0.6779754757881165,0.0,-0.00015875557365561087,-0.00015875557365561087,3335.5,1171.4000244140625,False,False,False,True
4114,56062,internal,0.6730270981788635,0.0,-0.00016493837154008543,-0.00016493837154008543,3297.75,1161.0,False,False,False,True
4115,56067,internal,0.644260048866272,0.0,-0.00018928904676131946,-0.00018928904676131946,3394.0,1230.5,False,False,False,True
4116,56082,internal,0.6701554656028748,0.0,-0.00016557250805000328,-0.00016557250805000328,3398.5,1176.25,False,False,False,True
4117,56120,internal,0.6918124556541443,0.0,-0.00014571127950278444,-0.00014571127950278444,3356.25,1103.5,False,False,False,True
4118,56121,internal,0.707587480545044,0.0,-0.0001310695341509956,-0.0001310695341509956,3313.60009765625,1065.5999755859375,False,False,False,True
4119,56127,internal,0.6829143166542053,0.0,-0.00015389675444214379,-0.00015389675444214379,3374.699951171875,1144.9000244140625,False,False,False,True
4120,56139,internal,0.6387788653373718,0.0,-0.00019420448483335457,-0.00019420448483335457,3450.25,1242.5,False,False,False,True
4121,56145,internal,0.9956839680671692,0.0,0.0001668612025048017,0.0001668612025048017,2547.39990234375,1006.4000244140625,False,False,False,True
4122,56158,internal,0.9956380724906921,0.0,0.00016666343354650761,0.00016666343354650761,2552.39990234375,1032.0,False,False,False,True
4123,56159,internal,1.0298926830291748,0.0,0.0002071677285210406,0.0002071677285210406,2549.5,924.75,False,False,False,True
4124,56169,internal,1.0150398015975952,0.0,0.0001896577840260609,0.0001896577840260609,2557.75,942.5,False,False,False,True
4125,56173,internal,0.991824209690094,0.0,0.00016235363726664913,0.00016235363726664913,2569.699951171875,981.5,False,False,False,True
4126,56190,internal,0.9914723038673401,0.0,0.00016193131193310405,0.00016193131193310405,2599.89990234375,932.0,False,False,False,True
4127,56199,internal,1.0512804985046387,0.0,0.00023195340810024893,0.00023195340810024893,2548.699951171875,901.0,False,False,False,True
4128,56202,internal,1.066953420639038,0.0,0.00025036189573358783,0.00025036189573358783,2534.0,887.5,False,False,False,True
4129,56221,internal,1.0568174123764038,0.0,0.00023740605034930048,0.00023740605034930048,2556.300048828125,855.0,False,False,False,True
4130,56242,internal,1.0518428087234497,0.0,0.00023165795242033479,0.00023165795242033479,2576.89990234375,860.39990234375,False,False,False,True
4131,56258,internal,0.9523143768310547,0.0,0.0001152940219644171,0.0001152940219644171,2630.89990234375,1018.5999755859375,False,False,False,True
4132,56270,internal,0.9853436946868896,0.0,0.00015477639815786738,0.00015477639815786738,2620.5,976.0,False,False,False,True
4133,56285,internal,0.8964642882347107,0.0,4.968958973773008e-05,4.968958973773008e-05,2648.39990234375,1030.800048828125,False,False,False,True
4134,56295,internal,0.9737159013748169,0.0,0.00014122195194277745,0.00014122195194277745,2639.0,968.25,False,False,False,True
4135,56301,internal,0.9642369747161865,0.0,0.0001301834979834982,0.0001301834979834982,2656.75,966.0,False,False,False,True
4136,56322,internal,0.9848136305809021,0.0,0.00015419379830883403,0.00015419379830883403,2619.5,910.75,False,False,False,True
4137,56323,internal,0.986997663974762,0.0,0.0001567030540057361,0.0001567030540057361,2614.75,920.75,False,False,False,True
4138,56349,internal,0.939346432685852,0.0,0.00010274176792716172,0.00010274176792716172,2663.75,919.25,False,False,False,True
4139,56365,internal,0.981621503829956,0.0,0.0001510252068718333,0.0001510252068718333,2644.25,851.5,False,False,False,True
4140,56367,internal,0.990915834903717,0.0,0.00016149741930587304,0.00016149741930587304,2637.5,843.0,False,False,False,True
4141,56372,internal,0.989423394203186,0.0,0.00015954418779928422,0.00015954418779928422,2607.0,978.75,False,False,False,True
4142,56384,internal,1.1040247678756714,0.0,0.0002890907037715574,0.0002890907037715574,2531.60009765625,778.39990234375,False,False,False,True
4143,56403,internal,1.1016653776168823,0.0,0.00028629634207856546,0.00028629634207856546,2558.0,767.0,False,False,False,True
4144,56431,internal,1.0604394674301147,0.0,0.0002364455679266733,0.0002364455679266733,2594.300048828125,738.39990234375,False,False,False,True
4145,56440,internal,1.0941596031188965,0.0,0.0002716997144661077,0.0002716997144661077,2536.5,709.199951171875,False,False,False,True
4146,56452,internal,1.1071476936340332,0.0,0.000284020973354224,0.000284020973354224,2537.25,649.5,False,False,False,True
4147,56466,internal,1.0869567394256592,0.0,0.00026272725327452053,0.00026272725327452053,2566.5,704.5,False,False,False,True
4148,56474,internal,1.0767810344696045,0.0,0.00025111713148518345,0.00025111713148518345,2587.800048828125,709.5,False,False,False,True
4149,56483,internal,1.0887725353240967,0.0,0.00026311768252364556,0.00026311768252364556,2572.0,667.0,False,False,False,True
4150,56484,internal,1.0830940008163452,0.0,0.00025664418028469537,0.00025664418028469537,2585.10009765625,667.300048828125,False,False,False,True
4151,56500,internal,1.100212574005127,0.0,0.00028521063112864266,0.00028521063112864266,2528.60009765625,824.10009765625,False,False,False,True
4152,56501,internal,1.0095478296279907,0.0,0.00018260881554368002,0.00018260881554368002,2615.25,826.75,False,False,False,True
4153,56514,internal,1.0546543598175049,0.0,0.00023157309030693175,0.00023157309030693175,2618.25,783.5,False,False,False,True
4154,56516,internal,1.0601927042007446,0.0,0.00023780449994164482,0.00023780449994164482,2607.60009765625,777.0,False,False,False,True
4155,56529,internal,1.0433729887008667,0.0,0.00021792879242498386,0.00021792879242498386,2618.5,755.25,False,False,False,True
4156,56539,internal,1.0057976245880127,0.0,0.00017833881657745268,0.00017833881657745268,2623.5,828.0,False,False,False,True
4157,56552,internal,1.016478180885315,0.0,0.0001876205903785755,0.0001876205903785755,2656.5,759.800048828125,False,False,False,True
4158,56553,internal,1.0261589288711548,0.0,0.00019847510583940255,0.00019847510583940255,2642.75,758.25,False,False,False,True
4159,56584,internal,1.068927526473999,0.0,0.00024139276973423045,0.00024139276973423045,2605.199951171875,691.89990234375,False,False,False,True
4160,56585,internal,1.0614748001098633,0.0,0.0002331758619315941,0.0002331758619315941,2620.199951171875,691.89990234375,False,False,False,True
4161,56601,internal,1.0381368398666382,0.0,0.00021194171209088425,0.00021194171209088425,2626.5,751.5,False,False,False,True
4162,56611,internal,1.0336568355560303,0.0,0.0002024006800334526,0.0002024006800334526,2659.25,668.75,False,False,False,True
4163,56632,internal,0.8453153967857361,0.0,-1.004890440992695e-05,-1.004890440992695e-05,2678.25,1005.25,False,False,False,True
4164,56641,internal,0.9565051794052124,0.0,0.00012123753304129232,0.00012123753304129232,2668.75,963.0,False,False,False,True
4165,56655,internal,0.832890510559082,0.0,-2.4683001649772116e-05,-2.4683001649772116e-05,2692.0,1008.75,False,False,False,True
4166,56661,internal,0.8190696239471436,0.0,-4.1068260098726743e-05,-4.1068260098726743e-05,2705.0,1020.5,False,False,False,True
4167,56676,internal,0.9156447649002075,0.0,7.389766894752732e-05,7.389766894752732e-05,2702.0,967.25,False,False,False,True
4168,56685,internal,0.8794342279434204,0.0,3.564743783347888e-05,3.564743783347888e-05,2720.800048828125,928.699951171875,False,False,False,True
4169,56687,internal,0.9063419699668884,0.0,6.363110684865807e-05,6.363110684865807e-05,2712.89990234375,963.0999755859375,False,False,False,True
4170,56688,internal,0.9362831115722656,0.0,9.934959949675526e-05,9.934959949675526e-05,2675.5,914.199951171875,False,False,False,True
4171,56700,internal,0.9325351119041443,0.0,9.58529085241466e-05,9.58529085241466e-05,2678.5,888.5,False,False,False,True
4172,56706,internal,0.9556512832641602,0.0,0.00012200253614156096,0.00012200253614156096,2672.300048828125,872.5,False,False,False,True
4173,56752,internal,0.8187915086746216,0.0,-4.088603551850376e-05,-4.088603551850376e-05,2732.300048828125,1008.4000244140625,False,False,False,True
4174,56769,internal,0.8624574542045593,0.0,1.2638007851358754e-05,1.2638007851358754e-05,2740.75,977.25,False,False,False,True
4175,56771,internal,0.8582077622413635,0.0,8.001223766635606e-06,8.001223766635606e-06,2746.25,975.5,False,False,False,True
4176,56784,internal,0.7979755401611328,0.0,-6.181634537661063e-05,-6.181634537661063e-05,2765.10009765625,998.300048828125,False,False,False,True
4177,56803,internal,0.8693298697471619,0.0,2.4838903688542436e-05,2.4838903688542436e-05,2728.699951171875,920.5,False,False,False,True
4178,56825,internal,0.8628687262535095,0.0,1.8841190774849068e-05,1.8841190774849068e-05,2728.89990234375,891.800048828125,False,False,False,True
4179,56839,internal,0.8273058533668518,0.0,-2.076651486193157e-05,-2.076651486193157e-05,2767.5,943.25,False,False,False,True
4180,56847,internal,0.8785361051559448,0.0,3.675236915211497e-05,3.675236915211497e-05,2741.0,849.60009765625,False,False,False,True
4181,56848,internal,0.844087541103363,0.0,-1.3482276774596208e-06,-1.3482276774596208e-06,2748.300048828125,874.800048828125,False,False,False,True
4182,56863,internal,0.9925704002380371,0.0,0.00016139720472030101,0.00016139720472030101,2671.0,789.5,False,False,False,True
4183,56872,internal,0.9790236353874207,0.0,0.00014660778446811432,0.00014660778446811432,2686.0,799.60009765625,False,False,False,True
4184,56936,internal,1.0256506204605103,0.0,0.00019381895249345586,0.00019381895249345586,2670.199951171875,679.199951171875,False,False,False,True
4185,56942,internal,1.0016541481018066,0.0,0.0001709730842425783,0.0001709730842425783,2682.5,742.25,False,False,False,True
4186,56945,internal,1.0067237615585327,0.0,0.00017422304378207463,0.00017422304378207463,2688.300048828125,710.0,False,False,False,True
4187,56965,internal,1.0068151950836182,0.0,0.00017338616199529758,0.00017338616199529758,2700.89990234375,658.0,False,False,False,True
4188,56974,internal,0.890803873538971,0.0,5.029390473220417e-05,5.029390473220417e-05,2715.75,846.75,False,False,False,True
4189,56977,internal,0.9524251222610474,0.0,0.00011741055877625858,0.00011741055877625858,2722.25,770.0,False,False,False,True
4190,56981,internal,0.9402391910552979,0.0,0.00010415612766061919,0.00010415612766061919,2758.39990234375,764.800048828125,False,False,False,True
4191,57007,internal,0.9062492251396179,0.0,6.726360102551324e-05,6.726360102551324e-05,2783.199951171875,797.10009765625,False,False,False,True
4192,57027,internal,0.9312232136726379,0.0,9.43788859074669e-05,9.43788859074669e-05,2777.35009765625,749.60009765625,False,False,False,True
4193,57030,internal,0.8923249840736389,0.0,5.2143272132358374e-05,5.2143272132358374e-05,2780.10009765625,820.89990234375,False,False,False,True
4194,57054,internal,0.9788810610771179,0.0,0.00014387217245094835,0.00014387217245094835,2732.0,687.25,False,False,False,True
4195,57060,internal,0.9710946083068848,0.0,0.000135599439883132,0.000135599439883132,2742.25,680.25,False,False,False,True
4196,57069,internal,0.9318352341651917,0.0,9.456508757207504e-05,9.456508757207504e-05,2776.800048828125,714.800048828125,False,False,False,True
4197,57076,internal,0.9537763595581055,0.0,0.00011728384794130526,0.00011728384794130526,2774.5,659.75,False,False,False,True
4198,57077,internal,0.9581621289253235,0.0,0.0001218924615630873,0.0001218924615630873,2763.89990234375,661.300048828125,False,False,False,True
4199,57104,internal,1.1073471307754517,0.0,0.0002841235966897398,0.0002841235966897398,2544.5,638.5,False,False,False,True
4200,57114,internal,1.1022861003875732,0.0,0.0002749036959984359,0.0002749036959984359,2559.89990234375,566.60009765625,False,False,False,True
4201,57128,internal,1.0720936059951782,0.0,0.000243516413681895,0.000243516413681895,2591.25,637.5,False,False,False,True
4202,57137,internal,1.1035529375076294,0.0,0.0002760824746934383,0.0002760824746934383,2561.89990234375,547.10009765625,False,False,False,True
4203,57165,internal,1.101550579071045,0.0,0.0002726790698415909,0.0002726790698415909,2541.0,462.39990234375,False,False,False,True
4204,57174,internal,1.088384747505188,0.0,0.00025811648236570095,0.00025811648236570095,2553.5,440.0,False,False,False,True
4205,57211,internal,1.1142829656600952,0.0,0.0002876450302888311,0.0002876450302888311,2527.89990234375,516.300048828125,False,False,False,True
4206,57216,internal,1.0678763389587402,0.0,0.00023862866299932325,0.00023862866299932325,2601.25,623.5,False,False,False,True
4207,57232,internal,1.0499638319015503,0.0,0.00021891918569856095,0.00021891918569856095,2642.0,623.89990234375,False,False,False,True
4208,57259,internal,1.0435789823532104,0.0,0.00021065909245050442,0.00021065909245050442,2655.25,543.5,False,False,False,True
4209,57288,internal,1.0452783107757568,0.0,0.0002121951072910113,0.0002121951072910113,2647.89990234375,496.60009765625,False,False,False,True
4210,57292,internal,1.04630446434021,0.0,0.00021327510076854013,0.00021327510076854013,2636.25,486.0,False,False,False,True
4211,57304,internal,1.0489531755447388,0.0,0.00021613774125801464,0.00021613774125801464,2633.800048828125,449.699951171875,False,False,False,True
4212,57315,internal,1.037091851234436,0.0,0.0002040089838420517,0.0002040089838420517,2651.10009765625,438.39990234375,False,False,False,True
4213,57323,internal,1.036655068397522,0.0,0.0002040838800834347,0.0002040838800834347,2664.60009765625,607.10009765625,False,False,False,True
4214,57331,internal,1.084367275238037,0.0,0.00025365338635727924,0.00025365338635727924,2538.800048828125,413.39990234375,False,False,False,True
4215,57336,internal,1.0792810916900635,0.0,0.00024843084590230524,0.00024843084590230524,2555.60009765625,397.89990234375,False,False,False,True
4216,57343,internal,1.0780513286590576,0.0,0.00024740482430538426,0.00024740482430538426,2544.300048828125,368.199951171875,False,False,False,True
4217,57358,internal,1.0743273496627808,0.0,0.00024365935049174415,0.00024365935049174415,2559.75,363.5,False,False,False,True
4218,57360,internal,1.075693130493164,0.0,0.0002444682140168128,0.0002444682140168128,2575.5,409.5,False,False,False,True
4219,57396,internal,1.0228005647659302,0.0,0.0001950611130757145,0.0001950611130757145,2559.25,237.25,False,False,False,True
4220,57407,internal,1.0462384223937988,0.0,0.00022098745486729874,0.00022098745486729874,2523.199951171875,232.300048828125,False,False,False,True
4221,57416,internal,1.0208505392074585,0.0,0.0001919260456145793,0.0001919260456145793,2572.60009765625,303.60009765625,False,False,False,True
4222,57430,internal,1.0231621265411377,0.0,0.00019403703700759424,0.00019403703700759424,2580.25,311.75,False,False,False,True
4223,57453,internal,1.073555588722229,0.0,0.00024219580990778673,0.00024219580990778673,2582.5,422.5,False,False,False,True
4224,57459,internal,1.0560930967330933,0.0,0.00022453594058114302,0.00022453594058114302,2614.5,403.25,False,False,False,True
4225,57497,internal,1.040396809577942,0.0,0.0002099085550847881,0.0002099085550847881,2608.60009765625,353.800048828125,False,False,False,True
4226,57507,internal,1.0296940803527832,0.0,0.00019972099866058502,0.00019972099866058502,2616.10009765625,335.5,False,False,False,True
4227,57514,internal,1.0163289308547974,0.0,0.00018791195647754118,0.00018791195647754118,2583.0,247.5,False,False,False,True
4228,57528,internal,1.0189967155456543,0.0,0.0001895702749346977,0.0001895702749346977,2633.89990234375,327.5,False,False,False,True
4229,57542,internal,1.011144995689392,0.0,0.00018224308259892337,0.00018224308259892337,2632.75,258.5,False,False,False,True
4230,57552,internal,1.0634477138519287,0.0,0.00023157785486726005,0.00023157785486726005,2603.60009765625,426.39990234375,False,False,False,True
4231,57555,internal,1.036108136177063,0.0,0.00020323146053603146,0.00020323146053603146,2665.75,591.5,False,False,False,True
4232,57582,internal,1.038040280342102,0.0,0.00020489987721410602,0.00020489987721410602,2665.5,553.25,False,False,False,True
4233,57585,internal,1.0148088932037354,0.0,0.00018088130508264467,0.00018088130508264467,2695.199951171875,621.60009765625,False,False,False,True
4234,57601,internal,0.9720545411109924,0.0,0.00013584149278269973,0.00013584149278269973,2711.25,551.5,False,False,False,True
4235,57603,internal,0.9780946373939514,0.0,0.00014195720301077378,0.00014195720301077378,2716.25,571.0,False,False,False,True
4236,57633,internal,1.0411349534988403,0.0,0.00020783954476222147,0.00020783954476222147,2670.800048828125,457.89990234375,False,False,False,True
4237,57645,internal,0.9600297212600708,0.0,0.0001233961568027005,0.0001233961568027005,2726.0,510.0,False,False,False,True
4238,57650,internal,0.963080644607544,0.0,0.0001233961568027005,0.0001233961568027005,2700.5,489.0,False,False,False,True
4239,57678,internal,0.9784690141677856,0.0,0.00014236099949859767,0.00014236099949859767,2726.25,582.25,False,False,False,True
4240,57681,internal,0.9796538352966309,0.0,0.00014373197526328796,0.00014373197526328796,2732.0,598.60009765625,False,False,False,True
4241,57711,internal,0.9440070986747742,0.0,0.0001070764722696254,0.0001070764722696254,2775.75,558.75,False,False,False,True
4242,57733,internal,0.95991450548172,0.0,0.0001233961568027005,0.0001233961568027005,2725.5,524.75,False,False,False,True
4243,57763,internal,0.9439927935600281,0.0,0.00010757031894765426,0.00010757031894765426,2763.89990234375,522.0,False,False,False,True
4244,57768,internal,0.9301947355270386,0.0,9.428253590971673e-05,9.428253590971673e-05,2784.39990234375,476.5,False,False,False,True
4245,57786,internal,1.0257163047790527,0.0,0.00019198723051012863,0.00019198723051012863,2690.5,445.60009765625,False,False,False,True
4246,57805,internal,1.003406047821045,0.0,0.00017068521215452004,0.00017068521215452004,2684.5,394.25,False,False,False,True
4247,57813,internal,1.0131816864013672,0.0,0.00017961943774947258,0.00017961943774947258,2696.35009765625,423.5,False,False,False,True
4248,57824,internal,1.0041749477386475,0.0,0.00017130625935842485,0.00017130625935842485,2686.60009765625,405.39990234375,False,False,False,True
4249,57838,internal,1.001833200454712,0.0,0.00016923955190668356,0.00016923955190668356,2683.5,382.5,False,False,False,True
4250,57866,internal,0.9885772466659546,0.0,0.00015725587535271753,0.00015725587535271753,2709.0,342.25,False,False,False,True
4251,57875,internal,0.9922974705696106,0.0,0.00016186577275881025,0.00016186577275881025,2699.75,291.5,False,False,False,True
4252,57897,internal,0.9850642681121826,0.0,0.0001496087957304567,0.0001496087957304567,2735.75,443.25,False,False,False,True
4253,57915,internal,0.9851822257041931,0.0,0.00015072509251070926,0.00015072509251070926,2730.0,414.25,False,False,False,True
4254,57925,internal,0.9585874676704407,0.0,0.00012237358951201755,0.00012237358951201755,2757.60009765625,448.300048828125,False,False,False,True
4255,57952,internal,0.9841684699058533,0.0,0.00014982342593835706,0.00014982342593835706,2733.0,406.5,False,False,False,True
4256,57962,internal,0.9850722551345825,0.0,0.00015406613456181504,0.00015406613456181504,2728.5,302.0,False,False,False,True
4257,57978,internal,0.9642271995544434,0.0,0.00013151761458009314,0.00013151761458009314,2768.300048828125,384.699951171875,False,False,False,True
4258,57999,internal,0.9450321793556213,0.0,0.00010802098018026295,0.00010802098018026295,2783.75,595.300048828125,False,False,False,True
4259,58027,internal,0.784369945526123,0.0,-7.63058299386856e-05,-7.63058299386856e-05,2802.60009765625,1007.0999755859375,False,False,False,True
4260,58036,internal,0.7873008847236633,0.0,-6.854746474553434e-05,-6.854746474553434e-05,2843.0,1005.5,False,False,False,True
4261,58043,internal,0.781975507736206,0.0,-7.213758080524719e-05,-7.213758080524719e-05,2900.0,999.0,False,False,False,True
4262,58050,internal,0.7914608716964722,0.0,-6.166057072365464e-05,-6.166057072365464e-05,2859.25,995.5999755859375,False,False,False,True
4263,58063,internal,0.805634617805481,0.0,-4.3991523000934044e-05,-4.3991523000934044e-05,2824.0,933.699951171875,False,False,False,True
4264,58084,internal,0.8031328916549683,0.0,-4.682799811327228e-05,-4.682799811327228e-05,2852.699951171875,945.4000244140625,False,False,False,True
4265,58104,internal,0.8019338846206665,0.0,-4.7891133649917284e-05,-4.7891133649917284e-05,2877.300048828125,926.199951171875,False,False,False,True
4266,58113,internal,0.7805228233337402,0.0,-7.333603978138342e-05,-7.333603978138342e-05,2911.0,995.0,False,False,False,True
4267,58123,internal,0.7518919110298157,0.0,-0.0001056149169191381,-0.0001056149169191381,2947.5,1030.199951171875,False,False,False,True
4268,58167,internal,0.754799485206604,0.0,-9.882756912089549e-05,-9.882756912089549e-05,2991.0,1008.75,False,False,False,True
4269,58182,internal,0.787646472454071,0.0,-6.355020858475038e-05,-6.355020858475038e-05,2923.75,949.0,False,False,False,True
4270,58185,internal,0.7809441089630127,0.0,-7.127412997719494e-05,-7.127412997719494e-05,2928.75,958.25,False,False,False,True
4271,58208,internal,0.766485869884491,0.0,-8.649733036004934e-05,-8.649733036004934e-05,2966.25,959.75,False,False,False,True
4272,58220,internal,0.792593240737915,0.0,-5.0236938457778866e-05,-5.0236938457778866e-05,3002.25,904.5,False,False,False,True
4273,58236,internal,0.8122680187225342,0.0,-3.621548261245375e-05,-3.621548261245375e-05,2814.199951171875,899.0,False,False,False,True
4274,58255,internal,0.8065108060836792,0.0,-4.065409407474389e-05,-4.065409407474389e-05,2867.39990234375,883.5999755859375,False,False,False,True
4275,58260,internal,0.8066895604133606,0.0,-3.827006028769256e-05,-3.827006028769256e-05,2877.60009765625,866.60009765625,False,False,False,True
4276,58274,internal,0.8304255604743958,0.0,-1.2427884950616196e-05,-1.2427884950616196e-05,2855.10009765625,821.89990234375,False,False,False,True
4277,58298,internal,0.9084268808364868,0.0,6.967832652201274e-05,6.967832652201274e-05,2801.0,786.5,False,False,False,True
4278,58302,internal,0.9104284644126892,0.0,7.193212237597882e-05,7.193212237597882e-05,2805.0,776.75,False,False,False,True
4279,58324,internal,0.8339283466339111,0.0,-8.754935851542899e-06,-8.754935851542899e-06,2844.25,822.0,False,False,False,True
4280,58330,internal,0.8912394046783447,0.0,5.159836194075539e-05,5.159836194075539e-05,2837.0,796.75,False,False,False,True
4281,58359,internal,0.8040655851364136,0.0,-3.988202685204405e-05,-3.988202685204405e-05,2916.39990234375,859.39990234375,False,False,False,True
4282,58368,internal,0.7999120354652405,0.0,-4.404905837562078e-05,-4.404905837562078e-05,2957.10009765625,897.0999755859375,False,False,False,True
4283,58384,internal,0.8033003211021423,0.0,-4.042927961914178e-05,-4.042927961914178e-05,2946.5,850.10009765625,False,False,False,True
4284,58390,internal,0.8026835322380066,0.0,-4.047467529115869e-05,-4.047467529115869e-05,2997.75,820.5,False,False,False,True
4285,58401,internal,0.8318204879760742,0.0,-1.0570979453539794e-05,-1.0570979453539794e-05,2883.800048828125,798.89990234375,False,False,False,True
4286,58423,internal,0.8405028581619263,0.0,-6.187114526501166e-07,-6.187114526501166e-07,2893.60009765625,769.60009765625,False,False,False,True
4287,58435,internal,0.8031436800956726,0.0,-4.044076750348892e-05,-4.044076750348892e-05,2962.0,836.5,False,False,False,True
4288,58446,internal,0.8267359733581543,0.0,-1.4285184185664174e-05,-1.4285184185664174e-05,2944.5,756.25,False,False,False,True
4289,58455,internal,0.7361817359924316,0.0,-0.0001175637261559238,-0.0001175637261559238,3024.75,1031.25,False,False,False,True
4290,58478,internal,0.7399530410766602,0.0,-0.00010860811297905309,-0.00010860811297905309,3076.800048828125,1017.9000244140625,False,False,False,True
4291,58484,internal,0.7774567008018494,0.0,-6.459782290438144e-05,-6.459782290438144e-05,3075.0,967.5,False,False,False,True
4292,58514,internal,0.7803303599357605,0.0,-6.183951966865192e-05,-6.183951966865192e-05,3028.75,938.75,False,False,False,True
4293,58526,internal,0.7808708548545837,0.0,-6.042456436515341e-05,-6.042456436515341e-05,3114.25,936.75,False,False,False,True
4294,58544,internal,0.7141373157501221,0.0,-0.00012626243688687025,-0.00012626243688687025,3159.5,1025.300048828125,False,False,False,True
4295,58565,internal,0.7227336764335632,0.0,-0.00011765647626364815,-0.00011765647626364815,3143.800048828125,990.699951171875,False,False,False,True
4296,58581,internal,0.710174560546875,0.0,-0.00012866977069741597,-0.00012866977069741597,3286.89990234375,1038.300048828125,False,False,False,True
4297,58582,internal,0.711083710193634,0.0,-0.00012780722645931508,-0.00012780722645931508,3271.0,1003.75,False,False,False,True
4298,58585,internal,0.712334394454956,0.0,-0.00012665919241332008,-0.00012665919241332008,3219.0,993.0,False,False,False,True
4299,58591,internal,0.71363765001297,0.0,-0.00012644190199256975,-0.00012644190199256975,3185.10009765625,1024.5999755859375,False,False,False,True
4300,58620,internal,0.7117531895637512,0.0,-0.00012717241497001738,-0.00012717241497001738,3244.25,986.75,False,False,False,True
4301,58648,internal,0.7914900779724121,0.0,-5.107890575096189e-05,-5.107890575096189e-05,3013.25,901.75,False,False,False,True
4302,58657,internal,0.788602352142334,0.0,-5.335772547281893e-05,-5.335772547281893e-05,3029.25,898.0,False,False,False,True
4303,58673,internal,0.8006013035774231,0.0,-4.227349533844101e-05,-4.227349533844101e-05,3014.0,839.5,False,False,False,True
4304,58683,internal,0.7860580682754517,0.0,-5.536661961718766e-05,-5.536661961718766e-05,3052.75,892.0,False,False,False,True
4305,58685,internal,0.7833017706871033,0.0,-5.783735516732435e-05,-5.783735516732435e-05,3106.0,884.25,False,False,False,True
4306,58694,internal,0.7854430675506592,0.0,-5.5856661264398776e-05,-5.5856661264398776e-05,3076.800048828125,874.5,False,False,False,True
4307,58711,internal,0.8042570352554321,0.0,-3.79188757955495e-05,-3.79188757955495e-05,3017.300048828125,792.89990234375,False,False,False,True
4308,58718,internal,0.7921521663665771,0.0,-4.9559315408697876e-05,-4.9559315408697876e-05,3055.300048828125,840.39990234375,False,False,False,True
4309,58721,internal,0.7999487519264221,0.0,-4.1976765800383535e-05,-4.1976765800383535e-05,3063.60009765625,808.800048828125,False,False,False,True
4310,58728,internal,0.8025252223014832,0.0,-3.950645376672047e-05,-3.950645376672047e-05,3043.0,796.75,False,False,False,True
4311,58753,internal,0.7996633052825928,0.0,-4.221196302703441e-05,-4.221196302703441e-05,3091.75,796.25,False,False,False,True
4312,58770,internal,0.7833207249641418,0.0,-5.7285983040776105e-05,-5.7285983040776105e-05,3176.75,879.0,False,False,False,True
4313,58771,internal,0.7814250588417053,0.0,-5.948630993994676e-05,-5.948630993994676e-05,3167.0,894.25,False,False,False,True
4314,58777,internal,0.7864106893539429,0.0,-5.3705048685862594e-05,-5.3705048685862594e-05,3193.39990234375,844.699951171875,False,False,False,True
4315,58787,internal,0.7822039127349854,0.0,-5.887718075430761e-05,-5.887718075430761e-05,3128.199951171875,904.5,False,False,False,True
4316,58819,internal,0.7918975949287415,0.0,-4.8690898188247854e-05,-4.8690898188247854e-05,3119.5,828.5,False,False,False,True
4317,58834,internal,0.7847995758056641,0.0,-5.610447134102986e-05,-5.610447134102986e-05,3130.75,858.0,False,False,False,True
4318,58841,internal,0.7896837592124939,0.0,-5.04347967515791e-05,-5.04347967515791e-05,3139.25,829.5,False,False,False,True
4319,58856,internal,0.7898222208023071,0.0,-5.022949052354344e-05,-5.022949052354344e-05,3170.39990234375,820.699951171875,False,False,False,True
4320,58869,internal,0.9296314120292664,0.0,9.22199908308178e-05,9.22199908308178e-05,2785.5,707.5,False,False,False,True
4321,58872,internal,0.9215490818023682,0.0,8.401506722089611e-05,8.401506722089611e-05,2800.39990234375,755.10009765625,False,False,False,True
4322,58883,internal,0.9285945296287537,0.0,9.105350073099552e-05,9.105350073099552e-05,2793.25,694.0,False,False,False,True
4323,58897,internal,0.9124415516853333,0.0,7.444810139689971e-05,7.444810139689971e-05,2811.10009765625,740.0,False,False,False,True
4324,58909,internal,0.9251242280006409,0.0,8.745214824984175e-05,8.745214824984175e-05,2817.699951171875,683.5,False,False,False,True
4325,58934,internal,0.9353388547897339,0.0,9.806527255559112e-05,9.806527255559112e-05,2803.89990234375,647.35009765625,False,False,False,True
4326,58943,internal,0.9427894949913025,0.0,0.00010578131918860417,0.00010578131918860417,2787.800048828125,571.0,False,False,False,True
4327,58944,internal,0.9370409250259399,0.0,9.979588659828477e-05,9.979588659828477e-05,2805.699951171875,614.300048828125,False,False,False,True
4328,58968,internal,0.9267771244049072,0.0,8.923095052630029e-05,8.923095052630029e-05,2823.699951171875,662.800048828125,False,False,False,True
4329,58990,internal,0.8926099538803101,0.0,5.381327368848658e-05,5.381327368848658e-05,2864.300048828125,727.10009765625,False,False,False,True
4330,59013,internal,0.897097110748291,0.0,5.846738886140394e-05,5.846738886140394e-05,2849.75,727.0,False,False,False,True
4331,59031,internal,0.8927620649337769,0.0,5.437212683649476e-05,5.437212683649476e-05,2896.0,683.0,False,False,False,True
4332,59039,internal,0.890971839427948,0.0,5.265418189206298e-05,5.265418189206298e-05,2905.699951171875,672.60009765625,False,False,False,True
4333,59055,internal,0.9083659052848816,0.0,7.063577815487551e-05,7.063577815487551e-05,2864.10009765625,631.60009765625,False,False,False,True
4334,59056,internal,0.9153526425361633,0.0,7.761515758668354e-05,7.761515758668354e-05,2855.699951171875,654.199951171875,False,False,False,True
4335,59072,internal,0.8882815837860107,0.0,5.0498354001125224e-05,5.0498354001125224e-05,2911.75,619.75,False,False,False,True
4336,59088,internal,0.8861900568008423,0.0,4.850865044696772e-05,4.850865044696772e-05,2917.699951171875,586.39990234375,False,False,False,True
4337,59110,internal,0.9287424087524414,0.0,9.2736211090055e-05,9.2736211090055e-05,2792.60009765625,487.39990234375,False,False,False,True
4338,59126,internal,0.9363731145858765,0.0,0.00010123817856666693,0.00010123817856666693,2795.25,442.25,False,False,False,True
4339,59140,internal,0.9160562753677368,0.0,7.988381622189597e-05,7.988381622189597e-05,2833.0,516.300048828125,False,False,False,True
4340,59149,internal,0.9192257523536682,0.0,8.319759440001201e-05,8.319759440001201e-05,2828.5,498.10009765625,False,False,False,True
4341,59161,internal,0.9548038244247437,0.0,0.00012150622777402914,0.00012150622777402914,2791.60009765625,395.60009765625,False,False,False,True
4342,59176,internal,0.9676244854927063,0.0,0.00013543504931691567,0.00013543504931691567,2792.0,337.0,False,False,False,True
4343,59188,internal,0.9396528601646423,0.0,0.00010506631088455824,0.00010506631088455824,2803.10009765625,429.300048828125,False,False,False,True
4344,59198,internal,0.954616367816925,0.0,0.00012160059253830919,0.00012160059253830919,2821.199951171875,364.89990234375,False,False,False,True
4345,59214,internal,0.9074813723564148,0.0,7.080020842576126e-05,7.080020842576126e-05,2859.10009765625,544.60009765625,False,False,False,True
4346,59222,internal,0.8992733955383301,0.0,6.22355605110525e-05,6.22355605110525e-05,2878.25,551.25,False,False,False,True
4347,59225,internal,0.9129582047462463,0.0,7.667777666420375e-05,7.667777666420375e-05,2853.10009765625,526.89990234375,False,False,False,True
4348,59234,internal,0.9125295281410217,0.0,7.644195739773223e-05,7.644195739773223e-05,2886.5,503.5,False,False,False,True
4349,59238,internal,0.9138804078102112,0.0,7.786237871071849e-05,7.786237871071849e-05,2877.0,495.25,False,False,False,True
4350,59255,internal,0.9104446768760681,0.0,7.42481950039028e-05,7.42481950039028e-05,2898.5,508.0,False,False,False,True
4351,59287,internal,0.9154210090637207,0.0,7.951646200313872e-05,7.951646200313872e-05,2861.0,479.5,False,False,False,True
4352,59303,internal,0.9271972179412842,0.0,9.251900007864347e-05,9.251900007864347e-05,2866.39990234375,390.800048828125,False,False,False,True
4353,59305,internal,0.918149471282959,0.0,8.279778823146308e-05,8.279778823146308e-05,2873.800048828125,444.199951171875,False,False,False,True
4354,59310,internal,0.9104803800582886,0.0,7.446155466238227e-05,7.446155466238227e-05,2914.5,470.0,False,False,False,True
4355,59321,internal,0.9193715453147888,0.0,8.423750601377897e-05,8.423750601377897e-05,2893.5,406.25,False,False,False,True
4356,59347,internal,0.8294589519500732,0.0,-1.1569080396064654e-05,-1.1569080396064654e-05,2934.75,757.25,False,False,False,True
4357,59385,internal,0.829743504524231,0.0,-1.0378828705966176e-05,-1.0378828705966176e-05,2999.199951171875,696.5,False,False,False,True
4358,59395,internal,0.8528648614883423,0.0,1.4047990145014593e-05,1.4047990145014593e-05,2975.0,656.5,False,False,False,True
4359,59414,internal,0.8874908089637756,0.0,4.9593133860861493e-05,4.9593133860861493e-05,2919.800048828125,633.800048828125,False,False,False,True
4360,59447,internal,0.8229526877403259,0.0,-1.7568187936270785e-05,-1.7568187936270785e-05,3018.60009765625,736.199951171875,False,False,False,True
4361,59461,internal,0.8259140849113464,0.0,-1.4124467955728796e-05,-1.4124467955728796e-05,3040.0,735.0,False,False,False,True
4362,59482,internal,0.8092520833015442,0.0,-3.0305432645717526e-05,-3.0305432645717526e-05,3154.25,761.0,False,False,False,True
4363,59501,internal,0.834003746509552,0.0,-4.954627821506343e-06,-4.954627821506343e-06,3084.25,707.75,False,False,False,True
4364,59521,internal,0.8344773650169373,0.0,-4.439613591602252e-06,-4.439613591602252e-06,3110.5,689.89990234375,False,False,False,True
4365,59537,internal,0.8194690942764282,0.0,-2.1539501909472573e-05,-2.1539501909472573e-05,3003.5,755.39990234375,False,False,False,True
4366,59556,internal,0.8977941870689392,0.0,6.111762260446464e-05,6.111762260446464e-05,2930.0,510.0,False,False,False,True
4367,59570,internal,0.8786259889602661,0.0,4.084825983428969e-05,4.084825983428969e-05,2958.550048828125,568.60009765625,False,False,False,True
4368,59571,internal,0.8774297833442688,0.0,3.970801121222004e-05,3.970801121222004e-05,2963.25,553.5,False,False,False,True
4369,59598,internal,0.8682507276535034,0.0,3.0675870593798373e-05,3.0675870593798373e-05,2979.0,520.75,False,False,False,True
4370,59599,internal,0.891598105430603,0.0,5.473917665278659e-05,5.473917665278659e-05,2942.300048828125,500.0,False,False,False,True
4371,59626,internal,0.8887593150138855,0.0,5.218783731504028e-05,5.218783731504028e-05,2979.25,452.5,False,False,False,True
4372,59655,internal,0.8494813442230225,0.0,1.1043521267711737e-05,1.1043521267711737e-05,3002.60009765625,620.199951171875,False,False,False,True
4373,59660,internal,0.869673490524292,0.0,3.1698550381044634e-05,3.1698550381044634e-05,2985.300048828125,581.5,False,False,False,True
4374,59665,internal,0.8485267758369446,0.0,1.0116730738614461e-05,1.0116730738614461e-05,3018.39990234375,601.0,False,False,False,True
4375,59700,internal,0.8435370326042175,0.0,4.9703715501050645e-06,4.9703715501050645e-06,3086.0,602.199951171875,False,False,False,True
4376,59706,internal,0.8667498826980591,0.0,2.915239250265536e-05,2.915239250265536e-05,3001.89990234375,506.0,False,False,False,True
4377,59732,internal,0.8470397591590881,0.0,8.608636552503707e-06,8.608636552503707e-06,3043.60009765625,578.0,False,False,False,True
4378,59738,internal,1.1016343832015991,0.0,0.0007508585500220013,0.0007508585500220013,1684.675048828125,1105.949951171875,False,False,False,True
4379,59739,internal,1.6316347122192383,0.0,0.0010886027204047273,0.0010886027204047273,1941.925048828125,1101.7249755859375,False,False,False,True
4380,59740,internal,0.9067882299423218,0.0,-0.0018305036323117184,-0.0018305036323117184,2053.64990234375,1511.199951171875,False,False,False,True
4381,59741,internal,0.9224313497543335,0.0,-0.0018689873037207967,-0.0018689873037207967,2063.27490234375,1463.425048828125,False,False,False,True
4382,59742,internal,1.6229103803634644,0.0,0.001064859539860242,0.001064859539860242,1993.5999755859375,1124.824951171875,False,False,False,True
4383,59743,internal,0.8864745497703552,0.0,-0.0018244784751996618,-0.0018244784751996618,2089.875,1509.375,False,False,False,True
