
GNN flow training:   0%|          | 0/100 [00:00<?, ?epoch/s]
GNN flow training:   0%|          | 0/100 [00:04<?, ?epoch/s, best=1.271e+03, sign=0.195, train=1.270e+03, val=1.271e+03]
GNN flow training:   1%|          | 1/100 [00:04<07:37,  4.62s/epoch, best=1.271e+03, sign=0.195, train=1.270e+03, val=1.271e+03]
GNN flow training:   1%|          | 1/100 [00:09<07:37,  4.62s/epoch, best=1.271e+03, sign=0.195, train=1.271e+03, val=1.269e+03]
GNN flow training:   2%|▏         | 2/100 [00:09<07:27,  4.56s/epoch, best=1.271e+03, sign=0.195, train=1.271e+03, val=1.269e+03]
GNN flow training:   2%|▏         | 2/100 [00:13<07:27,  4.56s/epoch, best=1.269e+03, sign=0.195, train=1.269e+03, val=1.268e+03]
GNN flow training:   3%|▎         | 3/100 [00:13<07:18,  4.52s/epoch, best=1.269e+03, sign=0.195, train=1.269e+03, val=1.268e+03]
GNN flow training:   3%|▎         | 3/100 [00:18<07:18,  4.52s/epoch, best=1.268e+03, sign=0.194, train=1.268e+03, val=1.268e+03]
GNN flow training:   4%|▍         | 4/100 [00:18<07:11,  4.50s/epoch, best=1.268e+03, sign=0.194, train=1.268e+03, val=1.268e+03]
GNN flow training:   4%|▍         | 4/100 [00:22<07:11,  4.50s/epoch, best=1.268e+03, sign=0.194, train=1.268e+03, val=1.266e+03]
GNN flow training:   5%|▌         | 5/100 [00:22<07:05,  4.48s/epoch, best=1.268e+03, sign=0.194, train=1.268e+03, val=1.266e+03]
GNN flow training:   5%|▌         | 5/100 [00:27<07:05,  4.48s/epoch, best=1.266e+03, sign=0.193, train=1.266e+03, val=1.265e+03]
GNN flow training:   6%|▌         | 6/100 [00:27<07:04,  4.51s/epoch, best=1.266e+03, sign=0.193, train=1.266e+03, val=1.265e+03]
GNN flow training:   6%|▌         | 6/100 [00:31<07:04,  4.51s/epoch, best=1.265e+03, sign=0.193, train=1.265e+03, val=1.264e+03]
GNN flow training:   7%|▋         | 7/100 [00:31<07:02,  4.54s/epoch, best=1.265e+03, sign=0.193, train=1.265e+03, val=1.264e+03]
GNN flow training:   7%|▋         | 7/100 [00:36<07:02,  4.54s/epoch, best=1.264e+03, sign=0.193, train=1.264e+03, val=1.263e+03]
GNN flow training:   8%|▊         | 8/100 [00:36<06:56,  4.53s/epoch, best=1.264e+03, sign=0.193, train=1.264e+03, val=1.263e+03]
GNN flow training:   8%|▊         | 8/100 [00:40<06:56,  4.53s/epoch, best=1.263e+03, sign=0.193, train=1.263e+03, val=1.263e+03]
GNN flow training:   9%|▉         | 9/100 [00:40<06:50,  4.51s/epoch, best=1.263e+03, sign=0.193, train=1.263e+03, val=1.263e+03]
GNN flow training:   9%|▉         | 9/100 [00:45<06:50,  4.51s/epoch, best=1.263e+03, sign=0.193, train=1.263e+03, val=1.262e+03]
GNN flow training:  10%|█         | 10/100 [00:45<06:44,  4.49s/epoch, best=1.263e+03, sign=0.193, train=1.263e+03, val=1.262e+03]
GNN flow training:  10%|█         | 10/100 [00:49<06:44,  4.49s/epoch, best=1.262e+03, sign=0.193, train=1.262e+03, val=1.262e+03]
GNN flow training:  11%|█         | 11/100 [00:49<06:41,  4.51s/epoch, best=1.262e+03, sign=0.193, train=1.262e+03, val=1.262e+03]
GNN flow training:  11%|█         | 11/100 [00:54<06:41,  4.51s/epoch, best=1.262e+03, sign=0.193, train=1.262e+03, val=1.260e+03]
GNN flow training:  12%|█▏        | 12/100 [00:54<06:35,  4.50s/epoch, best=1.262e+03, sign=0.193, train=1.262e+03, val=1.260e+03]
GNN flow training:  12%|█▏        | 12/100 [00:58<06:35,  4.50s/epoch, best=1.260e+03, sign=0.193, train=1.260e+03, val=1.259e+03]
GNN flow training:  13%|█▎        | 13/100 [00:58<06:30,  4.49s/epoch, best=1.260e+03, sign=0.193, train=1.260e+03, val=1.259e+03]
GNN flow training:  13%|█▎        | 13/100 [01:03<06:30,  4.49s/epoch, best=1.259e+03, sign=0.193, train=1.259e+03, val=1.257e+03]
GNN flow training:  14%|█▍        | 14/100 [01:03<06:25,  4.48s/epoch, best=1.259e+03, sign=0.193, train=1.259e+03, val=1.257e+03]
GNN flow training:  14%|█▍        | 14/100 [01:07<06:25,  4.48s/epoch, best=1.257e+03, sign=0.193, train=1.257e+03, val=1.256e+03]
GNN flow training:  15%|█▌        | 15/100 [01:07<06:21,  4.49s/epoch, best=1.257e+03, sign=0.193, train=1.257e+03, val=1.256e+03]
GNN flow training:  15%|█▌        | 15/100 [01:12<06:21,  4.49s/epoch, best=1.256e+03, sign=0.192, train=1.256e+03, val=1.255e+03]
GNN flow training:  16%|█▌        | 16/100 [01:12<06:18,  4.51s/epoch, best=1.256e+03, sign=0.192, train=1.256e+03, val=1.255e+03]
GNN flow training:  16%|█▌        | 16/100 [01:16<06:18,  4.51s/epoch, best=1.255e+03, sign=0.192, train=1.255e+03, val=1.253e+03]
GNN flow training:  17%|█▋        | 17/100 [01:16<06:13,  4.50s/epoch, best=1.255e+03, sign=0.192, train=1.255e+03, val=1.253e+03]
GNN flow training:  17%|█▋        | 17/100 [01:21<06:13,  4.50s/epoch, best=1.253e+03, sign=0.191, train=1.253e+03, val=1.251e+03]
GNN flow training:  18%|█▊        | 18/100 [01:21<06:08,  4.49s/epoch, best=1.253e+03, sign=0.191, train=1.253e+03, val=1.251e+03]
GNN flow training:  18%|█▊        | 18/100 [01:25<06:08,  4.49s/epoch, best=1.251e+03, sign=0.190, train=1.251e+03, val=1.249e+03]
GNN flow training:  19%|█▉        | 19/100 [01:25<06:02,  4.48s/epoch, best=1.251e+03, sign=0.190, train=1.251e+03, val=1.249e+03]
GNN flow training:  19%|█▉        | 19/100 [01:30<06:02,  4.48s/epoch, best=1.249e+03, sign=0.190, train=1.249e+03, val=1.251e+03]
GNN flow training:  20%|██        | 20/100 [01:30<05:58,  4.48s/epoch, best=1.249e+03, sign=0.190, train=1.249e+03, val=1.251e+03]
GNN flow training:  20%|██        | 20/100 [01:34<05:58,  4.48s/epoch, best=1.249e+03, sign=0.190, train=1.251e+03, val=1.248e+03]
GNN flow training:  21%|██        | 21/100 [01:34<05:53,  4.48s/epoch, best=1.249e+03, sign=0.190, train=1.251e+03, val=1.248e+03]
GNN flow training:  21%|██        | 21/100 [01:39<05:53,  4.48s/epoch, best=1.248e+03, sign=0.189, train=1.248e+03, val=1.246e+03]
GNN flow training:  22%|██▏       | 22/100 [01:39<05:50,  4.49s/epoch, best=1.248e+03, sign=0.189, train=1.248e+03, val=1.246e+03]
GNN flow training:  22%|██▏       | 22/100 [01:43<05:50,  4.49s/epoch, best=1.246e+03, sign=0.189, train=1.246e+03, val=1.244e+03]
GNN flow training:  23%|██▎       | 23/100 [01:43<05:46,  4.50s/epoch, best=1.246e+03, sign=0.189, train=1.246e+03, val=1.244e+03]
GNN flow training:  23%|██▎       | 23/100 [01:47<05:46,  4.50s/epoch, best=1.244e+03, sign=0.189, train=1.244e+03, val=1.241e+03]
GNN flow training:  24%|██▍       | 24/100 [01:47<05:40,  4.49s/epoch, best=1.244e+03, sign=0.189, train=1.244e+03, val=1.241e+03]
GNN flow training:  24%|██▍       | 24/100 [01:52<05:40,  4.49s/epoch, best=1.241e+03, sign=0.188, train=1.241e+03, val=1.238e+03]
GNN flow training:  25%|██▌       | 25/100 [01:52<05:35,  4.48s/epoch, best=1.241e+03, sign=0.188, train=1.241e+03, val=1.238e+03]
GNN flow training:  25%|██▌       | 25/100 [01:56<05:35,  4.48s/epoch, best=1.238e+03, sign=0.188, train=1.238e+03, val=1.235e+03]
GNN flow training:  26%|██▌       | 26/100 [01:56<05:31,  4.48s/epoch, best=1.238e+03, sign=0.188, train=1.238e+03, val=1.235e+03]
GNN flow training:  26%|██▌       | 26/100 [02:01<05:31,  4.48s/epoch, best=1.235e+03, sign=0.188, train=1.235e+03, val=1.231e+03]
GNN flow training:  27%|██▋       | 27/100 [02:01<05:26,  4.47s/epoch, best=1.235e+03, sign=0.188, train=1.235e+03, val=1.231e+03]
GNN flow training:  27%|██▋       | 27/100 [02:05<05:26,  4.47s/epoch, best=1.231e+03, sign=0.188, train=1.231e+03, val=1.230e+03]
GNN flow training:  28%|██▊       | 28/100 [02:05<05:22,  4.48s/epoch, best=1.231e+03, sign=0.188, train=1.231e+03, val=1.230e+03]
GNN flow training:  28%|██▊       | 28/100 [02:10<05:22,  4.48s/epoch, best=1.230e+03, sign=0.188, train=1.230e+03, val=1.228e+03]
GNN flow training:  29%|██▉       | 29/100 [02:10<05:18,  4.49s/epoch, best=1.230e+03, sign=0.188, train=1.230e+03, val=1.228e+03]
GNN flow training:  29%|██▉       | 29/100 [02:14<05:18,  4.49s/epoch, best=1.228e+03, sign=0.188, train=1.228e+03, val=1.224e+03]
GNN flow training:  30%|███       | 30/100 [02:14<05:13,  4.48s/epoch, best=1.228e+03, sign=0.188, train=1.228e+03, val=1.224e+03]
GNN flow training:  30%|███       | 30/100 [02:19<05:13,  4.48s/epoch, best=1.224e+03, sign=0.188, train=1.224e+03, val=1.224e+03]
GNN flow training:  31%|███       | 31/100 [02:19<05:09,  4.49s/epoch, best=1.224e+03, sign=0.188, train=1.224e+03, val=1.224e+03]
GNN flow training:  31%|███       | 31/100 [02:23<05:09,  4.49s/epoch, best=1.224e+03, sign=0.187, train=1.224e+03, val=1.220e+03]
GNN flow training:  32%|███▏      | 32/100 [02:23<05:05,  4.49s/epoch, best=1.224e+03, sign=0.187, train=1.224e+03, val=1.220e+03]
GNN flow training:  32%|███▏      | 32/100 [02:28<05:05,  4.49s/epoch, best=1.220e+03, sign=0.187, train=1.220e+03, val=1.217e+03]
GNN flow training:  33%|███▎      | 33/100 [02:28<05:00,  4.49s/epoch, best=1.220e+03, sign=0.187, train=1.220e+03, val=1.217e+03]
GNN flow training:  33%|███▎      | 33/100 [02:32<05:00,  4.49s/epoch, best=1.217e+03, sign=0.187, train=1.217e+03, val=1.215e+03]
GNN flow training:  34%|███▍      | 34/100 [02:32<04:56,  4.49s/epoch, best=1.217e+03, sign=0.187, train=1.217e+03, val=1.215e+03]
GNN flow training:  34%|███▍      | 34/100 [02:37<04:56,  4.49s/epoch, best=1.215e+03, sign=0.187, train=1.215e+03, val=1.215e+03]
GNN flow training:  35%|███▌      | 35/100 [02:37<04:50,  4.48s/epoch, best=1.215e+03, sign=0.187, train=1.215e+03, val=1.215e+03]
GNN flow training:  35%|███▌      | 35/100 [02:41<04:50,  4.48s/epoch, best=1.215e+03, sign=0.187, train=1.215e+03, val=1.214e+03]
GNN flow training:  36%|███▌      | 36/100 [02:41<04:46,  4.47s/epoch, best=1.215e+03, sign=0.187, train=1.215e+03, val=1.214e+03]
GNN flow training:  36%|███▌      | 36/100 [02:46<04:46,  4.47s/epoch, best=1.214e+03, sign=0.188, train=1.214e+03, val=1.210e+03]
GNN flow training:  37%|███▋      | 37/100 [02:46<04:42,  4.49s/epoch, best=1.214e+03, sign=0.188, train=1.214e+03, val=1.210e+03]
GNN flow training:  37%|███▋      | 37/100 [02:50<04:42,  4.49s/epoch, best=1.210e+03, sign=0.188, train=1.210e+03, val=1.208e+03]
GNN flow training:  38%|███▊      | 38/100 [02:50<04:37,  4.48s/epoch, best=1.210e+03, sign=0.188, train=1.210e+03, val=1.208e+03]
GNN flow training:  38%|███▊      | 38/100 [02:55<04:37,  4.48s/epoch, best=1.208e+03, sign=0.188, train=1.208e+03, val=1.206e+03]
GNN flow training:  39%|███▉      | 39/100 [02:55<04:33,  4.48s/epoch, best=1.208e+03, sign=0.188, train=1.208e+03, val=1.206e+03]
GNN flow training:  39%|███▉      | 39/100 [02:59<04:33,  4.48s/epoch, best=1.206e+03, sign=0.188, train=1.206e+03, val=1.203e+03]
GNN flow training:  40%|████      | 40/100 [02:59<04:29,  4.49s/epoch, best=1.206e+03, sign=0.188, train=1.206e+03, val=1.203e+03]
GNN flow training:  40%|████      | 40/100 [03:04<04:29,  4.49s/epoch, best=1.203e+03, sign=0.187, train=1.203e+03, val=1.203e+03]
GNN flow training:  41%|████      | 41/100 [03:04<04:23,  4.47s/epoch, best=1.203e+03, sign=0.187, train=1.203e+03, val=1.203e+03]
GNN flow training:  41%|████      | 41/100 [03:08<04:23,  4.47s/epoch, best=1.203e+03, sign=0.187, train=1.203e+03, val=1.202e+03]
GNN flow training:  42%|████▏     | 42/100 [03:08<04:20,  4.50s/epoch, best=1.203e+03, sign=0.187, train=1.203e+03, val=1.202e+03]
GNN flow training:  42%|████▏     | 42/100 [03:13<04:20,  4.50s/epoch, best=1.202e+03, sign=0.187, train=1.202e+03, val=1.201e+03]
GNN flow training:  43%|████▎     | 43/100 [03:13<04:15,  4.48s/epoch, best=1.202e+03, sign=0.187, train=1.202e+03, val=1.201e+03]
GNN flow training:  43%|████▎     | 43/100 [03:17<04:15,  4.48s/epoch, best=1.201e+03, sign=0.187, train=1.201e+03, val=1.200e+03]
GNN flow training:  44%|████▍     | 44/100 [03:17<04:10,  4.47s/epoch, best=1.201e+03, sign=0.187, train=1.201e+03, val=1.200e+03]
GNN flow training:  44%|████▍     | 44/100 [03:22<04:10,  4.47s/epoch, best=1.200e+03, sign=0.187, train=1.200e+03, val=1.199e+03]
GNN flow training:  45%|████▌     | 45/100 [03:22<04:05,  4.46s/epoch, best=1.200e+03, sign=0.187, train=1.200e+03, val=1.199e+03]
GNN flow training:  45%|████▌     | 45/100 [03:26<04:05,  4.46s/epoch, best=1.199e+03, sign=0.187, train=1.199e+03, val=1.196e+03]
GNN flow training:  46%|████▌     | 46/100 [03:26<04:01,  4.46s/epoch, best=1.199e+03, sign=0.187, train=1.199e+03, val=1.196e+03]
GNN flow training:  46%|████▌     | 46/100 [03:31<04:01,  4.46s/epoch, best=1.196e+03, sign=0.187, train=1.196e+03, val=1.195e+03]
GNN flow training:  47%|████▋     | 47/100 [03:31<03:56,  4.47s/epoch, best=1.196e+03, sign=0.187, train=1.196e+03, val=1.195e+03]
GNN flow training:  47%|████▋     | 47/100 [03:35<03:56,  4.47s/epoch, best=1.195e+03, sign=0.187, train=1.195e+03, val=1.195e+03]
GNN flow training:  48%|████▊     | 48/100 [03:35<03:52,  4.46s/epoch, best=1.195e+03, sign=0.187, train=1.195e+03, val=1.195e+03]
GNN flow training:  48%|████▊     | 48/100 [03:39<03:52,  4.46s/epoch, best=1.195e+03, sign=0.187, train=1.195e+03, val=1.193e+03]
GNN flow training:  49%|████▉     | 49/100 [03:39<03:48,  4.47s/epoch, best=1.195e+03, sign=0.187, train=1.195e+03, val=1.193e+03]
GNN flow training:  49%|████▉     | 49/100 [03:44<03:48,  4.47s/epoch, best=1.193e+03, sign=0.187, train=1.193e+03, val=1.194e+03]
GNN flow training:  50%|█████     | 50/100 [03:44<03:43,  4.46s/epoch, best=1.193e+03, sign=0.187, train=1.193e+03, val=1.194e+03]
GNN flow training:  50%|█████     | 50/100 [03:48<03:43,  4.46s/epoch, best=1.193e+03, sign=0.186, train=1.194e+03, val=1.195e+03]
GNN flow training:  51%|█████     | 51/100 [03:48<03:39,  4.47s/epoch, best=1.193e+03, sign=0.186, train=1.194e+03, val=1.195e+03]
GNN flow training:  51%|█████     | 51/100 [03:53<03:39,  4.47s/epoch, best=1.193e+03, sign=0.186, train=1.195e+03, val=1.196e+03]
GNN flow training:  52%|█████▏    | 52/100 [03:53<03:34,  4.47s/epoch, best=1.193e+03, sign=0.186, train=1.195e+03, val=1.196e+03]
GNN flow training:  52%|█████▏    | 52/100 [03:57<03:34,  4.47s/epoch, best=1.193e+03, sign=0.186, train=1.196e+03, val=1.196e+03]
GNN flow training:  53%|█████▎    | 53/100 [03:57<03:29,  4.46s/epoch, best=1.193e+03, sign=0.186, train=1.196e+03, val=1.196e+03]
GNN flow training:  53%|█████▎    | 53/100 [04:02<03:29,  4.46s/epoch, best=1.193e+03, sign=0.186, train=1.196e+03, val=1.195e+03]
GNN flow training:  54%|█████▍    | 54/100 [04:02<03:26,  4.49s/epoch, best=1.193e+03, sign=0.186, train=1.196e+03, val=1.195e+03]
GNN flow training:  54%|█████▍    | 54/100 [04:06<03:26,  4.49s/epoch, best=1.193e+03, sign=0.187, train=1.195e+03, val=1.195e+03]
GNN flow training:  55%|█████▌    | 55/100 [04:06<03:22,  4.50s/epoch, best=1.193e+03, sign=0.187, train=1.195e+03, val=1.195e+03]
GNN flow training:  55%|█████▌    | 55/100 [04:11<03:22,  4.50s/epoch, best=1.193e+03, sign=0.187, train=1.195e+03, val=1.193e+03]
GNN flow training:  56%|█████▌    | 56/100 [04:11<03:17,  4.48s/epoch, best=1.193e+03, sign=0.187, train=1.195e+03, val=1.193e+03]
GNN flow training:  56%|█████▌    | 56/100 [04:15<03:17,  4.48s/epoch, best=1.193e+03, sign=0.187, train=1.193e+03, val=1.192e+03]
GNN flow training:  57%|█████▋    | 57/100 [04:15<03:13,  4.49s/epoch, best=1.193e+03, sign=0.187, train=1.193e+03, val=1.192e+03]
GNN flow training:  57%|█████▋    | 57/100 [04:20<03:13,  4.49s/epoch, best=1.192e+03, sign=0.187, train=1.192e+03, val=1.189e+03]
GNN flow training:  58%|█████▊    | 58/100 [04:20<03:08,  4.49s/epoch, best=1.192e+03, sign=0.187, train=1.192e+03, val=1.189e+03]
GNN flow training:  58%|█████▊    | 58/100 [04:24<03:08,  4.49s/epoch, best=1.189e+03, sign=0.187, train=1.189e+03, val=1.187e+03]
GNN flow training:  59%|█████▉    | 59/100 [04:24<03:04,  4.50s/epoch, best=1.189e+03, sign=0.187, train=1.189e+03, val=1.187e+03]
GNN flow training:  59%|█████▉    | 59/100 [04:29<03:04,  4.50s/epoch, best=1.187e+03, sign=0.186, train=1.187e+03, val=1.184e+03]
GNN flow training:  60%|██████    | 60/100 [04:29<02:59,  4.49s/epoch, best=1.187e+03, sign=0.186, train=1.187e+03, val=1.184e+03]
GNN flow training:  60%|██████    | 60/100 [04:33<02:59,  4.49s/epoch, best=1.184e+03, sign=0.186, train=1.184e+03, val=1.182e+03]
GNN flow training:  61%|██████    | 61/100 [04:33<02:54,  4.48s/epoch, best=1.184e+03, sign=0.186, train=1.184e+03, val=1.182e+03]
GNN flow training:  61%|██████    | 61/100 [04:38<02:54,  4.48s/epoch, best=1.182e+03, sign=0.185, train=1.182e+03, val=1.180e+03]
GNN flow training:  62%|██████▏   | 62/100 [04:38<02:50,  4.48s/epoch, best=1.182e+03, sign=0.185, train=1.182e+03, val=1.180e+03]
GNN flow training:  62%|██████▏   | 62/100 [04:42<02:50,  4.48s/epoch, best=1.180e+03, sign=0.184, train=1.180e+03, val=1.179e+03]
GNN flow training:  63%|██████▎   | 63/100 [04:42<02:46,  4.49s/epoch, best=1.180e+03, sign=0.184, train=1.180e+03, val=1.179e+03]
GNN flow training:  63%|██████▎   | 63/100 [04:47<02:46,  4.49s/epoch, best=1.179e+03, sign=0.183, train=1.179e+03, val=1.179e+03]
GNN flow training:  64%|██████▍   | 64/100 [04:47<02:41,  4.49s/epoch, best=1.179e+03, sign=0.183, train=1.179e+03, val=1.179e+03]
GNN flow training:  64%|██████▍   | 64/100 [04:51<02:41,  4.49s/epoch, best=1.179e+03, sign=0.183, train=1.179e+03, val=1.178e+03]
GNN flow training:  65%|██████▌   | 65/100 [04:51<02:37,  4.49s/epoch, best=1.179e+03, sign=0.183, train=1.179e+03, val=1.178e+03]
GNN flow training:  65%|██████▌   | 65/100 [04:56<02:37,  4.49s/epoch, best=1.178e+03, sign=0.182, train=1.178e+03, val=1.176e+03]
GNN flow training:  66%|██████▌   | 66/100 [04:56<02:31,  4.47s/epoch, best=1.178e+03, sign=0.182, train=1.178e+03, val=1.176e+03]
GNN flow training:  66%|██████▌   | 66/100 [05:00<02:31,  4.47s/epoch, best=1.176e+03, sign=0.182, train=1.176e+03, val=1.175e+03]
GNN flow training:  67%|██████▋   | 67/100 [05:00<02:27,  4.48s/epoch, best=1.176e+03, sign=0.182, train=1.176e+03, val=1.175e+03]
GNN flow training:  67%|██████▋   | 67/100 [05:05<02:27,  4.48s/epoch, best=1.175e+03, sign=0.181, train=1.175e+03, val=1.175e+03]
GNN flow training:  68%|██████▊   | 68/100 [05:05<02:23,  4.48s/epoch, best=1.175e+03, sign=0.181, train=1.175e+03, val=1.175e+03]
GNN flow training:  68%|██████▊   | 68/100 [05:09<02:23,  4.48s/epoch, best=1.175e+03, sign=0.180, train=1.175e+03, val=1.174e+03]
GNN flow training:  69%|██████▉   | 69/100 [05:09<02:18,  4.48s/epoch, best=1.175e+03, sign=0.180, train=1.175e+03, val=1.174e+03]
GNN flow training:  69%|██████▉   | 69/100 [05:14<02:18,  4.48s/epoch, best=1.174e+03, sign=0.178, train=1.174e+03, val=1.175e+03]
GNN flow training:  70%|███████   | 70/100 [05:14<02:14,  4.47s/epoch, best=1.174e+03, sign=0.178, train=1.174e+03, val=1.175e+03]
GNN flow training:  70%|███████   | 70/100 [05:18<02:14,  4.47s/epoch, best=1.174e+03, sign=0.178, train=1.175e+03, val=1.175e+03]
GNN flow training:  71%|███████   | 71/100 [05:18<02:10,  4.48s/epoch, best=1.174e+03, sign=0.178, train=1.175e+03, val=1.175e+03]
GNN flow training:  71%|███████   | 71/100 [05:23<02:10,  4.48s/epoch, best=1.174e+03, sign=0.179, train=1.175e+03, val=1.171e+03]
GNN flow training:  72%|███████▏  | 72/100 [05:23<02:05,  4.48s/epoch, best=1.174e+03, sign=0.179, train=1.175e+03, val=1.171e+03]
GNN flow training:  72%|███████▏  | 72/100 [05:27<02:05,  4.48s/epoch, best=1.171e+03, sign=0.179, train=1.171e+03, val=1.169e+03]
GNN flow training:  73%|███████▎  | 73/100 [05:27<02:00,  4.48s/epoch, best=1.171e+03, sign=0.179, train=1.171e+03, val=1.169e+03]
GNN flow training:  73%|███████▎  | 73/100 [05:31<02:00,  4.48s/epoch, best=1.169e+03, sign=0.178, train=1.169e+03, val=1.168e+03]
GNN flow training:  74%|███████▍  | 74/100 [05:31<01:56,  4.47s/epoch, best=1.169e+03, sign=0.178, train=1.169e+03, val=1.168e+03]
GNN flow training:  74%|███████▍  | 74/100 [05:36<01:56,  4.47s/epoch, best=1.168e+03, sign=0.177, train=1.168e+03, val=1.166e+03]
GNN flow training:  75%|███████▌  | 75/100 [05:36<01:51,  4.48s/epoch, best=1.168e+03, sign=0.177, train=1.168e+03, val=1.166e+03]
GNN flow training:  75%|███████▌  | 75/100 [05:40<01:51,  4.48s/epoch, best=1.166e+03, sign=0.176, train=1.166e+03, val=1.171e+03]
GNN flow training:  76%|███████▌  | 76/100 [05:40<01:47,  4.48s/epoch, best=1.166e+03, sign=0.176, train=1.166e+03, val=1.171e+03]
GNN flow training:  76%|███████▌  | 76/100 [05:45<01:47,  4.48s/epoch, best=1.166e+03, sign=0.176, train=1.171e+03, val=1.166e+03]
GNN flow training:  77%|███████▋  | 77/100 [05:45<01:42,  4.48s/epoch, best=1.166e+03, sign=0.176, train=1.171e+03, val=1.166e+03]
GNN flow training:  77%|███████▋  | 77/100 [05:49<01:42,  4.48s/epoch, best=1.166e+03, sign=0.175, train=1.166e+03, val=1.162e+03]
GNN flow training:  78%|███████▊  | 78/100 [05:49<01:38,  4.47s/epoch, best=1.166e+03, sign=0.175, train=1.166e+03, val=1.162e+03]
GNN flow training:  78%|███████▊  | 78/100 [05:54<01:38,  4.47s/epoch, best=1.162e+03, sign=0.175, train=1.162e+03, val=1.160e+03]
GNN flow training:  79%|███████▉  | 79/100 [05:54<01:33,  4.47s/epoch, best=1.162e+03, sign=0.175, train=1.162e+03, val=1.160e+03]
GNN flow training:  79%|███████▉  | 79/100 [05:58<01:33,  4.47s/epoch, best=1.160e+03, sign=0.174, train=1.160e+03, val=1.157e+03]
GNN flow training:  80%|████████  | 80/100 [05:58<01:29,  4.47s/epoch, best=1.160e+03, sign=0.174, train=1.160e+03, val=1.157e+03]
GNN flow training:  80%|████████  | 80/100 [06:03<01:29,  4.47s/epoch, best=1.157e+03, sign=0.173, train=1.157e+03, val=1.156e+03]
GNN flow training:  81%|████████  | 81/100 [06:03<01:24,  4.46s/epoch, best=1.157e+03, sign=0.173, train=1.157e+03, val=1.156e+03]
GNN flow training:  81%|████████  | 81/100 [06:07<01:24,  4.46s/epoch, best=1.156e+03, sign=0.173, train=1.156e+03, val=1.155e+03]
GNN flow training:  82%|████████▏ | 82/100 [06:07<01:20,  4.48s/epoch, best=1.156e+03, sign=0.173, train=1.156e+03, val=1.155e+03]
GNN flow training:  82%|████████▏ | 82/100 [06:12<01:20,  4.48s/epoch, best=1.155e+03, sign=0.172, train=1.155e+03, val=1.153e+03]
GNN flow training:  83%|████████▎ | 83/100 [06:12<01:16,  4.49s/epoch, best=1.155e+03, sign=0.172, train=1.155e+03, val=1.153e+03]
GNN flow training:  83%|████████▎ | 83/100 [06:16<01:16,  4.49s/epoch, best=1.153e+03, sign=0.172, train=1.153e+03, val=1.152e+03]
GNN flow training:  84%|████████▍ | 84/100 [06:16<01:11,  4.47s/epoch, best=1.153e+03, sign=0.172, train=1.153e+03, val=1.152e+03]
GNN flow training:  84%|████████▍ | 84/100 [06:21<01:11,  4.47s/epoch, best=1.152e+03, sign=0.172, train=1.152e+03, val=1.151e+03]
GNN flow training:  85%|████████▌ | 85/100 [06:21<01:07,  4.49s/epoch, best=1.152e+03, sign=0.172, train=1.152e+03, val=1.151e+03]
GNN flow training:  85%|████████▌ | 85/100 [06:25<01:07,  4.49s/epoch, best=1.151e+03, sign=0.172, train=1.151e+03, val=1.148e+03]
GNN flow training:  86%|████████▌ | 86/100 [06:25<01:02,  4.48s/epoch, best=1.151e+03, sign=0.172, train=1.151e+03, val=1.148e+03]
GNN flow training:  86%|████████▌ | 86/100 [06:30<01:02,  4.48s/epoch, best=1.148e+03, sign=0.172, train=1.148e+03, val=1.145e+03]
GNN flow training:  87%|████████▋ | 87/100 [06:30<00:58,  4.48s/epoch, best=1.148e+03, sign=0.172, train=1.148e+03, val=1.145e+03]
GNN flow training:  87%|████████▋ | 87/100 [06:34<00:58,  4.48s/epoch, best=1.145e+03, sign=0.172, train=1.145e+03, val=1.144e+03]
GNN flow training:  88%|████████▊ | 88/100 [06:34<00:53,  4.47s/epoch, best=1.145e+03, sign=0.172, train=1.145e+03, val=1.144e+03]
GNN flow training:  88%|████████▊ | 88/100 [06:39<00:53,  4.47s/epoch, best=1.144e+03, sign=0.172, train=1.144e+03, val=1.143e+03]
GNN flow training:  89%|████████▉ | 89/100 [06:39<00:49,  4.47s/epoch, best=1.144e+03, sign=0.172, train=1.144e+03, val=1.143e+03]
GNN flow training:  89%|████████▉ | 89/100 [06:43<00:49,  4.47s/epoch, best=1.143e+03, sign=0.171, train=1.143e+03, val=1.141e+03]
GNN flow training:  90%|█████████ | 90/100 [06:43<00:44,  4.46s/epoch, best=1.143e+03, sign=0.171, train=1.143e+03, val=1.141e+03]
GNN flow training:  90%|█████████ | 90/100 [06:47<00:44,  4.46s/epoch, best=1.141e+03, sign=0.171, train=1.141e+03, val=1.137e+03]
GNN flow training:  91%|█████████ | 91/100 [06:47<00:40,  4.45s/epoch, best=1.141e+03, sign=0.171, train=1.141e+03, val=1.137e+03]
GNN flow training:  91%|█████████ | 91/100 [06:52<00:40,  4.45s/epoch, best=1.137e+03, sign=0.171, train=1.137e+03, val=1.135e+03]
GNN flow training:  92%|█████████▏| 92/100 [06:52<00:35,  4.44s/epoch, best=1.137e+03, sign=0.171, train=1.137e+03, val=1.135e+03]
GNN flow training:  92%|█████████▏| 92/100 [06:56<00:35,  4.44s/epoch, best=1.135e+03, sign=0.170, train=1.135e+03, val=1.136e+03]
GNN flow training:  93%|█████████▎| 93/100 [06:56<00:31,  4.45s/epoch, best=1.135e+03, sign=0.170, train=1.135e+03, val=1.136e+03]
GNN flow training:  93%|█████████▎| 93/100 [07:01<00:31,  4.45s/epoch, best=1.135e+03, sign=0.170, train=1.136e+03, val=1.135e+03]
GNN flow training:  94%|█████████▍| 94/100 [07:01<00:26,  4.46s/epoch, best=1.135e+03, sign=0.170, train=1.136e+03, val=1.135e+03]
GNN flow training:  94%|█████████▍| 94/100 [07:05<00:26,  4.46s/epoch, best=1.135e+03, sign=0.170, train=1.135e+03, val=1.134e+03]
GNN flow training:  95%|█████████▌| 95/100 [07:05<00:22,  4.44s/epoch, best=1.135e+03, sign=0.170, train=1.135e+03, val=1.134e+03]
GNN flow training:  95%|█████████▌| 95/100 [07:10<00:22,  4.44s/epoch, best=1.134e+03, sign=0.170, train=1.134e+03, val=1.133e+03]
GNN flow training:  96%|█████████▌| 96/100 [07:10<00:17,  4.46s/epoch, best=1.134e+03, sign=0.170, train=1.134e+03, val=1.133e+03]
GNN flow training:  96%|█████████▌| 96/100 [07:14<00:17,  4.46s/epoch, best=1.133e+03, sign=0.170, train=1.133e+03, val=1.130e+03]
GNN flow training:  97%|█████████▋| 97/100 [07:14<00:13,  4.47s/epoch, best=1.133e+03, sign=0.170, train=1.133e+03, val=1.130e+03]
GNN flow training:  97%|█████████▋| 97/100 [07:19<00:13,  4.47s/epoch, best=1.130e+03, sign=0.170, train=1.130e+03, val=1.131e+03]
GNN flow training:  98%|█████████▊| 98/100 [07:19<00:08,  4.47s/epoch, best=1.130e+03, sign=0.170, train=1.130e+03, val=1.131e+03]
GNN flow training:  98%|█████████▊| 98/100 [07:23<00:08,  4.47s/epoch, best=1.130e+03, sign=0.169, train=1.131e+03, val=1.131e+03]
GNN flow training:  99%|█████████▉| 99/100 [07:23<00:04,  4.46s/epoch, best=1.130e+03, sign=0.169, train=1.131e+03, val=1.131e+03]
GNN flow training:  99%|█████████▉| 99/100 [07:28<00:04,  4.46s/epoch, best=1.130e+03, sign=0.169, train=1.131e+03, val=1.133e+03]
GNN flow training: 100%|██████████| 100/100 [07:28<00:00,  4.46s/epoch, best=1.130e+03, sign=0.169, train=1.131e+03, val=1.133e+03]
GNN flow training: 100%|██████████| 100/100 [07:28<00:00,  4.48s/epoch, best=1.130e+03, sign=0.169, train=1.131e+03, val=1.133e+03]

GNN flow training:   0%|          | 0/100 [00:00<?, ?epoch/s]
GNN flow training:   0%|          | 0/100 [00:04<?, ?epoch/s, best=1.272e+03, sign=0.194, train=1.270e+03, val=1.272e+03]
GNN flow training:   1%|          | 1/100 [00:04<07:37,  4.62s/epoch, best=1.272e+03, sign=0.194, train=1.270e+03, val=1.272e+03]
GNN flow training:   1%|          | 1/100 [00:09<07:37,  4.62s/epoch, best=1.272e+03, sign=0.194, train=1.272e+03, val=1.272e+03]
GNN flow training:   2%|▏         | 2/100 [00:09<07:25,  4.55s/epoch, best=1.272e+03, sign=0.194, train=1.272e+03, val=1.272e+03]
GNN flow training:   2%|▏         | 2/100 [00:13<07:25,  4.55s/epoch, best=1.272e+03, sign=0.194, train=1.272e+03, val=1.271e+03]
GNN flow training:   3%|▎         | 3/100 [00:13<07:17,  4.51s/epoch, best=1.272e+03, sign=0.194, train=1.272e+03, val=1.271e+03]
GNN flow training:   3%|▎         | 3/100 [00:18<07:17,  4.51s/epoch, best=1.271e+03, sign=0.195, train=1.271e+03, val=1.272e+03]
GNN flow training:   4%|▍         | 4/100 [00:18<07:13,  4.52s/epoch, best=1.271e+03, sign=0.195, train=1.271e+03, val=1.272e+03]
GNN flow training:   4%|▍         | 4/100 [00:22<07:13,  4.52s/epoch, best=1.271e+03, sign=0.194, train=1.272e+03, val=1.270e+03]
GNN flow training:   5%|▌         | 5/100 [00:22<07:08,  4.51s/epoch, best=1.271e+03, sign=0.194, train=1.272e+03, val=1.270e+03]
GNN flow training:   5%|▌         | 5/100 [00:27<07:08,  4.51s/epoch, best=1.270e+03, sign=0.194, train=1.270e+03, val=1.270e+03]
GNN flow training:   6%|▌         | 6/100 [00:27<07:02,  4.49s/epoch, best=1.270e+03, sign=0.194, train=1.270e+03, val=1.270e+03]
GNN flow training:   6%|▌         | 6/100 [00:31<07:02,  4.49s/epoch, best=1.270e+03, sign=0.193, train=1.270e+03, val=1.270e+03]
GNN flow training:   7%|▋         | 7/100 [00:31<06:57,  4.49s/epoch, best=1.270e+03, sign=0.193, train=1.270e+03, val=1.270e+03]
GNN flow training:   7%|▋         | 7/100 [00:36<06:57,  4.49s/epoch, best=1.270e+03, sign=0.193, train=1.270e+03, val=1.272e+03]
GNN flow training:   8%|▊         | 8/100 [00:36<06:54,  4.50s/epoch, best=1.270e+03, sign=0.193, train=1.270e+03, val=1.272e+03]
GNN flow training:   8%|▊         | 8/100 [00:40<06:54,  4.50s/epoch, best=1.270e+03, sign=0.194, train=1.272e+03, val=1.273e+03]
GNN flow training:   9%|▉         | 9/100 [00:40<06:49,  4.50s/epoch, best=1.270e+03, sign=0.194, train=1.272e+03, val=1.273e+03]
GNN flow training:   9%|▉         | 9/100 [00:45<06:49,  4.50s/epoch, best=1.270e+03, sign=0.195, train=1.273e+03, val=1.274e+03]
GNN flow training:  10%|█         | 10/100 [00:45<06:44,  4.49s/epoch, best=1.270e+03, sign=0.195, train=1.273e+03, val=1.274e+03]
GNN flow training:  10%|█         | 10/100 [00:49<06:44,  4.49s/epoch, best=1.270e+03, sign=0.195, train=1.274e+03, val=1.272e+03]
GNN flow training:  11%|█         | 11/100 [00:49<06:39,  4.49s/epoch, best=1.270e+03, sign=0.195, train=1.274e+03, val=1.272e+03]
GNN flow training:  11%|█         | 11/100 [00:54<06:39,  4.49s/epoch, best=1.270e+03, sign=0.196, train=1.272e+03, val=1.271e+03]
GNN flow training:  12%|█▏        | 12/100 [00:54<06:34,  4.48s/epoch, best=1.270e+03, sign=0.196, train=1.272e+03, val=1.271e+03]
GNN flow training:  12%|█▏        | 12/100 [00:58<06:34,  4.48s/epoch, best=1.270e+03, sign=0.196, train=1.271e+03, val=1.267e+03]
GNN flow training:  13%|█▎        | 13/100 [00:58<06:29,  4.48s/epoch, best=1.270e+03, sign=0.196, train=1.271e+03, val=1.267e+03]
GNN flow training:  13%|█▎        | 13/100 [01:02<06:29,  4.48s/epoch, best=1.267e+03, sign=0.196, train=1.267e+03, val=1.264e+03]
GNN flow training:  14%|█▍        | 14/100 [01:02<06:25,  4.48s/epoch, best=1.267e+03, sign=0.196, train=1.267e+03, val=1.264e+03]
GNN flow training:  14%|█▍        | 14/100 [01:07<06:25,  4.48s/epoch, best=1.264e+03, sign=0.196, train=1.264e+03, val=1.263e+03]
GNN flow training:  15%|█▌        | 15/100 [01:07<06:20,  4.47s/epoch, best=1.264e+03, sign=0.196, train=1.264e+03, val=1.263e+03]
GNN flow training:  15%|█▌        | 15/100 [01:11<06:20,  4.47s/epoch, best=1.263e+03, sign=0.197, train=1.263e+03, val=1.262e+03]
GNN flow training:  16%|█▌        | 16/100 [01:11<06:15,  4.47s/epoch, best=1.263e+03, sign=0.197, train=1.263e+03, val=1.262e+03]
GNN flow training:  16%|█▌        | 16/100 [01:16<06:15,  4.47s/epoch, best=1.262e+03, sign=0.196, train=1.262e+03, val=1.261e+03]
GNN flow training:  17%|█▋        | 17/100 [01:16<06:12,  4.48s/epoch, best=1.262e+03, sign=0.196, train=1.262e+03, val=1.261e+03]
GNN flow training:  17%|█▋        | 17/100 [01:20<06:12,  4.48s/epoch, best=1.261e+03, sign=0.196, train=1.261e+03, val=1.257e+03]
GNN flow training:  18%|█▊        | 18/100 [01:20<06:08,  4.49s/epoch, best=1.261e+03, sign=0.196, train=1.261e+03, val=1.257e+03]
GNN flow training:  18%|█▊        | 18/100 [01:25<06:08,  4.49s/epoch, best=1.257e+03, sign=0.195, train=1.257e+03, val=1.257e+03]
GNN flow training:  19%|█▉        | 19/100 [01:25<06:03,  4.49s/epoch, best=1.257e+03, sign=0.195, train=1.257e+03, val=1.257e+03]
GNN flow training:  19%|█▉        | 19/100 [01:29<06:03,  4.49s/epoch, best=1.257e+03, sign=0.195, train=1.257e+03, val=1.255e+03]
GNN flow training:  20%|██        | 20/100 [01:29<05:59,  4.49s/epoch, best=1.257e+03, sign=0.195, train=1.257e+03, val=1.255e+03]
GNN flow training:  20%|██        | 20/100 [01:34<05:59,  4.49s/epoch, best=1.255e+03, sign=0.195, train=1.255e+03, val=1.251e+03]
GNN flow training:  21%|██        | 21/100 [01:34<05:55,  4.50s/epoch, best=1.255e+03, sign=0.195, train=1.255e+03, val=1.251e+03]
GNN flow training:  21%|██        | 21/100 [01:38<05:55,  4.50s/epoch, best=1.251e+03, sign=0.194, train=1.251e+03, val=1.253e+03]
GNN flow training:  22%|██▏       | 22/100 [01:38<05:50,  4.49s/epoch, best=1.251e+03, sign=0.194, train=1.251e+03, val=1.253e+03]
GNN flow training:  22%|██▏       | 22/100 [01:43<05:50,  4.49s/epoch, best=1.251e+03, sign=0.194, train=1.253e+03, val=1.250e+03]
GNN flow training:  23%|██▎       | 23/100 [01:43<05:45,  4.49s/epoch, best=1.251e+03, sign=0.194, train=1.253e+03, val=1.250e+03]
GNN flow training:  23%|██▎       | 23/100 [01:47<05:45,  4.49s/epoch, best=1.250e+03, sign=0.193, train=1.250e+03, val=1.250e+03]
GNN flow training:  24%|██▍       | 24/100 [01:47<05:40,  4.49s/epoch, best=1.250e+03, sign=0.193, train=1.250e+03, val=1.250e+03]
GNN flow training:  24%|██▍       | 24/100 [01:52<05:40,  4.49s/epoch, best=1.250e+03, sign=0.193, train=1.250e+03, val=1.248e+03]
GNN flow training:  25%|██▌       | 25/100 [01:52<05:35,  4.48s/epoch, best=1.250e+03, sign=0.193, train=1.250e+03, val=1.248e+03]
GNN flow training:  25%|██▌       | 25/100 [01:56<05:35,  4.48s/epoch, best=1.248e+03, sign=0.193, train=1.248e+03, val=1.248e+03]
GNN flow training:  26%|██▌       | 26/100 [01:56<05:31,  4.48s/epoch, best=1.248e+03, sign=0.193, train=1.248e+03, val=1.248e+03]
GNN flow training:  26%|██▌       | 26/100 [02:01<05:31,  4.48s/epoch, best=1.248e+03, sign=0.193, train=1.248e+03, val=1.243e+03]
GNN flow training:  27%|██▋       | 27/100 [02:01<05:26,  4.47s/epoch, best=1.248e+03, sign=0.193, train=1.248e+03, val=1.243e+03]
GNN flow training:  27%|██▋       | 27/100 [02:05<05:26,  4.47s/epoch, best=1.243e+03, sign=0.192, train=1.243e+03, val=1.242e+03]
GNN flow training:  28%|██▊       | 28/100 [02:05<05:21,  4.47s/epoch, best=1.243e+03, sign=0.192, train=1.243e+03, val=1.242e+03]
GNN flow training:  28%|██▊       | 28/100 [02:10<05:21,  4.47s/epoch, best=1.242e+03, sign=0.192, train=1.242e+03, val=1.239e+03]
GNN flow training:  29%|██▉       | 29/100 [02:10<05:17,  4.47s/epoch, best=1.242e+03, sign=0.192, train=1.242e+03, val=1.239e+03]
GNN flow training:  29%|██▉       | 29/100 [02:14<05:17,  4.47s/epoch, best=1.239e+03, sign=0.192, train=1.239e+03, val=1.232e+03]
GNN flow training:  30%|███       | 30/100 [02:14<05:13,  4.48s/epoch, best=1.239e+03, sign=0.192, train=1.239e+03, val=1.232e+03]
GNN flow training:  30%|███       | 30/100 [02:19<05:13,  4.48s/epoch, best=1.232e+03, sign=0.193, train=1.232e+03, val=1.230e+03]
GNN flow training:  31%|███       | 31/100 [02:19<05:09,  4.49s/epoch, best=1.232e+03, sign=0.193, train=1.232e+03, val=1.230e+03]
GNN flow training:  31%|███       | 31/100 [02:23<05:09,  4.49s/epoch, best=1.230e+03, sign=0.192, train=1.230e+03, val=1.230e+03]
GNN flow training:  32%|███▏      | 32/100 [02:23<05:05,  4.50s/epoch, best=1.230e+03, sign=0.192, train=1.230e+03, val=1.230e+03]
GNN flow training:  32%|███▏      | 32/100 [02:28<05:05,  4.50s/epoch, best=1.230e+03, sign=0.192, train=1.230e+03, val=1.227e+03]
GNN flow training:  33%|███▎      | 33/100 [02:28<05:01,  4.50s/epoch, best=1.230e+03, sign=0.192, train=1.230e+03, val=1.227e+03]
GNN flow training:  33%|███▎      | 33/100 [02:32<05:01,  4.50s/epoch, best=1.227e+03, sign=0.191, train=1.227e+03, val=1.225e+03]
GNN flow training:  34%|███▍      | 34/100 [02:32<04:56,  4.49s/epoch, best=1.227e+03, sign=0.191, train=1.227e+03, val=1.225e+03]
GNN flow training:  34%|███▍      | 34/100 [02:37<04:56,  4.49s/epoch, best=1.225e+03, sign=0.190, train=1.225e+03, val=1.219e+03]
GNN flow training:  35%|███▌      | 35/100 [02:37<04:52,  4.50s/epoch, best=1.225e+03, sign=0.190, train=1.225e+03, val=1.219e+03]
GNN flow training:  35%|███▌      | 35/100 [02:41<04:52,  4.50s/epoch, best=1.219e+03, sign=0.190, train=1.219e+03, val=1.211e+03]
GNN flow training:  36%|███▌      | 36/100 [02:41<04:47,  4.49s/epoch, best=1.219e+03, sign=0.190, train=1.219e+03, val=1.211e+03]
GNN flow training:  36%|███▌      | 36/100 [02:46<04:47,  4.49s/epoch, best=1.211e+03, sign=0.189, train=1.211e+03, val=1.206e+03]
GNN flow training:  37%|███▋      | 37/100 [02:46<04:42,  4.48s/epoch, best=1.211e+03, sign=0.189, train=1.211e+03, val=1.206e+03]
GNN flow training:  37%|███▋      | 37/100 [02:50<04:42,  4.48s/epoch, best=1.206e+03, sign=0.189, train=1.206e+03, val=1.201e+03]
GNN flow training:  38%|███▊      | 38/100 [02:50<04:38,  4.49s/epoch, best=1.206e+03, sign=0.189, train=1.206e+03, val=1.201e+03]
GNN flow training:  38%|███▊      | 38/100 [02:55<04:38,  4.49s/epoch, best=1.201e+03, sign=0.189, train=1.201e+03, val=1.196e+03]
GNN flow training:  39%|███▉      | 39/100 [02:55<04:33,  4.48s/epoch, best=1.201e+03, sign=0.189, train=1.201e+03, val=1.196e+03]
GNN flow training:  39%|███▉      | 39/100 [02:59<04:33,  4.48s/epoch, best=1.196e+03, sign=0.188, train=1.196e+03, val=1.189e+03]
GNN flow training:  40%|████      | 40/100 [02:59<04:29,  4.49s/epoch, best=1.196e+03, sign=0.188, train=1.196e+03, val=1.189e+03]
GNN flow training:  40%|████      | 40/100 [03:04<04:29,  4.49s/epoch, best=1.189e+03, sign=0.187, train=1.189e+03, val=1.179e+03]
GNN flow training:  41%|████      | 41/100 [03:04<04:25,  4.49s/epoch, best=1.189e+03, sign=0.187, train=1.189e+03, val=1.179e+03]
GNN flow training:  41%|████      | 41/100 [03:08<04:25,  4.49s/epoch, best=1.179e+03, sign=0.186, train=1.179e+03, val=1.174e+03]
GNN flow training:  42%|████▏     | 42/100 [03:08<04:21,  4.51s/epoch, best=1.179e+03, sign=0.186, train=1.179e+03, val=1.174e+03]
GNN flow training:  42%|████▏     | 42/100 [03:13<04:21,  4.51s/epoch, best=1.174e+03, sign=0.186, train=1.174e+03, val=1.172e+03]
GNN flow training:  43%|████▎     | 43/100 [03:13<04:16,  4.51s/epoch, best=1.174e+03, sign=0.186, train=1.174e+03, val=1.172e+03]
GNN flow training:  43%|████▎     | 43/100 [03:17<04:16,  4.51s/epoch, best=1.172e+03, sign=0.185, train=1.172e+03, val=1.165e+03]
GNN flow training:  44%|████▍     | 44/100 [03:17<04:11,  4.49s/epoch, best=1.172e+03, sign=0.185, train=1.172e+03, val=1.165e+03]
GNN flow training:  44%|████▍     | 44/100 [03:22<04:11,  4.49s/epoch, best=1.165e+03, sign=0.186, train=1.165e+03, val=1.157e+03]
GNN flow training:  45%|████▌     | 45/100 [03:22<04:06,  4.49s/epoch, best=1.165e+03, sign=0.186, train=1.165e+03, val=1.157e+03]
GNN flow training:  45%|████▌     | 45/100 [03:26<04:06,  4.49s/epoch, best=1.157e+03, sign=0.187, train=1.157e+03, val=1.159e+03]
GNN flow training:  46%|████▌     | 46/100 [03:26<04:02,  4.49s/epoch, best=1.157e+03, sign=0.187, train=1.157e+03, val=1.159e+03]
GNN flow training:  46%|████▌     | 46/100 [03:31<04:02,  4.49s/epoch, best=1.157e+03, sign=0.187, train=1.159e+03, val=1.156e+03]
GNN flow training:  47%|████▋     | 47/100 [03:31<03:57,  4.48s/epoch, best=1.157e+03, sign=0.187, train=1.159e+03, val=1.156e+03]
GNN flow training:  47%|████▋     | 47/100 [03:35<03:57,  4.48s/epoch, best=1.156e+03, sign=0.188, train=1.156e+03, val=1.150e+03]
GNN flow training:  48%|████▊     | 48/100 [03:35<03:52,  4.48s/epoch, best=1.156e+03, sign=0.188, train=1.156e+03, val=1.150e+03]
GNN flow training:  48%|████▊     | 48/100 [03:39<03:52,  4.48s/epoch, best=1.150e+03, sign=0.187, train=1.150e+03, val=1.144e+03]
GNN flow training:  49%|████▉     | 49/100 [03:39<03:48,  4.48s/epoch, best=1.150e+03, sign=0.187, train=1.150e+03, val=1.144e+03]
GNN flow training:  49%|████▉     | 49/100 [03:44<03:48,  4.48s/epoch, best=1.144e+03, sign=0.187, train=1.144e+03, val=1.139e+03]
GNN flow training:  50%|█████     | 50/100 [03:44<03:43,  4.47s/epoch, best=1.144e+03, sign=0.187, train=1.144e+03, val=1.139e+03]
GNN flow training:  50%|█████     | 50/100 [03:48<03:43,  4.47s/epoch, best=1.139e+03, sign=0.187, train=1.139e+03, val=1.138e+03]
GNN flow training:  51%|█████     | 51/100 [03:48<03:38,  4.46s/epoch, best=1.139e+03, sign=0.187, train=1.139e+03, val=1.138e+03]
GNN flow training:  51%|█████     | 51/100 [03:53<03:38,  4.46s/epoch, best=1.138e+03, sign=0.185, train=1.138e+03, val=1.128e+03]
GNN flow training:  52%|█████▏    | 52/100 [03:53<03:34,  4.47s/epoch, best=1.138e+03, sign=0.185, train=1.138e+03, val=1.128e+03]
GNN flow training:  52%|█████▏    | 52/100 [03:57<03:34,  4.47s/epoch, best=1.128e+03, sign=0.183, train=1.128e+03, val=1.117e+03]
GNN flow training:  53%|█████▎    | 53/100 [03:57<03:30,  4.47s/epoch, best=1.128e+03, sign=0.183, train=1.128e+03, val=1.117e+03]
GNN flow training:  53%|█████▎    | 53/100 [04:02<03:30,  4.47s/epoch, best=1.117e+03, sign=0.182, train=1.117e+03, val=1.109e+03]
GNN flow training:  54%|█████▍    | 54/100 [04:02<03:25,  4.47s/epoch, best=1.117e+03, sign=0.182, train=1.117e+03, val=1.109e+03]
GNN flow training:  54%|█████▍    | 54/100 [04:06<03:25,  4.47s/epoch, best=1.109e+03, sign=0.181, train=1.109e+03, val=1.106e+03]
GNN flow training:  55%|█████▌    | 55/100 [04:06<03:20,  4.45s/epoch, best=1.109e+03, sign=0.181, train=1.109e+03, val=1.106e+03]
GNN flow training:  55%|█████▌    | 55/100 [04:11<03:20,  4.45s/epoch, best=1.106e+03, sign=0.180, train=1.106e+03, val=1.101e+03]
GNN flow training:  56%|█████▌    | 56/100 [04:11<03:16,  4.46s/epoch, best=1.106e+03, sign=0.180, train=1.106e+03, val=1.101e+03]
GNN flow training:  56%|█████▌    | 56/100 [04:15<03:16,  4.46s/epoch, best=1.101e+03, sign=0.180, train=1.101e+03, val=1.101e+03]
GNN flow training:  57%|█████▋    | 57/100 [04:15<03:11,  4.46s/epoch, best=1.101e+03, sign=0.180, train=1.101e+03, val=1.101e+03]
GNN flow training:  57%|█████▋    | 57/100 [04:20<03:11,  4.46s/epoch, best=1.101e+03, sign=0.180, train=1.101e+03, val=1.097e+03]
GNN flow training:  58%|█████▊    | 58/100 [04:20<03:07,  4.46s/epoch, best=1.101e+03, sign=0.180, train=1.101e+03, val=1.097e+03]
GNN flow training:  58%|█████▊    | 58/100 [04:24<03:07,  4.46s/epoch, best=1.097e+03, sign=0.178, train=1.097e+03, val=1.089e+03]
GNN flow training:  59%|█████▉    | 59/100 [04:24<03:03,  4.47s/epoch, best=1.097e+03, sign=0.178, train=1.097e+03, val=1.089e+03]
GNN flow training:  59%|█████▉    | 59/100 [04:29<03:03,  4.47s/epoch, best=1.089e+03, sign=0.178, train=1.089e+03, val=1.086e+03]
GNN flow training:  60%|██████    | 60/100 [04:29<02:58,  4.46s/epoch, best=1.089e+03, sign=0.178, train=1.089e+03, val=1.086e+03]
GNN flow training:  60%|██████    | 60/100 [04:33<02:58,  4.46s/epoch, best=1.086e+03, sign=0.179, train=1.086e+03, val=1.089e+03]
GNN flow training:  61%|██████    | 61/100 [04:33<02:54,  4.47s/epoch, best=1.086e+03, sign=0.179, train=1.086e+03, val=1.089e+03]
GNN flow training:  61%|██████    | 61/100 [04:38<02:54,  4.47s/epoch, best=1.086e+03, sign=0.180, train=1.089e+03, val=1.091e+03]
GNN flow training:  62%|██████▏   | 62/100 [04:38<02:49,  4.46s/epoch, best=1.086e+03, sign=0.180, train=1.089e+03, val=1.091e+03]
GNN flow training:  62%|██████▏   | 62/100 [04:42<02:49,  4.46s/epoch, best=1.086e+03, sign=0.179, train=1.091e+03, val=1.087e+03]
GNN flow training:  63%|██████▎   | 63/100 [04:42<02:45,  4.46s/epoch, best=1.086e+03, sign=0.179, train=1.091e+03, val=1.087e+03]
GNN flow training:  63%|██████▎   | 63/100 [04:46<02:45,  4.46s/epoch, best=1.086e+03, sign=0.178, train=1.087e+03, val=1.084e+03]
GNN flow training:  64%|██████▍   | 64/100 [04:46<02:40,  4.47s/epoch, best=1.086e+03, sign=0.178, train=1.087e+03, val=1.084e+03]
GNN flow training:  64%|██████▍   | 64/100 [04:51<02:40,  4.47s/epoch, best=1.084e+03, sign=0.179, train=1.084e+03, val=1.073e+03]
GNN flow training:  65%|██████▌   | 65/100 [04:51<02:36,  4.47s/epoch, best=1.084e+03, sign=0.179, train=1.084e+03, val=1.073e+03]
GNN flow training:  65%|██████▌   | 65/100 [04:55<02:36,  4.47s/epoch, best=1.073e+03, sign=0.179, train=1.073e+03, val=1.063e+03]
GNN flow training:  66%|██████▌   | 66/100 [04:55<02:32,  4.48s/epoch, best=1.073e+03, sign=0.179, train=1.073e+03, val=1.063e+03]
GNN flow training:  66%|██████▌   | 66/100 [05:00<02:32,  4.48s/epoch, best=1.063e+03, sign=0.180, train=1.063e+03, val=1.058e+03]
GNN flow training:  67%|██████▋   | 67/100 [05:00<02:27,  4.48s/epoch, best=1.063e+03, sign=0.180, train=1.063e+03, val=1.058e+03]
GNN flow training:  67%|██████▋   | 67/100 [05:04<02:27,  4.48s/epoch, best=1.058e+03, sign=0.180, train=1.058e+03, val=1.057e+03]
GNN flow training:  68%|██████▊   | 68/100 [05:04<02:23,  4.47s/epoch, best=1.058e+03, sign=0.180, train=1.058e+03, val=1.057e+03]
GNN flow training:  68%|██████▊   | 68/100 [05:09<02:23,  4.47s/epoch, best=1.057e+03, sign=0.180, train=1.057e+03, val=1.055e+03]
GNN flow training:  69%|██████▉   | 69/100 [05:09<02:19,  4.48s/epoch, best=1.057e+03, sign=0.180, train=1.057e+03, val=1.055e+03]
GNN flow training:  69%|██████▉   | 69/100 [05:13<02:19,  4.48s/epoch, best=1.055e+03, sign=0.181, train=1.055e+03, val=1.057e+03]
GNN flow training:  70%|███████   | 70/100 [05:13<02:14,  4.47s/epoch, best=1.055e+03, sign=0.181, train=1.055e+03, val=1.057e+03]
GNN flow training:  70%|███████   | 70/100 [05:18<02:14,  4.47s/epoch, best=1.055e+03, sign=0.181, train=1.057e+03, val=1.056e+03]
GNN flow training:  71%|███████   | 71/100 [05:18<02:09,  4.47s/epoch, best=1.055e+03, sign=0.181, train=1.057e+03, val=1.056e+03]
GNN flow training:  71%|███████   | 71/100 [05:22<02:09,  4.47s/epoch, best=1.055e+03, sign=0.182, train=1.056e+03, val=1.060e+03]
GNN flow training:  72%|███████▏  | 72/100 [05:22<02:05,  4.46s/epoch, best=1.055e+03, sign=0.182, train=1.056e+03, val=1.060e+03]
GNN flow training:  72%|███████▏  | 72/100 [05:27<02:05,  4.46s/epoch, best=1.055e+03, sign=0.185, train=1.060e+03, val=1.063e+03]
GNN flow training:  73%|███████▎  | 73/100 [05:27<02:00,  4.47s/epoch, best=1.055e+03, sign=0.185, train=1.060e+03, val=1.063e+03]
GNN flow training:  73%|███████▎  | 73/100 [05:31<02:00,  4.47s/epoch, best=1.055e+03, sign=0.189, train=1.063e+03, val=1.060e+03]
GNN flow training:  74%|███████▍  | 74/100 [05:31<01:56,  4.46s/epoch, best=1.055e+03, sign=0.189, train=1.063e+03, val=1.060e+03]
GNN flow training:  74%|███████▍  | 74/100 [05:36<01:56,  4.46s/epoch, best=1.055e+03, sign=0.190, train=1.060e+03, val=1.054e+03]
GNN flow training:  75%|███████▌  | 75/100 [05:36<01:51,  4.47s/epoch, best=1.055e+03, sign=0.190, train=1.060e+03, val=1.054e+03]
GNN flow training:  75%|███████▌  | 75/100 [05:40<01:51,  4.47s/epoch, best=1.054e+03, sign=0.191, train=1.054e+03, val=1.041e+03]
GNN flow training:  76%|███████▌  | 76/100 [05:40<01:47,  4.47s/epoch, best=1.054e+03, sign=0.191, train=1.054e+03, val=1.041e+03]
GNN flow training:  76%|███████▌  | 76/100 [05:45<01:47,  4.47s/epoch, best=1.041e+03, sign=0.191, train=1.041e+03, val=1.024e+03]
GNN flow training:  77%|███████▋  | 77/100 [05:45<01:43,  4.48s/epoch, best=1.041e+03, sign=0.191, train=1.041e+03, val=1.024e+03]
GNN flow training:  77%|███████▋  | 77/100 [05:49<01:43,  4.48s/epoch, best=1.024e+03, sign=0.194, train=1.024e+03, val=1.008e+03]
GNN flow training:  78%|███████▊  | 78/100 [05:49<01:38,  4.49s/epoch, best=1.024e+03, sign=0.194, train=1.024e+03, val=1.008e+03]
GNN flow training:  78%|███████▊  | 78/100 [05:54<01:38,  4.49s/epoch, best=1.008e+03, sign=0.193, train=1.008e+03, val=1.003e+03]
GNN flow training:  79%|███████▉  | 79/100 [05:54<01:34,  4.48s/epoch, best=1.008e+03, sign=0.193, train=1.008e+03, val=1.003e+03]
GNN flow training:  79%|███████▉  | 79/100 [05:58<01:34,  4.48s/epoch, best=1.003e+03, sign=0.193, train=1.003e+03, val=9.984e+02]
GNN flow training:  80%|████████  | 80/100 [05:58<01:29,  4.47s/epoch, best=1.003e+03, sign=0.193, train=1.003e+03, val=9.984e+02]
GNN flow training:  80%|████████  | 80/100 [06:03<01:29,  4.47s/epoch, best=9.984e+02, sign=0.193, train=9.984e+02, val=1.002e+03]
GNN flow training:  81%|████████  | 81/100 [06:03<01:25,  4.50s/epoch, best=9.984e+02, sign=0.193, train=9.984e+02, val=1.002e+03]
GNN flow training:  81%|████████  | 81/100 [06:07<01:25,  4.50s/epoch, best=9.984e+02, sign=0.193, train=1.002e+03, val=1.009e+03]
GNN flow training:  82%|████████▏ | 82/100 [06:07<01:20,  4.50s/epoch, best=9.984e+02, sign=0.193, train=1.002e+03, val=1.009e+03]
GNN flow training:  82%|████████▏ | 82/100 [06:12<01:20,  4.50s/epoch, best=9.984e+02, sign=0.191, train=1.009e+03, val=1.009e+03]
GNN flow training:  83%|████████▎ | 83/100 [06:12<01:16,  4.49s/epoch, best=9.984e+02, sign=0.191, train=1.009e+03, val=1.009e+03]
GNN flow training:  83%|████████▎ | 83/100 [06:16<01:16,  4.49s/epoch, best=9.984e+02, sign=0.192, train=1.009e+03, val=1.003e+03]
GNN flow training:  84%|████████▍ | 84/100 [06:16<01:11,  4.48s/epoch, best=9.984e+02, sign=0.192, train=1.009e+03, val=1.003e+03]
GNN flow training:  84%|████████▍ | 84/100 [06:21<01:11,  4.48s/epoch, best=9.984e+02, sign=0.191, train=1.003e+03, val=9.934e+02]
GNN flow training:  85%|████████▌ | 85/100 [06:21<01:07,  4.48s/epoch, best=9.984e+02, sign=0.191, train=1.003e+03, val=9.934e+02]
GNN flow training:  85%|████████▌ | 85/100 [06:25<01:07,  4.48s/epoch, best=9.934e+02, sign=0.191, train=9.934e+02, val=9.794e+02]
GNN flow training:  86%|████████▌ | 86/100 [06:25<01:02,  4.47s/epoch, best=9.934e+02, sign=0.191, train=9.934e+02, val=9.794e+02]
GNN flow training:  86%|████████▌ | 86/100 [06:29<01:02,  4.47s/epoch, best=9.794e+02, sign=0.192, train=9.794e+02, val=9.679e+02]
GNN flow training:  87%|████████▋ | 87/100 [06:29<00:58,  4.47s/epoch, best=9.794e+02, sign=0.192, train=9.794e+02, val=9.679e+02]
GNN flow training:  87%|████████▋ | 87/100 [06:34<00:58,  4.47s/epoch, best=9.679e+02, sign=0.192, train=9.679e+02, val=9.651e+02]
GNN flow training:  88%|████████▊ | 88/100 [06:34<00:53,  4.47s/epoch, best=9.679e+02, sign=0.192, train=9.679e+02, val=9.651e+02]
GNN flow training:  88%|████████▊ | 88/100 [06:38<00:53,  4.47s/epoch, best=9.651e+02, sign=0.193, train=9.651e+02, val=9.627e+02]
GNN flow training:  89%|████████▉ | 89/100 [06:38<00:49,  4.46s/epoch, best=9.651e+02, sign=0.193, train=9.651e+02, val=9.627e+02]
GNN flow training:  89%|████████▉ | 89/100 [06:43<00:49,  4.46s/epoch, best=9.627e+02, sign=0.197, train=9.627e+02, val=9.544e+02]
GNN flow training:  90%|█████████ | 90/100 [06:43<00:44,  4.45s/epoch, best=9.627e+02, sign=0.197, train=9.627e+02, val=9.544e+02]
GNN flow training:  90%|█████████ | 90/100 [06:47<00:44,  4.45s/epoch, best=9.544e+02, sign=0.197, train=9.544e+02, val=9.526e+02]
GNN flow training:  91%|█████████ | 91/100 [06:47<00:40,  4.47s/epoch, best=9.544e+02, sign=0.197, train=9.544e+02, val=9.526e+02]
GNN flow training:  91%|█████████ | 91/100 [06:52<00:40,  4.47s/epoch, best=9.526e+02, sign=0.199, train=9.526e+02, val=9.520e+02]
GNN flow training:  92%|█████████▏| 92/100 [06:52<00:35,  4.48s/epoch, best=9.526e+02, sign=0.199, train=9.526e+02, val=9.520e+02]
GNN flow training:  92%|█████████▏| 92/100 [06:56<00:35,  4.48s/epoch, best=9.520e+02, sign=0.197, train=9.520e+02, val=9.467e+02]
GNN flow training:  93%|█████████▎| 93/100 [06:56<00:31,  4.50s/epoch, best=9.520e+02, sign=0.197, train=9.520e+02, val=9.467e+02]
GNN flow training:  93%|█████████▎| 93/100 [07:01<00:31,  4.50s/epoch, best=9.467e+02, sign=0.197, train=9.467e+02, val=9.401e+02]
GNN flow training:  94%|█████████▍| 94/100 [07:01<00:26,  4.49s/epoch, best=9.467e+02, sign=0.197, train=9.467e+02, val=9.401e+02]
GNN flow training:  94%|█████████▍| 94/100 [07:05<00:26,  4.49s/epoch, best=9.401e+02, sign=0.197, train=9.401e+02, val=9.340e+02]
GNN flow training:  95%|█████████▌| 95/100 [07:05<00:22,  4.49s/epoch, best=9.401e+02, sign=0.197, train=9.401e+02, val=9.340e+02]
GNN flow training:  95%|█████████▌| 95/100 [07:10<00:22,  4.49s/epoch, best=9.340e+02, sign=0.197, train=9.340e+02, val=9.279e+02]
GNN flow training:  96%|█████████▌| 96/100 [07:10<00:17,  4.50s/epoch, best=9.340e+02, sign=0.197, train=9.340e+02, val=9.279e+02]
GNN flow training:  96%|█████████▌| 96/100 [07:14<00:17,  4.50s/epoch, best=9.279e+02, sign=0.195, train=9.279e+02, val=9.332e+02]
GNN flow training:  97%|█████████▋| 97/100 [07:14<00:13,  4.50s/epoch, best=9.279e+02, sign=0.195, train=9.279e+02, val=9.332e+02]
GNN flow training:  97%|█████████▋| 97/100 [07:19<00:13,  4.50s/epoch, best=9.279e+02, sign=0.193, train=9.332e+02, val=9.299e+02]
GNN flow training:  98%|█████████▊| 98/100 [07:19<00:08,  4.49s/epoch, best=9.279e+02, sign=0.193, train=9.332e+02, val=9.299e+02]
GNN flow training:  98%|█████████▊| 98/100 [07:23<00:08,  4.49s/epoch, best=9.279e+02, sign=0.192, train=9.299e+02, val=9.254e+02]
GNN flow training:  99%|█████████▉| 99/100 [07:23<00:04,  4.49s/epoch, best=9.279e+02, sign=0.192, train=9.299e+02, val=9.254e+02]
GNN flow training:  99%|█████████▉| 99/100 [07:28<00:04,  4.49s/epoch, best=9.254e+02, sign=0.192, train=9.254e+02, val=9.300e+02]
GNN flow training: 100%|██████████| 100/100 [07:28<00:00,  4.47s/epoch, best=9.254e+02, sign=0.192, train=9.254e+02, val=9.300e+02]
GNN flow training: 100%|██████████| 100/100 [07:28<00:00,  4.48s/epoch, best=9.254e+02, sign=0.192, train=9.254e+02, val=9.300e+02]

GNN flow training:   0%|          | 0/100 [00:00<?, ?epoch/s]
GNN flow training:   0%|          | 0/100 [00:04<?, ?epoch/s, best=1.271e+03, sign=0.194, train=1.270e+03, val=1.271e+03]
GNN flow training:   1%|          | 1/100 [00:04<07:38,  4.63s/epoch, best=1.271e+03, sign=0.194, train=1.270e+03, val=1.271e+03]
GNN flow training:   1%|          | 1/100 [00:09<07:38,  4.63s/epoch, best=1.271e+03, sign=0.194, train=1.271e+03, val=1.274e+03]
GNN flow training:   2%|▏         | 2/100 [00:09<07:27,  4.57s/epoch, best=1.271e+03, sign=0.194, train=1.271e+03, val=1.274e+03]
GNN flow training:   2%|▏         | 2/100 [00:13<07:27,  4.57s/epoch, best=1.271e+03, sign=0.194, train=1.274e+03, val=1.273e+03]
GNN flow training:   3%|▎         | 3/100 [00:13<07:19,  4.53s/epoch, best=1.271e+03, sign=0.194, train=1.274e+03, val=1.273e+03]
GNN flow training:   3%|▎         | 3/100 [00:18<07:19,  4.53s/epoch, best=1.271e+03, sign=0.194, train=1.273e+03, val=1.269e+03]
GNN flow training:   4%|▍         | 4/100 [00:18<07:12,  4.51s/epoch, best=1.271e+03, sign=0.194, train=1.273e+03, val=1.269e+03]
GNN flow training:   4%|▍         | 4/100 [00:22<07:12,  4.51s/epoch, best=1.269e+03, sign=0.194, train=1.269e+03, val=1.271e+03]
GNN flow training:   5%|▌         | 5/100 [00:22<07:06,  4.49s/epoch, best=1.269e+03, sign=0.194, train=1.269e+03, val=1.271e+03]
GNN flow training:   5%|▌         | 5/100 [00:27<07:06,  4.49s/epoch, best=1.269e+03, sign=0.194, train=1.271e+03, val=1.268e+03]
GNN flow training:   6%|▌         | 6/100 [00:27<07:02,  4.49s/epoch, best=1.269e+03, sign=0.194, train=1.271e+03, val=1.268e+03]
GNN flow training:   6%|▌         | 6/100 [00:31<07:02,  4.49s/epoch, best=1.268e+03, sign=0.194, train=1.268e+03, val=1.269e+03]
GNN flow training:   7%|▋         | 7/100 [00:31<06:57,  4.49s/epoch, best=1.268e+03, sign=0.194, train=1.268e+03, val=1.269e+03]
GNN flow training:   7%|▋         | 7/100 [00:36<06:57,  4.49s/epoch, best=1.268e+03, sign=0.194, train=1.269e+03, val=1.269e+03]
GNN flow training:   8%|▊         | 8/100 [00:36<06:53,  4.49s/epoch, best=1.268e+03, sign=0.194, train=1.269e+03, val=1.269e+03]
GNN flow training:   8%|▊         | 8/100 [00:40<06:53,  4.49s/epoch, best=1.268e+03, sign=0.194, train=1.269e+03, val=1.268e+03]
GNN flow training:   9%|▉         | 9/100 [00:40<06:48,  4.49s/epoch, best=1.268e+03, sign=0.194, train=1.269e+03, val=1.268e+03]
GNN flow training:   9%|▉         | 9/100 [00:45<06:48,  4.49s/epoch, best=1.268e+03, sign=0.194, train=1.268e+03, val=1.266e+03]
GNN flow training:  10%|█         | 10/100 [00:45<06:43,  4.49s/epoch, best=1.268e+03, sign=0.194, train=1.268e+03, val=1.266e+03]
GNN flow training:  10%|█         | 10/100 [00:49<06:43,  4.49s/epoch, best=1.266e+03, sign=0.194, train=1.266e+03, val=1.264e+03]
GNN flow training:  11%|█         | 11/100 [00:49<06:39,  4.49s/epoch, best=1.266e+03, sign=0.194, train=1.266e+03, val=1.264e+03]
GNN flow training:  11%|█         | 11/100 [00:54<06:39,  4.49s/epoch, best=1.264e+03, sign=0.192, train=1.264e+03, val=1.268e+03]
GNN flow training:  12%|█▏        | 12/100 [00:54<06:35,  4.49s/epoch, best=1.264e+03, sign=0.192, train=1.264e+03, val=1.268e+03]
GNN flow training:  12%|█▏        | 12/100 [00:58<06:35,  4.49s/epoch, best=1.264e+03, sign=0.192, train=1.268e+03, val=1.267e+03]
GNN flow training:  13%|█▎        | 13/100 [00:58<06:31,  4.50s/epoch, best=1.264e+03, sign=0.192, train=1.268e+03, val=1.267e+03]
GNN flow training:  13%|█▎        | 13/100 [01:03<06:31,  4.50s/epoch, best=1.264e+03, sign=0.193, train=1.267e+03, val=1.266e+03]
GNN flow training:  14%|█▍        | 14/100 [01:03<06:26,  4.49s/epoch, best=1.264e+03, sign=0.193, train=1.267e+03, val=1.266e+03]
GNN flow training:  14%|█▍        | 14/100 [01:07<06:26,  4.49s/epoch, best=1.264e+03, sign=0.193, train=1.266e+03, val=1.266e+03]
GNN flow training:  15%|█▌        | 15/100 [01:07<06:21,  4.49s/epoch, best=1.264e+03, sign=0.193, train=1.266e+03, val=1.266e+03]
GNN flow training:  15%|█▌        | 15/100 [01:12<06:21,  4.49s/epoch, best=1.264e+03, sign=0.193, train=1.266e+03, val=1.265e+03]
GNN flow training:  16%|█▌        | 16/100 [01:12<06:18,  4.50s/epoch, best=1.264e+03, sign=0.193, train=1.266e+03, val=1.265e+03]
GNN flow training:  16%|█▌        | 16/100 [01:16<06:18,  4.50s/epoch, best=1.264e+03, sign=0.193, train=1.265e+03, val=1.264e+03]
GNN flow training:  17%|█▋        | 17/100 [01:16<06:12,  4.49s/epoch, best=1.264e+03, sign=0.193, train=1.265e+03, val=1.264e+03]
GNN flow training:  17%|█▋        | 17/100 [01:20<06:12,  4.49s/epoch, best=1.264e+03, sign=0.193, train=1.264e+03, val=1.263e+03]
GNN flow training:  18%|█▊        | 18/100 [01:20<06:08,  4.49s/epoch, best=1.264e+03, sign=0.193, train=1.264e+03, val=1.263e+03]
GNN flow training:  18%|█▊        | 18/100 [01:25<06:08,  4.49s/epoch, best=1.263e+03, sign=0.193, train=1.263e+03, val=1.265e+03]
GNN flow training:  19%|█▉        | 19/100 [01:25<06:04,  4.50s/epoch, best=1.263e+03, sign=0.193, train=1.263e+03, val=1.265e+03]
GNN flow training:  19%|█▉        | 19/100 [01:29<06:04,  4.50s/epoch, best=1.263e+03, sign=0.192, train=1.265e+03, val=1.265e+03]
GNN flow training:  20%|██        | 20/100 [01:29<05:58,  4.49s/epoch, best=1.263e+03, sign=0.192, train=1.265e+03, val=1.265e+03]
GNN flow training:  20%|██        | 20/100 [01:34<05:58,  4.49s/epoch, best=1.263e+03, sign=0.192, train=1.265e+03, val=1.263e+03]
GNN flow training:  21%|██        | 21/100 [01:34<05:53,  4.48s/epoch, best=1.263e+03, sign=0.192, train=1.265e+03, val=1.263e+03]
GNN flow training:  21%|██        | 21/100 [01:38<05:53,  4.48s/epoch, best=1.263e+03, sign=0.192, train=1.263e+03, val=1.261e+03]
GNN flow training:  22%|██▏       | 22/100 [01:38<05:49,  4.49s/epoch, best=1.263e+03, sign=0.192, train=1.263e+03, val=1.261e+03]
GNN flow training:  22%|██▏       | 22/100 [01:43<05:49,  4.49s/epoch, best=1.261e+03, sign=0.191, train=1.261e+03, val=1.258e+03]
GNN flow training:  23%|██▎       | 23/100 [01:43<05:44,  4.48s/epoch, best=1.261e+03, sign=0.191, train=1.261e+03, val=1.258e+03]
GNN flow training:  23%|██▎       | 23/100 [01:47<05:44,  4.48s/epoch, best=1.258e+03, sign=0.191, train=1.258e+03, val=1.255e+03]
GNN flow training:  24%|██▍       | 24/100 [01:47<05:40,  4.48s/epoch, best=1.258e+03, sign=0.191, train=1.258e+03, val=1.255e+03]
GNN flow training:  24%|██▍       | 24/100 [01:52<05:40,  4.48s/epoch, best=1.255e+03, sign=0.190, train=1.255e+03, val=1.253e+03]
GNN flow training:  25%|██▌       | 25/100 [01:52<05:35,  4.47s/epoch, best=1.255e+03, sign=0.190, train=1.255e+03, val=1.253e+03]
GNN flow training:  25%|██▌       | 25/100 [01:56<05:35,  4.47s/epoch, best=1.253e+03, sign=0.190, train=1.253e+03, val=1.248e+03]
GNN flow training:  26%|██▌       | 26/100 [01:56<05:32,  4.49s/epoch, best=1.253e+03, sign=0.190, train=1.253e+03, val=1.248e+03]
GNN flow training:  26%|██▌       | 26/100 [02:01<05:32,  4.49s/epoch, best=1.248e+03, sign=0.191, train=1.248e+03, val=1.245e+03]
GNN flow training:  27%|██▋       | 27/100 [02:01<05:27,  4.48s/epoch, best=1.248e+03, sign=0.191, train=1.248e+03, val=1.245e+03]
GNN flow training:  27%|██▋       | 27/100 [02:05<05:27,  4.48s/epoch, best=1.245e+03, sign=0.190, train=1.245e+03, val=1.243e+03]
GNN flow training:  28%|██▊       | 28/100 [02:05<05:23,  4.49s/epoch, best=1.245e+03, sign=0.190, train=1.245e+03, val=1.243e+03]
GNN flow training:  28%|██▊       | 28/100 [02:10<05:23,  4.49s/epoch, best=1.243e+03, sign=0.189, train=1.243e+03, val=1.239e+03]
GNN flow training:  29%|██▉       | 29/100 [02:10<05:19,  4.50s/epoch, best=1.243e+03, sign=0.189, train=1.243e+03, val=1.239e+03]
GNN flow training:  29%|██▉       | 29/100 [02:14<05:19,  4.50s/epoch, best=1.239e+03, sign=0.188, train=1.239e+03, val=1.232e+03]
GNN flow training:  30%|███       | 30/100 [02:14<05:16,  4.52s/epoch, best=1.239e+03, sign=0.188, train=1.239e+03, val=1.232e+03]
GNN flow training:  30%|███       | 30/100 [02:19<05:16,  4.52s/epoch, best=1.232e+03, sign=0.188, train=1.232e+03, val=1.226e+03]
GNN flow training:  31%|███       | 31/100 [02:19<05:10,  4.50s/epoch, best=1.232e+03, sign=0.188, train=1.232e+03, val=1.226e+03]
GNN flow training:  31%|███       | 31/100 [02:23<05:10,  4.50s/epoch, best=1.226e+03, sign=0.186, train=1.226e+03, val=1.220e+03]
GNN flow training:  32%|███▏      | 32/100 [02:23<05:05,  4.50s/epoch, best=1.226e+03, sign=0.186, train=1.226e+03, val=1.220e+03]
GNN flow training:  32%|███▏      | 32/100 [02:28<05:05,  4.50s/epoch, best=1.220e+03, sign=0.184, train=1.220e+03, val=1.210e+03]
GNN flow training:  33%|███▎      | 33/100 [02:28<05:01,  4.51s/epoch, best=1.220e+03, sign=0.184, train=1.220e+03, val=1.210e+03]
GNN flow training:  33%|███▎      | 33/100 [02:32<05:01,  4.51s/epoch, best=1.210e+03, sign=0.182, train=1.210e+03, val=1.204e+03]
GNN flow training:  34%|███▍      | 34/100 [02:32<04:56,  4.49s/epoch, best=1.210e+03, sign=0.182, train=1.210e+03, val=1.204e+03]
GNN flow training:  34%|███▍      | 34/100 [02:37<04:56,  4.49s/epoch, best=1.204e+03, sign=0.182, train=1.204e+03, val=1.198e+03]
GNN flow training:  35%|███▌      | 35/100 [02:37<04:51,  4.48s/epoch, best=1.204e+03, sign=0.182, train=1.204e+03, val=1.198e+03]
GNN flow training:  35%|███▌      | 35/100 [02:41<04:51,  4.48s/epoch, best=1.198e+03, sign=0.181, train=1.198e+03, val=1.200e+03]
GNN flow training:  36%|███▌      | 36/100 [02:41<04:46,  4.47s/epoch, best=1.198e+03, sign=0.181, train=1.198e+03, val=1.200e+03]
GNN flow training:  36%|███▌      | 36/100 [02:46<04:46,  4.47s/epoch, best=1.198e+03, sign=0.180, train=1.200e+03, val=1.192e+03]
GNN flow training:  37%|███▋      | 37/100 [02:46<04:41,  4.47s/epoch, best=1.198e+03, sign=0.180, train=1.200e+03, val=1.192e+03]
GNN flow training:  37%|███▋      | 37/100 [02:50<04:41,  4.47s/epoch, best=1.192e+03, sign=0.179, train=1.192e+03, val=1.185e+03]
GNN flow training:  38%|███▊      | 38/100 [02:50<04:37,  4.48s/epoch, best=1.192e+03, sign=0.179, train=1.192e+03, val=1.185e+03]
GNN flow training:  38%|███▊      | 38/100 [02:55<04:37,  4.48s/epoch, best=1.185e+03, sign=0.178, train=1.185e+03, val=1.175e+03]
GNN flow training:  39%|███▉      | 39/100 [02:55<04:33,  4.49s/epoch, best=1.185e+03, sign=0.178, train=1.185e+03, val=1.175e+03]
GNN flow training:  39%|███▉      | 39/100 [02:59<04:33,  4.49s/epoch, best=1.175e+03, sign=0.179, train=1.175e+03, val=1.158e+03]
GNN flow training:  40%|████      | 40/100 [02:59<04:30,  4.50s/epoch, best=1.175e+03, sign=0.179, train=1.175e+03, val=1.158e+03]
GNN flow training:  40%|████      | 40/100 [03:04<04:30,  4.50s/epoch, best=1.158e+03, sign=0.178, train=1.158e+03, val=1.149e+03]
GNN flow training:  41%|████      | 41/100 [03:04<04:26,  4.51s/epoch, best=1.158e+03, sign=0.178, train=1.158e+03, val=1.149e+03]
GNN flow training:  41%|████      | 41/100 [03:08<04:26,  4.51s/epoch, best=1.149e+03, sign=0.178, train=1.149e+03, val=1.143e+03]
GNN flow training:  42%|████▏     | 42/100 [03:08<04:20,  4.49s/epoch, best=1.149e+03, sign=0.178, train=1.149e+03, val=1.143e+03]
GNN flow training:  42%|████▏     | 42/100 [03:13<04:20,  4.49s/epoch, best=1.143e+03, sign=0.179, train=1.143e+03, val=1.137e+03]
GNN flow training:  43%|████▎     | 43/100 [03:13<04:15,  4.49s/epoch, best=1.143e+03, sign=0.179, train=1.143e+03, val=1.137e+03]
GNN flow training:  43%|████▎     | 43/100 [03:17<04:15,  4.49s/epoch, best=1.137e+03, sign=0.181, train=1.137e+03, val=1.136e+03]
GNN flow training:  44%|████▍     | 44/100 [03:17<04:10,  4.48s/epoch, best=1.137e+03, sign=0.181, train=1.137e+03, val=1.136e+03]
GNN flow training:  44%|████▍     | 44/100 [03:22<04:10,  4.48s/epoch, best=1.136e+03, sign=0.188, train=1.136e+03, val=1.137e+03]
GNN flow training:  45%|████▌     | 45/100 [03:22<04:06,  4.48s/epoch, best=1.136e+03, sign=0.188, train=1.136e+03, val=1.137e+03]
GNN flow training:  45%|████▌     | 45/100 [03:26<04:06,  4.48s/epoch, best=1.136e+03, sign=0.192, train=1.137e+03, val=1.148e+03]
GNN flow training:  46%|████▌     | 46/100 [03:26<04:01,  4.47s/epoch, best=1.136e+03, sign=0.192, train=1.137e+03, val=1.148e+03]
GNN flow training:  46%|████▌     | 46/100 [03:31<04:01,  4.47s/epoch, best=1.136e+03, sign=0.185, train=1.148e+03, val=1.135e+03]
GNN flow training:  47%|████▋     | 47/100 [03:31<03:57,  4.47s/epoch, best=1.136e+03, sign=0.185, train=1.148e+03, val=1.135e+03]
GNN flow training:  47%|████▋     | 47/100 [03:35<03:57,  4.47s/epoch, best=1.135e+03, sign=0.179, train=1.135e+03, val=1.120e+03]
GNN flow training:  48%|████▊     | 48/100 [03:35<03:52,  4.47s/epoch, best=1.135e+03, sign=0.179, train=1.135e+03, val=1.120e+03]
GNN flow training:  48%|████▊     | 48/100 [03:40<03:52,  4.47s/epoch, best=1.120e+03, sign=0.168, train=1.120e+03, val=1.079e+03]
GNN flow training:  49%|████▉     | 49/100 [03:40<03:47,  4.47s/epoch, best=1.120e+03, sign=0.168, train=1.120e+03, val=1.079e+03]
GNN flow training:  49%|████▉     | 49/100 [03:44<03:47,  4.47s/epoch, best=1.079e+03, sign=0.165, train=1.079e+03, val=1.059e+03]
GNN flow training:  50%|█████     | 50/100 [03:44<03:43,  4.47s/epoch, best=1.079e+03, sign=0.165, train=1.079e+03, val=1.059e+03]
GNN flow training:  50%|█████     | 50/100 [03:48<03:43,  4.47s/epoch, best=1.059e+03, sign=0.165, train=1.059e+03, val=1.062e+03]
GNN flow training:  51%|█████     | 51/100 [03:48<03:39,  4.48s/epoch, best=1.059e+03, sign=0.165, train=1.059e+03, val=1.062e+03]
GNN flow training:  51%|█████     | 51/100 [03:53<03:39,  4.48s/epoch, best=1.059e+03, sign=0.164, train=1.062e+03, val=1.057e+03]
GNN flow training:  52%|█████▏    | 52/100 [03:53<03:34,  4.48s/epoch, best=1.059e+03, sign=0.164, train=1.062e+03, val=1.057e+03]
GNN flow training:  52%|█████▏    | 52/100 [03:57<03:34,  4.48s/epoch, best=1.057e+03, sign=0.164, train=1.057e+03, val=1.062e+03]
GNN flow training:  53%|█████▎    | 53/100 [03:57<03:30,  4.47s/epoch, best=1.057e+03, sign=0.164, train=1.057e+03, val=1.062e+03]
GNN flow training:  53%|█████▎    | 53/100 [04:02<03:30,  4.47s/epoch, best=1.057e+03, sign=0.164, train=1.062e+03, val=1.042e+03]
GNN flow training:  54%|█████▍    | 54/100 [04:02<03:25,  4.46s/epoch, best=1.057e+03, sign=0.164, train=1.062e+03, val=1.042e+03]
GNN flow training:  54%|█████▍    | 54/100 [04:06<03:25,  4.46s/epoch, best=1.042e+03, sign=0.164, train=1.042e+03, val=1.039e+03]
GNN flow training:  55%|█████▌    | 55/100 [04:06<03:20,  4.46s/epoch, best=1.042e+03, sign=0.164, train=1.042e+03, val=1.039e+03]
GNN flow training:  55%|█████▌    | 55/100 [04:11<03:20,  4.46s/epoch, best=1.039e+03, sign=0.161, train=1.039e+03, val=1.027e+03]
GNN flow training:  56%|█████▌    | 56/100 [04:11<03:16,  4.46s/epoch, best=1.039e+03, sign=0.161, train=1.039e+03, val=1.027e+03]
GNN flow training:  56%|█████▌    | 56/100 [04:15<03:16,  4.46s/epoch, best=1.027e+03, sign=0.162, train=1.027e+03, val=1.015e+03]
GNN flow training:  57%|█████▋    | 57/100 [04:15<03:12,  4.47s/epoch, best=1.027e+03, sign=0.162, train=1.027e+03, val=1.015e+03]
GNN flow training:  57%|█████▋    | 57/100 [04:20<03:12,  4.47s/epoch, best=1.015e+03, sign=0.162, train=1.015e+03, val=1.007e+03]
GNN flow training:  58%|█████▊    | 58/100 [04:20<03:07,  4.47s/epoch, best=1.015e+03, sign=0.162, train=1.015e+03, val=1.007e+03]
GNN flow training:  58%|█████▊    | 58/100 [04:24<03:07,  4.47s/epoch, best=1.007e+03, sign=0.168, train=1.007e+03, val=9.905e+02]
GNN flow training:  59%|█████▉    | 59/100 [04:24<03:02,  4.46s/epoch, best=1.007e+03, sign=0.168, train=1.007e+03, val=9.905e+02]
GNN flow training:  59%|█████▉    | 59/100 [04:29<03:02,  4.46s/epoch, best=9.905e+02, sign=0.176, train=9.905e+02, val=9.875e+02]
GNN flow training:  60%|██████    | 60/100 [04:29<02:59,  4.48s/epoch, best=9.905e+02, sign=0.176, train=9.905e+02, val=9.875e+02]
GNN flow training:  60%|██████    | 60/100 [04:33<02:59,  4.48s/epoch, best=9.875e+02, sign=0.173, train=9.875e+02, val=9.666e+02]
GNN flow training:  61%|██████    | 61/100 [04:33<02:54,  4.47s/epoch, best=9.875e+02, sign=0.173, train=9.875e+02, val=9.666e+02]
GNN flow training:  61%|██████    | 61/100 [04:38<02:54,  4.47s/epoch, best=9.666e+02, sign=0.174, train=9.666e+02, val=9.607e+02]
GNN flow training:  62%|██████▏   | 62/100 [04:38<02:50,  4.47s/epoch, best=9.666e+02, sign=0.174, train=9.666e+02, val=9.607e+02]
GNN flow training:  62%|██████▏   | 62/100 [04:42<02:50,  4.47s/epoch, best=9.607e+02, sign=0.168, train=9.607e+02, val=9.420e+02]
GNN flow training:  63%|██████▎   | 63/100 [04:42<02:45,  4.48s/epoch, best=9.607e+02, sign=0.168, train=9.607e+02, val=9.420e+02]
GNN flow training:  63%|██████▎   | 63/100 [04:47<02:45,  4.48s/epoch, best=9.420e+02, sign=0.165, train=9.420e+02, val=9.315e+02]
GNN flow training:  64%|██████▍   | 64/100 [04:47<02:41,  4.47s/epoch, best=9.420e+02, sign=0.165, train=9.420e+02, val=9.315e+02]
GNN flow training:  64%|██████▍   | 64/100 [04:51<02:41,  4.47s/epoch, best=9.315e+02, sign=0.163, train=9.315e+02, val=9.276e+02]
GNN flow training:  65%|██████▌   | 65/100 [04:51<02:36,  4.47s/epoch, best=9.315e+02, sign=0.163, train=9.315e+02, val=9.276e+02]
GNN flow training:  65%|██████▌   | 65/100 [04:56<02:36,  4.47s/epoch, best=9.276e+02, sign=0.163, train=9.276e+02, val=9.231e+02]
GNN flow training:  66%|██████▌   | 66/100 [04:56<02:32,  4.47s/epoch, best=9.276e+02, sign=0.163, train=9.276e+02, val=9.231e+02]
GNN flow training:  66%|██████▌   | 66/100 [05:00<02:32,  4.47s/epoch, best=9.231e+02, sign=0.170, train=9.231e+02, val=9.191e+02]
GNN flow training:  67%|██████▋   | 67/100 [05:00<02:27,  4.46s/epoch, best=9.231e+02, sign=0.170, train=9.231e+02, val=9.191e+02]
GNN flow training:  67%|██████▋   | 67/100 [05:04<02:27,  4.46s/epoch, best=9.191e+02, sign=0.170, train=9.191e+02, val=9.208e+02]
GNN flow training:  68%|██████▊   | 68/100 [05:04<02:22,  4.47s/epoch, best=9.191e+02, sign=0.170, train=9.191e+02, val=9.208e+02]
GNN flow training:  68%|██████▊   | 68/100 [05:09<02:22,  4.47s/epoch, best=9.191e+02, sign=0.172, train=9.208e+02, val=9.286e+02]
GNN flow training:  69%|██████▉   | 69/100 [05:09<02:18,  4.47s/epoch, best=9.191e+02, sign=0.172, train=9.208e+02, val=9.286e+02]
GNN flow training:  69%|██████▉   | 69/100 [05:13<02:18,  4.47s/epoch, best=9.191e+02, sign=0.164, train=9.286e+02, val=9.317e+02]
GNN flow training:  70%|███████   | 70/100 [05:13<02:14,  4.47s/epoch, best=9.191e+02, sign=0.164, train=9.286e+02, val=9.317e+02]
GNN flow training:  70%|███████   | 70/100 [05:18<02:14,  4.47s/epoch, best=9.191e+02, sign=0.164, train=9.317e+02, val=9.231e+02]
GNN flow training:  71%|███████   | 71/100 [05:18<02:09,  4.47s/epoch, best=9.191e+02, sign=0.164, train=9.317e+02, val=9.231e+02]
GNN flow training:  71%|███████   | 71/100 [05:22<02:09,  4.47s/epoch, best=9.191e+02, sign=0.170, train=9.231e+02, val=9.087e+02]
GNN flow training:  72%|███████▏  | 72/100 [05:22<02:05,  4.47s/epoch, best=9.191e+02, sign=0.170, train=9.231e+02, val=9.087e+02]
GNN flow training:  72%|███████▏  | 72/100 [05:27<02:05,  4.47s/epoch, best=9.087e+02, sign=0.172, train=9.087e+02, val=9.028e+02]
GNN flow training:  73%|███████▎  | 73/100 [05:27<02:00,  4.48s/epoch, best=9.087e+02, sign=0.172, train=9.087e+02, val=9.028e+02]
GNN flow training:  73%|███████▎  | 73/100 [05:31<02:00,  4.48s/epoch, best=9.028e+02, sign=0.173, train=9.028e+02, val=9.026e+02]
GNN flow training:  74%|███████▍  | 74/100 [05:31<01:56,  4.47s/epoch, best=9.028e+02, sign=0.173, train=9.028e+02, val=9.026e+02]
GNN flow training:  74%|███████▍  | 74/100 [05:36<01:56,  4.47s/epoch, best=9.026e+02, sign=0.165, train=9.026e+02, val=9.039e+02]
GNN flow training:  75%|███████▌  | 75/100 [05:36<01:51,  4.47s/epoch, best=9.026e+02, sign=0.165, train=9.026e+02, val=9.039e+02]
GNN flow training:  75%|███████▌  | 75/100 [05:40<01:51,  4.47s/epoch, best=9.026e+02, sign=0.156, train=9.039e+02, val=9.053e+02]
GNN flow training:  76%|███████▌  | 76/100 [05:40<01:47,  4.46s/epoch, best=9.026e+02, sign=0.156, train=9.039e+02, val=9.053e+02]
GNN flow training:  76%|███████▌  | 76/100 [05:45<01:47,  4.46s/epoch, best=9.026e+02, sign=0.149, train=9.053e+02, val=9.110e+02]
GNN flow training:  77%|███████▋  | 77/100 [05:45<01:42,  4.45s/epoch, best=9.026e+02, sign=0.149, train=9.053e+02, val=9.110e+02]
GNN flow training:  77%|███████▋  | 77/100 [05:49<01:42,  4.45s/epoch, best=9.026e+02, sign=0.151, train=9.110e+02, val=9.070e+02]
GNN flow training:  78%|███████▊  | 78/100 [05:49<01:37,  4.45s/epoch, best=9.026e+02, sign=0.151, train=9.110e+02, val=9.070e+02]
GNN flow training:  78%|███████▊  | 78/100 [05:53<01:37,  4.45s/epoch, best=9.026e+02, sign=0.150, train=9.070e+02, val=9.019e+02]
GNN flow training:  79%|███████▉  | 79/100 [05:53<01:33,  4.44s/epoch, best=9.026e+02, sign=0.150, train=9.070e+02, val=9.019e+02]
GNN flow training:  79%|███████▉  | 79/100 [05:58<01:33,  4.44s/epoch, best=9.019e+02, sign=0.150, train=9.019e+02, val=8.902e+02]
GNN flow training:  80%|████████  | 80/100 [05:58<01:28,  4.43s/epoch, best=9.019e+02, sign=0.150, train=9.019e+02, val=8.902e+02]
GNN flow training:  80%|████████  | 80/100 [06:02<01:28,  4.43s/epoch, best=8.902e+02, sign=0.154, train=8.902e+02, val=8.841e+02]
GNN flow training:  81%|████████  | 81/100 [06:02<01:23,  4.42s/epoch, best=8.902e+02, sign=0.154, train=8.902e+02, val=8.841e+02]
GNN flow training:  81%|████████  | 81/100 [06:07<01:23,  4.42s/epoch, best=8.841e+02, sign=0.159, train=8.841e+02, val=8.762e+02]
GNN flow training:  82%|████████▏ | 82/100 [06:07<01:19,  4.42s/epoch, best=8.841e+02, sign=0.159, train=8.841e+02, val=8.762e+02]
GNN flow training:  82%|████████▏ | 82/100 [06:11<01:19,  4.42s/epoch, best=8.762e+02, sign=0.166, train=8.762e+02, val=8.758e+02]
GNN flow training:  83%|████████▎ | 83/100 [06:11<01:15,  4.42s/epoch, best=8.762e+02, sign=0.166, train=8.762e+02, val=8.758e+02]
GNN flow training:  83%|████████▎ | 83/100 [06:16<01:15,  4.42s/epoch, best=8.758e+02, sign=0.171, train=8.758e+02, val=8.703e+02]
GNN flow training:  84%|████████▍ | 84/100 [06:16<01:10,  4.42s/epoch, best=8.758e+02, sign=0.171, train=8.758e+02, val=8.703e+02]
GNN flow training:  84%|████████▍ | 84/100 [06:20<01:10,  4.42s/epoch, best=8.703e+02, sign=0.175, train=8.703e+02, val=8.784e+02]
GNN flow training:  85%|████████▌ | 85/100 [06:20<01:06,  4.44s/epoch, best=8.703e+02, sign=0.175, train=8.703e+02, val=8.784e+02]
GNN flow training:  85%|████████▌ | 85/100 [06:24<01:06,  4.44s/epoch, best=8.703e+02, sign=0.174, train=8.784e+02, val=8.766e+02]
GNN flow training:  86%|████████▌ | 86/100 [06:24<01:02,  4.43s/epoch, best=8.703e+02, sign=0.174, train=8.784e+02, val=8.766e+02]
GNN flow training:  86%|████████▌ | 86/100 [06:29<01:02,  4.43s/epoch, best=8.703e+02, sign=0.172, train=8.766e+02, val=8.693e+02]
GNN flow training:  87%|████████▋ | 87/100 [06:29<00:57,  4.43s/epoch, best=8.703e+02, sign=0.172, train=8.766e+02, val=8.693e+02]
GNN flow training:  87%|████████▋ | 87/100 [06:33<00:57,  4.43s/epoch, best=8.693e+02, sign=0.169, train=8.693e+02, val=8.646e+02]
GNN flow training:  88%|████████▊ | 88/100 [06:33<00:53,  4.44s/epoch, best=8.693e+02, sign=0.169, train=8.693e+02, val=8.646e+02]
GNN flow training:  88%|████████▊ | 88/100 [06:38<00:53,  4.44s/epoch, best=8.646e+02, sign=0.167, train=8.646e+02, val=8.592e+02]
GNN flow training:  89%|████████▉ | 89/100 [06:38<00:48,  4.44s/epoch, best=8.646e+02, sign=0.167, train=8.646e+02, val=8.592e+02]
GNN flow training:  89%|████████▉ | 89/100 [06:42<00:48,  4.44s/epoch, best=8.592e+02, sign=0.162, train=8.592e+02, val=8.611e+02]
GNN flow training:  90%|█████████ | 90/100 [06:42<00:44,  4.47s/epoch, best=8.592e+02, sign=0.162, train=8.592e+02, val=8.611e+02]
GNN flow training:  90%|█████████ | 90/100 [06:47<00:44,  4.47s/epoch, best=8.592e+02, sign=0.163, train=8.611e+02, val=8.651e+02]
GNN flow training:  91%|█████████ | 91/100 [06:47<00:40,  4.46s/epoch, best=8.592e+02, sign=0.163, train=8.611e+02, val=8.651e+02]
GNN flow training:  91%|█████████ | 91/100 [06:51<00:40,  4.46s/epoch, best=8.592e+02, sign=0.166, train=8.651e+02, val=8.621e+02]
GNN flow training:  92%|█████████▏| 92/100 [06:51<00:35,  4.46s/epoch, best=8.592e+02, sign=0.166, train=8.651e+02, val=8.621e+02]
GNN flow training:  92%|█████████▏| 92/100 [06:56<00:35,  4.46s/epoch, best=8.592e+02, sign=0.169, train=8.621e+02, val=8.592e+02]
GNN flow training:  93%|█████████▎| 93/100 [06:56<00:31,  4.45s/epoch, best=8.592e+02, sign=0.169, train=8.621e+02, val=8.592e+02]
GNN flow training:  93%|█████████▎| 93/100 [07:00<00:31,  4.45s/epoch, best=8.592e+02, sign=0.171, train=8.592e+02, val=8.555e+02]
GNN flow training:  94%|█████████▍| 94/100 [07:00<00:26,  4.46s/epoch, best=8.592e+02, sign=0.171, train=8.592e+02, val=8.555e+02]
GNN flow training:  94%|█████████▍| 94/100 [07:05<00:26,  4.46s/epoch, best=8.555e+02, sign=0.172, train=8.555e+02, val=8.546e+02]
GNN flow training:  95%|█████████▌| 95/100 [07:05<00:22,  4.46s/epoch, best=8.555e+02, sign=0.172, train=8.555e+02, val=8.546e+02]
GNN flow training:  95%|█████████▌| 95/100 [07:09<00:22,  4.46s/epoch, best=8.546e+02, sign=0.171, train=8.546e+02, val=8.585e+02]
GNN flow training:  96%|█████████▌| 96/100 [07:09<00:17,  4.45s/epoch, best=8.546e+02, sign=0.171, train=8.546e+02, val=8.585e+02]
GNN flow training:  96%|█████████▌| 96/100 [07:13<00:17,  4.45s/epoch, best=8.546e+02, sign=0.170, train=8.585e+02, val=8.604e+02]
GNN flow training:  97%|█████████▋| 97/100 [07:13<00:13,  4.45s/epoch, best=8.546e+02, sign=0.170, train=8.585e+02, val=8.604e+02]
GNN flow training:  97%|█████████▋| 97/100 [07:18<00:13,  4.45s/epoch, best=8.546e+02, sign=0.170, train=8.604e+02, val=8.562e+02]
GNN flow training:  98%|█████████▊| 98/100 [07:18<00:08,  4.46s/epoch, best=8.546e+02, sign=0.170, train=8.604e+02, val=8.562e+02]
GNN flow training:  98%|█████████▊| 98/100 [07:22<00:08,  4.46s/epoch, best=8.546e+02, sign=0.173, train=8.562e+02, val=8.533e+02]
GNN flow training:  99%|█████████▉| 99/100 [07:22<00:04,  4.45s/epoch, best=8.546e+02, sign=0.173, train=8.562e+02, val=8.533e+02]
GNN flow training:  99%|█████████▉| 99/100 [07:27<00:04,  4.45s/epoch, best=8.533e+02, sign=0.168, train=8.534e+02, val=8.595e+02]
GNN flow training: 100%|██████████| 100/100 [07:27<00:00,  4.45s/epoch, best=8.533e+02, sign=0.168, train=8.534e+02, val=8.595e+02]
GNN flow training: 100%|██████████| 100/100 [07:27<00:00,  4.47s/epoch, best=8.533e+02, sign=0.168, train=8.534e+02, val=8.595e+02]

GNN flow training:   0%|          | 0/100 [00:00<?, ?epoch/s]
GNN flow training:   0%|          | 0/100 [00:04<?, ?epoch/s, best=1.272e+03, sign=0.194, train=1.270e+03, val=1.272e+03]
GNN flow training:   1%|          | 1/100 [00:04<07:43,  4.68s/epoch, best=1.272e+03, sign=0.194, train=1.270e+03, val=1.272e+03]
GNN flow training:   1%|          | 1/100 [00:09<07:43,  4.68s/epoch, best=1.272e+03, sign=0.194, train=1.272e+03, val=1.273e+03]
GNN flow training:   2%|▏         | 2/100 [00:09<07:26,  4.56s/epoch, best=1.272e+03, sign=0.194, train=1.272e+03, val=1.273e+03]
GNN flow training:   2%|▏         | 2/100 [00:13<07:26,  4.56s/epoch, best=1.272e+03, sign=0.193, train=1.273e+03, val=1.273e+03]
GNN flow training:   3%|▎         | 3/100 [00:13<07:19,  4.54s/epoch, best=1.272e+03, sign=0.193, train=1.273e+03, val=1.273e+03]
GNN flow training:   3%|▎         | 3/100 [00:18<07:19,  4.54s/epoch, best=1.272e+03, sign=0.193, train=1.273e+03, val=1.276e+03]
GNN flow training:   4%|▍         | 4/100 [00:18<07:14,  4.53s/epoch, best=1.272e+03, sign=0.193, train=1.273e+03, val=1.276e+03]
GNN flow training:   4%|▍         | 4/100 [00:22<07:14,  4.53s/epoch, best=1.272e+03, sign=0.193, train=1.276e+03, val=1.273e+03]
GNN flow training:   5%|▌         | 5/100 [00:22<07:08,  4.51s/epoch, best=1.272e+03, sign=0.193, train=1.276e+03, val=1.273e+03]
GNN flow training:   5%|▌         | 5/100 [00:27<07:08,  4.51s/epoch, best=1.272e+03, sign=0.193, train=1.273e+03, val=1.271e+03]
GNN flow training:   6%|▌         | 6/100 [00:27<07:04,  4.51s/epoch, best=1.272e+03, sign=0.193, train=1.273e+03, val=1.271e+03]
GNN flow training:   6%|▌         | 6/100 [00:31<07:04,  4.51s/epoch, best=1.271e+03, sign=0.193, train=1.271e+03, val=1.268e+03]
GNN flow training:   7%|▋         | 7/100 [00:31<06:59,  4.51s/epoch, best=1.271e+03, sign=0.193, train=1.271e+03, val=1.268e+03]
GNN flow training:   7%|▋         | 7/100 [00:36<06:59,  4.51s/epoch, best=1.268e+03, sign=0.193, train=1.268e+03, val=1.267e+03]
GNN flow training:   8%|▊         | 8/100 [00:36<06:54,  4.50s/epoch, best=1.268e+03, sign=0.193, train=1.268e+03, val=1.267e+03]
GNN flow training:   8%|▊         | 8/100 [00:40<06:54,  4.50s/epoch, best=1.267e+03, sign=0.193, train=1.267e+03, val=1.267e+03]
GNN flow training:   9%|▉         | 9/100 [00:40<06:50,  4.51s/epoch, best=1.267e+03, sign=0.193, train=1.267e+03, val=1.267e+03]
GNN flow training:   9%|▉         | 9/100 [00:45<06:50,  4.51s/epoch, best=1.267e+03, sign=0.193, train=1.267e+03, val=1.268e+03]
GNN flow training:  10%|█         | 10/100 [00:45<06:45,  4.50s/epoch, best=1.267e+03, sign=0.193, train=1.267e+03, val=1.268e+03]
GNN flow training:  10%|█         | 10/100 [00:49<06:45,  4.50s/epoch, best=1.267e+03, sign=0.193, train=1.268e+03, val=1.266e+03]
GNN flow training:  11%|█         | 11/100 [00:49<06:40,  4.50s/epoch, best=1.267e+03, sign=0.193, train=1.268e+03, val=1.266e+03]
GNN flow training:  11%|█         | 11/100 [00:54<06:40,  4.50s/epoch, best=1.266e+03, sign=0.192, train=1.266e+03, val=1.266e+03]
GNN flow training:  12%|█▏        | 12/100 [00:54<06:37,  4.52s/epoch, best=1.266e+03, sign=0.192, train=1.266e+03, val=1.266e+03]
GNN flow training:  12%|█▏        | 12/100 [00:58<06:37,  4.52s/epoch, best=1.266e+03, sign=0.192, train=1.266e+03, val=1.265e+03]
GNN flow training:  13%|█▎        | 13/100 [00:58<06:31,  4.50s/epoch, best=1.266e+03, sign=0.192, train=1.266e+03, val=1.265e+03]
GNN flow training:  13%|█▎        | 13/100 [01:03<06:31,  4.50s/epoch, best=1.265e+03, sign=0.193, train=1.265e+03, val=1.263e+03]
GNN flow training:  14%|█▍        | 14/100 [01:03<06:27,  4.51s/epoch, best=1.265e+03, sign=0.193, train=1.265e+03, val=1.263e+03]
GNN flow training:  14%|█▍        | 14/100 [01:07<06:27,  4.51s/epoch, best=1.263e+03, sign=0.193, train=1.263e+03, val=1.263e+03]
GNN flow training:  15%|█▌        | 15/100 [01:07<06:22,  4.51s/epoch, best=1.263e+03, sign=0.193, train=1.263e+03, val=1.263e+03]
GNN flow training:  15%|█▌        | 15/100 [01:12<06:22,  4.51s/epoch, best=1.263e+03, sign=0.193, train=1.263e+03, val=1.262e+03]
GNN flow training:  16%|█▌        | 16/100 [01:12<06:19,  4.52s/epoch, best=1.263e+03, sign=0.193, train=1.263e+03, val=1.262e+03]
GNN flow training:  16%|█▌        | 16/100 [01:16<06:19,  4.52s/epoch, best=1.262e+03, sign=0.193, train=1.262e+03, val=1.261e+03]
GNN flow training:  17%|█▋        | 17/100 [01:16<06:13,  4.50s/epoch, best=1.262e+03, sign=0.193, train=1.262e+03, val=1.261e+03]
GNN flow training:  17%|█▋        | 17/100 [01:21<06:13,  4.50s/epoch, best=1.261e+03, sign=0.193, train=1.261e+03, val=1.258e+03]
GNN flow training:  18%|█▊        | 18/100 [01:21<06:08,  4.49s/epoch, best=1.261e+03, sign=0.193, train=1.261e+03, val=1.258e+03]
GNN flow training:  18%|█▊        | 18/100 [01:25<06:08,  4.49s/epoch, best=1.258e+03, sign=0.193, train=1.258e+03, val=1.259e+03]
GNN flow training:  19%|█▉        | 19/100 [01:25<06:04,  4.49s/epoch, best=1.258e+03, sign=0.193, train=1.258e+03, val=1.259e+03]
GNN flow training:  19%|█▉        | 19/100 [01:30<06:04,  4.49s/epoch, best=1.258e+03, sign=0.193, train=1.259e+03, val=1.258e+03]
GNN flow training:  20%|██        | 20/100 [01:30<06:01,  4.51s/epoch, best=1.258e+03, sign=0.193, train=1.259e+03, val=1.258e+03]
GNN flow training:  20%|██        | 20/100 [01:34<06:01,  4.51s/epoch, best=1.258e+03, sign=0.193, train=1.258e+03, val=1.257e+03]
GNN flow training:  21%|██        | 21/100 [01:34<05:56,  4.51s/epoch, best=1.258e+03, sign=0.193, train=1.258e+03, val=1.257e+03]
GNN flow training:  21%|██        | 21/100 [01:39<05:56,  4.51s/epoch, best=1.257e+03, sign=0.193, train=1.257e+03, val=1.255e+03]
GNN flow training:  22%|██▏       | 22/100 [01:39<05:50,  4.50s/epoch, best=1.257e+03, sign=0.193, train=1.257e+03, val=1.255e+03]
GNN flow training:  22%|██▏       | 22/100 [01:43<05:50,  4.50s/epoch, best=1.255e+03, sign=0.193, train=1.255e+03, val=1.254e+03]
GNN flow training:  23%|██▎       | 23/100 [01:43<05:47,  4.51s/epoch, best=1.255e+03, sign=0.193, train=1.255e+03, val=1.254e+03]
GNN flow training:  23%|██▎       | 23/100 [01:48<05:47,  4.51s/epoch, best=1.254e+03, sign=0.193, train=1.254e+03, val=1.251e+03]
GNN flow training:  24%|██▍       | 24/100 [01:48<05:42,  4.50s/epoch, best=1.254e+03, sign=0.193, train=1.254e+03, val=1.251e+03]
GNN flow training:  24%|██▍       | 24/100 [01:52<05:42,  4.50s/epoch, best=1.251e+03, sign=0.192, train=1.251e+03, val=1.249e+03]
GNN flow training:  25%|██▌       | 25/100 [01:52<05:38,  4.52s/epoch, best=1.251e+03, sign=0.192, train=1.251e+03, val=1.249e+03]
GNN flow training:  25%|██▌       | 25/100 [01:57<05:38,  4.52s/epoch, best=1.249e+03, sign=0.192, train=1.249e+03, val=1.245e+03]
GNN flow training:  26%|██▌       | 26/100 [01:57<05:32,  4.50s/epoch, best=1.249e+03, sign=0.192, train=1.249e+03, val=1.245e+03]
GNN flow training:  26%|██▌       | 26/100 [02:01<05:32,  4.50s/epoch, best=1.245e+03, sign=0.192, train=1.245e+03, val=1.243e+03]
GNN flow training:  27%|██▋       | 27/100 [02:01<05:27,  4.48s/epoch, best=1.245e+03, sign=0.192, train=1.245e+03, val=1.243e+03]
GNN flow training:  27%|██▋       | 27/100 [02:06<05:27,  4.48s/epoch, best=1.243e+03, sign=0.191, train=1.243e+03, val=1.242e+03]
GNN flow training:  28%|██▊       | 28/100 [02:06<05:24,  4.50s/epoch, best=1.243e+03, sign=0.191, train=1.243e+03, val=1.242e+03]
GNN flow training:  28%|██▊       | 28/100 [02:10<05:24,  4.50s/epoch, best=1.242e+03, sign=0.190, train=1.242e+03, val=1.238e+03]
GNN flow training:  29%|██▉       | 29/100 [02:10<05:20,  4.51s/epoch, best=1.242e+03, sign=0.190, train=1.242e+03, val=1.238e+03]
GNN flow training:  29%|██▉       | 29/100 [02:15<05:20,  4.51s/epoch, best=1.238e+03, sign=0.188, train=1.238e+03, val=1.230e+03]
GNN flow training:  30%|███       | 30/100 [02:15<05:14,  4.50s/epoch, best=1.238e+03, sign=0.188, train=1.238e+03, val=1.230e+03]
GNN flow training:  30%|███       | 30/100 [02:19<05:14,  4.50s/epoch, best=1.230e+03, sign=0.187, train=1.230e+03, val=1.225e+03]
GNN flow training:  31%|███       | 31/100 [02:19<05:10,  4.50s/epoch, best=1.230e+03, sign=0.187, train=1.230e+03, val=1.225e+03]
GNN flow training:  31%|███       | 31/100 [02:24<05:10,  4.50s/epoch, best=1.225e+03, sign=0.188, train=1.225e+03, val=1.215e+03]
GNN flow training:  32%|███▏      | 32/100 [02:24<05:06,  4.50s/epoch, best=1.225e+03, sign=0.188, train=1.225e+03, val=1.215e+03]
GNN flow training:  32%|███▏      | 32/100 [02:28<05:06,  4.50s/epoch, best=1.215e+03, sign=0.186, train=1.215e+03, val=1.206e+03]
GNN flow training:  33%|███▎      | 33/100 [02:28<05:00,  4.49s/epoch, best=1.215e+03, sign=0.186, train=1.215e+03, val=1.206e+03]
GNN flow training:  33%|███▎      | 33/100 [02:33<05:00,  4.49s/epoch, best=1.206e+03, sign=0.185, train=1.206e+03, val=1.194e+03]
GNN flow training:  34%|███▍      | 34/100 [02:33<04:58,  4.52s/epoch, best=1.206e+03, sign=0.185, train=1.206e+03, val=1.194e+03]
GNN flow training:  34%|███▍      | 34/100 [02:37<04:58,  4.52s/epoch, best=1.194e+03, sign=0.185, train=1.194e+03, val=1.191e+03]
GNN flow training:  35%|███▌      | 35/100 [02:37<04:53,  4.51s/epoch, best=1.194e+03, sign=0.185, train=1.194e+03, val=1.191e+03]
GNN flow training:  35%|███▌      | 35/100 [02:42<04:53,  4.51s/epoch, best=1.191e+03, sign=0.184, train=1.191e+03, val=1.187e+03]
GNN flow training:  36%|███▌      | 36/100 [02:42<04:48,  4.51s/epoch, best=1.191e+03, sign=0.184, train=1.191e+03, val=1.187e+03]
GNN flow training:  36%|███▌      | 36/100 [02:46<04:48,  4.51s/epoch, best=1.187e+03, sign=0.184, train=1.187e+03, val=1.180e+03]
GNN flow training:  37%|███▋      | 37/100 [02:46<04:44,  4.52s/epoch, best=1.187e+03, sign=0.184, train=1.187e+03, val=1.180e+03]
GNN flow training:  37%|███▋      | 37/100 [02:51<04:44,  4.52s/epoch, best=1.180e+03, sign=0.183, train=1.180e+03, val=1.178e+03]
GNN flow training:  38%|███▊      | 38/100 [02:51<04:41,  4.54s/epoch, best=1.180e+03, sign=0.183, train=1.180e+03, val=1.178e+03]
GNN flow training:  38%|███▊      | 38/100 [02:55<04:41,  4.54s/epoch, best=1.178e+03, sign=0.181, train=1.178e+03, val=1.164e+03]
GNN flow training:  39%|███▉      | 39/100 [02:55<04:35,  4.52s/epoch, best=1.178e+03, sign=0.181, train=1.178e+03, val=1.164e+03]
GNN flow training:  39%|███▉      | 39/100 [03:00<04:35,  4.52s/epoch, best=1.164e+03, sign=0.177, train=1.164e+03, val=1.150e+03]
GNN flow training:  40%|████      | 40/100 [03:00<04:31,  4.53s/epoch, best=1.164e+03, sign=0.177, train=1.164e+03, val=1.150e+03]
GNN flow training:  40%|████      | 40/100 [03:04<04:31,  4.53s/epoch, best=1.150e+03, sign=0.175, train=1.150e+03, val=1.140e+03]
GNN flow training:  41%|████      | 41/100 [03:04<04:26,  4.52s/epoch, best=1.150e+03, sign=0.175, train=1.150e+03, val=1.140e+03]
GNN flow training:  41%|████      | 41/100 [03:09<04:26,  4.52s/epoch, best=1.140e+03, sign=0.177, train=1.140e+03, val=1.138e+03]
GNN flow training:  42%|████▏     | 42/100 [03:09<04:21,  4.51s/epoch, best=1.140e+03, sign=0.177, train=1.140e+03, val=1.138e+03]
GNN flow training:  42%|████▏     | 42/100 [03:13<04:21,  4.51s/epoch, best=1.138e+03, sign=0.177, train=1.138e+03, val=1.135e+03]
GNN flow training:  43%|████▎     | 43/100 [03:13<04:17,  4.52s/epoch, best=1.138e+03, sign=0.177, train=1.138e+03, val=1.135e+03]
GNN flow training:  43%|████▎     | 43/100 [03:18<04:17,  4.52s/epoch, best=1.135e+03, sign=0.177, train=1.135e+03, val=1.129e+03]
GNN flow training:  44%|████▍     | 44/100 [03:18<04:11,  4.50s/epoch, best=1.135e+03, sign=0.177, train=1.135e+03, val=1.129e+03]
GNN flow training:  44%|████▍     | 44/100 [03:22<04:11,  4.50s/epoch, best=1.129e+03, sign=0.175, train=1.129e+03, val=1.121e+03]
GNN flow training:  45%|████▌     | 45/100 [03:22<04:07,  4.50s/epoch, best=1.129e+03, sign=0.175, train=1.129e+03, val=1.121e+03]
GNN flow training:  45%|████▌     | 45/100 [03:27<04:07,  4.50s/epoch, best=1.121e+03, sign=0.172, train=1.121e+03, val=1.107e+03]
GNN flow training:  46%|████▌     | 46/100 [03:27<04:02,  4.49s/epoch, best=1.121e+03, sign=0.172, train=1.121e+03, val=1.107e+03]
GNN flow training:  46%|████▌     | 46/100 [03:31<04:02,  4.49s/epoch, best=1.107e+03, sign=0.167, train=1.107e+03, val=1.093e+03]
GNN flow training:  47%|████▋     | 47/100 [03:31<03:58,  4.50s/epoch, best=1.107e+03, sign=0.167, train=1.107e+03, val=1.093e+03]
GNN flow training:  47%|████▋     | 47/100 [03:36<03:58,  4.50s/epoch, best=1.093e+03, sign=0.164, train=1.093e+03, val=1.085e+03]
GNN flow training:  48%|████▊     | 48/100 [03:36<03:53,  4.49s/epoch, best=1.093e+03, sign=0.164, train=1.093e+03, val=1.085e+03]
GNN flow training:  48%|████▊     | 48/100 [03:40<03:53,  4.49s/epoch, best=1.085e+03, sign=0.165, train=1.085e+03, val=1.081e+03]
GNN flow training:  49%|████▉     | 49/100 [03:40<03:49,  4.50s/epoch, best=1.085e+03, sign=0.165, train=1.085e+03, val=1.081e+03]
GNN flow training:  49%|████▉     | 49/100 [03:45<03:49,  4.50s/epoch, best=1.081e+03, sign=0.163, train=1.081e+03, val=1.077e+03]
GNN flow training:  50%|█████     | 50/100 [03:45<03:43,  4.48s/epoch, best=1.081e+03, sign=0.163, train=1.081e+03, val=1.077e+03]
GNN flow training:  50%|█████     | 50/100 [03:49<03:43,  4.48s/epoch, best=1.077e+03, sign=0.166, train=1.077e+03, val=1.073e+03]
GNN flow training:  51%|█████     | 51/100 [03:49<03:39,  4.49s/epoch, best=1.077e+03, sign=0.166, train=1.077e+03, val=1.073e+03]
GNN flow training:  51%|█████     | 51/100 [03:54<03:39,  4.49s/epoch, best=1.073e+03, sign=0.173, train=1.073e+03, val=1.080e+03]
GNN flow training:  52%|█████▏    | 52/100 [03:54<03:35,  4.49s/epoch, best=1.073e+03, sign=0.173, train=1.073e+03, val=1.080e+03]
GNN flow training:  52%|█████▏    | 52/100 [03:58<03:35,  4.49s/epoch, best=1.073e+03, sign=0.175, train=1.080e+03, val=1.089e+03]
GNN flow training:  53%|█████▎    | 53/100 [03:58<03:31,  4.49s/epoch, best=1.073e+03, sign=0.175, train=1.080e+03, val=1.089e+03]
GNN flow training:  53%|█████▎    | 53/100 [04:03<03:31,  4.49s/epoch, best=1.073e+03, sign=0.178, train=1.089e+03, val=1.092e+03]
GNN flow training:  54%|█████▍    | 54/100 [04:03<03:27,  4.50s/epoch, best=1.073e+03, sign=0.178, train=1.089e+03, val=1.092e+03]
GNN flow training:  54%|█████▍    | 54/100 [04:07<03:27,  4.50s/epoch, best=1.073e+03, sign=0.183, train=1.092e+03, val=1.095e+03]
GNN flow training:  55%|█████▌    | 55/100 [04:07<03:22,  4.50s/epoch, best=1.073e+03, sign=0.183, train=1.092e+03, val=1.095e+03]
GNN flow training:  55%|█████▌    | 55/100 [04:12<03:22,  4.50s/epoch, best=1.073e+03, sign=0.183, train=1.095e+03, val=1.088e+03]
GNN flow training:  56%|█████▌    | 56/100 [04:12<03:18,  4.52s/epoch, best=1.073e+03, sign=0.183, train=1.095e+03, val=1.088e+03]
GNN flow training:  56%|█████▌    | 56/100 [04:16<03:18,  4.52s/epoch, best=1.073e+03, sign=0.182, train=1.088e+03, val=1.075e+03]
GNN flow training:  57%|█████▋    | 57/100 [04:16<03:14,  4.52s/epoch, best=1.073e+03, sign=0.182, train=1.088e+03, val=1.075e+03]
GNN flow training:  57%|█████▋    | 57/100 [04:21<03:14,  4.52s/epoch, best=1.073e+03, sign=0.182, train=1.075e+03, val=1.056e+03]
GNN flow training:  58%|█████▊    | 58/100 [04:21<03:09,  4.52s/epoch, best=1.073e+03, sign=0.182, train=1.075e+03, val=1.056e+03]
GNN flow training:  58%|█████▊    | 58/100 [04:25<03:09,  4.52s/epoch, best=1.056e+03, sign=0.185, train=1.056e+03, val=1.065e+03]
GNN flow training:  59%|█████▉    | 59/100 [04:25<03:04,  4.51s/epoch, best=1.056e+03, sign=0.185, train=1.056e+03, val=1.065e+03]
GNN flow training:  59%|█████▉    | 59/100 [04:30<03:04,  4.51s/epoch, best=1.056e+03, sign=0.201, train=1.065e+03, val=1.101e+03]
GNN flow training:  60%|██████    | 60/100 [04:30<03:00,  4.50s/epoch, best=1.056e+03, sign=0.201, train=1.065e+03, val=1.101e+03]
GNN flow training:  60%|██████    | 60/100 [04:34<03:00,  4.50s/epoch, best=1.056e+03, sign=0.201, train=1.101e+03, val=1.112e+03]
GNN flow training:  61%|██████    | 61/100 [04:34<02:55,  4.49s/epoch, best=1.056e+03, sign=0.201, train=1.101e+03, val=1.112e+03]
GNN flow training:  61%|██████    | 61/100 [04:39<02:55,  4.49s/epoch, best=1.056e+03, sign=0.193, train=1.112e+03, val=1.082e+03]
GNN flow training:  62%|██████▏   | 62/100 [04:39<02:50,  4.50s/epoch, best=1.056e+03, sign=0.193, train=1.112e+03, val=1.082e+03]
GNN flow training:  62%|██████▏   | 62/100 [04:43<02:50,  4.50s/epoch, best=1.056e+03, sign=0.184, train=1.082e+03, val=1.057e+03]
GNN flow training:  63%|██████▎   | 63/100 [04:43<02:46,  4.50s/epoch, best=1.056e+03, sign=0.184, train=1.082e+03, val=1.057e+03]
GNN flow training:  63%|██████▎   | 63/100 [04:48<02:46,  4.50s/epoch, best=1.056e+03, sign=0.177, train=1.057e+03, val=1.043e+03]
GNN flow training:  64%|██████▍   | 64/100 [04:48<02:42,  4.51s/epoch, best=1.056e+03, sign=0.177, train=1.057e+03, val=1.043e+03]
GNN flow training:  64%|██████▍   | 64/100 [04:52<02:42,  4.51s/epoch, best=1.043e+03, sign=0.173, train=1.043e+03, val=1.038e+03]
GNN flow training:  65%|██████▌   | 65/100 [04:52<02:37,  4.49s/epoch, best=1.043e+03, sign=0.173, train=1.043e+03, val=1.038e+03]
GNN flow training:  65%|██████▌   | 65/100 [04:57<02:37,  4.49s/epoch, best=1.038e+03, sign=0.171, train=1.038e+03, val=1.030e+03]
GNN flow training:  66%|██████▌   | 66/100 [04:57<02:32,  4.48s/epoch, best=1.038e+03, sign=0.171, train=1.038e+03, val=1.030e+03]
GNN flow training:  66%|██████▌   | 66/100 [05:01<02:32,  4.48s/epoch, best=1.030e+03, sign=0.171, train=1.030e+03, val=1.032e+03]
GNN flow training:  67%|██████▋   | 67/100 [05:01<02:27,  4.48s/epoch, best=1.030e+03, sign=0.171, train=1.030e+03, val=1.032e+03]
GNN flow training:  67%|██████▋   | 67/100 [05:06<02:27,  4.48s/epoch, best=1.030e+03, sign=0.171, train=1.032e+03, val=1.025e+03]
GNN flow training:  68%|██████▊   | 68/100 [05:06<02:23,  4.49s/epoch, best=1.030e+03, sign=0.171, train=1.032e+03, val=1.025e+03]
GNN flow training:  68%|██████▊   | 68/100 [05:10<02:23,  4.49s/epoch, best=1.025e+03, sign=0.172, train=1.025e+03, val=1.012e+03]
GNN flow training:  69%|██████▉   | 69/100 [05:10<02:19,  4.49s/epoch, best=1.025e+03, sign=0.172, train=1.025e+03, val=1.012e+03]
GNN flow training:  69%|██████▉   | 69/100 [05:15<02:19,  4.49s/epoch, best=1.012e+03, sign=0.170, train=1.012e+03, val=1.005e+03]
GNN flow training:  70%|███████   | 70/100 [05:15<02:14,  4.48s/epoch, best=1.012e+03, sign=0.170, train=1.012e+03, val=1.005e+03]
GNN flow training:  70%|███████   | 70/100 [05:19<02:14,  4.48s/epoch, best=1.005e+03, sign=0.169, train=1.005e+03, val=1.001e+03]
GNN flow training:  71%|███████   | 71/100 [05:19<02:09,  4.47s/epoch, best=1.005e+03, sign=0.169, train=1.005e+03, val=1.001e+03]
GNN flow training:  71%|███████   | 71/100 [05:24<02:09,  4.47s/epoch, best=1.001e+03, sign=0.168, train=1.001e+03, val=9.894e+02]
GNN flow training:  72%|███████▏  | 72/100 [05:24<02:05,  4.48s/epoch, best=1.001e+03, sign=0.168, train=1.001e+03, val=9.894e+02]
GNN flow training:  72%|███████▏  | 72/100 [05:28<02:05,  4.48s/epoch, best=9.894e+02, sign=0.169, train=9.894e+02, val=9.817e+02]
GNN flow training:  73%|███████▎  | 73/100 [05:28<02:00,  4.48s/epoch, best=9.894e+02, sign=0.169, train=9.894e+02, val=9.817e+02]
GNN flow training:  73%|███████▎  | 73/100 [05:33<02:00,  4.48s/epoch, best=9.817e+02, sign=0.170, train=9.817e+02, val=9.843e+02]
GNN flow training:  74%|███████▍  | 74/100 [05:33<01:56,  4.47s/epoch, best=9.817e+02, sign=0.170, train=9.817e+02, val=9.843e+02]
GNN flow training:  74%|███████▍  | 74/100 [05:37<01:56,  4.47s/epoch, best=9.817e+02, sign=0.171, train=9.843e+02, val=9.909e+02]
GNN flow training:  75%|███████▌  | 75/100 [05:37<01:51,  4.47s/epoch, best=9.817e+02, sign=0.171, train=9.843e+02, val=9.909e+02]
GNN flow training:  75%|███████▌  | 75/100 [05:42<01:51,  4.47s/epoch, best=9.817e+02, sign=0.172, train=9.909e+02, val=9.834e+02]
GNN flow training:  76%|███████▌  | 76/100 [05:42<01:46,  4.46s/epoch, best=9.817e+02, sign=0.172, train=9.909e+02, val=9.834e+02]
GNN flow training:  76%|███████▌  | 76/100 [05:46<01:46,  4.46s/epoch, best=9.817e+02, sign=0.173, train=9.834e+02, val=9.821e+02]
GNN flow training:  77%|███████▋  | 77/100 [05:46<01:42,  4.45s/epoch, best=9.817e+02, sign=0.173, train=9.834e+02, val=9.821e+02]
GNN flow training:  77%|███████▋  | 77/100 [05:50<01:42,  4.45s/epoch, best=9.817e+02, sign=0.172, train=9.821e+02, val=9.803e+02]
GNN flow training:  78%|███████▊  | 78/100 [05:50<01:38,  4.46s/epoch, best=9.817e+02, sign=0.172, train=9.821e+02, val=9.803e+02]
GNN flow training:  78%|███████▊  | 78/100 [05:55<01:38,  4.46s/epoch, best=9.803e+02, sign=0.171, train=9.803e+02, val=9.789e+02]
GNN flow training:  79%|███████▉  | 79/100 [05:55<01:33,  4.46s/epoch, best=9.803e+02, sign=0.171, train=9.803e+02, val=9.789e+02]
GNN flow training:  79%|███████▉  | 79/100 [05:59<01:33,  4.46s/epoch, best=9.789e+02, sign=0.171, train=9.789e+02, val=9.737e+02]
GNN flow training:  80%|████████  | 80/100 [05:59<01:28,  4.45s/epoch, best=9.789e+02, sign=0.171, train=9.789e+02, val=9.737e+02]
GNN flow training:  80%|████████  | 80/100 [06:04<01:28,  4.45s/epoch, best=9.737e+02, sign=0.172, train=9.737e+02, val=9.662e+02]
GNN flow training:  81%|████████  | 81/100 [06:04<01:24,  4.45s/epoch, best=9.737e+02, sign=0.172, train=9.737e+02, val=9.662e+02]
GNN flow training:  81%|████████  | 81/100 [06:08<01:24,  4.45s/epoch, best=9.662e+02, sign=0.173, train=9.662e+02, val=9.628e+02]
GNN flow training:  82%|████████▏ | 82/100 [06:08<01:20,  4.45s/epoch, best=9.662e+02, sign=0.173, train=9.662e+02, val=9.628e+02]
GNN flow training:  82%|████████▏ | 82/100 [06:13<01:20,  4.45s/epoch, best=9.628e+02, sign=0.172, train=9.628e+02, val=9.626e+02]
GNN flow training:  83%|████████▎ | 83/100 [06:13<01:15,  4.45s/epoch, best=9.628e+02, sign=0.172, train=9.628e+02, val=9.626e+02]
GNN flow training:  83%|████████▎ | 83/100 [06:17<01:15,  4.45s/epoch, best=9.626e+02, sign=0.172, train=9.626e+02, val=9.605e+02]
GNN flow training:  84%|████████▍ | 84/100 [06:17<01:11,  4.45s/epoch, best=9.626e+02, sign=0.172, train=9.626e+02, val=9.605e+02]
GNN flow training:  84%|████████▍ | 84/100 [06:22<01:11,  4.45s/epoch, best=9.605e+02, sign=0.172, train=9.605e+02, val=9.517e+02]
GNN flow training:  85%|████████▌ | 85/100 [06:22<01:07,  4.48s/epoch, best=9.605e+02, sign=0.172, train=9.605e+02, val=9.517e+02]
GNN flow training:  85%|████████▌ | 85/100 [06:26<01:07,  4.48s/epoch, best=9.517e+02, sign=0.173, train=9.517e+02, val=9.478e+02]
GNN flow training:  86%|████████▌ | 86/100 [06:26<01:02,  4.47s/epoch, best=9.517e+02, sign=0.173, train=9.517e+02, val=9.478e+02]
GNN flow training:  86%|████████▌ | 86/100 [06:31<01:02,  4.47s/epoch, best=9.478e+02, sign=0.176, train=9.478e+02, val=9.467e+02]
GNN flow training:  87%|████████▋ | 87/100 [06:31<00:57,  4.46s/epoch, best=9.478e+02, sign=0.176, train=9.478e+02, val=9.467e+02]
GNN flow training:  87%|████████▋ | 87/100 [06:35<00:57,  4.46s/epoch, best=9.467e+02, sign=0.177, train=9.467e+02, val=9.456e+02]
GNN flow training:  88%|████████▊ | 88/100 [06:35<00:53,  4.46s/epoch, best=9.467e+02, sign=0.177, train=9.467e+02, val=9.456e+02]
GNN flow training:  88%|████████▊ | 88/100 [06:39<00:53,  4.46s/epoch, best=9.456e+02, sign=0.178, train=9.456e+02, val=9.434e+02]
GNN flow training:  89%|████████▉ | 89/100 [06:39<00:49,  4.46s/epoch, best=9.456e+02, sign=0.178, train=9.456e+02, val=9.434e+02]
GNN flow training:  89%|████████▉ | 89/100 [06:44<00:49,  4.46s/epoch, best=9.434e+02, sign=0.179, train=9.434e+02, val=9.378e+02]
GNN flow training:  90%|█████████ | 90/100 [06:44<00:44,  4.47s/epoch, best=9.434e+02, sign=0.179, train=9.434e+02, val=9.378e+02]
GNN flow training:  90%|█████████ | 90/100 [06:49<00:44,  4.47s/epoch, best=9.378e+02, sign=0.179, train=9.378e+02, val=9.405e+02]
GNN flow training:  91%|█████████ | 91/100 [06:49<00:40,  4.50s/epoch, best=9.378e+02, sign=0.179, train=9.378e+02, val=9.405e+02]
GNN flow training:  91%|█████████ | 91/100 [06:53<00:40,  4.50s/epoch, best=9.378e+02, sign=0.180, train=9.405e+02, val=9.312e+02]
GNN flow training:  92%|█████████▏| 92/100 [06:53<00:35,  4.49s/epoch, best=9.378e+02, sign=0.180, train=9.405e+02, val=9.312e+02]
GNN flow training:  92%|█████████▏| 92/100 [06:57<00:35,  4.49s/epoch, best=9.312e+02, sign=0.180, train=9.312e+02, val=9.323e+02]
GNN flow training:  93%|█████████▎| 93/100 [06:57<00:31,  4.49s/epoch, best=9.312e+02, sign=0.180, train=9.312e+02, val=9.323e+02]
GNN flow training:  93%|█████████▎| 93/100 [07:02<00:31,  4.49s/epoch, best=9.312e+02, sign=0.183, train=9.323e+02, val=9.270e+02]
GNN flow training:  94%|█████████▍| 94/100 [07:02<00:26,  4.50s/epoch, best=9.312e+02, sign=0.183, train=9.323e+02, val=9.270e+02]
GNN flow training:  94%|█████████▍| 94/100 [07:06<00:26,  4.50s/epoch, best=9.270e+02, sign=0.185, train=9.270e+02, val=9.411e+02]
GNN flow training:  95%|█████████▌| 95/100 [07:06<00:22,  4.50s/epoch, best=9.270e+02, sign=0.185, train=9.270e+02, val=9.411e+02]
GNN flow training:  95%|█████████▌| 95/100 [07:11<00:22,  4.50s/epoch, best=9.270e+02, sign=0.183, train=9.411e+02, val=9.528e+02]
GNN flow training:  96%|█████████▌| 96/100 [07:11<00:17,  4.49s/epoch, best=9.270e+02, sign=0.183, train=9.411e+02, val=9.528e+02]
GNN flow training:  96%|█████████▌| 96/100 [07:15<00:17,  4.49s/epoch, best=9.270e+02, sign=0.180, train=9.528e+02, val=9.576e+02]
GNN flow training:  97%|█████████▋| 97/100 [07:15<00:13,  4.49s/epoch, best=9.270e+02, sign=0.180, train=9.528e+02, val=9.576e+02]
GNN flow training:  97%|█████████▋| 97/100 [07:20<00:13,  4.49s/epoch, best=9.270e+02, sign=0.176, train=9.576e+02, val=9.691e+02]
GNN flow training:  98%|█████████▊| 98/100 [07:20<00:09,  4.50s/epoch, best=9.270e+02, sign=0.176, train=9.576e+02, val=9.691e+02]
GNN flow training:  98%|█████████▊| 98/100 [07:25<00:09,  4.50s/epoch, best=9.270e+02, sign=0.169, train=9.691e+02, val=9.716e+02]
GNN flow training:  99%|█████████▉| 99/100 [07:25<00:04,  4.51s/epoch, best=9.270e+02, sign=0.169, train=9.691e+02, val=9.716e+02]
GNN flow training:  99%|█████████▉| 99/100 [07:29<00:04,  4.51s/epoch, best=9.270e+02, sign=0.171, train=9.716e+02, val=9.690e+02]
GNN flow training: 100%|██████████| 100/100 [07:29<00:00,  4.50s/epoch, best=9.270e+02, sign=0.171, train=9.716e+02, val=9.690e+02]
GNN flow training: 100%|██████████| 100/100 [07:29<00:00,  4.50s/epoch, best=9.270e+02, sign=0.171, train=9.716e+02, val=9.690e+02]

GNN flow training:   0%|          | 0/100 [00:00<?, ?epoch/s]
GNN flow training:   0%|          | 0/100 [00:04<?, ?epoch/s, best=1.272e+03, sign=0.194, train=1.270e+03, val=1.272e+03]
GNN flow training:   1%|          | 1/100 [00:04<07:39,  4.64s/epoch, best=1.272e+03, sign=0.194, train=1.270e+03, val=1.272e+03]
GNN flow training:   1%|          | 1/100 [00:09<07:39,  4.64s/epoch, best=1.272e+03, sign=0.194, train=1.272e+03, val=1.273e+03]
GNN flow training:   2%|▏         | 2/100 [00:09<07:28,  4.58s/epoch, best=1.272e+03, sign=0.194, train=1.272e+03, val=1.273e+03]
GNN flow training:   2%|▏         | 2/100 [00:13<07:28,  4.58s/epoch, best=1.272e+03, sign=0.194, train=1.273e+03, val=1.276e+03]
GNN flow training:   3%|▎         | 3/100 [00:13<07:23,  4.57s/epoch, best=1.272e+03, sign=0.194, train=1.273e+03, val=1.276e+03]
GNN flow training:   3%|▎         | 3/100 [00:18<07:23,  4.57s/epoch, best=1.272e+03, sign=0.192, train=1.276e+03, val=1.274e+03]
GNN flow training:   4%|▍         | 4/100 [00:18<07:16,  4.55s/epoch, best=1.272e+03, sign=0.192, train=1.276e+03, val=1.274e+03]
GNN flow training:   4%|▍         | 4/100 [00:22<07:16,  4.55s/epoch, best=1.272e+03, sign=0.192, train=1.274e+03, val=1.272e+03]
GNN flow training:   5%|▌         | 5/100 [00:22<07:09,  4.53s/epoch, best=1.272e+03, sign=0.192, train=1.274e+03, val=1.272e+03]
GNN flow training:   5%|▌         | 5/100 [00:27<07:09,  4.53s/epoch, best=1.272e+03, sign=0.190, train=1.272e+03, val=1.274e+03]
GNN flow training:   6%|▌         | 6/100 [00:27<07:05,  4.53s/epoch, best=1.272e+03, sign=0.190, train=1.272e+03, val=1.274e+03]
GNN flow training:   6%|▌         | 6/100 [00:31<07:05,  4.53s/epoch, best=1.272e+03, sign=0.190, train=1.274e+03, val=1.271e+03]
GNN flow training:   7%|▋         | 7/100 [00:31<06:58,  4.50s/epoch, best=1.272e+03, sign=0.190, train=1.274e+03, val=1.271e+03]
GNN flow training:   7%|▋         | 7/100 [00:36<06:58,  4.50s/epoch, best=1.271e+03, sign=0.189, train=1.271e+03, val=1.261e+03]
GNN flow training:   8%|▊         | 8/100 [00:36<06:54,  4.50s/epoch, best=1.271e+03, sign=0.189, train=1.271e+03, val=1.261e+03]
GNN flow training:   8%|▊         | 8/100 [00:40<06:54,  4.50s/epoch, best=1.261e+03, sign=0.189, train=1.261e+03, val=1.259e+03]
GNN flow training:   9%|▉         | 9/100 [00:40<06:49,  4.50s/epoch, best=1.261e+03, sign=0.189, train=1.261e+03, val=1.259e+03]
GNN flow training:   9%|▉         | 9/100 [00:45<06:49,  4.50s/epoch, best=1.259e+03, sign=0.188, train=1.259e+03, val=1.258e+03]
GNN flow training:  10%|█         | 10/100 [00:45<06:44,  4.50s/epoch, best=1.259e+03, sign=0.188, train=1.259e+03, val=1.258e+03]
GNN flow training:  10%|█         | 10/100 [00:49<06:44,  4.50s/epoch, best=1.258e+03, sign=0.187, train=1.258e+03, val=1.252e+03]
GNN flow training:  11%|█         | 11/100 [00:49<06:39,  4.49s/epoch, best=1.258e+03, sign=0.187, train=1.258e+03, val=1.252e+03]
GNN flow training:  11%|█         | 11/100 [00:54<06:39,  4.49s/epoch, best=1.252e+03, sign=0.187, train=1.252e+03, val=1.249e+03]
GNN flow training:  12%|█▏        | 12/100 [00:54<06:35,  4.50s/epoch, best=1.252e+03, sign=0.187, train=1.252e+03, val=1.249e+03]
GNN flow training:  12%|█▏        | 12/100 [00:58<06:35,  4.50s/epoch, best=1.249e+03, sign=0.187, train=1.249e+03, val=1.248e+03]
GNN flow training:  13%|█▎        | 13/100 [00:58<06:30,  4.49s/epoch, best=1.249e+03, sign=0.187, train=1.249e+03, val=1.248e+03]
GNN flow training:  13%|█▎        | 13/100 [01:03<06:30,  4.49s/epoch, best=1.248e+03, sign=0.187, train=1.248e+03, val=1.254e+03]
GNN flow training:  14%|█▍        | 14/100 [01:03<06:26,  4.49s/epoch, best=1.248e+03, sign=0.187, train=1.248e+03, val=1.254e+03]
GNN flow training:  14%|█▍        | 14/100 [01:07<06:26,  4.49s/epoch, best=1.248e+03, sign=0.188, train=1.254e+03, val=1.252e+03]
GNN flow training:  15%|█▌        | 15/100 [01:07<06:22,  4.50s/epoch, best=1.248e+03, sign=0.188, train=1.254e+03, val=1.252e+03]
GNN flow training:  15%|█▌        | 15/100 [01:12<06:22,  4.50s/epoch, best=1.248e+03, sign=0.190, train=1.252e+03, val=1.260e+03]
GNN flow training:  16%|█▌        | 16/100 [01:12<06:17,  4.50s/epoch, best=1.248e+03, sign=0.190, train=1.252e+03, val=1.260e+03]
GNN flow training:  16%|█▌        | 16/100 [01:16<06:17,  4.50s/epoch, best=1.248e+03, sign=0.192, train=1.260e+03, val=1.254e+03]
GNN flow training:  17%|█▋        | 17/100 [01:16<06:15,  4.52s/epoch, best=1.248e+03, sign=0.192, train=1.260e+03, val=1.254e+03]
GNN flow training:  17%|█▋        | 17/100 [01:21<06:15,  4.52s/epoch, best=1.248e+03, sign=0.193, train=1.254e+03, val=1.249e+03]
GNN flow training:  18%|█▊        | 18/100 [01:21<06:10,  4.52s/epoch, best=1.248e+03, sign=0.193, train=1.254e+03, val=1.249e+03]
GNN flow training:  18%|█▊        | 18/100 [01:25<06:10,  4.52s/epoch, best=1.248e+03, sign=0.193, train=1.249e+03, val=1.248e+03]
GNN flow training:  19%|█▉        | 19/100 [01:25<06:05,  4.51s/epoch, best=1.248e+03, sign=0.193, train=1.249e+03, val=1.248e+03]
GNN flow training:  19%|█▉        | 19/100 [01:30<06:05,  4.51s/epoch, best=1.248e+03, sign=0.194, train=1.248e+03, val=1.247e+03]
GNN flow training:  20%|██        | 20/100 [01:30<06:00,  4.50s/epoch, best=1.248e+03, sign=0.194, train=1.248e+03, val=1.247e+03]
GNN flow training:  20%|██        | 20/100 [01:34<06:00,  4.50s/epoch, best=1.247e+03, sign=0.195, train=1.247e+03, val=1.249e+03]
GNN flow training:  21%|██        | 21/100 [01:34<05:55,  4.50s/epoch, best=1.247e+03, sign=0.195, train=1.247e+03, val=1.249e+03]
GNN flow training:  21%|██        | 21/100 [01:39<05:55,  4.50s/epoch, best=1.247e+03, sign=0.196, train=1.249e+03, val=1.244e+03]
GNN flow training:  22%|██▏       | 22/100 [01:39<05:49,  4.48s/epoch, best=1.247e+03, sign=0.196, train=1.249e+03, val=1.244e+03]
GNN flow training:  22%|██▏       | 22/100 [01:43<05:49,  4.48s/epoch, best=1.244e+03, sign=0.196, train=1.244e+03, val=1.239e+03]
GNN flow training:  23%|██▎       | 23/100 [01:43<05:44,  4.48s/epoch, best=1.244e+03, sign=0.196, train=1.244e+03, val=1.239e+03]
GNN flow training:  23%|██▎       | 23/100 [01:48<05:44,  4.48s/epoch, best=1.239e+03, sign=0.195, train=1.239e+03, val=1.234e+03]
GNN flow training:  24%|██▍       | 24/100 [01:48<05:41,  4.49s/epoch, best=1.239e+03, sign=0.195, train=1.239e+03, val=1.234e+03]
GNN flow training:  24%|██▍       | 24/100 [01:52<05:41,  4.49s/epoch, best=1.234e+03, sign=0.194, train=1.234e+03, val=1.229e+03]
GNN flow training:  25%|██▌       | 25/100 [01:52<05:36,  4.49s/epoch, best=1.234e+03, sign=0.194, train=1.234e+03, val=1.229e+03]
GNN flow training:  25%|██▌       | 25/100 [01:57<05:36,  4.49s/epoch, best=1.229e+03, sign=0.191, train=1.229e+03, val=1.231e+03]
GNN flow training:  26%|██▌       | 26/100 [01:57<05:33,  4.50s/epoch, best=1.229e+03, sign=0.191, train=1.229e+03, val=1.231e+03]
GNN flow training:  26%|██▌       | 26/100 [02:01<05:33,  4.50s/epoch, best=1.229e+03, sign=0.190, train=1.231e+03, val=1.235e+03]
GNN flow training:  27%|██▋       | 27/100 [02:01<05:28,  4.50s/epoch, best=1.229e+03, sign=0.190, train=1.231e+03, val=1.235e+03]
GNN flow training:  27%|██▋       | 27/100 [02:06<05:28,  4.50s/epoch, best=1.229e+03, sign=0.190, train=1.235e+03, val=1.235e+03]
GNN flow training:  28%|██▊       | 28/100 [02:06<05:24,  4.51s/epoch, best=1.229e+03, sign=0.190, train=1.235e+03, val=1.235e+03]
GNN flow training:  28%|██▊       | 28/100 [02:10<05:24,  4.51s/epoch, best=1.229e+03, sign=0.189, train=1.235e+03, val=1.229e+03]
GNN flow training:  29%|██▉       | 29/100 [02:10<05:20,  4.51s/epoch, best=1.229e+03, sign=0.189, train=1.235e+03, val=1.229e+03]
GNN flow training:  29%|██▉       | 29/100 [02:15<05:20,  4.51s/epoch, best=1.229e+03, sign=0.188, train=1.229e+03, val=1.216e+03]
GNN flow training:  30%|███       | 30/100 [02:15<05:16,  4.51s/epoch, best=1.229e+03, sign=0.188, train=1.229e+03, val=1.216e+03]
GNN flow training:  30%|███       | 30/100 [02:19<05:16,  4.51s/epoch, best=1.216e+03, sign=0.187, train=1.216e+03, val=1.200e+03]
GNN flow training:  31%|███       | 31/100 [02:19<05:10,  4.50s/epoch, best=1.216e+03, sign=0.187, train=1.216e+03, val=1.200e+03]
GNN flow training:  31%|███       | 31/100 [02:24<05:10,  4.50s/epoch, best=1.200e+03, sign=0.184, train=1.200e+03, val=1.182e+03]
GNN flow training:  32%|███▏      | 32/100 [02:24<05:06,  4.50s/epoch, best=1.200e+03, sign=0.184, train=1.200e+03, val=1.182e+03]
GNN flow training:  32%|███▏      | 32/100 [02:28<05:06,  4.50s/epoch, best=1.182e+03, sign=0.182, train=1.182e+03, val=1.160e+03]
GNN flow training:  33%|███▎      | 33/100 [02:28<05:02,  4.51s/epoch, best=1.182e+03, sign=0.182, train=1.182e+03, val=1.160e+03]
GNN flow training:  33%|███▎      | 33/100 [02:33<05:02,  4.51s/epoch, best=1.160e+03, sign=0.182, train=1.160e+03, val=1.140e+03]
GNN flow training:  34%|███▍      | 34/100 [02:33<04:57,  4.50s/epoch, best=1.160e+03, sign=0.182, train=1.160e+03, val=1.140e+03]
GNN flow training:  34%|███▍      | 34/100 [02:37<04:57,  4.50s/epoch, best=1.140e+03, sign=0.181, train=1.140e+03, val=1.122e+03]
GNN flow training:  35%|███▌      | 35/100 [02:37<04:52,  4.50s/epoch, best=1.140e+03, sign=0.181, train=1.140e+03, val=1.122e+03]
GNN flow training:  35%|███▌      | 35/100 [02:42<04:52,  4.50s/epoch, best=1.122e+03, sign=0.180, train=1.122e+03, val=1.125e+03]
GNN flow training:  36%|███▌      | 36/100 [02:42<04:47,  4.49s/epoch, best=1.122e+03, sign=0.180, train=1.122e+03, val=1.125e+03]
GNN flow training:  36%|███▌      | 36/100 [02:46<04:47,  4.49s/epoch, best=1.122e+03, sign=0.183, train=1.125e+03, val=1.150e+03]
GNN flow training:  37%|███▋      | 37/100 [02:46<04:41,  4.47s/epoch, best=1.122e+03, sign=0.183, train=1.125e+03, val=1.150e+03]
GNN flow training:  37%|███▋      | 37/100 [02:51<04:41,  4.47s/epoch, best=1.122e+03, sign=0.184, train=1.150e+03, val=1.142e+03]
GNN flow training:  38%|███▊      | 38/100 [02:51<04:37,  4.47s/epoch, best=1.122e+03, sign=0.184, train=1.150e+03, val=1.142e+03]
GNN flow training:  38%|███▊      | 38/100 [02:55<04:37,  4.47s/epoch, best=1.122e+03, sign=0.182, train=1.142e+03, val=1.132e+03]
GNN flow training:  39%|███▉      | 39/100 [02:55<04:31,  4.46s/epoch, best=1.122e+03, sign=0.182, train=1.142e+03, val=1.132e+03]
GNN flow training:  39%|███▉      | 39/100 [02:59<04:31,  4.46s/epoch, best=1.122e+03, sign=0.174, train=1.132e+03, val=1.105e+03]
GNN flow training:  40%|████      | 40/100 [02:59<04:27,  4.45s/epoch, best=1.122e+03, sign=0.174, train=1.132e+03, val=1.105e+03]
GNN flow training:  40%|████      | 40/100 [03:04<04:27,  4.45s/epoch, best=1.105e+03, sign=0.170, train=1.105e+03, val=1.096e+03]
GNN flow training:  41%|████      | 41/100 [03:04<04:21,  4.44s/epoch, best=1.105e+03, sign=0.170, train=1.105e+03, val=1.096e+03]
GNN flow training:  41%|████      | 41/100 [03:08<04:21,  4.44s/epoch, best=1.096e+03, sign=0.169, train=1.096e+03, val=1.080e+03]
GNN flow training:  42%|████▏     | 42/100 [03:08<04:17,  4.43s/epoch, best=1.096e+03, sign=0.169, train=1.096e+03, val=1.080e+03]
GNN flow training:  42%|████▏     | 42/100 [03:13<04:17,  4.43s/epoch, best=1.080e+03, sign=0.168, train=1.080e+03, val=1.066e+03]
GNN flow training:  43%|████▎     | 43/100 [03:13<04:13,  4.44s/epoch, best=1.080e+03, sign=0.168, train=1.080e+03, val=1.066e+03]
GNN flow training:  43%|████▎     | 43/100 [03:17<04:13,  4.44s/epoch, best=1.066e+03, sign=0.170, train=1.066e+03, val=1.061e+03]
GNN flow training:  44%|████▍     | 44/100 [03:17<04:08,  4.43s/epoch, best=1.066e+03, sign=0.170, train=1.066e+03, val=1.061e+03]
GNN flow training:  44%|████▍     | 44/100 [03:22<04:08,  4.43s/epoch, best=1.061e+03, sign=0.172, train=1.061e+03, val=1.051e+03]
GNN flow training:  45%|████▌     | 45/100 [03:22<04:04,  4.44s/epoch, best=1.061e+03, sign=0.172, train=1.061e+03, val=1.051e+03]
GNN flow training:  45%|████▌     | 45/100 [03:26<04:04,  4.44s/epoch, best=1.051e+03, sign=0.174, train=1.051e+03, val=1.048e+03]
GNN flow training:  46%|████▌     | 46/100 [03:26<03:59,  4.44s/epoch, best=1.051e+03, sign=0.174, train=1.051e+03, val=1.048e+03]
GNN flow training:  46%|████▌     | 46/100 [03:31<03:59,  4.44s/epoch, best=1.048e+03, sign=0.177, train=1.048e+03, val=1.038e+03]
GNN flow training:  47%|████▋     | 47/100 [03:31<03:55,  4.45s/epoch, best=1.048e+03, sign=0.177, train=1.048e+03, val=1.038e+03]
GNN flow training:  47%|████▋     | 47/100 [03:35<03:55,  4.45s/epoch, best=1.038e+03, sign=0.178, train=1.038e+03, val=1.030e+03]
GNN flow training:  48%|████▊     | 48/100 [03:35<03:51,  4.45s/epoch, best=1.038e+03, sign=0.178, train=1.038e+03, val=1.030e+03]
GNN flow training:  48%|████▊     | 48/100 [03:39<03:51,  4.45s/epoch, best=1.030e+03, sign=0.179, train=1.030e+03, val=1.021e+03]
GNN flow training:  49%|████▉     | 49/100 [03:39<03:46,  4.45s/epoch, best=1.030e+03, sign=0.179, train=1.030e+03, val=1.021e+03]
GNN flow training:  49%|████▉     | 49/100 [03:44<03:46,  4.45s/epoch, best=1.021e+03, sign=0.179, train=1.021e+03, val=1.013e+03]
GNN flow training:  50%|█████     | 50/100 [03:44<03:42,  4.45s/epoch, best=1.021e+03, sign=0.179, train=1.021e+03, val=1.013e+03]
GNN flow training:  50%|█████     | 50/100 [03:48<03:42,  4.45s/epoch, best=1.013e+03, sign=0.176, train=1.013e+03, val=1.003e+03]
GNN flow training:  51%|█████     | 51/100 [03:48<03:38,  4.46s/epoch, best=1.013e+03, sign=0.176, train=1.013e+03, val=1.003e+03]
GNN flow training:  51%|█████     | 51/100 [03:53<03:38,  4.46s/epoch, best=1.003e+03, sign=0.175, train=1.003e+03, val=9.937e+02]
GNN flow training:  52%|█████▏    | 52/100 [03:53<03:33,  4.45s/epoch, best=1.003e+03, sign=0.175, train=1.003e+03, val=9.937e+02]
GNN flow training:  52%|█████▏    | 52/100 [03:57<03:33,  4.45s/epoch, best=9.937e+02, sign=0.167, train=9.937e+02, val=9.925e+02]
GNN flow training:  53%|█████▎    | 53/100 [03:57<03:29,  4.45s/epoch, best=9.937e+02, sign=0.167, train=9.937e+02, val=9.925e+02]
GNN flow training:  53%|█████▎    | 53/100 [04:02<03:29,  4.45s/epoch, best=9.925e+02, sign=0.157, train=9.925e+02, val=1.031e+03]
GNN flow training:  54%|█████▍    | 54/100 [04:02<03:24,  4.44s/epoch, best=9.925e+02, sign=0.157, train=9.925e+02, val=1.031e+03]
GNN flow training:  54%|█████▍    | 54/100 [04:06<03:24,  4.44s/epoch, best=9.925e+02, sign=0.153, train=1.031e+03, val=1.050e+03]
GNN flow training:  55%|█████▌    | 55/100 [04:06<03:18,  4.41s/epoch, best=9.925e+02, sign=0.153, train=1.031e+03, val=1.050e+03]
GNN flow training:  55%|█████▌    | 55/100 [04:10<03:18,  4.41s/epoch, best=9.925e+02, sign=0.152, train=1.050e+03, val=1.048e+03]
GNN flow training:  56%|█████▌    | 56/100 [04:10<03:13,  4.39s/epoch, best=9.925e+02, sign=0.152, train=1.050e+03, val=1.048e+03]
GNN flow training:  56%|█████▌    | 56/100 [04:15<03:13,  4.39s/epoch, best=9.925e+02, sign=0.160, train=1.048e+03, val=1.033e+03]
GNN flow training:  57%|█████▋    | 57/100 [04:15<03:08,  4.39s/epoch, best=9.925e+02, sign=0.160, train=1.048e+03, val=1.033e+03]
GNN flow training:  57%|█████▋    | 57/100 [04:19<03:08,  4.39s/epoch, best=9.925e+02, sign=0.163, train=1.033e+03, val=1.036e+03]
GNN flow training:  58%|█████▊    | 58/100 [04:19<03:05,  4.41s/epoch, best=9.925e+02, sign=0.163, train=1.033e+03, val=1.036e+03]
GNN flow training:  58%|█████▊    | 58/100 [04:24<03:05,  4.41s/epoch, best=9.925e+02, sign=0.163, train=1.036e+03, val=1.033e+03]
GNN flow training:  59%|█████▉    | 59/100 [04:24<03:00,  4.41s/epoch, best=9.925e+02, sign=0.163, train=1.036e+03, val=1.033e+03]
GNN flow training:  59%|█████▉    | 59/100 [04:28<03:00,  4.41s/epoch, best=9.925e+02, sign=0.173, train=1.033e+03, val=1.060e+03]
GNN flow training:  60%|██████    | 60/100 [04:28<02:56,  4.42s/epoch, best=9.925e+02, sign=0.173, train=1.033e+03, val=1.060e+03]
GNN flow training:  60%|██████    | 60/100 [04:32<02:56,  4.42s/epoch, best=9.925e+02, sign=0.208, train=1.060e+03, val=1.086e+03]
GNN flow training:  61%|██████    | 61/100 [04:32<02:52,  4.41s/epoch, best=9.925e+02, sign=0.208, train=1.060e+03, val=1.086e+03]
GNN flow training:  61%|██████    | 61/100 [04:37<02:52,  4.41s/epoch, best=9.925e+02, sign=0.231, train=1.086e+03, val=1.082e+03]
GNN flow training:  62%|██████▏   | 62/100 [04:37<02:47,  4.41s/epoch, best=9.925e+02, sign=0.231, train=1.086e+03, val=1.082e+03]
GNN flow training:  62%|██████▏   | 62/100 [04:41<02:47,  4.41s/epoch, best=9.925e+02, sign=0.201, train=1.082e+03, val=1.017e+03]
GNN flow training:  63%|██████▎   | 63/100 [04:41<02:43,  4.42s/epoch, best=9.925e+02, sign=0.201, train=1.082e+03, val=1.017e+03]
GNN flow training:  63%|██████▎   | 63/100 [04:46<02:43,  4.42s/epoch, best=9.925e+02, sign=0.178, train=1.017e+03, val=9.517e+02]
GNN flow training:  64%|██████▍   | 64/100 [04:46<02:39,  4.42s/epoch, best=9.925e+02, sign=0.178, train=1.017e+03, val=9.517e+02]
GNN flow training:  64%|██████▍   | 64/100 [04:50<02:39,  4.42s/epoch, best=9.517e+02, sign=0.171, train=9.517e+02, val=9.587e+02]
GNN flow training:  65%|██████▌   | 65/100 [04:50<02:34,  4.42s/epoch, best=9.517e+02, sign=0.171, train=9.517e+02, val=9.587e+02]
GNN flow training:  65%|██████▌   | 65/100 [04:55<02:34,  4.42s/epoch, best=9.517e+02, sign=0.170, train=9.587e+02, val=9.660e+02]
GNN flow training:  66%|██████▌   | 66/100 [04:55<02:30,  4.43s/epoch, best=9.517e+02, sign=0.170, train=9.587e+02, val=9.660e+02]
GNN flow training:  66%|██████▌   | 66/100 [04:59<02:30,  4.43s/epoch, best=9.517e+02, sign=0.168, train=9.660e+02, val=9.654e+02]
GNN flow training:  67%|██████▋   | 67/100 [04:59<02:26,  4.44s/epoch, best=9.517e+02, sign=0.168, train=9.660e+02, val=9.654e+02]
GNN flow training:  67%|██████▋   | 67/100 [05:03<02:26,  4.44s/epoch, best=9.517e+02, sign=0.164, train=9.654e+02, val=9.573e+02]
GNN flow training:  68%|██████▊   | 68/100 [05:03<02:22,  4.44s/epoch, best=9.517e+02, sign=0.164, train=9.654e+02, val=9.573e+02]
GNN flow training:  68%|██████▊   | 68/100 [05:08<02:22,  4.44s/epoch, best=9.517e+02, sign=0.163, train=9.573e+02, val=9.516e+02]
GNN flow training:  69%|██████▉   | 69/100 [05:08<02:17,  4.43s/epoch, best=9.517e+02, sign=0.163, train=9.573e+02, val=9.516e+02]
GNN flow training:  69%|██████▉   | 69/100 [05:12<02:17,  4.43s/epoch, best=9.516e+02, sign=0.158, train=9.516e+02, val=9.743e+02]
GNN flow training:  70%|███████   | 70/100 [05:12<02:12,  4.42s/epoch, best=9.516e+02, sign=0.158, train=9.516e+02, val=9.743e+02]
GNN flow training:  70%|███████   | 70/100 [05:17<02:12,  4.42s/epoch, best=9.516e+02, sign=0.151, train=9.743e+02, val=1.005e+03]
GNN flow training:  71%|███████   | 71/100 [05:17<02:08,  4.42s/epoch, best=9.516e+02, sign=0.151, train=9.743e+02, val=1.005e+03]
GNN flow training:  71%|███████   | 71/100 [05:21<02:08,  4.42s/epoch, best=9.516e+02, sign=0.149, train=1.005e+03, val=1.028e+03]
GNN flow training:  72%|███████▏  | 72/100 [05:21<02:03,  4.42s/epoch, best=9.516e+02, sign=0.149, train=1.005e+03, val=1.028e+03]
GNN flow training:  72%|███████▏  | 72/100 [05:26<02:03,  4.42s/epoch, best=9.516e+02, sign=0.152, train=1.028e+03, val=1.035e+03]
GNN flow training:  73%|███████▎  | 73/100 [05:26<01:59,  4.42s/epoch, best=9.516e+02, sign=0.152, train=1.028e+03, val=1.035e+03]
GNN flow training:  73%|███████▎  | 73/100 [05:30<01:59,  4.42s/epoch, best=9.516e+02, sign=0.153, train=1.035e+03, val=1.021e+03]
GNN flow training:  74%|███████▍  | 74/100 [05:30<01:54,  4.42s/epoch, best=9.516e+02, sign=0.153, train=1.035e+03, val=1.021e+03]
GNN flow training:  74%|███████▍  | 74/100 [05:34<01:54,  4.42s/epoch, best=9.516e+02, sign=0.164, train=1.021e+03, val=9.799e+02]
GNN flow training:  75%|███████▌  | 75/100 [05:34<01:50,  4.41s/epoch, best=9.516e+02, sign=0.164, train=1.021e+03, val=9.799e+02]
GNN flow training:  75%|███████▌  | 75/100 [05:39<01:50,  4.41s/epoch, best=9.516e+02, sign=0.165, train=9.799e+02, val=9.539e+02]
GNN flow training:  76%|███████▌  | 76/100 [05:39<01:45,  4.41s/epoch, best=9.516e+02, sign=0.165, train=9.799e+02, val=9.539e+02]
GNN flow training:  76%|███████▌  | 76/100 [05:43<01:45,  4.41s/epoch, best=9.516e+02, sign=0.170, train=9.539e+02, val=9.264e+02]
GNN flow training:  77%|███████▋  | 77/100 [05:43<01:41,  4.42s/epoch, best=9.516e+02, sign=0.170, train=9.539e+02, val=9.264e+02]
GNN flow training:  77%|███████▋  | 77/100 [05:48<01:41,  4.42s/epoch, best=9.264e+02, sign=0.171, train=9.264e+02, val=9.246e+02]
GNN flow training:  78%|███████▊  | 78/100 [05:48<01:37,  4.41s/epoch, best=9.264e+02, sign=0.171, train=9.264e+02, val=9.246e+02]
GNN flow training:  78%|███████▊  | 78/100 [05:52<01:37,  4.41s/epoch, best=9.246e+02, sign=0.173, train=9.246e+02, val=9.275e+02]
GNN flow training:  79%|███████▉  | 79/100 [05:52<01:32,  4.41s/epoch, best=9.246e+02, sign=0.173, train=9.246e+02, val=9.275e+02]
GNN flow training:  79%|███████▉  | 79/100 [05:56<01:32,  4.41s/epoch, best=9.246e+02, sign=0.172, train=9.275e+02, val=9.246e+02]
GNN flow training:  80%|████████  | 80/100 [05:56<01:28,  4.41s/epoch, best=9.246e+02, sign=0.172, train=9.275e+02, val=9.246e+02]
GNN flow training:  80%|████████  | 80/100 [06:01<01:28,  4.41s/epoch, best=9.246e+02, sign=0.171, train=9.246e+02, val=9.205e+02]
GNN flow training:  81%|████████  | 81/100 [06:01<01:24,  4.43s/epoch, best=9.246e+02, sign=0.171, train=9.246e+02, val=9.205e+02]
GNN flow training:  81%|████████  | 81/100 [06:05<01:24,  4.43s/epoch, best=9.205e+02, sign=0.169, train=9.205e+02, val=9.203e+02]
GNN flow training:  82%|████████▏ | 82/100 [06:05<01:20,  4.45s/epoch, best=9.205e+02, sign=0.169, train=9.205e+02, val=9.203e+02]
GNN flow training:  82%|████████▏ | 82/100 [06:10<01:20,  4.45s/epoch, best=9.203e+02, sign=0.169, train=9.203e+02, val=9.234e+02]
GNN flow training:  83%|████████▎ | 83/100 [06:10<01:15,  4.44s/epoch, best=9.203e+02, sign=0.169, train=9.203e+02, val=9.234e+02]
GNN flow training:  83%|████████▎ | 83/100 [06:14<01:15,  4.44s/epoch, best=9.203e+02, sign=0.166, train=9.234e+02, val=9.356e+02]
GNN flow training:  84%|████████▍ | 84/100 [06:14<01:11,  4.44s/epoch, best=9.203e+02, sign=0.166, train=9.234e+02, val=9.356e+02]
GNN flow training:  84%|████████▍ | 84/100 [06:19<01:11,  4.44s/epoch, best=9.203e+02, sign=0.166, train=9.356e+02, val=9.407e+02]
GNN flow training:  85%|████████▌ | 85/100 [06:19<01:06,  4.42s/epoch, best=9.203e+02, sign=0.166, train=9.356e+02, val=9.407e+02]
GNN flow training:  85%|████████▌ | 85/100 [06:23<01:06,  4.42s/epoch, best=9.203e+02, sign=0.167, train=9.407e+02, val=9.364e+02]
GNN flow training:  86%|████████▌ | 86/100 [06:23<01:01,  4.41s/epoch, best=9.203e+02, sign=0.167, train=9.407e+02, val=9.364e+02]
GNN flow training:  86%|████████▌ | 86/100 [06:27<01:01,  4.41s/epoch, best=9.203e+02, sign=0.169, train=9.364e+02, val=9.342e+02]
GNN flow training:  87%|████████▋ | 87/100 [06:27<00:57,  4.42s/epoch, best=9.203e+02, sign=0.169, train=9.364e+02, val=9.342e+02]
GNN flow training:  87%|████████▋ | 87/100 [06:32<00:57,  4.42s/epoch, best=9.203e+02, sign=0.169, train=9.342e+02, val=9.584e+02]
GNN flow training:  88%|████████▊ | 88/100 [06:32<00:53,  4.42s/epoch, best=9.203e+02, sign=0.169, train=9.342e+02, val=9.584e+02]
GNN flow training:  88%|████████▊ | 88/100 [06:36<00:53,  4.42s/epoch, best=9.203e+02, sign=0.166, train=9.584e+02, val=9.705e+02]
GNN flow training:  89%|████████▉ | 89/100 [06:36<00:48,  4.44s/epoch, best=9.203e+02, sign=0.166, train=9.584e+02, val=9.705e+02]
GNN flow training:  89%|████████▉ | 89/100 [06:41<00:48,  4.44s/epoch, best=9.203e+02, sign=0.166, train=9.705e+02, val=9.778e+02]
GNN flow training:  90%|█████████ | 90/100 [06:41<00:44,  4.44s/epoch, best=9.203e+02, sign=0.166, train=9.705e+02, val=9.778e+02]
GNN flow training:  90%|█████████ | 90/100 [06:45<00:44,  4.44s/epoch, best=9.203e+02, sign=0.171, train=9.778e+02, val=9.632e+02]
GNN flow training:  91%|█████████ | 91/100 [06:45<00:40,  4.44s/epoch, best=9.203e+02, sign=0.171, train=9.778e+02, val=9.632e+02]
GNN flow training:  91%|█████████ | 91/100 [06:50<00:40,  4.44s/epoch, best=9.203e+02, sign=0.170, train=9.632e+02, val=9.579e+02]
GNN flow training:  92%|█████████▏| 92/100 [06:50<00:35,  4.44s/epoch, best=9.203e+02, sign=0.170, train=9.632e+02, val=9.579e+02]
GNN flow training:  92%|█████████▏| 92/100 [06:54<00:35,  4.44s/epoch, best=9.203e+02, sign=0.172, train=9.579e+02, val=9.523e+02]
GNN flow training:  93%|█████████▎| 93/100 [06:54<00:31,  4.46s/epoch, best=9.203e+02, sign=0.172, train=9.579e+02, val=9.523e+02]
GNN flow training:  93%|█████████▎| 93/100 [06:59<00:31,  4.46s/epoch, best=9.203e+02, sign=0.172, train=9.523e+02, val=9.440e+02]
GNN flow training:  94%|█████████▍| 94/100 [06:59<00:26,  4.46s/epoch, best=9.203e+02, sign=0.172, train=9.523e+02, val=9.440e+02]
GNN flow training:  94%|█████████▍| 94/100 [07:03<00:26,  4.46s/epoch, best=9.203e+02, sign=0.171, train=9.440e+02, val=9.415e+02]
GNN flow training:  95%|█████████▌| 95/100 [07:03<00:22,  4.46s/epoch, best=9.203e+02, sign=0.171, train=9.440e+02, val=9.415e+02]
GNN flow training:  95%|█████████▌| 95/100 [07:08<00:22,  4.46s/epoch, best=9.203e+02, sign=0.168, train=9.415e+02, val=9.282e+02]
GNN flow training:  96%|█████████▌| 96/100 [07:08<00:17,  4.47s/epoch, best=9.203e+02, sign=0.168, train=9.415e+02, val=9.282e+02]
GNN flow training:  96%|█████████▌| 96/100 [07:12<00:17,  4.47s/epoch, best=9.203e+02, sign=0.169, train=9.282e+02, val=9.251e+02]
GNN flow training:  97%|█████████▋| 97/100 [07:12<00:13,  4.45s/epoch, best=9.203e+02, sign=0.169, train=9.282e+02, val=9.251e+02]
GNN flow training:  97%|█████████▋| 97/100 [07:16<00:13,  4.45s/epoch, best=9.203e+02, sign=0.170, train=9.251e+02, val=9.162e+02]
GNN flow training:  98%|█████████▊| 98/100 [07:16<00:08,  4.45s/epoch, best=9.203e+02, sign=0.170, train=9.251e+02, val=9.162e+02]
GNN flow training:  98%|█████████▊| 98/100 [07:21<00:08,  4.45s/epoch, best=9.162e+02, sign=0.168, train=9.162e+02, val=9.156e+02]
GNN flow training:  99%|█████████▉| 99/100 [07:21<00:04,  4.45s/epoch, best=9.162e+02, sign=0.168, train=9.162e+02, val=9.156e+02]
GNN flow training:  99%|█████████▉| 99/100 [07:25<00:04,  4.45s/epoch, best=9.156e+02, sign=0.167, train=9.156e+02, val=9.104e+02]
GNN flow training: 100%|██████████| 100/100 [07:25<00:00,  4.44s/epoch, best=9.156e+02, sign=0.167, train=9.156e+02, val=9.104e+02]
GNN flow training: 100%|██████████| 100/100 [07:25<00:00,  4.46s/epoch, best=9.156e+02, sign=0.167, train=9.156e+02, val=9.104e+02]
Resolved config snapshot:
{'preset': 'solver_QKB_outer_QKBdelta', 'gnn_outer_losses': {'flow': 0.1, 'kirchhoff': 100.0, 'boundary': 100.0, 'delta_l2': 100.0, 'delta_smooth': 0.0, 'pressure_shape': 0.0}, 'physics': {'arterial_flow_mode': 'dataset', 'pressure_constraints': ['equal-a-equal-v'], 'alpha_pa': None, 'use_snr_weights': True, 'use_observed_flow_snr_weighting': True, 'flow_scale_mode': 'median_abs', 'solver_device': 'same', 'pressure_solver_mode': 'reduced-soft-constrained-lstsq', 'pressure_solver_lambda_kirchhoff': 1.0, 'pressure_solver_lambda_pressure_constraints': 100.0, 'pressure_solver_lambda_flow_residual': 1.0, 'pressure_shape_reference': 'delta_zero_reference', 'pressure_detach': False}, 'correction_bounds': {'correction_min': -0.5, 'correction_max': 0.5, 'correction_bound': 0.5, 'correction_parameterization': 'tanh'}, 'optimization': {'learning_rate': 0.001, 'weight_decay': 0.0001, 'gradient_clip_norm': 5.0, 'optimizer': 'adamw', 'epochs': 100, 'patience': 40}}
Resolved config snapshot:
{'preset': 'solver_QKB_outer_QKBdelta', 'gnn_outer_losses': {'flow': 0.1, 'kirchhoff': 100.0, 'boundary': 100.0, 'delta_l2': 100.0, 'delta_smooth': 0.0, 'pressure_shape': 0.0}, 'physics': {'arterial_flow_mode': 'dataset', 'pressure_constraints': ['equal-a-equal-v'], 'alpha_pa': None, 'use_snr_weights': True, 'use_observed_flow_snr_weighting': True, 'flow_scale_mode': 'median_abs', 'solver_device': 'same', 'pressure_solver_mode': 'reduced-soft-constrained-lstsq', 'pressure_solver_lambda_kirchhoff': 1.0, 'pressure_solver_lambda_pressure_constraints': 100.0, 'pressure_solver_lambda_flow_residual': 1.0, 'pressure_shape_reference': 'delta_zero_reference', 'pressure_detach': False}, 'correction_bounds': {'correction_min': -0.5, 'correction_max': 0.5, 'correction_bound': 0.5, 'correction_parameterization': 'tanh'}, 'optimization': {'learning_rate': 0.001, 'weight_decay': 0.0001, 'gradient_clip_norm': 5.0, 'optimizer': 'adamw', 'epochs': 100, 'patience': 40}}
Resolved config snapshot:
{'preset': 'solver_QKB_outer_QKBdelta', 'gnn_outer_losses': {'flow': 0.1, 'kirchhoff': 100.0, 'boundary': 100.0, 'delta_l2': 100.0, 'delta_smooth': 0.0, 'pressure_shape': 0.0}, 'physics': {'arterial_flow_mode': 'dataset', 'pressure_constraints': ['equal-a-equal-v'], 'alpha_pa': None, 'use_snr_weights': True, 'use_observed_flow_snr_weighting': True, 'flow_scale_mode': 'median_abs', 'solver_device': 'same', 'pressure_solver_mode': 'reduced-soft-constrained-lstsq', 'pressure_solver_lambda_kirchhoff': 1.0, 'pressure_solver_lambda_pressure_constraints': 100.0, 'pressure_solver_lambda_flow_residual': 1.0, 'pressure_shape_reference': 'delta_zero_reference', 'pressure_detach': False}, 'correction_bounds': {'correction_min': -0.5, 'correction_max': 0.5, 'correction_bound': 0.5, 'correction_parameterization': 'tanh'}, 'optimization': {'learning_rate': 0.001, 'weight_decay': 0.0001, 'gradient_clip_norm': 5.0, 'optimizer': 'adamw', 'epochs': 100, 'patience': 40}}
Resolved config snapshot:
{'preset': 'solver_QKB_outer_QKBdelta', 'gnn_outer_losses': {'flow': 0.1, 'kirchhoff': 100.0, 'boundary': 100.0, 'delta_l2': 100.0, 'delta_smooth': 0.0, 'pressure_shape': 0.0}, 'physics': {'arterial_flow_mode': 'dataset', 'pressure_constraints': ['equal-a-equal-v'], 'alpha_pa': None, 'use_snr_weights': True, 'use_observed_flow_snr_weighting': True, 'flow_scale_mode': 'median_abs', 'solver_device': 'same', 'pressure_solver_mode': 'reduced-soft-constrained-lstsq', 'pressure_solver_lambda_kirchhoff': 1.0, 'pressure_solver_lambda_pressure_constraints': 100.0, 'pressure_solver_lambda_flow_residual': 1.0, 'pressure_shape_reference': 'delta_zero_reference', 'pressure_detach': False}, 'correction_bounds': {'correction_min': -0.5, 'correction_max': 0.5, 'correction_bound': 0.5, 'correction_parameterization': 'tanh'}, 'optimization': {'learning_rate': 0.001, 'weight_decay': 0.0001, 'gradient_clip_norm': 5.0, 'optimizer': 'adamw', 'epochs': 100, 'patience': 40}}
Resolved config snapshot:
{'preset': 'solver_QKB_outer_QKBdelta', 'gnn_outer_losses': {'flow': 0.1, 'kirchhoff': 100.0, 'boundary': 100.0, 'delta_l2': 100.0, 'delta_smooth': 0.0, 'pressure_shape': 0.0}, 'physics': {'arterial_flow_mode': 'dataset', 'pressure_constraints': ['equal-a-equal-v'], 'alpha_pa': None, 'use_snr_weights': True, 'use_observed_flow_snr_weighting': True, 'flow_scale_mode': 'median_abs', 'solver_device': 'same', 'pressure_solver_mode': 'reduced-soft-constrained-lstsq', 'pressure_solver_lambda_kirchhoff': 1.0, 'pressure_solver_lambda_pressure_constraints': 100.0, 'pressure_solver_lambda_flow_residual': 1.0, 'pressure_shape_reference': 'delta_zero_reference', 'pressure_detach': False}, 'correction_bounds': {'correction_min': -0.5, 'correction_max': 0.5, 'correction_bound': 0.5, 'correction_parameterization': 'tanh'}, 'optimization': {'learning_rate': 0.001, 'weight_decay': 0.0001, 'gradient_clip_norm': 5.0, 'optimizer': 'adamw', 'epochs': 100, 'patience': 40}}
Command: /mnt/home/sswee/miniforge3/envs/yolk-sac/bin/python /mnt/home/sswee/yolk/Yolk-Sac-Flow-Data-and-Sim/gnn_clean/scripts/python/gnn_flow.py /mnt/home/sswee/yolk/Yolk-Sac-Flow-Data-and-Sim/gnn_clean/datasets/mosaic_graph_canonical_harmonized/mosaic_graph_canonical_harmonized.gpickle --output-dir /mnt/home/sswee/yolk/Yolk-Sac-Flow-Data-and-Sim/gnn_clean/outputs_canonical/dc/04_message_passing_sensitivity --run-name q_0p1__k_100__delta_100__K_0 --preset solver_QKB_outer_QKBdelta --device cuda --epochs 100 --seed 0 --config /mnt/home/sswee/yolk/Yolk-Sac-Flow-Data-and-Sim/gnn_clean/outputs_canonical/dc/04_message_passing_sensitivity/_generated_configs/q_0p1__k_100__delta_100__K_0.yaml --no-pressure-detach
Command: /mnt/home/sswee/miniforge3/envs/yolk-sac/bin/python /mnt/home/sswee/yolk/Yolk-Sac-Flow-Data-and-Sim/gnn_clean/scripts/python/gnn_flow.py /mnt/home/sswee/yolk/Yolk-Sac-Flow-Data-and-Sim/gnn_clean/datasets/mosaic_graph_canonical_harmonized/mosaic_graph_canonical_harmonized.gpickle --output-dir /mnt/home/sswee/yolk/Yolk-Sac-Flow-Data-and-Sim/gnn_clean/outputs_canonical/dc/04_message_passing_sensitivity --run-name q_0p1__k_100__delta_100__K_1 --preset solver_QKB_outer_QKBdelta --device cuda --epochs 100 --seed 0 --config /mnt/home/sswee/yolk/Yolk-Sac-Flow-Data-and-Sim/gnn_clean/outputs_canonical/dc/04_message_passing_sensitivity/_generated_configs/q_0p1__k_100__delta_100__K_1.yaml --no-pressure-detach
Command: /mnt/home/sswee/miniforge3/envs/yolk-sac/bin/python /mnt/home/sswee/yolk/Yolk-Sac-Flow-Data-and-Sim/gnn_clean/scripts/python/gnn_flow.py /mnt/home/sswee/yolk/Yolk-Sac-Flow-Data-and-Sim/gnn_clean/datasets/mosaic_graph_canonical_harmonized/mosaic_graph_canonical_harmonized.gpickle --output-dir /mnt/home/sswee/yolk/Yolk-Sac-Flow-Data-and-Sim/gnn_clean/outputs_canonical/dc/04_message_passing_sensitivity --run-name q_0p1__k_100__delta_100__K_2 --preset solver_QKB_outer_QKBdelta --device cuda --epochs 100 --seed 0 --config /mnt/home/sswee/yolk/Yolk-Sac-Flow-Data-and-Sim/gnn_clean/outputs_canonical/dc/04_message_passing_sensitivity/_generated_configs/q_0p1__k_100__delta_100__K_2.yaml --no-pressure-detach
Command: /mnt/home/sswee/miniforge3/envs/yolk-sac/bin/python /mnt/home/sswee/yolk/Yolk-Sac-Flow-Data-and-Sim/gnn_clean/scripts/python/gnn_flow.py /mnt/home/sswee/yolk/Yolk-Sac-Flow-Data-and-Sim/gnn_clean/datasets/mosaic_graph_canonical_harmonized/mosaic_graph_canonical_harmonized.gpickle --output-dir /mnt/home/sswee/yolk/Yolk-Sac-Flow-Data-and-Sim/gnn_clean/outputs_canonical/dc/04_message_passing_sensitivity --run-name q_0p1__k_100__delta_100__K_3 --preset solver_QKB_outer_QKBdelta --device cuda --epochs 100 --seed 0 --config /mnt/home/sswee/yolk/Yolk-Sac-Flow-Data-and-Sim/gnn_clean/outputs_canonical/dc/04_message_passing_sensitivity/_generated_configs/q_0p1__k_100__delta_100__K_3.yaml --no-pressure-detach
Command: /mnt/home/sswee/miniforge3/envs/yolk-sac/bin/python /mnt/home/sswee/yolk/Yolk-Sac-Flow-Data-and-Sim/gnn_clean/scripts/python/gnn_flow.py /mnt/home/sswee/yolk/Yolk-Sac-Flow-Data-and-Sim/gnn_clean/datasets/mosaic_graph_canonical_harmonized/mosaic_graph_canonical_harmonized.gpickle --output-dir /mnt/home/sswee/yolk/Yolk-Sac-Flow-Data-and-Sim/gnn_clean/outputs_canonical/dc/04_message_passing_sensitivity --run-name q_0p1__k_100__delta_100__K_4 --preset solver_QKB_outer_QKBdelta --device cuda --epochs 100 --seed 0 --config /mnt/home/sswee/yolk/Yolk-Sac-Flow-Data-and-Sim/gnn_clean/outputs_canonical/dc/04_message_passing_sensitivity/_generated_configs/q_0p1__k_100__delta_100__K_4.yaml --no-pressure-detach
