D,chi2,delta_chi2,objective,observation_source,tile_id,weight_mode
1e-06,1715.806110172406,5.192513930538098,ordinary_least_squares,measured_graph,1,constant_average_sigma
1.333521432163324e-06,1715.8048814261147,5.191285184246681,ordinary_least_squares,measured_graph,1,constant_average_sigma
1.778279410038923e-06,1715.8032430218532,5.189646779985196,ordinary_least_squares,measured_graph,1,constant_average_sigma
2.3713737056616552e-06,1715.801058510333,5.187462268464969,ordinary_least_squares,measured_graph,1,constant_average_sigma
3.162277660168379e-06,1715.7981458975346,5.184549655666615,ordinary_least_squares,measured_graph,1,constant_average_sigma
4.216965034285822e-06,1715.7942628437509,5.180666601882876,ordinary_least_squares,measured_graph,1,constant_average_sigma
5.623413251903491e-06,1715.7890863878529,5.175490145984895,ordinary_least_squares,measured_graph,1,constant_average_sigma
7.498942093324558e-06,1715.782186520861,5.168590278992951,ordinary_least_squares,measured_graph,1,constant_average_sigma
1e-05,1715.7729907494013,5.159394507533307,ordinary_least_squares,measured_graph,1,constant_average_sigma
1.333521432163324e-05,1715.7607375531443,5.1471413112763,ordinary_least_squares,measured_graph,1,constant_average_sigma
1.778279410038923e-05,1715.74441470332,5.130818461452009,ordinary_least_squares,measured_graph,1,constant_average_sigma
2.3713737056616554e-05,1715.722678206349,5.109081964480993,ordinary_least_squares,measured_graph,1,constant_average_sigma
3.1622776601683795e-05,1715.693746305927,5.080150064059126,ordinary_least_squares,measured_graph,1,constant_average_sigma
4.216965034285822e-05,1715.6552617513453,5.041665509477298,ordinary_least_squares,measured_graph,1,constant_average_sigma
5.623413251903491e-05,1715.604114789754,4.99051854788604,ordinary_least_squares,measured_graph,1,constant_average_sigma
7.498942093324559e-05,1715.5362191509926,4.922622909124584,ordinary_least_squares,measured_graph,1,constant_average_sigma
0.0001,1715.4462353250992,4.832639083231243,ordinary_least_squares,measured_graph,1,constant_average_sigma
0.0001333521432163324,1715.3272420058827,4.7136457640147,ordinary_least_squares,measured_graph,1,constant_average_sigma
0.00017782794100389227,1715.1703730320105,4.556776790142521,ordinary_least_squares,measured_graph,1,constant_average_sigma
0.00023713737056616554,1714.964473785202,4.350877543334036,ordinary_least_squares,measured_graph,1,constant_average_sigma
0.00031622776601683794,1714.6959087132013,4.082312471333353,ordinary_least_squares,measured_graph,1,constant_average_sigma
0.00042169650342858224,1714.3488111146544,3.7352148727864005,ordinary_least_squares,measured_graph,1,constant_average_sigma
0.0005623413251903491,1713.9063855363236,3.292789294455588,ordinary_least_squares,measured_graph,1,constant_average_sigma
0.0007498942093324559,1713.3544903593058,2.740894117437847,ordinary_least_squares,measured_graph,1,constant_average_sigma
0.001,1712.6898489898892,2.076252748021261,ordinary_least_squares,measured_graph,1,constant_average_sigma
0.001333521432163324,1711.9370146265983,1.323418384730303,ordinary_least_squares,measured_graph,1,constant_average_sigma
0.0017782794100389228,1711.180140823546,0.5665445816780448,ordinary_least_squares,measured_graph,1,constant_average_sigma
0.0023713737056616554,1710.6147686389677,0.0011723970997081778,ordinary_least_squares,measured_graph,1,constant_average_sigma
0.0031622776601683794,1710.613596241868,0.0,ordinary_least_squares,measured_graph,1,constant_average_sigma
0.004216965034285823,1711.7722538617613,1.1586576198933471,ordinary_least_squares,measured_graph,1,constant_average_sigma
0.005623413251903491,1714.883261566581,4.26966532471306,ordinary_least_squares,measured_graph,1,constant_average_sigma
0.007498942093324558,1720.8451371011524,10.23154085928445,ordinary_least_squares,measured_graph,1,constant_average_sigma
0.01,1730.575502264707,19.961906022839003,ordinary_least_squares,measured_graph,1,constant_average_sigma
0.01333521432163324,1744.7989456536084,34.18534941174039,ordinary_least_squares,measured_graph,1,constant_average_sigma
0.01778279410038923,1763.4060880312336,52.79249178936561,ordinary_least_squares,measured_graph,1,constant_average_sigma
0.023713737056616554,1784.7228305289423,74.10923428707429,ordinary_least_squares,measured_graph,1,constant_average_sigma
0.03162277660168379,1805.81112773805,95.19753149618191,ordinary_least_squares,measured_graph,1,constant_average_sigma
0.042169650342858224,1824.0204304112162,113.40683416934826,ordinary_least_squares,measured_graph,1,constant_average_sigma
0.05623413251903491,1838.3670399470002,127.75344370513221,ordinary_least_squares,measured_graph,1,constant_average_sigma
0.07498942093324558,1849.638862886904,139.02526664503603,ordinary_least_squares,measured_graph,1,constant_average_sigma
0.1,1859.6080638511253,148.9944676092573,ordinary_least_squares,measured_graph,1,constant_average_sigma
1e-06,2177.124349067217,13.743320747739745,ordinary_least_squares,measured_graph,2,constant_average_sigma
1.333521432163324e-06,2177.121488117152,13.740459797674703,ordinary_least_squares,measured_graph,2,constant_average_sigma
1.778279410038923e-06,2177.117672982242,13.736644662764775,ordinary_least_squares,measured_graph,2,constant_average_sigma
2.3713737056616552e-06,2177.1125854134625,13.73155709398543,ordinary_least_squares,measured_graph,2,constant_average_sigma
3.162277660168379e-06,2177.105800973498,13.724772654020853,ordinary_least_squares,measured_graph,2,constant_average_sigma
4.216965034285822e-06,2177.09675380253,13.71572548305312,ordinary_least_squares,measured_graph,2,constant_average_sigma
5.623413251903491e-06,2177.0846891492465,13.703660829769433,ordinary_least_squares,measured_graph,2,constant_average_sigma
7.498942093324558e-06,2177.0686006664037,13.687572346926572,ordinary_least_squares,measured_graph,2,constant_average_sigma
1e-05,2177.0471462757687,13.6661179562916,ordinary_least_squares,measured_graph,2,constant_average_sigma
1.333521432163324e-05,2177.0185363757228,13.637508056245679,ordinary_least_squares,measured_graph,2,constant_average_sigma
1.778279410038923e-05,2176.980384585436,13.599356265958704,ordinary_least_squares,measured_graph,2,constant_average_sigma
2.3713737056616554e-05,2176.9295089285006,13.5484806090235,ordinary_least_squares,measured_graph,2,constant_average_sigma
3.1622776601683795e-05,2176.861667011763,13.480638692285993,ordinary_least_squares,measured_graph,2,constant_average_sigma
4.216965034285822e-05,2176.7712036736148,13.390175354137682,ordinary_least_squares,measured_graph,2,constant_average_sigma
5.623413251903491e-05,2176.650583125899,13.269554806422093,ordinary_least_squares,measured_graph,2,constant_average_sigma
7.498942093324559e-05,2176.4897699289995,13.10874160952244,ordinary_least_squares,measured_graph,2,constant_average_sigma
0.0001,2176.2754155404446,12.894387220967474,ordinary_least_squares,measured_graph,2,constant_average_sigma
0.0001333521432163324,2175.9898030833783,12.608774763901238,ordinary_least_squares,measured_graph,2,constant_average_sigma
0.00017782794100389227,2175.6095129538176,12.228484634340475,ordinary_least_squares,measured_graph,2,constant_average_sigma
0.00023713737056616554,2175.1038233655254,11.722795046048304,ordinary_least_squares,measured_graph,2,constant_average_sigma
0.00031622776601683794,2174.4330242886117,11.051995969134623,ordinary_least_squares,measured_graph,2,constant_average_sigma
0.00042169650342858224,2173.5472802608247,10.166251941347582,ordinary_least_squares,measured_graph,2,constant_average_sigma
0.0005623413251903491,2172.3878662296765,9.006837910199465,ordinary_least_squares,measured_graph,2,constant_average_sigma
0.0007498942093324559,2170.8955214392413,7.514493119764211,ordinary_least_squares,measured_graph,2,constant_average_sigma
0.001,2169.0372670964903,5.656238777013186,ordinary_least_squares,measured_graph,2,constant_average_sigma
0.001333521432163324,2166.875630322371,3.494602002893771,ordinary_least_squares,measured_graph,2,constant_average_sigma
0.0017782794100389228,2164.7193110594662,1.338282739989154,ordinary_least_squares,measured_graph,2,constant_average_sigma
0.0023713737056616554,2163.381028319477,0.0,ordinary_least_squares,measured_graph,2,constant_average_sigma
0.0031622776601683794,2164.4438355288044,1.062807209327275,ordinary_least_squares,measured_graph,2,constant_average_sigma
0.004216965034285823,2170.1655470748765,6.784518755399404,ordinary_least_squares,measured_graph,2,constant_average_sigma
0.005623413251903491,2182.5713243941163,19.190296074639264,ordinary_least_squares,measured_graph,2,constant_average_sigma
0.007498942093324558,2201.9821030677203,38.60107474824326,ordinary_least_squares,measured_graph,2,constant_average_sigma
0.01,2226.265396788839,62.884368469362016,ordinary_least_squares,measured_graph,2,constant_average_sigma
0.01333521432163324,2251.819053600833,88.43802528135575,ordinary_least_squares,measured_graph,2,constant_average_sigma
0.01778279410038923,2275.437868212378,112.05683989290083,ordinary_least_squares,measured_graph,2,constant_average_sigma
0.023713737056616554,2295.4001135247636,132.0190852052865,ordinary_least_squares,measured_graph,2,constant_average_sigma
0.03162277660168379,2311.4669636798467,148.0859353603696,ordinary_least_squares,measured_graph,2,constant_average_sigma
0.042169650342858224,2324.4400832786605,161.0590549591834,ordinary_least_squares,measured_graph,2,constant_average_sigma
0.05623413251903491,2335.6933009784807,172.3122726590036,ordinary_least_squares,measured_graph,2,constant_average_sigma
0.07498942093324558,2346.7182856089357,183.33725728945865,ordinary_least_squares,measured_graph,2,constant_average_sigma
0.1,2358.5897834241223,195.2087551046452,ordinary_least_squares,measured_graph,2,constant_average_sigma
1e-06,2289.1292664960865,140.6212907608292,ordinary_least_squares,measured_graph,3,constant_average_sigma
1.333521432163324e-06,2289.114674369017,140.6066986337596,ordinary_least_squares,measured_graph,3,constant_average_sigma
1.778279410038923e-06,2289.095214257648,140.58723852239063,ordinary_least_squares,measured_graph,3,constant_average_sigma
2.3713737056616552e-06,2289.069262113458,140.56128637820075,ordinary_least_squares,measured_graph,3,constant_average_sigma
3.162277660168379e-06,2289.034650935413,140.52667520015575,ordinary_least_squares,measured_graph,3,constant_average_sigma
4.216965034285822e-06,2288.9884905257413,140.480514790484,ordinary_least_squares,measured_graph,3,constant_average_sigma
5.623413251903491e-06,2288.92692438502,140.41894864976257,ordinary_least_squares,measured_graph,3,constant_average_sigma
7.498942093324558e-06,2288.844806581692,140.33683084643462,ordinary_least_squares,measured_graph,3,constant_average_sigma
1e-05,2288.7352687048815,140.22729296962416,ordinary_least_squares,measured_graph,3,constant_average_sigma
1.333521432163324e-05,2288.5891410426657,140.08116530740836,ordinary_least_squares,measured_graph,3,constant_average_sigma
1.778279410038923e-05,2288.394176755012,139.88620101975448,ordinary_least_squares,measured_graph,3,constant_average_sigma
2.3713737056616554e-05,2288.1340117095633,139.62603597430598,ordinary_least_squares,measured_graph,3,constant_average_sigma
3.1622776601683795e-05,2287.7867672272496,139.27879149199225,ordinary_least_squares,measured_graph,3,constant_average_sigma
4.216965034285822e-05,2287.3231697055153,138.81519397025795,ordinary_least_squares,measured_graph,3,constant_average_sigma
5.623413251903491e-05,2286.7040160015413,138.19604026628394,ordinary_least_squares,measured_graph,3,constant_average_sigma
7.498942093324559e-05,2285.876750651116,137.36877491585847,ordinary_least_squares,measured_graph,3,constant_average_sigma
0.0001,2284.7708408912886,136.26286515603124,ordinary_least_squares,measured_graph,3,constant_average_sigma
0.0001333521432163324,2283.291536443495,134.78356070823747,ordinary_least_squares,measured_graph,3,constant_average_sigma
0.00017782794100389227,2281.3115042259124,132.80352849065503,ordinary_least_squares,measured_graph,3,constant_average_sigma
0.00023713737056616554,2278.659798620024,130.15182288476672,ordinary_least_squares,measured_graph,3,constant_average_sigma
0.00031622776601683794,2275.1078607945465,126.59988505928914,ordinary_least_squares,measured_graph,3,constant_average_sigma
0.00042169650342858224,2270.3532421747773,121.84526643951995,ordinary_least_squares,measured_graph,3,constant_average_sigma
0.0005623413251903491,2264.0047354814683,115.49675974621096,ordinary_least_squares,measured_graph,3,constant_average_sigma
0.0007498942093324559,2255.580185685791,107.07220995053376,ordinary_least_squares,measured_graph,3,constant_average_sigma
0.001,2244.544943363371,96.03696762811387,ordinary_least_squares,measured_graph,3,constant_average_sigma
0.001333521432163324,2230.4481845085666,81.94020877330922,ordinary_least_squares,measured_graph,3,constant_average_sigma
0.0017782794100389228,2213.2414135716804,64.73343783642304,ordinary_least_squares,measured_graph,3,constant_average_sigma
0.0023713737056616554,2193.8097675717186,45.301791836461234,ordinary_least_squares,measured_graph,3,constant_average_sigma
0.0031622776601683794,2174.45658241821,25.948606682952686,ordinary_least_squares,measured_graph,3,constant_average_sigma
0.004216965034285823,2158.6355971126986,10.1276213774413,ordinary_least_squares,measured_graph,3,constant_average_sigma
0.005623413251903491,2149.516023489818,1.008047754560721,ordinary_least_squares,measured_graph,3,constant_average_sigma
0.007498942093324558,2148.5079757352573,0.0,ordinary_least_squares,measured_graph,3,constant_average_sigma
0.01,2155.289012672954,6.781036937696626,ordinary_least_squares,measured_graph,3,constant_average_sigma
0.01333521432163324,2168.787529864698,20.27955412944084,ordinary_least_squares,measured_graph,3,constant_average_sigma
0.01778279410038923,2187.769257170663,39.261281435405635,ordinary_least_squares,measured_graph,3,constant_average_sigma
0.023713737056616554,2211.2628773056454,62.75490157038803,ordinary_least_squares,measured_graph,3,constant_average_sigma
0.03162277660168379,2239.3030701029465,90.79509436768922,ordinary_least_squares,measured_graph,3,constant_average_sigma
0.042169650342858224,2273.2317673258326,124.72379159057527,ordinary_least_squares,measured_graph,3,constant_average_sigma
0.05623413251903491,2314.9946179023,166.48664216704265,ordinary_least_squares,measured_graph,3,constant_average_sigma
0.07498942093324558,2365.74359600984,217.23562027458274,ordinary_least_squares,measured_graph,3,constant_average_sigma
0.1,2424.499770170375,275.99179443511775,ordinary_least_squares,measured_graph,3,constant_average_sigma
1e-06,2776.9638456320326,264.15040648543845,ordinary_least_squares,measured_graph,4,constant_average_sigma
1.333521432163324e-06,2776.951591508086,264.13815236149185,ordinary_least_squares,measured_graph,4,constant_average_sigma
1.778279410038923e-06,2776.9352470081535,264.1218078615593,ordinary_least_squares,measured_graph,4,constant_average_sigma
2.3713737056616552e-06,2776.913445572389,264.1000064257946,ordinary_least_squares,measured_graph,4,constant_average_sigma
3.162277660168379e-06,2776.884362649316,264.0709235027216,ordinary_least_squares,measured_graph,4,constant_average_sigma
4.216965034285822e-06,2776.845561668998,264.0321225224038,ordinary_least_squares,measured_graph,4,constant_average_sigma
5.623413251903491e-06,2776.7937873112764,263.98034816468225,ordinary_least_squares,measured_graph,4,constant_average_sigma
7.498942093324558e-06,2776.7246875311175,263.91124838452333,ordinary_least_squares,measured_graph,4,constant_average_sigma
1e-05,2776.632439165329,263.81900001873464,ordinary_least_squares,measured_graph,4,constant_average_sigma
1.333521432163324e-05,2776.5092423012484,263.6958031546542,ordinary_least_squares,measured_graph,4,constant_average_sigma
1.778279410038923e-05,2776.3446342853704,263.5311951387762,ordinary_least_squares,measured_graph,4,constant_average_sigma
2.3713737056616554e-05,2776.124554268104,263.31111512150983,ordinary_least_squares,measured_graph,4,constant_average_sigma
3.1622776601683795e-05,2775.8300600282137,263.0166208816195,ordinary_least_squares,measured_graph,4,constant_average_sigma
4.216965034285822e-05,2775.435553652849,262.622114506255,ordinary_least_squares,measured_graph,4,constant_average_sigma
5.623413251903491e-05,2774.906306034108,262.092866887514,ordinary_least_squares,measured_graph,4,constant_average_sigma
7.498942093324559e-05,2774.1949671162374,261.38152796964323,ordinary_least_squares,measured_graph,4,constant_average_sigma
0.0001,2773.2365918606542,260.42315271406005,ordinary_least_squares,measured_graph,4,constant_average_sigma
0.0001333521432163324,2771.9414740971033,259.1280349505091,ordinary_least_squares,measured_graph,4,constant_average_sigma
0.00017782794100389227,2770.184733215022,257.3712940684277,ordinary_least_squares,measured_graph,4,constant_average_sigma
0.00023713737056616554,2767.7911299829157,254.97769083632147,ordinary_least_squares,measured_graph,4,constant_average_sigma
0.00031622776601683794,2764.5130776388983,251.69963849230408,ordinary_least_squares,measured_graph,4,constant_average_sigma
0.00042169650342858224,2759.9996442852694,247.18620513867518,ordinary_least_squares,measured_graph,4,constant_average_sigma
0.0005623413251903491,2753.755750591552,240.9423114449578,ordinary_least_squares,measured_graph,4,constant_average_sigma
0.0007498942093324559,2745.0970984147134,232.2836592681192,ordinary_least_squares,measured_graph,4,constant_average_sigma
0.001,2733.1251585668365,220.3117194202423,ordinary_least_squares,measured_graph,4,constant_average_sigma
0.001333521432163324,2716.7898093546964,203.97637020810225,ordinary_least_squares,measured_graph,4,constant_average_sigma
0.0017782794100389228,2695.175612786069,182.3621736394748,ordinary_least_squares,measured_graph,4,constant_average_sigma
0.0023713737056616554,2668.163225399406,155.349786252812,ordinary_least_squares,measured_graph,4,constant_average_sigma
0.0031622776601683794,2637.325616688202,124.5121775416078,ordinary_least_squares,measured_graph,4,constant_average_sigma
0.004216965034285823,2606.1616394948333,93.34820034823906,ordinary_least_squares,measured_graph,4,constant_average_sigma
0.005623413251903491,2578.573378155468,65.75993900887397,ordinary_least_squares,measured_graph,4,constant_average_sigma
0.007498942093324558,2556.4799692581537,43.666530111559496,ordinary_least_squares,measured_graph,4,constant_average_sigma
0.01,2539.297126360779,26.48368721418501,ordinary_least_squares,measured_graph,4,constant_average_sigma
0.01333521432163324,2525.8141830506747,13.000743904080537,ordinary_least_squares,measured_graph,4,constant_average_sigma
0.01778279410038923,2516.247839703184,3.434400556589935,ordinary_least_squares,measured_graph,4,constant_average_sigma
0.023713737056616554,2512.813439146594,0.0,ordinary_least_squares,measured_graph,4,constant_average_sigma
0.03162277660168379,2518.6706136337752,5.857174487181055,ordinary_least_squares,measured_graph,4,constant_average_sigma
0.042169650342858224,2536.144024689894,23.330585543300003,ordinary_least_squares,measured_graph,4,constant_average_sigma
0.05623413251903491,2565.5861079129845,52.772668766390325,ordinary_least_squares,measured_graph,4,constant_average_sigma
0.07498942093324558,2605.3199031224285,92.50646397583432,ordinary_least_squares,measured_graph,4,constant_average_sigma
0.1,2652.1231597746028,139.30972062800856,ordinary_least_squares,measured_graph,4,constant_average_sigma
1e-06,1641.0527399017774,55.49387266014992,ordinary_least_squares,measured_graph,5,constant_average_sigma
1.333521432163324e-06,1641.0479270089204,55.48905976729293,ordinary_least_squares,measured_graph,5,constant_average_sigma
1.778279410038923e-06,1641.0415082592397,55.482641017612195,ordinary_least_squares,measured_graph,5,constant_average_sigma
2.3713737056616552e-06,1641.032947570428,55.47408032880048,ordinary_least_squares,measured_graph,5,constant_average_sigma
3.162277660168379e-06,1641.0215296643692,55.46266242274169,ordinary_least_squares,measured_graph,5,constant_average_sigma
4.216965034285822e-06,1641.0063000112543,55.44743276962686,ordinary_least_squares,measured_graph,5,constant_average_sigma
5.623413251903491e-06,1640.9859844869588,55.427117245331374,ordinary_least_squares,measured_graph,5,constant_average_sigma
7.498942093324558e-06,1640.95888184342,55.40001460179246,ordinary_least_squares,measured_graph,5,constant_average_sigma
1e-05,1640.922719552339,55.363852310711536,ordinary_least_squares,measured_graph,5,constant_average_sigma
1.333521432163324e-05,1640.8744602909783,55.31559304935081,ordinary_least_squares,measured_graph,5,constant_average_sigma
1.778279410038923e-05,1640.8100416114044,55.25117436977689,ordinary_least_squares,measured_graph,5,constant_average_sigma
2.3713737056616554e-05,1640.7240247759253,55.165157534297805,ordinary_least_squares,measured_graph,5,constant_average_sigma
3.1622776601683795e-05,1640.6091195261743,55.05025228454679,ordinary_least_squares,measured_graph,5,constant_average_sigma
4.216965034285822e-05,1640.4555383088814,54.89667106725392,ordinary_least_squares,measured_graph,5,constant_average_sigma
5.623413251903491e-05,1640.2501145239871,54.691247282359654,ordinary_least_squares,measured_graph,5,constant_average_sigma
7.498942093324559e-05,1639.9750920041445,54.416224762517004,ordinary_least_squares,measured_graph,5,constant_average_sigma
0.0001,1639.6064537668021,54.047586525174665,ordinary_least_squares,measured_graph,5,constant_average_sigma
0.0001333521432163324,1639.111603345133,53.552736103505595,ordinary_least_squares,measured_graph,5,constant_average_sigma
0.00017782794100389227,1638.4461402441864,52.88727300255891,ordinary_least_squares,measured_graph,5,constant_average_sigma
0.00023713737056616554,1637.5493913408309,51.99052409920341,ordinary_least_squares,measured_graph,5,constant_average_sigma
0.00031622776601683794,1636.3383158751608,50.77944863353332,ordinary_least_squares,measured_graph,5,constant_average_sigma
0.00042169650342858224,1634.6995340447243,49.14066680309679,ordinary_least_squares,measured_graph,5,constant_average_sigma
0.0005623413251903491,1632.479930584307,46.921063342679645,ordinary_least_squares,measured_graph,5,constant_average_sigma
0.0007498942093324559,1629.4785324591103,43.919665217482816,ordinary_least_squares,measured_graph,5,constant_average_sigma
0.001,1625.4482630272232,39.88939578559575,ordinary_least_squares,measured_graph,5,constant_average_sigma
0.001333521432163324,1620.129115644032,34.57024840240456,ordinary_least_squares,measured_graph,5,constant_average_sigma
0.0017782794100389228,1613.3552058981486,27.79633865652113,ordinary_least_squares,measured_graph,5,constant_average_sigma
0.0023713737056616554,1605.2883500257035,19.729482784076026,ordinary_least_squares,measured_graph,5,constant_average_sigma
0.0031622776601683794,1596.7592159715864,11.200348729958932,ordinary_least_squares,measured_graph,5,constant_average_sigma
0.004216965034285823,1589.461600886218,3.9027336445906258,ordinary_least_squares,measured_graph,5,constant_average_sigma
0.005623413251903491,1585.5588672416275,0.0,ordinary_least_squares,measured_graph,5,constant_average_sigma
0.007498942093324558,1586.723633002738,1.1647657611106297,ordinary_least_squares,measured_graph,5,constant_average_sigma
0.01,1593.4340572667206,7.875190025093161,ordinary_least_squares,measured_graph,5,constant_average_sigma
0.01333521432163324,1605.067137458547,19.508270216919527,ordinary_least_squares,measured_graph,5,constant_average_sigma
0.01778279410038923,1620.4881299699464,34.92926272831892,ordinary_least_squares,measured_graph,5,constant_average_sigma
0.023713737056616554,1638.8326673730835,53.27380013145603,ordinary_least_squares,measured_graph,5,constant_average_sigma
0.03162277660168379,1660.1046462198594,74.54577897823197,ordinary_least_squares,measured_graph,5,constant_average_sigma
0.042169650342858224,1684.9753298445194,99.4164626028919,ordinary_least_squares,measured_graph,5,constant_average_sigma
0.05623413251903491,1713.8929643038127,128.33409706218526,ordinary_least_squares,measured_graph,5,constant_average_sigma
0.07498942093324558,1746.241140689885,160.68227344825755,ordinary_least_squares,measured_graph,5,constant_average_sigma
0.1,1780.0428356792386,194.4839684376111,ordinary_least_squares,measured_graph,5,constant_average_sigma
1e-06,587.234087316294,0.0,ordinary_least_squares,measured_graph,6,constant_average_sigma
1.333521432163324e-06,587.2342497054983,0.00016238920431987935,ordinary_least_squares,measured_graph,6,constant_average_sigma
1.778279410038923e-06,587.234466275153,0.000378958858959777,ordinary_least_squares,measured_graph,6,constant_average_sigma
2.3713737056616552e-06,587.2347551154129,0.0006677991189008026,ordinary_least_squares,measured_graph,6,constant_average_sigma
3.162277660168379e-06,587.235140355128,0.0010530388340157515,ordinary_least_squares,measured_graph,6,constant_average_sigma
4.216965034285822e-06,587.235654194446,0.0015668781520616903,ordinary_least_squares,measured_graph,6,constant_average_sigma
5.623413251903491e-06,587.2363396158114,0.0022522995174085736,ordinary_least_squares,measured_graph,6,constant_average_sigma
7.498942093324558e-06,587.2372540044533,0.0031666881593537255,ordinary_least_squares,measured_graph,6,constant_average_sigma
1e-05,587.2384740096038,0.004386693309811562,ordinary_least_squares,measured_graph,6,constant_average_sigma
1.333521432163324e-05,587.2401020647346,0.006014748440634321,ordinary_least_squares,measured_graph,6,constant_average_sigma
1.778279410038923e-05,587.2422751569623,0.008187840668256285,ordinary_least_squares,measured_graph,6,constant_average_sigma
2.3713737056616554e-05,587.2451766579123,0.011089341618344406,ordinary_least_squares,measured_graph,6,constant_average_sigma
3.1622776601683795e-05,587.2490523265678,0.014965010273840562,ordinary_least_squares,measured_graph,6,constant_average_sigma
4.216965034285822e-05,587.2542320692222,0.020144752928217713,ordinary_least_squares,measured_graph,6,constant_average_sigma
5.623413251903491e-05,587.2611596840497,0.027072367755749838,ordinary_least_squares,measured_graph,6,constant_average_sigma
7.498942093324559e-05,587.2704338074841,0.036346491190101915,ordinary_least_squares,measured_graph,6,constant_average_sigma
0.0001,587.2828647655823,0.04877744928830907,ordinary_least_squares,measured_graph,6,constant_average_sigma
0.0001333521432163324,587.299554304523,0.06546698822899089,ordinary_least_squares,measured_graph,6,constant_average_sigma
0.00017782794100389227,587.3220086993649,0.08792138307092046,ordinary_least_squares,measured_graph,6,constant_average_sigma
0.00023713737056616554,587.3523012381697,0.11821392187573565,ordinary_least_squares,measured_graph,6,constant_average_sigma
0.00031622776601683794,587.39330866283,0.1592213465360146,ordinary_least_squares,measured_graph,6,constant_average_sigma
0.00042169650342858224,587.4490594818853,0.21497216559134813,ordinary_least_squares,measured_graph,6,constant_average_sigma
0.0005623413251903491,587.5252525286243,0.29116521233027015,ordinary_least_squares,measured_graph,6,constant_average_sigma
0.0007498942093324559,587.6300350881196,0.3959477718256039,ordinary_least_squares,measured_graph,6,constant_average_sigma
0.001,587.7751768260558,0.5410895097618322,ordinary_least_squares,measured_graph,6,constant_average_sigma
0.001333521432163324,587.977851731461,0.7437644151669929,ordinary_least_squares,measured_graph,6,constant_average_sigma
0.0017782794100389228,588.2633900288688,1.029302712574804,ordinary_least_squares,measured_graph,6,constant_average_sigma
0.0023713737056616554,588.6697460766692,1.4356587603751905,ordinary_least_squares,measured_graph,6,constant_average_sigma
0.0031622776601683794,589.2555444180664,2.0214571017723983,ordinary_least_squares,measured_graph,6,constant_average_sigma
0.004216965034285823,590.116507501121,2.8824201848269695,ordinary_least_squares,measured_graph,6,constant_average_sigma
0.005623413251903491,591.4203842455654,4.186296929271407,ordinary_least_squares,measured_graph,6,constant_average_sigma
0.007498942093324558,593.4711818462624,6.237094529968431,ordinary_least_squares,measured_graph,6,constant_average_sigma
0.01,596.7842460617046,9.550158745410613,ordinary_least_squares,measured_graph,6,constant_average_sigma
0.01333521432163324,602.0785770963143,14.844489780020353,ordinary_least_squares,measured_graph,6,constant_average_sigma
0.01778279410038923,610.0553707795088,22.821283463214854,ordinary_least_squares,measured_graph,6,constant_average_sigma
0.023713737056616554,620.9776464781625,33.74355916186846,ordinary_least_squares,measured_graph,6,constant_average_sigma
0.03162277660168379,634.350031279165,47.11594396287103,ordinary_least_squares,measured_graph,6,constant_average_sigma
0.042169650342858224,649.0896481395766,61.855560823282644,ordinary_least_squares,measured_graph,6,constant_average_sigma
0.05623413251903491,664.1591474437486,76.92506012745457,ordinary_least_squares,measured_graph,6,constant_average_sigma
0.07498942093324558,679.0495781627724,91.81549084647838,ordinary_least_squares,measured_graph,6,constant_average_sigma
0.1,693.6563203028084,106.42223298651436,ordinary_least_squares,measured_graph,6,constant_average_sigma
1e-06,861.3612836590247,0.0,ordinary_least_squares,measured_graph,7,constant_average_sigma
1.333521432163324e-06,861.3617746974844,0.0004910384596996664,ordinary_least_squares,measured_graph,7,constant_average_sigma
1.778279410038923e-06,861.362429512962,0.0011458539372597443,ordinary_least_squares,measured_graph,7,constant_average_sigma
2.3713737056616552e-06,861.3633027373073,0.002019078282614828,ordinary_least_squares,measured_graph,7,constant_average_sigma
3.162277660168379e-06,861.3644672273044,0.0031835682797236586,ordinary_least_squares,measured_graph,7,constant_average_sigma
4.216965034285822e-06,861.3660201419527,0.004736482928024088,ordinary_least_squares,measured_graph,7,constant_average_sigma
5.623413251903491e-06,861.3680910590145,0.006807399989838814,ordinary_least_squares,measured_graph,7,constant_average_sigma
7.498942093324558e-06,861.3708528061761,0.009569147151410107,ordinary_least_squares,measured_graph,7,constant_average_sigma
1e-05,861.3745358907888,0.013252231764113276,ordinary_least_squares,measured_graph,7,constant_average_sigma
1.333521432163324e-05,861.3794477827098,0.018164123685096456,ordinary_least_squares,measured_graph,7,constant_average_sigma
1.778279410038923e-05,861.3859986377754,0.024714978750694172,ordinary_least_squares,measured_graph,7,constant_average_sigma
2.3713737056616554e-05,861.3947356601868,0.033452001162117995,ordinary_least_squares,measured_graph,7,constant_average_sigma
3.1622776601683795e-05,861.4063889974423,0.045105338417556595,ordinary_least_squares,measured_graph,7,constant_average_sigma
4.216965034285822e-05,861.4219330896875,0.06064943066280648,ordinary_least_squares,measured_graph,7,constant_average_sigma
5.623413251903491e-05,861.4426687294514,0.08138507042667698,ordinary_least_squares,measured_graph,7,constant_average_sigma
7.498942093324559e-05,861.4703329113307,0.10904925230602203,ordinary_least_squares,measured_graph,7,constant_average_sigma
0.0001,861.5072460356,0.1459623765753122,ordinary_least_squares,measured_graph,7,constant_average_sigma
0.0001333521432163324,861.556509386998,0.1952257279732521,ordinary_least_squares,measured_graph,7,constant_average_sigma
0.00017782794100389227,861.622270359695,0.26098670067028706,ordinary_least_squares,measured_graph,7,constant_average_sigma
0.00023713737056616554,861.7100789842575,0.34879532523279977,ordinary_least_squares,measured_graph,7,constant_average_sigma
0.00031622776601683794,861.8273672347016,0.466083575676862,ordinary_least_squares,measured_graph,7,constant_average_sigma
0.00042169650342858224,861.984092330202,0.6228086711772676,ordinary_least_squares,measured_graph,7,constant_average_sigma
0.0005623413251903491,862.1935956158046,0.832311956779904,ordinary_least_squares,measured_graph,7,constant_average_sigma
0.0007498942093324559,862.473735365833,1.112451706808315,ordinary_least_squares,measured_graph,7,constant_average_sigma
0.001,862.8483433766651,1.4870597176403635,ordinary_least_squares,measured_graph,7,constant_average_sigma
0.001333521432163324,863.3490040820641,1.9877204230393772,ordinary_least_squares,measured_graph,7,constant_average_sigma
0.0017782794100389228,864.0170055947754,2.6557219357506483,ordinary_least_squares,measured_graph,7,constant_average_sigma
0.0023713737056616554,864.9049790630854,3.5436954040607134,ordinary_least_squares,measured_graph,7,constant_average_sigma
0.0031622776601683794,866.0771932805399,4.715909621515152,ordinary_least_squares,measured_graph,7,constant_average_sigma
0.004216965034285823,867.6071380294228,6.245854370398092,ordinary_least_squares,measured_graph,7,constant_average_sigma
0.005623413251903491,869.5730107102123,8.211727051187609,ordinary_least_squares,measured_graph,7,constant_average_sigma
0.007498942093324558,872.0611394508392,10.699855791814457,ordinary_least_squares,measured_graph,7,constant_average_sigma
0.01,875.2059743820121,13.844690722987366,ordinary_least_squares,measured_graph,7,constant_average_sigma
0.01333521432163324,879.2896408525282,17.92835719350353,ordinary_least_squares,measured_graph,7,constant_average_sigma
0.01778279410038923,884.8132688789616,23.451985219936887,ordinary_least_squares,measured_graph,7,constant_average_sigma
0.023713737056616554,892.3143907364522,30.95310707742749,ordinary_least_squares,measured_graph,7,constant_average_sigma
0.03162277660168379,901.9507437299357,40.589460070910945,ordinary_least_squares,measured_graph,7,constant_average_sigma
0.042169650342858224,913.3973012419558,52.036017582931095,ordinary_least_squares,measured_graph,7,constant_average_sigma
0.05623413251903491,926.3575031121536,64.9962194531289,ordinary_least_squares,measured_graph,7,constant_average_sigma
0.07498942093324558,941.0140230908021,79.65273943177738,ordinary_least_squares,measured_graph,7,constant_average_sigma
0.1,957.6230977140633,96.2618140550386,ordinary_least_squares,measured_graph,7,constant_average_sigma
1e-06,5281.004219545179,0.0,ordinary_least_squares,measured_graph,8,constant_average_sigma
1.333521432163324e-06,5281.004985540727,0.0007659955481358338,ordinary_least_squares,measured_graph,8,constant_average_sigma
1.778279410038923e-06,5281.006007264694,0.0017877195150504122,ordinary_least_squares,measured_graph,8,constant_average_sigma
2.3713737056616552e-06,5281.007370140122,0.0031505949427810265,ordinary_least_squares,measured_graph,8,constant_average_sigma
3.162277660168379e-06,5281.009188315375,0.004968770195773686,ordinary_least_squares,measured_graph,8,constant_average_sigma
4.216965034285822e-06,5281.011614183844,0.007394638665573439,ordinary_least_squares,measured_graph,8,constant_average_sigma
5.623413251903491e-06,5281.014851452194,0.010631907015522302,ordinary_least_squares,measured_graph,8,constant_average_sigma
7.498942093324558e-06,5281.019172518705,0.014952973526305868,ordinary_least_squares,measured_graph,8,constant_average_sigma
1e-05,5281.02494202632,0.02072248114109243,ordinary_least_squares,measured_graph,8,constant_average_sigma
1.333521432163324e-05,5281.032648657035,0.028429111855984956,ordinary_least_squares,measured_graph,8,constant_average_sigma
1.778279410038923e-05,5281.042948365143,0.03872881996448996,ordinary_least_squares,measured_graph,8,constant_average_sigma
2.3713737056616554e-05,5281.0567233745915,0.05250382941267162,ordinary_least_squares,measured_graph,8,constant_average_sigma
3.1622776601683795e-05,5281.075163230206,0.07094368502748694,ordinary_least_squares,measured_graph,8,constant_average_sigma
4.216965034285822e-05,5281.099876851982,0.09565730680333218,ordinary_least_squares,measured_graph,8,constant_average_sigma
5.623413251903491e-05,5281.133048571253,0.12882902607452706,ordinary_least_squares,measured_graph,8,constant_average_sigma
7.498942093324559e-05,5281.1776567791385,0.173437233959703,ordinary_least_squares,measured_graph,8,constant_average_sigma
0.0001,5281.237781580038,0.23356203485946025,ordinary_least_squares,measured_graph,8,constant_average_sigma
0.0001333521432163324,5281.319037213368,0.3148176681888799,ordinary_least_squares,measured_graph,8,constant_average_sigma
0.00017782794100389227,5281.429173030443,0.42495348526426824,ordinary_least_squares,measured_graph,8,constant_average_sigma
0.00023713737056616554,5281.578883371454,0.574663826275355,ordinary_least_squares,measured_graph,8,constant_average_sigma
0.00031622776601683794,5281.782823953963,0.7786044087843038,ordinary_least_squares,measured_graph,8,constant_average_sigma
0.00042169650342858224,5282.06068440997,1.056464864791451,ordinary_least_squares,measured_graph,8,constant_average_sigma
0.0005623413251903491,5282.437781485435,1.433561940256368,ordinary_least_squares,measured_graph,8,constant_average_sigma
0.0007498942093324559,5282.943835065509,1.9396155203303351,ordinary_least_squares,measured_graph,8,constant_average_sigma
0.001,5283.60744734291,2.6032277977310514,ordinary_least_squares,measured_graph,8,constant_average_sigma
0.001333521432163324,5284.44393583075,3.439716285571194,ordinary_least_squares,measured_graph,8,constant_average_sigma
0.0017782794100389228,5285.44143206343,4.437212518250817,ordinary_least_squares,measured_graph,8,constant_average_sigma
0.0023713737056616554,5286.572956340001,5.568736794822144,ordinary_least_squares,measured_graph,8,constant_average_sigma
0.0031622776601683794,5287.882596851537,6.878377306357834,ordinary_least_squares,measured_graph,8,constant_average_sigma
0.004216965034285823,5289.622814310298,8.61859476511927,ordinary_least_squares,measured_graph,8,constant_average_sigma
0.005623413251903491,5292.230222564284,11.22600301910552,ordinary_least_squares,measured_graph,8,constant_average_sigma
0.007498942093324558,5295.961570063557,14.957350518378007,ordinary_least_squares,measured_graph,8,constant_average_sigma
0.01,5300.528978442142,19.52475889696325,ordinary_least_squares,measured_graph,8,constant_average_sigma
0.01333521432163324,5305.307186554615,24.302967009436543,ordinary_least_squares,measured_graph,8,constant_average_sigma
0.01778279410038923,5309.93819704891,28.933977503731512,ordinary_least_squares,measured_graph,8,constant_average_sigma
0.023713737056616554,5314.591578372241,33.58735882706242,ordinary_least_squares,measured_graph,8,constant_average_sigma
0.03162277660168379,5319.746696185732,38.74247664055292,ordinary_least_squares,measured_graph,8,constant_average_sigma
0.042169650342858224,5325.95152607327,44.94730652809085,ordinary_least_squares,measured_graph,8,constant_average_sigma
0.05623413251903491,5333.803311968757,52.79909242357826,ordinary_least_squares,measured_graph,8,constant_average_sigma
0.07498942093324558,5343.984989182392,62.9807696372136,ordinary_least_squares,measured_graph,8,constant_average_sigma
0.1,5357.091954850664,76.08773530548478,ordinary_least_squares,measured_graph,8,constant_average_sigma
1e-06,2999.0637016469846,3.358372266493461,ordinary_least_squares,measured_graph,9,constant_average_sigma
1.333521432163324e-06,2999.0618403713775,3.3565109908863633,ordinary_least_squares,measured_graph,9,constant_average_sigma
1.778279410038923e-06,2999.059359025059,3.3540296445680724,ordinary_least_squares,measured_graph,9,constant_average_sigma
2.3713737056616552e-06,2999.056051354354,3.350721973863074,ordinary_least_squares,measured_graph,9,constant_average_sigma
3.162277660168379e-06,2999.051642728953,3.3463133484619902,ordinary_least_squares,measured_graph,9,constant_average_sigma
4.216965034285822e-06,2999.0457676958604,3.3404383153692834,ordinary_least_squares,measured_graph,9,constant_average_sigma
5.623413251903491e-06,2999.037940264032,3.3326108835408377,ordinary_least_squares,measured_graph,9,constant_average_sigma
7.498942093324558e-06,2999.0275147578586,3.322185377367532,ordinary_least_squares,measured_graph,9,constant_average_sigma
1e-05,2999.0136344337416,3.3083050532504785,ordinary_least_squares,measured_graph,9,constant_average_sigma
1.333521432163324e-05,2998.995164442954,3.289835062462771,ordinary_least_squares,measured_graph,9,constant_average_sigma
1.778279410038923e-05,2998.970605024413,3.2652756439219957,ordinary_least_squares,measured_graph,9,constant_average_sigma
2.3713737056616554e-05,2998.9379804514765,3.232651070985412,ordinary_least_squares,measured_graph,9,constant_average_sigma
3.1622776601683795e-05,2998.894699296009,3.189369915518,ordinary_least_squares,measured_graph,9,constant_average_sigma
4.216965034285822e-05,2998.837383101998,3.1320537215069635,ordinary_least_squares,measured_graph,9,constant_average_sigma
5.623413251903491e-05,2998.761664886184,3.056335505692914,ordinary_least_squares,measured_graph,9,constant_average_sigma
7.498942093324559e-05,2998.66196906766,2.9566396871687175,ordinary_least_squares,measured_graph,9,constant_average_sigma
0.0001,2998.531306044193,2.825976663702022,ordinary_least_squares,measured_graph,9,constant_average_sigma
0.0001333521432163324,2998.3611584792516,2.655829098760478,ordinary_least_squares,measured_graph,9,constant_average_sigma
0.00017782794100389227,2998.1416230373143,2.4362936568231817,ordinary_least_squares,measured_graph,9,constant_average_sigma
0.00023713737056616554,2997.8621404052483,2.1568110247571894,ordinary_least_squares,measured_graph,9,constant_average_sigma
0.00031622776601683794,2997.513474127637,1.8081447471458887,ordinary_least_squares,measured_graph,9,constant_average_sigma
0.00042169650342858224,2997.092230843163,1.3869014626720855,ordinary_least_squares,measured_graph,9,constant_average_sigma
0.0005623413251903491,2996.6104238157395,0.9050944352484294,ordinary_least_squares,measured_graph,9,constant_average_sigma
0.0007498942093324559,2996.1148491199856,0.40951973949449894,ordinary_least_squares,measured_graph,9,constant_average_sigma
0.001,2995.725088364552,0.01975898406089982,ordinary_least_squares,measured_graph,9,constant_average_sigma
0.001333521432163324,2995.705329380491,0.0,ordinary_least_squares,measured_graph,9,constant_average_sigma
0.0017782794100389228,2996.592138737957,0.8868093574660634,ordinary_least_squares,measured_graph,9,constant_average_sigma
0.0023713737056616554,2999.396751067915,3.6914216874238264,ordinary_least_squares,measured_graph,9,constant_average_sigma
0.0031622776601683794,3005.8531471539795,10.147817773488441,ordinary_least_squares,measured_graph,9,constant_average_sigma
0.004216965034285823,3018.5425734891633,22.837244108672166,ordinary_least_squares,measured_graph,9,constant_average_sigma
0.005623413251903491,3040.522240445005,44.81691106451399,ordinary_least_squares,measured_graph,9,constant_average_sigma
0.007498942093324558,3074.070693426939,78.36536404644812,ordinary_least_squares,measured_graph,9,constant_average_sigma
0.01,3118.6226579591066,122.91732857861552,ordinary_least_squares,measured_graph,9,constant_average_sigma
0.01333521432163324,3169.009092839874,173.30376345938294,ordinary_least_squares,measured_graph,9,constant_average_sigma
0.01778279410038923,3216.360949710899,220.65562033040806,ordinary_least_squares,measured_graph,9,constant_average_sigma
0.023713737056616554,3252.6959044000228,256.99057501953166,ordinary_least_squares,measured_graph,9,constant_average_sigma
0.03162277660168379,3275.3867667710538,279.6814373905627,ordinary_least_squares,measured_graph,9,constant_average_sigma
0.042169650342858224,3287.1110383651794,291.4057089846883,ordinary_least_squares,measured_graph,9,constant_average_sigma
0.05623413251903491,3292.5305199004883,296.82519051999725,ordinary_least_squares,measured_graph,9,constant_average_sigma
0.07498942093324558,3295.5458119527857,299.8404825722946,ordinary_least_squares,measured_graph,9,constant_average_sigma
0.1,3298.3861933271987,302.68086394670763,ordinary_least_squares,measured_graph,9,constant_average_sigma
1e-06,97486.38181741074,8383.216847377567,ordinary_least_squares,measured_graph,10,constant_average_sigma
1.333521432163324e-06,97486.25917485586,8383.094204822686,ordinary_least_squares,measured_graph,10,constant_average_sigma
1.778279410038923e-06,97486.09554693976,8382.930576906583,ordinary_least_squares,measured_graph,10,constant_average_sigma
2.3713737056616552e-06,97485.87721174839,8382.712241715213,ordinary_least_squares,measured_graph,10,constant_average_sigma
3.162277660168379e-06,97485.5858035335,8382.42083350032,ordinary_least_squares,measured_graph,10,constant_average_sigma
4.216965034285822e-06,97485.19676395506,8382.03179392188,ordinary_least_squares,measured_graph,10,constant_average_sigma
5.623413251903491e-06,97484.67718417116,8381.512214137983,ordinary_least_squares,measured_graph,10,constant_average_sigma
7.498942093324558e-06,97483.9829138365,8380.817943803326,ordinary_least_squares,measured_graph,10,constant_average_sigma
1e-05,97483.05460476468,8379.889634731502,ordinary_least_squares,measured_graph,10,constant_average_sigma
1.333521432163324e-05,97481.81226367826,8378.647293645088,ordinary_least_squares,measured_graph,10,constant_average_sigma
1.778279410038923e-05,97480.14771919136,8376.982749158182,ordinary_least_squares,measured_graph,10,constant_average_sigma
2.3713737056616554e-05,97477.91405013189,8374.749080098714,ordinary_least_squares,measured_graph,10,constant_average_sigma
3.1622776601683795e-05,97474.91059427538,8371.745624242205,ordinary_least_squares,measured_graph,10,constant_average_sigma
4.216965034285822e-05,97470.86134966384,8367.696379630666,ordinary_least_squares,measured_graph,10,constant_average_sigma
5.623413251903491e-05,97465.3833399059,8362.218369872717,ordinary_least_squares,measured_graph,10,constant_average_sigma
7.498942093324559e-05,97457.9394235075,8354.774453474325,ordinary_least_squares,measured_graph,10,constant_average_sigma
0.0001,97447.76655780475,8344.601587771569,ordinary_least_squares,measured_graph,10,constant_average_sigma
0.0001333521432163324,97433.76471813646,8330.599748103283,ordinary_least_squares,measured_graph,10,constant_average_sigma
0.00017782794100389227,97414.32198694327,8311.157016910089,ordinary_least_squares,measured_graph,10,constant_average_sigma
0.00023713737056616554,97387.03539815597,8283.870428122798,ordinary_least_squares,measured_graph,10,constant_average_sigma
0.00031622776601683794,97348.26173392494,8245.096763891765,ordinary_least_squares,measured_graph,10,constant_average_sigma
0.00042169650342858224,97292.39468306696,8189.229713033783,ordinary_least_squares,measured_graph,10,constant_average_sigma
0.0005623413251903491,97210.7169763168,8107.552006283629,ordinary_least_squares,measured_graph,10,constant_average_sigma
0.0007498942093324559,97089.64306551762,7986.478095484446,ordinary_least_squares,measured_graph,10,constant_average_sigma
0.001,96908.2444666137,7805.079496580525,ordinary_least_squares,measured_graph,10,constant_average_sigma
0.001333521432163324,96635.40880769488,7532.2438376617065,ordinary_least_squares,measured_graph,10,constant_average_sigma
0.0017782794100389228,96228.41717679481,7125.252206761637,ordinary_least_squares,measured_graph,10,constant_average_sigma
0.0023713737056616554,95637.79940844132,6534.634438408146,ordinary_least_squares,measured_graph,10,constant_average_sigma
0.0031622776601683794,94826.62899554879,5723.464025515612,ordinary_least_squares,measured_graph,10,constant_average_sigma
0.004216965034285823,93807.38831347768,4704.223343444508,ordinary_least_squares,measured_graph,10,constant_average_sigma
0.005623413251903491,92674.184143018,3571.01917298483,ordinary_least_squares,measured_graph,10,constant_average_sigma
0.007498942093324558,91583.63541798043,2480.4704479472566,ordinary_least_squares,measured_graph,10,constant_average_sigma
0.01,90677.24098740163,1574.076017368454,ordinary_least_squares,measured_graph,10,constant_average_sigma
0.01333521432163324,90014.65943434853,911.4944643153576,ordinary_least_squares,measured_graph,10,constant_average_sigma
0.01778279410038923,89574.78283559649,471.6178655633121,ordinary_least_squares,measured_graph,10,constant_average_sigma
0.023713737056616554,89302.49531488238,199.3303448492079,ordinary_least_squares,measured_graph,10,constant_average_sigma
0.03162277660168379,89151.68807762951,48.52310759633838,ordinary_least_squares,measured_graph,10,constant_average_sigma
0.042169650342858224,89103.16497003318,0.0,ordinary_least_squares,measured_graph,10,constant_average_sigma
0.05623413251903491,89167.34033787706,64.17536784388358,ordinary_least_squares,measured_graph,10,constant_average_sigma
0.07498942093324558,89389.05630332253,285.89133328935714,ordinary_least_squares,measured_graph,10,constant_average_sigma
0.1,89861.13070859583,757.9657385626488,ordinary_least_squares,measured_graph,10,constant_average_sigma
1e-06,19492.452127095665,115.07126535384305,ordinary_least_squares,measured_graph,11,constant_average_sigma
1.333521432163324e-06,19492.410219980244,115.02935823842199,ordinary_least_squares,measured_graph,11,constant_average_sigma
1.778279410038923e-06,19492.354347917375,114.97348617555326,ordinary_least_squares,measured_graph,11,constant_average_sigma
2.3713737056616552e-06,19492.279861952746,114.89900021092399,ordinary_least_squares,measured_graph,11,constant_average_sigma
3.162277660168379e-06,19492.180568892494,114.79970715067248,ordinary_least_squares,measured_graph,11,constant_average_sigma
4.216965034285822e-06,19492.04822298793,114.66736124610907,ordinary_least_squares,measured_graph,11,constant_average_sigma
5.623413251903491e-06,19491.871850410385,114.49098866856366,ordinary_least_squares,measured_graph,11,constant_average_sigma
7.498942093324558e-06,19491.636856003362,114.25599426154076,ordinary_least_squares,measured_graph,11,constant_average_sigma
1e-05,19491.323844766583,113.9429830247609,ordinary_least_squares,measured_graph,11,constant_average_sigma
1.333521432163324e-05,19490.90707629618,113.52621455435656,ordinary_least_squares,measured_graph,11,constant_average_sigma
1.778279410038923e-05,19490.35244271818,112.97158097635838,ordinary_least_squares,measured_graph,11,constant_average_sigma
2.3713737056616554e-05,19489.614848531022,112.23398678920057,ordinary_least_squares,measured_graph,11,constant_average_sigma
3.1622776601683795e-05,19488.634848273006,111.25398653118464,ordinary_least_squares,measured_graph,11,constant_average_sigma
4.216965034285822e-05,19487.334400312033,109.9535385702111,ordinary_least_squares,measured_graph,11,constant_average_sigma
5.623413251903491e-05,19485.611626390033,108.23076464821133,ordinary_least_squares,measured_graph,11,constant_average_sigma
7.498942093324559e-05,19483.334578878777,105.95371713695567,ordinary_least_squares,measured_graph,11,constant_average_sigma
0.0001,19480.33428038078,102.95341863895737,ordinary_least_squares,measured_graph,11,constant_average_sigma
0.0001333521432163324,19476.397863901475,99.0170021596532,ordinary_least_squares,measured_graph,11,constant_average_sigma
0.00017782794100389227,19471.2637761659,93.88291442407717,ordinary_least_squares,measured_graph,11,constant_average_sigma
0.00023713737056616554,19464.623213529285,87.24235178746312,ordinary_least_squares,measured_graph,11,constant_average_sigma
0.00031622776601683794,19456.136169205616,78.75530746379445,ordinary_least_squares,measured_graph,11,constant_average_sigma
0.00042169650342858224,19445.47836503361,68.0975032917886,ordinary_least_squares,measured_graph,11,constant_average_sigma
0.0005623413251903491,19432.449922054006,55.069060312183865,ordinary_least_squares,measured_graph,11,constant_average_sigma
0.0007498942093324559,19417.20291891534,39.82205717351826,ordinary_least_squares,measured_graph,11,constant_average_sigma
0.001,19400.690246224614,23.309384482792666,ordinary_least_squares,measured_graph,11,constant_average_sigma
0.001333521432163324,19385.508003702005,8.127141960183508,ordinary_least_squares,measured_graph,11,constant_average_sigma
0.0017782794100389228,19377.38086174182,0.0,ordinary_least_squares,measured_graph,11,constant_average_sigma
0.0023713737056616554,19387.50622178202,10.125360040197847,ordinary_least_squares,measured_graph,11,constant_average_sigma
0.0031622776601683794,19435.40982794724,58.02896620541651,ordinary_least_squares,measured_graph,11,constant_average_sigma
0.004216965034285823,19549.970086354857,172.58922461303519,ordinary_least_squares,measured_graph,11,constant_average_sigma
0.005623413251903491,19762.566263373694,385.1854016318721,ordinary_least_squares,measured_graph,11,constant_average_sigma
0.007498942093324558,20085.964508502784,708.5836467609624,ordinary_least_squares,measured_graph,11,constant_average_sigma
0.01,20487.546035291434,1110.1651735496125,ordinary_least_squares,measured_graph,11,constant_average_sigma
0.01333521432163324,20889.466212423056,1512.0853506812346,ordinary_least_squares,measured_graph,11,constant_average_sigma
0.01778279410038923,21213.952349047006,1836.5714873051838,ordinary_least_squares,measured_graph,11,constant_average_sigma
0.023713737056616554,21434.918005740234,2057.537143998412,ordinary_least_squares,measured_graph,11,constant_average_sigma
0.03162277660168379,21587.300451536805,2209.919589794983,ordinary_least_squares,measured_graph,11,constant_average_sigma
0.042169650342858224,21735.65815934329,2358.2772976014676,ordinary_least_squares,measured_graph,11,constant_average_sigma
0.05623413251903491,21933.557174923822,2556.1763131820007,ordinary_least_squares,measured_graph,11,constant_average_sigma
0.07498942093324558,22201.49993391976,2824.1190721779385,ordinary_least_squares,measured_graph,11,constant_average_sigma
0.1,22530.53521659056,3153.154354848739,ordinary_least_squares,measured_graph,11,constant_average_sigma
1e-06,4893.353211730729,0.0,ordinary_least_squares,measured_graph,12,constant_average_sigma
1.333521432163324e-06,4893.363644639487,0.010432908758048143,ordinary_least_squares,measured_graph,12,constant_average_sigma
1.778279410038923e-06,4893.377559849559,0.024348118829948362,ordinary_least_squares,measured_graph,12,constant_average_sigma
2.3713737056616552e-06,4893.396120693544,0.04290896281509049,ordinary_least_squares,measured_graph,12,constant_average_sigma
3.162277660168379e-06,4893.420880165523,0.0676684347945411,ordinary_least_squares,measured_graph,12,constant_average_sigma
4.216965034285822e-06,4893.453912120002,0.10070038927369751,ordinary_least_squares,measured_graph,12,constant_average_sigma
5.623413251903491e-06,4893.497987005306,0.14477527457711403,ordinary_least_squares,measured_graph,12,constant_average_sigma
7.498942093324558e-06,4893.556808080475,0.20359634974647633,ordinary_least_squares,measured_graph,12,constant_average_sigma
1e-05,4893.635329564988,0.28211783425922476,ordinary_least_squares,measured_graph,12,constant_average_sigma
1.333521432163324e-05,4893.740185957392,0.38697422666336934,ordinary_least_squares,measured_graph,12,constant_average_sigma
1.778279410038923e-05,4893.880274316809,0.5270625860803193,ordinary_least_squares,measured_graph,12,constant_average_sigma
2.3713737056616554e-05,4894.067547439708,0.7143357089789788,ordinary_least_squares,measured_graph,12,constant_average_sigma
3.1622776601683795e-05,4894.3181016345325,0.9648899038038508,ordinary_least_squares,measured_graph,12,constant_average_sigma
4.216965034285822e-05,4894.653680430033,1.3004686993044743,ordinary_least_squares,measured_graph,12,constant_average_sigma
5.623413251903491e-05,4895.103773773369,1.7505620426400128,ordinary_least_squares,measured_graph,12,constant_average_sigma
7.498942093324559e-05,4895.708583733094,2.355372002365584,ordinary_least_squares,measured_graph,12,constant_average_sigma
0.0001,4896.523272758379,3.170061027650263,ordinary_least_squares,measured_graph,12,constant_average_sigma
0.0001333521432163324,4897.62414488505,4.270933154321028,ordinary_least_squares,measured_graph,12,constant_average_sigma
0.00017782794100389227,4899.117792233425,5.764580502695935,ordinary_least_squares,measured_graph,12,constant_average_sigma
0.00023713737056616554,4901.154863549294,7.801651818565006,ordinary_least_squares,measured_graph,12,constant_average_sigma
0.00031622776601683794,4903.951129481306,10.597917750577835,ordinary_least_squares,measured_graph,12,constant_average_sigma
0.00042169650342858224,4907.820151174565,14.466939443836054,ordinary_least_squares,measured_graph,12,constant_average_sigma
0.0005623413251903491,4913.224379146302,19.871167415573836,ordinary_least_squares,measured_graph,12,constant_average_sigma
0.0007498942093324559,4920.855093661641,27.501881930912532,ordinary_least_squares,measured_graph,12,constant_average_sigma
0.001,4931.755738549049,38.40252681832044,ordinary_least_squares,measured_graph,12,constant_average_sigma
0.001333521432163324,4947.504908234044,54.15169650331518,ordinary_least_squares,measured_graph,12,constant_average_sigma
0.0017782794100389228,4970.464349588283,77.11113785755424,ordinary_least_squares,measured_graph,12,constant_average_sigma
0.0023713737056616554,5004.046831877342,110.69362014661328,ordinary_least_squares,measured_graph,12,constant_average_sigma
0.0031622776601683794,5052.815388049144,159.462176318415,ordinary_least_squares,measured_graph,12,constant_average_sigma
0.004216965034285823,5121.94438905184,228.591177321111,ordinary_least_squares,measured_graph,12,constant_average_sigma
0.005623413251903491,5215.323056669259,321.9698449385305,ordinary_least_squares,measured_graph,12,constant_average_sigma
0.007498942093324558,5332.12341906071,438.77020732998153,ordinary_least_squares,measured_graph,12,constant_average_sigma
0.01,5463.829962136264,570.4767504055353,ordinary_least_squares,measured_graph,12,constant_average_sigma
0.01333521432163324,5595.653813024989,702.3006012942606,ordinary_least_squares,measured_graph,12,constant_average_sigma
0.01778279410038923,5713.434462351146,820.0812506204174,ordinary_least_squares,measured_graph,12,constant_average_sigma
0.023713737056616554,5811.286128979539,917.9329172488106,ordinary_least_squares,measured_graph,12,constant_average_sigma
0.03162277660168379,5893.832450789459,1000.47923905873,ordinary_least_squares,measured_graph,12,constant_average_sigma
0.042169650342858224,5971.29984632361,1077.9466345928813,ordinary_least_squares,measured_graph,12,constant_average_sigma
0.05623413251903491,6051.598789448676,1158.2455777179475,ordinary_least_squares,measured_graph,12,constant_average_sigma
0.07498942093324558,6134.919834066439,1241.5666223357102,ordinary_least_squares,measured_graph,12,constant_average_sigma
0.1,6213.670842764938,1320.3176310342096,ordinary_least_squares,measured_graph,12,constant_average_sigma
1e-06,3019.053915824904,0.0,ordinary_least_squares,measured_graph,13,constant_average_sigma
1.333521432163324e-06,3019.0578384881183,0.003922663214325439,ordinary_least_squares,measured_graph,13,constant_average_sigma
1.778279410038923e-06,3019.063070197943,0.009154373039109487,ordinary_least_squares,measured_graph,13,constant_average_sigma
2.3713737056616552e-06,3019.0700480045207,0.016132179616761277,ordinary_least_squares,measured_graph,13,constant_average_sigma
3.162277660168379e-06,3019.079355208162,0.025439383257889858,ordinary_least_squares,measured_graph,13,constant_average_sigma
4.216965034285822e-06,3019.091770383489,0.03785455858496789,ordinary_least_squares,measured_graph,13,constant_average_sigma
5.623413251903491e-06,3019.1083330382235,0.05441721331953886,ordinary_least_squares,measured_graph,13,constant_average_sigma
7.498942093324558e-06,3019.130431746555,0.07651592165120746,ordinary_least_squares,measured_graph,13,constant_average_sigma
1e-05,3019.159922282356,0.10600645745216752,ordinary_least_squares,measured_graph,13,constant_average_sigma
1.333521432163324e-05,3019.1992866172864,0.14537079238243678,ordinary_least_squares,measured_graph,13,constant_average_sigma
1.778279410038923e-05,3019.251847485335,0.19793166043109522,ordinary_least_squares,measured_graph,13,constant_average_sigma
2.3713737056616554e-05,3019.322058822563,0.26814299765919714,ordinary_least_squares,measured_graph,13,constant_average_sigma
3.1622776601683795e-05,3019.4159008829283,0.36198505802440195,ordinary_least_squares,measured_graph,13,constant_average_sigma
4.216965034285822e-05,3019.5414209391147,0.48750511421076226,ordinary_least_squares,measured_graph,13,constant_average_sigma
5.623413251903491e-05,3019.7094787599635,0.6555629350596064,ordinary_least_squares,measured_graph,13,constant_average_sigma
7.498942093324559e-05,3019.934783807463,0.8808679825592662,ordinary_least_squares,measured_graph,13,constant_average_sigma
0.0001,3020.2373543494878,1.1834385245838348,ordinary_least_squares,measured_graph,13,constant_average_sigma
0.0001333521432163324,3020.644596401226,1.590680576322029,ordinary_least_squares,measured_graph,13,constant_average_sigma
0.00017782794100389227,3021.194308069147,2.1403922442432304,ordinary_least_squares,measured_graph,13,constant_average_sigma
0.00023713737056616554,3021.9390859785253,2.8851701536214023,ordinary_least_squares,measured_graph,13,constant_average_sigma
0.00031622776601683794,3022.952879546666,3.898963721761902,ordinary_least_squares,measured_graph,13,constant_average_sigma
0.00042169650342858224,3024.3408478821216,5.286932057217655,ordinary_least_squares,measured_graph,13,constant_average_sigma
0.0005623413251903491,3026.2542465962106,7.200330771306653,ordinary_least_squares,measured_graph,13,constant_average_sigma
0.0007498942093324559,3028.9127128487057,9.858797023801799,ordinary_least_squares,measured_graph,13,constant_average_sigma
0.001,3032.6365037187725,13.58258789386855,ordinary_least_squares,measured_graph,13,constant_average_sigma
0.001333521432163324,3037.8892112251533,18.83529540024938,ordinary_least_squares,measured_graph,13,constant_average_sigma
0.0017782794100389228,3045.322560279109,26.26864445420506,ordinary_least_squares,measured_graph,13,constant_average_sigma
0.0023713737056616554,3055.790050741157,36.73613491625292,ordinary_least_squares,measured_graph,13,constant_average_sigma
0.0031622776601683794,3070.248899860022,51.19498403511807,ordinary_least_squares,measured_graph,13,constant_average_sigma
0.004216965034285823,3089.4331724126628,70.37925658775885,ordinary_least_squares,measured_graph,13,constant_average_sigma
0.005623413251903491,3113.283065633458,94.22914980855421,ordinary_least_squares,measured_graph,13,constant_average_sigma
0.007498942093324558,3140.4355628259455,121.38164700104153,ordinary_least_squares,measured_graph,13,constant_average_sigma
0.01,3168.206244443458,149.1523286185543,ordinary_least_squares,measured_graph,13,constant_average_sigma
0.01333521432163324,3193.0354289818597,173.98151315695577,ordinary_least_squares,measured_graph,13,constant_average_sigma
0.01778279410038923,3211.3238579548993,192.26994212999534,ordinary_least_squares,measured_graph,13,constant_average_sigma
0.023713737056616554,3220.9973871192947,201.94347129439075,ordinary_least_squares,measured_graph,13,constant_average_sigma
0.03162277660168379,3223.0247804695177,203.9708646446138,ordinary_least_squares,measured_graph,13,constant_average_sigma
0.042169650342858224,3221.16817036707,202.11425454216624,ordinary_least_squares,measured_graph,13,constant_average_sigma
0.05623413251903491,3220.1575603647007,201.10364453979673,ordinary_least_squares,measured_graph,13,constant_average_sigma
0.07498942093324558,3224.0412423082703,204.98732648336636,ordinary_least_squares,measured_graph,13,constant_average_sigma
0.1,3235.4042721611495,216.35035633624557,ordinary_least_squares,measured_graph,13,constant_average_sigma
1e-06,5458.936302687039,107.61431887663639,ordinary_least_squares,measured_graph,14,constant_average_sigma
1.333521432163324e-06,5458.932955760277,107.61097194987451,ordinary_least_squares,measured_graph,14,constant_average_sigma
1.778279410038923e-06,5458.928491561158,107.60650775075555,ordinary_least_squares,measured_graph,14,constant_average_sigma
2.3713737056616552e-06,5458.922536623033,107.60055281263067,ordinary_least_squares,measured_graph,14,constant_average_sigma
3.162277660168379e-06,5458.914592307721,107.5926084973189,ordinary_least_squares,measured_graph,14,constant_average_sigma
4.216965034285822e-06,5458.90399259672,107.5820087863176,ordinary_least_squares,measured_graph,14,constant_average_sigma
5.623413251903491e-06,5458.889847336341,107.56786352593826,ordinary_least_squares,measured_graph,14,constant_average_sigma
7.498942093324558e-06,5458.8709659799215,107.54898216951915,ordinary_least_squares,measured_graph,14,constant_average_sigma
1e-05,5458.845754672271,107.5237708618688,ordinary_least_squares,measured_graph,14,constant_average_sigma
1.333521432163324e-05,5458.812076876787,107.49009306638436,ordinary_least_squares,measured_graph,14,constant_average_sigma
1.778279410038923e-05,5458.767063767888,107.44507995748609,ordinary_least_squares,measured_graph,14,constant_average_sigma
2.3713737056616554e-05,5458.706854705287,107.38487089488444,ordinary_least_squares,measured_graph,14,constant_average_sigma
3.1622776601683795e-05,5458.626239307577,107.30425549717438,ordinary_least_squares,measured_graph,14,constant_average_sigma
4.216965034285822e-05,5458.518159210937,107.19617540053423,ordinary_least_squares,measured_graph,14,constant_average_sigma
5.623413251903491e-05,5458.373006661379,107.05102285097655,ordinary_least_squares,measured_graph,14,constant_average_sigma
7.498942093324559e-05,5458.177624122378,106.85564031197555,ordinary_least_squares,measured_graph,14,constant_average_sigma
0.0001,5457.913856442662,106.59187263225976,ordinary_least_squares,measured_graph,14,constant_average_sigma
0.0001333521432163324,5457.556423115906,106.23443930550366,ordinary_least_squares,measured_graph,14,constant_average_sigma
0.00017782794100389227,5457.0697453821285,105.74776157172619,ordinary_least_squares,measured_graph,14,constant_average_sigma
0.00023713737056616554,5456.403160797798,105.08117698739534,ordinary_least_squares,measured_graph,14,constant_average_sigma
0.00031622776601683794,5455.483677310572,104.16169350016935,ordinary_least_squares,measured_graph,14,constant_average_sigma
0.00042169650342858224,5454.20511970902,102.8831358986181,ordinary_least_squares,measured_graph,14,constant_average_sigma
0.0005623413251903491,5452.412507650556,101.09052384015376,ordinary_least_squares,measured_graph,14,constant_average_sigma
0.0007498942093324559,5449.881764162925,98.55978035252247,ordinary_least_squares,measured_graph,14,constant_average_sigma
0.001,5446.299819140966,94.97783533056372,ordinary_least_squares,measured_graph,14,constant_average_sigma
0.001333521432163324,5441.262662615445,89.94067880504281,ordinary_least_squares,measured_graph,14,constant_average_sigma
0.0017782794100389228,5434.327813843551,83.00583003314841,ordinary_least_squares,measured_graph,14,constant_average_sigma
0.0023713737056616554,5425.157180970705,73.83519716030241,ordinary_least_squares,measured_graph,14,constant_average_sigma
0.0031622776601683794,5413.715951741714,62.393967931311636,ordinary_least_squares,measured_graph,14,constant_average_sigma
0.004216965034285823,5400.40223168621,49.0802478758078,ordinary_least_squares,measured_graph,14,constant_average_sigma
0.005623413251903491,5386.087471039906,34.76548722950338,ordinary_least_squares,measured_graph,14,constant_average_sigma
0.007498942093324558,5372.211089979479,20.889106169076513,ordinary_least_squares,measured_graph,14,constant_average_sigma
0.01,5360.74381556158,9.421831751177706,ordinary_least_squares,measured_graph,14,constant_average_sigma
0.01333521432163324,5353.528474624776,2.206490814373865,ordinary_least_squares,measured_graph,14,constant_average_sigma
0.01778279410038923,5351.321983810402,0.0,ordinary_least_squares,measured_graph,14,constant_average_sigma
0.023713737056616554,5353.6215769651435,2.29959315474116,ordinary_least_squares,measured_graph,14,constant_average_sigma
0.03162277660168379,5359.358577755443,8.036593945040295,ordinary_least_squares,measured_graph,14,constant_average_sigma
0.042169650342858224,5367.575309289458,16.253325479056002,ordinary_least_squares,measured_graph,14,constant_average_sigma
0.05623413251903491,5377.742888937014,26.420905126611615,ordinary_least_squares,measured_graph,14,constant_average_sigma
0.07498942093324558,5389.848030732963,38.526046922560454,ordinary_least_squares,measured_graph,14,constant_average_sigma
0.1,5404.2765687689725,52.954584958570194,ordinary_least_squares,measured_graph,14,constant_average_sigma
1e-06,18825.1323830534,269.2856935603886,ordinary_least_squares,measured_graph,15,constant_average_sigma
1.333521432163324e-06,18825.12265415492,269.2759646619088,ordinary_least_squares,measured_graph,15,constant_average_sigma
1.778279410038923e-06,18825.109681739417,269.2629922464075,ordinary_least_squares,measured_graph,15,constant_average_sigma
2.3713737056616552e-06,18825.092386067612,269.24569657460233,ordinary_least_squares,measured_graph,15,constant_average_sigma
3.162277660168379e-06,18825.069326666788,269.2226371737779,ordinary_least_squares,measured_graph,15,constant_average_sigma
4.216965034285822e-06,18825.03858570818,269.1918962151685,ordinary_least_squares,measured_graph,15,constant_average_sigma
5.623413251903491e-06,18824.997608266553,269.1509187735428,ordinary_least_squares,measured_graph,15,constant_average_sigma
7.498942093324558e-06,18824.94299250737,269.0963030143612,ordinary_least_squares,measured_graph,15,constant_average_sigma
1e-05,18824.870212369347,269.02352287633767,ordinary_least_squares,measured_graph,15,constant_average_sigma
1.333521432163324e-05,18824.77324939939,268.92655990638013,ordinary_least_squares,measured_graph,15,constant_average_sigma
1.778279410038923e-05,18824.64410873394,268.79741924093105,ordinary_least_squares,measured_graph,15,constant_average_sigma
2.3713737056616554e-05,18824.47218418493,268.62549469192163,ordinary_least_squares,measured_graph,15,constant_average_sigma
3.1622776601683795e-05,18824.24342992965,268.39674043664127,ordinary_least_squares,measured_graph,15,constant_average_sigma
4.216965034285822e-05,18823.939289532987,268.0926000399777,ordinary_least_squares,measured_graph,15,constant_average_sigma
5.623413251903491e-05,18823.535326485857,267.688636992847,ordinary_least_squares,measured_graph,15,constant_average_sigma
7.498942093324559e-05,18822.999503056933,267.1528135639237,ordinary_least_squares,measured_graph,15,constant_average_sigma
0.0001,18822.290070073785,266.44338058077483,ordinary_least_squares,measured_graph,15,constant_average_sigma
0.0001333521432163324,18821.35307914176,265.5063896487518,ordinary_least_squares,measured_graph,15,constant_average_sigma
0.00017782794100389227,18820.119635439463,264.27294594645355,ordinary_least_squares,measured_graph,15,constant_average_sigma
0.00023713737056616554,18818.5032174658,262.6565279727911,ordinary_least_squares,measured_graph,15,constant_average_sigma
0.00031622776601683794,18816.397755458336,260.5510659653264,ordinary_least_squares,measured_graph,15,constant_average_sigma
0.00042169650342858224,18813.677711585435,257.831022092425,ordinary_least_squares,measured_graph,15,constant_average_sigma
0.0005623413251903491,18810.201988978202,254.35529948519252,ordinary_least_squares,measured_graph,15,constant_average_sigma
0.0007498942093324559,18805.82326833468,249.97657884166983,ordinary_least_squares,measured_graph,15,constant_average_sigma
0.001,18800.400465221937,244.55377572892758,ordinary_least_squares,measured_graph,15,constant_average_sigma
0.001333521432163324,18793.79707336928,237.95038387626846,ordinary_least_squares,measured_graph,15,constant_average_sigma
0.0017782794100389228,18785.810195639162,229.9635061461522,ordinary_least_squares,measured_graph,15,constant_average_sigma
0.0023713737056616554,18775.919053567748,220.0723640747383,ordinary_least_squares,measured_graph,15,constant_average_sigma
0.0031622776601683794,18762.775023496484,206.92833400347445,ordinary_least_squares,measured_graph,15,constant_average_sigma
0.004216965034285823,18743.75866155888,187.91197206587094,ordinary_least_squares,measured_graph,15,constant_average_sigma
0.005623413251903491,18715.66387118319,159.81718169018131,ordinary_least_squares,measured_graph,15,constant_average_sigma
0.007498942093324558,18677.243480224708,121.39679073169827,ordinary_least_squares,measured_graph,15,constant_average_sigma
0.01,18632.004629696297,76.15794020328758,ordinary_least_squares,measured_graph,15,constant_average_sigma
0.01333521432163324,18588.62846442407,32.78177493105977,ordinary_least_squares,measured_graph,15,constant_average_sigma
0.01778279410038923,18559.070778234367,3.2240887413572636,ordinary_least_squares,measured_graph,15,constant_average_sigma
0.023713737056616554,18555.84668949301,0.0,ordinary_least_squares,measured_graph,15,constant_average_sigma
0.03162277660168379,18588.739418563404,32.892729070394125,ordinary_least_squares,measured_graph,15,constant_average_sigma
0.042169650342858224,18662.59202013158,106.7453306385687,ordinary_least_squares,measured_graph,15,constant_average_sigma
0.05623413251903491,18779.225075670438,223.37838617742818,ordinary_least_squares,measured_graph,15,constant_average_sigma
0.07498942093324558,18942.44914490496,386.60245541195036,ordinary_least_squares,measured_graph,15,constant_average_sigma
0.1,19161.113389938517,605.266700445507,ordinary_least_squares,measured_graph,15,constant_average_sigma
1e-06,24925.845924980247,0.3744451592938276,ordinary_least_squares,measured_graph,16,constant_average_sigma
1.333521432163324e-06,24925.845154729268,0.3736749083145696,ordinary_least_squares,measured_graph,16,constant_average_sigma
1.778279410038923e-06,24925.84412878259,0.3726489616383333,ordinary_least_squares,measured_graph,16,constant_average_sigma
2.3713737056616552e-06,24925.84276285744,0.3712830364856927,ordinary_least_squares,measured_graph,16,constant_average_sigma
3.162277660168379e-06,24925.840945265052,0.3694654440987506,ordinary_least_squares,measured_graph,16,constant_average_sigma
4.216965034285822e-06,24925.83852839918,0.36704857822769554,ordinary_least_squares,measured_graph,16,constant_average_sigma
5.623413251903491e-06,24925.83531774867,0.36383792771812296,ordinary_least_squares,measured_graph,16,constant_average_sigma
7.498942093324558e-06,24925.8310581742,0.35957835324734333,ordinary_least_squares,measured_graph,16,constant_average_sigma
1e-05,24925.82541687145,0.3539370504950057,ordinary_least_squares,measured_graph,16,constant_average_sigma
1.333521432163324e-05,24925.817963298065,0.3464834771111782,ordinary_least_squares,measured_graph,16,constant_average_sigma
1.778279410038923e-05,24925.80814691568,0.33666709472527145,ordinary_least_squares,measured_graph,16,constant_average_sigma
2.3713737056616554e-05,24925.795275542157,0.3237957212040783,ordinary_least_squares,measured_graph,16,constant_average_sigma
3.1622776601683795e-05,24925.778500791024,0.30702097007088014,ordinary_least_squares,measured_graph,16,constant_average_sigma
4.216965034285822e-05,24925.75682411443,0.2853442934756458,ordinary_least_squares,measured_graph,16,constant_average_sigma
5.623413251903491e-05,24925.729150218885,0.25767039793208824,ordinary_least_squares,measured_graph,16,constant_average_sigma
7.498942093324559e-05,24925.69443890439,0.22295908343585324,ordinary_least_squares,measured_graph,16,constant_average_sigma
0.0001,24925.652050951212,0.18057113025861327,ordinary_least_squares,measured_graph,16,constant_average_sigma
0.0001333521432163324,24925.60246421192,0.1309843909657502,ordinary_least_squares,measured_graph,16,constant_average_sigma
0.00017782794100389227,24925.548680364667,0.07720054371384322,ordinary_least_squares,measured_graph,16,constant_average_sigma
0.00023713737056616554,24925.49889877592,0.0274189549672883,ordinary_least_squares,measured_graph,16,constant_average_sigma
0.00031622776601683794,24925.471479820953,0.0,ordinary_least_squares,measured_graph,16,constant_average_sigma
0.00042169650342858224,24925.503974360956,0.03249454000251717,ordinary_least_squares,measured_graph,16,constant_average_sigma
0.0005623413251903491,24925.66920144175,0.1977216207960737,ordinary_least_squares,measured_graph,16,constant_average_sigma
0.0007498942093324559,24926.103065184216,0.6315853632622748,ordinary_least_squares,measured_graph,16,constant_average_sigma
0.001,24927.05055914408,1.5790793231280986,ordinary_least_squares,measured_graph,16,constant_average_sigma
0.001333521432163324,24928.93617285887,3.4646930379167316,ordinary_least_squares,measured_graph,16,constant_average_sigma
0.0017782794100389228,24932.457486138035,6.986006317081774,ordinary_least_squares,measured_graph,16,constant_average_sigma
0.0023713737056616554,24938.67993591537,13.20845609441676,ordinary_least_squares,measured_graph,16,constant_average_sigma
0.0031622776601683794,24949.089978606233,23.61849878527937,ordinary_least_squares,measured_graph,16,constant_average_sigma
0.004216965034285823,24965.613386968573,40.14190714761935,ordinary_least_squares,measured_graph,16,constant_average_sigma
0.005623413251903491,24990.76395599432,65.2924761733666,ordinary_least_squares,measured_graph,16,constant_average_sigma
0.007498942093324558,25028.018916501893,102.54743668093943,ordinary_least_squares,measured_graph,16,constant_average_sigma
0.01,25081.796574331984,156.32509451103033,ordinary_least_squares,measured_graph,16,constant_average_sigma
0.01333521432163324,25156.013893766183,230.54241394522978,ordinary_least_squares,measured_graph,16,constant_average_sigma
0.01778279410038923,25251.839088691184,326.36760887023047,ordinary_least_squares,measured_graph,16,constant_average_sigma
0.023713737056616554,25367.623144278587,442.15166445763316,ordinary_least_squares,measured_graph,16,constant_average_sigma
0.03162277660168379,25502.67722135429,577.2057415333365,ordinary_least_squares,measured_graph,16,constant_average_sigma
0.042169650342858224,25661.893688357384,736.4222085364308,ordinary_least_squares,measured_graph,16,constant_average_sigma
0.05623413251903491,25856.619108936033,931.1476291150793,ordinary_least_squares,measured_graph,16,constant_average_sigma
0.07498942093324558,26099.514283666016,1174.0428038450627,ordinary_least_squares,measured_graph,16,constant_average_sigma
0.1,26394.640326161665,1469.1688463407118,ordinary_least_squares,measured_graph,16,constant_average_sigma
1e-06,55947.46709953256,15.239878486914677,ordinary_least_squares,measured_graph,17,constant_average_sigma
1.333521432163324e-06,55947.46125578838,15.234034742738004,ordinary_least_squares,measured_graph,17,constant_average_sigma
1.778279410038923e-06,55947.45346486784,15.226243822195102,ordinary_least_squares,measured_graph,17,constant_average_sigma
2.3713737056616552e-06,55947.44307867962,15.215857633978885,ordinary_least_squares,measured_graph,17,constant_average_sigma
3.162277660168379e-06,55947.42923403864,15.20201299299515,ordinary_least_squares,measured_graph,17,constant_average_sigma
4.216965034285822e-06,55947.41078201933,15.183560973688145,ordinary_least_squares,measured_graph,17,constant_average_sigma
5.623413251903491e-06,55947.386193724335,15.158972678691498,ordinary_least_squares,measured_graph,17,constant_average_sigma
7.498942093324558e-06,55947.35343646071,15.126215415068145,ordinary_least_squares,measured_graph,17,constant_average_sigma
1e-05,55947.30981041925,15.082589373603696,ordinary_least_squares,measured_graph,17,constant_average_sigma
1.333521432163324e-05,55947.25173460776,15.024513562115317,ordinary_least_squares,measured_graph,17,constant_average_sigma
1.778279410038923e-05,55947.1744678906,14.947246844960318,ordinary_least_squares,measured_graph,17,constant_average_sigma
2.3713737056616554e-05,55947.071748717724,14.844527672081313,ordinary_least_squares,measured_graph,17,constant_average_sigma
3.1622776601683795e-05,55946.935335412156,14.708114366512746,ordinary_least_squares,measured_graph,17,constant_average_sigma
4.216965034285822e-05,55946.75443001481,14.527208969164349,ordinary_least_squares,measured_graph,17,constant_average_sigma
5.623413251903491e-05,55946.514975551836,14.287754506192869,ordinary_least_squares,measured_graph,17,constant_average_sigma
7.498942093324559e-05,55946.19883560476,13.971614559115551,ordinary_least_squares,measured_graph,17,constant_average_sigma
0.0001,55945.78290766824,13.555686622596113,ordinary_least_squares,measured_graph,17,constant_average_sigma
0.0001333521432163324,55945.23830937133,13.011088325685705,ordinary_least_squares,measured_graph,17,constant_average_sigma
0.00017782794100389227,55944.52994759646,12.302726550813532,ordinary_least_squares,measured_graph,17,constant_average_sigma
0.00023713737056616554,55943.61710305905,11.38988201340544,ordinary_least_squares,measured_graph,17,constant_average_sigma
0.00031622776601683794,55942.456255612815,10.229034567171766,ordinary_least_squares,measured_graph,17,constant_average_sigma
0.00042169650342858224,55941.00843662901,8.781215583367157,ordinary_least_squares,measured_graph,17,constant_average_sigma
0.0005623413251903491,55939.25523283568,7.028011790040182,ordinary_least_squares,measured_graph,17,constant_average_sigma
0.0007498942093324559,55937.230587857855,5.0033668122123345,ordinary_least_squares,measured_graph,17,constant_average_sigma
0.001,55935.08005156811,2.852830522468139,ordinary_least_squares,measured_graph,17,constant_average_sigma
0.001333521432163324,55933.1644629357,0.9372418900602497,ordinary_least_squares,measured_graph,17,constant_average_sigma
0.0017782794100389228,55932.22722104564,0.0,ordinary_least_squares,measured_graph,17,constant_average_sigma
0.0023713737056616554,55933.631270454964,1.404049409320578,ordinary_least_squares,measured_graph,17,constant_average_sigma
0.0031622776601683794,55939.62174535016,7.394524304516381,ordinary_least_squares,measured_graph,17,constant_average_sigma
0.004216965034285823,55953.477453932326,21.25023288668308,ordinary_least_squares,measured_graph,17,constant_average_sigma
0.005623413251903491,55979.36921787614,47.1419968304981,ordinary_least_squares,measured_graph,17,constant_average_sigma
0.007498942093324558,56021.868653885846,89.64143284020247,ordinary_least_squares,measured_graph,17,constant_average_sigma
0.01,56084.938075003854,152.71085395821137,ordinary_least_squares,measured_graph,17,constant_average_sigma
0.01333521432163324,56169.42552286155,237.19830181590805,ordinary_least_squares,measured_graph,17,constant_average_sigma
0.01778279410038923,56269.20671137218,336.9794903265356,ordinary_least_squares,measured_graph,17,constant_average_sigma
0.023713737056616554,56370.62573552786,438.3985144822145,ordinary_least_squares,measured_graph,17,constant_average_sigma
0.03162277660168379,56458.54962319283,526.3224021471833,ordinary_least_squares,measured_graph,17,constant_average_sigma
0.042169650342858224,56523.177188445996,590.9499674003528,ordinary_least_squares,measured_graph,17,constant_average_sigma
0.05623413251903491,56561.516035954926,629.2888149092832,ordinary_least_squares,measured_graph,17,constant_average_sigma
0.07498942093324558,56575.98729986511,643.7600788194686,ordinary_least_squares,measured_graph,17,constant_average_sigma
0.1,56573.908542093835,641.6813210481923,ordinary_least_squares,measured_graph,17,constant_average_sigma
1e-06,63496.59052604428,0.0,ordinary_least_squares,measured_graph,18,constant_average_sigma
1.333521432163324e-06,63496.60648509821,0.015959053926053457,ordinary_least_squares,measured_graph,18,constant_average_sigma
1.778279410038923e-06,63496.62776841645,0.037242372171022,ordinary_least_squares,measured_graph,18,constant_average_sigma
2.3713737056616552e-06,63496.656153805205,0.06562776092323475,ordinary_least_squares,measured_graph,18,constant_average_sigma
3.162277660168379e-06,63496.69401227043,0.10348622615128988,ordinary_least_squares,measured_graph,18,constant_average_sigma
4.216965034285822e-06,63496.74450772881,0.15398168452520622,ordinary_least_squares,measured_graph,18,constant_average_sigma
5.623413251903491e-06,63496.81186351855,0.22133747427142225,ordinary_least_squares,measured_graph,18,constant_average_sigma
7.498942093324558e-06,63496.901717304674,0.3111912603926612,ordinary_least_squares,measured_graph,18,constant_average_sigma
1e-05,63497.02159894331,0.4310728990312782,ordinary_least_squares,measured_graph,18,constant_average_sigma
1.333521432163324e-05,63497.181569683125,0.5910436388439848,ordinary_least_squares,measured_graph,18,constant_average_sigma
1.778279410038923e-05,63497.3950825052,0.8045564609201392,ordinary_least_squares,measured_graph,18,constant_average_sigma
2.3713737056616554e-05,63497.68014144236,1.0896153980793315,ordinary_least_squares,measured_graph,18,constant_average_sigma
3.1622776601683795e-05,63498.06086917325,1.4703431289672153,ordinary_least_squares,measured_graph,18,constant_average_sigma
4.216965034285822e-05,63498.569636195956,1.9791101516748313,ordinary_least_squares,measured_graph,18,constant_average_sigma
5.623413251903491e-05,63499.24996883702,2.6594427927411743,ordinary_least_squares,measured_graph,18,constant_average_sigma
7.498942093324559e-05,63500.16054865385,3.570022609565058,ordinary_least_squares,measured_graph,18,constant_average_sigma
0.0001,63501.380761216395,4.790235172113171,ordinary_least_squares,measured_graph,18,constant_average_sigma
0.0001333521432163324,63503.01847661182,6.4279505675367545,ordinary_least_squares,measured_graph,18,constant_average_sigma
0.00017782794100389227,63505.221097102476,8.630571058194619,ordinary_least_squares,measured_graph,18,constant_average_sigma
0.00023713737056616554,63508.191472016144,11.60094597186253,ordinary_least_squares,measured_graph,18,constant_average_sigma
0.00031622776601683794,63512.2111908936,15.620664849317109,ordinary_least_squares,measured_graph,18,constant_average_sigma
0.00042169650342858224,63517.67524431415,21.08471826987079,ordinary_least_squares,measured_graph,18,constant_average_sigma
0.0005623413251903491,63525.14443109235,28.553905048065644,ordinary_least_squares,measured_graph,18,constant_average_sigma
0.0007498942093324559,63535.4256859105,38.83515986621933,ordinary_least_squares,measured_graph,18,constant_average_sigma
0.001,63549.69627724611,53.10575120183057,ordinary_least_squares,measured_graph,18,constant_average_sigma
0.001333521432163324,63569.695789351324,73.10526330704306,ordinary_least_squares,measured_graph,18,constant_average_sigma
0.0017782794100389228,63598.01813253507,101.42760649078991,ordinary_least_squares,measured_graph,18,constant_average_sigma
0.0023713737056616554,63638.53556189161,141.94503584732593,ordinary_least_squares,measured_graph,18,constant_average_sigma
0.0031622776601683794,63696.94808695001,200.35756090572977,ordinary_least_squares,measured_graph,18,constant_average_sigma
0.004216965034285823,63781.29482728505,284.70430124076665,ordinary_least_squares,measured_graph,18,constant_average_sigma
0.005623413251903491,63901.824559397064,405.2340333527827,ordinary_least_squares,measured_graph,18,constant_average_sigma
0.007498942093324558,64068.74230198437,572.1517759400886,ordinary_least_squares,measured_graph,18,constant_average_sigma
0.01,64285.548665224225,788.9581391799438,ordinary_least_squares,measured_graph,18,constant_average_sigma
0.01333521432163324,64537.747202241895,1041.1566761976137,ordinary_least_squares,measured_graph,18,constant_average_sigma
0.01778279410038923,64785.44334222829,1288.8528161840077,ordinary_least_squares,measured_graph,18,constant_average_sigma
0.023713737056616554,64976.13980760049,1479.5492815562102,ordinary_least_squares,measured_graph,18,constant_average_sigma
0.03162277660168379,65077.2775942827,1580.6870682384179,ordinary_least_squares,measured_graph,18,constant_average_sigma
0.042169650342858224,65097.11949426922,1600.528968224935,ordinary_least_squares,measured_graph,18,constant_average_sigma
0.05623413251903491,65072.86403163431,1576.2735055900266,ordinary_least_squares,measured_graph,18,constant_average_sigma
0.07498942093324558,65045.027389082425,1548.4368630381432,ordinary_least_squares,measured_graph,18,constant_average_sigma
0.1,65041.67993563017,1545.0894095858894,ordinary_least_squares,measured_graph,18,constant_average_sigma
1e-06,20850.466620542615,0.0,ordinary_least_squares,measured_graph,19,constant_average_sigma
1.333521432163324e-06,20850.468521940908,0.001901398292829981,ordinary_least_squares,measured_graph,19,constant_average_sigma
1.778279410038923e-06,20850.47105781198,0.004437269366462715,ordinary_least_squares,measured_graph,19,constant_average_sigma
2.3713737056616552e-06,20850.474439734964,0.007819192349415971,ordinary_least_squares,measured_graph,19,constant_average_sigma
3.162277660168379e-06,20850.478950258825,0.012329716209933395,ordinary_least_squares,measured_graph,19,constant_average_sigma
4.216965034285822e-06,20850.484966093103,0.01834555048844777,ordinary_least_squares,measured_graph,19,constant_average_sigma
5.623413251903491e-06,20850.49299027446,0.02636973184417002,ordinary_least_squares,measured_graph,19,constant_average_sigma
7.498942093324558e-06,20850.503694144052,0.03707360143744154,ordinary_least_squares,measured_graph,19,constant_average_sigma
1e-05,20850.517974009348,0.05135346673341701,ordinary_least_squares,measured_graph,19,constant_average_sigma
1.333521432163324e-05,20850.537027310842,0.070406768227258,ordinary_least_squares,measured_graph,19,constant_average_sigma
1.778279410038923e-05,20850.562454462688,0.09583392007334623,ordinary_least_squares,measured_graph,19,constant_average_sigma
2.3713737056616554e-05,20850.596396191904,0.12977564928951324,ordinary_least_squares,measured_graph,19,constant_average_sigma
3.1622776601683795e-05,20850.64171881412,0.17509827150570345,ordinary_least_squares,measured_graph,19,constant_average_sigma
4.216965034285822e-05,20850.70226526418,0.23564472156431293,ordinary_least_squares,measured_graph,19,constant_average_sigma
5.623413251903491e-05,20850.78319689666,0.3165763540455373,ordinary_least_squares,measured_graph,19,constant_average_sigma
7.498942093324559e-05,20850.891461769763,0.42484122714813566,ordinary_least_squares,measured_graph,19,constant_average_sigma
0.0001,20851.036441338045,0.5698207954301324,ordinary_least_squares,measured_graph,19,constant_average_sigma
0.0001333521432163324,20851.230852465236,0.7642319226215477,ordinary_least_squares,measured_graph,19,constant_average_sigma
0.00017782794100389227,20851.492020500307,1.0253999576925708,ordinary_least_squares,measured_graph,19,constant_average_sigma
0.00023713737056616554,20851.843702147384,1.377081604769046,ordinary_least_squares,measured_graph,19,constant_average_sigma
0.00031622776601683794,20852.31873877421,1.8521182315962506,ordinary_least_squares,measured_graph,19,constant_average_sigma
0.00042169650342858224,20852.962990398002,2.4963698553874565,ordinary_least_squares,measured_graph,19,constant_average_sigma
0.0005623413251903491,20853.841285632436,3.3746650898210646,ordinary_least_squares,measured_graph,19,constant_average_sigma
0.0007498942093324559,20855.046607925444,4.579987382829131,ordinary_least_squares,measured_graph,19,constant_average_sigma
0.001,20856.71457176064,6.247951218025264,ordinary_least_squares,measured_graph,19,constant_average_sigma
0.001333521432163324,20859.046684362937,8.580063820321811,ordinary_least_squares,measured_graph,19,constant_average_sigma
0.0017782794100389228,20862.348395584722,11.88177504210762,ordinary_least_squares,measured_graph,19,constant_average_sigma
0.0023713737056616554,20867.092308277213,16.625687734598614,ordinary_least_squares,measured_graph,19,constant_average_sigma
0.0031622776601683794,20874.02452875994,23.55790821732444,ordinary_least_squares,measured_graph,19,constant_average_sigma
0.004216965034285823,20884.345296166764,33.878675624149764,ordinary_least_squares,measured_graph,19,constant_average_sigma
0.005623413251903491,20900.017434601268,49.550814058653486,ordinary_least_squares,measured_graph,19,constant_average_sigma
0.007498942093324558,20924.29303694839,73.8264164057764,ordinary_least_squares,measured_graph,19,constant_average_sigma
0.01,20962.605078206354,112.13845766373925,ordinary_least_squares,measured_graph,19,constant_average_sigma
0.01333521432163324,21024.0419507799,173.57533023728683,ordinary_least_squares,measured_graph,19,constant_average_sigma
0.01778279410038923,21123.663125415296,273.19650487268154,ordinary_least_squares,measured_graph,19,constant_average_sigma
0.023713737056616554,21285.74349977497,435.276879232355,ordinary_least_squares,measured_graph,19,constant_average_sigma
0.03162277660168379,21547.13991875212,696.6732982095054,ordinary_least_squares,measured_graph,19,constant_average_sigma
0.042169650342858224,21957.328991562623,1106.8623710200081,ordinary_least_squares,measured_graph,19,constant_average_sigma
0.05623413251903491,22566.761910040892,1716.2952894982773,ordinary_least_squares,measured_graph,19,constant_average_sigma
0.07498942093324558,23393.752307446313,2543.2856869036987,ordinary_least_squares,measured_graph,19,constant_average_sigma
0.1,24380.323236304364,3529.8566157617497,ordinary_least_squares,measured_graph,19,constant_average_sigma
1e-06,21453.20955197333,0.0,ordinary_least_squares,measured_graph,20,constant_average_sigma
1.333521432163324e-06,21453.211521893012,0.0019699196818692144,ordinary_least_squares,measured_graph,20,constant_average_sigma
1.778279410038923e-06,21453.21414905703,0.004597083698172355,ordinary_least_squares,measured_graph,20,constant_average_sigma
2.3713737056616552e-06,21453.21765288751,0.008100914179522078,ordinary_least_squares,measured_graph,20,constant_average_sigma
3.162277660168379e-06,21453.222325944284,0.012773970953276148,ordinary_least_squares,measured_graph,20,constant_average_sigma
4.216965034285822e-06,21453.228558660987,0.01900668765665614,ordinary_least_squares,measured_graph,20,constant_average_sigma
5.623413251903491e-06,21453.23687207855,0.02732010521867778,ordinary_least_squares,measured_graph,20,constant_average_sigma
7.498942093324558e-06,21453.247961796533,0.03840982320252806,ordinary_least_squares,measured_graph,20,constant_average_sigma
1e-05,21453.26275650188,0.05320452855085023,ordinary_least_squares,measured_graph,20,constant_average_sigma
1.333521432163324e-05,21453.282496847143,0.07294487381295767,ordinary_least_squares,measured_graph,20,constant_average_sigma
1.778279410038923e-05,21453.30884101952,0.0992890461893694,ordinary_least_squares,measured_graph,20,constant_average_sigma
2.3713737056616554e-05,21453.34400714923,0.13445517589934752,ordinary_least_squares,measured_graph,20,constant_average_sigma
3.1622776601683795e-05,21453.39096526344,0.18141329010904883,ordinary_least_squares,measured_graph,20,constant_average_sigma
4.216965034285822e-05,21453.453697527024,0.24414555369367008,ordinary_least_squares,measured_graph,20,constant_average_sigma
5.623413251903491e-05,21453.537552582064,0.32800060873341863,ordinary_least_squares,measured_graph,20,constant_average_sigma
7.498942093324559e-05,21453.649731202408,0.4401792290773301,ordinary_least_squares,measured_graph,20,constant_average_sigma
0.0001,21453.799957059055,0.5904050857243419,ordinary_least_squares,measured_graph,20,constant_average_sigma
0.0001333521432163324,21454.00141261161,0.791860638280923,ordinary_least_squares,measured_graph,20,constant_average_sigma
0.00017782794100389227,21454.27206060385,1.0625086305190052,ordinary_least_squares,measured_graph,20,constant_average_sigma
0.00023713737056616554,21454.636537039973,1.4269850666423736,ordinary_least_squares,measured_graph,20,constant_average_sigma
0.00031622776601683794,21455.128908002866,1.9193560295352654,ordinary_least_squares,measured_graph,20,constant_average_sigma
0.00042169650342858224,21455.796759462508,2.587207489177672,ordinary_least_squares,measured_graph,20,constant_average_sigma
0.0005623413251903491,21456.70738663291,3.497834659578075,ordinary_least_squares,measured_graph,20,constant_average_sigma
0.0007498942093324559,21457.957355728806,4.747803755475616,ordinary_least_squares,measured_graph,20,constant_average_sigma
0.001,21459.6875809989,6.478029025569413,ordinary_least_squares,measured_graph,20,constant_average_sigma
0.001333521432163324,21462.1075655736,8.898013600268314,ordinary_least_squares,measured_graph,20,constant_average_sigma
0.0017782794100389228,21465.535073173385,12.325521200054936,ordinary_least_squares,measured_graph,20,constant_average_sigma
0.0023713737056616554,21470.462061906175,17.252509932844987,ordinary_least_squares,measured_graph,20,constant_average_sigma
0.0031622776601683794,21477.665657762438,24.456105789107824,ordinary_least_squares,measured_graph,20,constant_average_sigma
0.004216965034285823,21488.396690159767,35.18713818643664,ordinary_least_squares,measured_graph,20,constant_average_sigma
0.005623413251903491,21504.701707757293,51.49215578396252,ordinary_least_squares,measured_graph,20,constant_average_sigma
0.007498942093324558,21529.97286098691,76.76330901357869,ordinary_least_squares,measured_graph,20,constant_average_sigma
0.01,21569.87867069298,116.6691187196484,ordinary_least_squares,measured_graph,20,constant_average_sigma
0.01333521432163324,21633.90256168867,180.69300971533812,ordinary_least_squares,measured_graph,20,constant_average_sigma
0.01778279410038923,21737.755954644043,284.54640267071227,ordinary_least_squares,measured_graph,20,constant_average_sigma
0.023713737056616554,21906.74805768129,453.5385057079584,ordinary_least_squares,measured_graph,20,constant_average_sigma
0.03162277660168379,22179.24420739783,726.0346554245007,ordinary_least_squares,measured_graph,20,constant_average_sigma
0.042169650342858224,22606.555357550773,1153.3458055774427,ordinary_least_squares,measured_graph,20,constant_average_sigma
0.05623413251903491,23240.49478185849,1787.2852298851612,ordinary_least_squares,measured_graph,20,constant_average_sigma
0.07498942093324558,24098.60085538923,2645.3913034159013,ordinary_least_squares,measured_graph,20,constant_average_sigma
0.1,25118.67359332149,3665.464041348161,ordinary_least_squares,measured_graph,20,constant_average_sigma
1e-06,18926.401290105463,1292.5778770368124,ordinary_least_squares,measured_graph,21,constant_average_sigma
1.333521432163324e-06,18926.39885150755,1292.5754384389002,ordinary_least_squares,measured_graph,21,constant_average_sigma
1.778279410038923e-06,18926.395596350558,1292.5721832819072,ordinary_least_squares,measured_graph,21,constant_average_sigma
2.3713737056616552e-06,18926.39124966417,1292.567836595521,ordinary_least_squares,measured_graph,21,constant_average_sigma
3.162277660168379e-06,18926.38544297859,1292.5620299099392,ordinary_least_squares,measured_graph,21,constant_average_sigma
4.216965034285822e-06,18926.377681183858,1292.5542681152074,ordinary_least_squares,measured_graph,21,constant_average_sigma
5.623413251903491e-06,18926.367297850033,1292.543884781382,ordinary_least_squares,measured_graph,21,constant_average_sigma
7.498942093324558e-06,18926.353393142726,1292.5299800740759,ordinary_least_squares,measured_graph,21,constant_average_sigma
1e-05,18926.33474718097,1292.5113341123179,ordinary_least_squares,measured_graph,21,constant_average_sigma
1.333521432163324e-05,18926.309697757984,1292.4862846893338,ordinary_least_squares,measured_graph,21,constant_average_sigma
1.778279410038923e-05,18926.27596526995,1292.452552201299,ordinary_least_squares,measured_graph,21,constant_average_sigma
2.3713737056616554e-05,18926.230397407002,1292.4069843383513,ordinary_least_squares,measured_graph,21,constant_average_sigma
3.1622776601683795e-05,18926.168590210153,1292.345177141502,ordinary_least_squares,measured_graph,21,constant_average_sigma
4.216965034285822e-05,18926.084313708787,1292.2609006401362,ordinary_least_squares,measured_graph,21,constant_average_sigma
5.623413251903491e-05,18925.96862253717,1292.1452094685192,ordinary_least_squares,measured_graph,21,constant_average_sigma
7.498942093324559e-05,18925.80844904704,1291.9850359783886,ordinary_least_squares,measured_graph,21,constant_average_sigma
0.0001,18925.58433140814,1291.7609183394889,ordinary_least_squares,measured_graph,21,constant_average_sigma
0.0001333521432163324,18925.266675645857,1291.443262577206,ordinary_least_squares,measured_graph,21,constant_average_sigma
0.00017782794100389227,18924.809506823312,1290.9860937546619,ordinary_least_squares,measured_graph,21,constant_average_sigma
0.00023713737056616554,18924.13989839016,1290.3164853215094,ordinary_least_squares,measured_graph,21,constant_average_sigma
0.00031622776601683794,18923.139986215967,1289.3165731473164,ordinary_least_squares,measured_graph,21,constant_average_sigma
0.00042169650342858224,18921.616479536486,1287.7930664678352,ordinary_least_squares,measured_graph,21,constant_average_sigma
0.0005623413251903491,18919.25000330398,1285.426590235329,ordinary_least_squares,measured_graph,21,constant_average_sigma
0.0007498942093324559,18915.515053305557,1281.691640236906,ordinary_least_squares,measured_graph,21,constant_average_sigma
0.001,18909.566985567883,1275.743572499232,ordinary_least_squares,measured_graph,21,constant_average_sigma
0.001333521432163324,18900.121153454536,1266.2977403858858,ordinary_least_squares,measured_graph,21,constant_average_sigma
0.0017782794100389228,18885.423609405043,1251.6001963363924,ordinary_least_squares,measured_graph,21,constant_average_sigma
0.0023713737056616554,18863.511620239417,1229.688207170766,ordinary_least_squares,measured_graph,21,constant_average_sigma
0.0031622776601683794,18832.90548358772,1199.0820705190708,ordinary_least_squares,measured_graph,21,constant_average_sigma
0.004216965034285823,18793.424052898736,1159.6006398300851,ordinary_least_squares,measured_graph,21,constant_average_sigma
0.005623413251903491,18746.38229808116,1112.5588850125096,ordinary_least_squares,measured_graph,21,constant_average_sigma
0.007498942093324558,18693.96684190962,1060.1434288409691,ordinary_least_squares,measured_graph,21,constant_average_sigma
0.01,18638.412555102514,1004.589142033863,ordinary_least_squares,measured_graph,21,constant_average_sigma
0.01333521432163324,18581.125263964357,947.3018508957066,ordinary_least_squares,measured_graph,21,constant_average_sigma
0.01778279410038923,18521.40140596989,887.5779929012388,ordinary_least_squares,measured_graph,21,constant_average_sigma
0.023713737056616554,18454.82263456852,820.999221499871,ordinary_least_squares,measured_graph,21,constant_average_sigma
0.03162277660168379,18371.558487403432,737.7350743347815,ordinary_least_squares,measured_graph,21,constant_average_sigma
0.042169650342858224,18256.428365861666,622.6049527930154,ordinary_least_squares,measured_graph,21,constant_average_sigma
0.05623413251903491,18094.28726206898,460.4638490003308,ordinary_least_squares,measured_graph,21,constant_average_sigma
0.07498942093324558,17881.087353661114,247.26394059246377,ordinary_least_squares,measured_graph,21,constant_average_sigma
0.1,17633.82341306865,0.0,ordinary_least_squares,measured_graph,21,constant_average_sigma
1e-06,2520.4079153896582,0.0,ordinary_least_squares,measured_graph,22,constant_average_sigma
1.333521432163324e-06,2520.412289015203,0.004373625544758397,ordinary_least_squares,measured_graph,22,constant_average_sigma
1.778279410038923e-06,2520.418123255207,0.010207865548636619,ordinary_least_squares,measured_graph,22,constant_average_sigma
2.3713737056616552e-06,2520.4259067272083,0.01799133755002913,ordinary_least_squares,measured_graph,22,constant_average_sigma
3.162277660168379e-06,2520.4362921832535,0.02837679359527101,ordinary_least_squares,measured_graph,22,constant_average_sigma
4.216965034285822e-06,2520.45015213443,0.04223674477179884,ordinary_least_squares,measured_graph,22,constant_average_sigma
5.623413251903491e-06,2520.4686537383122,0.06073834865401295,ordinary_least_squares,measured_graph,22,constant_average_sigma
7.498942093324558e-06,2520.493359920856,0.08544453119793616,ordinary_least_squares,measured_graph,22,constant_average_sigma
1e-05,2520.5263663988662,0.11845100920800178,ordinary_least_squares,measured_graph,22,constant_average_sigma
1.333521432163324e-05,2520.57048836883,0.16257297917172764,ordinary_least_squares,measured_graph,22,constant_average_sigma
1.778279410038923e-05,2520.629516374889,0.2216009852309071,ordinary_least_squares,measured_graph,22,constant_average_sigma
2.3713737056616554e-05,2520.7085699069257,0.30065451726750325,ordinary_least_squares,measured_graph,22,constant_average_sigma
3.1622776601683795e-05,2520.8145908379142,0.40667544825601,ordinary_least_squares,measured_graph,22,constant_average_sigma
4.216965034285822e-05,2520.957040299773,0.5491249101146423,ordinary_least_squares,measured_graph,22,constant_average_sigma
5.623413251903491e-05,2521.148896774417,0.7409813847589248,ordinary_least_squares,measured_graph,22,constant_average_sigma
7.498942093324559e-05,2521.4081086108695,1.0001932212112479,ordinary_least_squares,measured_graph,22,constant_average_sigma
0.0001,2521.759745208482,1.3518298188237168,ordinary_least_squares,measured_graph,22,constant_average_sigma
0.0001333521432163324,2522.2392416773037,1.8313262876454246,ordinary_least_squares,measured_graph,22,constant_average_sigma
0.00017782794100389227,2522.897381719375,2.4894663297168336,ordinary_least_squares,measured_graph,22,constant_average_sigma
0.00023713737056616554,2523.8080761558244,3.400160766166209,ordinary_least_squares,measured_graph,22,constant_average_sigma
0.00031622776601683794,2525.0806646099386,4.672749220280366,ordinary_least_squares,measured_graph,22,constant_average_sigma
0.00042169650342858224,2526.8795150842016,6.471599694543329,ordinary_least_squares,measured_graph,22,constant_average_sigma
0.0005623413251903491,2529.455201664312,9.047286274653743,ordinary_least_squares,measured_graph,22,constant_average_sigma
0.0007498942093324559,2533.1932915473276,12.785376157669361,ordinary_least_squares,measured_graph,22,constant_average_sigma
0.001,2538.6874566867846,18.279541297126343,ordinary_least_squares,measured_graph,22,constant_average_sigma
0.001333521432163324,2546.838679136087,26.430763746428966,ordinary_least_squares,measured_graph,22,constant_average_sigma
0.0017782794100389228,2558.9594171769504,38.55150178729218,ordinary_least_squares,measured_graph,22,constant_average_sigma
0.0023713737056616554,2576.7961507627897,56.388235373131465,ordinary_least_squares,measured_graph,22,constant_average_sigma
0.0031622776601683794,2602.2559568714064,81.84804148174817,ordinary_least_squares,measured_graph,22,constant_average_sigma
0.004216965034285823,2636.5225508044364,116.11463541477815,ordinary_least_squares,measured_graph,22,constant_average_sigma
0.005623413251903491,2678.568775968825,158.16086057916664,ordinary_least_squares,measured_graph,22,constant_average_sigma
0.007498942093324558,2724.1905914465706,203.78267605691235,ordinary_least_squares,measured_graph,22,constant_average_sigma
0.01,2767.328750915497,246.9208355258388,ordinary_least_squares,measured_graph,22,constant_average_sigma
0.01333521432163324,2803.242740970875,282.8348255812166,ordinary_least_squares,measured_graph,22,constant_average_sigma
0.01778279410038923,2830.494802892051,310.086887502393,ordinary_least_squares,measured_graph,22,constant_average_sigma
0.023713737056616554,2850.3513611192234,329.94344572956516,ordinary_least_squares,measured_graph,22,constant_average_sigma
0.03162277660168379,2865.0651626660924,344.6572472764342,ordinary_least_squares,measured_graph,22,constant_average_sigma
0.042169650342858224,2876.636588240888,356.22867285122993,ordinary_least_squares,measured_graph,22,constant_average_sigma
0.05623413251903491,2886.661048437204,366.2531330475458,ordinary_least_squares,measured_graph,22,constant_average_sigma
0.07498942093324558,2896.842897572098,376.43498218243985,ordinary_least_squares,measured_graph,22,constant_average_sigma
0.1,2909.050214917266,388.642299527608,ordinary_least_squares,measured_graph,22,constant_average_sigma
1e-06,3450.4593272745383,0.0,ordinary_least_squares,measured_graph,23,constant_average_sigma
1.333521432163324e-06,3450.4622999188746,0.002972644336296071,ordinary_least_squares,measured_graph,23,constant_average_sigma
1.778279410038923e-06,3450.466263806019,0.0069365314807328105,ordinary_least_squares,measured_graph,23,constant_average_sigma
2.3713737056616552e-06,3450.471549330149,0.012222055610891402,ordinary_least_squares,measured_graph,23,constant_average_sigma
3.162277660168379e-06,3450.4785970197363,0.019269745198016608,ordinary_least_squares,measured_graph,23,constant_average_sigma
4.216965034285822e-06,3450.4879940674796,0.02866679294129426,ordinary_least_squares,measured_graph,23,constant_average_sigma
5.623413251903491e-06,3450.5005230841293,0.04119580959104496,ordinary_least_squares,measured_graph,23,constant_average_sigma
7.498942093324558e-06,3450.5172269840446,0.05789970950627321,ordinary_least_squares,measured_graph,23,constant_average_sigma
1e-05,3450.539495198026,0.08016792348780655,ordinary_least_squares,measured_graph,23,constant_average_sigma
1.333521432163324e-05,3450.56917822232,0.10985094778152416,ordinary_least_squares,measured_graph,23,constant_average_sigma
1.778279410038923e-05,3450.608739562359,0.14941228782072358,ordinary_least_squares,measured_graph,23,constant_average_sigma
2.3713737056616554e-05,3450.6614568740392,0.20212959950094955,ordinary_least_squares,measured_graph,23,constant_average_sigma
3.1622776601683795e-05,3450.7316875620922,0.27236028755396546,ordinary_least_squares,measured_graph,23,constant_average_sigma
4.216965034285822e-05,3450.825218171134,0.36589089659582896,ordinary_least_squares,measured_graph,23,constant_average_sigma
5.623413251903491e-05,3450.949721588642,0.49039431410392353,ordinary_least_squares,measured_graph,23,constant_average_sigma
7.498942093324559e-05,3451.1153507598638,0.6560234853254769,ordinary_least_squares,measured_graph,23,constant_average_sigma
0.0001,3451.335500951166,0.8761736766277863,ordinary_least_squares,measured_graph,23,constant_average_sigma
0.0001333521432163324,3451.6277715998517,1.1684443253134305,ordinary_least_squares,measured_graph,23,constant_average_sigma
0.00017782794100389227,3452.0151471854842,1.5558199109459565,ordinary_least_squares,measured_graph,23,constant_average_sigma
0.00023713737056616554,3452.527382446506,2.068055171967899,ordinary_least_squares,measured_graph,23,constant_average_sigma
0.00031622776601683794,3453.202499921044,2.743172646505627,ordinary_least_squares,measured_graph,23,constant_average_sigma
0.00042169650342858224,3454.0881584851563,3.6288312106180456,ordinary_least_squares,measured_graph,23,constant_average_sigma
0.0005623413251903491,3455.242416305083,4.783089030544943,ordinary_least_squares,measured_graph,23,constant_average_sigma
0.0007498942093324559,3456.7331975199536,6.27387024541531,ordinary_least_squares,measured_graph,23,constant_average_sigma
0.001,3458.6361576507807,8.176830376242378,ordinary_least_squares,measured_graph,23,constant_average_sigma
0.001333521432163324,3461.033513996429,10.574186721890783,ordinary_least_squares,measured_graph,23,constant_average_sigma
0.0017782794100389228,3464.0257755917637,13.566448317225422,ordinary_least_squares,measured_graph,23,constant_average_sigma
0.0023713737056616554,3467.7859647354708,17.32663746093249,ordinary_least_squares,measured_graph,23,constant_average_sigma
0.0031622776601683794,3472.686936514883,22.22760924034492,ordinary_least_squares,measured_graph,23,constant_average_sigma
0.004216965034285823,3479.4308154980467,28.97148822350846,ordinary_least_squares,measured_graph,23,constant_average_sigma
0.005623413251903491,3488.880569906725,38.42124263218693,ordinary_least_squares,measured_graph,23,constant_average_sigma
0.007498942093324558,3501.338136341611,50.87880906707278,ordinary_least_squares,measured_graph,23,constant_average_sigma
0.01,3515.7566631627,65.2973358881618,ordinary_least_squares,measured_graph,23,constant_average_sigma
0.01333521432163324,3529.9113463669723,79.45201909243406,ordinary_least_squares,measured_graph,23,constant_average_sigma
0.01778279410038923,3541.7244727185307,91.26514544399242,ordinary_least_squares,measured_graph,23,constant_average_sigma
0.023713737056616554,3550.636802339014,100.17747506447586,ordinary_least_squares,measured_graph,23,constant_average_sigma
0.03162277660168379,3557.9612949727757,107.50196769823742,ordinary_least_squares,measured_graph,23,constant_average_sigma
0.042169650342858224,3566.4748403356994,116.01551306116107,ordinary_least_squares,measured_graph,23,constant_average_sigma
0.05623413251903491,3579.955790329528,129.49646305498982,ordinary_least_squares,measured_graph,23,constant_average_sigma
0.07498942093324558,3602.58333654991,152.12400927537192,ordinary_least_squares,measured_graph,23,constant_average_sigma
0.1,3637.702111111653,187.24278383711453,ordinary_least_squares,measured_graph,23,constant_average_sigma
1e-06,4388.035350006484,18.441359836100673,ordinary_least_squares,measured_graph,24,constant_average_sigma
1.333521432163324e-06,4388.031800510158,18.437810339774842,ordinary_least_squares,measured_graph,24,constant_average_sigma
1.778279410038923e-06,4388.027066865301,18.433076694917872,ordinary_least_squares,measured_graph,24,constant_average_sigma
2.3713737056616552e-06,4388.020753889237,18.42676371885409,ordinary_least_squares,measured_graph,24,constant_average_sigma
3.162277660168379e-06,4388.012334464824,18.41834429444043,ordinary_least_squares,measured_graph,24,constant_average_sigma
4.216965034285822e-06,4388.001105320846,18.40711515046314,ordinary_least_squares,measured_graph,24,constant_average_sigma
5.623413251903491e-06,4387.986128082231,18.392137911847385,ordinary_least_squares,measured_graph,24,constant_average_sigma
7.498942093324558e-06,4387.96615042683,18.372160256446477,ordinary_least_squares,measured_graph,24,constant_average_sigma
1e-05,4387.939500605537,18.34551043515421,ordinary_least_squares,measured_graph,24,constant_average_sigma
1.333521432163324e-05,4387.903946296505,18.309956126121506,ordinary_least_squares,measured_graph,24,constant_average_sigma
1.778279410038923e-05,4387.856505424268,18.262515253884885,ordinary_least_squares,measured_graph,24,constant_average_sigma
2.3713737056616554e-05,4387.793192240833,18.199202070450156,ordinary_least_squares,measured_graph,24,constant_average_sigma
3.1622776601683795e-05,4387.708676203998,18.114686033614817,ordinary_least_squares,measured_graph,24,constant_average_sigma
4.216965034285822e-05,4387.595822983928,18.001832813544752,ordinary_least_squares,measured_graph,24,constant_average_sigma
5.623413251903491e-05,4387.445076362843,17.85108619245966,ordinary_least_squares,measured_graph,24,constant_average_sigma
7.498942093324559e-05,4387.2436263037935,17.64963613341024,ordinary_least_squares,measured_graph,24,constant_average_sigma
0.0001,4386.974293028423,17.380302858039613,ordinary_least_squares,measured_graph,24,constant_average_sigma
0.0001333521432163324,4386.614044423656,17.020054253272974,ordinary_least_squares,measured_graph,24,constant_average_sigma
0.00017782794100389227,4386.132069891909,16.53807972152572,ordinary_least_squares,measured_graph,24,constant_average_sigma
0.00023713737056616554,4385.487400575272,15.893410404888527,ordinary_least_squares,measured_graph,24,constant_average_sigma
0.00031622776601683794,4384.626304548962,15.03231437857903,ordinary_least_squares,measured_graph,24,constant_average_sigma
0.00042169650342858224,4383.480366369246,13.886376198863218,ordinary_least_squares,measured_graph,24,constant_average_sigma
0.0005623413251903491,4381.967896325387,12.373906155004079,ordinary_least_squares,measured_graph,24,constant_average_sigma
0.0007498942093324559,4380.005328547546,10.411338377162792,ordinary_least_squares,measured_graph,24,constant_average_sigma
0.001,4377.543341020594,7.949350850210976,ordinary_least_squares,measured_graph,24,constant_average_sigma
0.001333521432163324,4374.654585183368,5.060595012984777,ordinary_least_squares,measured_graph,24,constant_average_sigma
0.0017782794100389228,4371.704643539755,2.110653369371903,ordinary_least_squares,measured_graph,24,constant_average_sigma
0.0023713737056616554,4369.593990170383,0.0,ordinary_least_squares,measured_graph,24,constant_average_sigma
0.0031622776601683794,4369.917991027129,0.32400085674544243,ordinary_least_squares,measured_graph,24,constant_average_sigma
0.004216965034285823,4374.774185277949,5.180195107565851,ordinary_least_squares,measured_graph,24,constant_average_sigma
0.005623413251903491,4386.215711775229,16.621721604845334,ordinary_least_squares,measured_graph,24,constant_average_sigma
0.007498942093324558,4405.838726474995,36.24473630461216,ordinary_least_squares,measured_graph,24,constant_average_sigma
0.01,4434.746370915617,65.15238074523404,ordinary_least_squares,measured_graph,24,constant_average_sigma
0.01333521432163324,4473.517360613631,103.92337044324813,ordinary_least_squares,measured_graph,24,constant_average_sigma
0.01778279410038923,4522.113669371825,152.51967920144216,ordinary_least_squares,measured_graph,24,constant_average_sigma
0.023713737056616554,4580.092321982022,210.49833181163922,ordinary_least_squares,measured_graph,24,constant_average_sigma
0.03162277660168379,4646.809213591063,277.21522342067965,ordinary_least_squares,measured_graph,24,constant_average_sigma
0.042169650342858224,4720.635976527989,351.0419863576062,ordinary_least_squares,measured_graph,24,constant_average_sigma
0.05623413251903491,4797.027045589185,427.4330554188018,ordinary_least_squares,measured_graph,24,constant_average_sigma
0.07498942093324558,4867.527058730402,497.9330685600189,ordinary_least_squares,measured_graph,24,constant_average_sigma
0.1,4923.2364105306415,553.6424203602583,ordinary_least_squares,measured_graph,24,constant_average_sigma
1e-06,4387.205160748369,29.32223197753865,ordinary_least_squares,measured_graph,25,constant_average_sigma
1.333521432163324e-06,4387.195610694886,29.31268192405605,ordinary_least_squares,measured_graph,25,constant_average_sigma
1.778279410038923e-06,4387.182877919044,29.299949148213273,ordinary_least_squares,measured_graph,25,constant_average_sigma
2.3713737056616552e-06,4387.165902562789,29.282973791958284,ordinary_least_squares,measured_graph,25,constant_average_sigma
3.162277660168379e-06,4387.143272973213,29.26034420238284,ordinary_least_squares,measured_graph,25,constant_average_sigma
4.216965034285822e-06,4387.113109055033,29.230180284203016,ordinary_least_squares,measured_graph,25,constant_average_sigma
5.623413251903491e-06,4387.072908150386,29.189979379555552,ordinary_least_squares,measured_graph,25,constant_average_sigma
7.498942093324558e-06,4387.019340832832,29.13641206200191,ordinary_least_squares,measured_graph,25,constant_average_sigma
1e-05,4386.947981456789,29.065052685959017,ordinary_least_squares,measured_graph,25,constant_average_sigma
1.333521432163324e-05,4386.8529533951805,28.970024624350117,ordinary_least_squares,measured_graph,25,constant_average_sigma
1.778279410038923e-05,4386.726464813535,28.843536042704727,ordinary_least_squares,measured_graph,25,constant_average_sigma
2.3713737056616554e-05,4386.558204689358,28.675275918527404,ordinary_least_squares,measured_graph,25,constant_average_sigma
3.1622776601683795e-05,4386.334564674904,28.451635904073555,ordinary_least_squares,measured_graph,25,constant_average_sigma
4.216965034285822e-05,4386.037649781756,28.15472101092564,ordinary_least_squares,measured_graph,25,constant_average_sigma
5.623413251903491e-05,4385.644045346138,27.761116575307824,ordinary_least_squares,measured_graph,25,constant_average_sigma
7.498942093324559e-05,4385.123326496283,27.240397725452567,ordinary_least_squares,measured_graph,25,constant_average_sigma
0.0001,4384.436344700851,26.553415930020492,ordinary_least_squares,measured_graph,25,constant_average_sigma
0.0001333521432163324,4383.533432461248,25.65050369041728,ordinary_least_squares,measured_graph,25,constant_average_sigma
0.00017782794100389227,4382.3528841145935,24.469955343763104,ordinary_least_squares,measured_graph,25,constant_average_sigma
0.00023713737056616554,4380.820494713344,22.937565942513174,ordinary_least_squares,measured_graph,25,constant_average_sigma
0.00031622776601683794,4378.851745328877,20.968816558046456,ordinary_least_squares,measured_graph,25,constant_average_sigma
0.00042169650342858224,4376.359727251367,18.476798480536672,ordinary_least_squares,measured_graph,25,constant_average_sigma
0.0005623413251903491,4373.274654483996,15.391725713165215,ordinary_least_squares,measured_graph,25,constant_average_sigma
0.0007498942093324559,4369.585762804023,11.70283403319263,ordinary_least_squares,measured_graph,25,constant_average_sigma
0.001,4365.424992169768,7.5420633989378985,ordinary_least_squares,measured_graph,25,constant_average_sigma
0.001333521432163324,4361.225904576567,3.342975805736387,ordinary_least_squares,measured_graph,25,constant_average_sigma
0.0017782794100389228,4358.011389434532,0.12846066370184417,ordinary_least_squares,measured_graph,25,constant_average_sigma
0.0023713737056616554,4357.88292877083,0.0,ordinary_least_squares,measured_graph,25,constant_average_sigma
0.0031622776601683794,4364.769316588741,6.886387817910872,ordinary_least_squares,measured_graph,25,constant_average_sigma
0.004216965034285823,4385.344680611527,27.461751840696706,ordinary_least_squares,measured_graph,25,constant_average_sigma
0.005623413251903491,4429.556873361391,71.6739445905605,ordinary_least_squares,measured_graph,25,constant_average_sigma
0.007498942093324558,4509.376204000499,151.49327522966814,ordinary_least_squares,measured_graph,25,constant_average_sigma
0.01,4634.190548028906,276.30761925807565,ordinary_least_squares,measured_graph,25,constant_average_sigma
0.01333521432163324,4804.174057124919,446.29112835408887,ordinary_least_squares,measured_graph,25,constant_average_sigma
0.01778279410038923,5008.194108752905,650.3111799820745,ordinary_least_squares,measured_graph,25,constant_average_sigma
0.023713737056616554,5231.783002071712,873.9000733008816,ordinary_least_squares,measured_graph,25,constant_average_sigma
0.03162277660168379,5470.269322995149,1112.3863942243188,ordinary_least_squares,measured_graph,25,constant_average_sigma
0.042169650342858224,5734.941487843011,1377.0585590721803,ordinary_least_squares,measured_graph,25,constant_average_sigma
0.05623413251903491,6044.984306509845,1687.1013777390144,ordinary_least_squares,measured_graph,25,constant_average_sigma
0.07498942093324558,6409.718923690047,2051.8359949192163,ordinary_least_squares,measured_graph,25,constant_average_sigma
0.1,6813.827005834772,2455.944077063941,ordinary_least_squares,measured_graph,25,constant_average_sigma
1e-06,5805.888142579649,148.8043371924059,ordinary_least_squares,measured_graph,26,constant_average_sigma
1.333521432163324e-06,5805.887558310227,148.80375292298413,ordinary_least_squares,measured_graph,26,constant_average_sigma
1.778279410038923e-06,5805.886779053068,148.80297366582454,ordinary_least_squares,measured_graph,26,constant_average_sigma
2.3713737056616552e-06,5805.885739707817,148.80193432057422,ordinary_least_squares,measured_graph,26,constant_average_sigma
3.162277660168379e-06,5805.884353363819,148.80054797657613,ordinary_least_squares,measured_graph,26,constant_average_sigma
4.216965034285822e-06,5805.882504023291,148.79869863604836,ordinary_least_squares,measured_graph,26,constant_average_sigma
5.623413251903491e-06,5805.880036774437,148.79623138719398,ordinary_least_squares,measured_graph,26,constant_average_sigma
7.498942093324558e-06,5805.876744671463,148.79293928421976,ordinary_least_squares,measured_graph,26,constant_average_sigma
1e-05,5805.872351061618,148.7885456743752,ordinary_least_squares,measured_graph,26,constant_average_sigma
1.333521432163324e-05,5805.866485832107,148.78268044486413,ordinary_least_squares,measured_graph,26,constant_average_sigma
1.778279410038923e-05,5805.858653282994,148.774847895751,ordinary_least_squares,measured_graph,26,constant_average_sigma
2.3713737056616554e-05,5805.848188575549,148.76438318830606,ordinary_least_squares,measured_graph,26,constant_average_sigma
3.1622776601683795e-05,5805.8341983349765,148.75039294773342,ordinary_least_squares,measured_graph,26,constant_average_sigma
4.216965034285822e-05,5805.815479089428,148.7316737021847,ordinary_least_squares,measured_graph,26,constant_average_sigma
5.623413251903491e-05,5805.79040429687,148.70659890962725,ordinary_least_squares,measured_graph,26,constant_average_sigma
7.498942093324559e-05,5805.756766131473,148.6729607442303,ordinary_least_squares,measured_graph,26,constant_average_sigma
0.0001,5805.711550882832,148.6277454955889,ordinary_least_squares,measured_graph,26,constant_average_sigma
0.0001333521432163324,5805.650614883729,148.5668094964858,ordinary_least_squares,measured_graph,26,constant_average_sigma
0.00017782794100389227,5805.568207966968,148.4844025797247,ordinary_least_squares,measured_graph,26,constant_average_sigma
0.00023713737056616554,5805.4562577926345,148.3724524053914,ordinary_least_squares,measured_graph,26,constant_average_sigma
0.00031622776601683794,5805.303271216935,148.21946582969213,ordinary_least_squares,measured_graph,26,constant_average_sigma
0.00042169650342858224,5805.092613067111,148.00880767986837,ordinary_least_squares,measured_graph,26,constant_average_sigma
0.0005623413251903491,5804.799769969387,147.7159645821439,ordinary_least_squares,measured_graph,26,constant_average_sigma
0.0007498942093324559,5804.387995529922,147.30419014267864,ordinary_least_squares,measured_graph,26,constant_average_sigma
0.001,5803.801559288427,146.71775390118364,ordinary_least_squares,measured_graph,26,constant_average_sigma
0.001333521432163324,5802.956130732968,145.87232534572468,ordinary_least_squares,measured_graph,26,constant_average_sigma
0.0017782794100389228,5801.727952564611,144.6441471773678,ordinary_least_squares,measured_graph,26,constant_average_sigma
0.0023713737056616554,5799.949772532884,142.86596714564075,ordinary_least_squares,measured_graph,26,constant_average_sigma
0.0031622776601683794,5797.430772827895,140.3469674406524,ordinary_least_squares,measured_graph,26,constant_average_sigma
0.004216965034285823,5794.00669364916,136.92288826191725,ordinary_least_squares,measured_graph,26,constant_average_sigma
0.005623413251903491,5789.541424340552,132.45761895330907,ordinary_least_squares,measured_graph,26,constant_average_sigma
0.007498942093324558,5783.684854737885,126.60104935064192,ordinary_least_squares,measured_graph,26,constant_average_sigma
0.01,5775.381035821985,118.29723043474223,ordinary_least_squares,measured_graph,26,constant_average_sigma
0.01333521432163324,5762.787892088016,105.70408670077268,ordinary_least_squares,measured_graph,26,constant_average_sigma
0.01778279410038923,5744.461210520843,87.3774051336004,ordinary_least_squares,measured_graph,26,constant_average_sigma
0.023713737056616554,5721.245383684391,64.16157829714757,ordinary_least_squares,measured_graph,26,constant_average_sigma
0.03162277660168379,5696.781490683705,39.697685296461714,ordinary_least_squares,measured_graph,26,constant_average_sigma
0.042169650342858224,5675.7936163386075,18.70981095136449,ordinary_least_squares,measured_graph,26,constant_average_sigma
0.05623413251903491,5661.968754836915,4.884949449671694,ordinary_least_squares,measured_graph,26,constant_average_sigma
0.07498942093324558,5657.083805387243,0.0,ordinary_least_squares,measured_graph,26,constant_average_sigma
0.1,5660.991189895725,3.9073845084822096,ordinary_least_squares,measured_graph,26,constant_average_sigma
1e-06,6948.479988384246,10.270828440380683,ordinary_least_squares,measured_graph,27,constant_average_sigma
1.333521432163324e-06,6948.479722359681,10.27056241581522,ordinary_least_squares,measured_graph,27,constant_average_sigma
1.778279410038923e-06,6948.47936759287,10.270207649004988,ordinary_least_squares,measured_graph,27,constant_average_sigma
2.3713737056616552e-06,6948.478894506874,10.26973456300857,ordinary_least_squares,measured_graph,27,constant_average_sigma
3.162277660168379e-06,6948.478263641548,10.269103697683022,ordinary_least_squares,measured_graph,27,constant_average_sigma
4.216965034285822e-06,6948.477422355807,10.268262411941578,ordinary_least_squares,measured_graph,27,constant_average_sigma
5.623413251903491e-06,6948.476300465979,10.26714052211355,ordinary_least_squares,measured_graph,27,constant_average_sigma
7.498942093324558e-06,6948.474804371589,10.2656444277236,ordinary_least_squares,measured_graph,27,constant_average_sigma
1e-05,6948.472809246318,10.263649302452905,ordinary_least_squares,measured_graph,27,constant_average_sigma
1.333521432163324e-05,6948.470148614447,10.260988670581355,ordinary_least_squares,measured_graph,27,constant_average_sigma
1.778279410038923e-05,6948.466600443202,10.257440499336553,ordinary_least_squares,measured_graph,27,constant_average_sigma
2.3713737056616554e-05,6948.46186859351,10.252708649644774,ordinary_least_squares,measured_graph,27,constant_average_sigma
3.1622776601683795e-05,6948.455558063633,10.246398119767946,ordinary_least_squares,measured_graph,27,constant_average_sigma
4.216965034285822e-05,6948.4471419350275,10.237981991162087,ordinary_least_squares,measured_graph,27,constant_average_sigma
5.623413251903491e-05,6948.435917249444,10.226757305578758,ordinary_least_squares,measured_graph,27,constant_average_sigma
7.498942093324559e-05,6948.420946061118,10.211786117252814,ordinary_least_squares,measured_graph,27,constant_average_sigma
0.0001,6948.400976658186,10.191816714320339,ordinary_least_squares,measured_graph,27,constant_average_sigma
0.0001333521432163324,6948.374338203722,10.165178259856475,ordinary_least_squares,measured_graph,27,constant_average_sigma
0.00017782794100389227,6948.338799722259,10.129639778393539,ordinary_least_squares,measured_graph,27,constant_average_sigma
0.00023713737056616554,6948.291381179935,10.082221236069927,ordinary_least_squares,measured_graph,27,constant_average_sigma
0.00031622776601683794,6948.228100130904,10.018940187038424,ordinary_least_squares,measured_graph,27,constant_average_sigma
0.00042169650342858224,6948.143631643021,9.934471699155438,ordinary_least_squares,measured_graph,27,constant_average_sigma
0.0005623413251903491,6948.030851676424,9.821691732558975,ordinary_least_squares,measured_graph,27,constant_average_sigma
0.0007498942093324559,6947.880224775541,9.671064831675722,ordinary_least_squares,measured_graph,27,constant_average_sigma
0.001,6947.6789873207135,9.469827376848116,ordinary_least_squares,measured_graph,27,constant_average_sigma
0.001333521432163324,6947.410073816544,9.200913872678939,ordinary_least_squares,measured_graph,27,constant_average_sigma
0.0017782794100389228,6947.050756141754,8.841596197888975,ordinary_least_squares,measured_graph,27,constant_average_sigma
0.0023713737056616554,6946.571075573269,8.361915629403484,ordinary_least_squares,measured_graph,27,constant_average_sigma
0.0031622776601683794,6945.932516192359,7.723356248493474,ordinary_least_squares,measured_graph,27,constant_average_sigma
0.004216965034285823,6945.088433196862,6.879273252996427,ordinary_least_squares,measured_graph,27,constant_average_sigma
0.005623413251903491,6943.990438851057,5.781278907191336,ordinary_least_squares,measured_graph,27,constant_average_sigma
0.007498942093324558,6942.610441473908,4.401281530042979,ordinary_least_squares,measured_graph,27,constant_average_sigma
0.01,6940.994770995148,2.785611051283013,ordinary_least_squares,measured_graph,27,constant_average_sigma
0.01333521432163324,6939.361665888008,1.1525059441428311,ordinary_least_squares,measured_graph,27,constant_average_sigma
0.01778279410038923,6938.209159943865,0.0,ordinary_least_squares,measured_graph,27,constant_average_sigma
0.023713737056616554,6938.323224859047,0.11406491518118855,ordinary_least_squares,measured_graph,27,constant_average_sigma
0.03162277660168379,6940.569636094235,2.3604761503693226,ordinary_least_squares,measured_graph,27,constant_average_sigma
0.042169650342858224,6945.517841884549,7.3086819406835275,ordinary_least_squares,measured_graph,27,constant_average_sigma
0.05623413251903491,6953.158905202153,14.949745258287294,ordinary_least_squares,measured_graph,27,constant_average_sigma
0.07498942093324558,6962.8801120252265,24.670952081361065,ordinary_least_squares,measured_graph,27,constant_average_sigma
0.1,6973.50336996164,35.294210017774276,ordinary_least_squares,measured_graph,27,constant_average_sigma
1e-06,7621.003898478654,0.0,ordinary_least_squares,measured_graph,28,constant_average_sigma
1.333521432163324e-06,7621.004010127086,0.00011164843181177275,ordinary_least_squares,measured_graph,28,constant_average_sigma
1.778279410038923e-06,7621.004159717421,0.00026123876705241855,ordinary_least_squares,measured_graph,28,constant_average_sigma
2.3713737056616552e-06,7621.004359096161,0.00046061750708759064,ordinary_least_squares,measured_graph,28,constant_average_sigma
3.162277660168379e-06,7621.004625133327,0.0007266546726896195,ordinary_least_squares,measured_graph,28,constant_average_sigma
4.216965034285822e-06,7621.004979689134,0.0010812104801516398,ordinary_least_squares,measured_graph,28,constant_average_sigma
5.623413251903491e-06,7621.00545266127,0.0015541826160188066,ordinary_least_squares,measured_graph,28,constant_average_sigma
7.498942093324558e-06,7621.006083402533,0.0021849238783033798,ordinary_least_squares,measured_graph,28,constant_average_sigma
1e-05,7621.006924458979,0.003025980324309785,ordinary_least_squares,measured_graph,28,constant_average_sigma
1.333521432163324e-05,7621.008046102388,0.00414762373384292,ordinary_least_squares,measured_graph,28,constant_average_sigma
1.778279410038923e-05,7621.009542049851,0.005643571196742414,ordinary_least_squares,measured_graph,28,constant_average_sigma
2.3713737056616554e-05,7621.011537099794,0.007638621139449242,ordinary_least_squares,measured_graph,28,constant_average_sigma
3.1622776601683795e-05,7621.014197895225,0.010299416570887843,ordinary_least_squares,measured_graph,28,constant_average_sigma
4.216965034285822e-05,7621.017746842467,0.013848363812940079,ordinary_least_squares,measured_graph,28,constant_average_sigma
5.623413251903491e-05,7621.022480631654,0.01858215299944277,ordinary_least_squares,measured_graph,28,constant_average_sigma
7.498942093324559e-05,7621.02879539008,0.0248969114254578,ordinary_least_squares,measured_graph,28,constant_average_sigma
0.0001,7621.037220051759,0.03332157310433104,ordinary_least_squares,measured_graph,28,constant_average_sigma
0.0001333521432163324,7621.048461259142,0.044562780487467535,ordinary_least_squares,measured_graph,28,constant_average_sigma
0.00017782794100389227,7621.0634636173845,0.0595651387302496,ordinary_least_squares,measured_graph,28,constant_average_sigma
0.00023713737056616554,7621.083490773654,0.07959229500011133,ordinary_least_squares,measured_graph,28,constant_average_sigma
0.00031622776601683794,7621.110234926568,0.10633644791414554,ordinary_least_squares,measured_graph,28,constant_average_sigma
0.00042169650342858224,7621.145965074626,0.14206659597130056,ordinary_least_squares,measured_graph,28,constant_average_sigma
0.0005623413251903491,7621.193728735968,0.18983025731358794,ordinary_least_squares,measured_graph,28,constant_average_sigma
0.0007498942093324559,7621.257627638002,0.2537291593480404,ordinary_least_squares,measured_graph,28,constant_average_sigma
0.001,7621.343196603891,0.3392981252363825,ordinary_least_squares,measured_graph,28,constant_average_sigma
0.001333521432163324,7621.457926985432,0.45402850677783135,ordinary_least_squares,measured_graph,28,constant_average_sigma
0.0017782794100389228,7621.611992616752,0.6080941380978402,ordinary_least_squares,measured_graph,28,constant_average_sigma
0.0023713737056616554,7621.819257052823,0.8153585741683855,ordinary_least_squares,measured_graph,28,constant_average_sigma
0.0031622776601683794,7622.098662042014,1.0947635633601749,ordinary_least_squares,measured_graph,28,constant_average_sigma
0.004216965034285823,7622.476107315374,1.4722088367198012,ordinary_least_squares,measured_graph,28,constant_average_sigma
0.005623413251903491,7622.986913273544,1.983014794889641,ordinary_least_squares,measured_graph,28,constant_average_sigma
0.007498942093324558,7623.678926602096,2.6750281234417344,ordinary_least_squares,measured_graph,28,constant_average_sigma
0.01,7624.616488290985,3.6125898123309526,ordinary_least_squares,measured_graph,28,constant_average_sigma
0.01333521432163324,7625.886424607293,4.882526128638347,ordinary_least_squares,measured_graph,28,constant_average_sigma
0.01778279410038923,7627.609157633237,6.605259154583109,ordinary_least_squares,measured_graph,28,constant_average_sigma
0.023713737056616554,7629.957982567194,8.954084088540185,ordinary_least_squares,measured_graph,28,constant_average_sigma
0.03162277660168379,7633.183501922727,12.17960344407311,ordinary_least_squares,measured_graph,28,constant_average_sigma
0.042169650342858224,7637.637409097268,16.6335106186134,ordinary_least_squares,measured_graph,28,constant_average_sigma
0.05623413251903491,7643.8028345482435,22.798936069589217,ordinary_least_squares,measured_graph,28,constant_average_sigma
0.07498942093324558,7652.347109566323,31.34321108766835,ordinary_least_squares,measured_graph,28,constant_average_sigma
0.1,7664.20272523411,43.19882675545614,ordinary_least_squares,measured_graph,28,constant_average_sigma
1e-06,42541.95136714629,171.4888130829495,ordinary_least_squares,measured_graph,29,constant_average_sigma
1.333521432163324e-06,42541.9596131991,171.497059135756,ordinary_least_squares,measured_graph,29,constant_average_sigma
1.778279410038923e-06,42541.970608481715,171.50805441837292,ordinary_least_squares,measured_graph,29,constant_average_sigma
2.3713737056616552e-06,42541.98526988494,171.5227158216003,ordinary_least_squares,measured_graph,29,constant_average_sigma
3.162277660168379e-06,42542.00481857273,171.54226450938586,ordinary_least_squares,measured_graph,29,constant_average_sigma
4.216965034285822e-06,42542.03088302044,171.56832895709522,ordinary_least_squares,measured_graph,29,constant_average_sigma
5.623413251903491e-06,42542.06563300495,171.60307894161087,ordinary_least_squares,measured_graph,29,constant_average_sigma
7.498942093324558e-06,42542.11195968483,171.64940562148695,ordinary_least_squares,measured_graph,29,constant_average_sigma
1e-05,42542.17371358808,171.71115952474065,ordinary_least_squares,measured_graph,29,constant_average_sigma
1.333521432163324e-05,42542.25602161677,171.79346755342704,ordinary_least_squares,measured_graph,29,constant_average_sigma
1.778279410038923e-05,42542.36570607989,171.90315201654448,ordinary_least_squares,measured_graph,29,constant_average_sigma
2.3713737056616554e-05,42542.51183887859,172.04928481524985,ordinary_least_squares,measured_graph,29,constant_average_sigma
3.1622776601683795e-05,42542.70647143597,172.24391737263068,ordinary_least_squares,measured_graph,29,constant_average_sigma
4.216965034285822e-05,42542.96559187529,172.50303781194816,ordinary_least_squares,measured_graph,29,constant_average_sigma
5.623413251903491e-05,42543.310372411855,172.8478183485131,ordinary_least_squares,measured_graph,29,constant_average_sigma
7.498942093324559e-05,42543.76877942797,173.3062253646276,ordinary_least_squares,measured_graph,29,constant_average_sigma
0.0001,42544.37762389652,173.9150698331796,ordinary_least_squares,measured_graph,29,constant_average_sigma
0.0001333521432163324,42545.18511755023,174.72256348688825,ordinary_least_squares,measured_graph,29,constant_average_sigma
0.00017782794100389227,42546.253951504215,175.79139744087297,ordinary_least_squares,measured_graph,29,constant_average_sigma
0.00023713737056616554,42547.66478451586,177.20223045251623,ordinary_least_squares,measured_graph,29,constant_average_sigma
0.00031622776601683794,42549.51973070747,179.05717664412805,ordinary_least_squares,measured_graph,29,constant_average_sigma
0.00042169650342858224,42551.94479971188,181.48224564853444,ordinary_least_squares,measured_graph,29,constant_average_sigma
0.0005623413251903491,42555.0889413689,184.62638730555773,ordinary_least_squares,measured_graph,29,constant_average_sigma
0.0007498942093324559,42559.11481406455,188.65226000121038,ordinary_least_squares,measured_graph,29,constant_average_sigma
0.001,42564.17181494123,193.7092608778912,ordinary_least_squares,measured_graph,29,constant_average_sigma
0.001333521432163324,42570.334775086034,199.87222102269152,ordinary_least_squares,measured_graph,29,constant_average_sigma
0.0017782794100389228,42577.484484843,207.02193077965785,ordinary_least_squares,measured_graph,29,constant_average_sigma
0.0023713737056616554,42585.11213448555,214.64958042220678,ordinary_least_squares,measured_graph,29,constant_average_sigma
0.0031622776601683794,42592.08524001358,221.62268595023488,ordinary_least_squares,measured_graph,29,constant_average_sigma
0.004216965034285823,42596.559964257125,226.0974101937827,ordinary_least_squares,measured_graph,29,constant_average_sigma
0.005623413251903491,42596.36801262899,225.9054585656486,ordinary_least_squares,measured_graph,29,constant_average_sigma
0.007498942093324558,42589.942076964915,219.47952290157264,ordinary_least_squares,measured_graph,29,constant_average_sigma
0.01,42577.08093820272,206.6183841393795,ordinary_least_squares,measured_graph,29,constant_average_sigma
0.01333521432163324,42558.80468997543,188.34213591209118,ordinary_least_squares,measured_graph,29,constant_average_sigma
0.01778279410038923,42536.65068186112,166.1881277977809,ordinary_least_squares,measured_graph,29,constant_average_sigma
0.023713737056616554,42512.05695771238,141.59440364904003,ordinary_least_squares,measured_graph,29,constant_average_sigma
0.03162277660168379,42485.94206916066,115.47951509731502,ordinary_least_squares,measured_graph,29,constant_average_sigma
0.042169650342858224,42458.63470458315,88.17215051980747,ordinary_least_squares,measured_graph,29,constant_average_sigma
0.05623413251903491,42430.14029277894,59.677738715596206,ordinary_least_squares,measured_graph,29,constant_average_sigma
0.07498942093324558,42400.516106999494,30.05355293615139,ordinary_least_squares,measured_graph,29,constant_average_sigma
0.1,42370.46255406334,0.0,ordinary_least_squares,measured_graph,29,constant_average_sigma
1e-06,31640.066470040972,0.0,ordinary_least_squares,measured_graph,30,constant_average_sigma
1.333521432163324e-06,31640.06801052989,0.0015404889163619373,ordinary_least_squares,measured_graph,30,constant_average_sigma
1.778279410038923e-06,31640.070065039392,0.0035949984194303397,ordinary_least_squares,measured_graph,30,constant_average_sigma
2.3713737056616552e-06,31640.07280536333,0.006335322355880635,ordinary_least_squares,measured_graph,30,constant_average_sigma
3.162277660168379e-06,31640.076460407774,0.009990366801503114,ordinary_least_squares,measured_graph,30,constant_average_sigma
4.216965034285822e-06,31640.08133605131,0.014866010336845648,ordinary_least_squares,measured_graph,30,constant_average_sigma
5.623413251903491e-06,31640.0878405778,0.021370536825997988,ordinary_least_squares,measured_graph,30,constant_average_sigma
7.498942093324558e-06,31640.09651936118,0.030049320208490826,ordinary_least_squares,measured_graph,30,constant_average_sigma
1e-05,31640.108101342248,0.041631301275629085,ordinary_least_squares,measured_graph,30,constant_average_sigma
1.333521432163324e-05,31640.12356154647,0.05709150549591868,ordinary_least_squares,measured_graph,30,constant_average_sigma
1.778279410038923e-05,31640.14420538766,0.07773534668740467,ordinary_least_squares,measured_graph,30,constant_average_sigma
2.3713737056616554e-05,31640.171782964815,0.1053129238425754,ordinary_least_squares,measured_graph,30,constant_average_sigma
3.1622776601683795e-05,31640.208644542272,0.14217450129945064,ordinary_least_squares,measured_graph,30,constant_average_sigma
4.216965034285822e-05,31640.257953538494,0.19148349752140348,ordinary_least_squares,measured_graph,30,constant_average_sigma
5.623413251903491e-05,31640.32398033132,0.25751029034654493,ordinary_least_squares,measured_graph,30,constant_average_sigma
7.498942093324559e-05,31640.412511559713,0.34604151874009403,ordinary_least_squares,measured_graph,30,constant_average_sigma
0.0001,31640.531426627884,0.46495658691128483,ordinary_least_squares,measured_graph,30,constant_average_sigma
0.0001333521432163324,31640.691520537675,0.6250504967028974,ordinary_least_squares,measured_graph,30,constant_average_sigma
0.00017782794100389227,31640.9076956399,0.8412255989278492,ordinary_least_squares,measured_graph,30,constant_average_sigma
0.00023713737056616554,31641.20071505276,1.1342450117881526,ordinary_least_squares,measured_graph,30,constant_average_sigma
0.00031622776601683794,31641.599823243658,1.533353202685248,ordinary_least_squares,measured_graph,30,constant_average_sigma
0.00042169650342858224,31642.146718674852,2.080248633879819,ordinary_least_squares,measured_graph,30,constant_average_sigma
0.0005623413251903491,31642.901640338958,2.8351702979853144,ordinary_least_squares,measured_graph,30,constant_average_sigma
0.0007498942093324559,31643.95273078794,3.8862607469673094,ordinary_least_squares,measured_graph,30,constant_average_sigma
0.001,31645.430336599347,5.363866558374866,ordinary_least_squares,measured_graph,30,constant_average_sigma
0.001333521432163324,31647.528277760863,7.461807719890203,ordinary_least_squares,measured_graph,30,constant_average_sigma
0.0017782794100389228,31650.533555310067,10.467085269094241,ordinary_least_squares,measured_graph,30,constant_average_sigma
0.0023713737056616554,31654.862305041446,14.795835000473744,ordinary_least_squares,measured_graph,30,constant_average_sigma
0.0031622776601683794,31661.088672511905,21.022202470932825,ordinary_least_squares,measured_graph,30,constant_average_sigma
0.004216965034285823,31669.930326921763,29.86385688079099,ordinary_least_squares,measured_graph,30,constant_average_sigma
0.005623413251903491,31682.13004523658,42.06357519560697,ordinary_least_squares,measured_graph,30,constant_average_sigma
0.007498942093324558,31698.202252075298,58.13578203432553,ordinary_least_squares,measured_graph,30,constant_average_sigma
0.01,31718.16649721856,78.10002717758834,ordinary_least_squares,measured_graph,30,constant_average_sigma
0.01333521432163324,31741.557956927485,101.49148688651258,ordinary_least_squares,measured_graph,30,constant_average_sigma
0.01778279410038923,31767.90010430459,127.83363426361757,ordinary_least_squares,measured_graph,30,constant_average_sigma
0.023713737056616554,31797.41887341312,157.35240337214782,ordinary_least_squares,measured_graph,30,constant_average_sigma
0.03162277660168379,31831.241573527423,191.1751034864501,ordinary_least_squares,measured_graph,30,constant_average_sigma
0.042169650342858224,31870.509873007937,230.44340296696464,ordinary_least_squares,measured_graph,30,constant_average_sigma
0.05623413251903491,31915.620438294358,275.5539682533854,ordinary_least_squares,measured_graph,30,constant_average_sigma
0.07498942093324558,31967.07905674453,327.01258670355674,ordinary_least_squares,measured_graph,30,constant_average_sigma
0.1,32025.915111760918,385.8486417199456,ordinary_least_squares,measured_graph,30,constant_average_sigma
1e-06,26116.899214807323,9.023946784538566,ordinary_least_squares,measured_graph,31,constant_average_sigma
1.333521432163324e-06,26116.897472601948,9.022204579163372,ordinary_least_squares,measured_graph,31,constant_average_sigma
1.778279410038923e-06,26116.89514947929,9.019881456504663,ordinary_least_squares,measured_graph,31,constant_average_sigma
2.3713737056616552e-06,26116.89205188377,9.016783860985015,ordinary_least_squares,measured_graph,31,constant_average_sigma
3.162277660168379e-06,26116.887921827605,9.01265380482073,ordinary_least_squares,measured_graph,31,constant_average_sigma
4.216965034285822e-06,26116.882415413293,9.00714739050818,ordinary_least_squares,measured_graph,31,constant_average_sigma
5.623413251903491e-06,26116.875074512413,8.9998064896281,ordinary_least_squares,measured_graph,31,constant_average_sigma
7.498942093324558e-06,26116.86528884664,8.990020823854138,ordinary_least_squares,measured_graph,31,constant_average_sigma
1e-05,26116.85224581789,8.976977795104176,ordinary_least_squares,measured_graph,31,constant_average_sigma
1.333521432163324e-05,26116.83486402113,8.959595998345321,ordinary_least_squares,measured_graph,31,constant_average_sigma
1.778279410038923e-05,26116.811705233562,8.936437210777513,ordinary_least_squares,measured_graph,31,constant_average_sigma
2.3713737056616554e-05,26116.78085848674,8.905590463957196,ordinary_least_squares,measured_graph,31,constant_average_sigma
3.1622776601683795e-05,26116.73978780641,8.864519783626747,ordinary_least_squares,measured_graph,31,constant_average_sigma
4.216965034285822e-05,26116.685133488147,8.809865465362236,ordinary_least_squares,measured_graph,31,constant_average_sigma
5.623413251903491e-05,26116.612454756847,8.737186734062561,ordinary_least_squares,measured_graph,31,constant_average_sigma
7.498942093324559e-05,26116.515900454244,8.64063243145938,ordinary_least_squares,measured_graph,31,constant_average_sigma
0.0001,26116.387794980194,8.512526957409136,ordinary_least_squares,measured_graph,31,constant_average_sigma
0.0001333521432163324,26116.2181317047,8.342863681915333,ordinary_least_squares,measured_graph,31,constant_average_sigma
0.00017782794100389227,26115.993980891766,8.118712868981675,ordinary_least_squares,measured_graph,31,constant_average_sigma
0.00023713737056616554,26115.69885416623,7.823586143444118,ordinary_least_squares,measured_graph,31,constant_average_sigma
0.00031622776601683794,26115.312144051575,7.436876028790721,ordinary_least_squares,measured_graph,31,constant_average_sigma
0.00042169650342858224,26114.80891754221,6.933649519425671,ordinary_least_squares,measured_graph,31,constant_average_sigma
0.0005623413251903491,26114.160673024002,6.285405001217441,ordinary_least_squares,measured_graph,31,constant_average_sigma
0.0007498942093324559,26113.338343173535,5.463075150750228,ordinary_least_squares,measured_graph,31,constant_average_sigma
0.001,26112.320187206096,4.4449191833118675,ordinary_least_squares,measured_graph,31,constant_average_sigma
0.001333521432163324,26111.10992006171,3.23465203892556,ordinary_least_squares,measured_graph,31,constant_average_sigma
0.0017782794100389228,26109.775591790854,1.9003237680699385,ordinary_least_squares,measured_graph,31,constant_average_sigma
0.0023713737056616554,26108.528709433573,0.6534414107882185,ordinary_least_squares,measured_graph,31,constant_average_sigma
0.0031622776601683794,26107.875268022784,0.0,ordinary_least_squares,measured_graph,31,constant_average_sigma
0.004216965034285823,26108.874659576708,0.9993915539234877,ordinary_least_squares,measured_graph,31,constant_average_sigma
0.005623413251903491,26113.49912114465,5.623853121865977,ordinary_least_squares,measured_graph,31,constant_average_sigma
0.007498942093324558,26124.92948816635,17.054220143567363,ordinary_least_squares,measured_graph,31,constant_average_sigma
0.01,26147.401582187053,39.526314164268115,ordinary_least_squares,measured_graph,31,constant_average_sigma
0.01333521432163324,26185.3179317179,77.44266369511388,ordinary_least_squares,measured_graph,31,constant_average_sigma
0.01778279410038923,26241.92840056471,134.05313254192515,ordinary_least_squares,measured_graph,31,constant_average_sigma
0.023713737056616554,26318.021646719957,210.14637869717262,ordinary_least_squares,measured_graph,31,constant_average_sigma
0.03162277660168379,26410.979625858337,303.10435783555295,ordinary_least_squares,measured_graph,31,constant_average_sigma
0.042169650342858224,26515.933793646032,408.058525623248,ordinary_least_squares,measured_graph,31,constant_average_sigma
0.05623413251903491,26630.45665081375,522.581382790966,ordinary_least_squares,measured_graph,31,constant_average_sigma
0.07498942093324558,26759.673043264935,651.7977752421502,ordinary_least_squares,measured_graph,31,constant_average_sigma
0.1,26916.795466231088,808.9201982083032,ordinary_least_squares,measured_graph,31,constant_average_sigma
1e-06,17729.178288397903,0.16552971941564465,ordinary_least_squares,measured_graph,32,constant_average_sigma
1.333521432163324e-06,17729.177196807716,0.1644381292280741,ordinary_least_squares,measured_graph,32,constant_average_sigma
1.778279410038923e-06,17729.175746661684,0.1629879831962171,ordinary_least_squares,measured_graph,32,constant_average_sigma
2.3713737056616552e-06,17729.173822719724,0.1610640412363864,ordinary_least_squares,measured_graph,32,constant_average_sigma
3.162277660168379e-06,17729.171274674572,0.1585159960850433,ordinary_least_squares,measured_graph,32,constant_average_sigma
4.216965034285822e-06,17729.167908064195,0.15514938570777304,ordinary_least_squares,measured_graph,32,constant_average_sigma
5.623413251903491e-06,17729.16347420142,0.15071552293375134,ordinary_least_squares,measured_graph,32,constant_average_sigma
7.498942093324558e-06,17729.15766047023,0.14490179174390505,ordinary_least_squares,measured_graph,32,constant_average_sigma
1e-05,17729.150083733242,0.13732505475491052,ordinary_least_squares,measured_graph,32,constant_average_sigma
1.333521432163324e-05,17729.140293285633,0.1275346071452077,ordinary_least_squares,measured_graph,32,constant_average_sigma
1.778279410038923e-05,17729.127795293305,0.11503661481765448,ordinary_least_squares,measured_graph,32,constant_average_sigma
2.3713737056616554e-05,17729.112122448285,0.09936376979749184,ordinary_least_squares,measured_graph,32,constant_average_sigma
3.1622776601683795e-05,17729.09299283337,0.0802341548842378,ordinary_least_squares,measured_graph,32,constant_average_sigma
4.216965034285822e-05,17729.070640271402,0.05788159291478223,ordinary_least_squares,measured_graph,32,constant_average_sigma
5.623413251903491e-05,17729.046467652122,0.03370897363492986,ordinary_least_squares,measured_graph,32,constant_average_sigma
7.498942093324559e-05,17729.02430159838,0.011542919892235659,ordinary_least_squares,measured_graph,32,constant_average_sigma
0.0001,17729.012758678487,0.0,ordinary_least_squares,measured_graph,32,constant_average_sigma
0.0001333521432163324,17729.02965783,0.016899151512916433,ordinary_least_squares,measured_graph,32,constant_average_sigma
0.00017782794100389227,17729.110191332296,0.09743265380893718,ordinary_least_squares,measured_graph,32,constant_average_sigma
0.00023713737056616554,17729.32198845755,0.3092297790608427,ordinary_least_squares,measured_graph,32,constant_average_sigma
0.00031622776601683794,17729.79278265578,0.780023977291421,ordinary_least_squares,measured_graph,32,constant_average_sigma
0.00042169650342858224,17730.76095647405,1.748197795561282,ordinary_least_squares,measured_graph,32,constant_average_sigma
0.0005623413251903491,17732.666896128547,3.654137450059352,ordinary_least_squares,measured_graph,32,constant_average_sigma
0.0007498942093324559,17736.31439628738,7.301637608892634,ordinary_least_squares,measured_graph,32,constant_average_sigma
0.001,17743.14274745689,14.129988778404368,ordinary_least_squares,measured_graph,32,constant_average_sigma
0.001333521432163324,17755.64347739783,26.63071871934153,ordinary_least_squares,measured_graph,32,constant_average_sigma
0.0017782794100389228,17777.880424289153,48.867665610665426,ordinary_least_squares,measured_graph,32,constant_average_sigma
0.0023713737056616554,17815.859476938196,86.84671825970872,ordinary_least_squares,measured_graph,32,constant_average_sigma
0.0031622776601683794,17877.250801709593,148.23804303110592,ordinary_least_squares,measured_graph,32,constant_average_sigma
0.004216965034285823,17970.317391403005,241.30463272451743,ordinary_least_squares,measured_graph,32,constant_average_sigma
0.005623413251903491,18103.23128781054,374.21852913205294,ordinary_least_squares,measured_graph,32,constant_average_sigma
0.007498942093324558,18284.944580822503,555.9318221440153,ordinary_least_squares,measured_graph,32,constant_average_sigma
0.01,18525.01445937487,796.0017006963826,ordinary_least_squares,measured_graph,32,constant_average_sigma
0.01333521432163324,18827.42673825274,1098.4139795742522,ordinary_least_squares,measured_graph,32,constant_average_sigma
0.01778279410038923,19179.452437821194,1450.4396791427062,ordinary_least_squares,measured_graph,32,constant_average_sigma
0.023713737056616554,19547.364729879002,1818.3519712005145,ordinary_least_squares,measured_graph,32,constant_average_sigma
0.03162277660168379,19890.25899380006,2161.2462351215727,ordinary_least_squares,measured_graph,32,constant_average_sigma
0.042169650342858224,20182.235400087557,2453.222641409069,ordinary_least_squares,measured_graph,32,constant_average_sigma
0.05623413251903491,20421.663282045654,2692.650523367167,ordinary_least_squares,measured_graph,32,constant_average_sigma
0.07498942093324558,20623.846086819765,2894.833328141278,ordinary_least_squares,measured_graph,32,constant_average_sigma
0.1,20808.324868788393,3079.312110109906,ordinary_least_squares,measured_graph,32,constant_average_sigma
1e-06,18421.45472122344,623.4043803247514,ordinary_least_squares,measured_graph,33,constant_average_sigma
1.333521432163324e-06,18421.446420176966,623.3960792782782,ordinary_least_squares,measured_graph,33,constant_average_sigma
1.778279410038923e-06,18421.435349380463,623.385008481775,ordinary_least_squares,measured_graph,33,constant_average_sigma
2.3713737056616552e-06,18421.42058376924,623.370242870551,ordinary_least_squares,measured_graph,33,constant_average_sigma
3.162277660168379e-06,18421.40088945746,623.3505485587739,ordinary_least_squares,measured_graph,33,constant_average_sigma
4.216965034285822e-06,18421.37461924206,623.3242783433707,ordinary_least_squares,measured_graph,33,constant_average_sigma
5.623413251903491e-06,18421.33957389796,623.2892329992719,ordinary_least_squares,measured_graph,33,constant_average_sigma
7.498942093324558e-06,18421.29281642852,623.2424755298307,ordinary_least_squares,measured_graph,33,constant_average_sigma
1e-05,18421.230422579014,623.1800816803261,ordinary_least_squares,measured_graph,33,constant_average_sigma
1.333521432163324e-05,18421.14714424614,623.0968033474528,ordinary_least_squares,measured_graph,33,constant_average_sigma
1.778279410038923e-05,18421.035958010223,622.9856171115352,ordinary_least_squares,measured_graph,33,constant_average_sigma
2.3713737056616554e-05,18420.887452965857,622.8371120671691,ordinary_least_squares,measured_graph,33,constant_average_sigma
3.1622776601683795e-05,18420.688999566122,622.6386586674344,ordinary_least_squares,measured_graph,33,constant_average_sigma
4.216965034285822e-05,18420.42361464846,622.373273749774,ordinary_least_squares,measured_graph,33,constant_average_sigma
5.623413251903491e-05,18420.068400608092,622.018059709404,ordinary_least_squares,measured_graph,33,constant_average_sigma
7.498942093324559e-05,18419.59238117439,621.5420402757009,ordinary_least_squares,measured_graph,33,constant_average_sigma
0.0001,18418.95347094331,620.9031300446222,ordinary_least_squares,measured_graph,33,constant_average_sigma
0.0001333521432163324,18418.09418407749,620.0438431788025,ordinary_least_squares,measured_graph,33,constant_average_sigma
0.00017782794100389227,18416.935484423942,618.8851435252545,ordinary_least_squares,measured_graph,33,constant_average_sigma
0.00023713737056616554,18415.367869862548,617.3175289638602,ordinary_least_squares,measured_graph,33,constant_average_sigma
0.00031622776601683794,18413.23833005914,615.1879891604513,ordinary_least_squares,measured_graph,33,constant_average_sigma
0.00042169650342858224,18410.331214433936,612.2808735352482,ordinary_least_squares,measured_graph,33,constant_average_sigma
0.0005623413251903491,18406.340445637383,608.2901047386949,ordinary_least_squares,measured_graph,33,constant_average_sigma
0.0007498942093324559,18400.8305656604,602.780224761711,ordinary_least_squares,measured_graph,33,constant_average_sigma
0.001,18393.18681096946,595.1364700707709,ordinary_least_squares,measured_graph,33,constant_average_sigma
0.001333521432163324,18382.5646334076,584.5142925089131,ordinary_least_squares,measured_graph,33,constant_average_sigma
0.0017782794100389228,18367.874848229334,569.8245073306462,ordinary_least_squares,measured_graph,33,constant_average_sigma
0.0023713737056616554,18347.88218432506,549.831843426371,ordinary_least_squares,measured_graph,33,constant_average_sigma
0.0031622776601683794,18321.500824341063,523.4504834423751,ordinary_least_squares,measured_graph,33,constant_average_sigma
0.004216965034285823,18288.19283425685,490.142493358162,ordinary_least_squares,measured_graph,33,constant_average_sigma
0.005623413251903491,18248.000364896197,449.95002399750956,ordinary_least_squares,measured_graph,33,constant_average_sigma
0.007498942093324558,18200.841721938115,402.7913810394275,ordinary_least_squares,measured_graph,33,constant_average_sigma
0.01,18145.81150035983,347.7611594611408,ordinary_least_squares,measured_graph,33,constant_average_sigma
0.01333521432163324,18081.73104213892,283.68070124023143,ordinary_least_squares,measured_graph,33,constant_average_sigma
0.01778279410038923,18008.9599508704,210.9096099717135,ordinary_least_squares,measured_graph,33,constant_average_sigma
0.023713737056616554,17931.687564667045,133.63722376835722,ordinary_least_squares,measured_graph,33,constant_average_sigma
0.03162277660168379,17860.054033283668,62.00369238498024,ordinary_least_squares,measured_graph,33,constant_average_sigma
0.042169650342858224,17810.112326583563,12.061985684875253,ordinary_least_squares,measured_graph,33,constant_average_sigma
0.05623413251903491,17798.050340898688,0.0,ordinary_least_squares,measured_graph,33,constant_average_sigma
0.07498942093324558,17829.832557229478,31.782216330790106,ordinary_least_squares,measured_graph,33,constant_average_sigma
0.1,17896.63793840636,98.58759750767058,ordinary_least_squares,measured_graph,33,constant_average_sigma
1e-06,37643.34273613025,0.0,ordinary_least_squares,measured_graph,34,constant_average_sigma
1.333521432163324e-06,37643.34607555504,0.00333942478755489,ordinary_least_squares,measured_graph,34,constant_average_sigma
1.778279410038923e-06,37643.35052994441,0.007793814154865686,ordinary_least_squares,measured_graph,34,constant_average_sigma
2.3713737056616552e-06,37643.3564720667,0.013735936445300467,ordinary_least_squares,measured_graph,34,constant_average_sigma
3.162277660168379e-06,37643.36439976575,0.021663635496224742,ordinary_least_squares,measured_graph,34,constant_average_sigma
4.216965034285822e-06,37643.37497817088,0.03224204063008074,ordinary_least_squares,measured_graph,34,constant_average_sigma
5.623413251903491e-06,37643.389096541905,0.046360411652131006,ordinary_least_squares,measured_graph,34,constant_average_sigma
7.498942093324558e-06,37643.407944745784,0.06520861553144641,ordinary_least_squares,measured_graph,34,constant_average_sigma
1e-05,37643.43311665092,0.09038052066898672,ordinary_least_squares,measured_graph,34,constant_average_sigma
1.333521432163324e-05,37643.46675048035,0.12401435009815032,ordinary_least_squares,measured_graph,34,constant_average_sigma
1.778279410038923e-05,37643.51172024795,0.16898411769943777,ordinary_least_squares,measured_graph,34,constant_average_sigma
2.3713737056616554e-05,37643.57189880133,0.22916267107939348,ordinary_least_squares,measured_graph,34,constant_average_sigma
3.1622776601683795e-05,37643.65252227467,0.3097861444184673,ordinary_least_squares,measured_graph,34,constant_average_sigma
4.216965034285822e-05,37643.76070045525,0.4179643249954097,ordinary_least_squares,measured_graph,34,constant_average_sigma
5.623413251903491e-05,37643.906140577135,0.5634044468824868,ordinary_least_squares,measured_graph,34,constant_average_sigma
7.498942093324559e-05,37644.10218926608,0.7594531358263339,ordinary_least_squares,measured_graph,34,constant_average_sigma
0.0001,37644.367358010495,1.0246218802421936,ordinary_least_squares,measured_graph,34,constant_average_sigma
0.0001333521432163324,37644.72759821011,1.3848620798598859,ordinary_least_squares,measured_graph,34,constant_average_sigma
0.00017782794100389227,37645.219760109736,1.8770239794830559,ordinary_least_squares,measured_graph,34,constant_average_sigma
0.00023713737056616554,37645.89695257317,2.5542164429207332,ordinary_least_squares,measured_graph,34,constant_average_sigma
0.00031622776601683794,37646.836993926874,3.494257796621241,ordinary_least_squares,measured_graph,34,constant_average_sigma
0.00042169650342858224,37648.1559253231,4.813189192849677,ordinary_least_squares,measured_graph,34,constant_average_sigma
0.0005623413251903491,37650.02980293463,6.687066804377537,ordinary_least_squares,measured_graph,34,constant_average_sigma
0.0007498942093324559,37652.72981829059,9.387082160334103,ordinary_least_squares,measured_graph,34,constant_average_sigma
0.001,37656.6780076261,13.335271495845518,ordinary_least_squares,measured_graph,34,constant_average_sigma
0.001333521432163324,37662.53189515308,19.18915902282606,ordinary_least_squares,measured_graph,34,constant_average_sigma
0.0017782794100389228,37671.301168504986,27.958432374733093,ordinary_least_squares,measured_graph,34,constant_average_sigma
0.0023713737056616554,37684.47520033325,41.132464202994015,ordinary_least_squares,measured_graph,34,constant_average_sigma
0.0031622776601683794,37704.07885204033,60.73611591007648,ordinary_least_squares,measured_graph,34,constant_average_sigma
0.004216965034285823,37732.48764472349,89.14490859323996,ordinary_least_squares,measured_graph,34,constant_average_sigma
0.005623413251903491,37771.84787458004,128.5051384497856,ordinary_least_squares,measured_graph,34,constant_average_sigma
0.007498942093324558,37823.25908233908,179.91634620882542,ordinary_least_squares,measured_graph,34,constant_average_sigma
0.01,37886.330618508306,242.98788237805275,ordinary_least_squares,measured_graph,34,constant_average_sigma
0.01333521432163324,37959.6708128782,316.3280767479446,ordinary_least_squares,measured_graph,34,constant_average_sigma
0.01778279410038923,38042.07200080606,398.7292646758069,ordinary_least_squares,measured_graph,34,constant_average_sigma
0.023713737056616554,38133.48994532965,490.1472091994001,ordinary_least_squares,measured_graph,34,constant_average_sigma
0.03162277660168379,38235.26545790493,591.9227217746738,ordinary_least_squares,measured_graph,34,constant_average_sigma
0.042169650342858224,38349.55727592462,706.2145397943677,ordinary_least_squares,measured_graph,34,constant_average_sigma
0.05623413251903491,38477.807739740405,834.465003610152,ordinary_least_squares,measured_graph,34,constant_average_sigma
0.07498942093324558,38618.70382457066,975.3610884404043,ordinary_least_squares,measured_graph,34,constant_average_sigma
0.1,38768.04781521173,1124.7050790814756,ordinary_least_squares,measured_graph,34,constant_average_sigma
1e-06,16482.153129813232,22.756568219039764,ordinary_least_squares,measured_graph,35,constant_average_sigma
1.333521432163324e-06,16482.150730230314,22.754168636121904,ordinary_least_squares,measured_graph,35,constant_average_sigma
1.778279410038923e-06,16482.147530457958,22.750968863765593,ordinary_least_squares,measured_graph,35,constant_average_sigma
2.3713737056616552e-06,16482.143263840764,22.746702246571658,ordinary_least_squares,measured_graph,35,constant_average_sigma
3.162277660168379e-06,16482.13757480231,22.741013208116783,ordinary_least_squares,measured_graph,35,constant_average_sigma
4.216965034285822e-06,16482.129989306577,22.733427712384582,ordinary_least_squares,measured_graph,35,constant_average_sigma
5.623413251903491e-06,16482.11987568942,22.72331409522667,ordinary_least_squares,measured_graph,35,constant_average_sigma
7.498942093324558e-06,16482.10639216423,22.70983057003832,ordinary_least_squares,measured_graph,35,constant_average_sigma
1e-05,16482.088417241026,22.691855646833574,ordinary_least_squares,measured_graph,35,constant_average_sigma
1.333521432163324e-05,16482.06445736476,22.667895770566247,ordinary_least_squares,measured_graph,35,constant_average_sigma
1.778279410038923e-05,16482.0325242548,22.63596266060631,ordinary_least_squares,measured_graph,35,constant_average_sigma
2.3713737056616554e-05,16481.989972605028,22.593411010835553,ordinary_least_squares,measured_graph,35,constant_average_sigma
3.1622776601683795e-05,16481.93328569758,22.536724103389133,ordinary_least_squares,measured_graph,35,constant_average_sigma
4.216965034285822e-05,16481.857793228122,22.461231633929856,ordinary_least_squares,measured_graph,35,constant_average_sigma
5.623413251903491e-05,16481.757301613692,22.360740019499644,ordinary_least_squares,measured_graph,35,constant_average_sigma
7.498942093324559e-05,16481.623612758012,22.22705116381985,ordinary_least_squares,measured_graph,35,constant_average_sigma
0.0001,16481.445903263804,22.04934166961175,ordinary_least_squares,measured_graph,35,constant_average_sigma
0.0001333521432163324,16481.20993396008,21.813372365886607,ordinary_least_squares,measured_graph,35,constant_average_sigma
0.00017782794100389227,16480.897062521108,21.500500926915265,ordinary_least_squares,measured_graph,35,constant_average_sigma
0.00023713737056616554,16480.483046091325,21.086484497132915,ordinary_least_squares,measured_graph,35,constant_average_sigma
0.00031622776601683794,16479.93665836582,20.54009677162685,ordinary_least_squares,measured_graph,35,constant_average_sigma
0.00042169650342858224,16479.218229593083,19.821667998890916,ordinary_least_squares,measured_graph,35,constant_average_sigma
0.0005623413251903491,16478.27839259904,18.88183100484821,ordinary_least_squares,measured_graph,35,constant_average_sigma
0.0007498942093324559,16477.057667588164,17.661105993971432,ordinary_least_squares,measured_graph,35,constant_average_sigma
0.001,16475.488207028113,16.09164543392035,ordinary_least_squares,measured_graph,35,constant_average_sigma
0.001333521432163324,16473.500372695198,14.103811101005704,ordinary_least_squares,measured_graph,35,constant_average_sigma
0.0017782794100389228,16471.039472919696,11.642911325503519,ordinary_least_squares,measured_graph,35,constant_average_sigma
0.0023713737056616554,16468.103169746035,8.706608151842374,ordinary_least_squares,measured_graph,35,constant_average_sigma
0.0031622776601683794,16464.819565550744,5.423003956551838,ordinary_least_squares,measured_graph,35,constant_average_sigma
0.004216965034285823,16461.599422183674,2.2028605894811335,ordinary_least_squares,measured_graph,35,constant_average_sigma
0.005623413251903491,16459.396561594192,0.0,ordinary_least_squares,measured_graph,35,constant_average_sigma
0.007498942093324558,16460.030729697235,0.6341681030426116,ordinary_least_squares,measured_graph,35,constant_average_sigma
0.01,16466.262267484668,6.86570589047551,ordinary_least_squares,measured_graph,35,constant_average_sigma
0.01333521432163324,16481.001971413538,21.60540981934537,ordinary_least_squares,measured_graph,35,constant_average_sigma
0.01778279410038923,16505.44834988661,46.05178829241777,ordinary_least_squares,measured_graph,35,constant_average_sigma
0.023713737056616554,16537.44929715528,78.05273556108659,ordinary_least_squares,measured_graph,35,constant_average_sigma
0.03162277660168379,16572.048630311318,112.65206871712508,ordinary_least_squares,measured_graph,35,constant_average_sigma
0.042169650342858224,16604.05372528998,144.65716369578877,ordinary_least_squares,measured_graph,35,constant_average_sigma
0.05623413251903491,16630.286376794942,170.88981520074958,ordinary_least_squares,measured_graph,35,constant_average_sigma
0.07498942093324558,16650.152622522568,190.75606092837552,ordinary_least_squares,measured_graph,35,constant_average_sigma
0.1,16665.15432913558,205.7577675413886,ordinary_least_squares,measured_graph,35,constant_average_sigma
1e-06,3680.7236554681567,19.126419770394932,ordinary_least_squares,measured_graph,36,constant_average_sigma
1.333521432163324e-06,3680.7186150988496,19.12137940108778,ordinary_least_squares,measured_graph,36,constant_average_sigma
1.778279410038923e-06,3680.711894746598,19.114659048836074,ordinary_least_squares,measured_graph,36,constant_average_sigma
2.3713737056616552e-06,3680.702934876803,19.10569917904104,ordinary_least_squares,measured_graph,36,constant_average_sigma
3.162277660168379e-06,3680.6909900465407,19.09375434877893,ordinary_least_squares,measured_graph,36,constant_average_sigma
4.216965034285822e-06,3680.6750673067518,19.07783160898998,ordinary_least_squares,measured_graph,36,constant_average_sigma
5.623413251903491e-06,3680.6538445509227,19.056608853160924,ordinary_least_squares,measured_graph,36,constant_average_sigma
7.498942093324558e-06,3680.625562333782,19.02832663602021,ordinary_least_squares,measured_graph,36,constant_average_sigma
1e-05,3680.5878807892736,18.99064509151185,ordinary_least_squares,measured_graph,36,constant_average_sigma
1.333521432163324e-05,3680.537691044164,18.94045534640236,ordinary_least_squares,measured_graph,36,constant_average_sigma
1.778279410038923e-05,3680.470867580794,18.87363188303243,ordinary_least_squares,measured_graph,36,constant_average_sigma
2.3713737056616554e-05,3680.3819449394623,18.78470924170051,ordinary_least_squares,measured_graph,36,constant_average_sigma
3.1622776601683795e-05,3680.263698847475,18.66646314971331,ordinary_least_squares,measured_graph,36,constant_average_sigma
4.216965034285822e-05,3680.1066095028073,18.50937380504547,ordinary_least_squares,measured_graph,36,constant_average_sigma
5.623413251903491e-05,3679.8981847115956,18.300949013833815,ordinary_least_squares,measured_graph,36,constant_average_sigma
7.498942093324559e-05,3679.6221264626715,18.024890764909742,ordinary_least_squares,measured_graph,36,constant_average_sigma
0.0001,3679.257342643396,17.660106945634197,ordinary_least_squares,measured_graph,36,constant_average_sigma
0.0001333521432163324,3678.776848229414,17.17961253165231,ordinary_least_squares,measured_graph,36,constant_average_sigma
0.00017782794100389227,3678.146689624821,16.549453927059403,ordinary_least_squares,measured_graph,36,constant_average_sigma
0.00023713737056616554,3677.325202375758,15.727966677996392,ordinary_least_squares,measured_graph,36,constant_average_sigma
0.00031622776601683794,3676.2632475262935,14.666011828531737,ordinary_least_squares,measured_graph,36,constant_average_sigma
0.00042169650342858224,3674.9066880560854,13.309452358323597,ordinary_least_squares,measured_graph,36,constant_average_sigma
0.0005623413251903491,3673.2034633996464,11.606227701884563,ordinary_least_squares,measured_graph,36,constant_average_sigma
0.0007498942093324559,3671.1194884904835,9.522252792721702,ordinary_least_squares,measured_graph,36,constant_average_sigma
0.001,3668.670570093771,7.073334396009159,ordinary_least_squares,measured_graph,36,constant_average_sigma
0.001333521432163324,3665.981641943921,4.384406246159415,ordinary_least_squares,measured_graph,36,constant_average_sigma
0.0017782794100389228,3663.388629373545,1.7913936757831834,ordinary_least_squares,measured_graph,36,constant_average_sigma
0.0023713737056616554,3661.597235697762,0.0,ordinary_least_squares,measured_graph,36,constant_average_sigma
0.0031622776601683794,3661.8938920682026,0.2966563704408145,ordinary_least_squares,measured_graph,36,constant_average_sigma
0.004216965034285823,3666.3394531020003,4.742217404238545,ordinary_least_squares,measured_graph,36,constant_average_sigma
0.005623413251903491,3677.7208841174606,16.12364841969884,ordinary_least_squares,measured_graph,36,constant_average_sigma
0.007498942093324558,3698.808456500048,37.211220802286334,ordinary_least_squares,measured_graph,36,constant_average_sigma
0.01,3730.6306086756995,69.03337297793769,ordinary_least_squares,measured_graph,36,constant_average_sigma
0.01333521432163324,3770.8924860039033,109.2952503061415,ordinary_least_squares,measured_graph,36,constant_average_sigma
0.01778279410038923,3814.906836945621,153.30960124785906,ordinary_least_squares,measured_graph,36,constant_average_sigma
0.023713737056616554,3858.8301179087466,197.23288221098483,ordinary_least_squares,measured_graph,36,constant_average_sigma
0.03162277660168379,3901.64154824449,240.04431254672818,ordinary_least_squares,measured_graph,36,constant_average_sigma
0.042169650342858224,3944.259553162405,282.66231746464337,ordinary_least_squares,measured_graph,36,constant_average_sigma
0.05623413251903491,3987.3751424531174,325.7779067553556,ordinary_least_squares,measured_graph,36,constant_average_sigma
0.07498942093324558,4029.6400692025736,368.0428335048118,ordinary_least_squares,measured_graph,36,constant_average_sigma
0.1,4067.538007332698,405.940771634936,ordinary_least_squares,measured_graph,36,constant_average_sigma
1e-06,4118.625081683796,0.0,ordinary_least_squares,measured_graph,37,constant_average_sigma
1.333521432163324e-06,4118.625514207653,0.00043252385694358964,ordinary_least_squares,measured_graph,37,constant_average_sigma
1.778279410038923e-06,4118.626092984624,0.0010113008274856838,ordinary_least_squares,measured_graph,37,constant_average_sigma
2.3713737056616552e-06,4118.626862594636,0.001780910839443095,ordinary_least_squares,measured_graph,37,constant_average_sigma
3.162277660168379e-06,4118.627889130168,0.0028074463716620812,ordinary_least_squares,measured_graph,37,constant_average_sigma
4.216965034285822e-06,4118.629258745914,0.004177062117378227,ordinary_least_squares,measured_graph,37,constant_average_sigma
5.623413251903491e-06,4118.631085999422,0.006004315625432355,ordinary_least_squares,measured_graph,37,constant_average_sigma
7.498942093324558e-06,4118.633522290829,0.008440607032753178,ordinary_least_squares,measured_graph,37,constant_average_sigma
1e-05,4118.636772429481,0.01169074568497308,ordinary_least_squares,measured_graph,37,constant_average_sigma
1.333521432163324e-05,4118.64110770222,0.0160260184238723,ordinary_least_squares,measured_graph,37,constant_average_sigma
1.778279410038923e-05,4118.6468918359005,0.02181015210408077,ordinary_least_squares,measured_graph,37,constant_average_sigma
2.3713737056616554e-05,4118.654609342462,0.029527658665756462,ordinary_least_squares,measured_graph,37,constant_average_sigma
3.1622776601683795e-05,4118.664908808587,0.03982712479046313,ordinary_least_squares,measured_graph,37,constant_average_sigma
4.216965034285822e-05,4118.678657606899,0.05357592310247128,ordinary_least_squares,measured_graph,37,constant_average_sigma
5.623413251903491e-05,4118.697017131155,0.0719354473585554,ordinary_least_squares,measured_graph,37,constant_average_sigma
7.498942093324559e-05,4118.721544953767,0.09646326997062715,ordinary_least_squares,measured_graph,37,constant_average_sigma
0.0001,4118.754333301917,0.12925161812017905,ordinary_least_squares,measured_graph,37,constant_average_sigma
0.0001333521432163324,4118.798199710318,0.1731180265214789,ordinary_least_squares,measured_graph,37,constant_average_sigma
0.00017782794100389227,4118.856950128544,0.23186844474730606,ordinary_least_squares,measured_graph,37,constant_average_sigma
0.00023713737056616554,4118.935746955633,0.3106652718361147,ordinary_least_squares,measured_graph,37,constant_average_sigma
0.00031622776601683794,4119.041629893776,0.4165482099797373,ordinary_least_squares,measured_graph,37,constant_average_sigma
0.00042169650342858224,4119.184264883895,0.5591832000982322,ordinary_least_squares,measured_graph,37,constant_average_sigma
0.0005623413251903491,4119.377040896699,0.7519592129028752,ordinary_least_squares,measured_graph,37,constant_average_sigma
0.0007498942093324559,4119.638710936866,1.0136292530696664,ordinary_least_squares,measured_graph,37,constant_average_sigma
0.001,4119.995906992226,1.3708253084296302,ordinary_least_squares,measured_graph,37,constant_average_sigma
0.001333521432163324,4120.487099225836,1.8620175420392115,ordinary_least_squares,measured_graph,37,constant_average_sigma
0.0017782794100389228,4121.169014290326,2.543932606529779,ordinary_least_squares,measured_graph,37,constant_average_sigma
0.0023713737056616554,4122.127374167711,3.502292483914971,ordinary_least_squares,measured_graph,37,constant_average_sigma
0.0031622776601683794,4123.495464512478,4.870382828681613,ordinary_least_squares,measured_graph,37,constant_average_sigma
0.004216965034285823,4125.487252548535,6.8621708647388004,ordinary_least_squares,measured_graph,37,constant_average_sigma
0.005623413251903491,4128.457736040873,9.832654357076535,ordinary_least_squares,measured_graph,37,constant_average_sigma
0.007498942093324558,4133.01260161195,14.387519928153779,ordinary_least_squares,measured_graph,37,constant_average_sigma
0.01,4140.198040543952,21.572958860155268,ordinary_least_squares,measured_graph,37,constant_average_sigma
0.01333521432163324,4151.7935257484305,33.16844406463406,ordinary_least_squares,measured_graph,37,constant_average_sigma
0.01778279410038923,4170.687001840996,52.06192015719989,ordinary_least_squares,measured_graph,37,constant_average_sigma
0.023713737056616554,4201.260668367506,82.63558668370933,ordinary_least_squares,measured_graph,37,constant_average_sigma
0.03162277660168379,4249.675934102481,131.05085241868437,ordinary_least_squares,measured_graph,37,constant_average_sigma
0.042169650342858224,4323.666517538659,205.04143585486236,ordinary_least_squares,measured_graph,37,constant_average_sigma
0.05623413251903491,4430.6847391506035,312.05965746680704,ordinary_least_squares,measured_graph,37,constant_average_sigma
0.07498942093324558,4573.018490918161,454.3934092343643,ordinary_least_squares,measured_graph,37,constant_average_sigma
0.1,4741.3465886240965,622.7215069403001,ordinary_least_squares,measured_graph,37,constant_average_sigma
1e-06,3397.568847343951,0.0,ordinary_least_squares,measured_graph,38,constant_average_sigma
1.333521432163324e-06,3397.5694071414746,0.0005597975236923958,ordinary_least_squares,measured_graph,38,constant_average_sigma
1.778279410038923e-06,3397.5701535858425,0.0013062418915978924,ordinary_least_squares,measured_graph,38,constant_average_sigma
2.3713737056616552e-06,3397.5711489268524,0.0023015829015093914,ordinary_least_squares,measured_graph,38,constant_average_sigma
3.162277660168379e-06,3397.5724762651544,0.003628921203471691,ordinary_least_squares,measured_graph,38,constant_average_sigma
4.216965034285822e-06,3397.574246005286,0.005398661335220822,ordinary_least_squares,measured_graph,38,constant_average_sigma
5.623413251903491e-06,3397.576605813536,0.007758469585041894,ordinary_least_squares,measured_graph,38,constant_average_sigma
7.498942093324558e-06,3397.579752180799,0.010904836848112609,ordinary_least_squares,measured_graph,38,constant_average_sigma
1e-05,3397.5839472030407,0.01509985908978706,ordinary_least_squares,measured_graph,38,constant_average_sigma
1.333521432163324e-05,3397.5895398570074,0.020692513056474127,ordinary_least_squares,measured_graph,38,constant_average_sigma
1.778279410038923e-05,3397.5969952669634,0.028147923012511455,ordinary_least_squares,measured_graph,38,constant_average_sigma
2.3713737056616554e-05,3397.6069327408663,0.038085396915448655,ordinary_least_squares,measured_graph,38,constant_average_sigma
3.1622776601683795e-05,3397.6201766223876,0.05132927843669677,ordinary_least_squares,measured_graph,38,constant_average_sigma
4.216965034285822e-05,3397.6378234302774,0.06897608632652918,ordinary_least_squares,measured_graph,38,constant_average_sigma
5.623413251903491e-05,3397.6613306198315,0.09248327588056782,ordinary_least_squares,measured_graph,38,constant_average_sigma
7.498942093324559e-05,3397.6926331118534,0.12378576790251827,ordinary_least_squares,measured_graph,38,constant_average_sigma
0.0001,3397.734295821787,0.16544847783598016,ordinary_least_squares,measured_graph,38,constant_average_sigma
0.0001333521432163324,3397.789711876586,0.22086453263500516,ordinary_least_squares,measured_graph,38,constant_average_sigma
0.00017782794100389227,3397.8633574637042,0.2945101197533404,ordinary_least_squares,measured_graph,38,constant_average_sigma
0.00023713737056616554,3397.961115070515,0.3922677265641141,ordinary_least_squares,measured_graph,38,constant_average_sigma
0.00031622776601683794,3398.0906747446525,0.521827400701568,ordinary_least_squares,measured_graph,38,constant_average_sigma
0.00042169650342858224,3398.262016122597,0.6931687786459406,ordinary_least_squares,measured_graph,38,constant_average_sigma
0.0005623413251903491,3398.487956873494,0.9191095295432206,ordinary_least_squares,measured_graph,38,constant_average_sigma
0.0007498942093324559,3398.7847172212114,1.215869877260502,ordinary_least_squares,measured_graph,38,constant_average_sigma
0.001,3399.1723811794673,1.603533835516373,ordinary_least_squares,measured_graph,38,constant_average_sigma
0.001333521432163324,3399.6750143618005,2.106167017849657,ordinary_least_squares,measured_graph,38,constant_average_sigma
0.0017782794100389228,3400.3200150002417,2.751167656290818,ordinary_least_squares,measured_graph,38,constant_average_sigma
0.0023713737056616554,3401.1360824877283,3.5672351437774523,ordinary_least_squares,measured_graph,38,constant_average_sigma
0.0031622776601683794,3402.149294029482,4.580446685531115,ordinary_least_squares,measured_graph,38,constant_average_sigma
0.004216965034285823,3403.3782739700864,5.809426626135519,ordinary_least_squares,measured_graph,38,constant_average_sigma
0.005623413251903491,3404.835260996395,7.266413652444044,ordinary_least_squares,measured_graph,38,constant_average_sigma
0.007498942093324558,3406.555391873682,8.986544529730963,ordinary_least_squares,measured_graph,38,constant_average_sigma
0.01,3408.7029734268,11.13412608284898,ordinary_least_squares,measured_graph,38,constant_average_sigma
0.01333521432163324,3411.8113607681807,14.242513424229855,ordinary_least_squares,measured_graph,38,constant_average_sigma
0.01778279410038923,3417.1254694578056,19.5566221138547,ordinary_least_squares,measured_graph,38,constant_average_sigma
0.023713737056616554,3426.854416307933,29.285568963982314,ordinary_least_squares,measured_graph,38,constant_average_sigma
0.03162277660168379,3444.2174620079204,46.64861466396951,ordinary_least_squares,measured_graph,38,constant_average_sigma
0.042169650342858224,3473.5379777973576,75.9691304534067,ordinary_least_squares,measured_graph,38,constant_average_sigma
0.05623413251903491,3520.611924304485,123.04307696053411,ordinary_least_squares,measured_graph,38,constant_average_sigma
0.07498942093324558,3592.8928645849273,195.32401724097645,ordinary_least_squares,measured_graph,38,constant_average_sigma
0.1,3698.2601215506493,300.6912742066984,ordinary_least_squares,measured_graph,38,constant_average_sigma
1e-06,17804.19063320366,133.99133632029407,ordinary_least_squares,measured_graph,39,constant_average_sigma
1.333521432163324e-06,17804.170916910727,133.9716200273615,ordinary_least_squares,measured_graph,39,constant_average_sigma
1.778279410038923e-06,17804.14461718858,133.9453203052144,ordinary_least_squares,measured_graph,39,constant_average_sigma
2.3713737056616552e-06,17804.109531935726,133.9102350523608,ordinary_least_squares,measured_graph,39,constant_average_sigma
3.162277660168379e-06,17804.062720410988,133.86342352762222,ordinary_least_squares,measured_graph,39,constant_average_sigma
4.216965034285822e-06,17804.000252404683,133.80095552131752,ordinary_least_squares,measured_graph,39,constant_average_sigma
5.623413251903491e-06,17803.91687214527,133.71757526190413,ordinary_least_squares,measured_graph,39,constant_average_sigma
7.498942093324558e-06,17803.805544907824,133.60624802445818,ordinary_least_squares,measured_graph,39,constant_average_sigma
1e-05,17803.656843252713,133.45754636934726,ordinary_least_squares,measured_graph,39,constant_average_sigma
1.333521432163324e-05,17803.458113713466,133.25881683010084,ordinary_least_squares,measured_graph,39,constant_average_sigma
1.778279410038923e-05,17803.192339076973,132.99304219360783,ordinary_least_squares,measured_graph,39,constant_average_sigma
2.3713737056616554e-05,17802.836574708523,132.63727782515707,ordinary_least_squares,measured_graph,39,constant_average_sigma
3.1622776601683795e-05,17802.359785062436,132.16048817906994,ordinary_least_squares,measured_graph,39,constant_average_sigma
4.216965034285822e-05,17801.719825915912,131.52052903254662,ordinary_least_squares,measured_graph,39,constant_average_sigma
5.623413251903491e-05,17800.85920249436,130.65990561099534,ordinary_least_squares,measured_graph,39,constant_average_sigma
7.498942093324559e-05,17799.69906935386,129.49977247049537,ordinary_least_squares,measured_graph,39,constant_average_sigma
0.0001,17798.130723554703,127.93142667133725,ordinary_least_squares,measured_graph,39,constant_average_sigma
0.0001333521432163324,17796.003618369796,125.80432148643013,ordinary_least_squares,measured_graph,39,constant_average_sigma
0.00017782794100389227,17793.108858862714,122.90956197934793,ordinary_least_squares,measured_graph,39,constant_average_sigma
0.00023713737056616554,17789.157762805153,118.95846592178714,ordinary_least_squares,measured_graph,39,constant_average_sigma
0.00031622776601683794,17783.75779520078,113.5584983174158,ordinary_least_squares,measured_graph,39,constant_average_sigma
0.00042169650342858224,17776.3963278286,106.19703094523356,ordinary_least_squares,measured_graph,39,constant_average_sigma
0.0005623413251903491,17766.462527424574,96.26323054120803,ordinary_least_squares,measured_graph,39,constant_average_sigma
0.0007498942093324559,17753.375722948054,83.17642606468871,ordinary_least_squares,measured_graph,39,constant_average_sigma
0.001,17736.930110945264,66.73081406189885,ordinary_least_squares,measured_graph,39,constant_average_sigma
0.001333521432163324,17717.911603266635,47.712306383269606,ordinary_least_squares,measured_graph,39,constant_average_sigma
0.0017782794100389228,17698.67767572288,28.478378839514335,ordinary_least_squares,measured_graph,39,constant_average_sigma
0.0023713737056616554,17682.788783624048,12.589486740682332,ordinary_least_squares,measured_graph,39,constant_average_sigma
0.0031622776601683794,17673.13810735205,2.938810468684096,ordinary_least_squares,measured_graph,39,constant_average_sigma
0.004216965034285823,17670.199296883366,0.0,ordinary_least_squares,measured_graph,39,constant_average_sigma
0.005623413251903491,17672.87462170532,2.6753248219538364,ordinary_least_squares,measured_graph,39,constant_average_sigma
0.007498942093324558,17681.378986601558,11.179689718192094,ordinary_least_squares,measured_graph,39,constant_average_sigma
0.01,17699.110512973086,28.911216089720256,ordinary_least_squares,measured_graph,39,constant_average_sigma
0.01333521432163324,17732.265624145297,62.06632726193129,ordinary_least_squares,measured_graph,39,constant_average_sigma
0.01778279410038923,17788.750991266083,118.55169438271696,ordinary_least_squares,measured_graph,39,constant_average_sigma
0.023713737056616554,17877.518427808456,207.31913092509058,ordinary_least_squares,measured_graph,39,constant_average_sigma
0.03162277660168379,18007.793402307947,337.59410542458136,ordinary_least_squares,measured_graph,39,constant_average_sigma
0.042169650342858224,18188.13340726914,517.9341103857732,ordinary_least_squares,measured_graph,39,constant_average_sigma
0.05623413251903491,18425.276405682314,755.0771087989488,ordinary_least_squares,measured_graph,39,constant_average_sigma
0.07498942093324558,18720.295373226865,1050.0960763434996,ordinary_least_squares,measured_graph,39,constant_average_sigma
0.1,19059.660776167682,1389.4614792843167,ordinary_least_squares,measured_graph,39,constant_average_sigma
1e-06,21520.032390406326,0.0,ordinary_least_squares,measured_graph,40,constant_average_sigma
1.333521432163324e-06,21520.087632951003,0.055242544676730176,ordinary_least_squares,measured_graph,40,constant_average_sigma
1.778279410038923e-06,21520.161307414113,0.12891700778709492,ordinary_least_squares,measured_graph,40,constant_average_sigma
2.3713737056616552e-06,21520.259566806868,0.22717640054179356,ordinary_least_squares,measured_graph,40,constant_average_sigma
3.162277660168379e-06,21520.390620834118,0.3582304277915682,ordinary_least_squares,measured_graph,40,constant_average_sigma
4.216965034285822e-06,21520.565424871314,0.5330344649883045,ordinary_least_squares,measured_graph,40,constant_average_sigma
5.623413251903491e-06,21520.79860246903,0.7662120627028344,ordinary_least_squares,measured_graph,40,constant_average_sigma
7.498942093324558e-06,21521.109678755813,1.07728834948648,ordinary_least_squares,measured_graph,40,constant_average_sigma
1e-05,21521.5247349455,1.4923445391723362,ordinary_least_squares,measured_graph,40,constant_average_sigma
1.333521432163324e-05,21522.078628862608,2.0462384562815714,ordinary_least_squares,measured_graph,40,constant_average_sigma
1.778279410038923e-05,21522.81798248567,2.7855920793444966,ordinary_least_squares,measured_graph,40,constant_average_sigma
2.3713737056616554e-05,21523.80521313125,3.772822724924481,ordinary_least_squares,measured_graph,40,constant_average_sigma
3.1622776601683795e-05,21525.123991696615,5.091601290288963,ordinary_least_squares,measured_graph,40,constant_average_sigma
4.216965034285822e-05,21526.886668503666,6.854278097340284,ordinary_least_squares,measured_graph,40,constant_average_sigma
5.623413251903491e-05,21529.244434909066,9.212044502739445,ordinary_least_squares,measured_graph,40,constant_average_sigma
7.498942093324559e-05,21532.401330952627,12.368940546301019,ordinary_least_squares,measured_graph,40,constant_average_sigma
0.0001,21536.633726480617,16.601336074290884,ordinary_least_squares,measured_graph,40,constant_average_sigma
0.0001333521432163324,21542.317699956366,22.28530955003953,ordinary_least_squares,measured_graph,40,constant_average_sigma
0.00017782794100389227,21549.967976639884,29.935586233557842,ordinary_least_squares,measured_graph,40,constant_average_sigma
0.00023713737056616554,21560.294018976878,40.26162857055169,ordinary_least_squares,measured_graph,40,constant_average_sigma
0.00031622776601683794,21574.281855460104,54.249465053777385,ordinary_least_squares,measured_graph,40,constant_average_sigma
0.00042169650342858224,21593.31476681077,73.28237640444422,ordinary_least_squares,measured_graph,40,constant_average_sigma
0.0005623413251903491,21619.352435608096,99.32004520176997,ordinary_least_squares,measured_graph,40,constant_average_sigma
0.0007498942093324559,21655.19628796531,135.1638975589849,ordinary_least_squares,measured_graph,40,constant_average_sigma
0.001,21704.875355245927,184.84296483960134,ordinary_least_squares,measured_graph,40,constant_average_sigma
0.001333521432163324,21774.18034288542,254.14795247909206,ordinary_least_squares,measured_graph,40,constant_average_sigma
0.0017782794100389228,21871.319803241935,351.28741283560885,ordinary_least_squares,measured_graph,40,constant_average_sigma
0.0023713737056616554,22007.48892142668,487.4565310203543,ordinary_least_squares,measured_graph,40,constant_average_sigma
0.0031622776601683794,22196.66992639655,676.6375359902231,ordinary_least_squares,measured_graph,40,constant_average_sigma
0.004216965034285823,22453.066215611318,933.0338252049914,ordinary_least_squares,measured_graph,40,constant_average_sigma
0.005623413251903491,22783.646114515584,1263.6137241092583,ordinary_least_squares,measured_graph,40,constant_average_sigma
0.007498942093324558,23174.98395581835,1654.9515654120223,ordinary_least_squares,measured_graph,40,constant_average_sigma
0.01,23582.40577581997,2062.3733854136444,ordinary_least_squares,measured_graph,40,constant_average_sigma
0.01333521432163324,23939.487682323328,2419.455291917002,ordinary_least_squares,measured_graph,40,constant_average_sigma
0.01778279410038923,24192.42134598803,2672.388955581704,ordinary_least_squares,measured_graph,40,constant_average_sigma
0.023713737056616554,24330.435088429793,2810.4026980234667,ordinary_least_squares,measured_graph,40,constant_average_sigma
0.03162277660168379,24384.301833617123,2864.2694432107965,ordinary_least_squares,measured_graph,40,constant_average_sigma
0.042169650342858224,24401.108028990846,2881.0756385845198,ordinary_least_squares,measured_graph,40,constant_average_sigma
0.05623413251903491,24420.790867595933,2900.758477189607,ordinary_least_squares,measured_graph,40,constant_average_sigma
0.07498942093324558,24467.847748755376,2947.8153583490493,ordinary_least_squares,measured_graph,40,constant_average_sigma
0.1,24555.360555713905,3035.328165307579,ordinary_least_squares,measured_graph,40,constant_average_sigma
1e-06,8928.901136548007,35.53239215208305,ordinary_least_squares,measured_graph,41,constant_average_sigma
1.333521432163324e-06,8928.899553191275,35.53080879535082,ordinary_least_squares,measured_graph,41,constant_average_sigma
1.778279410038923e-06,8928.897441873665,35.528697477740934,ordinary_least_squares,measured_graph,41,constant_average_sigma
2.3713737056616552e-06,8928.894626663021,35.52588226709668,ordinary_least_squares,measured_graph,41,constant_average_sigma
3.162277660168379e-06,8928.890872710217,35.522128314292786,ordinary_least_squares,measured_graph,41,constant_average_sigma
4.216965034285822e-06,8928.885867174648,35.517122778723206,ordinary_least_squares,measured_graph,41,constant_average_sigma
5.623413251903491e-06,8928.879193148066,35.51044875214211,ordinary_least_squares,measured_graph,41,constant_average_sigma
7.498942093324558e-06,8928.870294644785,35.50155024886044,ordinary_least_squares,measured_graph,41,constant_average_sigma
1e-05,8928.858431078868,35.48968668294401,ordinary_least_squares,measured_graph,41,constant_average_sigma
1.333521432163324e-05,8928.842615598385,35.47387120246094,ordinary_least_squares,measured_graph,41,constant_average_sigma
1.778279410038923e-05,8928.821533934344,35.45278953841989,ordinary_least_squares,measured_graph,41,constant_average_sigma
2.3713737056616554e-05,8928.793436401556,35.424692005632096,ordinary_least_squares,measured_graph,41,constant_average_sigma
3.1622776601683795e-05,8928.755994890033,35.38725049410823,ordinary_least_squares,measured_graph,41,constant_average_sigma
4.216965034285822e-05,8928.706113967728,35.33736957180372,ordinary_least_squares,measured_graph,41,constant_average_sigma
5.623413251903491e-05,8928.63968194048,35.270937544555636,ordinary_least_squares,measured_graph,41,constant_average_sigma
7.498942093324559e-05,8928.551244160362,35.182499764438035,ordinary_least_squares,measured_graph,41,constant_average_sigma
0.0001,8928.433576578562,35.064832182637474,ordinary_least_squares,measured_graph,41,constant_average_sigma
0.0001333521432163324,8928.277132775154,34.90838837923002,ordinary_least_squares,measured_graph,41,constant_average_sigma
0.00017782794100389227,8928.069333381613,34.70058898568823,ordinary_least_squares,measured_graph,41,constant_average_sigma
0.00023713737056616554,8927.793663096207,34.42491870028243,ordinary_least_squares,measured_graph,41,constant_average_sigma
0.00031622776601683794,8927.42853909955,34.05979470362581,ordinary_least_squares,measured_graph,41,constant_average_sigma
0.00042169650342858224,8926.945915446453,33.577171050528705,ordinary_least_squares,measured_graph,41,constant_average_sigma
0.0005623413251903491,8926.309590335768,32.94084593984371,ordinary_least_squares,measured_graph,41,constant_average_sigma
0.0007498942093324559,8925.473183808233,32.10443941230915,ordinary_least_squares,measured_graph,41,constant_average_sigma
0.001,8924.377765007644,31.00902061172019,ordinary_least_squares,measured_graph,41,constant_average_sigma
0.001333521432163324,8922.949250615151,29.580506219226663,ordinary_least_squares,measured_graph,41,constant_average_sigma
0.0017782794100389228,8921.096511306017,27.727766910093123,ordinary_least_squares,measured_graph,41,constant_average_sigma
0.0023713737056616554,8918.714108185148,25.345363789223484,ordinary_least_squares,measured_graph,41,constant_average_sigma
0.0031622776601683794,8915.700222655567,22.33147825964261,ordinary_least_squares,measured_graph,41,constant_average_sigma
0.004216965034285823,8912.004479147694,18.635734751769633,ordinary_least_squares,measured_graph,41,constant_average_sigma
0.005623413251903491,8907.700555539801,14.331811143876621,ordinary_least_squares,measured_graph,41,constant_average_sigma
0.007498942093324558,8903.039079651371,9.670335255446844,ordinary_least_squares,measured_graph,41,constant_average_sigma
0.01,8898.4712748072,5.102530411275438,ordinary_least_squares,measured_graph,41,constant_average_sigma
0.01333521432163324,8894.772387909092,1.4036435131674807,ordinary_least_squares,measured_graph,41,constant_average_sigma
0.01778279410038923,8893.368744395924,0.0,ordinary_least_squares,measured_graph,41,constant_average_sigma
0.023713737056616554,8896.573974164081,3.2052297681566415,ordinary_least_squares,measured_graph,41,constant_average_sigma
0.03162277660168379,8907.048570960438,13.67982656451386,ordinary_least_squares,measured_graph,41,constant_average_sigma
0.042169650342858224,8926.18885115183,32.82010675590573,ordinary_least_squares,measured_graph,41,constant_average_sigma
0.05623413251903491,8952.700520057879,59.33177566195445,ordinary_least_squares,measured_graph,41,constant_average_sigma
0.07498942093324558,8983.399548047115,90.03080365119058,ordinary_least_squares,measured_graph,41,constant_average_sigma
0.1,9015.73807466848,122.36933027255509,ordinary_least_squares,measured_graph,41,constant_average_sigma
1e-06,14893.709217775177,26.907538738621952,ordinary_least_squares,measured_graph,42,constant_average_sigma
1.333521432163324e-06,14893.705464885592,26.903785849037376,ordinary_least_squares,measured_graph,42,constant_average_sigma
1.778279410038923e-06,14893.700460331866,26.898781295310982,ordinary_least_squares,measured_graph,42,constant_average_sigma
2.3713737056616552e-06,14893.693786540454,26.89210750389975,ordinary_least_squares,measured_graph,42,constant_average_sigma
3.162277660168379e-06,14893.684886730585,26.883207694030716,ordinary_least_squares,measured_graph,42,constant_average_sigma
4.216965034285822e-06,14893.67301834057,26.871339304016146,ordinary_least_squares,measured_graph,42,constant_average_sigma
5.623413251903491e-06,14893.657191109582,26.855512073027057,ordinary_least_squares,measured_graph,42,constant_average_sigma
7.498942093324558e-06,14893.636084278925,26.83440524237085,ordinary_least_squares,measured_graph,42,constant_average_sigma
1e-05,14893.607936348819,26.80625731226428,ordinary_least_squares,measured_graph,42,constant_average_sigma
1.333521432163324e-05,14893.570397858963,26.76871882240812,ordinary_least_squares,measured_graph,42,constant_average_sigma
1.778279410038923e-05,14893.520334988105,26.718655951550318,ordinary_least_squares,measured_graph,42,constant_average_sigma
2.3713737056616554e-05,14893.453567501227,26.651888464672084,ordinary_least_squares,measured_graph,42,constant_average_sigma
3.1622776601683795e-05,14893.364519136734,26.56284010017953,ordinary_least_squares,measured_graph,42,constant_average_sigma
4.216965034285822e-05,14893.245751359795,26.444072323240107,ordinary_least_squares,measured_graph,42,constant_average_sigma
5.623413251903491e-05,14893.087342176379,26.285663139824464,ordinary_least_squares,measured_graph,42,constant_average_sigma
7.498942093324559e-05,14892.876060254985,26.074381218430062,ordinary_least_squares,measured_graph,42,constant_average_sigma
0.0001,14892.594271514701,25.792592478146616,ordinary_least_squares,measured_graph,42,constant_average_sigma
0.0001333521432163324,14892.21850336673,25.416824330175587,ordinary_least_squares,measured_graph,42,constant_average_sigma
0.00017782794100389227,14891.717589343334,24.91591030677955,ordinary_least_squares,measured_graph,42,constant_average_sigma
0.00023713737056616554,14891.050346269934,24.24866723337982,ordinary_least_squares,measured_graph,42,constant_average_sigma
0.00031622776601683794,14890.162853027978,23.36117399142313,ordinary_least_squares,measured_graph,42,constant_average_sigma
0.00042169650342858224,14888.985736357845,22.18405732129031,ordinary_least_squares,measured_graph,42,constant_average_sigma
0.0005623413251903491,14887.432720950486,20.631041913931767,ordinary_least_squares,measured_graph,42,constant_average_sigma
0.0007498942093324559,14885.403674577283,18.60199554072824,ordinary_least_squares,measured_graph,42,constant_average_sigma
0.001,14882.79949877607,15.997819739515762,ordinary_least_squares,measured_graph,42,constant_average_sigma
0.001333521432163324,14879.563363632536,12.761684595981933,ordinary_least_squares,measured_graph,42,constant_average_sigma
0.0017782794100389228,14875.770231897623,8.96855286106802,ordinary_least_squares,measured_graph,42,constant_average_sigma
0.0023713737056616554,14871.777609698991,4.97593066243644,ordinary_least_squares,measured_graph,42,constant_average_sigma
0.0031622776601683794,14868.383847259,1.5821682224450342,ordinary_least_squares,measured_graph,42,constant_average_sigma
0.004216965034285823,14866.801679036555,0.0,ordinary_least_squares,measured_graph,42,constant_average_sigma
0.005623413251903491,14868.230343375459,1.4286643389041274,ordinary_least_squares,measured_graph,42,constant_average_sigma
0.007498942093324558,14873.189308272475,6.387629235920031,ordinary_least_squares,measured_graph,42,constant_average_sigma
0.01,14881.153348110034,14.35166907347957,ordinary_least_squares,measured_graph,42,constant_average_sigma
0.01333521432163324,14890.675847964016,23.87416892746114,ordinary_least_squares,measured_graph,42,constant_average_sigma
0.01778279410038923,14899.80047631249,32.99879727593543,ordinary_least_squares,measured_graph,42,constant_average_sigma
0.023713737056616554,14906.751724159776,39.95004512322157,ordinary_least_squares,measured_graph,42,constant_average_sigma
0.03162277660168379,14910.803318737468,44.001639700913074,ordinary_least_squares,measured_graph,42,constant_average_sigma
0.042169650342858224,14912.746217039761,45.94453800320662,ordinary_least_squares,measured_graph,42,constant_average_sigma
0.05623413251903491,14914.408670818844,47.6069917822897,ordinary_least_squares,measured_graph,42,constant_average_sigma
0.07498942093324558,14917.539859945484,50.73818090892928,ordinary_least_squares,measured_graph,42,constant_average_sigma
0.1,14922.909614520719,56.107935484164045,ordinary_least_squares,measured_graph,42,constant_average_sigma
1e-06,21211.265467642945,1610.26811677769,ordinary_least_squares,measured_graph,43,constant_average_sigma
1.333521432163324e-06,21211.27421013112,1610.276859265865,ordinary_least_squares,measured_graph,43,constant_average_sigma
1.778279410038923e-06,21211.28585189649,1610.2885010312348,ordinary_least_squares,measured_graph,43,constant_average_sigma
2.3713737056616552e-06,21211.301348254794,1610.3039973895393,ordinary_least_squares,measured_graph,43,constant_average_sigma
3.162277660168379e-06,21211.321962451915,1610.3246115866605,ordinary_least_squares,measured_graph,43,constant_average_sigma
4.216965034285822e-06,21211.349361782974,1610.3520109177189,ordinary_least_squares,measured_graph,43,constant_average_sigma
5.623413251903491e-06,21211.38573922667,1610.3883883614144,ordinary_least_squares,measured_graph,43,constant_average_sigma
7.498942093324558e-06,21211.43396460101,1610.4366137357538,ordinary_least_squares,measured_graph,43,constant_average_sigma
1e-05,21211.497767696696,1610.5004168314408,ordinary_least_squares,measured_graph,43,constant_average_sigma
1.333521432163324e-05,21211.581949757227,1610.5845988919718,ordinary_least_squares,measured_graph,43,constant_average_sigma
1.778279410038923e-05,21211.692606305896,1610.6952554406416,ordinary_least_squares,measured_graph,43,constant_average_sigma
2.3713737056616554e-05,21211.837319764658,1610.8399688994032,ordinary_least_squares,measured_graph,43,constant_average_sigma
3.1622776601683795e-05,21212.02522972529,1611.0278788600335,ordinary_least_squares,measured_graph,43,constant_average_sigma
4.216965034285822e-05,21212.266795270607,1611.2694444053523,ordinary_least_squares,measured_graph,43,constant_average_sigma
5.623413251903491e-05,21212.57288735113,1611.5755364858742,ordinary_least_squares,measured_graph,43,constant_average_sigma
7.498942093324559e-05,21212.95252770896,1611.955176843705,ordinary_least_squares,measured_graph,43,constant_average_sigma
0.0001,21213.408003606844,1612.4106527415897,ordinary_least_squares,measured_graph,43,constant_average_sigma
0.0001333521432163324,21213.92502835391,1612.9276774886566,ordinary_least_squares,measured_graph,43,constant_average_sigma
0.00017782794100389227,21214.45372031439,1613.4563694491335,ordinary_least_squares,measured_graph,43,constant_average_sigma
0.00023713737056616554,21214.872811647907,1613.8754607826522,ordinary_least_squares,measured_graph,43,constant_average_sigma
0.00031622776601683794,21214.92364462292,1613.926293757664,ordinary_least_squares,measured_graph,43,constant_average_sigma
0.00042169650342858224,21214.09063187153,1613.0932810062768,ordinary_least_squares,measured_graph,43,constant_average_sigma
0.0005623413251903491,21211.38916651171,1610.391815646457,ordinary_least_squares,measured_graph,43,constant_average_sigma
0.0007498942093324559,21205.000261861212,1604.0029109959578,ordinary_least_squares,measured_graph,43,constant_average_sigma
0.001,21191.6717542929,1590.6744034276453,ordinary_least_squares,measured_graph,43,constant_average_sigma
0.001333521432163324,21165.82599154256,1564.828640677304,ordinary_least_squares,measured_graph,43,constant_average_sigma
0.0017782794100389228,21118.485847735803,1517.4884968705483,ordinary_least_squares,measured_graph,43,constant_average_sigma
0.0023713737056616554,21036.689958631934,1435.6926077666794,ordinary_least_squares,measured_graph,43,constant_average_sigma
0.0031622776601683794,20905.199780580144,1304.2024297148891,ordinary_least_squares,measured_graph,43,constant_average_sigma
0.004216965034285823,20713.158647425793,1112.1612965605382,ordinary_least_squares,measured_graph,43,constant_average_sigma
0.005623413251903491,20465.69490972819,864.6975588629357,ordinary_least_squares,measured_graph,43,constant_average_sigma
0.007498942093324558,20192.197857433694,591.2005065684389,ordinary_least_squares,measured_graph,43,constant_average_sigma
0.01,19938.86072234082,337.86337147556696,ordinary_least_squares,measured_graph,43,constant_average_sigma
0.01333521432163324,19746.83830488941,145.8409540241555,ordinary_least_squares,measured_graph,43,constant_average_sigma
0.01778279410038923,19635.09919710193,34.10184623667374,ordinary_least_squares,measured_graph,43,constant_average_sigma
0.023713737056616554,19600.997350865255,0.0,ordinary_least_squares,measured_graph,43,constant_average_sigma
0.03162277660168379,19631.178607921505,30.181257056250615,ordinary_least_squares,measured_graph,43,constant_average_sigma
0.042169650342858224,19710.16839063525,109.17103976999351,ordinary_least_squares,measured_graph,43,constant_average_sigma
0.05623413251903491,19823.308220074683,222.31086920942835,ordinary_least_squares,measured_graph,43,constant_average_sigma
0.07498942093324558,19956.472200801156,355.47484993590115,ordinary_least_squares,measured_graph,43,constant_average_sigma
0.1,20095.031172667106,494.03382180185145,ordinary_least_squares,measured_graph,43,constant_average_sigma
1e-06,19422.916948576825,49.92682224629971,ordinary_least_squares,measured_graph,44,constant_average_sigma
1.333521432163324e-06,19422.90086216122,49.91073583069374,ordinary_least_squares,measured_graph,44,constant_average_sigma
1.778279410038923e-06,19422.879415022897,49.88928869237134,ordinary_least_squares,measured_graph,44,constant_average_sigma
2.3713737056616552e-06,19422.850821192613,49.86069486208726,ordinary_least_squares,measured_graph,44,constant_average_sigma
3.162277660168379e-06,19422.812703901058,49.8225775705323,ordinary_least_squares,measured_graph,44,constant_average_sigma
4.216965034285822e-06,19422.761897503115,49.77177117258907,ordinary_least_squares,measured_graph,44,constant_average_sigma
5.623413251903491e-06,19422.694185392404,49.70405906187807,ordinary_least_squares,measured_graph,44,constant_average_sigma
7.498942093324558e-06,19422.603962721376,49.61383639085034,ordinary_least_squares,measured_graph,44,constant_average_sigma
1e-05,19422.4837773977,49.49365106717596,ordinary_least_squares,measured_graph,44,constant_average_sigma
1.333521432163324e-05,19422.32373583626,49.333609505734785,ordinary_least_squares,measured_graph,44,constant_average_sigma
1.778279410038923e-05,19422.110723495363,49.12059716483782,ordinary_least_squares,measured_graph,44,constant_average_sigma
2.3713737056616554e-05,19421.82738950555,48.83726317502442,ordinary_least_squares,measured_graph,44,constant_average_sigma
3.1622776601683795e-05,19421.45084247027,48.460716139743454,ordinary_least_squares,measured_graph,44,constant_average_sigma
4.216965034285822e-05,19420.950993873983,47.960867543457425,ordinary_least_squares,measured_graph,44,constant_average_sigma
5.623413251903491e-05,19420.288498639693,47.29837230916746,ordinary_least_squares,measured_graph,44,constant_average_sigma
7.498942093324559e-05,19419.41227343345,46.42214710292319,ordinary_least_squares,measured_graph,44,constant_average_sigma
0.0001,19418.25665961995,45.26653328942484,ordinary_least_squares,measured_graph,44,constant_average_sigma
0.0001333521432163324,19416.73847741343,43.748351082904264,ordinary_least_squares,measured_graph,44,constant_average_sigma
0.00017782794100389227,19414.75458751361,41.76446118308377,ordinary_least_squares,measured_graph,44,constant_average_sigma
0.00023713737056616554,19412.181282933878,39.19115660335228,ordinary_least_squares,measured_graph,44,constant_average_sigma
0.00031622776601683794,19408.87816211111,35.88803578058287,ordinary_least_squares,measured_graph,44,constant_average_sigma
0.00042169650342858224,19404.701564575244,31.71143824471801,ordinary_least_squares,measured_graph,44,constant_average_sigma
0.0005623413251903491,19399.53699969915,26.5468733686248,ordinary_least_squares,measured_graph,44,constant_average_sigma
0.0007498942093324559,19393.367555463115,20.377429132589896,ordinary_least_squares,measured_graph,44,constant_average_sigma
0.001,19386.407801012527,13.417674682001234,ordinary_least_squares,measured_graph,44,constant_average_sigma
0.001333521432163324,19379.351667751136,6.3615414206105925,ordinary_least_squares,measured_graph,44,constant_average_sigma
0.0017782794100389228,19373.805881372773,0.8157550422474742,ordinary_least_squares,measured_graph,44,constant_average_sigma
0.0023713737056616554,19372.990126330526,0.0,ordinary_least_squares,measured_graph,44,constant_average_sigma
0.0031622776601683794,19382.720538046084,9.730411715558148,ordinary_least_squares,measured_graph,44,constant_average_sigma
0.004216965034285823,19412.419194390342,39.42906805981693,ordinary_least_squares,measured_graph,44,constant_average_sigma
0.005623413251903491,19475.318291409993,102.328165079467,ordinary_least_squares,measured_graph,44,constant_average_sigma
0.007498942093324558,19586.7663796473,213.77625331677336,ordinary_least_squares,measured_graph,44,constant_average_sigma
0.01,19761.476175494634,388.4860491641084,ordinary_least_squares,measured_graph,44,constant_average_sigma
0.01333521432163324,20014.438201698926,641.4480753684002,ordinary_least_squares,measured_graph,44,constant_average_sigma
0.01778279410038923,20368.997294456443,996.0071681259178,ordinary_least_squares,measured_graph,44,constant_average_sigma
0.023713737056616554,20865.331066158662,1492.3409398281365,ordinary_least_squares,measured_graph,44,constant_average_sigma
0.03162277660168379,21554.259332457936,2181.26920612741,ordinary_least_squares,measured_graph,44,constant_average_sigma
0.042169650342858224,22471.696209733545,3098.70608340302,ordinary_least_squares,measured_graph,44,constant_average_sigma
0.05623413251903491,23610.85720274986,4237.867076419334,ordinary_least_squares,measured_graph,44,constant_average_sigma
0.07498942093324558,24907.030283316843,5534.040156986317,ordinary_least_squares,measured_graph,44,constant_average_sigma
0.1,26239.12110073473,6866.130974404205,ordinary_least_squares,measured_graph,44,constant_average_sigma
1e-06,102708.54311308538,0.0,ordinary_least_squares,measured_graph,45,constant_average_sigma
1.333521432163324e-06,102708.56444009405,0.02132700866786763,ordinary_least_squares,measured_graph,45,constant_average_sigma
1.778279410038923e-06,102708.59288567037,0.04977258498547599,ordinary_least_squares,measured_graph,45,constant_average_sigma
2.3713737056616552e-06,102708.63083121346,0.08771812808117829,ordinary_least_squares,measured_graph,45,constant_average_sigma
3.162277660168379e-06,102708.6814537218,0.13834063641843386,ordinary_least_squares,measured_graph,45,constant_average_sigma
4.216965034285822e-06,102708.74899991139,0.2058868260064628,ordinary_least_squares,measured_graph,45,constant_average_sigma
5.623413251903491e-06,102708.83914395285,0.2960308674664702,ordinary_least_squares,measured_graph,45,constant_average_sigma
7.498942093324558e-06,102708.95947729825,0.4163642128696665,ordinary_least_squares,measured_graph,45,constant_average_sigma
1e-05,102709.12016549832,0.5770524129329715,ordinary_least_squares,measured_graph,45,constant_average_sigma
1.333521432163324e-05,102709.33483945933,0.7917263739509508,ordinary_least_squares,measured_graph,45,constant_average_sigma
1.778279410038923e-05,102709.62181025455,1.078697169170482,ordinary_least_squares,measured_graph,45,constant_average_sigma
2.3713737056616554e-05,102710.00573438281,1.4626212974253576,ordinary_least_squares,measured_graph,45,constant_average_sigma
3.1622776601683795e-05,102710.51991443447,1.9768013490829617,ordinary_least_squares,measured_graph,45,constant_average_sigma
4.216965034285822e-05,102711.20951265897,2.666399573587114,ordinary_least_squares,measured_graph,45,constant_average_sigma
5.623413251903491e-05,102712.13609122092,3.5929781355371233,ordinary_least_squares,measured_graph,45,constant_average_sigma
7.498942093324559e-05,102713.38412238669,4.841009301308077,ordinary_least_squares,measured_graph,45,constant_average_sigma
0.0001,102715.07047851401,6.5273654286284,ordinary_least_squares,measured_graph,45,constant_average_sigma
0.0001333521432163324,102717.35852370772,8.815410622337367,ordinary_least_squares,measured_graph,45,constant_average_sigma
0.00017782794100389227,102720.4794554658,11.936342380417045,ordinary_least_squares,measured_graph,45,constant_average_sigma
0.00023713737056616554,102724.76528712187,16.222174036491197,ordinary_least_squares,measured_graph,45,constant_average_sigma
0.00031622776601683794,102730.70083802096,22.15772493557597,ordinary_least_squares,measured_graph,45,constant_average_sigma
0.00042169650342858224,102739.0071997514,30.464086666019284,ordinary_least_squares,measured_graph,45,constant_average_sigma
0.0005623413251903491,102750.7778641375,42.23475105212128,ordinary_least_squares,measured_graph,45,constant_average_sigma
0.0007498942093324559,102767.70342287212,59.160309786733706,ordinary_least_squares,measured_graph,45,constant_average_sigma
0.001,102792.44487883759,83.90176575220539,ordinary_least_squares,measured_graph,45,constant_average_sigma
0.001333521432163324,102829.25238898661,120.70927590123028,ordinary_least_squares,measured_graph,45,constant_average_sigma
0.0017782794100389228,102884.97217918016,176.4290660947736,ordinary_least_squares,measured_graph,45,constant_average_sigma
0.0023713737056616554,102970.60403609194,262.0609230065602,ordinary_least_squares,measured_graph,45,constant_average_sigma
0.0031622776601683794,103103.42417110366,394.88105801827624,ordinary_least_squares,measured_graph,45,constant_average_sigma
0.004216965034285823,103308.98855991557,600.4454468301847,ordinary_least_squares,measured_graph,45,constant_average_sigma
0.005623413251903491,103620.47224836334,911.9291352779546,ordinary_least_squares,measured_graph,45,constant_average_sigma
0.007498942093324558,104070.0326941051,1361.4895810197195,ordinary_least_squares,measured_graph,45,constant_average_sigma
0.01,104667.39517900607,1958.8520659206843,ordinary_least_squares,measured_graph,45,constant_average_sigma
0.01333521432163324,105373.77228027326,2665.2291671878775,ordinary_least_squares,measured_graph,45,constant_average_sigma
0.01778279410038923,106101.28335887616,3392.7402457907738,ordinary_least_squares,measured_graph,45,constant_average_sigma
0.023713737056616554,106757.01908421617,4048.475971130785,ordinary_least_squares,measured_graph,45,constant_average_sigma
0.03162277660168379,107292.8581860059,4584.315072920523,ordinary_least_squares,measured_graph,45,constant_average_sigma
0.042169650342858224,107713.07948282425,5004.5363697388675,ordinary_least_squares,measured_graph,45,constant_average_sigma
0.05623413251903491,108052.01821111946,5343.475098034076,ordinary_least_squares,measured_graph,45,constant_average_sigma
0.07498942093324558,108356.08409479616,5647.540981710772,ordinary_least_squares,measured_graph,45,constant_average_sigma
0.1,108680.87360958208,5972.330496496696,ordinary_least_squares,measured_graph,45,constant_average_sigma
1e-06,91153.08071797702,0.3883794478024356,ordinary_least_squares,measured_graph,46,constant_average_sigma
1.333521432163324e-06,91153.07894407777,0.38660554855596274,ordinary_least_squares,measured_graph,46,constant_average_sigma
1.778279410038923e-06,91153.07658479919,0.38424626996857114,ordinary_least_squares,measured_graph,46,constant_average_sigma
2.3713737056616552e-06,91153.07344813891,0.38110960969061125,ordinary_least_squares,measured_graph,46,constant_average_sigma
3.162277660168379e-06,91153.06928649743,0.3769479682086967,ordinary_least_squares,measured_graph,46,constant_average_sigma
4.216965034285822e-06,91153.06377115106,0.37143262184690684,ordinary_least_squares,measured_graph,46,constant_average_sigma
5.623413251903491e-06,91153.05647939444,0.36414086521836,ordinary_least_squares,measured_graph,46,constant_average_sigma
7.498942093324558e-06,91153.04686687415,0.3545283449348062,ordinary_least_squares,measured_graph,46,constant_average_sigma
1e-05,91153.03424585891,0.34190732969727833,ordinary_least_squares,measured_graph,46,constant_average_sigma
1.333521432163324e-05,91153.0177672412,0.32542871197802015,ordinary_least_squares,measured_graph,46,constant_average_sigma
1.778279410038923e-05,91152.99641795902,0.304079429799458,ordinary_least_squares,measured_graph,46,constant_average_sigma
2.3713737056616554e-05,91152.96906025095,0.2767217217333382,ordinary_least_squares,measured_graph,46,constant_average_sigma
3.1622776601683795e-05,91152.93455586043,0.24221733120793942,ordinary_least_squares,measured_graph,46,constant_average_sigma
4.216965034285822e-05,91152.89206083491,0.19972230569692329,ordinary_least_squares,measured_graph,46,constant_average_sigma
5.623413251903491e-05,91152.84164806205,0.14930953283328563,ordinary_least_squares,measured_graph,46,constant_average_sigma
7.498942093324559e-05,91152.78554676953,0.0932082403160166,ordinary_least_squares,measured_graph,46,constant_average_sigma
0.0001,91152.73052165187,0.038183122655027546,ordinary_least_squares,measured_graph,46,constant_average_sigma
0.0001333521432163324,91152.69233852922,0.0,ordinary_least_squares,measured_graph,46,constant_average_sigma
0.00017782794100389227,91152.70401879949,0.011680270268698223,ordinary_least_squares,measured_graph,46,constant_average_sigma
0.00023713737056616554,91152.83093371864,0.13859518941899296,ordinary_least_squares,measured_graph,46,constant_average_sigma
0.00031622776601683794,91153.19818929084,0.5058507616195129,ordinary_least_squares,measured_graph,46,constant_average_sigma
0.00042169650342858224,91154.03999967087,1.3476611416554078,ordinary_least_squares,measured_graph,46,constant_average_sigma
0.0005623413251903491,91155.78820298347,3.0958644542552065,ordinary_least_squares,measured_graph,46,constant_average_sigma
0.0007498942093324559,91159.22996834532,6.53762981609907,ordinary_least_squares,measured_graph,46,constant_average_sigma
0.001,91165.78642129632,13.09408276710019,ordinary_least_squares,measured_graph,46,constant_average_sigma
0.001333521432163324,91177.99835191846,25.306013389243162,ordinary_least_squares,measured_graph,46,constant_average_sigma
0.0017782794100389228,91200.35335985705,47.661021327832714,ordinary_least_squares,measured_graph,46,constant_average_sigma
0.0023713737056616554,91240.6346867452,87.94234821597638,ordinary_least_squares,measured_graph,46,constant_average_sigma
0.0031622776601683794,91311.93925905277,159.24692052355385,ordinary_least_squares,measured_graph,46,constant_average_sigma
0.004216965034285823,91435.15957278758,282.46723425836535,ordinary_least_squares,measured_graph,46,constant_average_sigma
0.005623413251903491,91640.49617056292,487.8038320337073,ordinary_least_squares,measured_graph,46,constant_average_sigma
0.007498942093324558,91963.84841075602,811.1560722268041,ordinary_least_squares,measured_graph,46,constant_average_sigma
0.01,92431.38139879656,1278.6890602673375,ordinary_least_squares,measured_graph,46,constant_average_sigma
0.01333521432163324,93032.17505669146,1879.4827181622386,ordinary_least_squares,measured_graph,46,constant_average_sigma
0.01778279410038923,93702.86141370807,2550.1690751788556,ordinary_least_squares,measured_graph,46,constant_average_sigma
0.023713737056616554,94356.02727761207,3203.3349390828516,ordinary_least_squares,measured_graph,46,constant_average_sigma
0.03162277660168379,94931.69232192883,3778.9999833996117,ordinary_least_squares,measured_graph,46,constant_average_sigma
0.042169650342858224,95419.32817526782,4266.635836738598,ordinary_least_squares,measured_graph,46,constant_average_sigma
0.05623413251903491,95844.45904304186,4691.766704512644,ordinary_least_squares,measured_graph,46,constant_average_sigma
0.07498942093324558,96244.93854986186,5092.246211332647,ordinary_least_squares,measured_graph,46,constant_average_sigma
0.1,96659.0741330488,5506.381794519577,ordinary_least_squares,measured_graph,46,constant_average_sigma
1e-06,59137.70587988221,0.0,ordinary_least_squares,measured_graph,47,constant_average_sigma
1.333521432163324e-06,59137.70626773862,0.0003878564093611203,ordinary_least_squares,measured_graph,47,constant_average_sigma
1.778279410038923e-06,59137.70678777977,0.0009078975563170388,ordinary_least_squares,measured_graph,47,constant_average_sigma
2.3713737056616552e-06,59137.707487248255,0.0016073660444817506,ordinary_least_squares,measured_graph,47,constant_average_sigma
3.162277660168379e-06,59137.70842813265,0.0025482504424871877,ordinary_least_squares,measured_graph,47,constant_average_sigma
4.216965034285822e-06,59137.70969901202,0.003819129808107391,ordinary_least_squares,measured_graph,47,constant_average_sigma
5.623413251903491e-06,59137.71142144319,0.00554156098223757,ordinary_least_squares,measured_graph,47,constant_average_sigma
7.498942093324558e-06,59137.713768253685,0.00788837147410959,ordinary_least_squares,measured_graph,47,constant_average_sigma
1e-05,59137.71698658324,0.011106701029348187,ordinary_least_squares,measured_graph,47,constant_average_sigma
1.333521432163324e-05,59137.72143569538,0.015555813166429289,ordinary_least_squares,measured_graph,47,constant_average_sigma
1.778279410038923e-05,59137.72764898429,0.021769102080725133,ordinary_least_squares,measured_graph,47,constant_average_sigma
2.3713737056616554e-05,59137.73643302948,0.03055314726952929,ordinary_least_squares,measured_graph,47,constant_average_sigma
3.1622776601683795e-05,59137.74903318501,0.04315330280223861,ordinary_least_squares,measured_graph,47,constant_average_sigma
4.216965034285822e-05,59137.76741206329,0.061532181076472625,ordinary_least_squares,measured_graph,47,constant_average_sigma
5.623413251903491e-05,59137.79472385958,0.08884397736983374,ordinary_least_squares,measured_graph,47,constant_average_sigma
7.498942093324559e-05,59137.83613000079,0.1302501185782603,ordinary_least_squares,measured_graph,47,constant_average_sigma
0.0001,59137.900211478554,0.19433159634354524,ordinary_least_squares,measured_graph,47,constant_average_sigma
0.0001333521432163324,59138.001431660814,0.2955517786031123,ordinary_least_squares,measured_graph,47,constant_average_sigma
0.00017782794100389227,59138.16444835406,0.4585684718476841,ordinary_least_squares,measured_graph,47,constant_average_sigma
0.00023713737056616554,59138.43169141941,0.7258115372023894,ordinary_least_squares,measured_graph,47,constant_average_sigma
0.00031622776601683794,59138.87671095788,1.1708310756657738,ordinary_least_squares,measured_graph,47,constant_average_sigma
0.00042169650342858224,59139.62772304501,1.9218431627959944,ordinary_least_squares,measured_graph,47,constant_average_sigma
0.0005623413251903491,59140.909151595406,3.203271713195136,ordinary_least_squares,measured_graph,47,constant_average_sigma
0.0007498942093324559,59143.11481446172,5.408934579507331,ordinary_least_squares,measured_graph,47,constant_average_sigma
0.001,59146.936340975044,9.230461092833139,ordinary_least_squares,measured_graph,47,constant_average_sigma
0.001333521432163324,59153.58661552094,15.880735638726037,ordinary_least_squares,measured_graph,47,constant_average_sigma
0.0017782794100389228,59165.18229686268,27.476416980469367,ordinary_least_squares,measured_graph,47,constant_average_sigma
0.0023713737056616554,59185.378725923525,47.67284604131419,ordinary_least_squares,measured_graph,47,constant_average_sigma
0.0031622776601683794,59220.362368939575,82.65648905736452,ordinary_least_squares,measured_graph,47,constant_average_sigma
0.004216965034285823,59280.21994040248,142.51406052026869,ordinary_least_squares,measured_graph,47,constant_average_sigma
0.005623413251903491,59380.310679883754,242.60480000154348,ordinary_least_squares,measured_graph,47,constant_average_sigma
0.007498942093324558,59541.22896303614,403.5230831539302,ordinary_least_squares,measured_graph,47,constant_average_sigma
0.01,59784.364923496,646.6590436137922,ordinary_least_squares,measured_graph,47,constant_average_sigma
0.01333521432163324,60120.436079003506,982.7301991212953,ordinary_least_squares,measured_graph,47,constant_average_sigma
0.01778279410038923,60535.866186657055,1398.1603067748438,ordinary_least_squares,measured_graph,47,constant_average_sigma
0.023713737056616554,60992.57348519497,1854.8676053127565,ordinary_least_squares,measured_graph,47,constant_average_sigma
0.03162277660168379,61447.64562033107,2309.9397404488627,ordinary_least_squares,measured_graph,47,constant_average_sigma
0.042169650342858224,61873.37964890586,2735.6737690236478,ordinary_least_squares,measured_graph,47,constant_average_sigma
0.05623413251903491,62261.78048247116,3124.0746025889457,ordinary_least_squares,measured_graph,47,constant_average_sigma
0.07498942093324558,62620.930075945485,3483.2241960632746,ordinary_least_squares,measured_graph,47,constant_average_sigma
0.1,62970.14879777601,3832.4429178938008,ordinary_least_squares,measured_graph,47,constant_average_sigma
1e-06,4276.223763992915,1.130869790392353,ordinary_least_squares,measured_graph,48,constant_average_sigma
1.333521432163324e-06,4276.2221567578545,1.1292625553314792,ordinary_least_squares,measured_graph,48,constant_average_sigma
1.778279410038923e-06,4276.2200146057385,1.1271204032154856,ordinary_least_squares,measured_graph,48,constant_average_sigma
2.3713737056616552e-06,4276.217161491565,1.124267289042109,ordinary_least_squares,measured_graph,48,constant_average_sigma
3.162277660168379e-06,4276.21336228842,1.1204680858973006,ordinary_least_squares,measured_graph,48,constant_average_sigma
4.216965034285822e-06,4276.208305896503,1.115411693979695,ordinary_least_squares,measured_graph,48,constant_average_sigma
5.623413251903491e-06,4276.201580383579,1.1086861810563278,ordinary_least_squares,measured_graph,48,constant_average_sigma
7.498942093324558e-06,4276.19264298569,1.0997487831673425,ordinary_least_squares,measured_graph,48,constant_average_sigma
1e-05,4276.180780012706,1.087885810183252,ordinary_least_squares,measured_graph,48,constant_average_sigma
1.333521432163324e-05,4276.165058727974,1.0721645254507166,ordinary_least_squares,measured_graph,48,constant_average_sigma
1.778279410038923e-05,4276.144268924305,1.05137472178194,ordinary_least_squares,measured_graph,48,constant_average_sigma
2.3713737056616554e-05,4276.116856304714,1.0239621021910352,ordinary_least_squares,measured_graph,48,constant_average_sigma
3.1622776601683795e-05,4276.080854029742,0.9879598272191288,ordinary_least_squares,measured_graph,48,constant_average_sigma
4.216965034285822e-05,4276.033828062624,0.940933860100813,ordinary_least_squares,measured_graph,48,constant_average_sigma
5.623413251903491e-05,4275.972868175241,0.8799739727182896,ordinary_least_squares,measured_graph,48,constant_average_sigma
7.498942093324559e-05,4275.894690884982,0.8017966824590985,ordinary_least_squares,measured_graph,48,constant_average_sigma
0.0001,4275.79598107823,0.7030868757074131,ordinary_least_squares,measured_graph,48,constant_average_sigma
0.0001333521432163324,4275.6742117389,0.5813175363773553,ordinary_least_squares,measured_graph,48,constant_average_sigma
0.00017782794100389227,4275.5293862209655,0.43649201844255003,ordinary_least_squares,measured_graph,48,constant_average_sigma
0.00023713737056616554,4275.367518860026,0.27462465750340925,ordinary_least_squares,measured_graph,48,constant_average_sigma
0.00031622776601683794,4275.207338313932,0.11444411140928423,ordinary_least_squares,measured_graph,48,constant_average_sigma
0.00042169650342858224,4275.092894202523,0.0,ordinary_least_squares,measured_graph,48,constant_average_sigma
0.0005623413251903491,4275.116865192207,0.023970989684130473,ordinary_least_squares,measured_graph,48,constant_average_sigma
0.0007498942093324559,4275.463048140466,0.3701539379426322,ordinary_least_squares,measured_graph,48,constant_average_sigma
0.001,4276.48268725239,1.3897930498669666,ordinary_least_squares,measured_graph,48,constant_average_sigma
0.001333521432163324,4278.828946993965,3.7360527914415798,ordinary_least_squares,measured_graph,48,constant_average_sigma
0.0017782794100389228,4283.686498189074,8.593603986550988,ordinary_least_squares,measured_graph,48,constant_average_sigma
0.0023713737056616554,4293.141924335374,18.04903013285093,ordinary_least_squares,measured_graph,48,constant_average_sigma
0.0031622776601683794,4310.718458547179,35.625564344655686,ordinary_least_squares,measured_graph,48,constant_average_sigma
0.004216965034285823,4341.975688815691,66.88279461316779,ordinary_least_squares,measured_graph,48,constant_average_sigma
0.005623413251903491,4394.750916035284,119.65802183276082,ordinary_least_squares,measured_graph,48,constant_average_sigma
0.007498942093324558,4478.180249087086,203.08735488456296,ordinary_least_squares,measured_graph,48,constant_average_sigma
0.01,4599.8595336328635,324.76663943034055,ordinary_least_squares,measured_graph,48,constant_average_sigma
0.01333521432163324,4762.380503743773,487.2876095412503,ordinary_least_squares,measured_graph,48,constant_average_sigma
0.01778279410038923,4962.065669258293,686.9727750557704,ordinary_least_squares,measured_graph,48,constant_average_sigma
0.023713737056616554,5189.952863116921,914.8599689143985,ordinary_least_squares,measured_graph,48,constant_average_sigma
0.03162277660168379,5431.862926538111,1156.7700323355884,ordinary_least_squares,measured_graph,48,constant_average_sigma
0.042169650342858224,5668.2752770170355,1393.1823828145125,ordinary_least_squares,measured_graph,48,constant_average_sigma
0.05623413251903491,5879.596770166498,1604.5038759639747,ordinary_least_squares,measured_graph,48,constant_average_sigma
0.07498942093324558,6056.42974877498,1781.336854572457,ordinary_least_squares,measured_graph,48,constant_average_sigma
0.1,6204.464475399484,1929.3715811969614,ordinary_least_squares,measured_graph,48,constant_average_sigma
1e-06,15407.361202863402,0.0,ordinary_least_squares,measured_graph,49,constant_average_sigma
1.333521432163324e-06,15407.364591294376,0.0033884309741551988,ordinary_least_squares,measured_graph,49,constant_average_sigma
1.778279410038923e-06,15407.36910991848,0.007907055078248959,ordinary_least_squares,measured_graph,49,constant_average_sigma
2.3713737056616552e-06,15407.375135763601,0.013932900199506548,ordinary_least_squares,measured_graph,49,constant_average_sigma
3.162277660168379e-06,15407.383171679503,0.02196881610143464,ordinary_least_squares,measured_graph,49,constant_average_sigma
4.216965034285822e-06,15407.393888291968,0.03268542856676504,ordinary_least_squares,measured_graph,49,constant_average_sigma
5.623413251903491e-06,15407.408180090279,0.046977226877061184,ordinary_least_squares,measured_graph,49,constant_average_sigma
7.498942093324558e-06,15407.427240238863,0.0660373754617467,ordinary_least_squares,measured_graph,49,constant_average_sigma
1e-05,15407.452660427834,0.09145756443285791,ordinary_least_squares,measured_graph,49,constant_average_sigma
1.333521432163324e-05,15407.486564255067,0.1253613916651375,ordinary_least_squares,measured_graph,49,constant_average_sigma
1.778279410038923e-05,15407.531785441515,0.17058257811368094,ordinary_least_squares,measured_graph,49,constant_average_sigma
2.3713737056616554e-05,15407.592106111984,0.2309032485827629,ordinary_least_squares,measured_graph,49,constant_average_sigma
3.1622776601683795e-05,15407.672575666951,0.3113728035496024,ordinary_least_squares,measured_graph,49,constant_average_sigma
4.216965034285822e-05,15407.779937987225,0.4187351238233532,ordinary_least_squares,measured_graph,49,constant_average_sigma
5.623413251903491e-05,15407.923204618666,0.5620017552646459,ordinary_least_squares,measured_graph,49,constant_average_sigma
7.498942093324559e-05,15408.114425334788,0.7532224713868345,ordinary_least_squares,measured_graph,49,constant_average_sigma
0.0001,15408.369726618705,1.008523755303031,ordinary_least_squares,measured_graph,49,constant_average_sigma
0.0001333521432163324,15408.710715758998,1.3495128955964901,ordinary_least_squares,measured_graph,49,constant_average_sigma
0.00017782794100389227,15409.16638696977,1.8051841063679603,ordinary_least_squares,measured_graph,49,constant_average_sigma
0.00023713737056616554,15409.775722107297,2.4145192438954837,ordinary_least_squares,measured_graph,49,constant_average_sigma
0.00031622776601683794,15410.59126071067,3.2300578472677444,ordinary_least_squares,measured_graph,49,constant_average_sigma
0.00042169650342858224,15411.684035276312,4.322832412910429,ordinary_least_squares,measured_graph,49,constant_average_sigma
0.0005623413251903491,15413.15044581832,5.789242954919246,ordinary_least_squares,measured_graph,49,constant_average_sigma
0.0007498942093324559,15415.121902474006,7.760699610604206,ordinary_least_squares,measured_graph,49,constant_average_sigma
0.001,15417.778394527619,10.417191664217171,ordinary_least_squares,measured_graph,49,constant_average_sigma
0.001333521432163324,15421.367427921768,14.006225058366908,ordinary_least_squares,measured_graph,49,constant_average_sigma
0.0017782794100389228,15426.229418869543,18.868216006141665,ordinary_least_squares,measured_graph,49,constant_average_sigma
0.0023713737056616554,15432.827557833412,25.466354970010798,ordinary_least_squares,measured_graph,49,constant_average_sigma
0.0031622776601683794,15441.769051546504,34.4078486831022,ordinary_least_squares,measured_graph,49,constant_average_sigma
0.004216965034285823,15453.77922501482,46.41802215141797,ordinary_least_squares,measured_graph,49,constant_average_sigma
0.005623413251903491,15469.567365246163,62.20616238276125,ordinary_least_squares,measured_graph,49,constant_average_sigma
0.007498942093324558,15489.588913700652,82.22771083725092,ordinary_least_squares,measured_graph,49,constant_average_sigma
0.01,15513.93124013121,106.57003726780931,ordinary_least_squares,measured_graph,49,constant_average_sigma
0.01333521432163324,15542.675087065418,135.3138842020162,ordinary_least_squares,measured_graph,49,constant_average_sigma
0.01778279410038923,15576.698072815381,169.33686995197968,ordinary_least_squares,measured_graph,49,constant_average_sigma
0.023713737056616554,15618.176219757028,210.8150168936263,ordinary_least_squares,measured_graph,49,constant_average_sigma
0.03162277660168379,15669.623784877718,262.26258201431665,ordinary_least_squares,measured_graph,49,constant_average_sigma
0.042169650342858224,15731.328892745061,323.9676898816597,ordinary_least_squares,measured_graph,49,constant_average_sigma
0.05623413251903491,15799.77272751782,392.4115246544188,ordinary_least_squares,measured_graph,49,constant_average_sigma
0.07498942093324558,15869.555662093786,462.1944592303844,ordinary_least_squares,measured_graph,49,constant_average_sigma
0.1,15936.637592535615,529.2763896722136,ordinary_least_squares,measured_graph,49,constant_average_sigma
1e-06,33172.13556922025,20.308504209577222,ordinary_least_squares,measured_graph,50,constant_average_sigma
1.333521432163324e-06,33172.11667999044,20.289614979767066,ordinary_least_squares,measured_graph,50,constant_average_sigma
1.778279410038923e-06,33172.09150392721,20.264438916536164,ordinary_least_squares,measured_graph,50,constant_average_sigma
2.3713737056616552e-06,33172.05795542229,20.230890411621658,ordinary_least_squares,measured_graph,50,constant_average_sigma
3.162277660168379e-06,33172.01325983343,20.186194822759717,ordinary_least_squares,measured_graph,50,constant_average_sigma
4.216965034285822e-06,33171.95373276922,20.126667758551775,ordinary_least_squares,measured_graph,50,constant_average_sigma
5.623413251903491e-06,33171.874486169654,20.047421158982615,ordinary_least_squares,measured_graph,50,constant_average_sigma
7.498942093324558e-06,33171.76904765669,19.941982646021643,ordinary_least_squares,measured_graph,50,constant_average_sigma
1e-05,33171.62886725387,19.801802243200655,ordinary_least_squares,measured_graph,50,constant_average_sigma
1.333521432163324e-05,33171.4426883352,19.615623324527405,ordinary_least_squares,measured_graph,50,constant_average_sigma
1.778279410038923e-05,33171.195757600835,19.368692590163846,ordinary_least_squares,measured_graph,50,constant_average_sigma
2.3713737056616554e-05,33170.86886003844,19.041795027769695,ordinary_least_squares,measured_graph,50,constant_average_sigma
3.1622776601683795e-05,33170.43718950917,18.61012449849659,ordinary_least_squares,measured_graph,50,constant_average_sigma
4.216965034285822e-05,33169.86912352605,18.042058515376993,ordinary_least_squares,measured_graph,50,constant_average_sigma
5.623413251903491e-05,33169.12509142046,17.29802640978596,ordinary_least_squares,measured_graph,50,constant_average_sigma
7.498942093324559e-05,33168.156962645124,16.32989763445221,ordinary_least_squares,measured_graph,50,constant_average_sigma
0.0001,33166.908837137715,15.081772127043223,ordinary_least_squares,measured_graph,50,constant_average_sigma
0.0001333521432163324,33165.320973039474,13.493908028802252,ordinary_least_squares,measured_graph,50,constant_average_sigma
0.00017782794100389227,33163.34015814947,11.513093138797558,ordinary_least_squares,measured_graph,50,constant_average_sigma
0.00023713737056616554,33160.94266661062,9.115601599951333,ordinary_least_squares,measured_graph,50,constant_average_sigma
0.00031622776601683794,33158.18090937438,6.353844363708049,ordinary_least_squares,measured_graph,50,constant_average_sigma
0.00042169650342858224,33155.27313390884,3.446068898170779,ordinary_least_squares,measured_graph,50,constant_average_sigma
0.0005623413251903491,33152.76774900613,0.9406839954608586,ordinary_least_squares,measured_graph,50,constant_average_sigma
0.0007498942093324559,33151.82706501067,0.0,ordinary_least_squares,measured_graph,50,constant_average_sigma
0.001,33154.67251089702,2.845445886348898,ordinary_least_squares,measured_graph,50,constant_average_sigma
0.001333521432163324,33165.15925445815,13.332189447479323,ordinary_least_squares,measured_graph,50,constant_average_sigma
0.0017782794100389228,33189.179698679,37.35263366832805,ordinary_least_squares,measured_graph,50,constant_average_sigma
0.0023713737056616554,33234.02877486197,82.20170985129516,ordinary_least_squares,measured_graph,50,constant_average_sigma
0.0031622776601683794,33305.46283242147,153.63576741080033,ordinary_least_squares,measured_graph,50,constant_average_sigma
0.004216965034285823,33402.77253367879,250.94546866812016,ordinary_least_squares,measured_graph,50,constant_average_sigma
0.005623413251903491,33516.65935211223,364.83228710155527,ordinary_least_squares,measured_graph,50,constant_average_sigma
0.007498942093324558,33635.5678057374,483.740740726731,ordinary_least_squares,measured_graph,50,constant_average_sigma
0.01,33756.77568890079,604.9486238901154,ordinary_least_squares,measured_graph,50,constant_average_sigma
0.01333521432163324,33891.14294982246,739.3158848117891,ordinary_least_squares,measured_graph,50,constant_average_sigma
0.01778279410038923,34056.38136170859,904.5542966979192,ordinary_least_squares,measured_graph,50,constant_average_sigma
0.023713737056616554,34263.00159812991,1111.174533119236,ordinary_least_squares,measured_graph,50,constant_average_sigma
0.03162277660168379,34502.99152498825,1351.1644599775755,ordinary_least_squares,measured_graph,50,constant_average_sigma
0.042169650342858224,34752.317566872494,1600.4905018618228,ordinary_least_squares,measured_graph,50,constant_average_sigma
0.05623413251903491,34986.88673182698,1835.0596668163053,ordinary_least_squares,measured_graph,50,constant_average_sigma
0.07498942093324558,35196.475707079546,2044.6486420688743,ordinary_least_squares,measured_graph,50,constant_average_sigma
0.1,35386.13972017022,2234.3126551595487,ordinary_least_squares,measured_graph,50,constant_average_sigma
1e-06,38898.210431808264,4.524886410406907,ordinary_least_squares,measured_graph,51,constant_average_sigma
1.333521432163324e-06,38898.207216559065,4.52167116120836,ordinary_least_squares,measured_graph,51,constant_average_sigma
1.778279410038923e-06,38898.20293063315,4.517385235296388,ordinary_least_squares,measured_graph,51,constant_average_sigma
2.3713737056616552e-06,38898.19721816247,4.511672764616378,ordinary_least_squares,measured_graph,51,constant_average_sigma
3.162277660168379e-06,38898.18960560871,4.504060210856551,ordinary_least_squares,measured_graph,51,constant_average_sigma
4.216965034285822e-06,38898.17946329651,4.493917898653308,ordinary_least_squares,measured_graph,51,constant_average_sigma
5.623413251903491e-06,38898.16595465761,4.480409259755106,ordinary_least_squares,measured_graph,51,constant_average_sigma
7.498942093324558e-06,38898.14796969658,4.462424298726546,ordinary_least_squares,measured_graph,51,constant_average_sigma
1e-05,38898.1240381259,4.438492728040728,ordinary_least_squares,measured_graph,51,constant_average_sigma
1.333521432163324e-05,38898.09221700771,4.40667160985322,ordinary_least_squares,measured_graph,51,constant_average_sigma
1.778279410038923e-05,38898.04994689062,4.364401492763136,ordinary_least_squares,measured_graph,51,constant_average_sigma
2.3713737056616554e-05,38897.99387093801,4.30832554015069,ordinary_least_squares,measured_graph,51,constant_average_sigma
3.1622776601683795e-05,38897.91961303481,4.234067636949476,ordinary_least_squares,measured_graph,51,constant_average_sigma
4.216965034285822e-05,38897.821516767865,4.13597137000761,ordinary_least_squares,measured_graph,51,constant_average_sigma
5.623413251903491e-05,38897.692359822475,4.0068144246179145,ordinary_least_squares,measured_graph,51,constant_average_sigma
7.498942093324559e-05,38897.52308576526,3.8375403673999244,ordinary_least_squares,measured_graph,51,constant_average_sigma
0.0001,38897.30264998818,3.617104590324743,ordinary_least_squares,measured_graph,51,constant_average_sigma
0.0001333521432163324,38897.01818386518,3.3326384673200664,ordinary_least_squares,measured_graph,51,constant_average_sigma
0.00017782794100389227,38896.6558873858,2.9703419879442663,ordinary_least_squares,measured_graph,51,constant_average_sigma
0.00023713737056616554,38896.20345231868,2.5179069208243163,ordinary_least_squares,measured_graph,51,constant_average_sigma
0.00031622776601683794,38895.65555406596,1.9700086681041284,ordinary_least_squares,measured_graph,51,constant_average_sigma
0.00042169650342858224,38895.02530983621,1.339764438351267,ordinary_least_squares,measured_graph,51,constant_average_sigma
0.0005623413251903491,38894.36702885467,0.6814834568140213,ordinary_least_squares,measured_graph,51,constant_average_sigma
0.0007498942093324559,38893.819611914936,0.13406651707919082,ordinary_least_squares,measured_graph,51,constant_average_sigma
0.001,38893.68554539786,0.0,ordinary_least_squares,measured_graph,51,constant_average_sigma
0.001333521432163324,38894.56423015757,0.8786847597148153,ordinary_least_squares,measured_graph,51,constant_average_sigma
0.0017782794100389228,38897.5459687729,3.8604233750447747,ordinary_least_squares,measured_graph,51,constant_average_sigma
0.0023713737056616554,38904.40626111525,10.720715717390704,ordinary_least_squares,measured_graph,51,constant_average_sigma
0.0031622776601683794,38917.57354664352,23.888001245664782,ordinary_least_squares,measured_graph,51,constant_average_sigma
0.004216965034285823,38939.48286752147,45.797322123609774,ordinary_least_squares,measured_graph,51,constant_average_sigma
0.005623413251903491,38971.28671413896,77.60116874110099,ordinary_least_squares,measured_graph,51,constant_average_sigma
0.007498942093324558,39012.05213008616,118.36658468830137,ordinary_least_squares,measured_graph,51,constant_average_sigma
0.01,39059.84716908606,166.1616236882037,ordinary_least_squares,measured_graph,51,constant_average_sigma
0.01333521432163324,39114.032090749904,220.34654535204754,ordinary_least_squares,measured_graph,51,constant_average_sigma
0.01778279410038923,39176.66089259189,282.97534719403484,ordinary_least_squares,measured_graph,51,constant_average_sigma
0.023713737056616554,39252.14133867517,358.45579327730957,ordinary_least_squares,measured_graph,51,constant_average_sigma
0.03162277660168379,39345.401588917484,451.7160435196274,ordinary_least_squares,measured_graph,51,constant_average_sigma
0.042169650342858224,39459.15577386827,565.4702284704108,ordinary_least_squares,measured_graph,51,constant_average_sigma
0.05623413251903491,39592.18653475426,698.5009893564056,ordinary_least_squares,measured_graph,51,constant_average_sigma
0.07498942093324558,39740.671061798814,846.9855164009568,ordinary_least_squares,measured_graph,51,constant_average_sigma
0.1,39900.365435287524,1006.6798898896668,ordinary_least_squares,measured_graph,51,constant_average_sigma
1e-06,8808.245930389276,0.0,ordinary_least_squares,measured_graph,52,constant_average_sigma
1.333521432163324e-06,8808.246352360207,0.00042197093171125744,ordinary_least_squares,measured_graph,52,constant_average_sigma
1.778279410038923e-06,8808.246916055934,0.0009856666583800688,ordinary_least_squares,measured_graph,52,constant_average_sigma
2.3713737056616552e-06,8808.247669550568,0.001739161292789504,ordinary_least_squares,measured_graph,52,constant_average_sigma
3.162277660168379e-06,8808.248677503381,0.0027471141056594206,ordinary_least_squares,measured_graph,52,constant_average_sigma
4.216965034285822e-06,8808.250027245496,0.004096856220712652,ordinary_least_squares,measured_graph,52,constant_average_sigma
5.623413251903491e-06,8808.25183712934,0.005906740065256599,ordinary_least_squares,measured_graph,52,constant_average_sigma
7.498942093324558e-06,8808.254268400986,0.008338011710293358,ordinary_least_squares,measured_graph,52,constant_average_sigma
1e-05,8808.257542087058,0.011611697782427655,ordinary_least_squares,measured_graph,52,constant_average_sigma
1.333521432163324e-05,8808.261963673787,0.01603328451164998,ordinary_least_squares,measured_graph,52,constant_average_sigma
1.778279410038923e-05,8808.267959592438,0.022029203162674094,ordinary_least_squares,measured_graph,52,constant_average_sigma
2.3713737056616554e-05,8808.276132331443,0.030201942166968365,ordinary_least_squares,measured_graph,52,constant_average_sigma
3.1622776601683795e-05,8808.287345399722,0.04141501044614415,ordinary_least_squares,measured_graph,52,constant_average_sigma
4.216965034285822e-05,8808.302856862187,0.05692647291107278,ordinary_least_squares,measured_graph,52,constant_average_sigma
5.623413251903491e-05,8808.324533242261,0.07860285298556846,ordinary_least_squares,measured_graph,52,constant_average_sigma
7.498942093324559e-05,8808.355197812698,0.1092674234223523,ordinary_least_squares,measured_graph,52,constant_average_sigma
0.0001,8808.399205725285,0.15327533600975585,ordinary_least_squares,measured_graph,52,constant_average_sigma
0.0001333521432163324,8808.463403742622,0.21747335334657691,ordinary_least_squares,measured_graph,52,constant_average_sigma
0.00017782794100389227,8808.55874225017,0.3128118608947261,ordinary_least_squares,measured_graph,52,constant_average_sigma
0.00023713737056616554,8808.702986694001,0.45705630472548364,ordinary_least_squares,measured_graph,52,constant_average_sigma
0.00031622776601683794,8808.925252748415,0.6793223591394053,ordinary_least_squares,measured_graph,52,constant_average_sigma
0.00042169650342858224,8809.273468868878,1.027538479602299,ordinary_least_squares,measured_graph,52,constant_average_sigma
0.0005623413251903491,8809.826238279345,1.5803078900698893,ordinary_least_squares,measured_graph,52,constant_average_sigma
0.0007498942093324559,8810.71043190926,2.464501519983969,ordinary_least_squares,measured_graph,52,constant_average_sigma
0.001,8812.123714918376,3.877784529100609,ordinary_least_squares,measured_graph,52,constant_average_sigma
0.001333521432163324,8814.353906164819,6.107975775543309,ordinary_least_squares,measured_graph,52,constant_average_sigma
0.0017782794100389228,8817.77137407557,9.525443686294238,ordinary_least_squares,measured_graph,52,constant_average_sigma
0.0023713737056616554,8822.756015201292,14.51008481201643,ordinary_least_squares,measured_graph,52,constant_average_sigma
0.0031622776601683794,8829.555721651726,21.309791262450744,ordinary_least_squares,measured_graph,52,constant_average_sigma
0.004216965034285823,8838.21368624592,29.967755856643635,ordinary_least_squares,measured_graph,52,constant_average_sigma
0.005623413251903491,8848.787630668035,40.54170027875989,ordinary_least_squares,measured_graph,52,constant_average_sigma
0.007498942093324558,8861.762247950162,53.51631756088682,ordinary_least_squares,measured_graph,52,constant_average_sigma
0.01,8878.134862859402,69.88893247012675,ordinary_least_squares,measured_graph,52,constant_average_sigma
0.01333521432163324,8898.920267363486,90.67433697421075,ordinary_least_squares,measured_graph,52,constant_average_sigma
0.01778279410038923,8924.459827565835,116.21389717655984,ordinary_least_squares,measured_graph,52,constant_average_sigma
0.023713737056616554,8954.186286393644,145.94035600436837,ordinary_least_squares,measured_graph,52,constant_average_sigma
0.03162277660168379,8987.094031636952,178.84810124767682,ordinary_least_squares,measured_graph,52,constant_average_sigma
0.042169650342858224,9022.408201803108,214.16227141383206,ordinary_least_squares,measured_graph,52,constant_average_sigma
0.05623413251903491,9060.118387742676,251.87245735340002,ordinary_least_squares,measured_graph,52,constant_average_sigma
0.07498942093324558,9101.35436596912,293.1084355798448,ordinary_least_squares,measured_graph,52,constant_average_sigma
0.1,9147.77161793502,339.5256875457435,ordinary_least_squares,measured_graph,52,constant_average_sigma
1e-06,13731.917027429607,0.0,ordinary_least_squares,measured_graph,53,constant_average_sigma
1.333521432163324e-06,13731.955866761768,0.03883933216093283,ordinary_least_squares,measured_graph,53,constant_average_sigma
1.778279410038923e-06,13732.007665317695,0.09063788808816753,ordinary_least_squares,measured_graph,53,constant_average_sigma
2.3713737056616552e-06,13732.076750153883,0.15972272427643475,ordinary_least_squares,measured_graph,53,constant_average_sigma
3.162277660168379e-06,13732.168892610494,0.2518651808877621,ordinary_least_squares,measured_graph,53,constant_average_sigma
4.216965034285822e-06,13732.291797345431,0.3747699158247997,ordinary_least_squares,measured_graph,53,constant_average_sigma
5.623413251903491e-06,13732.455747208016,0.5387197784093587,ordinary_least_squares,measured_graph,53,constant_average_sigma
7.498942093324558e-06,13732.674473878993,0.757446449386407,ordinary_least_squares,measured_graph,53,constant_average_sigma
1e-05,13732.966321558266,1.0492941286593123,ordinary_least_squares,measured_graph,53,constant_average_sigma
1.333521432163324e-05,13733.355810172625,1.438782743018237,ordinary_least_squares,measured_graph,53,constant_average_sigma
1.778279410038923e-05,13733.875741882843,1.958714453236098,ordinary_least_squares,measured_graph,53,constant_average_sigma
2.3713737056616554e-05,13734.570043033698,2.6530156040917063,ordinary_least_squares,measured_graph,53,constant_average_sigma
3.1622776601683795e-05,13735.49761859771,3.5805911681036378,ordinary_least_squares,measured_graph,53,constant_average_sigma
4.216965034285822e-05,13736.737604279842,4.820576850235739,ordinary_least_squares,measured_graph,53,constant_average_sigma
5.623413251903491e-05,13738.396570691959,6.479543262352308,ordinary_least_squares,measured_graph,53,constant_average_sigma
7.498942093324559e-05,13740.618489424072,8.701461994465717,ordinary_least_squares,measured_graph,53,constant_average_sigma
0.0001,13743.598665498288,11.681638068681423,ordinary_least_squares,measured_graph,53,constant_average_sigma
0.0001333521432163324,13747.603469920168,15.686442490561603,ordinary_least_squares,measured_graph,53,constant_average_sigma
0.00017782794100389227,13752.998732812679,21.081705383072403,ordinary_least_squares,measured_graph,53,constant_average_sigma
0.00023713737056616554,13760.29137326653,28.374345836922657,ordinary_least_squares,measured_graph,53,constant_average_sigma
0.00031622776601683794,13770.191788529482,38.27476109987583,ordinary_least_squares,measured_graph,53,constant_average_sigma
0.00042169650342858224,13783.709713943874,51.79268651426719,ordinary_least_squares,measured_graph,53,constant_average_sigma
0.0005623413251903491,13802.305622298449,70.38859486884212,ordinary_least_squares,measured_graph,53,constant_average_sigma
0.0007498942093324559,13828.136847518195,96.21982008858868,ordinary_least_squares,measured_graph,53,constant_average_sigma
0.001,13864.468595464143,132.5515680345361,ordinary_least_squares,measured_graph,53,constant_average_sigma
0.001333521432163324,13916.372376732876,184.45534930326903,ordinary_least_squares,measured_graph,53,constant_average_sigma
0.0017782794100389228,13991.907186714696,259.99015928508925,ordinary_least_squares,measured_graph,53,constant_average_sigma
0.0023713737056616554,14104.036023210016,372.118995780409,ordinary_least_squares,measured_graph,53,constant_average_sigma
0.0031622776601683794,14273.495046820637,541.5780193910305,ordinary_least_squares,measured_graph,53,constant_average_sigma
0.004216965034285823,14532.697195873228,800.7801684436217,ordinary_least_squares,measured_graph,53,constant_average_sigma
0.005623413251903491,14930.49714593276,1198.5801185031542,ordinary_least_squares,measured_graph,53,constant_average_sigma
0.007498942093324558,15536.246982439668,1804.329955010062,ordinary_least_squares,measured_graph,53,constant_average_sigma
0.01,16437.248412892084,2705.3313854624776,ordinary_least_squares,measured_graph,53,constant_average_sigma
0.01333521432163324,17718.39591886731,3986.478891437704,ordinary_least_squares,measured_graph,53,constant_average_sigma
0.01778279410038923,19416.32238125769,5684.405353828084,ordinary_least_squares,measured_graph,53,constant_average_sigma
0.023713737056616554,21467.0268471155,7735.109819685893,ordinary_least_squares,measured_graph,53,constant_average_sigma
0.03162277660168379,23701.002995205603,9969.085967775996,ordinary_least_squares,measured_graph,53,constant_average_sigma
0.042169650342858224,25912.657243792542,12180.740216362936,ordinary_least_squares,measured_graph,53,constant_average_sigma
0.05623413251903491,27949.82563935613,14217.908611926525,ordinary_least_squares,measured_graph,53,constant_average_sigma
0.07498942093324558,29763.640537620486,16031.72351019088,ordinary_least_squares,measured_graph,53,constant_average_sigma
0.1,31404.34357300681,17672.426545577204,ordinary_least_squares,measured_graph,53,constant_average_sigma
1e-06,10292.664265613575,0.0,ordinary_least_squares,measured_graph,54,constant_average_sigma
1.333521432163324e-06,10292.671042456246,0.006776842670660699,ordinary_least_squares,measured_graph,54,constant_average_sigma
1.778279410038923e-06,10292.680088386474,0.01582277289890044,ordinary_least_squares,measured_graph,54,constant_average_sigma
2.3713737056616552e-06,10292.692167845966,0.027902232390260906,ordinary_least_squares,measured_graph,54,constant_average_sigma
3.162277660168379e-06,10292.70830519943,0.04403958585498913,ordinary_least_squares,measured_graph,54,constant_average_sigma
4.216965034285822e-06,10292.729876555324,0.06561094174867321,ordinary_least_squares,measured_graph,54,constant_average_sigma
5.623413251903491e-06,10292.758734588186,0.09446897461020853,ordinary_least_squares,measured_graph,54,constant_average_sigma
7.498942093324558e-06,10292.797381258088,0.13311564451214508,ordinary_least_squares,measured_graph,54,constant_average_sigma
1e-05,10292.849208797621,0.18494318404555088,ordinary_least_squares,measured_graph,54,constant_average_sigma
1.333521432163324e-05,10292.918840051856,0.2545744382805424,ordinary_least_squares,measured_graph,54,constant_average_sigma
1.778279410038923e-05,10293.012615980797,0.3483503672214283,ordinary_least_squares,measured_graph,54,constant_average_sigma
2.3713737056616554e-05,10293.13930596159,0.47504034801386297,ordinary_least_squares,measured_graph,54,constant_average_sigma
3.1622776601683795e-05,10293.311161244266,0.6468956306907785,ordinary_least_squares,measured_graph,54,constant_average_sigma
4.216965034285822e-05,10293.545509251233,0.8812436376574624,ordinary_least_squares,measured_graph,54,constant_average_sigma
5.623413251903491e-05,10293.867215391836,1.2029497782605176,ordinary_least_squares,measured_graph,54,constant_average_sigma
7.498942093324559e-05,10294.312561840528,1.6482962269528798,ordinary_least_squares,measured_graph,54,constant_average_sigma
0.0001,10294.935476000388,2.271210386812527,ordinary_least_squares,measured_graph,54,constant_average_sigma
0.0001333521432163324,10295.817705316298,3.1534397027226078,ordinary_least_squares,measured_graph,54,constant_average_sigma
0.00017782794100389227,10297.085686490702,4.421420877126366,ordinary_least_squares,measured_graph,54,constant_average_sigma
0.00023713737056616554,10298.938853041167,6.274587427591541,ordinary_least_squares,measured_graph,54,constant_average_sigma
0.00031622776601683794,10301.697569261914,9.033303648338915,ordinary_least_squares,measured_graph,54,constant_average_sigma
0.00042169650342858224,10305.884766364072,13.220500750496285,ordinary_least_squares,measured_graph,54,constant_average_sigma
0.0005623413251903491,10312.365244536442,19.700978922866852,ordinary_least_squares,measured_graph,54,constant_average_sigma
0.0007498942093324559,10322.58267536981,29.918409756233814,ordinary_least_squares,measured_graph,54,constant_average_sigma
0.001,10338.958880172751,46.2946145591759,ordinary_least_squares,measured_graph,54,constant_average_sigma
0.001333521432163324,10365.552824623184,72.8885590096088,ordinary_least_squares,measured_graph,54,constant_average_sigma
0.0017782794100389228,10409.107380471163,116.44311485758772,ordinary_least_squares,measured_graph,54,constant_average_sigma
0.0023713737056616554,10480.6004022756,187.9361366620251,ordinary_least_squares,measured_graph,54,constant_average_sigma
0.0031622776601683794,10597.26873018789,304.604464574315,ordinary_least_squares,measured_graph,54,constant_average_sigma
0.004216965034285823,10784.681161127273,492.0168955136978,ordinary_least_squares,measured_graph,54,constant_average_sigma
0.005623413251903491,11078.025788573348,785.3615229597726,ordinary_least_squares,measured_graph,54,constant_average_sigma
0.007498942093324558,11522.599218411548,1229.934952797972,ordinary_least_squares,measured_graph,54,constant_average_sigma
0.01,12176.538929780518,1883.8746641669422,ordinary_least_squares,measured_graph,54,constant_average_sigma
0.01333521432163324,13118.433780362842,2825.769514749267,ordinary_least_squares,measured_graph,54,constant_average_sigma
0.01778279410038923,14449.405317125047,4156.741051511472,ordinary_least_squares,measured_graph,54,constant_average_sigma
0.023713737056616554,16268.566828470026,5975.9025628564505,ordinary_least_squares,measured_graph,54,constant_average_sigma
0.03162277660168379,18617.471658380226,8324.80739276665,ordinary_least_squares,measured_graph,54,constant_average_sigma
0.042169650342858224,21417.803114051232,11125.138848437657,ordinary_least_squares,measured_graph,54,constant_average_sigma
0.05623413251903491,24449.304128837583,14156.639863224007,ordinary_least_squares,measured_graph,54,constant_average_sigma
0.07498942093324558,27414.901241539566,17122.23697592599,ordinary_least_squares,measured_graph,54,constant_average_sigma
0.1,30073.70822293075,19781.043957317175,ordinary_least_squares,measured_graph,54,constant_average_sigma
1e-06,577814.6158604294,1.7462298274040222e-09,ordinary_least_squares,measured_graph,55,constant_average_sigma
1.333521432163324e-06,577814.6158604294,1.7462298274040222e-09,ordinary_least_squares,measured_graph,55,constant_average_sigma
1.778279410038923e-06,577814.6158604294,1.7462298274040222e-09,ordinary_least_squares,measured_graph,55,constant_average_sigma
2.3713737056616552e-06,577814.6158604294,1.7462298274040222e-09,ordinary_least_squares,measured_graph,55,constant_average_sigma
3.162277660168379e-06,577814.6158604294,1.7462298274040222e-09,ordinary_least_squares,measured_graph,55,constant_average_sigma
4.216965034285822e-06,577814.6158604294,1.7462298274040222e-09,ordinary_least_squares,measured_graph,55,constant_average_sigma
5.623413251903491e-06,577814.6158604294,1.7462298274040222e-09,ordinary_least_squares,measured_graph,55,constant_average_sigma
7.498942093324558e-06,577814.6158604294,1.7462298274040222e-09,ordinary_least_squares,measured_graph,55,constant_average_sigma
1e-05,577814.6158604294,1.7462298274040222e-09,ordinary_least_squares,measured_graph,55,constant_average_sigma
1.333521432163324e-05,577814.6158604294,1.7462298274040222e-09,ordinary_least_squares,measured_graph,55,constant_average_sigma
1.778279410038923e-05,577814.6158604294,1.7462298274040222e-09,ordinary_least_squares,measured_graph,55,constant_average_sigma
2.3713737056616554e-05,577814.6158604294,1.7462298274040222e-09,ordinary_least_squares,measured_graph,55,constant_average_sigma
3.1622776601683795e-05,577814.6158604294,1.7462298274040222e-09,ordinary_least_squares,measured_graph,55,constant_average_sigma
4.216965034285822e-05,577814.6158604294,1.7462298274040222e-09,ordinary_least_squares,measured_graph,55,constant_average_sigma
5.623413251903491e-05,577814.6158604292,1.6298145055770874e-09,ordinary_least_squares,measured_graph,55,constant_average_sigma
7.498942093324559e-05,577814.6158604292,1.6298145055770874e-09,ordinary_least_squares,measured_graph,55,constant_average_sigma
0.0001,577814.6158604292,1.6298145055770874e-09,ordinary_least_squares,measured_graph,55,constant_average_sigma
0.0001333521432163324,577814.6158604291,1.5133991837501526e-09,ordinary_least_squares,measured_graph,55,constant_average_sigma
0.00017782794100389227,577814.6158604291,1.5133991837501526e-09,ordinary_least_squares,measured_graph,55,constant_average_sigma
0.00023713737056616554,577814.615860429,1.3969838619232178e-09,ordinary_least_squares,measured_graph,55,constant_average_sigma
0.00031622776601683794,577814.6158604289,1.280568540096283e-09,ordinary_least_squares,measured_graph,55,constant_average_sigma
0.00042169650342858224,577814.6158604288,1.1641532182693481e-09,ordinary_least_squares,measured_graph,55,constant_average_sigma
0.0005623413251903491,577814.6158604285,9.313225746154785e-10,ordinary_least_squares,measured_graph,55,constant_average_sigma
0.0007498942093324559,577814.6158604283,6.984919309616089e-10,ordinary_least_squares,measured_graph,55,constant_average_sigma
0.001,577814.6158604281,4.656612873077393e-10,ordinary_least_squares,measured_graph,55,constant_average_sigma
0.001333521432163324,577814.6158604278,2.3283064365386963e-10,ordinary_least_squares,measured_graph,55,constant_average_sigma
0.0017782794100389228,577814.6158604276,0.0,ordinary_least_squares,measured_graph,55,constant_average_sigma
0.0023713737056616554,577814.6158604276,0.0,ordinary_least_squares,measured_graph,55,constant_average_sigma
0.0031622776601683794,577814.6158604282,5.820766091346741e-10,ordinary_least_squares,measured_graph,55,constant_average_sigma
0.004216965034285823,577814.6158604304,2.7939677238464355e-09,ordinary_least_squares,measured_graph,55,constant_average_sigma
0.005623413251903491,577814.6158604356,8.032657206058502e-09,ordinary_least_squares,measured_graph,55,constant_average_sigma
0.007498942093324558,577814.6158604465,1.885928213596344e-08,ordinary_least_squares,measured_graph,55,constant_average_sigma
0.01,577814.6158604653,3.771856427192688e-08,ordinary_least_squares,measured_graph,55,constant_average_sigma
0.01333521432163324,577814.6158604943,6.670597940683365e-08,ordinary_least_squares,measured_graph,55,constant_average_sigma
0.01778279410038923,577814.6158605331,1.0547228157520294e-07,ordinary_least_squares,measured_graph,55,constant_average_sigma
0.023713737056616554,577814.6158605777,1.5005934983491898e-07,ordinary_least_squares,measured_graph,55,constant_average_sigma
0.03162277660168379,577814.6158606213,1.9371509552001953e-07,ordinary_least_squares,measured_graph,55,constant_average_sigma
0.042169650342858224,577814.6158606572,2.2957101464271545e-07,ordinary_least_squares,measured_graph,55,constant_average_sigma
0.05623413251903491,577814.6158606807,2.530869096517563e-07,ordinary_least_squares,measured_graph,55,constant_average_sigma
0.07498942093324558,577814.6158606905,2.628657966852188e-07,ordinary_least_squares,measured_graph,55,constant_average_sigma
0.1,577814.6158606865,2.5890767574310303e-07,ordinary_least_squares,measured_graph,55,constant_average_sigma
1e-06,48708.2409152046,4.37823996473162,ordinary_least_squares,measured_graph,56,constant_average_sigma
1.333521432163324e-06,48708.238934307476,4.376259067605133,ordinary_least_squares,measured_graph,56,constant_average_sigma
1.778279410038923e-06,48708.236289469634,4.373614229763916,ordinary_least_squares,measured_graph,56,constant_average_sigma
2.3713737056616552e-06,48708.23276424782,4.370089007948991,ordinary_least_squares,measured_graph,56,constant_average_sigma
3.162277660168379e-06,48708.22806581093,4.365390571059834,ordinary_least_squares,measured_graph,56,constant_average_sigma
4.216965034285822e-06,48708.22180465722,4.3591294173529604,ordinary_least_squares,measured_graph,56,constant_average_sigma
5.623413251903491e-06,48708.21346225737,4.350787017501716,ordinary_least_squares,measured_graph,56,constant_average_sigma
7.498942093324558e-06,48708.20234959002,4.339674350150744,ordinary_least_squares,measured_graph,56,constant_average_sigma
1e-05,48708.187552164105,4.324876924234559,ordinary_least_squares,measured_graph,56,constant_average_sigma
1.333521432163324e-05,48708.167858838555,4.30518359868438,ordinary_least_squares,measured_graph,56,constant_average_sigma
1.778279410038923e-05,48708.141665419564,4.27899017969321,ordinary_least_squares,measured_graph,56,constant_average_sigma
2.3713737056616554e-05,48708.106859402185,4.244184162314923,ordinary_least_squares,measured_graph,56,constant_average_sigma
3.1622776601683795e-05,48708.06066291051,4.197987670639122,ordinary_least_squares,measured_graph,56,constant_average_sigma
4.216965034285822e-05,48707.999446974834,4.136771734963986,ordinary_least_squares,measured_graph,56,constant_average_sigma
5.623413251903491e-05,48707.91850449381,4.0558292539426475,ordinary_least_squares,measured_graph,56,constant_average_sigma
7.498942093324559e-05,48707.811793295026,3.94911805515585,ordinary_least_squares,measured_graph,56,constant_average_sigma
0.0001,48707.671674652134,3.808999412263802,ordinary_least_squares,measured_graph,56,constant_average_sigma
0.0001333521432163324,48707.48870600799,3.626030768122291,ordinary_least_squares,measured_graph,56,constant_average_sigma
0.00017782794100389227,48707.25161880372,3.388943563848443,ordinary_least_squares,measured_graph,56,constant_average_sigma
0.00023713737056616554,48706.947740544914,3.085065305043827,ordinary_least_squares,measured_graph,56,constant_average_sigma
0.00031622776601683794,48706.56436071791,2.701685478037689,ordinary_least_squares,measured_graph,56,constant_average_sigma
0.00042169650342858224,48706.09198250513,2.2293072652610135,ordinary_least_squares,measured_graph,56,constant_average_sigma
0.0005623413251903491,48705.531204467596,1.6685292277252302,ordinary_least_squares,measured_graph,56,constant_average_sigma
0.0007498942093324559,48704.90642840268,1.0437531628122088,ordinary_least_squares,measured_graph,56,constant_average_sigma
0.001,48704.29220139175,0.4295261518782354,ordinary_least_squares,measured_graph,56,constant_average_sigma
0.001333521432163324,48703.86267523987,0.0,ordinary_least_squares,measured_graph,56,constant_average_sigma
0.0017782794100389228,48703.98298169495,0.12030645507911686,ordinary_least_squares,measured_graph,56,constant_average_sigma
0.0023713737056616554,48705.3759621123,1.513286872432218,ordinary_least_squares,measured_graph,56,constant_average_sigma
0.0031622776601683794,48709.423012576866,5.560337336995872,ordinary_least_squares,measured_graph,56,constant_average_sigma
0.004216965034285823,48718.70015020115,14.837474961277621,ordinary_least_squares,measured_graph,56,constant_average_sigma
0.005623413251903491,48737.91651277017,34.05383753030037,ordinary_least_squares,measured_graph,56,constant_average_sigma
0.007498942093324558,48775.5103954901,71.6477202502283,ordinary_least_squares,measured_graph,56,constant_average_sigma
0.01,48846.2240123666,142.36133712672745,ordinary_least_squares,measured_graph,56,constant_average_sigma
0.01333521432163324,48974.84380881107,270.9811335712002,ordinary_least_squares,measured_graph,56,constant_average_sigma
0.01778279410038923,49200.452491914475,496.58981667460466,ordinary_least_squares,measured_graph,56,constant_average_sigma
0.023713737056616554,49578.046817027585,874.1841417877149,ordinary_least_squares,measured_graph,56,constant_average_sigma
0.03162277660168379,50169.99851518534,1466.1358399454693,ordinary_least_squares,measured_graph,56,constant_average_sigma
0.042169650342858224,51018.89066084102,2315.0279856011475,ordinary_least_squares,measured_graph,56,constant_average_sigma
0.05623413251903491,52109.98627581184,3406.1236005719693,ordinary_least_squares,measured_graph,56,constant_average_sigma
0.07498942093324558,53362.65573210144,4658.79305686157,ordinary_least_squares,measured_graph,56,constant_average_sigma
0.1,54675.776140842114,5971.913465602243,ordinary_least_squares,measured_graph,56,constant_average_sigma
1e-06,109531.89156759353,59.66051648113353,ordinary_least_squares,measured_graph,57,constant_average_sigma
1.333521432163324e-06,109531.8740930685,59.64304195610748,ordinary_least_squares,measured_graph,57,constant_average_sigma
1.778279410038923e-06,109531.8507924368,59.619741324408096,ordinary_least_squares,measured_graph,57,constant_average_sigma
2.3713737056616552e-06,109531.81972591419,59.588674801794696,ordinary_least_squares,measured_graph,57,constant_average_sigma
3.162277660168379e-06,109531.77831196383,59.547260851439205,ordinary_least_squares,measured_graph,57,constant_average_sigma
4.216965034285822e-06,109531.72310692373,59.492055811337195,ordinary_least_squares,measured_graph,57,constant_average_sigma
5.623413251903491e-06,109531.6495301064,59.418478994004545,ordinary_least_squares,measured_graph,57,constant_average_sigma
7.498942093324558e-06,109531.55148351021,59.32043239781342,ordinary_least_squares,measured_graph,57,constant_average_sigma
1e-05,109531.42086210323,59.18981099083612,ordinary_least_squares,measured_graph,57,constant_average_sigma
1.333521432163324e-05,109531.2468971088,59.01584599640046,ordinary_least_squares,measured_graph,57,constant_average_sigma
1.778279410038923e-05,109531.01530651929,58.78425540689204,ordinary_least_squares,measured_graph,57,constant_average_sigma
2.3713737056616554e-05,109530.70717817535,58.47612706295331,ordinary_least_squares,measured_graph,57,constant_average_sigma
3.1622776601683795e-05,109530.29753241525,58.06648130285612,ordinary_least_squares,measured_graph,57,constant_average_sigma
4.216965034285822e-05,109529.75348392419,57.52243281179108,ordinary_least_squares,measured_graph,57,constant_average_sigma
5.623413251903491e-05,109529.03193743103,56.80088631864055,ordinary_least_squares,measured_graph,57,constant_average_sigma
7.498942093324559e-05,109528.07677267297,55.84572156057402,ordinary_least_squares,measured_graph,57,constant_average_sigma
0.0001,109526.81555048893,54.58449937653495,ordinary_least_squares,measured_graph,57,constant_average_sigma
0.0001333521432163324,109525.15594081249,52.924889700094354,ordinary_least_squares,measured_graph,57,constant_average_sigma
0.00017782794100389227,109522.98241763971,50.75136652731453,ordinary_least_squares,measured_graph,57,constant_average_sigma
0.00023713737056616554,109520.15445204536,47.923400932966615,ordinary_least_squares,measured_graph,57,constant_average_sigma
0.00031622776601683794,109516.50873584065,44.27768472825119,ordinary_least_squares,measured_graph,57,constant_average_sigma
0.00042169650342858224,109511.87040336672,39.63935225432215,ordinary_least_squares,measured_graph,57,constant_average_sigma
0.0005623413251903491,109506.0827061271,33.85165501470328,ordinary_least_squares,measured_graph,57,constant_average_sigma
0.0007498942093324559,109499.07275711454,26.841706002145656,ordinary_least_squares,measured_graph,57,constant_average_sigma
0.001,109490.98562323132,18.754572118923534,ordinary_least_squares,measured_graph,57,constant_average_sigma
0.001333521432163324,109482.44491694684,10.21386583444837,ordinary_least_squares,measured_graph,57,constant_average_sigma
0.0017782794100389228,109475.04239003033,2.8113389179343358,ordinary_least_squares,measured_graph,57,constant_average_sigma
0.0023713737056616554,109472.2310511124,0.0,ordinary_least_squares,measured_graph,57,constant_average_sigma
0.0031622776601683794,109480.90063626312,8.669585150724743,ordinary_least_squares,measured_graph,57,constant_average_sigma
0.004216965034285823,109514.02514804003,41.79409692763875,ordinary_least_squares,measured_graph,57,constant_average_sigma
0.005623413251903491,109594.75749368608,122.52644257368229,ordinary_least_squares,measured_graph,57,constant_average_sigma
0.007498942093324558,109761.80235760749,289.5713064950978,ordinary_least_squares,measured_graph,57,constant_average_sigma
0.01,110073.99536843001,601.7643173176184,ordinary_least_squares,measured_graph,57,constant_average_sigma
0.01333521432163324,110608.14832831395,1135.917277201559,ordinary_least_squares,measured_graph,57,constant_average_sigma
0.01778279410038923,111441.41275395623,1969.1817028438381,ordinary_least_squares,measured_graph,57,constant_average_sigma
0.023713737056616554,112617.92181710582,3145.6907659934222,ordinary_least_squares,measured_graph,57,constant_average_sigma
0.03162277660168379,114119.36572627015,4647.134675157751,ordinary_least_squares,measured_graph,57,constant_average_sigma
0.042169650342858224,115856.53207665512,6384.301025542722,ordinary_least_squares,measured_graph,57,constant_average_sigma
0.05623413251903491,117680.98711744418,8208.756066331785,ordinary_least_squares,measured_graph,57,constant_average_sigma
0.07498942093324558,119428.35382901785,9956.12277790546,ordinary_least_squares,measured_graph,57,constant_average_sigma
0.1,120980.24749626155,11508.016445149158,ordinary_least_squares,measured_graph,57,constant_average_sigma
1e-06,169510.0163755488,33552.311659005994,ordinary_least_squares,measured_graph,58,constant_average_sigma
1.333521432163324e-06,169509.96627072507,33552.261554182274,ordinary_least_squares,measured_graph,58,constant_average_sigma
1.778279410038923e-06,169509.89949651982,33552.19477997703,ordinary_least_squares,measured_graph,58,constant_average_sigma
2.3713737056616552e-06,169509.8104636542,33552.1057471114,ordinary_least_squares,measured_graph,58,constant_average_sigma
3.162277660168379e-06,169509.69176645004,33551.98704990724,ordinary_least_squares,measured_graph,58,constant_average_sigma
4.216965034285822e-06,169509.53351700673,33551.82880046393,ordinary_least_squares,measured_graph,58,constant_average_sigma
5.623413251903491e-06,169509.32258191018,33551.617865367385,ordinary_least_squares,measured_graph,58,constant_average_sigma
7.498942093324558e-06,169509.04144667153,33551.336730128736,ordinary_least_squares,measured_graph,58,constant_average_sigma
1e-05,169508.66681173918,33550.96209519639,ordinary_least_squares,measured_graph,58,constant_average_sigma
1.333521432163324e-05,169508.16770647373,33550.46298993094,ordinary_least_squares,measured_graph,58,constant_average_sigma
1.778279410038923e-05,169507.5029850672,33549.798268524406,ordinary_least_squares,measured_graph,58,constant_average_sigma
2.3713737056616554e-05,169506.6180759636,33548.91335942081,ordinary_least_squares,measured_graph,58,constant_average_sigma
3.1622776601683795e-05,169505.4407151774,33547.7359986346,ordinary_least_squares,measured_graph,58,constant_average_sigma
4.216965034285822e-05,169503.8754556663,33546.17073912351,ordinary_least_squares,measured_graph,58,constant_average_sigma
5.623413251903491e-05,169501.79664652603,33544.09192998323,ordinary_least_squares,measured_graph,58,constant_average_sigma
7.498942093324559e-05,169499.03963111917,33541.33491457638,ordinary_least_squares,measured_graph,58,constant_average_sigma
0.0001,169495.38999862617,33537.685282083374,ordinary_least_squares,measured_graph,58,constant_average_sigma
0.0001333521432163324,169490.57101440083,33532.86629785804,ordinary_least_squares,measured_graph,58,constant_average_sigma
0.00017782794100389227,169484.22997154266,33526.52525499987,ordinary_least_squares,measured_graph,58,constant_average_sigma
0.00023713737056616554,169475.9254845855,33518.220768042695,ordinary_least_squares,measured_graph,58,constant_average_sigma
0.00031622776601683794,169465.1200945253,33507.415377982514,ordinary_least_squares,measured_graph,58,constant_average_sigma
0.00042169650342858224,169451.18664000288,33493.48192346009,ordinary_least_squares,measured_graph,58,constant_average_sigma
0.0005623413251903491,169433.44304170803,33475.738325165235,ordinary_least_squares,measured_graph,58,constant_average_sigma
0.0007498942093324559,169411.2369889684,33453.5322724256,ordinary_least_squares,measured_graph,58,constant_average_sigma
0.001,169384.100129587,33426.3954130442,ordinary_least_squares,measured_graph,58,constant_average_sigma
0.001333521432163324,169351.9455077767,33394.2407912339,ordinary_least_squares,measured_graph,58,constant_average_sigma
0.0017782794100389228,169315.08481406135,33357.38009751856,ordinary_least_squares,measured_graph,58,constant_average_sigma
0.0023713737056616554,169273.23147844046,33315.526761897665,ordinary_least_squares,measured_graph,58,constant_average_sigma
0.0031622776601683794,169221.2173955265,33263.51267898371,ordinary_least_squares,measured_graph,58,constant_average_sigma
0.004216965034285823,169137.04616749103,33179.34145094824,ordinary_least_squares,measured_graph,58,constant_average_sigma
0.005623413251903491,168958.44138139245,33000.73666484965,ordinary_least_squares,measured_graph,58,constant_average_sigma
0.007498942093324558,168555.06126566062,32597.35654911783,ordinary_least_squares,measured_graph,58,constant_average_sigma
0.01,167723.99637625855,31766.29165971576,ordinary_least_squares,measured_graph,58,constant_average_sigma
0.01333521432163324,166237.84014990463,30280.135433361836,ordinary_least_squares,measured_graph,58,constant_average_sigma
0.01778279410038923,163939.78937279782,27982.08465625503,ordinary_least_squares,measured_graph,58,constant_average_sigma
0.023713737056616554,160833.1085793884,24875.40386284562,ordinary_least_squares,measured_graph,58,constant_average_sigma
0.03162277660168379,157073.91199044517,21116.20727390237,ordinary_least_squares,measured_graph,58,constant_average_sigma
0.042169650342858224,152820.39402586763,16862.689309324836,ordinary_least_squares,measured_graph,58,constant_average_sigma
0.05623413251903491,148048.62298776628,12090.91827122349,ordinary_least_squares,measured_graph,58,constant_average_sigma
0.07498942093324558,142517.40484547993,6559.70012893714,ordinary_least_squares,measured_graph,58,constant_average_sigma
0.1,135957.7047165428,0.0,ordinary_least_squares,measured_graph,58,constant_average_sigma
1e-06,35844.60073981066,8832.24277880161,ordinary_least_squares,measured_graph,59,constant_average_sigma
1.333521432163324e-06,35844.581693283704,8832.223732274655,ordinary_least_squares,measured_graph,59,constant_average_sigma
1.778279410038923e-06,35844.55610097816,8832.19813996911,ordinary_least_squares,measured_graph,59,constant_average_sigma
2.3713737056616552e-06,35844.52162512138,8832.16366411233,ordinary_least_squares,measured_graph,59,constant_average_sigma
3.162277660168379e-06,35844.47503343888,8832.117072429832,ordinary_least_squares,measured_graph,59,constant_average_sigma
4.216965034285822e-06,35844.41180524726,8832.053844238213,ordinary_least_squares,measured_graph,59,constant_average_sigma
5.623413251903491e-06,35844.32553929197,8831.967578282918,ordinary_least_squares,measured_graph,59,constant_average_sigma
7.498942093324558e-06,35844.207038939356,8831.849077930307,ordinary_least_squares,measured_graph,59,constant_average_sigma
1e-05,35844.04286904949,8831.684908040439,ordinary_least_squares,measured_graph,59,constant_average_sigma
1.333521432163324e-05,35843.81303727217,8831.455076263122,ordinary_least_squares,measured_graph,59,constant_average_sigma
1.778279410038923e-05,35843.48721454429,8831.129253535244,ordinary_least_squares,measured_graph,59,constant_average_sigma
2.3713737056616554e-05,35843.018482703876,8830.660521694826,ordinary_least_squares,measured_graph,59,constant_average_sigma
3.1622776601683795e-05,35842.33289434689,8829.974933337839,ordinary_least_squares,measured_graph,59,constant_average_sigma
4.216965034285822e-05,35841.31193383334,8828.953972824293,ordinary_least_squares,measured_graph,59,constant_average_sigma
5.623413251903491e-05,35839.763025984066,8827.405064975017,ordinary_least_squares,measured_graph,59,constant_average_sigma
7.498942093324559e-05,35837.37023471239,8825.012273703342,ordinary_least_squares,measured_graph,59,constant_average_sigma
0.0001,35833.61315816724,8821.255197158189,ordinary_least_squares,measured_graph,59,constant_average_sigma
0.0001333521432163324,35827.63788734398,8815.279926334933,ordinary_least_squares,measured_graph,59,constant_average_sigma
0.00017782794100389227,35818.06495218238,8805.70699117333,ordinary_least_squares,measured_graph,59,constant_average_sigma
0.00023713737056616554,35802.74169854889,8790.38373753984,ordinary_least_squares,measured_graph,59,constant_average_sigma
0.00031622776601683794,35778.52997938193,8766.17201837288,ordinary_least_squares,measured_graph,59,constant_average_sigma
0.00042169650342858224,35741.42696738426,8729.069006375208,ordinary_least_squares,measured_graph,59,constant_average_sigma
0.0005623413251903491,35687.63070176721,8675.272740758159,ordinary_least_squares,measured_graph,59,constant_average_sigma
0.0007498942093324559,35616.10842766968,8603.75046666063,ordinary_least_squares,measured_graph,59,constant_average_sigma
0.001,35531.598843652915,8519.240882643866,ordinary_least_squares,measured_graph,59,constant_average_sigma
0.001333521432163324,35443.97069981085,8431.612738801803,ordinary_least_squares,measured_graph,59,constant_average_sigma
0.0017782794100389228,35360.97594475892,8348.617983749868,ordinary_least_squares,measured_graph,59,constant_average_sigma
0.0023713737056616554,35279.71224218562,8267.35428117657,ordinary_least_squares,measured_graph,59,constant_average_sigma
0.0031622776601683794,35185.17679659083,8172.81883558178,ordinary_least_squares,measured_graph,59,constant_average_sigma
0.004216965034285823,35055.0950917974,8042.737130788348,ordinary_least_squares,measured_graph,59,constant_average_sigma
0.005623413251903491,34861.69146878508,7849.333507776031,ordinary_least_squares,measured_graph,59,constant_average_sigma
0.007498942093324558,34562.64261265318,7550.284651644131,ordinary_least_squares,measured_graph,59,constant_average_sigma
0.01,34089.77378837795,7077.415827368899,ordinary_least_squares,measured_graph,59,constant_average_sigma
0.01333521432163324,33365.92444055037,6353.566479541321,ordinary_least_squares,measured_graph,59,constant_average_sigma
0.01778279410038923,32367.2027084932,5354.844747484152,ordinary_least_squares,measured_graph,59,constant_average_sigma
0.023713737056616554,31182.52038827319,4170.162427264142,ordinary_least_squares,measured_graph,59,constant_average_sigma
0.03162277660168379,29986.136980437896,2973.7790194288464,ordinary_least_squares,measured_graph,59,constant_average_sigma
0.042169650342858224,28933.325959798767,1920.967998789718,ordinary_least_squares,measured_graph,59,constant_average_sigma
0.05623413251903491,28092.639650886984,1080.2816898779347,ordinary_least_squares,measured_graph,59,constant_average_sigma
0.07498942093324558,27461.85288713155,449.49492612250106,ordinary_least_squares,measured_graph,59,constant_average_sigma
0.1,27012.35796100905,0.0,ordinary_least_squares,measured_graph,59,constant_average_sigma
1e-06,12942.732721470207,0.0,ordinary_least_squares,measured_graph,60,constant_average_sigma
1.333521432163324e-06,12942.735267296943,0.0025458267355134012,ordinary_least_squares,measured_graph,60,constant_average_sigma
1.778279410038923e-06,12942.738663053244,0.005941583036474185,ordinary_least_squares,measured_graph,60,constant_average_sigma
2.3713737056616552e-06,12942.74319292639,0.010471456182131078,ordinary_least_squares,measured_graph,60,constant_average_sigma
3.162277660168379e-06,12942.74923629831,0.016514828103026957,ordinary_least_squares,measured_graph,60,constant_average_sigma
4.216965034285822e-06,12942.757300097059,0.02457862685150758,ordinary_least_squares,measured_graph,60,constant_average_sigma
5.623413251903491e-06,12942.76806194629,0.035340476082637906,ordinary_least_squares,measured_graph,60,constant_average_sigma
7.498942093324558e-06,12942.782428351411,0.04970688120374689,ordinary_least_squares,measured_graph,60,constant_average_sigma
1e-05,12942.801613341144,0.06889187093656801,ordinary_least_squares,measured_graph,60,constant_average_sigma
1.333521432163324e-05,12942.827244980675,0.09452351046820695,ordinary_least_squares,measured_graph,60,constant_average_sigma
1.778279410038923e-05,12942.861510495819,0.12878902561169525,ordinary_least_squares,measured_graph,60,constant_average_sigma
2.3713737056616554e-05,12942.907355128045,0.17463365783805784,ordinary_least_squares,measured_graph,60,constant_average_sigma
3.1622776601683795e-05,12942.968756666292,0.23603519608514034,ordinary_least_squares,measured_graph,60,constant_average_sigma
4.216965034285822e-05,12943.051107708467,0.3183862382593361,ordinary_least_squares,measured_graph,60,constant_average_sigma
5.623413251903491e-05,12943.161753259099,0.4290317888917343,ordinary_least_squares,measured_graph,60,constant_average_sigma
7.498942093324559e-05,12943.310754714435,0.5780332442282088,ordinary_least_squares,measured_graph,60,constant_average_sigma
0.0001,12943.511986701269,0.7792652310617996,ordinary_least_squares,measured_graph,60,constant_average_sigma
0.0001333521432163324,12943.784724518187,1.052003047980179,ordinary_least_squares,measured_graph,60,constant_average_sigma
0.00017782794100389227,12944.155948697162,1.423227226954623,ordinary_least_squares,measured_graph,60,constant_average_sigma
0.00023713737056616554,12944.6636678066,1.93094633639339,ordinary_least_squares,measured_graph,60,constant_average_sigma
0.00031622776601683794,12945.361586721712,2.628865251504976,ordinary_least_squares,measured_graph,60,constant_average_sigma
0.00042169650342858224,12946.325250671634,3.592529201427169,ordinary_least_squares,measured_graph,60,constant_average_sigma
0.0005623413251903491,12947.658899983193,4.9261785129856435,ordinary_least_squares,measured_graph,60,constant_average_sigma
0.0007498942093324559,12949.499561233562,6.766839763355165,ordinary_least_squares,measured_graph,60,constant_average_sigma
0.001,12952.008324987748,9.27560351754073,ordinary_least_squares,measured_graph,60,constant_average_sigma
0.001333521432163324,12955.326656439449,12.593934969241673,ordinary_least_squares,measured_graph,60,constant_average_sigma
0.0017782794100389228,12959.46517834049,16.732456870282476,ordinary_least_squares,measured_graph,60,constant_average_sigma
0.0023713737056616554,12964.121939498455,21.389218028247342,ordinary_least_squares,measured_graph,60,constant_average_sigma
0.0031622776601683794,12968.56576351662,25.83304204641354,ordinary_least_squares,measured_graph,60,constant_average_sigma
0.004216965034285823,12971.89932876067,29.166607290462707,ordinary_least_squares,measured_graph,60,constant_average_sigma
0.005623413251903491,12973.799600418799,31.066878948591693,ordinary_least_squares,measured_graph,60,constant_average_sigma
0.007498942093324558,12975.09877026196,32.3660487917532,ordinary_least_squares,measured_graph,60,constant_average_sigma
0.01,12977.465730562708,34.73300909250065,ordinary_least_squares,measured_graph,60,constant_average_sigma
0.01333521432163324,12982.483206438324,39.750484968117235,ordinary_least_squares,measured_graph,60,constant_average_sigma
0.01778279410038923,12991.064959945088,48.332238474880796,ordinary_least_squares,measured_graph,60,constant_average_sigma
0.023713737056616554,13003.515998994299,60.78327752409132,ordinary_least_squares,measured_graph,60,constant_average_sigma
0.03162277660168379,13019.6065003068,76.87377883659246,ordinary_least_squares,measured_graph,60,constant_average_sigma
0.042169650342858224,13038.210418448725,95.477696978518,ordinary_least_squares,measured_graph,60,constant_average_sigma
0.05623413251903491,13057.129946331675,114.3972248614682,ordinary_least_squares,measured_graph,60,constant_average_sigma
0.07498942093324558,13073.927568852861,131.1948473826542,ordinary_least_squares,measured_graph,60,constant_average_sigma
0.1,13087.222238058595,144.48951658838814,ordinary_least_squares,measured_graph,60,constant_average_sigma
1e-06,2514.6075785423122,0.38585272535192416,ordinary_least_squares,measured_graph,61,constant_average_sigma
1.333521432163324e-06,2514.6069501927363,0.3852243757760334,ordinary_least_squares,measured_graph,61,constant_average_sigma
1.778279410038923e-06,2514.6061130637086,0.384387246748247,ordinary_least_squares,measured_graph,61,constant_average_sigma
2.3713737056616552e-06,2514.6049981545943,0.38327233763402546,ordinary_least_squares,measured_graph,61,constant_average_sigma
3.162277660168379e-06,2514.6035139170463,0.38178810008594155,ordinary_least_squares,measured_graph,61,constant_average_sigma
4.216965034285822e-06,2514.6015391280307,0.37981331107039296,ordinary_least_squares,measured_graph,61,constant_average_sigma
5.623413251903491e-06,2514.5989136660437,0.3771878490833842,ordinary_least_squares,measured_graph,61,constant_average_sigma
7.498942093324558e-06,2514.5954267137167,0.37370089675641793,ordinary_least_squares,measured_graph,61,constant_average_sigma
1e-05,2514.590801966934,0.36907614997380733,ordinary_least_squares,measured_graph,61,constant_average_sigma
1.333521432163324e-05,2514.5846795471316,0.3629537301712844,ordinary_least_squares,measured_graph,61,constant_average_sigma
1.778279410038923e-05,2514.5765948168378,0.35486899987745346,ordinary_least_squares,measured_graph,61,constant_average_sigma
2.3713737056616554e-05,2514.5659553227106,0.34422950575026334,ordinary_least_squares,measured_graph,61,constant_average_sigma
3.1622776601683795e-05,2514.5520193290363,0.33029351207596847,ordinary_least_squares,measured_graph,61,constant_average_sigma
4.216965034285822e-05,2514.5338836701912,0.3121578532309286,ordinary_least_squares,measured_graph,61,constant_average_sigma
5.623413251903491e-05,2514.5104969005397,0.28877108357937686,ordinary_least_squares,measured_graph,61,constant_average_sigma
7.498942093324559e-05,2514.480729014531,0.2590031975705642,ordinary_least_squares,measured_graph,61,constant_average_sigma
0.0001,2514.4435571544245,0.22183133746420935,ordinary_least_squares,measured_graph,61,constant_average_sigma
0.0001333521432163324,2514.398477671918,0.17675185495772894,ordinary_least_squares,measured_graph,61,constant_average_sigma
0.00017782794100389227,2514.346345839419,0.12462002245865733,ordinary_least_squares,measured_graph,61,constant_average_sigma
0.00023713737056616554,2514.291003490911,0.06927767395063711,ordinary_least_squares,measured_graph,61,constant_average_sigma
0.00031622776601683794,2514.2423235220263,0.0205977050659385,ordinary_least_squares,measured_graph,61,constant_average_sigma
0.00042169650342858224,2514.2217258169603,0.0,ordinary_least_squares,measured_graph,61,constant_average_sigma
0.0005623413251903491,2514.271804092268,0.05007827530789655,ordinary_least_squares,measured_graph,61,constant_average_sigma
0.0007498942093324559,2514.4722177758217,0.25049195886140296,ordinary_least_squares,measured_graph,61,constant_average_sigma
0.001,2514.963450180299,0.7417243633385624,ordinary_least_squares,measured_graph,61,constant_average_sigma
0.001333521432163324,2515.9755234089853,1.7537975920249664,ordinary_least_squares,measured_graph,61,constant_average_sigma
0.0017782794100389228,2517.8446520068314,3.622926189871123,ordinary_least_squares,measured_graph,61,constant_average_sigma
0.0023713737056616554,2520.9741501295703,6.752424312609946,ordinary_least_squares,measured_graph,61,constant_average_sigma
0.0031622776601683794,2525.680671979002,11.458946162041684,ordinary_least_squares,measured_graph,61,constant_average_sigma
0.004216965034285823,2531.935040350334,17.713314533373705,ordinary_least_squares,measured_graph,61,constant_average_sigma
0.005623413251903491,2539.1725422168447,24.95081639988439,ordinary_least_squares,measured_graph,61,constant_average_sigma
0.007498942093324558,2546.406010127238,32.18428431027769,ordinary_least_squares,measured_graph,61,constant_average_sigma
0.01,2552.6914629767516,38.46973715979129,ordinary_least_squares,measured_graph,61,constant_average_sigma
0.01333521432163324,2557.69448782844,43.47276201147952,ordinary_least_squares,measured_graph,61,constant_average_sigma
0.01778279410038923,2561.8226268922554,47.60090107529504,ordinary_least_squares,measured_graph,61,constant_average_sigma
0.023713737056616554,2565.7067729452738,51.485047128313454,ordinary_least_squares,measured_graph,61,constant_average_sigma
0.03162277660168379,2569.619023636211,55.397297819250525,ordinary_least_squares,measured_graph,61,constant_average_sigma
0.042169650342858224,2573.424205833257,59.202480016296704,ordinary_least_squares,measured_graph,61,constant_average_sigma
0.05623413251903491,2576.915578870885,62.69385305392461,ordinary_least_squares,measured_graph,61,constant_average_sigma
0.07498942093324558,2580.0414667847235,65.81974096776321,ordinary_least_squares,measured_graph,61,constant_average_sigma
0.1,2582.8727681450523,68.65104232809199,ordinary_least_squares,measured_graph,61,constant_average_sigma
1e-06,49870.971404953365,37.129235145039274,ordinary_least_squares,measured_graph,62,constant_average_sigma
1.333521432163324e-06,49870.975091351786,37.132921543459815,ordinary_least_squares,measured_graph,62,constant_average_sigma
1.778279410038923e-06,49870.98000064307,37.13783083474118,ordinary_least_squares,measured_graph,62,constant_average_sigma
2.3713737056616552e-06,49870.986535347605,37.14436553927953,ordinary_least_squares,measured_graph,62,constant_average_sigma
3.162277660168379e-06,49870.99522912247,37.15305931414332,ordinary_least_squares,measured_graph,62,constant_average_sigma
4.216965034285822e-06,49871.0067853054,37.1646154970731,ordinary_least_squares,measured_graph,62,constant_average_sigma
5.623413251903491e-06,49871.022130255355,37.17996044702886,ordinary_least_squares,measured_graph,62,constant_average_sigma
7.498942093324558e-06,49871.04247591048,37.20030610215326,ordinary_least_squares,measured_graph,62,constant_average_sigma
1e-05,49871.0694004154,37.22723060707358,ordinary_least_squares,measured_graph,62,constant_average_sigma
1.333521432163324e-05,49871.104936107484,37.2627662991581,ordinary_least_squares,measured_graph,62,constant_average_sigma
1.778279410038923e-05,49871.15166954331,37.30949973498355,ordinary_least_squares,measured_graph,62,constant_average_sigma
2.3713737056616554e-05,49871.212828052536,37.37065824421006,ordinary_least_squares,measured_graph,62,constant_average_sigma
3.1622776601683795e-05,49871.29232325617,37.4501534478477,ordinary_least_squares,measured_graph,62,constant_average_sigma
4.216965034285822e-05,49871.39467809659,37.552508288266836,ordinary_least_squares,measured_graph,62,constant_average_sigma
5.623413251903491e-05,49871.52469992358,37.68253011525667,ordinary_least_squares,measured_graph,62,constant_average_sigma
7.498942093324559e-05,49871.686645250425,37.84447544209979,ordinary_least_squares,measured_graph,62,constant_average_sigma
0.0001,49871.882414204425,38.0402443960993,ordinary_least_squares,measured_graph,62,constant_average_sigma
0.0001333521432163324,49872.107961087466,38.2657912791401,ordinary_least_squares,measured_graph,62,constant_average_sigma
0.00017782794100389227,49872.34652860473,38.50435879640281,ordinary_least_squares,measured_graph,62,constant_average_sigma
0.00023713737056616554,49872.556418350316,38.714248541989946,ordinary_least_squares,measured_graph,62,constant_average_sigma
0.00031622776601683794,49872.649790182695,38.807620374369435,ordinary_least_squares,measured_graph,62,constant_average_sigma
0.00042169650342858224,49872.45780947507,38.615639666742936,ordinary_least_squares,measured_graph,62,constant_average_sigma
0.0005623413251903491,49871.678015837846,37.835846029520326,ordinary_least_squares,measured_graph,62,constant_average_sigma
0.0007498942093324559,49869.80756530142,35.96539549309091,ordinary_least_squares,measured_graph,62,constant_average_sigma
0.001,49866.09629832793,32.25412851960573,ordinary_least_squares,measured_graph,62,constant_average_sigma
0.001333521432163324,49859.642492733896,25.80032292557007,ordinary_least_squares,measured_graph,62,constant_average_sigma
0.0017782794100389228,49849.96547816722,16.123308358895883,ordinary_least_squares,measured_graph,62,constant_average_sigma
0.0023713737056616554,49838.76127133564,4.9191015273172525,ordinary_least_squares,measured_graph,62,constant_average_sigma
0.0031622776601683794,49833.842169808326,0.0,ordinary_least_squares,measured_graph,62,constant_average_sigma
0.004216965034285823,49855.59648216242,21.754312354096328,ordinary_least_squares,measured_graph,62,constant_average_sigma
0.005623413251903491,49943.86584146746,110.02367165913165,ordinary_least_squares,measured_graph,62,constant_average_sigma
0.007498942093324558,50160.29764950278,326.4554796944576,ordinary_least_squares,measured_graph,62,constant_average_sigma
0.01,50579.34408592697,745.5019161186428,ordinary_least_squares,measured_graph,62,constant_average_sigma
0.01333521432163324,51261.358264581635,1427.5160947733093,ordinary_least_squares,measured_graph,62,constant_average_sigma
0.01778279410038923,52214.48790162617,2380.6457318178436,ordinary_least_squares,measured_graph,62,constant_average_sigma
0.023713737056616554,53370.99348323095,3537.151313422626,ordinary_least_squares,measured_graph,62,constant_average_sigma
0.03162277660168379,54600.5661359597,4766.723966151374,ordinary_least_squares,measured_graph,62,constant_average_sigma
0.042169650342858224,55758.537830120214,5924.695660311889,ordinary_least_squares,measured_graph,62,constant_average_sigma
0.05623413251903491,56736.73702219403,6902.894852385703,ordinary_least_squares,measured_graph,62,constant_average_sigma
0.07498942093324558,57486.869747504534,7653.027577696208,ordinary_least_squares,measured_graph,62,constant_average_sigma
0.1,58019.03535902342,8185.193189215097,ordinary_least_squares,measured_graph,62,constant_average_sigma
1e-06,144774.39359295368,0.0,ordinary_least_squares,measured_graph,63,constant_average_sigma
1.333521432163324e-06,144774.4703847538,0.07679180012200959,ordinary_least_squares,measured_graph,63,constant_average_sigma
1.778279410038923e-06,144774.57281126466,0.17921831097919494,ordinary_least_squares,measured_graph,63,constant_average_sigma
2.3713737056616552e-06,144774.70942899157,0.31583603788749315,ordinary_least_squares,measured_graph,63,constant_average_sigma
3.162277660168379e-06,144774.89166333372,0.4980703800392803,ordinary_least_squares,measured_graph,63,constant_average_sigma
4.216965034285822e-06,144775.1347723846,0.7411794309155084,ordinary_least_squares,measured_graph,63,constant_average_sigma
5.623413251903491e-06,144775.45913180933,1.065538855647901,ordinary_least_squares,measured_graph,63,constant_average_sigma
7.498942093324558e-06,144775.89197427887,1.498381325189257,ordinary_least_squares,measured_graph,63,constant_average_sigma
1e-05,144776.46971367128,2.0761207175964955,ordinary_least_squares,measured_graph,63,constant_average_sigma
1.333521432163324e-05,144777.24109237076,2.8474994170828722,ordinary_least_squares,measured_graph,63,constant_average_sigma
1.778279410038923e-05,144778.27143303235,3.877840078668669,ordinary_least_squares,measured_graph,63,constant_average_sigma
2.3713737056616554e-05,144779.64842019844,5.254827244760236,ordinary_least_squares,measured_graph,63,constant_average_sigma
3.1622776601683795e-05,144781.49000191485,7.096408961166162,ordinary_least_squares,measured_graph,63,constant_average_sigma
4.216965034285822e-05,144783.95527831808,9.561685364402365,ordinary_least_squares,measured_graph,63,constant_average_sigma
5.623413251903491e-05,144787.2596275525,12.86603459881735,ordinary_least_squares,measured_graph,63,constant_average_sigma
7.498942093324559e-05,144791.69596152534,17.302368571661646,ordinary_least_squares,measured_graph,63,constant_average_sigma
0.0001,144797.66497746782,23.271384514140664,ordinary_least_squares,measured_graph,63,constant_average_sigma
0.0001333521432163324,144805.71885554722,31.325262593541993,ordinary_least_squares,measured_graph,63,constant_average_sigma
0.00017782794100389227,144816.62539981332,42.23180685963598,ordinary_least_squares,measured_graph,63,constant_average_sigma
0.00023713737056616554,144831.4637604537,57.07016750003095,ordinary_least_squares,measured_graph,63,constant_average_sigma
0.00031622776601683794,144851.7695463663,77.37595341261476,ordinary_least_squares,measured_graph,63,constant_average_sigma
0.00042169650342858224,144879.75765115026,105.36405819657375,ordinary_least_squares,measured_graph,63,constant_average_sigma
0.0005623413251903491,144918.66681125315,144.27321829946595,ordinary_least_squares,measured_graph,63,constant_average_sigma
0.0007498942093324559,144973.29048724443,198.89689429075224,ordinary_least_squares,measured_graph,63,constant_average_sigma
0.001,145050.77625470358,276.38266174989985,ordinary_least_squares,measured_graph,63,constant_average_sigma
0.001333521432163324,145161.75743365823,387.36384070455097,ordinary_least_squares,measured_graph,63,constant_average_sigma
0.0017782794100389228,145321.72197704812,547.328384094435,ordinary_least_squares,measured_graph,63,constant_average_sigma
0.0023713737056616554,145551.95665518023,777.5630622265453,ordinary_least_squares,measured_graph,63,constant_average_sigma
0.0031622776601683794,145877.92514277442,1103.5315498207347,ordinary_least_squares,measured_graph,63,constant_average_sigma
0.004216965034285823,146320.29783946645,1545.9042465127714,ordinary_least_squares,measured_graph,63,constant_average_sigma
0.005623413251903491,146872.80327087408,2098.4096779203974,ordinary_least_squares,measured_graph,63,constant_average_sigma
0.007498942093324558,147472.4896738839,2698.096080930205,ordinary_least_squares,measured_graph,63,constant_average_sigma
0.01,148001.02305388064,3226.6294609269535,ordinary_least_squares,measured_graph,63,constant_average_sigma
0.01333521432163324,148365.45182342795,3591.058230474271,ordinary_least_squares,measured_graph,63,constant_average_sigma
0.01778279410038923,148609.1421990086,3834.748606054927,ordinary_least_squares,measured_graph,63,constant_average_sigma
0.023713737056616554,148905.5058188092,4131.112225855526,ordinary_least_squares,measured_graph,63,constant_average_sigma
0.03162277660168379,149414.82684118164,4640.433248227957,ordinary_least_squares,measured_graph,63,constant_average_sigma
0.042169650342858224,150169.44529100123,5395.051698047551,ordinary_least_squares,measured_graph,63,constant_average_sigma
0.05623413251903491,151102.6068045006,6328.213211546914,ordinary_least_squares,measured_graph,63,constant_average_sigma
0.07498942093324558,152158.46559776523,7384.072004811547,ordinary_least_squares,measured_graph,63,constant_average_sigma
0.1,153349.67067690007,8575.277083946392,ordinary_least_squares,measured_graph,63,constant_average_sigma
1e-06,193487.20687551913,993.5384501445806,ordinary_least_squares,measured_graph,64,constant_average_sigma
1.333521432163324e-06,193487.29840019532,993.6299748207675,ordinary_least_squares,measured_graph,64,constant_average_sigma
1.778279410038923e-06,193487.42043021193,993.7520048373844,ordinary_least_squares,measured_graph,64,constant_average_sigma
2.3713737056616552e-06,193487.58313302463,993.9147076500813,ordinary_least_squares,measured_graph,64,constant_average_sigma
3.162277660168379e-06,193487.80005449965,994.1316291250987,ordinary_least_squares,measured_graph,64,constant_average_sigma
4.216965034285822e-06,193488.0892371614,994.4208117868402,ordinary_least_squares,measured_graph,64,constant_average_sigma
5.623413251903491e-06,193488.47471966402,994.8062942894758,ordinary_least_squares,measured_graph,64,constant_average_sigma
7.498942093324558e-06,193488.9885010782,995.3200757036393,ordinary_least_squares,measured_graph,64,constant_average_sigma
1e-05,193489.67316658297,996.0047412084241,ordinary_least_squares,measured_graph,64,constant_average_sigma
1.333521432163324e-05,193490.58533914393,996.9169137693825,ordinary_least_squares,measured_graph,64,constant_average_sigma
1.778279410038923e-05,193491.80023877724,998.1318134026951,ordinary_least_squares,measured_graph,64,constant_average_sigma
2.3713737056616554e-05,193493.41765904333,999.7492336687865,ordinary_least_squares,measured_graph,64,constant_average_sigma
3.1622776601683795e-05,193495.5697580373,1001.901332662761,ordinary_least_squares,measured_graph,64,constant_average_sigma
4.216965034285822e-05,193498.43113279616,1004.7627074216143,ordinary_least_squares,measured_graph,64,constant_average_sigma
5.623413251903491e-05,193502.23167820164,1008.5632528270944,ordinary_least_squares,measured_graph,64,constant_average_sigma
7.498942093324559e-05,193507.27270989298,1013.6042845184274,ordinary_least_squares,measured_graph,64,constant_average_sigma
0.0001,193513.9465994406,1020.278174066043,ordinary_least_squares,measured_graph,64,constant_average_sigma
0.0001333521432163324,193522.75958410004,1029.091158725496,ordinary_least_squares,measured_graph,64,constant_average_sigma
0.00017782794100389227,193534.3560161282,1040.6875907536596,ordinary_least_squares,measured_graph,64,constant_average_sigma
0.00023713737056616554,193549.53938620264,1055.8709608280915,ordinary_least_squares,measured_graph,64,constant_average_sigma
0.00031622776601683794,193569.27948158956,1075.6110562150134,ordinary_least_squares,measured_graph,64,constant_average_sigma
0.00042169650342858224,193594.68325625447,1101.0148308799253,ordinary_least_squares,measured_graph,64,constant_average_sigma
0.0005623413251903491,193626.8843384703,1133.2159130957443,ordinary_least_squares,measured_graph,64,constant_average_sigma
0.0007498942093324559,193666.7640818893,1173.0956565147499,ordinary_least_squares,measured_graph,64,constant_average_sigma
0.001,193714.34404380806,1220.67561843351,ordinary_least_squares,measured_graph,64,constant_average_sigma
0.001333521432163324,193767.57997889776,1273.9115535232122,ordinary_least_squares,measured_graph,64,constant_average_sigma
0.0017782794100389228,193820.18277316977,1326.5143477952224,ordinary_least_squares,measured_graph,64,constant_average_sigma
0.0023713737056616554,193858.21605227172,1364.5476268971688,ordinary_least_squares,measured_graph,64,constant_average_sigma
0.0031622776601683794,193856.26736348096,1362.5989381064137,ordinary_least_squares,measured_graph,64,constant_average_sigma
0.004216965034285823,193777.22103236668,1283.5526069921325,ordinary_least_squares,measured_graph,64,constant_average_sigma
0.005623413251903491,193584.76966585446,1091.1012404799112,ordinary_least_squares,measured_graph,64,constant_average_sigma
0.007498942093324558,193275.8307686231,782.1623432485503,ordinary_least_squares,measured_graph,64,constant_average_sigma
0.01,192914.5145185878,420.8460932132439,ordinary_least_squares,measured_graph,64,constant_average_sigma
0.01333521432163324,192619.46113964356,125.79271426901687,ordinary_least_squares,measured_graph,64,constant_average_sigma
0.01778279410038923,192493.66842537455,0.0,ordinary_least_squares,measured_graph,64,constant_average_sigma
0.023713737056616554,192567.7966174155,74.12819204095285,ordinary_least_squares,measured_graph,64,constant_average_sigma
0.03162277660168379,192815.1416397743,321.47321439973894,ordinary_least_squares,measured_graph,64,constant_average_sigma
0.042169650342858224,193203.83179979466,710.1633744201099,ordinary_least_squares,measured_graph,64,constant_average_sigma
0.05623413251903491,193728.69709077667,1235.0286654021183,ordinary_least_squares,measured_graph,64,constant_average_sigma
0.07498942093324558,194416.77069811174,1923.1022727371892,ordinary_least_squares,measured_graph,64,constant_average_sigma
0.1,195329.044257704,2835.375832329446,ordinary_least_squares,measured_graph,64,constant_average_sigma
1e-06,546567.9386698545,25203.546373299207,ordinary_least_squares,measured_graph,65,constant_average_sigma
1.333521432163324e-06,546567.9807767386,25203.588480183273,ordinary_least_squares,measured_graph,65,constant_average_sigma
1.778279410038923e-06,546568.0368971792,25203.64460062387,ordinary_least_squares,measured_graph,65,constant_average_sigma
2.3713737056616552e-06,546568.1116802759,25203.71938372054,ordinary_least_squares,measured_graph,65,constant_average_sigma
3.162277660168379e-06,546568.2113085216,25203.819011966232,ordinary_least_squares,measured_graph,65,constant_average_sigma
4.216965034285822e-06,546568.3439931725,25203.95169661718,ordinary_least_squares,measured_graph,65,constant_average_sigma
5.623413251903491e-06,546568.520625313,25204.12832875771,ordinary_least_squares,measured_graph,65,constant_average_sigma
7.498942093324558e-06,546568.7556243843,25204.363327828934,ordinary_least_squares,measured_graph,65,constant_average_sigma
1e-05,546569.0680341027,25204.67573754734,ordinary_least_squares,measured_graph,65,constant_average_sigma
1.333521432163324e-05,546569.4829200259,25205.090623470605,ordinary_least_squares,measured_graph,65,constant_average_sigma
1.778279410038923e-05,546570.0331221118,25205.640825556475,ordinary_least_squares,measured_graph,65,constant_average_sigma
2.3713737056616554e-05,546570.7613914912,25206.369094935828,ordinary_least_squares,measured_graph,65,constant_average_sigma
3.1622776601683795e-05,546571.7228851962,25207.330588640878,ordinary_least_squares,measured_graph,65,constant_average_sigma
4.216965034285822e-05,546572.9878613661,25208.595564810792,ordinary_least_squares,measured_graph,65,constant_average_sigma
5.623413251903491e-05,546574.6441500518,25210.25185349642,ordinary_least_squares,measured_graph,65,constant_average_sigma
7.498942093324559e-05,546576.7984498312,25212.406153275864,ordinary_least_squares,measured_graph,65,constant_average_sigma
0.0001,546579.5745014285,25215.182204873185,ordinary_least_squares,measured_graph,65,constant_average_sigma
0.0001333521432163324,546583.1043279028,25218.712031347444,ordinary_least_squares,measured_graph,65,constant_average_sigma
0.00017782794100389227,546587.5053052515,25223.11300869612,ordinary_least_squares,measured_graph,65,constant_average_sigma
0.00023713737056616554,546592.8295934105,25228.437296855147,ordinary_least_squares,measured_graph,65,constant_average_sigma
0.00031622776601683794,546598.9612149163,25234.56891836098,ordinary_least_squares,measured_graph,65,constant_average_sigma
0.00042169650342858224,546605.4159860301,25241.023689474794,ordinary_least_squares,measured_graph,65,constant_average_sigma
0.0005623413251903491,546610.9640891303,25246.57179257495,ordinary_least_squares,measured_graph,65,constant_average_sigma
0.0007498942093324559,546612.9338700519,25248.541573496535,ordinary_least_squares,measured_graph,65,constant_average_sigma
0.001,546605.9534322622,25241.56113570684,ordinary_least_squares,measured_graph,65,constant_average_sigma
0.001333521432163324,546579.7282855543,25215.335988998995,ordinary_least_squares,measured_graph,65,constant_average_sigma
0.0017782794100389228,546515.2444885094,25150.852191954036,ordinary_least_squares,measured_graph,65,constant_average_sigma
0.0023713737056616554,546378.6290896155,25014.236793060205,ordinary_least_squares,measured_graph,65,constant_average_sigma
0.0031622776601683794,546112.1868316266,24747.79453507124,ordinary_least_squares,measured_graph,65,constant_average_sigma
0.004216965034285823,545623.8910614243,24259.498764868942,ordinary_least_squares,measured_graph,65,constant_average_sigma
0.005623413251903491,544781.4739189362,23417.08162238088,ordinary_least_squares,measured_graph,65,constant_average_sigma
0.007498942093324558,543425.0058029485,22060.613506393158,ordinary_least_squares,measured_graph,65,constant_average_sigma
0.01,541413.9625964473,20049.570299891988,ordinary_least_squares,measured_graph,65,constant_average_sigma
0.01333521432163324,538706.0524112463,17341.66011469101,ordinary_least_squares,measured_graph,65,constant_average_sigma
0.01778279410038923,535429.1067263933,14064.714429838,ordinary_least_squares,measured_graph,65,constant_average_sigma
0.023713737056616554,531883.147486036,10518.75518948061,ordinary_least_squares,measured_graph,65,constant_average_sigma
0.03162277660168379,528440.5794674815,7076.187170926132,ordinary_least_squares,measured_graph,65,constant_average_sigma
0.042169650342858224,525428.0694841376,4063.677187582245,ordinary_least_squares,measured_graph,65,constant_average_sigma
0.05623413251903491,523104.68185950955,1740.2895629542181,ordinary_least_squares,measured_graph,65,constant_average_sigma
0.07498942093324558,521693.3477498657,328.95545331033645,ordinary_least_squares,measured_graph,65,constant_average_sigma
0.1,521364.39229655534,0.0,ordinary_least_squares,measured_graph,65,constant_average_sigma
1e-06,3094.8883188688924,0.0,ordinary_least_squares,measured_graph,66,constant_average_sigma
1.333521432163324e-06,3094.9131765968677,0.024857727975359012,ordinary_least_squares,measured_graph,66,constant_average_sigma
1.778279410038923e-06,3094.946338195084,0.05801932619169747,ordinary_least_squares,measured_graph,66,constant_average_sigma
2.3713737056616552e-06,3094.9905834877036,0.10226461881120485,ordinary_least_squares,measured_graph,66,constant_average_sigma
3.162277660168379e-06,3095.0496276033105,0.16130873441807125,ordinary_least_squares,measured_graph,66,constant_average_sigma
4.216965034285822e-06,3095.128438930161,0.24012006126849883,ordinary_least_squares,measured_graph,66,constant_average_sigma
5.623413251903491e-06,3095.2336684041657,0.3453495352732716,ordinary_least_squares,measured_graph,66,constant_average_sigma
7.498942093324558e-06,3095.3742304127213,0.48591154382893365,ordinary_least_squares,measured_graph,66,constant_average_sigma
1e-05,3095.5620929227152,0.6737740538228536,ordinary_least_squares,measured_graph,66,constant_average_sigma
1.333521432163324e-05,3095.8133583476842,0.9250394787918594,ordinary_least_squares,measured_graph,66,constant_average_sigma
1.778279410038923e-05,3096.149753646291,1.2614347773987902,ordinary_least_squares,measured_graph,66,constant_average_sigma
2.3713737056616554e-05,3096.600703445056,1.7123845761634584,ordinary_least_squares,measured_graph,66,constant_average_sigma
3.1622776601683795e-05,3097.2062477200157,2.31792885112327,ordinary_least_squares,measured_graph,66,constant_average_sigma
4.216965034285822e-05,3098.0212038434606,3.132884974568242,ordinary_least_squares,measured_graph,66,constant_average_sigma
5.623413251903491e-05,3099.121197409696,4.23287854080354,ordinary_least_squares,measured_graph,66,constant_average_sigma
7.498942093324559e-05,3100.6115544086238,5.723235539731377,ordinary_least_squares,measured_graph,66,constant_average_sigma
0.0001,3102.640659025555,7.75234015666274,ordinary_least_squares,measured_graph,66,constant_average_sigma
0.0001333521432163324,3105.420404294286,10.532085425393689,ordinary_least_squares,measured_graph,66,constant_average_sigma
0.00017782794100389227,3109.258078628368,14.369759759475528,ordinary_least_squares,measured_graph,66,constant_average_sigma
0.00023713737056616554,3114.6068974141685,19.71857854527616,ordinary_least_squares,measured_graph,66,constant_average_sigma
0.00031622776601683794,3122.147111366856,27.25879249796344,ordinary_least_squares,measured_graph,66,constant_average_sigma
0.00042169650342858224,3132.917171062406,38.02885219351356,ordinary_least_squares,measured_graph,66,constant_average_sigma
0.0005623413251903491,3148.5257480954815,53.63742922658912,ordinary_least_squares,measured_graph,66,constant_average_sigma
0.0007498942093324559,3171.490111154022,76.6017922851297,ordinary_least_squares,measured_graph,66,constant_average_sigma
0.001,3205.7583218767813,110.87000300788895,ordinary_least_squares,measured_graph,66,constant_average_sigma
0.001333521432163324,3257.4582515901584,162.569932721266,ordinary_least_squares,measured_graph,66,constant_average_sigma
0.0017782794100389228,3335.808573328877,240.9202544599848,ordinary_least_squares,measured_graph,66,constant_average_sigma
0.0023713737056616554,3453.7832442707413,358.8949254018489,ordinary_least_squares,measured_graph,66,constant_average_sigma
0.0031622776601683794,3627.371479569477,532.4831607005844,ordinary_least_squares,measured_graph,66,constant_average_sigma
0.004216965034285823,3871.3401537114523,776.45183484256,ordinary_least_squares,measured_graph,66,constant_average_sigma
0.005623413251903491,4189.982917311476,1095.0945984425834,ordinary_least_squares,measured_graph,66,constant_average_sigma
0.007498942093324558,4566.775822176105,1471.8875033072127,ordinary_least_squares,measured_graph,66,constant_average_sigma
0.01,4965.298990030215,1870.4106711613222,ordinary_least_squares,measured_graph,66,constant_average_sigma
0.01333521432163324,5348.696341868129,2253.8080229992365,ordinary_least_squares,measured_graph,66,constant_average_sigma
0.01778279410038923,5701.557587410474,2606.669268541582,ordinary_least_squares,measured_graph,66,constant_average_sigma
0.023713737056616554,6033.880207470495,2938.991888601603,ordinary_least_squares,measured_graph,66,constant_average_sigma
0.03162277660168379,6370.141435032513,3275.2531161636207,ordinary_least_squares,measured_graph,66,constant_average_sigma
0.042169650342858224,6736.756708138294,3641.8683892694016,ordinary_least_squares,measured_graph,66,constant_average_sigma
0.05623413251903491,7155.521958624775,4060.6336397558825,ordinary_least_squares,measured_graph,66,constant_average_sigma
0.07498942093324558,7643.628156089436,4548.739837220543,ordinary_least_squares,measured_graph,66,constant_average_sigma
0.1,8212.446608815715,5117.558289946823,ordinary_least_squares,measured_graph,66,constant_average_sigma
1e-06,1461.9945284017429,0.0,ordinary_least_squares,measured_graph,67,constant_average_sigma
1.333521432163324e-06,1462.0118941751703,0.0173657734274002,ordinary_least_squares,measured_graph,67,constant_average_sigma
1.778279410038923e-06,1462.0350517958916,0.0405233941487495,ordinary_least_squares,measured_graph,67,constant_average_sigma
2.3713737056616552e-06,1462.0659329151397,0.0714045133968284,ordinary_least_squares,measured_graph,67,constant_average_sigma
3.162277660168379e-06,1462.1071135743725,0.11258517262967871,ordinary_least_squares,measured_graph,67,constant_average_sigma
4.216965034285822e-06,1462.1620287965843,0.16750039484145418,ordinary_least_squares,measured_graph,67,constant_average_sigma
5.623413251903491e-06,1462.2352593162623,0.24073091451941764,ordinary_least_squares,measured_graph,67,constant_average_sigma
7.498942093324558e-06,1462.3329136942027,0.3383852924598614,ordinary_least_squares,measured_graph,67,constant_average_sigma
1e-05,1462.4631375479216,0.46860914617877825,ordinary_least_squares,measured_graph,67,constant_average_sigma
1.333521432163324e-05,1462.6367931947937,0.6422647930507992,ordinary_least_squares,measured_graph,67,constant_average_sigma
1.778279410038923e-05,1462.8683652691711,0.873836867428281,ordinary_least_squares,measured_graph,67,constant_average_sigma
2.3713737056616554e-05,1463.177168435242,1.1826400334991831,ordinary_least_squares,measured_graph,67,constant_average_sigma
3.1622776601683795e-05,1463.5889570450195,1.5944286432766148,ordinary_least_squares,measured_graph,67,constant_average_sigma
4.216965034285822e-05,1464.1380701680491,2.143541766306271,ordinary_least_squares,measured_graph,67,constant_average_sigma
5.623413251903491e-05,1464.8702883143667,2.8757599126238347,ordinary_least_squares,measured_graph,67,constant_average_sigma
7.498942093324559e-05,1465.8466343772866,3.8521059755437363,ordinary_least_squares,measured_graph,67,constant_average_sigma
0.0001,1467.1484222654544,5.153893863711573,ordinary_least_squares,measured_graph,67,constant_average_sigma
0.0001333521432163324,1468.8839425245706,6.889414122827702,ordinary_least_squares,measured_graph,67,constant_average_sigma
0.00017782794100389227,1471.197268632638,9.202740230895188,ordinary_least_squares,measured_graph,67,constant_average_sigma
0.00023713737056616554,1474.2797470129926,12.285218611249775,ordinary_least_squares,measured_graph,67,constant_average_sigma
0.00031622776601683794,1478.3847354821046,16.390207080361733,ordinary_least_squares,measured_graph,67,constant_average_sigma
0.00042169650342858224,1483.8459298170835,21.85140141534066,ordinary_least_squares,measured_graph,67,constant_average_sigma
0.0005623413251903491,1491.098849174292,29.104320772549045,ordinary_least_squares,measured_graph,67,constant_average_sigma
0.0007498942093324559,1500.7031585748741,38.70863017313127,ordinary_least_squares,measured_graph,67,constant_average_sigma
0.001,1513.359748412972,51.36522001122921,ordinary_least_squares,measured_graph,67,constant_average_sigma
0.001333521432163324,1529.911050782195,67.91652238045208,ordinary_least_squares,measured_graph,67,constant_average_sigma
0.0017782794100389228,1551.3107926738717,89.31626427212882,ordinary_least_squares,measured_graph,67,constant_average_sigma
0.0023713737056616554,1578.5643296992648,116.56980129752196,ordinary_least_squares,measured_graph,67,constant_average_sigma
0.0031622776601683794,1612.6747495434402,150.6802211416973,ordinary_least_squares,measured_graph,67,constant_average_sigma
0.004216965034285823,1654.5711072268236,192.5765788250808,ordinary_least_squares,measured_graph,67,constant_average_sigma
0.005623413251903491,1704.622687523169,242.62815912142605,ordinary_least_squares,measured_graph,67,constant_average_sigma
0.007498942093324558,1761.0955408347213,299.10101243297845,ordinary_least_squares,measured_graph,67,constant_average_sigma
0.01,1818.3097965392808,356.31526813753794,ordinary_least_squares,measured_graph,67,constant_average_sigma
0.01333521432163324,1867.6078762346453,405.6133478329025,ordinary_least_squares,measured_graph,67,constant_average_sigma
0.01778279410038923,1902.5403410351776,440.5458126334347,ordinary_least_squares,measured_graph,67,constant_average_sigma
0.023713737056616554,1923.506588751423,461.51206034968004,ordinary_least_squares,measured_graph,67,constant_average_sigma
0.03162277660168379,1936.6246824905215,474.6301540887787,ordinary_least_squares,measured_graph,67,constant_average_sigma
0.042169650342858224,1949.2431533345498,487.24862493280693,ordinary_least_squares,measured_graph,67,constant_average_sigma
0.05623413251903491,1967.3265919484281,505.3320635466853,ordinary_least_squares,measured_graph,67,constant_average_sigma
0.07498942093324558,1995.1355593587668,533.141030957024,ordinary_least_squares,measured_graph,67,constant_average_sigma
0.1,2034.8612475105717,572.8667191088289,ordinary_least_squares,measured_graph,67,constant_average_sigma
1e-06,3529.157343976518,194.02411223702256,ordinary_least_squares,measured_graph,68,constant_average_sigma
1.333521432163324e-06,3529.15485578859,194.0216240490945,ordinary_least_squares,measured_graph,68,constant_average_sigma
1.778279410038923e-06,3529.1515369730832,194.01830523358785,ordinary_least_squares,measured_graph,68,constant_average_sigma
2.3713737056616552e-06,3529.147109892055,194.01387815255976,ordinary_least_squares,measured_graph,68,constant_average_sigma
3.162277660168379e-06,3529.1412038864273,194.00797214693193,ordinary_least_squares,measured_graph,68,constant_average_sigma
4.216965034285822e-06,3529.133323839323,194.00009209982773,ordinary_least_squares,measured_graph,68,constant_average_sigma
5.623413251903491e-06,3529.1228080418205,193.98957630232508,ordinary_least_squares,measured_graph,68,constant_average_sigma
7.498942093324558e-06,3529.1087715020312,193.97553976253585,ordinary_least_squares,measured_graph,68,constant_average_sigma
1e-05,3529.090029489498,193.9567977500028,ordinary_least_squares,measured_graph,68,constant_average_sigma
1.333521432163324e-05,3529.0649939815685,193.9317622420731,ordinary_least_squares,measured_graph,68,constant_average_sigma
1.778279410038923e-05,3529.031532842956,193.89830110346065,ordinary_least_squares,measured_graph,68,constant_average_sigma
2.3713737056616554e-05,3528.986777114833,193.8535453753375,ordinary_least_squares,measured_graph,68,constant_average_sigma
3.1622776601683795e-05,3528.9268553757165,193.79362363622113,ordinary_least_squares,measured_graph,68,constant_average_sigma
4.216965034285822e-05,3528.846524146196,193.71329240670048,ordinary_least_squares,measured_graph,68,constant_average_sigma
5.623413251903491e-05,3528.7386479357187,193.60541619622336,ordinary_least_squares,measured_graph,68,constant_average_sigma
7.498942093324559e-05,3528.593458162389,193.4602264228938,ordinary_least_squares,measured_graph,68,constant_average_sigma
0.0001,3528.3974811958856,193.2642494563902,ordinary_least_squares,measured_graph,68,constant_average_sigma
0.0001333521432163324,3528.1319627189664,192.99873097947102,ordinary_least_squares,measured_graph,68,constant_average_sigma
0.00017782794100389227,3527.770513185358,192.63728144586275,ordinary_least_squares,measured_graph,68,constant_average_sigma
0.00023713737056616554,3527.2755331250196,192.1423013855242,ordinary_least_squares,measured_graph,68,constant_average_sigma
0.00031622776601683794,3526.5927109531394,191.45947921364404,ordinary_least_squares,measured_graph,68,constant_average_sigma
0.00042169650342858224,3525.642470389559,190.5092386500637,ordinary_least_squares,measured_graph,68,constant_average_sigma
0.0005623413251903491,3524.306627310305,189.1733955708096,ordinary_least_squares,measured_graph,68,constant_average_sigma
0.0007498942093324559,3522.4076875636083,187.27445582411292,ordinary_least_squares,measured_graph,68,constant_average_sigma
0.001,3519.677357108534,184.54412536903874,ordinary_least_squares,measured_graph,68,constant_average_sigma
0.001333521432163324,3515.7107359127185,180.57750417322313,ordinary_least_squares,measured_graph,68,constant_average_sigma
0.0017782794100389228,3509.9059773154786,174.7727455759832,ordinary_least_squares,measured_graph,68,constant_average_sigma
0.0023713737056616554,3501.403996246532,166.2707645070368,ordinary_least_squares,measured_graph,68,constant_average_sigma
0.0031622776601683794,3489.0896904248966,153.95645868540123,ordinary_least_squares,measured_graph,68,constant_average_sigma
0.004216965034285823,3471.8188792772676,136.68564753777218,ordinary_least_squares,measured_graph,68,constant_average_sigma
0.005623413251903491,3449.101788522042,113.96855678254678,ordinary_least_squares,measured_graph,68,constant_average_sigma
0.007498942093324558,3422.111771964455,86.97854022495949,ordinary_least_squares,measured_graph,68,constant_average_sigma
0.01,3394.048132934327,58.9149011948316,ordinary_least_squares,measured_graph,68,constant_average_sigma
0.01333521432163324,3369.023193193673,33.88996145417741,ordinary_least_squares,measured_graph,68,constant_average_sigma
0.01778279410038923,3350.2790972560447,15.145865516549293,ordinary_least_squares,measured_graph,68,constant_average_sigma
0.023713737056616554,3339.1582594764914,4.02502773699598,ordinary_least_squares,measured_graph,68,constant_average_sigma
0.03162277660168379,3335.1332317394954,0.0,ordinary_least_squares,measured_graph,68,constant_average_sigma
0.042169650342858224,3336.334609712979,1.2013779734834316,ordinary_least_squares,measured_graph,68,constant_average_sigma
0.05623413251903491,3340.3341866761393,5.200954936643939,ordinary_least_squares,measured_graph,68,constant_average_sigma
0.07498942093324558,3345.1941851493675,10.060953409872127,ordinary_least_squares,measured_graph,68,constant_average_sigma
0.1,3350.1444189957615,15.011187256266112,ordinary_least_squares,measured_graph,68,constant_average_sigma
1e-06,43973.5037538345,0.0,ordinary_least_squares,measured_graph,69,constant_average_sigma
1.333521432163324e-06,43973.52464813381,0.020894299312203657,ordinary_least_squares,measured_graph,69,constant_average_sigma
1.778279410038923e-06,43973.552559927106,0.04880609260726487,ordinary_least_squares,measured_graph,69,constant_average_sigma
2.3713737056616552e-06,43973.58986760625,0.08611377175111556,ordinary_least_squares,measured_graph,69,constant_average_sigma
3.162277660168379e-06,43973.63977241603,0.13601858152833302,ordinary_least_squares,measured_graph,69,constant_average_sigma
4.216965034285822e-06,43973.706595795804,0.20284196130523924,ordinary_least_squares,measured_graph,69,constant_average_sigma
5.623413251903491e-06,43973.79619365926,0.292439824763278,ordinary_least_squares,measured_graph,69,constant_average_sigma
7.498942093324558e-06,43973.916541041086,0.41278720658738166,ordinary_least_squares,measured_graph,69,constant_average_sigma
1e-05,43974.07856752601,0.5748136915135547,ordinary_least_squares,measured_graph,69,constant_average_sigma
1.333521432163324e-05,43974.297371753535,0.7936179190364783,ordinary_least_squares,measured_graph,69,constant_average_sigma
1.778279410038923e-05,43974.594018330776,1.0902644962770864,ordinary_least_squares,measured_graph,69,constant_average_sigma
2.3713737056616554e-05,43974.998248848,1.4944950135031831,ordinary_least_squares,measured_graph,69,constant_average_sigma
3.1622776601683795e-05,43975.5526539362,2.0489001017049304,ordinary_least_squares,measured_graph,69,constant_average_sigma
4.216965034285822e-05,43976.31922037522,2.815466540720081,ordinary_least_squares,measured_graph,69,constant_average_sigma
5.623413251903491e-05,43977.3897924414,3.886038606899092,ordinary_least_squares,measured_graph,69,constant_average_sigma
7.498942093324559e-05,43978.9030497258,5.399295891300426,ordinary_least_squares,measured_graph,69,constant_average_sigma
0.0001,43981.07239241604,7.568638581542473,ordinary_least_squares,measured_graph,69,constant_average_sigma
0.0001333521432163324,43984.232063319025,10.728309484526108,ordinary_least_squares,measured_graph,69,constant_average_sigma
0.00017782794100389227,43988.91343047945,15.409676644951105,ordinary_least_squares,measured_graph,69,constant_average_sigma
0.00023713737056616554,43995.9697997237,22.466045889203087,ordinary_least_squares,measured_graph,69,constant_average_sigma
0.00031622776601683794,44006.774809318376,33.27105548387772,ordinary_least_squares,measured_graph,69,constant_average_sigma
0.00042169650342858224,44023.51841547471,50.01466164021258,ordinary_least_squares,measured_graph,69,constant_average_sigma
0.0005623413251903491,44049.59012665252,76.0863728180193,ordinary_least_squares,measured_graph,69,constant_average_sigma
0.0007498942093324559,44089.90925509506,116.40550126056041,ordinary_least_squares,measured_graph,69,constant_average_sigma
0.001,44150.74142801338,177.23767417888303,ordinary_least_squares,measured_graph,69,constant_average_sigma
0.001333521432163324,44238.071493486765,264.567739652266,ordinary_least_squares,measured_graph,69,constant_average_sigma
0.0017782794100389228,44353.711437132224,380.20768329772545,ordinary_least_squares,measured_graph,69,constant_average_sigma
0.0023713737056616554,44490.56747029235,517.0637164578511,ordinary_least_squares,measured_graph,69,constant_average_sigma
0.0031622776601683794,44632.06497584854,658.5612220140392,ordinary_least_squares,measured_graph,69,constant_average_sigma
0.004216965034285823,44758.92957539989,785.4258215653899,ordinary_least_squares,measured_graph,69,constant_average_sigma
0.005623413251903491,44858.07344381434,884.5696899798422,ordinary_least_squares,measured_graph,69,constant_average_sigma
0.007498942093324558,44926.19524848752,952.6914946530233,ordinary_least_squares,measured_graph,69,constant_average_sigma
0.01,44967.49583461137,993.9920807768722,ordinary_least_squares,measured_graph,69,constant_average_sigma
0.01333521432163324,44989.260051359444,1015.7562975249457,ordinary_least_squares,measured_graph,69,constant_average_sigma
0.01778279410038923,44998.425951389,1024.9221975545006,ordinary_least_squares,measured_graph,69,constant_average_sigma
0.023713737056616554,45000.150544842865,1026.6467910083666,ordinary_least_squares,measured_graph,69,constant_average_sigma
0.03162277660168379,44997.87782855529,1024.3740747207921,ordinary_least_squares,measured_graph,69,constant_average_sigma
0.042169650342858224,44994.01399342894,1020.5102395944414,ordinary_least_squares,measured_graph,69,constant_average_sigma
0.05623413251903491,44990.442128460156,1016.9383746256572,ordinary_least_squares,measured_graph,69,constant_average_sigma
0.07498942093324558,44988.5005214538,1014.9967676193046,ordinary_least_squares,measured_graph,69,constant_average_sigma
0.1,44988.732783314044,1015.2290294795457,ordinary_least_squares,measured_graph,69,constant_average_sigma
1e-06,1138.6536126364272,213.60757287459649,ordinary_least_squares,measured_graph,70,constant_average_sigma
1.333521432163324e-06,1138.6492959947682,213.6032562329375,ordinary_least_squares,measured_graph,70,constant_average_sigma
1.778279410038923e-06,1138.6435399048382,213.59750014300755,ordinary_least_squares,measured_graph,70,constant_average_sigma
2.3713737056616552e-06,1138.635864381204,213.58982461937342,ordinary_least_squares,measured_graph,70,constant_average_sigma
3.162277660168379e-06,1138.6256295274998,213.57958976566908,ordinary_least_squares,measured_graph,70,constant_average_sigma
4.216965034285822e-06,1138.611982234229,213.5659424723982,ordinary_least_squares,measured_graph,70,constant_average_sigma
5.623413251903491e-06,1138.5937852486882,213.54774548685748,ordinary_least_squares,measured_graph,70,constant_average_sigma
7.498942093324558e-06,1138.5695226846153,213.52348292278464,ordinary_least_squares,measured_graph,70,constant_average_sigma
1e-05,1138.5371742940351,213.49113453220446,ordinary_least_squares,measured_graph,70,constant_average_sigma
1.333521432163324e-05,1138.4940482092784,213.4480084474477,ordinary_least_squares,measured_graph,70,constant_average_sigma
1.778279410038923e-05,1138.4365586614908,213.39051889966015,ordinary_least_squares,measured_graph,70,constant_average_sigma
2.3713737056616554e-05,1138.359930990494,213.31389122866324,ordinary_least_squares,measured_graph,70,constant_average_sigma
3.1622776601683795e-05,1138.2578108235166,213.2117710616859,ordinary_least_squares,measured_graph,70,constant_average_sigma
4.216965034285822e-05,1138.121747621232,213.0757078594014,ordinary_least_squares,measured_graph,70,constant_average_sigma
5.623413251903491e-05,1137.9405147527355,212.89447499090477,ordinary_least_squares,measured_graph,70,constant_average_sigma
7.498942093324559e-05,1137.6992191722006,212.65317941036994,ordinary_least_squares,measured_graph,70,constant_average_sigma
0.0001,1137.378144947089,212.33210518525823,ordinary_least_squares,measured_graph,70,constant_average_sigma
0.0001333521432163324,1136.9512690541487,211.90522929231804,ordinary_least_squares,measured_graph,70,constant_average_sigma
0.00017782794100389227,1136.3843906880504,211.33835092621973,ordinary_least_squares,measured_graph,70,constant_average_sigma
0.00023713737056616554,1135.632835448729,210.58679568689843,ordinary_least_squares,measured_graph,70,constant_average_sigma
0.00031622776601683794,1134.6387394047451,209.59269964291445,ordinary_least_squares,measured_graph,70,constant_average_sigma
0.00042169650342858224,1133.3279584199204,208.2819186580897,ordinary_least_squares,measured_graph,70,constant_average_sigma
0.0005623413251903491,1131.606515173721,206.56047541189025,ordinary_least_squares,measured_graph,70,constant_average_sigma
0.0007498942093324559,1129.3555662282495,204.3095264664188,ordinary_least_squares,measured_graph,70,constant_average_sigma
0.001,1126.4204895963376,201.3744498345069,ordinary_least_squares,measured_graph,70,constant_average_sigma
0.001333521432163324,1122.5812134623084,197.53517370047769,ordinary_least_squares,measured_graph,70,constant_average_sigma
0.0017782794100389228,1117.4786363275434,192.43259656571274,ordinary_least_squares,measured_graph,70,constant_average_sigma
0.0023713737056616554,1110.477011777829,185.43097201599824,ordinary_least_squares,measured_graph,70,constant_average_sigma
0.0031622776601683794,1100.5139195856377,175.46787982380704,ordinary_least_squares,measured_graph,70,constant_average_sigma
0.004216965034285823,1086.1427851475814,161.09674538575075,ordinary_least_squares,measured_graph,70,constant_average_sigma
0.005623413251903491,1066.0475421053538,141.00150234352316,ordinary_least_squares,measured_graph,70,constant_average_sigma
0.007498942093324558,1039.9912580570347,114.94521829520397,ordinary_least_squares,measured_graph,70,constant_average_sigma
0.01,1009.5944781774086,84.54843841557795,ordinary_least_squares,measured_graph,70,constant_average_sigma
0.01333521432163324,978.3694123255293,53.323372563698626,ordinary_least_squares,measured_graph,70,constant_average_sigma
0.01778279410038923,950.9891599410104,25.943120179179687,ordinary_least_squares,measured_graph,70,constant_average_sigma
0.023713737056616554,932.0677537769284,7.0217140150977,ordinary_least_squares,measured_graph,70,constant_average_sigma
0.03162277660168379,925.0460397618307,0.0,ordinary_least_squares,measured_graph,70,constant_average_sigma
0.042169650342858224,931.8939342454172,6.847894483586515,ordinary_least_squares,measured_graph,70,constant_average_sigma
0.05623413251903491,953.6320754843101,28.586035722479437,ordinary_least_squares,measured_graph,70,constant_average_sigma
0.07498942093324558,990.7502215982914,65.70418183646075,ordinary_least_squares,measured_graph,70,constant_average_sigma
0.1,1042.6789132790207,117.63287351718998,ordinary_least_squares,measured_graph,70,constant_average_sigma
1e-06,444.6211366162131,28.65867639299313,ordinary_least_squares,measured_graph,71,constant_average_sigma
1.333521432163324e-06,444.6219218270758,28.659461603855846,ordinary_least_squares,measured_graph,71,constant_average_sigma
1.778279410038923e-06,444.6229686968946,28.66050847367461,ordinary_least_squares,measured_graph,71,constant_average_sigma
2.3713737056616552e-06,444.6243642740892,28.661904050869225,ordinary_least_squares,measured_graph,71,constant_average_sigma
3.162277660168379e-06,444.62622455208964,28.66376432886966,ordinary_least_squares,measured_graph,71,constant_average_sigma
4.216965034285822e-06,444.62870391788425,28.666243694664274,ordinary_least_squares,measured_graph,71,constant_average_sigma
5.623413251903491e-06,444.63200778584945,28.669547562629475,ordinary_least_squares,measured_graph,71,constant_average_sigma
7.498942093324558e-06,444.636409271482,28.673949048262045,ordinary_least_squares,measured_graph,71,constant_average_sigma
1e-05,444.64227109764136,28.679810874421378,ordinary_least_squares,measured_graph,71,constant_average_sigma
1.333521432163324e-05,444.65007435906875,28.687614135848776,ordinary_least_squares,measured_graph,71,constant_average_sigma
1.778279410038923e-05,444.66045593506146,28.697995711841486,ordinary_least_squares,measured_graph,71,constant_average_sigma
2.3713737056616554e-05,444.67425681097893,28.711796587758954,ordinary_least_squares,measured_graph,71,constant_average_sigma
3.1622776601683795e-05,444.6925836085879,28.730123385367904,ordinary_least_squares,measured_graph,71,constant_average_sigma
4.216965034285822e-05,444.7168854959705,28.754425272750495,ordinary_least_squares,measured_graph,71,constant_average_sigma
5.623413251903491e-05,444.749047445713,28.78658722249304,ordinary_least_squares,measured_graph,71,constant_average_sigma
7.498942093324559e-05,444.79149783918575,28.829037615965774,ordinary_least_squares,measured_graph,71,constant_average_sigma
0.0001,444.8473215833635,28.884861360143532,ordinary_least_squares,measured_graph,71,constant_average_sigma
0.0001333521432163324,444.9203556827474,28.957895459527435,ordinary_least_squares,measured_graph,71,constant_average_sigma
0.00017782794100389227,445.0152156879271,29.052755464707104,ordinary_least_squares,measured_graph,71,constant_average_sigma
0.00023713737056616554,445.13714572949726,29.174685506277285,ordinary_least_squares,measured_graph,71,constant_average_sigma
0.00031622776601683794,445.2914785851677,29.329018361947703,ordinary_least_squares,measured_graph,71,constant_average_sigma
0.00042169650342858224,445.4822952719428,29.519835048722825,ordinary_least_squares,measured_graph,71,constant_average_sigma
0.0005623413251903491,445.7095268494162,29.747066626196215,ordinary_least_squares,measured_graph,71,constant_average_sigma
0.0007498942093324559,445.96319285228583,30.00073262906585,ordinary_least_squares,measured_graph,71,constant_average_sigma
0.001,446.2128188324269,30.2503586092069,ordinary_least_squares,measured_graph,71,constant_average_sigma
0.001333521432163324,446.39003274010315,30.427572516883174,ordinary_least_squares,measured_graph,71,constant_average_sigma
0.0017782794100389228,446.3652049928744,30.40274476965442,ordinary_least_squares,measured_graph,71,constant_average_sigma
0.0023713737056616554,445.9288851585667,29.96642493534671,ordinary_least_squares,measured_graph,71,constant_average_sigma
0.0031622776601683794,444.80532703949996,28.84286681627998,ordinary_least_squares,measured_graph,71,constant_average_sigma
0.004216965034285823,442.72808727673845,26.76562705351847,ordinary_least_squares,measured_graph,71,constant_average_sigma
0.005623413251903491,439.567178438253,23.604718215033017,ordinary_least_squares,measured_graph,71,constant_average_sigma
0.007498942093324558,435.43982454240415,19.477364319184176,ordinary_least_squares,measured_graph,71,constant_average_sigma
0.01,430.72272286190133,14.760262638681354,ordinary_least_squares,measured_graph,71,constant_average_sigma
0.01333521432163324,425.94215075511534,9.979690531895358,ordinary_least_squares,measured_graph,71,constant_average_sigma
0.01778279410038923,421.64817610520845,5.685715881988472,ordinary_least_squares,measured_graph,71,constant_average_sigma
0.023713737056616554,418.35193426408995,2.3894740408699704,ordinary_least_squares,measured_graph,71,constant_average_sigma
0.03162277660168379,416.4209879485518,0.4585277253318054,ordinary_least_squares,measured_graph,71,constant_average_sigma
0.042169650342858224,415.96246022322,0.0,ordinary_least_squares,measured_graph,71,constant_average_sigma
0.05623413251903491,416.88836364032136,0.9259034171013809,ordinary_least_squares,measured_graph,71,constant_average_sigma
0.07498942093324558,419.1010386623087,3.1385784390887466,ordinary_least_squares,measured_graph,71,constant_average_sigma
0.1,422.62333093767484,6.660870714454859,ordinary_least_squares,measured_graph,71,constant_average_sigma
1e-06,332755.04304982035,150.95518215344055,ordinary_least_squares,measured_graph,72,constant_average_sigma
1.333521432163324e-06,332755.01387019636,150.92600252944976,ordinary_least_squares,measured_graph,72,constant_average_sigma
1.778279410038923e-06,332754.9749619175,150.88709425058914,ordinary_least_squares,measured_graph,72,constant_average_sigma
2.3713737056616552e-06,332754.9230835514,150.83521588449366,ordinary_least_squares,measured_graph,72,constant_average_sigma
3.162277660168379e-06,332754.8539142094,150.76604654249968,ordinary_least_squares,measured_graph,72,constant_average_sigma
4.216965034285822e-06,332754.76169595844,150.67382829153212,ordinary_least_squares,measured_graph,72,constant_average_sigma
5.623413251903491e-06,332754.6387574072,150.5508897402906,ordinary_least_squares,measured_graph,72,constant_average_sigma
7.498942093324558e-06,332754.47488133685,150.38701366994064,ordinary_least_squares,measured_graph,72,constant_average_sigma
1e-05,332754.2564644236,150.16859675670275,ordinary_least_squares,measured_graph,72,constant_average_sigma
1.333521432163324e-05,332753.9654062813,149.8775386143825,ordinary_least_squares,measured_graph,72,constant_average_sigma
1.778279410038923e-05,332753.5776398689,149.4897722019814,ordinary_least_squares,measured_graph,72,constant_average_sigma
2.3713737056616554e-05,332753.06119603355,148.97332836664282,ordinary_least_squares,measured_graph,72,constant_average_sigma
3.1622776601683795e-05,332752.3736660894,148.28579842246836,ordinary_least_squares,measured_graph,72,constant_average_sigma
4.216965034285822e-05,332751.45889453316,147.3710268662544,ordinary_least_squares,measured_graph,72,constant_average_sigma
5.623413251903491e-05,332750.2427057808,146.15483811387094,ordinary_least_squares,measured_graph,72,constant_average_sigma
7.498942093324559e-05,332748.6274521898,144.53958452289226,ordinary_least_squares,measured_graph,72,constant_average_sigma
0.0001,332746.4851863907,142.39731872378616,ordinary_least_squares,measured_graph,72,constant_average_sigma
0.0001333521432163324,332743.6493553112,139.56148764427053,ordinary_least_squares,measured_graph,72,constant_average_sigma
0.00017782794100389227,332739.90517209424,135.81730442732805,ordinary_least_squares,measured_graph,72,constant_average_sigma
0.00023713737056616554,332734.97941681975,130.89154915284598,ordinary_least_squares,measured_graph,72,constant_average_sigma
0.00031622776601683794,332728.53168422275,124.44381655583857,ordinary_least_squares,measured_graph,72,constant_average_sigma
0.00042169650342858224,332720.1516958013,116.0638281343854,ordinary_least_squares,measured_graph,72,constant_average_sigma
0.0005623413251903491,332709.372537108,105.28466944111278,ordinary_least_squares,measured_graph,72,constant_average_sigma
0.0007498942093324559,332695.7201784602,91.63231079326943,ordinary_least_squares,measured_graph,72,constant_average_sigma
0.001,332678.8405896635,74.75272199657047,ordinary_least_squares,measured_graph,72,constant_average_sigma
0.001333521432163324,332658.78732616897,54.699458502058405,ordinary_least_squares,measured_graph,72,constant_average_sigma
0.0017782794100389228,332636.6332980958,32.54543042887235,ordinary_least_squares,measured_graph,72,constant_average_sigma
0.0023713737056616554,332615.7191702402,11.631302573310677,ordinary_least_squares,measured_graph,72,constant_average_sigma
0.0031622776601683794,332604.0878676669,0.0,ordinary_least_squares,measured_graph,72,constant_average_sigma
0.004216965034285823,332618.8939136941,14.806046027166303,ordinary_least_squares,measured_graph,72,constant_average_sigma
0.005623413251903491,332693.33806769934,89.25020003243117,ordinary_least_squares,measured_graph,72,constant_average_sigma
0.007498942093324558,332884.75669400994,280.668826343026,ordinary_least_squares,measured_graph,72,constant_average_sigma
0.01,333277.95460195566,673.8667342887493,ordinary_least_squares,measured_graph,72,constant_average_sigma
0.01333521432163324,333973.9418766383,1369.8540089713642,ordinary_least_squares,measured_graph,72,constant_average_sigma
0.01778279410038923,335059.19658842555,2455.108720758639,ordinary_least_squares,measured_graph,72,constant_average_sigma
0.023713737056616554,336567.2273572184,3963.1394895514823,ordinary_least_squares,measured_graph,72,constant_average_sigma
0.03162277660168379,338459.8950211855,5855.807153518603,ordinary_least_squares,measured_graph,72,constant_average_sigma
0.042169650342858224,340645.91622019024,8041.828352523327,ordinary_least_squares,measured_graph,72,constant_average_sigma
0.05623413251903491,343021.7226252158,10417.63475754892,ordinary_least_squares,measured_graph,72,constant_average_sigma
0.07498942093324558,345510.2003506634,12906.112482996483,ordinary_least_squares,measured_graph,72,constant_average_sigma
0.1,348083.4057202297,15479.317852562817,ordinary_least_squares,measured_graph,72,constant_average_sigma
1e-06,342090.7162279083,1364.6484653907246,ordinary_least_squares,measured_graph,73,constant_average_sigma
1.333521432163324e-06,342090.3634494421,1364.2956869244808,ordinary_least_squares,measured_graph,73,constant_average_sigma
1.778279410038923e-06,342089.8930571964,1363.825294678798,ordinary_least_squares,measured_graph,73,constant_average_sigma
2.3713737056616552e-06,342089.265889955,1363.198127437383,ordinary_least_squares,measured_graph,73,constant_average_sigma
3.162277660168379e-06,342088.42972305405,1362.361960536451,ordinary_least_squares,measured_graph,73,constant_average_sigma
4.216965034285822e-06,342087.31499107287,1361.2472285552649,ordinary_least_squares,measured_graph,73,constant_average_sigma
5.623413251903491e-06,342085.82904134545,1359.7612788278493,ordinary_least_squares,measured_graph,73,constant_average_sigma
7.498942093324558e-06,342083.84849886136,1357.7807363437605,ordinary_least_squares,measured_graph,73,constant_average_sigma
1e-05,342081.20919387974,1355.1414313621353,ordinary_least_squares,measured_graph,73,constant_average_sigma
1.333521432163324e-05,342077.6928134312,1351.6250509136007,ordinary_least_squares,measured_graph,73,constant_average_sigma
1.778279410038923e-05,342073.0093338655,1346.941571347881,ordinary_least_squares,measured_graph,73,constant_average_sigma
2.3713737056616554e-05,342066.77396539476,1340.7062028771616,ordinary_least_squares,measured_graph,73,constant_average_sigma
3.1622776601683795e-05,342058.4771018708,1332.4093393532094,ordinary_least_squares,measured_graph,73,constant_average_sigma
4.216965034285822e-05,342047.44549950224,1321.3777369846357,ordinary_least_squares,measured_graph,73,constant_average_sigma
5.623413251903491e-05,342032.7927729316,1306.7250104140257,ordinary_least_squares,measured_graph,73,constant_average_sigma
7.498942093324559e-05,342013.3575339114,1287.2897713938146,ordinary_least_squares,measured_graph,73,constant_average_sigma
0.0001,341987.628546713,1261.5607841953752,ordinary_least_squares,measured_graph,73,constant_average_sigma
0.0001333521432163324,341953.65912062814,1227.5913581105415,ordinary_least_squares,measured_graph,73,constant_average_sigma
0.00017782794100389227,341908.97953572293,1182.9117732053273,ordinary_least_squares,measured_graph,73,constant_average_sigma
0.00023713737056616554,341850.5303955279,1124.462633010291,ordinary_least_squares,measured_graph,73,constant_average_sigma
0.00031622776601683794,341774.66867168556,1048.600909167959,ordinary_least_squares,measured_graph,73,constant_average_sigma
0.00042169650342858224,341677.35487564455,951.2871131269494,ordinary_least_squares,measured_graph,73,constant_average_sigma
0.0005623413251903491,341554.73449972126,828.6667372036609,ordinary_least_squares,measured_graph,73,constant_average_sigma
0.0007498942093324559,341404.49912940897,678.4313668913674,ordinary_least_squares,measured_graph,73,constant_average_sigma
0.001,341228.6231244671,502.55536194948945,ordinary_least_squares,measured_graph,73,constant_average_sigma
0.001333521432163324,341038.0742557755,312.00649325788254,ordinary_least_squares,measured_graph,73,constant_average_sigma
0.0017782794100389228,340859.05373227224,132.98596975463443,ordinary_least_squares,measured_graph,73,constant_average_sigma
0.0023713737056616554,340736.67090624326,10.60314372566063,ordinary_least_squares,measured_graph,73,constant_average_sigma
0.0031622776601683794,340726.0677625176,0.0,ordinary_least_squares,measured_graph,73,constant_average_sigma
0.004216965034285823,340863.08147354296,137.01371102535632,ordinary_least_squares,measured_graph,73,constant_average_sigma
0.005623413251903491,341132.03158872895,405.963826211344,ordinary_least_squares,measured_graph,73,constant_average_sigma
0.007498942093324558,341471.25463782554,745.1868753079325,ordinary_least_squares,measured_graph,73,constant_average_sigma
0.01,341817.5283778785,1091.4606153608765,ordinary_least_squares,measured_graph,73,constant_average_sigma
0.01333521432163324,342136.3234852724,1410.2557227548095,ordinary_least_squares,measured_graph,73,constant_average_sigma
0.01778279410038923,342414.1201199805,1688.052357462875,ordinary_least_squares,measured_graph,73,constant_average_sigma
0.023713737056616554,342641.48625570216,1915.418493184552,ordinary_least_squares,measured_graph,73,constant_average_sigma
0.03162277660168379,342806.57904437423,2080.5112818566267,ordinary_least_squares,measured_graph,73,constant_average_sigma
0.042169650342858224,342891.4380166328,2165.3702541152015,ordinary_least_squares,measured_graph,73,constant_average_sigma
0.05623413251903491,342869.80910021113,2143.741337693529,ordinary_least_squares,measured_graph,73,constant_average_sigma
0.07498942093324558,342718.0501175837,1991.9823550661094,ordinary_least_squares,measured_graph,73,constant_average_sigma
0.1,342436.4014820459,1710.3337195282802,ordinary_least_squares,measured_graph,73,constant_average_sigma
1e-06,195608.10378180663,41079.77988471126,ordinary_least_squares,measured_graph,74,constant_average_sigma
1.333521432163324e-06,195608.0933887231,41079.769491627725,ordinary_least_squares,measured_graph,74,constant_average_sigma
1.778279410038923e-06,195608.0794733416,41079.75557624624,ordinary_least_squares,measured_graph,74,constant_average_sigma
2.3713737056616552e-06,195608.06081342965,41079.73691633428,ordinary_least_squares,measured_graph,74,constant_average_sigma
3.162277660168379e-06,195608.03574454822,41079.711847452854,ordinary_least_squares,measured_graph,74,constant_average_sigma
4.216965034285822e-06,195608.00198893299,41079.67809183762,ordinary_least_squares,measured_graph,74,constant_average_sigma
5.623413251903491e-06,195607.95638964896,41079.63249255359,ordinary_least_squares,measured_graph,74,constant_average_sigma
7.498942093324558e-06,195607.89454673426,41079.57064963889,ordinary_least_squares,measured_graph,74,constant_average_sigma
1e-05,195607.8102337093,41079.48633661392,ordinary_least_squares,measured_graph,74,constant_average_sigma
1.333521432163324e-05,195607.69452253837,41079.370625443,ordinary_least_squares,measured_graph,74,constant_average_sigma
1.778279410038923e-05,195607.53438925263,41079.21049215726,ordinary_least_squares,measured_graph,74,constant_average_sigma
2.3713737056616554e-05,195607.31048243525,41078.98658533988,ordinary_least_squares,measured_graph,74,constant_average_sigma
3.1622776601683795e-05,195606.99346712758,41078.669570032216,ordinary_least_squares,measured_graph,74,constant_average_sigma
4.216965034285822e-05,195606.5379509597,41078.21405386433,ordinary_least_squares,measured_graph,74,constant_average_sigma
5.623413251903491e-05,195605.8722510427,41077.54835394732,ordinary_least_squares,measured_graph,74,constant_average_sigma
7.498942093324559e-05,195604.8809581912,41076.55706109584,ordinary_least_squares,measured_graph,74,constant_average_sigma
0.0001,195603.3749609818,41075.051063886436,ordinary_least_squares,measured_graph,74,constant_average_sigma
0.0001333521432163324,195601.03953981402,41072.71564271866,ordinary_least_squares,measured_graph,74,constant_average_sigma
0.00017782794100389227,195597.34401558383,41069.020118488465,ordinary_least_squares,measured_graph,74,constant_average_sigma
0.00023713737056616554,195591.3839062668,41063.06000917143,ordinary_least_squares,measured_graph,74,constant_average_sigma
0.00031622776601683794,195581.60463913679,41053.28074204142,ordinary_least_squares,measured_graph,74,constant_average_sigma
0.00042169650342858224,195565.31790479837,41036.994007703004,ordinary_least_squares,measured_graph,74,constant_average_sigma
0.0005623413251903491,195537.85702997202,41009.53313287665,ordinary_least_squares,measured_graph,74,constant_average_sigma
0.0007498942093324559,195491.11072676364,40962.78682966827,ordinary_least_squares,measured_graph,74,constant_average_sigma
0.001,195411.0076183004,40882.683721205045,ordinary_least_squares,measured_graph,74,constant_average_sigma
0.001333521432163324,195273.2941785207,40744.97028142534,ordinary_least_squares,measured_graph,74,constant_average_sigma
0.0017782794100389228,195036.72779761802,40508.40390052265,ordinary_least_squares,measured_graph,74,constant_average_sigma
0.0023713737056616554,194632.90914880988,40104.58525171451,ordinary_least_squares,measured_graph,74,constant_average_sigma
0.0031622776601683794,193953.3343947923,39425.01049769693,ordinary_least_squares,measured_graph,74,constant_average_sigma
0.004216965034285823,192838.90628188182,38310.58238478645,ordinary_least_squares,measured_graph,74,constant_average_sigma
0.005623413251903491,191087.75613689158,36559.43223979621,ordinary_least_squares,measured_graph,74,constant_average_sigma
0.007498942093324558,188511.20306646163,33982.879169366264,ordinary_least_squares,measured_graph,74,constant_average_sigma
0.01,185060.01019049383,30531.686293398467,ordinary_least_squares,measured_graph,74,constant_average_sigma
0.01333521432163324,180963.67765919855,26435.353762103186,ordinary_least_squares,measured_graph,74,constant_average_sigma
0.01778279410038923,176710.6102081485,22182.286311053118,ordinary_least_squares,measured_graph,74,constant_average_sigma
0.023713737056616554,172778.85529515185,18250.531398056482,ordinary_least_squares,measured_graph,74,constant_average_sigma
0.03162277660168379,169328.7801113301,14800.456214234728,ordinary_least_squares,measured_graph,74,constant_average_sigma
0.042169650342858224,166135.7079108258,11607.384013730421,ordinary_least_squares,measured_graph,74,constant_average_sigma
0.05623413251903491,162780.4601884177,8252.136291322327,ordinary_least_squares,measured_graph,74,constant_average_sigma
0.07498942093324558,158927.1024245127,4398.778527417337,ordinary_least_squares,measured_graph,74,constant_average_sigma
0.1,154528.32389709537,0.0,ordinary_least_squares,measured_graph,74,constant_average_sigma
1e-06,37474.03864115125,4880.081563245396,ordinary_least_squares,measured_graph,75,constant_average_sigma
1.333521432163324e-06,37474.01602010917,4880.058942203315,ordinary_least_squares,measured_graph,75,constant_average_sigma
1.778279410038923e-06,37473.98585164041,4880.028773734557,ordinary_least_squares,measured_graph,75,constant_average_sigma
2.3713737056616552e-06,37473.945616702906,4879.98853879705,ordinary_least_squares,measured_graph,75,constant_average_sigma
3.162277660168379e-06,37473.89195397006,4879.934876064202,ordinary_least_squares,measured_graph,75,constant_average_sigma
4.216965034285822e-06,37473.8203787002,4879.863300794343,ordinary_least_squares,measured_graph,75,constant_average_sigma
5.623413251903491e-06,37473.72490472022,4879.7678268143645,ordinary_least_squares,measured_graph,75,constant_average_sigma
7.498942093324558e-06,37473.59754061119,4879.640462705334,ordinary_least_squares,measured_graph,75,constant_average_sigma
1e-05,37473.42761336131,4879.4705354554535,ordinary_least_squares,measured_graph,75,constant_average_sigma
1.333521432163324e-05,37473.200861537145,4879.243783631289,ordinary_least_squares,measured_graph,75,constant_average_sigma
1.778279410038923e-05,37472.89821624157,4878.941138335715,ordinary_least_squares,measured_graph,75,constant_average_sigma
2.3713737056616554e-05,37472.49415808257,4878.537080176713,ordinary_least_squares,measured_graph,75,constant_average_sigma
3.1622776601683795e-05,37471.95449564142,4877.997417735562,ordinary_least_squares,measured_graph,75,constant_average_sigma
4.216965034285822e-05,37471.23334877204,4877.276270866183,ordinary_least_squares,measured_graph,75,constant_average_sigma
5.623413251903491e-05,37470.26903010861,4876.3119522027555,ordinary_least_squares,measured_graph,75,constant_average_sigma
7.498942093324559e-05,37468.978384104645,4875.021306198789,ordinary_least_squares,measured_graph,75,constant_average_sigma
0.0001,37467.24894125894,4873.291863353086,ordinary_least_squares,measured_graph,75,constant_average_sigma
0.0001333521432163324,37464.92793597057,4870.970858064713,ordinary_least_squares,measured_graph,75,constant_average_sigma
0.00017782794100389227,37461.80675629923,4867.849678393373,ordinary_least_squares,measured_graph,75,constant_average_sigma
0.00023713737056616554,37457.59864248444,4863.641564578582,ordinary_least_squares,measured_graph,75,constant_average_sigma
0.00031622776601683794,37451.90626888541,4857.949190979554,ordinary_least_squares,measured_graph,75,constant_average_sigma
0.00042169650342858224,37444.173993637356,4850.2169157315,ordinary_least_squares,measured_graph,75,constant_average_sigma
0.0005623413251903491,37433.61670182184,4839.659623915984,ordinary_least_squares,measured_graph,75,constant_average_sigma
0.0007498942093324559,37419.112865877425,4825.155787971569,ordinary_least_squares,measured_graph,75,constant_average_sigma
0.001,37399.043226066235,4805.086148160379,ordinary_least_squares,measured_graph,75,constant_average_sigma
0.001333521432163324,37371.04794321469,4777.090865308834,ordinary_least_squares,measured_graph,75,constant_average_sigma
0.0017782794100389228,37331.66379013093,4737.706712225074,ordinary_least_squares,measured_graph,75,constant_average_sigma
0.0023713737056616554,37275.78805281553,4681.830974909673,ordinary_least_squares,measured_graph,75,constant_average_sigma
0.0031622776601683794,37195.899304892184,4601.942226986328,ordinary_least_squares,measured_graph,75,constant_average_sigma
0.004216965034285823,37080.9923416098,4487.035263703947,ordinary_least_squares,measured_graph,75,constant_average_sigma
0.005623413251903491,36915.518868825595,4321.561790919739,ordinary_least_squares,measured_graph,75,constant_average_sigma
0.007498942093324558,36679.92808383876,4085.971005932901,ordinary_least_squares,measured_graph,75,constant_average_sigma
0.01,36356.36801989201,3762.410941986156,ordinary_least_squares,measured_graph,75,constant_average_sigma
0.01333521432163324,35940.9247672103,3346.9676893044452,ordinary_least_squares,measured_graph,75,constant_average_sigma
0.01778279410038923,35453.8056660594,2859.8485881535453,ordinary_least_squares,measured_graph,75,constant_average_sigma
0.023713737056616554,34934.70547036757,2340.748392461712,ordinary_least_squares,measured_graph,75,constant_average_sigma
0.03162277660168379,34424.12135356351,1830.1642756576548,ordinary_least_squares,measured_graph,75,constant_average_sigma
0.042169650342858224,33945.08300310704,1351.1259252011878,ordinary_least_squares,measured_graph,75,constant_average_sigma
0.05623413251903491,33496.4468364109,902.4897585050421,ordinary_least_squares,measured_graph,75,constant_average_sigma
0.07498942093324558,33056.25730444615,462.30022654029744,ordinary_least_squares,measured_graph,75,constant_average_sigma
0.1,32593.957077905856,0.0,ordinary_least_squares,measured_graph,75,constant_average_sigma
1e-06,703.816495923666,0.0,ordinary_least_squares,measured_graph,76,constant_average_sigma
1.333521432163324e-06,703.8218349871804,0.005339063514384179,ordinary_least_squares,measured_graph,76,constant_average_sigma
1.778279410038923e-06,703.8289548739242,0.012458950258178447,ordinary_least_squares,measured_graph,76,constant_average_sigma
2.3713737056616552e-06,703.8384496916404,0.0219537679744235,ordinary_least_squares,measured_graph,76,constant_average_sigma
3.162277660168379e-06,703.8511118235876,0.03461589992161862,ordinary_least_squares,measured_graph,76,constant_average_sigma
4.216965034285822e-06,703.8679980955311,0.051502171865081436,ordinary_least_squares,measured_graph,76,constant_average_sigma
5.623413251903491e-06,703.8905180755596,0.07402215189358685,ordinary_least_squares,measured_graph,76,constant_average_sigma
7.498942093324558e-06,703.920552138029,0.10405621436302681,ordinary_least_squares,measured_graph,76,constant_average_sigma
1e-05,703.9606089138651,0.14411299019911894,ordinary_least_squares,measured_graph,76,constant_average_sigma
1.333521432163324e-05,704.014035589154,0.19753966548796598,ordinary_least_squares,measured_graph,76,constant_average_sigma
1.778279410038923e-05,704.0852991990346,0.26880327536855475,ordinary_least_squares,measured_graph,76,constant_average_sigma
2.3713737056616554e-05,704.1803627834288,0.36386685976276567,ordinary_least_squares,measured_graph,76,constant_average_sigma
3.1622776601683795e-05,704.3071891126581,0.4906931889920543,ordinary_least_squares,measured_graph,76,constant_average_sigma
4.216965034285822e-05,704.476416201177,0.6599202775109916,ordinary_least_squares,measured_graph,76,constant_average_sigma
5.623413251903491e-05,704.7022648373113,0.8857689136452791,ordinary_least_squares,measured_graph,76,constant_average_sigma
7.498942093324559e-05,705.0037607503762,1.187264826710134,ordinary_least_squares,measured_graph,76,constant_average_sigma
0.0001,705.4063859061603,1.5898899824942418,ordinary_least_squares,measured_graph,76,constant_average_sigma
0.0001333521432163324,705.944319149091,2.1278232254250042,ordinary_least_squares,measured_graph,76,constant_average_sigma
0.00017782794100389227,706.6634937121366,2.846997788470617,ordinary_least_squares,measured_graph,76,constant_average_sigma
0.00023713737056616554,707.6258004444417,3.8093045207756404,ordinary_least_squares,measured_graph,76,constant_average_sigma
0.00031622776601683794,708.9149222071705,5.098426283504523,ordinary_least_squares,measured_graph,76,constant_average_sigma
0.00042169650342858224,710.6445347957995,6.8280388721334475,ordinary_least_squares,measured_graph,76,constant_average_sigma
0.0005623413251903491,712.9700216708657,9.153525747199637,ordinary_least_squares,measured_graph,76,constant_average_sigma
0.0007498942093324559,716.1055531288121,12.289057205146037,ordinary_least_squares,measured_graph,76,constant_average_sigma
0.001,720.3496220875212,16.533126163855172,ordinary_least_squares,measured_graph,76,constant_average_sigma
0.001333521432163324,726.1243796339965,22.30788371033043,ordinary_least_squares,measured_graph,76,constant_average_sigma
0.0017782794100389228,734.03823407555,30.221738151883983,ordinary_least_squares,measured_graph,76,constant_average_sigma
0.0023713737056616554,744.988517155748,41.17202123208199,ordinary_least_squares,measured_graph,76,constant_average_sigma
0.0031622776601683794,760.3327893909725,56.51629346730647,ordinary_least_squares,measured_graph,76,constant_average_sigma
0.004216965034285823,782.1713746202806,78.3548786966146,ordinary_least_squares,measured_graph,76,constant_average_sigma
0.005623413251903491,813.7876141495101,109.97111822584407,ordinary_least_squares,measured_graph,76,constant_average_sigma
0.007498942093324558,860.268353825011,156.45185790134497,ordinary_least_squares,measured_graph,76,constant_average_sigma
0.01,929.3062429886174,225.48974706495142,ordinary_least_squares,measured_graph,76,constant_average_sigma
0.01333521432163324,1032.2638465129019,328.44735058923584,ordinary_least_squares,measured_graph,76,constant_average_sigma
0.01778279410038923,1185.608983272099,481.79248734843304,ordinary_least_squares,measured_graph,76,constant_average_sigma
0.023713737056616554,1412.221305619481,708.404809695815,ordinary_least_squares,measured_graph,76,constant_average_sigma
0.03162277660168379,1740.5593213602867,1036.7428254366207,ordinary_least_squares,measured_graph,76,constant_average_sigma
0.042169650342858224,2197.8653740940103,1494.0488781703443,ordinary_least_squares,measured_graph,76,constant_average_sigma
0.05623413251903491,2793.3136258730647,2089.4971299493986,ordinary_least_squares,measured_graph,76,constant_average_sigma
0.07498942093324558,3493.095975133741,2789.279479210075,ordinary_least_squares,measured_graph,76,constant_average_sigma
0.1,4206.720668244336,3502.9041723206697,ordinary_least_squares,measured_graph,76,constant_average_sigma
1e-06,297608.4733075565,47872.66861800887,ordinary_least_squares,measured_graph,78,constant_average_sigma
1.333521432163324e-06,297608.31237027096,47872.507680723356,ordinary_least_squares,measured_graph,78,constant_average_sigma
1.778279410038923e-06,297608.0976300493,47872.29294050168,ordinary_least_squares,measured_graph,78,constant_average_sigma
2.3713737056616552e-06,297607.81103085325,47872.00634130565,ordinary_least_squares,measured_graph,78,constant_average_sigma
3.162277660168379e-06,297607.4284168871,47871.62372733952,ordinary_least_squares,measured_graph,78,constant_average_sigma
4.216965034285822e-06,297606.9174397481,47871.112750200526,ordinary_least_squares,measured_graph,78,constant_average_sigma
5.623413251903491e-06,297606.2346970561,47870.43000750852,ordinary_least_squares,measured_graph,78,constant_average_sigma
7.498942093324558e-06,297605.3218578583,47869.517168310675,ordinary_least_squares,measured_graph,78,constant_average_sigma
1e-05,297604.1003223058,47868.29563275821,ordinary_least_squares,measured_graph,78,constant_average_sigma
1.333521432163324e-05,297602.4638306943,47866.65914114672,ordinary_least_squares,measured_graph,78,constant_average_sigma
1.778279410038923e-05,297600.2681151539,47864.463425606285,ordinary_least_squares,measured_graph,78,constant_average_sigma
2.3713737056616554e-05,297597.31622432696,47861.51153477936,ordinary_least_squares,measured_graph,78,constant_average_sigma
3.1622776601683795e-05,297593.3374053001,47857.53271575252,ordinary_least_squares,measured_graph,78,constant_average_sigma
4.216965034285822e-05,297587.9561834875,47852.15149393989,ordinary_least_squares,measured_graph,78,constant_average_sigma
5.623413251903491e-05,297580.6462473565,47844.84155780889,ordinary_least_squares,measured_graph,78,constant_average_sigma
7.498942093324559e-05,297570.66028264374,47834.855593096145,ordinary_least_squares,measured_graph,78,constant_average_sigma
0.0001,297556.92106991744,47821.116380369844,ordinary_least_squares,measured_graph,78,constant_average_sigma
0.0001333521432163324,297537.8491683859,47802.0444788383,ordinary_least_squares,measured_graph,78,constant_average_sigma
0.00017782794100389227,297511.0854399543,47775.2807504067,ordinary_least_squares,measured_graph,78,constant_average_sigma
0.00023713737056616554,297473.0375593302,47737.23286978257,ordinary_least_squares,measured_graph,78,constant_average_sigma
0.00031622776601683794,297418.1305284002,47682.32583885259,ordinary_least_squares,measured_graph,78,constant_average_sigma
0.00042169650342858224,297337.5601987058,47601.75550915822,ordinary_least_squares,measured_graph,78,constant_average_sigma
0.0005623413251903491,297217.22137776535,47481.41668821775,ordinary_least_squares,measured_graph,78,constant_average_sigma
0.0007498942093324559,297034.3012128865,47298.49652333892,ordinary_least_squares,measured_graph,78,constant_average_sigma
0.001,296751.83412881003,47016.029439262435,ordinary_least_squares,measured_graph,78,constant_average_sigma
0.001333521432163324,296310.51528841304,46574.71059886544,ordinary_least_squares,measured_graph,78,constant_average_sigma
0.0017782794100389228,295617.9514108439,45882.146721296274,ordinary_least_squares,measured_graph,78,constant_average_sigma
0.0023713737056616554,294539.00229705626,44803.19760750866,ordinary_least_squares,measured_graph,78,constant_average_sigma
0.0031622776601683794,292899.67946953553,43163.874779987935,ordinary_least_squares,measured_graph,78,constant_average_sigma
0.004216965034285823,290530.41781255096,40794.613123003364,ordinary_least_squares,measured_graph,78,constant_average_sigma
0.005623413251903491,287371.78883808217,37635.98414853457,ordinary_least_squares,measured_graph,78,constant_average_sigma
0.007498942093324558,283598.5552839573,33862.75059440968,ordinary_least_squares,measured_graph,78,constant_average_sigma
0.01,279606.60505439143,29870.80036484383,ordinary_least_squares,measured_graph,78,constant_average_sigma
0.01333521432163324,275771.8748092772,26036.070119729586,ordinary_least_squares,measured_graph,78,constant_average_sigma
0.01778279410038923,272190.6434262,22454.838736652426,ordinary_least_squares,measured_graph,78,constant_average_sigma
0.023713737056616554,268672.56873743585,18936.764047888253,ordinary_least_squares,measured_graph,78,constant_average_sigma
0.03162277660168379,264955.8702241244,15220.065534576803,ordinary_least_squares,measured_graph,78,constant_average_sigma
0.042169650342858224,260943.52624278804,11207.721553240437,ordinary_least_squares,measured_graph,78,constant_average_sigma
0.05623413251903491,256816.0290035265,7080.224313978892,ordinary_least_squares,measured_graph,78,constant_average_sigma
0.07498942093324558,252956.5820256715,3220.777336123894,ordinary_least_squares,measured_graph,78,constant_average_sigma
0.1,249735.8046895476,0.0,ordinary_least_squares,measured_graph,78,constant_average_sigma
1e-06,13451.656668638161,32.65169095406054,ordinary_least_squares,measured_graph,79,constant_average_sigma
1.333521432163324e-06,13451.6565236061,32.65154592199906,ordinary_least_squares,measured_graph,79,constant_average_sigma
1.778279410038923e-06,13451.656330175721,32.651352491620855,ordinary_least_squares,measured_graph,79,constant_average_sigma
2.3713737056616552e-06,13451.656072368203,32.651094684102645,ordinary_least_squares,measured_graph,79,constant_average_sigma
3.162277660168379e-06,13451.655728670514,32.650750986413186,ordinary_least_squares,measured_graph,79,constant_average_sigma
4.216965034285822e-06,13451.655270572375,32.650292888274635,ordinary_least_squares,measured_graph,79,constant_average_sigma
5.623413251903491e-06,13451.65466006598,32.64968238187976,ordinary_least_squares,measured_graph,79,constant_average_sigma
7.498942093324558e-06,13451.653846604979,32.64886892087816,ordinary_least_squares,measured_graph,79,constant_average_sigma
1e-05,13451.65276303248,32.64778534837933,ordinary_least_squares,measured_graph,79,constant_average_sigma
1.333521432163324e-05,13451.651320195479,32.64634251137795,ordinary_least_squares,measured_graph,79,constant_average_sigma
1.778279410038923e-05,13451.649399912709,32.644422228608164,ordinary_least_squares,measured_graph,79,constant_average_sigma
2.3713737056616554e-05,13451.646845897845,32.6418682137446,ordinary_least_squares,measured_graph,79,constant_average_sigma
3.1622776601683795e-05,13451.643452025146,32.63847434104537,ordinary_least_squares,measured_graph,79,constant_average_sigma
4.216965034285822e-05,13451.638947498546,32.63396981444566,ordinary_least_squares,measured_graph,79,constant_average_sigma
5.623413251903491e-05,13451.63297848975,32.62800080564921,ordinary_least_squares,measured_graph,79,constant_average_sigma
7.498942093324559e-05,13451.625086117661,32.620108433560745,ordinary_least_squares,measured_graph,79,constant_average_sigma
0.0001,13451.614681562474,32.60970387837369,ordinary_least_squares,measured_graph,79,constant_average_sigma
0.0001333521432163324,13451.601020842414,32.59604315831348,ordinary_least_squares,measured_graph,79,constant_average_sigma
0.00017782794100389227,13451.583185437918,32.57820775381697,ordinary_least_squares,measured_graph,79,constant_average_sigma
0.00023713737056616554,13451.56008197063,32.55510428652997,ordinary_least_squares,measured_graph,79,constant_average_sigma
0.00031622776601683794,13451.530487388785,32.52550970468474,ordinary_least_squares,measured_graph,79,constant_average_sigma
0.00042169650342858224,13451.493190444493,32.488212760392344,ordinary_least_squares,measured_graph,79,constant_average_sigma
0.0005623413251903491,13451.447323310176,32.44234562607562,ordinary_least_squares,measured_graph,79,constant_average_sigma
0.0007498942093324559,13451.393048396934,32.38807071283372,ordinary_least_squares,measured_graph,79,constant_average_sigma
0.001,13451.332865016935,32.32788733283451,ordinary_least_squares,measured_graph,79,constant_average_sigma
0.001333521432163324,13451.273870920075,32.26889323597425,ordinary_least_squares,measured_graph,79,constant_average_sigma
0.0017782794100389228,13451.231079049498,32.22610136539697,ordinary_least_squares,measured_graph,79,constant_average_sigma
0.0023713737056616554,13451.230487332527,32.22550964842594,ordinary_least_squares,measured_graph,79,constant_average_sigma
0.0031622776601683794,13451.306335053589,32.30135736948796,ordinary_least_squares,measured_graph,79,constant_average_sigma
0.004216965034285823,13451.47932597136,32.47434828726,ordinary_least_squares,measured_graph,79,constant_average_sigma
0.005623413251903491,13451.699582187803,32.69460450370207,ordinary_least_squares,measured_graph,79,constant_average_sigma
0.007498942093324558,13451.761752529792,32.756774845691325,ordinary_least_squares,measured_graph,79,constant_average_sigma
0.01,13451.260163884588,32.255186200487515,ordinary_least_squares,measured_graph,79,constant_average_sigma
0.01333521432163324,13449.680532915889,30.675555231788167,ordinary_least_squares,measured_graph,79,constant_average_sigma
0.01778279410038923,13446.619731626055,27.614753941954405,ordinary_least_squares,measured_graph,79,constant_average_sigma
0.023713737056616554,13442.013201028854,23.008223344753787,ordinary_least_squares,measured_graph,79,constant_average_sigma
0.03162277660168379,13436.305022738301,17.300045054200382,ordinary_least_squares,measured_graph,79,constant_average_sigma
0.042169650342858224,13430.466455538779,11.461477854678378,ordinary_least_squares,measured_graph,79,constant_average_sigma
0.05623413251903491,13425.611307711453,6.606330027352669,ordinary_least_squares,measured_graph,79,constant_average_sigma
0.07498942093324558,13422.149667387857,3.1446897037567396,ordinary_least_squares,measured_graph,79,constant_average_sigma
0.1,13419.0049776841,0.0,ordinary_least_squares,measured_graph,79,constant_average_sigma
1e-06,997.7941086002039,8.511923198044428,ordinary_least_squares,measured_graph,80,constant_average_sigma
1.333521432163324e-06,997.7941071980978,8.511921795938292,ordinary_least_squares,measured_graph,80,constant_average_sigma
1.778279410038923e-06,997.7941052981705,8.511919896011023,ordinary_least_squares,measured_graph,80,constant_average_sigma
2.3713737056616552e-06,997.7941027141277,8.511917311968205,ordinary_least_squares,measured_graph,80,constant_average_sigma
3.162277660168379e-06,997.7940991860854,8.511913783925934,ordinary_least_squares,measured_graph,80,constant_average_sigma
4.216965034285822e-06,997.794094330177,8.511908928017533,ordinary_least_squares,measured_graph,80,constant_average_sigma
5.623413251903491e-06,997.794087585506,8.511902183346479,ordinary_least_squares,measured_graph,80,constant_average_sigma
7.498942093324558e-06,997.7940781170101,8.51189271485066,ordinary_least_squares,measured_graph,80,constant_average_sigma
1e-05,997.7940646401912,8.511879238031725,ordinary_least_squares,measured_graph,80,constant_average_sigma
1.333521432163324e-05,997.7940451568498,8.511859754690363,ordinary_least_squares,measured_graph,80,constant_average_sigma
1.778279410038923e-05,997.794016485698,8.511831083538482,ordinary_least_squares,measured_graph,80,constant_average_sigma
2.3713737056616554e-05,997.7939734582669,8.511788056107434,ordinary_least_squares,measured_graph,80,constant_average_sigma
3.1622776601683795e-05,997.7939075351088,8.51172213294933,ordinary_least_squares,measured_graph,80,constant_average_sigma
4.216965034285822e-05,997.7938043802412,8.511618978081742,ordinary_least_squares,measured_graph,80,constant_average_sigma
5.623413251903491e-05,997.793639593727,8.511454191567509,ordinary_least_squares,measured_graph,80,constant_average_sigma
7.498942093324559e-05,997.7933711537369,8.511185751577386,ordinary_least_squares,measured_graph,80,constant_average_sigma
0.0001,997.7929259402816,8.51074053812215,ordinary_least_squares,measured_graph,80,constant_average_sigma
0.0001333521432163324,997.7921755640498,8.5099901618903,ordinary_least_squares,measured_graph,80,constant_average_sigma
0.00017782794100389227,997.7908927187768,8.508707316617347,ordinary_least_squares,measured_graph,80,constant_average_sigma
0.00023713737056616554,997.7886718183909,8.506486416231382,ordinary_least_squares,measured_graph,80,constant_average_sigma
0.00031622776601683794,997.7847836244692,8.502598222309757,ordinary_least_squares,measured_graph,80,constant_average_sigma
0.00042169650342858224,997.7779070796861,8.495721677526603,ordinary_least_squares,measured_graph,80,constant_average_sigma
0.0005623413251903491,997.7656320238909,8.483446621731446,ordinary_least_squares,measured_graph,80,constant_average_sigma
0.0007498942093324559,997.7435369631374,8.46135156097796,ordinary_least_squares,measured_graph,80,constant_average_sigma
0.001,997.7034984948023,8.421313092642777,ordinary_least_squares,measured_graph,80,constant_average_sigma
0.001333521432163324,997.6307009177714,8.348515515611894,ordinary_least_squares,measured_graph,80,constant_average_sigma
0.0017782794100389228,997.4987706665039,8.216585264344417,ordinary_least_squares,measured_graph,80,constant_average_sigma
0.0023713737056616554,997.2631895168053,7.981004114645771,ordinary_least_squares,measured_graph,80,constant_average_sigma
0.0031622776601683794,996.8557637411761,7.573578339016649,ordinary_least_squares,measured_graph,80,constant_average_sigma
0.004216965034285823,996.1875601777002,6.905374775540736,ordinary_least_squares,measured_graph,80,constant_average_sigma
0.005623413251903491,995.1712773294336,5.88909192727408,ordinary_least_squares,measured_graph,80,constant_average_sigma
0.007498942093324558,993.7740974737012,4.491912071541719,ordinary_least_squares,measured_graph,80,constant_average_sigma
0.01,992.1050422990384,2.822856896878875,ordinary_least_squares,measured_graph,80,constant_average_sigma
0.01333521432163324,990.4944892116879,1.2123038095284073,ordinary_least_squares,measured_graph,80,constant_average_sigma
0.01778279410038923,989.4325414245257,0.15035602236616796,ordinary_least_squares,measured_graph,80,constant_average_sigma
0.023713737056616554,989.2821854021595,0.0,ordinary_least_squares,measured_graph,80,constant_average_sigma
0.03162277660168379,989.9997818563013,0.7175964541418125,ordinary_least_squares,measured_graph,80,constant_average_sigma
0.042169650342858224,991.2043513438954,1.9221659417358978,ordinary_least_squares,measured_graph,80,constant_average_sigma
0.05623413251903491,992.5058471453647,3.2236617432051844,ordinary_least_squares,measured_graph,80,constant_average_sigma
0.07498942093324558,993.7120310119325,4.429845609772997,ordinary_least_squares,measured_graph,80,constant_average_sigma
0.1,994.8009466515338,5.518761249374279,ordinary_least_squares,measured_graph,80,constant_average_sigma
1e-06,848.8702585515593,0.0,ordinary_least_squares,measured_graph,81,constant_average_sigma
1.333521432163324e-06,848.8711014088711,0.000842857311795342,ordinary_least_squares,measured_graph,81,constant_average_sigma
1.778279410038923e-06,848.8722257771777,0.001967225618386692,ordinary_least_squares,measured_graph,81,constant_average_sigma
2.3713737056616552e-06,848.8737258666255,0.0034673150661319596,ordinary_least_squares,measured_graph,81,constant_average_sigma
3.162277660168379e-06,848.8757275481086,0.005468996549211624,ordinary_least_squares,measured_graph,81,constant_average_sigma
4.216965034285822e-06,848.878399107029,0.008140555469708488,ordinary_least_squares,measured_graph,81,constant_average_sigma
5.623413251903491e-06,848.8819657301349,0.011707178575534272,ordinary_least_squares,measured_graph,81,constant_average_sigma
7.498942093324558e-06,848.8867290845186,0.01647053295926071,ordinary_least_squares,measured_graph,81,constant_average_sigma
1e-05,848.8930938926861,0.022835341126778985,ordinary_least_squares,measured_graph,81,constant_average_sigma
1.333521432163324e-05,848.9016042027154,0.031345651156016174,ordinary_least_squares,measured_graph,81,constant_average_sigma
1.778279410038923e-05,848.9129932231865,0.042734671627158605,ordinary_least_squares,measured_graph,81,constant_average_sigma
2.3713737056616554e-05,848.9282523885663,0.05799383700696126,ordinary_least_squares,measured_graph,81,constant_average_sigma
3.1622776601683795e-05,848.948728076389,0.07846952482964298,ordinary_least_squares,measured_graph,81,constant_average_sigma
4.216965034285822e-05,848.9762587384885,0.10600018692912272,ordinary_least_squares,measured_graph,81,constant_average_sigma
5.623413251903491e-05,849.0133721640934,0.14311361253407995,ordinary_least_squares,measured_graph,81,constant_average_sigma
7.498942093324559e-05,849.0635738290212,0.19331527746180655,ordinary_least_squares,measured_graph,81,constant_average_sigma
0.0001,849.1317756636189,0.2615171120595505,ordinary_least_squares,measured_graph,81,constant_average_sigma
0.0001333521432163324,849.2249446448891,0.35468609332974665,ordinary_least_squares,measured_graph,81,constant_average_sigma
0.00017782794100389227,849.3530995478509,0.482840996291543,ordinary_least_squares,measured_graph,81,constant_average_sigma
0.00023713737056616554,849.5308621935856,0.6606036420262171,ordinary_least_squares,measured_graph,81,constant_average_sigma
0.00031622776601683794,849.7798883570288,0.9096298054694216,ordinary_least_squares,measured_graph,81,constant_average_sigma
0.00042169650342858224,850.1326670252614,1.2624084737020667,ordinary_least_squares,measured_graph,81,constant_average_sigma
0.0005623413251903491,850.6383472167818,1.7680886652224217,ordinary_least_squares,measured_graph,81,constant_average_sigma
0.0007498942093324559,851.3712497044389,2.5009911528795783,ordinary_least_squares,measured_graph,81,constant_average_sigma
0.001,852.4419741652629,3.5717156137035317,ordinary_least_squares,measured_graph,81,constant_average_sigma
0.001333521432163324,854.0080774850861,5.137818933526773,ordinary_least_squares,measured_graph,81,constant_average_sigma
0.0017782794100389228,856.2735857221573,7.403327170598004,ordinary_least_squares,measured_graph,81,constant_average_sigma
0.0023713737056616554,859.4530375710908,10.582779019531472,ordinary_least_squares,measured_graph,81,constant_average_sigma
0.0031622776601683794,863.6692332741427,14.798974722583353,ordinary_least_squares,measured_graph,81,constant_average_sigma
0.004216965034285823,868.7983660549132,19.928107503353885,ordinary_least_squares,measured_graph,81,constant_average_sigma
0.005623413251903491,874.3967826703791,25.526524118819793,ordinary_least_squares,measured_graph,81,constant_average_sigma
0.007498942093324558,879.8825278651758,31.012269313616457,ordinary_least_squares,measured_graph,81,constant_average_sigma
0.01,884.8880387858171,36.01778023425777,ordinary_least_squares,measured_graph,81,constant_average_sigma
0.01333521432163324,889.4443064833406,40.57404793178125,ordinary_least_squares,measured_graph,81,constant_average_sigma
0.01778279410038923,893.8507272000637,44.98046864850437,ordinary_least_squares,measured_graph,81,constant_average_sigma
0.023713737056616554,898.434176195001,49.56391764344164,ordinary_least_squares,measured_graph,81,constant_average_sigma
0.03162277660168379,903.4376862181265,54.56742766656714,ordinary_least_squares,measured_graph,81,constant_average_sigma
0.042169650342858224,909.0627537048933,60.192495153333994,ordinary_least_squares,measured_graph,81,constant_average_sigma
0.05623413251903491,915.5268566414762,66.65659808991688,ordinary_least_squares,measured_graph,81,constant_average_sigma
0.07498942093324558,923.0144612601403,74.1442027085809,ordinary_least_squares,measured_graph,81,constant_average_sigma
0.1,931.5327328144228,82.6624742628635,ordinary_least_squares,measured_graph,81,constant_average_sigma
1e-06,1020.0252650110981,227.36669740989873,ordinary_least_squares,measured_graph,83,constant_average_sigma
1.333521432163324e-06,1020.0250609207808,227.36649331958142,ordinary_least_squares,measured_graph,83,constant_average_sigma
1.778279410038923e-06,1020.0247885277546,227.36622092655523,ordinary_least_squares,measured_graph,83,constant_average_sigma
2.3713737056616552e-06,1020.024424864434,227.3658572632346,ordinary_least_squares,measured_graph,83,constant_average_sigma
3.162277660168379e-06,1020.0239391723601,227.36537157116072,ordinary_least_squares,measured_graph,83,constant_average_sigma
4.216965034285822e-06,1020.0232901620167,227.3647225608173,ordinary_least_squares,measured_graph,83,constant_average_sigma
5.623413251903491e-06,1020.0224223353316,227.36385473413225,ordinary_least_squares,measured_graph,83,constant_average_sigma
7.498942093324558e-06,1020.021260880113,227.36269327891364,ordinary_least_squares,measured_graph,83,constant_average_sigma
1e-05,1020.0197046008964,227.361136999697,ordinary_least_squares,measured_graph,83,constant_average_sigma
1.333521432163324e-05,1020.0176160130829,227.35904841188358,ordinary_least_squares,measured_graph,83,constant_average_sigma
1.778279410038923e-05,1020.0148072724365,227.35623967123718,ordinary_least_squares,measured_graph,83,constant_average_sigma
2.3713737056616554e-05,1020.0110198534898,227.3524522522904,ordinary_least_squares,measured_graph,83,constant_average_sigma
3.1622776601683795e-05,1020.0058947458446,227.3473271446452,ordinary_least_squares,measured_graph,83,constant_average_sigma
4.216965034285822e-05,1019.9989278424429,227.3403602412435,ordinary_least_squares,measured_graph,83,constant_average_sigma
5.623413251903491e-05,1019.9894018326099,227.33083423141056,ordinary_least_squares,measured_graph,83,constant_average_sigma
7.498942093324559e-05,1019.9762800529073,227.31771245170796,ordinary_least_squares,measured_graph,83,constant_average_sigma
0.0001,1019.9580377157465,227.29947011454715,ordinary_least_squares,measured_graph,83,constant_average_sigma
0.0001333521432163324,1019.9323884856869,227.27382088448758,ordinary_least_squares,measured_graph,83,constant_average_sigma
0.00017782794100389227,1019.89583392023,227.2372663190306,ordinary_least_squares,measured_graph,83,constant_average_sigma
0.00023713737056616554,1019.8429098303147,227.18434222911537,ordinary_least_squares,measured_graph,83,constant_average_sigma
0.00031622776601683794,1019.7649091506942,227.1063415494948,ordinary_least_squares,measured_graph,83,constant_average_sigma
0.00042169650342858224,1019.6476926963594,226.98912509516003,ordinary_least_squares,measured_graph,83,constant_average_sigma
0.0005623413251903491,1019.4678960260974,226.809328424898,ordinary_least_squares,measured_graph,83,constant_average_sigma
0.0007498942093324559,1019.1862846847777,226.5277170835783,ordinary_least_squares,measured_graph,83,constant_average_sigma
0.001,1018.7359668728608,226.07739927166142,ordinary_least_squares,measured_graph,83,constant_average_sigma
0.001333521432163324,1018.0011740714174,225.34260647021802,ordinary_least_squares,measured_graph,83,constant_average_sigma
0.0017782794100389228,1016.7785204325628,224.11995283136343,ordinary_least_squares,measured_graph,83,constant_average_sigma
0.0023713737056616554,1014.7061537495003,222.04758614830098,ordinary_least_squares,measured_graph,83,constant_average_sigma
0.0031622776601683794,1011.1394095012749,218.48084190007557,ordinary_least_squares,measured_graph,83,constant_average_sigma
0.004216965034285823,1004.9634767995348,212.3049091983354,ordinary_least_squares,measured_graph,83,constant_average_sigma
0.005623413251903491,994.4230781623263,201.76451056112694,ordinary_least_squares,measured_graph,83,constant_average_sigma
0.007498942093324558,977.2802437846027,184.62167618340334,ordinary_least_squares,measured_graph,83,constant_average_sigma
0.01,951.8175291038046,159.15896150260528,ordinary_least_squares,measured_graph,83,constant_average_sigma
0.01333521432163324,918.7501163904878,126.09154878928848,ordinary_least_squares,measured_graph,83,constant_average_sigma
0.01778279410038923,882.5489062307308,89.89033862953147,ordinary_least_squares,measured_graph,83,constant_average_sigma
0.023713737056616554,849.778085371649,57.11951777044965,ordinary_least_squares,measured_graph,83,constant_average_sigma
0.03162277660168379,825.080997204904,32.422429603704586,ordinary_least_squares,measured_graph,83,constant_average_sigma
0.042169650342858224,809.0795764660577,16.421008864858322,ordinary_least_squares,measured_graph,83,constant_average_sigma
0.05623413251903491,799.8000917063234,7.141524105124063,ordinary_least_squares,measured_graph,83,constant_average_sigma
0.07498942093324558,794.9113486553318,2.2527810541324698,ordinary_least_squares,measured_graph,83,constant_average_sigma
0.1,792.6585676011994,0.0,ordinary_least_squares,measured_graph,83,constant_average_sigma
1e-06,13151.367415807083,0.0,ordinary_least_squares,measured_graph,84,constant_average_sigma
1.333521432163324e-06,13151.367469918869,5.411178608483169e-05,ordinary_least_squares,measured_graph,84,constant_average_sigma
1.778279410038923e-06,13151.36754222685,0.00012641976718441583,ordinary_least_squares,measured_graph,84,constant_average_sigma
2.3713737056616552e-06,13151.367638914468,0.00022310738495434634,ordinary_least_squares,measured_graph,84,constant_average_sigma
3.162277660168379e-06,13151.367768318525,0.000352511442542891,ordinary_least_squares,measured_graph,84,constant_average_sigma
4.216965034285822e-06,13151.367941717814,0.0005259107310848776,ordinary_least_squares,measured_graph,84,constant_average_sigma
5.623413251903491e-06,13151.36817442459,0.000758617507017334,ordinary_least_squares,measured_graph,84,constant_average_sigma
7.498942093324558e-06,13151.368487376483,0.0010715694006648846,ordinary_least_squares,measured_graph,84,constant_average_sigma
1e-05,13151.368909367771,0.0014935606886865571,ordinary_least_squares,measured_graph,84,constant_average_sigma
1.333521432163324e-05,13151.36948037694,0.002064569856884191,ordinary_least_squares,measured_graph,84,constant_average_sigma
1.778279410038923e-05,13151.37025648642,0.0028406793371686945,ordinary_least_squares,measured_graph,84,constant_average_sigma
2.3713737056616554e-05,13151.37131737981,0.003901572727045277,ordinary_least_squares,measured_graph,84,constant_average_sigma
3.1622776601683795e-05,13151.372777910736,0.00536210365316947,ordinary_least_squares,measured_graph,84,constant_average_sigma
4.216965034285822e-05,13151.37480625518,0.007390448097794433,ordinary_least_squares,measured_graph,84,constant_average_sigma
5.623413251903491e-05,13151.377652741612,0.010236934529530117,ordinary_least_squares,measured_graph,84,constant_average_sigma
7.498942093324559e-05,13151.38169593502,0.014280127938036458,ordinary_least_squares,measured_graph,84,constant_average_sigma
0.0001,13151.387516244818,0.02010043773589132,ordinary_least_squares,measured_graph,84,constant_average_sigma
0.0001333521432163324,13151.396012061716,0.028596254633157514,ordinary_least_squares,measured_graph,84,constant_average_sigma
0.00017782794100389227,13151.408577424092,0.04116161700949306,ordinary_least_squares,measured_graph,84,constant_average_sigma
0.00023713737056616554,13151.427356752005,0.05994094492234581,ordinary_least_squares,measured_graph,84,constant_average_sigma
0.00031622776601683794,13151.455562512432,0.08814670534957258,ordinary_least_squares,measured_graph,84,constant_average_sigma
0.00042169650342858224,13151.497745811403,0.13033000432005792,ordinary_least_squares,measured_graph,84,constant_average_sigma
0.0005623413251903491,13151.5597006604,0.19228485331768752,ordinary_least_squares,measured_graph,84,constant_average_sigma
0.0007498942093324559,13151.647446269439,0.28003046235608053,ordinary_least_squares,measured_graph,84,constant_average_sigma
0.001,13151.765106319745,0.39769051266193856,ordinary_least_squares,measured_graph,84,constant_average_sigma
0.001333521432163324,13151.91376842788,0.5463526207968243,ordinary_least_squares,measured_graph,84,constant_average_sigma
0.0017782794100389228,13152.09636575626,0.7289499491780589,ordinary_least_squares,measured_graph,84,constant_average_sigma
0.0023713737056616554,13152.328654387771,0.9612385806885868,ordinary_least_squares,measured_graph,84,constant_average_sigma
0.0031622776601683794,13152.640398132724,1.272982325641351,ordinary_least_squares,measured_graph,84,constant_average_sigma
0.004216965034285823,13153.050155051564,1.6827392444811267,ordinary_least_squares,measured_graph,84,constant_average_sigma
0.005623413251903491,13153.530756068301,2.1633402612187638,ordinary_least_squares,measured_graph,84,constant_average_sigma
0.007498942093324558,13154.008929617816,2.6415138107331586,ordinary_least_squares,measured_graph,84,constant_average_sigma
0.01,13154.41265272247,3.045236915388159,ordinary_least_squares,measured_graph,84,constant_average_sigma
0.01333521432163324,13154.72407245492,3.356656647836644,ordinary_least_squares,measured_graph,84,constant_average_sigma
0.01778279410038923,13154.98616372356,3.6187479164782417,ordinary_least_squares,measured_graph,84,constant_average_sigma
0.023713737056616554,13155.25919060807,3.8917748009880597,ordinary_least_squares,measured_graph,84,constant_average_sigma
0.03162277660168379,13155.56909725903,4.20168145194657,ordinary_least_squares,measured_graph,84,constant_average_sigma
0.042169650342858224,13155.890695481976,4.523279674893274,ordinary_least_squares,measured_graph,84,constant_average_sigma
0.05623413251903491,13156.176259705227,4.808843898144914,ordinary_least_squares,measured_graph,84,constant_average_sigma
0.07498942093324558,13156.397102599958,5.029686792875509,ordinary_least_squares,measured_graph,84,constant_average_sigma
0.1,13156.557018803758,5.189602996675603,ordinary_least_squares,measured_graph,84,constant_average_sigma
1e-06,932048.9124179675,0.0,ordinary_least_squares,measured_graph,86,constant_average_sigma
1.333521432163324e-06,932048.9555435019,0.04312553443014622,ordinary_least_squares,measured_graph,86,constant_average_sigma
1.778279410038923e-06,932049.0131325567,0.10071458923630416,ordinary_least_squares,measured_graph,86,constant_average_sigma
2.3713737056616552e-06,932049.0900733462,0.17765537870582193,ordinary_least_squares,measured_graph,86,constant_average_sigma
3.162277660168379e-06,932049.1929310597,0.28051309229340404,ordinary_least_squares,measured_graph,86,constant_average_sigma
4.216965034285822e-06,932049.3305496023,0.4181316348258406,ordinary_least_squares,measured_graph,86,constant_average_sigma
5.623413251903491e-06,932049.5148768623,0.6024588948348537,ordinary_least_squares,measured_graph,86,constant_average_sigma
7.498942093324558e-06,932049.762121262,0.8497032945742831,ordinary_least_squares,measured_graph,86,constant_average_sigma
1e-05,932050.0943878659,1.1819698984036222,ordinary_least_squares,measured_graph,86,constant_average_sigma
1.333521432163324e-05,932050.5420260791,1.6296081116888672,ordinary_least_squares,measured_graph,86,constant_average_sigma
1.778279410038923e-05,932051.147057184,2.2346392165636644,ordinary_least_squares,measured_graph,86,constant_average_sigma
2.3713737056616554e-05,932051.968273029,3.0558550615096465,ordinary_least_squares,measured_graph,86,constant_average_sigma
3.1622776601683795e-05,932053.0889708484,4.176552880904637,ordinary_least_squares,measured_graph,86,constant_average_sigma
4.216965034285822e-05,932054.6289300513,5.716512083890848,ordinary_least_squares,measured_graph,86,constant_average_sigma
5.623413251903491e-05,932056.7633344035,7.850916436058469,ordinary_least_squares,measured_graph,86,constant_average_sigma
7.498942093324559e-05,932059.7532314814,10.84081351396162,ordinary_least_squares,measured_graph,86,constant_average_sigma
0.0001,932063.9953961933,15.082978225895204,ordinary_least_squares,measured_graph,86,constant_average_sigma
0.0001333521432163324,932070.105125187,21.19270721951034,ordinary_least_squares,measured_graph,86,constant_average_sigma
0.00017782794100389227,932079.0552301293,30.142812161822803,ordinary_least_squares,measured_graph,86,constant_average_sigma
0.00023713737056616554,932092.4110617463,43.4986437788466,ordinary_least_squares,measured_graph,86,constant_average_sigma
0.00031622776601683794,932112.728854674,63.816436706576496,ordinary_least_squares,measured_graph,86,constant_average_sigma
0.00042169650342858224,932144.2279468718,95.31552890432067,ordinary_least_squares,measured_graph,86,constant_average_sigma
0.0005623413251903491,932193.9084228999,144.9960049324436,ordinary_least_squares,measured_graph,86,constant_average_sigma
0.0007498942093324559,932273.3488264065,224.43640843906906,ordinary_least_squares,measured_graph,86,constant_average_sigma
0.001,932401.4065219398,352.4941039723344,ordinary_least_squares,measured_graph,86,constant_average_sigma
0.001333521432163324,932607.7113228807,558.7989049132448,ordinary_least_squares,measured_graph,86,constant_average_sigma
0.0017782794100389228,932935.623086891,886.7106689235661,ordinary_least_squares,measured_graph,86,constant_average_sigma
0.0023713737056616554,933440.5015169008,1391.5890989333857,ordinary_least_squares,measured_graph,86,constant_average_sigma
0.0031622776601683794,934175.8565298603,2126.944111892837,ordinary_least_squares,measured_graph,86,constant_average_sigma
0.004216965034285823,935164.2035218364,3115.291103868978,ordinary_least_squares,measured_graph,86,constant_average_sigma
0.005623413251903491,936372.7008819149,4323.78846394748,ordinary_least_squares,measured_graph,86,constant_average_sigma
0.007498942093324558,937735.0823987508,5686.169980783365,ordinary_least_squares,measured_graph,86,constant_average_sigma
0.01,939222.4648438533,7173.552425885806,ordinary_least_squares,measured_graph,86,constant_average_sigma
0.01333521432163324,940901.4267664785,8852.514348511002,ordinary_least_squares,measured_graph,86,constant_average_sigma
0.01778279410038923,942939.0163907225,10890.103972755023,ordinary_least_squares,measured_graph,86,constant_average_sigma
0.023713737056616554,945560.9795898402,13512.06717187271,ordinary_least_squares,measured_graph,86,constant_average_sigma
0.03162277660168379,948962.2638413489,16913.35142338148,ordinary_least_squares,measured_graph,86,constant_average_sigma
0.042169650342858224,953197.1070316704,21148.194613702944,ordinary_least_squares,measured_graph,86,constant_average_sigma
0.05623413251903491,958143.3882238471,26094.475805879687,ordinary_least_squares,measured_graph,86,constant_average_sigma
0.07498942093324558,963593.3604106221,31544.447992654634,ordinary_least_squares,measured_graph,86,constant_average_sigma
0.1,969392.0050643831,37343.092646415695,ordinary_least_squares,measured_graph,86,constant_average_sigma
1e-06,869209.0769159612,689.6071830519941,ordinary_least_squares,measured_graph,87,constant_average_sigma
1.333521432163324e-06,869208.7931837284,689.3234508191235,ordinary_least_squares,measured_graph,87,constant_average_sigma
1.778279410038923e-06,869208.4148990536,688.9451661444036,ordinary_least_squares,measured_graph,87,constant_average_sigma
2.3713737056616552e-06,869207.9106162044,688.4408832951449,ordinary_least_squares,measured_graph,87,constant_average_sigma
3.162277660168379e-06,869207.2384202685,687.7686873592902,ordinary_least_squares,measured_graph,87,constant_average_sigma
4.216965034285822e-06,869206.3425338302,686.8728009209735,ordinary_least_squares,measured_graph,87,constant_average_sigma
5.623413251903491e-06,869205.148743155,685.6790102457162,ordinary_least_squares,measured_graph,87,constant_average_sigma
7.498942093324558e-06,869203.5583816811,684.0886487718672,ordinary_least_squares,measured_graph,87,constant_average_sigma
1e-05,869201.4404134512,681.970680541941,ordinary_least_squares,measured_graph,87,constant_average_sigma
1.333521432163324e-05,869198.6210688595,679.1513359502424,ordinary_least_squares,measured_graph,87,constant_average_sigma
1.778279410038923e-05,869194.8703256826,675.4005927733378,ordinary_least_squares,measured_graph,87,constant_average_sigma
2.3713737056616554e-05,869189.8844861307,670.4147532214411,ordinary_least_squares,measured_graph,87,constant_average_sigma
3.1622776601683795e-05,869183.2639851989,663.7942522896919,ordinary_least_squares,measured_graph,87,constant_average_sigma
4.216965034285822e-05,869174.4856429703,655.0159100610763,ordinary_least_squares,measured_graph,87,constant_average_sigma
5.623413251903491e-05,869162.868987771,643.3992548617534,ordinary_least_squares,measured_graph,87,constant_average_sigma
7.498942093324559e-05,869147.5372747981,628.067541888915,ordinary_least_squares,measured_graph,87,constant_average_sigma
0.0001,869127.3760886794,607.9063557701884,ordinary_least_squares,measured_graph,87,constant_average_sigma
0.0001333521432163324,869100.9971169524,581.5273840432055,ordinary_least_squares,measured_graph,87,constant_average_sigma
0.00017782794100389227,869066.7238136786,547.2540807693731,ordinary_least_squares,measured_graph,87,constant_average_sigma
0.00023713737056616554,869022.6331325171,503.16339960787445,ordinary_least_squares,measured_graph,87,constant_average_sigma
0.00031622776601683794,868966.7198835358,447.2501506265253,ordinary_least_squares,measured_graph,87,constant_average_sigma
0.00042169650342858224,868897.3087701336,377.83903722441755,ordinary_least_squares,measured_graph,87,constant_average_sigma
0.0005623413251903491,868813.9406621946,294.47092928539496,ordinary_least_squares,measured_graph,87,constant_average_sigma
0.0007498942093324559,868719.1230368167,199.65330390748568,ordinary_least_squares,measured_graph,87,constant_average_sigma
0.001,868621.556489638,102.08675672882237,ordinary_least_squares,measured_graph,87,constant_average_sigma
0.001333521432163324,868541.6136640706,22.14393116137944,ordinary_least_squares,measured_graph,87,constant_average_sigma
0.0017782794100389228,868519.4697329092,0.0,ordinary_least_squares,measured_graph,87,constant_average_sigma
0.0023713737056616554,868624.0351953657,104.56546245643403,ordinary_least_squares,measured_graph,87,constant_average_sigma
0.0031622776601683794,868954.5855621642,435.11582925496623,ordinary_least_squares,measured_graph,87,constant_average_sigma
0.004216965034285823,869617.935138801,1098.4654058917658,ordinary_least_squares,measured_graph,87,constant_average_sigma
0.005623413251903491,870669.0160623209,2149.546329411678,ordinary_least_squares,measured_graph,87,constant_average_sigma
0.007498942093324558,872050.1460626244,3530.6763297151774,ordinary_least_squares,measured_graph,87,constant_average_sigma
0.01,873615.4331827685,5095.963449859293,ordinary_least_squares,measured_graph,87,constant_average_sigma
0.01333521432163324,875256.0569408824,6736.58720797312,ordinary_least_squares,measured_graph,87,constant_average_sigma
0.01778279410038923,877009.4393127037,8489.969579794444,ordinary_least_squares,measured_graph,87,constant_average_sigma
0.023713737056616554,879065.1366944425,10545.66696153325,ordinary_least_squares,measured_graph,87,constant_average_sigma
0.03162277660168379,881684.3023740944,13164.832641185145,ordinary_least_squares,measured_graph,87,constant_average_sigma
0.042169650342858224,885074.9014556516,16555.43172274239,ordinary_least_squares,measured_graph,87,constant_average_sigma
0.05623413251903491,889293.992369212,20774.522636302747,ordinary_least_squares,measured_graph,87,constant_average_sigma
0.07498942093324558,894226.8553674831,25707.385634573875,ordinary_least_squares,measured_graph,87,constant_average_sigma
0.1,899602.7117877121,31083.24205480283,ordinary_least_squares,measured_graph,87,constant_average_sigma
