D,chi2_h1_red,chi2_h2_red,delta_chi2,harmonics,log_likelihood,log_posterior,log_prior,n_h1,n_h2,neg2_delta_logpost,objective,observation_source,posterior_prob,sigma_h1_nL_s,sigma_h2_nL_s,tile_id,weight_mode
1e-05,1.0000000018522617,0.9999954134582807,167.5927367438344,H1+H2,20788.989209927808,20786.62152334394,-2.3676865838692702,148,195,167.5927367438344,bayes_h1h2_marginal_boundary,measured_graph,7.327399089531766e-38,0.08456399170104258,0.02583547334400193,1,h1:h1_z;h2:h2_z
1.2589254117941661e-05,1.0000000051938447,0.9999805596350012,154.2281551168926,H1+H2,20795.458891615373,20793.30381415741,-2.155077457963703,148,195,154.2281551168926,bayes_h1h2_marginal_boundary,measured_graph,5.848330035791284e-35,0.08456035697150675,0.02495411635568157,1,h1:h1_z;h2:h2_z
1.584893192461114e-05,1.000000014419284,0.9999932971128845,135.6677715766491,H1+H2,20804.536474259592,20802.584005927532,-1.952468332058134,148,195,135.6677715766491,bayes_h1h2_marginal_boundary,measured_graph,6.2714497917437475e-31,0.08455332908931715,0.023908920035078125,1,h1:h1_z;h2:h2_z
1.9952623149688786e-05,1.000000038540899,0.9999952217968814,112.40369292399555,H1+H2,20815.97590446001,20814.21604525386,-1.7598592061525666,148,195,112.40369292399555,bayes_h1h2_marginal_boundary,measured_graph,7.064776748746643e-26,0.08454069691041316,0.022907399057012705,1,h1:h1_z;h2:h2_z
2.5118864315095822e-05,1.0000000971413934,0.999991304543635,87.22815912538499,H1+H2,20828.381062233413,20826.803812153164,-1.5772500802469966,148,195,87.22815912538499,bayes_h1h2_marginal_boundary,measured_graph,2.0696463708953058e-20,0.08451907883267178,0.02215647485860017,1,h1:h1_z;h2:h2_z
3.1622776601683795e-05,1.0000002271416202,0.9999991234273141,63.853842461241584,H1+H2,20839.895611439577,20838.490970485236,-1.404640954341429,148,195,63.853842461241584,bayes_h1h2_marginal_boundary,measured_graph,2.4635678000658943e-15,0.08448354673533126,0.0216963436047676,1,h1:h1_z;h2:h2_z
3.9810717055349695e-05,1.0000004833887148,0.9999987080403454,44.69711756196921,H1+H2,20849.311364763307,20848.069332934872,-1.2420318284358616,148,195,44.69711756196921,bayes_h1h2_marginal_boundary,measured_graph,3.559544908952378e-11,0.08442745924433782,0.021449216679756786,1,h1:h1_z;h2:h2_z
5.011872336272725e-05,1.0000009087087085,0.9999999212276658,30.328088830756315,H1+H2,20856.34327000301,20855.25384730048,-1.089422702530293,148,195,30.328088830756315,bayes_h1h2_marginal_boundary,measured_graph,4.694500835791534e-08,0.08434302698223874,0.021325933792865428,1,h1:h1_z;h2:h2_z
6.309573444801929e-05,1.000001442013996,0.9999994991227216,20.15756974649412,H1+H2,20861.285920419235,20860.33910684261,-0.9468135766247254,148,195,20.15756974649412,bayes_h1h2_marginal_boundary,measured_graph,7.587340576995744e-06,0.08422344685912596,0.021265817080044158,1,h1:h1_z;h2:h2_z
7.943282347242822e-05,1.000001820100086,0.9999999557015741,13.194351298065158,H1+H2,20864.634920517543,20863.820716066824,-0.8142044507191568,148,195,13.194351298065158,bayes_h1h2_marginal_boundary,measured_graph,0.0002466796099960142,0.08406716368126083,0.021234943143547763,1,h1:h1_z;h2:h2_z
0.0001,1.0000017144453515,0.9999999963678904,8.485548685428512,H1+H2,20866.866712697956,20866.175117373143,-0.6915953248135883,148,195,8.485548685428512,bayes_h1h2_marginal_boundary,measured_graph,0.0025979856543981166,0.08388282600725393,0.021216339547830153,1,h1:h1_z;h2:h2_z
0.00012589254117941674,1.0000011473286259,0.9999999997096081,5.293238043515885,H1+H2,20868.350258893006,20867.7712726941,-0.5789861989080206,148,195,5.293238043515885,bayes_h1h2_marginal_boundary,measured_graph,0.012818529193346695,0.08369016963253155,0.02120204170913643,1,h1:h1_z;h2:h2_z
0.00015848931924611142,1.0000005386531814,0.999999999976294,3.1202473976445617,H1+H2,20869.334145090037,20868.857768017035,-0.47637707300245236,148,195,3.1202473976445617,bayes_h1h2_marginal_boundary,measured_graph,0.037992434216529515,0.08351247730248966,0.021188500540451568,1,h1:h1_z;h2:h2_z
0.00019952623149688788,1.000000184178605,0.9999999814240593,1.6607861681404756,H1+H2,20869.971266578883,20869.587498631787,-0.38376794709688455,148,195,1.6607861681404756,bayes_h1h2_marginal_boundary,measured_graph,0.07881612871863987,0.08336467901104376,0.02117428570396293,1,h1:h1_z;h2:h2_z
0.0002511886431509582,1.0000000498768862,0.9999999960158449,0.7277150417430676,H1+H2,20870.355193016178,20870.054034194985,-0.30115882119131615,148,195,0.7277150417430676,bayes_h1h2_marginal_boundary,measured_graph,0.12566922017760782,0.08324766807902415,0.021159119624191466,1,h1:h1_z;h2:h2_z
0.00031622776601683794,1.0000000119786654,0.9999999990339867,0.1986266488020192,H1+H2,20870.547128086742,20870.318578391456,-0.22854969528574837,148,195,0.1986266488020192,bayes_h1h2_marginal_boundary,measured_graph,0.16372651014997397,0.0831523294165469,0.021143635135104668,1,h1:h1_z;h2:h2_z
0.00039810717055349735,1.0000000028797933,0.9999999997237542,-0.0,H1+H2,20870.583832285236,20870.417891715857,-0.16594056938017995,148,195,-0.0,bayes_h1h2_marginal_boundary,measured_graph,0.18082156913591368,0.08306683483191704,0.02112956547314593,1,h1:h1_z;h2:h2_z
0.0005011872336272725,1.0000000007728795,0.9999999999036481,0.12353921357862419,H1+H2,20870.46945355254,20870.356122109068,-0.11333144347461188,148,195,0.12353921357862419,bayes_h1h2_marginal_boundary,measured_graph,0.16999025848371208,0.0829812194317408,0.021120279813637743,1,h1:h1_z;h2:h2_z
0.000630957344480193,1.0000000002505447,0.9999999999585099,0.662003460995038,H1+H2,20870.15761230293,20870.08688998536,-0.07072231756904392,148,195,0.662003460995038,bayes_h1h2_marginal_boundary,measured_graph,0.12986676089313806,0.08288869042411677,0.0211216500882164,1,h1:h1_z;h2:h2_z
0.0007943282347242822,1.0000000001016662,0.9999999999783264,1.856137754417432,H1+H2,20869.52793603031,20869.48982283865,-0.03811319166347554,148,195,1.856137754417432,bayes_h1h2_marginal_boundary,measured_graph,0.07148172781119315,0.08278558756639096,0.021143198636299106,1,h1:h1_z;h2:h2_z
0.001,1.0000000000512317,0.9999999999868483,4.141558510673349,H1+H2,20868.36261652628,20868.34711246052,-0.015504065757907535,148,195,4.141558510673349,bayes_h1h2_marginal_boundary,measured_graph,0.022799337620912685,0.08267153910547201,0.02119923598381996,1,h1:h1_z;h2:h2_z
0.0012589254117941675,1.0000000000308822,0.9999999999912551,8.165442205085128,H1+H2,20866.338065553166,20866.335170613314,-0.0028949398523394052,148,195,8.165442205085128,bayes_h1h2_marginal_boundary,measured_graph,0.0030489267291784606,0.08255054202966587,0.021309133567287333,1,h1:h1_z;h2:h2_z
0.001584893192461114,1.0000000615930753,0.9999999999940087,14.713336242035439,H1+H2,20863.061509408784,20863.06122359484,-0.0002858139467712683,148,195,14.713336242035439,bayes_h1h2_marginal_boundary,measured_graph,0.00011542233702961829,0.0824332482386924,0.021495026056093533,1,h1:h1_z;h2:h2_z
0.0019952623149688807,1.000000050522325,0.999999999996002,24.48039797599631,H1+H2,20858.1853694159,20858.17769272786,-0.007676688041203171,148,195,24.48039797599631,bayes_h1h2_marginal_boundary,measured_graph,8.737744789548734e-07,0.08234037809048599,0.021774896628190286,1,h1:h1_z;h2:h2_z
0.002511886431509582,1.0000000424240314,0.9999999999975115,37.70791866979562,H1+H2,20851.588999943095,20851.56393238096,-0.025067562135635053,148,195,37.70791866979562,bayes_h1h2_marginal_boundary,measured_graph,1.172410589601425e-09,0.08230620065893861,0.022151189667600837,1,h1:h1_z;h2:h2_z
0.0031622776601683794,1.0000000355258596,0.9999999999985909,53.899859422424925,H1+H2,20843.520420440873,20843.467962004645,-0.05245843623006681,148,195,53.899859422424925,bayes_h1h2_marginal_boundary,measured_graph,3.5730942528649897e-13,0.08237912941217541,0.022601001832255118,1,h1:h1_z;h2:h2_z
0.003981071705534973,1.0000000290373583,0.9999999999992718,71.91809603416186,H1+H2,20834.5486930091,20834.458843698776,-0.08984931032449865,148,195,71.91809603416186,bayes_h1h2_marginal_boundary,measured_graph,4.3695237610165036e-17,0.0826139813984912,0.023078243043240236,1,h1:h1_z;h2:h2_z
0.005011872336272725,1.0000000228274353,0.9999999999996502,90.44837606568763,H1+H2,20825.330943867433,20825.193703683013,-0.13724018441893068,148,195,90.44837606568763,bayes_h1h2_marginal_boundary,measured_graph,4.13651803750244e-21,0.08305142863145483,0.023530894080154092,1,h1:h1_z;h2:h2_z
0.006309573444801936,1.0000000171605996,0.9999999999998365,108.42110050731571,H1+H2,20816.40197252071,20816.2073414622,-0.19463105851336257,148,195,108.42110050731571,bayes_h1h2_marginal_boundary,measured_graph,5.174964769860592e-25,0.08368981959621458,0.023921285932472683,1,h1:h1_z;h2:h2_z
0.00794328234724282,1.0000000123702413,0.9999999999999236,125.09044134728902,H1+H2,20808.13469297482,20807.872671042212,-0.26202193260779433,148,195,125.09044134728902,bayes_h1h2_marginal_boundary,measured_graph,1.242241476786827e-28,0.08446913131075191,0.024234447466584323,1,h1:h1_z;h2:h2_z
0.01,1.0000000086134195,0.9999999999999617,139.92722163850704,H1+H2,20800.793693703305,20800.454280896603,-0.3394128067022262,148,195,139.92722163850704,bayes_h1h2_marginal_boundary,measured_graph,7.454870794919934e-32,0.08528631965286013,0.024472852016220858,1,h1:h1_z;h2:h2_z
0.012589254117941675,1.0000000058412912,0.9999999999999805,152.5749899340226,H1+H2,20794.55720042964,20794.130396748846,-0.42680368079665804,148,195,152.5749899340226,bayes_h1h2_marginal_boundary,measured_graph,1.3366328525213653e-34,0.08603630173046764,0.024646400467905973,1,h1:h1_z;h2:h2_z
0.01584893192461114,1.0000000039035724,0.9999999999999892,162.8926315447752,H1+H2,20789.49577049836,20788.97157594347,-0.5241945548910899,148,195,162.8926315447752,bayes_h1h2_marginal_boundary,measured_graph,7.683599548511917e-37,0.08665002503030338,0.024765422078420602,1,h1:h1_z;h2:h2_z
0.01995262314968881,1.0000000026332139,0.9999999999999926,170.98702499279898,H1+H2,20785.555964648443,20784.924379219457,-0.6315854289855218,148,195,170.98702499279898,bayes_h1h2_marginal_boundary,measured_graph,1.3424234127636334e-38,0.08710697246431273,0.02483884038523192,1,h1:h1_z;h2:h2_z
0.025118864315095822,1.000000001868862,0.9999999999999952,177.17897351615102,H1+H2,20782.57738126086,20781.82840495778,-0.7489763030799538,148,195,177.17897351615102,bayes_h1h2_marginal_boundary,measured_graph,6.071905166857458e-40,0.0874227190080768,0.02487542593591414,1,h1:h1_z;h2:h2_z
0.03162277660168379,1.0000000014581718,0.9999999999999971,181.91059703595238,H1+H2,20780.338960375055,20779.46259319788,-0.8763671771743852,148,195,181.91059703595238,bayes_h1h2_marginal_boundary,measured_graph,5.699883607859518e-41,0.0876278426451325,0.024884888304216136,1,h1:h1_z;h2:h2_z
0.039810717055349734,1.0000000012679728,0.9999999999999976,185.64667473836016,H1+H2,20778.608312397944,20777.594554346677,-1.0137580512688171,148,195,185.64667473836016,bayes_h1h2_marginal_boundary,measured_graph,8.802114676367391e-42,0.087753386936444,0.024877417872770966,1,h1:h1_z;h2:h2_z
0.05011872336272725,1.000000001191784,0.9999999999999982,188.8278146902594,H1+H2,20777.16513329609,20776.003984370727,-1.1611489253632492,148,195,188.8278146902594,bayes_h1h2_marginal_boundary,measured_graph,1.7939538179433835e-42,0.08782703032236214,0.024862826312276,1,h1:h1_z;h2:h2_z
0.06309573444801936,1.0000000011522674,0.9999999999999988,191.88845982634666,H1+H2,20775.79220160214,20774.473661802684,-1.3185397994576809,148,195,191.88845982634666,bayes_h1h2_marginal_boundary,measured_graph,3.883297041444669e-43,0.08787505274366769,0.024850774348230357,1,h1:h1_z;h2:h2_z
0.07943282347242822,1.0000000011052692,0.9999999999999994,195.2951932586293,H1+H2,20774.256225760095,20772.770295086542,-1.4859306735521132,148,195,195.2951932586293,bayes_h1h2_marginal_boundary,measured_graph,7.070300076210651e-44,0.08792438347424875,0.024851752361894377,1,h1:h1_z;h2:h2_z
0.1,1.0000000010387673,0.9999999999999994,199.53273749771324,H1+H2,20772.314844514647,20770.651522967,-1.663321547646544,148,195,199.53273749771324,bayes_h1h2_marginal_boundary,measured_graph,8.497023248100786e-45,0.08800258548298744,0.024876830126610624,1,h1:h1_z;h2:h2_z
1e-05,1.00000000104259,0.9999998774753605,42.17556200682884,H1+H2,33106.024155028324,33103.65646844445,-2.3676865838692702,238,300,42.17556200682884,bayes_h1h2_marginal_boundary,measured_graph,1.7725532511687067e-10,0.03812266500891265,0.015640135841653233,2,h1:h1_z;h2:h2_z
1.2589254117941661e-05,1.0000000037889465,0.9999996728586174,38.83160116556974,H1+H2,33107.48352632305,33105.32844886508,-2.155077457963703,238,300,38.83160116556974,bayes_h1h2_marginal_boundary,measured_graph,9.434766616409056e-10,0.03812051744431252,0.015559575426953912,2,h1:h1_z;h2:h2_z
1.584893192461114e-05,1.0000000134014135,0.9999994160034963,34.51938420814986,H1+H2,33109.43702567585,33107.48455734379,-1.952468332058134,238,300,34.51938420814986,bayes_h1h2_marginal_boundary,measured_graph,8.149241278778413e-09,0.03811616052016086,0.015464319656919754,2,h1:h1_z;h2:h2_z
1.9952623149688786e-05,1.0000000451969069,0.9999993780699505,29.319554980684188,H1+H2,33111.84433116368,33110.084471957525,-1.7598592061525666,238,300,29.319554980684188,bayes_h1h2_marginal_boundary,measured_graph,1.0970988164428145e-07,0.038108178523129185,0.015365477063042272,2,h1:h1_z;h2:h2_z
2.5118864315095822e-05,1.0000001416713664,0.9999996367848738,23.60272988738143,H1+H2,33114.520134584425,33112.94288450418,-1.5772500802469966,238,300,23.60272988738143,bayes_h1h2_marginal_boundary,measured_graph,1.9126633784163957e-06,0.0380944660436482,0.015277780502965193,2,h1:h1_z;h2:h2_z
3.1622776601683795e-05,1.0000003999626732,0.9999998865866212,17.954357070295373,H1+H2,33117.171711867064,33115.76707091272,-1.404640954341429,238,300,17.954357070295373,bayes_h1h2_marginal_boundary,measured_graph,3.2223084906165906e-05,0.03807208103182206,0.015211942081666863,2,h1:h1_z;h2:h2_z
3.9810717055349695e-05,1.0000009798695821,0.9999999803228676,12.932525297641405,H1+H2,33119.52001862748,33118.27798679905,-1.2420318284358616,238,300,12.932525297641405,bayes_h1h2_marginal_boundary,measured_graph,0.00039686612395651113,0.03803732272998128,0.015169826114789418,2,h1:h1_z;h2:h2_z
5.011872336272725e-05,1.0000000169780048,0.9999995826167692,8.845855757899699,H1+H2,33121.410744271445,33120.32132156892,-1.089422702530293,238,300,8.845855757899699,bayes_h1h2_marginal_boundary,measured_graph,0.003062337445530291,0.03798644860567853,0.015146524319944241,2,h1:h1_z;h2:h2_z
6.309573444801929e-05,1.0000000353968932,0.9999999402067586,5.712957039111643,H1+H2,33122.83458450493,33121.88777092831,-0.9468135766247254,238,300,5.712957039111643,bayes_h1h2_marginal_boundary,measured_graph,0.014667407492776062,0.037917347470324624,0.015135329777812012,2,h1:h1_z;h2:h2_z
7.943282347242822e-05,1.0000000500622999,0.9999999932555619,3.3767261535685975,H1+H2,33123.8700908218,33123.05588637108,-0.8142044507191568,238,300,3.3767261535685975,bayes_h1h2_marginal_boundary,measured_graph,0.04716930190430587,0.03783276133295546,0.015130949130198152,2,h1:h1_z;h2:h2_z
0.0001,1.0000000437900056,0.9999999993598548,1.6645862482837401,H1+H2,33124.60355164854,33123.911956323725,-0.6915953248135883,238,300,1.6645862482837401,bayes_h1h2_marginal_boundary,measured_graph,0.11103142288003962,0.03774312852103226,0.01513015529934235,2,h1:h1_z;h2:h2_z
0.00012589254117941674,1.0000018104841326,0.9999999999459848,0.5113421559071867,H1+H2,33125.067564568824,33124.488578369914,-0.5789861989080206,238,300,0.5113421559071867,bayes_h1h2_marginal_boundary,measured_graph,0.19763764858621702,0.037665849193341,0.01513129819887718,2,h1:h1_z;h2:h2_z
0.00015848931924611142,1.0000006546865925,0.9999999999957461,-0.0,H1+H2,33125.22062652087,33124.74424944787,-0.47637707300245236,238,300,-0.0,bayes_h1h2_marginal_boundary,measured_graph,0.2552150120534629,0.037618947875560256,0.015133655745634602,2,h1:h1_z;h2:h2_z
0.00019952623149688788,1.0000001561636576,0.9999999999996775,0.3112014457437908,H1+H2,33124.97241667209,33124.588648724995,-0.38376794709688455,238,300,0.3112014457437908,bayes_h1h2_marginal_boundary,measured_graph,0.2184387492697871,0.03761298020631997,0.015136986884253528,2,h1:h1_z;h2:h2_z
0.0002511886431509582,1.0000000259754613,0.9999999984087768,1.6270247336942703,H1+H2,33124.23189590221,33123.93073708102,-0.30115882119131615,238,300,1.6270247336942703,bayes_h1h2_marginal_boundary,measured_graph,0.11313638157357274,0.03764948299968213,0.01514128725443401,2,h1:h1_z;h2:h2_z
0.00031622776601683794,1.0000000032558427,0.9999999997108121,4.071009493243764,H1+H2,33122.93729439653,33122.708744701245,-0.22854969528574837,238,300,4.071009493243764,bayes_h1h2_marginal_boundary,measured_graph,0.03333479104719213,0.03772556641744986,0.015146669457642875,2,h1:h1_z;h2:h2_z
0.00039810717055349735,1.0000000003347218,0.9999999999457252,7.714633001276525,H1+H2,33121.05287351661,33120.88693294723,-0.16594056938017995,238,300,7.714633001276525,bayes_h1h2_marginal_boundary,measured_graph,0.005391317955966029,0.037839385609735154,0.015153304380210997,2,h1:h1_z;h2:h2_z
0.0005011872336272725,1.0000000000307587,0.9999999999892271,12.620639142187429,H1+H2,33118.54726132025,33118.43392987677,-0.11333144347461188,238,300,12.620639142187429,bayes_h1h2_marginal_boundary,measured_graph,0.00046384112115667903,0.037992857780865565,0.015161385078500175,2,h1:h1_z;h2:h2_z
0.000630957344480193,1.0000000160138773,0.9999999999976743,18.883666753332363,H1+H2,33115.37313838877,33115.3024160712,-0.07072231756904392,238,300,18.883666753332363,bayes_h1h2_marginal_boundary,measured_graph,2.024743819614717e-05,0.03819203225913164,0.015171093359773562,2,h1:h1_z;h2:h2_z
0.0007943282347242822,1.000000003521766,0.999999999999435,26.650479329837253,H1+H2,33111.457122974614,33111.41900978295,-0.03811319166347554,238,300,26.650479329837253,bayes_h1h2_marginal_boundary,measured_graph,4.1670447080606623e-07,0.03844657162987904,0.01518256169869401,2,h1:h1_z;h2:h2_z
0.001,1.0000000009581493,0.9999999999998412,36.11869948529056,H1+H2,33106.70040377098,33106.68489970522,-0.015504065757907535,238,300,36.11869948529056,bayes_h1h2_marginal_boundary,measured_graph,3.662943978227107e-09,0.03876901140116086,0.015195840270283362,2,h1:h1_z;h2:h2_z
0.0012589254117941675,1.0000000003613543,0.9999999999999443,47.51602152774285,H1+H2,33100.98913362385,33100.986238683996,-0.0028949398523394052,238,300,47.51602152774285,bayes_h1h2_marginal_boundary,measured_graph,1.227250565181096e-11,0.0391736318872205,0.015210906825080006,2,h1:h1_z;h2:h2_z
0.001584893192461114,1.0000000001920808,0.9999999999999769,61.05852876017161,H1+H2,33094.21527088173,33094.21498506778,-0.0002858139467712683,238,300,61.05852876017161,bayes_h1h2_marginal_boundary,measured_graph,1.4067442856789939e-14,0.03967427786429677,0.015227786203830179,2,h1:h1_z;h2:h2_z
0.0019952623149688807,1.0000000001308351,0.9999999999999887,76.88266501425824,H1+H2,33086.31059362878,33086.30291694074,-0.007676688041203171,238,300,76.88266501425824,bayes_h1h2_marginal_boundary,measured_graph,5.152851558826727e-18,0.04028036123008474,0.015246820787084588,2,h1:h1_z;h2:h2_z
0.002511886431509582,1.000000000100857,0.9999999999999936,94.9461957970343,H1+H2,33077.296219111486,33077.27115154935,-0.025067562135635053,238,300,94.9461957970343,bayes_h1h2_marginal_boundary,measured_graph,6.160298553025117e-22,0.040990834862116896,0.015268969660571188,2,h1:h1_z;h2:h2_z
0.0031622776601683794,1.0000000000802949,0.9999999999999939,114.91338710596028,H1+H2,33067.340014331116,33067.28755589489,-0.05245843623006681,238,300,114.91338710596028,bayes_h1h2_marginal_boundary,measured_graph,2.8430287929566225e-26,0.04178771298801891,0.015295778183452978,2,h1:h1_z;h2:h2_z
0.003981071705534973,1.000000000062515,0.9999999999999958,136.08971892287082,H1+H2,33056.789239296755,33056.69938998643,-0.08984931032449865,238,300,136.08971892287082,bayes_h1h2_marginal_boundary,measured_graph,7.1680203652249645e-31,0.0426333504817618,0.015328723148224376,2,h1:h1_z;h2:h2_z
0.005011872336272725,1.0000000000461238,0.999999999999996,157.501845491759,H1+H2,33046.13056688641,33045.99332670199,-0.13724018441893068,238,300,157.501845491759,bayes_h1h2_marginal_boundary,measured_graph,1.606256962578777e-35,0.043476167368148654,0.01536821416602337,2,h1:h1_z;h2:h2_z
0.006309573444801936,1.000000000031633,0.999999999999996,178.13401829033683,H1+H2,33035.87187136121,33035.6772403027,-0.19463105851336257,238,300,178.13401829033683,bayes_h1h2_marginal_boundary,measured_graph,5.3161303986229574e-40,0.04426429765407316,0.015413002871447081,2,h1:h1_z;h2:h2_z
0.00794328234724282,1.0000000000199805,0.9999999999999964,197.19056216918398,H1+H2,33026.41099029588,33026.148968363275,-0.26202193260779433,238,300,197.19056216918398,bayes_h1h2_marginal_boundary,measured_graph,3.8682960099264224e-44,0.04495966531835173,0.01546043126827126,2,h1:h1_z;h2:h2_z
0.01,1.000000000011688,0.9999999999999966,214.2605040334165,H1+H2,33017.95341023786,33017.61399743116,-0.3394128067022262,238,300,214.2605040334165,bayes_h1h2_marginal_boundary,measured_graph,7.600268247744332e-48,0.045545947259962055,0.015507270412025162,2,h1:h1_z;h2:h2_z
0.012589254117941675,1.0000000000065596,0.999999999999997,229.37431382348586,H1+H2,33010.48389621692,33010.057092536124,-0.42680368079665804,238,300,229.37431382348586,bayes_h1h2_marginal_boundary,measured_graph,3.971063434148505e-51,0.04603037038343642,0.015550600435524552,2,h1:h1_z;h2:h2_z
0.01584893192461114,1.000000000003814,0.9999999999999957,242.942216541589,H1+H2,33003.797335731964,33003.27314117707,-0.5241945548910899,238,300,242.942216541589,bayes_h1h2_marginal_boundary,measured_graph,4.49442547853558e-54,0.04643989192567114,0.01558823436420941,2,h1:h1_z;h2:h2_z
0.01995262314968881,1.000000000002546,0.9999999999999947,255.54401559146936,H1+H2,32997.60382708112,32996.97224165213,-0.6315854289855218,238,300,255.54401559146936,bayes_h1h2_marginal_boundary,measured_graph,8.245714413480532e-57,0.04681063510889148,0.015618559088725904,2,h1:h1_z;h2:h2_z
0.025118864315095822,1.000000000002085,0.9999999999999936,267.6654159085738,H1+H2,32991.66051779666,32990.91154149358,-0.7489763030799538,238,300,267.6654159085738,bayes_h1h2_marginal_boundary,measured_graph,1.92353305480613e-59,0.047173852038989425,0.015640372601167414,2,h1:h1_z;h2:h2_z
0.03162277660168379,1.000000000002049,0.9999999999999936,279.5466703933489,H1+H2,32985.84728142837,32984.97091425119,-0.8763671771743852,238,300,279.5466703933489,bayes_h1h2_marginal_boundary,measured_graph,5.05962143040837e-62,0.04754533763811907,0.015653368835553703,2,h1:h1_z;h2:h2_z
0.039810717055349734,1.0000000000022164,0.9999999999999925,291.18743078682746,H1+H2,32980.16429210572,32979.15053405445,-1.0137580512688171,238,300,291.18743078682746,bayes_h1h2_marginal_boundary,measured_graph,1.5009251034293731e-64,0.04792237217676778,0.015658892481384402,2,h1:h1_z;h2:h2_z
0.05011872336272725,1.0000000000024607,0.9999999999999928,302.44244413058914,H1+H2,32974.684176307936,32973.52302738257,-1.1611489253632492,238,300,302.44244413058914,bayes_h1h2_marginal_boundary,measured_graph,5.399629071380258e-67,0.04828870327545826,0.015659931146924728,2,h1:h1_z;h2:h2_z
0.06309573444801936,1.0000000000027012,0.9999999999999917,313.15456320307567,H1+H2,32969.48550764579,32968.16696784633,-1.3185397994576809,238,300,313.15456320307567,bayes_h1h2_marginal_boundary,measured_graph,2.5483367984515677e-69,0.04862557372209829,0.01566014157436085,2,h1:h1_z;h2:h2_z
0.07943282347242822,1.0000000000029081,0.9999999999999925,323.2749224056606,H1+H2,32964.59271891859,32963.10678824504,-1.4859306735521132,238,300,323.2749224056606,bayes_h1h2_marginal_boundary,measured_graph,1.6167718809542502e-71,0.048922681648247514,0.015662768180483656,2,h1:h1_z;h2:h2_z
0.1,1.0000000000030635,0.9999999999999932,332.90238412200415,H1+H2,32959.95637893451,32958.293057386865,-1.663321547646544,238,300,332.90238412200415,bayes_h1h2_marginal_boundary,measured_graph,1.3124174561880503e-73,0.04918238148290563,0.015670110471416608,2,h1:h1_z;h2:h2_z
1e-05,1.0000000742253066,0.9999991541886556,46.609751818286895,H1+H2,25231.506222148924,25229.138535565056,-2.3676865838692702,186,224,46.609751818286895,bayes_h1h2_marginal_boundary,measured_graph,1.24037760505556e-11,0.03459564942789426,0.01359588356455509,3,h1:h1_z;h2:h2_z
1.2589254117941661e-05,1.0000002719029153,0.9999986489166511,44.996391872293316,H1+H2,25232.100292996016,25229.945215538053,-2.155077457963703,186,224,44.996391872293316,bayes_h1h2_marginal_boundary,measured_graph,2.7790129938078978e-11,0.0345698386981263,0.013564162745553696,3,h1:h1_z;h2:h2_z
1.584893192461114e-05,1.0000009525243778,0.9999984908278085,43.10308210785297,H1+H2,25232.844338752333,25230.891870420273,-1.952468332058134,186,224,43.10308210785297,bayes_h1h2_marginal_boundary,measured_graph,7.16172381788482e-11,0.03453063800539323,0.013531045530579973,3,h1:h1_z;h2:h2_z
1.9952623149688786e-05,1.0000000258547759,0.999998887727925,40.98093916189828,H1+H2,25233.712801099402,25231.95294189325,-1.7598592061525666,186,224,40.98093916189828,bayes_h1h2_marginal_boundary,measured_graph,2.0693552569055132e-10,0.034471372194871154,0.013501125463537801,3,h1:h1_z;h2:h2_z
2.5118864315095822e-05,1.0000001158958804,0.9999994719909177,38.70653198718355,H1+H2,25234.667395560857,25233.090145480608,-1.5772500802469966,186,224,38.70653198718355,bayes_h1h2_marginal_boundary,measured_graph,6.452325935921309e-10,0.03438257613360797,0.01347793831520886,3,h1:h1_z;h2:h2_z
3.1622776601683795e-05,1.0000004403623168,0.9999998361492634,36.31284535917075,H1+H2,25235.691629748955,25234.286988794614,-1.404640954341429,186,224,36.31284535917075,bayes_h1h2_marginal_boundary,measured_graph,2.1354959120947883e-09,0.03425205968811422,0.01346234716625361,3,h1:h1_z;h2:h2_z
3.9810717055349695e-05,1.0000013295702856,0.999999965238279,33.72701907805458,H1+H2,25236.821933763607,25235.579901935173,-1.2420318284358616,186,224,33.72701907805458,bayes_h1h2_marginal_boundary,measured_graph,7.780433353431306e-09,0.0340663474916531,0.013452920726188729,3,h1:h1_z;h2:h2_z
5.011872336272725e-05,1.0000029405387352,0.9999999946428522,30.766322106603184,H1+H2,25238.14967312343,25237.0602504209,-1.089422702530293,186,224,30.766322106603184,bayes_h1h2_marginal_boundary,measured_graph,3.4190934072233074e-08,0.0338156729677621,0.013447439288713291,3,h1:h1_z;h2:h2_z
6.309573444801929e-05,1.0000043153794893,0.9999999993601703,27.21080144534062,H1+H2,25239.784824328155,25238.83801075153,-0.9468135766247254,186,224,27.21080144534062,bayes_h1h2_marginal_boundary,measured_graph,2.022937510045094e-07,0.033503734515183924,0.013444020752454204,3,h1:h1_z;h2:h2_z
7.943282347242822e-05,1.0000037739304146,0.9999999999370143,22.94319605128112,H1+H2,25241.786017899278,25240.97181344856,-0.8142044507191568,186,224,22.94319605128112,bayes_h1h2_marginal_boundary,measured_graph,1.7087605309609807e-06,0.03315822450692347,0.013441439135629025,3,h1:h1_z;h2:h2_z
0.0001,1.0000017995928112,0.9999999999946362,18.10683435948158,H1+H2,25244.081589619273,25243.38999429446,-0.6915953248135883,186,224,18.10683435948158,bayes_h1h2_marginal_boundary,measured_graph,1.9181554572139687e-05,0.03282871416691927,0.013438993309982031,3,h1:h1_z;h2:h2_z
0.00012589254117941674,1.0000004522427106,0.9999999999996046,13.152909909476875,H1+H2,25246.44594271837,25245.86695651946,-0.5789861989080206,186,224,13.152909909476875,bayes_h1h2_marginal_boundary,measured_graph,0.00022835726239217607,0.03256281500854033,0.013436290383391412,3,h1:h1_z;h2:h2_z
0.00015848931924611142,1.0000000620903522,0.9999999978280484,8.66807251831051,H1+H2,25248.585752288047,25248.109375215045,-0.47637707300245236,186,224,8.66807251831051,bayes_h1h2_marginal_boundary,measured_graph,0.002150229884618336,0.032379775066537116,0.01343308724211386,3,h1:h1_z;h2:h2_z
0.00019952623149688788,1.000000531212443,0.9999999996235537,5.096099992842937,H1+H2,25250.279129424875,25249.89536147778,-0.38376794709688455,186,224,5.096099992842937,bayes_h1h2_marginal_boundary,measured_graph,0.012827111568680353,0.03226852972422274,0.013429202470049154,3,h1:h1_z;h2:h2_z
0.0002511886431509582,1.0000000587019533,0.9999999999355312,2.589090794157528,H1+H2,25251.450024898313,25251.14886607712,-0.30115882119131615,186,224,2.589090794157528,bayes_h1h2_marginal_boundary,measured_graph,0.044928198275570534,0.03220512506616433,0.013424476386194092,3,h1:h1_z;h2:h2_z
0.00031622776601683794,1.0000000051633176,0.9999999999889221,1.0512796264447388,H1+H2,25252.146321356264,25251.917771660977,-0.22854969528574837,186,224,1.0512796264447388,bayes_h1h2_marginal_boundary,measured_graph,0.09692826854812546,0.03216785268982769,0.01341875969128305,3,h1:h1_z;h2:h2_z
0.00039810717055349735,1.000000000382893,0.9999999999980654,0.2654053252990707,H1+H2,25252.47664938093,25252.31070881155,-0.16594056938017995,186,224,0.2654053252990707,bayes_h1h2_marginal_boundary,measured_graph,0.14358229512445406,0.032142516100564504,0.013411922493938138,3,h1:h1_z;h2:h2_z
0.0005011872336272725,1.0000000681766845,0.9999999999996525,-0.0,H1+H2,25252.556742917674,25252.4434114742,-0.11333144347461188,186,224,-0.0,bayes_h1h2_marginal_boundary,measured_graph,0.16395811824534134,0.032121484408548506,0.013403883616989588,3,h1:h1_z;h2:h2_z
0.000630957344480193,1.000000010242753,0.9999999999999308,0.06861690492223715,H1+H2,25252.47982533931,25252.40910302174,-0.07072231756904392,186,224,0.06861690492223715,bayes_h1h2_marginal_boundary,measured_graph,0.15842836989188577,0.03210141162451905,0.013394667544806518,3,h1:h1_z;h2:h2_z
0.0007943282347242822,1.0000000014509878,0.999999999999985,0.3557218882997404,H1+H2,25252.303663721712,25252.26555053005,-0.03811319166347554,186,224,0.3557218882997404,bayes_h1h2_marginal_boundary,measured_graph,0.13724258789281127,0.032081600513968085,0.013384503353987586,3,h1:h1_z;h2:h2_z
0.001,1.0000000001952114,0.9999999999999964,0.8313748609070899,H1+H2,25252.043228109505,25252.027724043746,-0.015504065757907535,186,224,0.8313748609070899,bayes_h1h2_marginal_boundary,measured_graph,0.10819374857842173,0.03206338128739081,0.013373987687955996,3,h1:h1_z;h2:h2_z
0.0012589254117941675,1.000000000025551,0.999999999999999,1.5716004679779871,H1+H2,25251.660506180062,25251.65761124021,-0.0028949398523394052,186,224,1.5716004679779871,bayes_h1h2_marginal_boundary,measured_graph,0.07472470681690778,0.03205031488813072,0.013364340844022146,3,h1:h1_z;h2:h2_z
0.001584893192461114,1.0000000000035867,0.9999999999999999,2.795112882180547,H1+H2,25251.046140847055,25251.04585503311,-0.0002858139467712683,186,224,2.795112882180547,bayes_h1h2_marginal_boundary,measured_graph,0.040530491912627,0.03204911557718438,0.013357784840214748,3,h1:h1_z;h2:h2_z
0.0019952623149688807,1.0000000000007176,1.0000000000000002,4.921795750735328,H1+H2,25249.990190286873,25249.982513598832,-0.007676688041203171,186,224,4.921795750735328,bayes_h1h2_marginal_boundary,measured_graph,0.013995182220595143,0.0320712849580032,0.0133580471512558,3,h1:h1_z;h2:h2_z
0.002511886431509582,1.000000000000299,0.9999999999999998,8.648937204023241,H1+H2,25248.144010434324,25248.11894287219,-0.025067562135635053,186,224,8.648937204023241,bayes_h1h2_marginal_boundary,measured_graph,0.0021709012776468047,0.03213547088728098,0.013370906166618271,3,h1:h1_z;h2:h2_z
0.0031622776601683794,1.0000000000002447,1.0,15.019587533148297,H1+H2,25244.986076143854,25244.933617707626,-0.05245843623006681,186,224,15.019587533148297,bayes_h1h2_marginal_boundary,measured_graph,8.979888251394001e-05,0.032270318195946286,0.01340449051221252,3,h1:h1_z;h2:h2_z
0.003981071705534973,1.0000000000002625,1.0,25.418023960599385,H1+H2,25239.824248804223,25239.7343994939,-0.08984931032449865,186,224,25.418023960599385,bayes_h1h2_marginal_boundary,measured_graph,4.95768754042769e-07,0.03251682767858879,0.013468721469727577,3,h1:h1_z;h2:h2_z
0.005011872336272725,1.0000000000002836,0.9999999999999999,41.38648006598669,H1+H2,25231.887411625627,25231.750171441206,-0.13724018441893068,186,224,41.38648006598669,bayes_h1h2_marginal_boundary,measured_graph,1.6895574599429022e-10,0.03292777845031071,0.013573103876847388,3,h1:h1_z;h2:h2_z
0.006309573444801936,1.0000000000002882,1.0,64.17849045991898,H1+H2,25220.548797302752,25220.35416624424,-0.19463105851336257,186,224,64.17849045991898,bayes_h1h2_marginal_boundary,measured_graph,1.899112942198385e-15,0.033560092914371425,0.01372272896062277,3,h1:h1_z;h2:h2_z
0.00794328234724282,1.000000000000269,0.9999999999999997,94.12719114772335,H1+H2,25205.641837832947,25205.379815900338,-0.26202193260779433,186,224,94.12719114772335,bayes_h1h2_marginal_boundary,measured_graph,5.960367925762961e-22,0.034456580362251035,0.013914278948419956,3,h1:h1_z;h2:h2_z
0.01,1.0000000000002276,0.9999999999999998,130.1608768029546,H1+H2,25187.702385879424,25187.362973072723,-0.3394128067022262,186,224,130.1608768029546,bayes_h1h2_marginal_boundary,measured_graph,8.926015725948814e-30,0.03562032476547077,0.01413530834594231,3,h1:h1_z;h2:h2_z
0.012589254117941675,1.000000000000179,0.9999999999999999,169.87910940565052,H1+H2,25167.93066045217,25167.503856771375,-0.42680368079665804,186,224,169.87910940565052,bayes_h1h2_marginal_boundary,measured_graph,2.118132005168661e-38,0.03699723717709668,0.014368132788572158,3,h1:h1_z;h2:h2_z
0.01584893192461114,1.00000000000013,1.0,210.2972936627193,H1+H2,25147.81895919773,25147.29476464284,-0.5241945548910899,186,224,210.2972936627193,bayes_h1h2_marginal_boundary,measured_graph,3.5420592924250083e-47,0.038486156169058365,0.014595594858494718,3,h1:h1_z;h2:h2_z
0.01995262314968881,1.0000000000000908,1.0,248.85962820420536,H1+H2,25128.645182801083,25128.013597372097,-0.6315854289855218,186,224,248.85962820420536,bayes_h1h2_marginal_boundary,measured_graph,1.4981361251751442e-55,0.039976777834793455,0.014805083567648042,3,h1:h1_z;h2:h2_z
0.025118864315095822,1.0000000000000617,1.0000000000000002,284.0962467199788,H1+H2,25111.14426441729,25110.39528811421,-0.7489763030799538,186,224,284.0962467199788,bayes_h1h2_marginal_boundary,measured_graph,3.342079567742341e-63,0.04138818284716202,0.014989891320724567,3,h1:h1_z;h2:h2_z
0.03162277660168379,1.0000000000000415,1.0000000000000004,315.6244191726073,H1+H2,25095.50756906507,25094.631201887896,-0.8763671771743852,186,224,315.6244191726073,bayes_h1h2_marginal_boundary,measured_graph,4.761690074792023e-70,0.042680134609570215,0.015148947044638046,3,h1:h1_z;h2:h2_z
0.039810717055349734,1.0000000000000282,1.0,343.7314541452215,H1+H2,25081.591442452856,25080.57768440159,-1.0137580512688171,186,224,343.7314541452215,bayes_h1h2_marginal_boundary,measured_graph,3.7531509278991826e-76,0.04383877519832338,0.015285764960908676,3,h1:h1_z;h2:h2_z
0.05011872336272725,1.0000000000000189,1.0000000000000004,368.9688470893525,H1+H2,25069.120136854886,25067.958987929524,-1.1611489253632492,186,224,368.9688470893525,bayes_h1h2_marginal_boundary,measured_graph,1.2421263724832783e-81,0.044860249241639526,0.01540671467967307,3,h1:h1_z;h2:h2_z
0.06309573444801936,1.0000000000000129,0.9999999999999998,391.9480414254067,H1+H2,25057.787930560953,25056.469390761496,-1.3185397994576809,186,224,391.9480414254067,bayes_h1h2_marginal_boundary,measured_graph,1.2714436974206281e-86,0.04574759051538134,0.015518570051530383,3,h1:h1_z;h2:h2_z
0.07943282347242822,1.0000000000000089,1.0000000000000002,413.25576222323434,H1+H2,25047.301461036135,25045.815530362583,-1.4859306735521132,186,224,413.25576222323434,bayes_h1h2_marginal_boundary,measured_graph,3.001817956148989e-91,0.046516110075268374,0.01562591164115586,3,h1:h1_z;h2:h2_z
0.1,1.0000000000000056,1.0000000000000002,433.3775894104401,H1+H2,25037.417938316627,25035.75461676898,-1.663321547646544,186,224,433.3775894104401,bayes_h1h2_marginal_boundary,measured_graph,1.2822865723459153e-95,0.04719532791901052,0.01572961114754373,3,h1:h1_z;h2:h2_z
1e-05,1.0000000062376813,0.9999977898965525,61.59806877367373,H1+H2,39911.80486974035,39909.43718315648,-2.3676865838692702,287,355,61.59806877367373,bayes_h1h2_marginal_boundary,measured_graph,5.093829173985473e-15,0.022197641774569468,0.011493469865721171,4,h1:h1_z;h2:h2_z
1.2589254117941661e-05,1.0000000207850757,0.9999979630934106,52.971518397986074,H1+H2,39915.90553580229,39913.75045834432,-2.155077457963703,287,355,52.971518397986074,bayes_h1h2_marginal_boundary,measured_graph,3.804310793477352e-13,0.022185452525086028,0.011399233301845056,4,h1:h1_z;h2:h2_z
1.584893192461114e-05,1.0000000632351373,0.9999989747608833,43.67062994214939,H1+H2,39920.3533709043,39918.40090257224,-1.952468332058134,287,355,43.67062994214939,bayes_h1h2_marginal_boundary,measured_graph,3.9805057537565745e-11,0.02216801720506687,0.011320428116049951,4,h1:h1_z;h2:h2_z
1.9952623149688786e-05,1.00000016830275,0.99999971792665,34.63948603029712,H1+H2,39924.67633373432,39922.91647452817,-1.7598592061525666,287,355,34.63948603029712,bayes_h1h2_marginal_boundary,measured_graph,3.639370237371903e-09,0.02214354560690765,0.011264675118274052,4,h1:h1_z;h2:h2_z
2.5118864315095822e-05,1.0000003703149376,0.9999999551073734,26.655830021292786,H1+H2,39928.48555261292,39926.90830253267,-1.5772500802469966,287,355,26.655830021292786,bayes_h1h2_marginal_boundary,measured_graph,1.9708569998994013e-07,0.022110346810138046,0.011230745983366137,4,h1:h1_z;h2:h2_z
3.1622776601683795e-05,1.000000628358098,0.9999990899912125,20.06321637054498,H1+H2,39931.60925031239,39930.20460935804,-1.404640954341429,287,355,20.06321637054498,bayes_h1h2_marginal_boundary,measured_graph,5.323815288783583e-06,0.022067682996739574,0.01121254065593014,4,h1:h1_z;h2:h2_z
3.9810717055349695e-05,1.0000007613906896,0.9999998671838729,14.81010518335097,H1+H2,39934.073196780075,39932.83116495164,-1.2420318284358616,287,355,14.81010518335097,bayes_h1h2_marginal_boundary,measured_graph,7.36074173199252e-05,0.02201700664644753,0.011203727870390473,4,h1:h1_z;h2:h2_z
5.011872336272725e-05,1.000000612610148,0.9999999846126675,10.661472064923146,H1+H2,39935.99490421338,39934.905481510854,-1.089422702530293,287,355,10.661472064923146,bayes_h1h2_marginal_boundary,measured_graph,0.0005858491649066106,0.021962751919358415,0.01119987580365412,4,h1:h1_z;h2:h2_z
6.309573444801929e-05,1.000000310690519,0.9999999985062382,7.396694541181205,H1+H2,39937.48468384935,39936.537870272725,-0.9468135766247254,287,355,7.396694541181205,bayes_h1h2_marginal_boundary,measured_graph,0.0029972519181130485,0.021911278529602937,0.0111984442318974,4,h1:h1_z;h2:h2_z
7.943282347242822e-05,1.0000000977602528,0.9999999998726531,4.892693064437481,H1+H2,39938.604075461815,39937.7898710111,-0.8142044507191568,287,355,4.892693064437481,bayes_h1h2_marginal_boundary,measured_graph,0.01048238867510092,0.021867787728276845,0.011198168410523021,4,h1:h1_z;h2:h2_z
0.0001,1.0000000195734897,0.9999999999900308,3.0928252382727806,H1+H2,39939.381400248996,39938.68980492418,-0.6915953248135883,287,355,3.0928252382727806,bayes_h1h2_marginal_boundary,measured_graph,0.02578081196693735,0.021833633438442565,0.011198481543842655,4,h1:h1_z;h2:h2_z
0.00012589254117941674,1.0000000026373104,0.9999999999992737,1.932383524836041,H1+H2,39939.84901197981,39939.2700257809,-0.5789861989080206,287,355,1.932383524836041,bayes_h1h2_marginal_boundary,measured_graph,0.04605569153462365,0.021806450096704656,0.011199161171022659,4,h1:h1_z;h2:h2_z
0.00015848931924611142,1.0000000002556844,0.9999999999999457,1.2972666247369489,H1+H2,39940.06396130395,39939.58758423095,-0.47637707300245236,287,355,1.2972666247369489,bayes_h1h2_marginal_boundary,measured_graph,0.06326990614702195,0.0217823171523005,0.011200148905184639,4,h1:h1_z;h2:h2_z
0.00019952623149688788,1.0000000564671523,0.9999999993155546,1.0337796730018454,H1+H2,39940.10309565391,39939.719327706815,-0.38376794709688455,287,355,1.0337796730018454,bayes_h1h2_marginal_boundary,measured_graph,0.07217929815671444,0.02175762085346695,0.011201469494469918,4,h1:h1_z;h2:h2_z
0.0002511886431509582,1.0000000084482275,0.9999999998823034,0.980386849725619,H1+H2,39940.04718293964,39939.74602411845,-0.30115882119131615,287,355,0.980386849725619,bayes_h1h2_marginal_boundary,measured_graph,0.07413217786925713,0.021729682730649975,0.011203200103301857,4,h1:h1_z;h2:h2_z
0.00031622776601683794,1.000000001088605,0.999999999979481,0.9939289809117327,H1+H2,39939.96780274814,39939.73925305286,-0.22854969528574837,287,355,0.9939289809117327,bayes_h1h2_marginal_boundary,measured_graph,0.0736319195824756,0.021696615989333354,0.01120546467821781,4,h1:h1_z;h2:h2_z
0.00039810717055349735,1.000000000117824,0.9999999999963197,0.9637298146117246,H1+H2,39939.92029320539,39939.75435263601,-0.16594056938017995,287,355,0.9637298146117246,bayes_h1h2_marginal_boundary,measured_graph,0.07475216722654804,0.021657061269109382,0.011208442537555811,4,h1:h1_z;h2:h2_z
0.0005011872336272725,1.0000000000103153,0.999999999999303,0.820243198540993,H1+H2,39939.93942738752,39939.826095944045,-0.11333144347461188,287,355,0.820243198540993,bayes_h1h2_marginal_boundary,measured_graph,0.08031219784836946,0.021610084362381817,0.01121238828177785,4,h1:h1_z;h2:h2_z
0.000630957344480193,1.0000000000008644,0.9999999999998588,0.547648928622948,H1+H2,39940.033115396574,39939.962393079004,-0.07072231756904392,287,355,0.547648928622948,bayes_h1h2_marginal_boundary,measured_graph,0.09203957502239075,0.021555338013514436,0.011217664206780331,4,h1:h1_z;h2:h2_z
0.0007943282347242822,1.000000000000243,0.9999999999999664,0.2097983455605572,H1+H2,39940.1694315622,39940.131318370535,-0.03811319166347554,287,355,0.2097983455605572,bayes_h1h2_marginal_boundary,measured_graph,0.10897777249537016,0.021493551561011515,0.011224789203257994,4,h1:h1_z;h2:h2_z
0.001,1.0000000000003864,0.9999999999999901,-0.0,H1+H2,39940.25172160907,39940.236217543315,-0.015504065757907535,287,355,-0.0,bayes_h1h2_marginal_boundary,measured_graph,0.1210305644129999,0.021427482354501568,0.011234509803327174,4,h1:h1_z;h2:h2_z
0.0012589254117941675,1.000000000000763,0.9999999999999961,0.32790115059469827,H1+H2,39940.07516190787,39940.07226696802,-0.0028949398523394052,287,355,0.32790115059469827,bayes_h1h2_marginal_boundary,measured_graph,0.10272880316427126,0.021363561162170218,0.011247898450338387,4,h1:h1_z;h2:h2_z
0.001584893192461114,1.0000000000012248,0.9999999999999982,1.9581277102552122,H1+H2,39939.25743950214,39939.25715368819,-0.0002858139467712683,287,355,1.9581277102552122,bayes_h1h2_marginal_boundary,measured_graph,0.04546665758628358,0.02131454004377698,0.011266476749895896,4,h1:h1_z;h2:h2_z
0.0019952623149688807,1.000000000001632,0.9999999999999987,6.206048270571046,H1+H2,39937.140870096075,39937.13319340803,-0.007676688041203171,287,355,6.206048270571046,bayes_h1h2_marginal_boundary,measured_graph,0.005435866714062843,0.02130337358516899,0.011292337428760566,4,h1:h1_z;h2:h2_z
0.002511886431509582,1.0000000000018872,0.999999999999999,15.154840770323062,H1+H2,39932.68386472029,39932.658797158154,-0.025067562135635053,287,355,15.154840770323062,bayes_h1h2_marginal_boundary,measured_graph,6.195312222852683e-05,0.021368008710108265,0.011328183327055895,4,h1:h1_z;h2:h2_z
0.0031622776601683794,1.000000000001934,0.9999999999999997,31.755094413718325,H1+H2,39924.411128772685,39924.358670336456,-0.05245843623006681,287,355,31.755094413718325,bayes_h1h2_marginal_boundary,measured_graph,1.539444089273117e-08,0.021565189371451673,0.011377113459146822,4,h1:h1_z;h2:h2_z
0.003981071705534973,1.0000000000017766,0.9999999999999993,59.514232396759326,H1+H2,39910.56895065526,39910.479101344936,-0.08984931032449865,287,355,59.514232396759326,bayes_h1h2_marginal_boundary,measured_graph,1.443921876280901e-14,0.021968644316649938,0.011441927194940329,4,h1:h1_z;h2:h2_z
0.005011872336272725,1.0000000000014728,1.0,101.45736943348311,H1+H2,39889.644773010994,39889.507532826574,-0.13724018441893068,287,355,101.45736943348311,bayes_h1h2_marginal_boundary,measured_graph,1.1264377900826329e-23,0.02265523356137288,0.011523855761438828,4,h1:h1_z;h2:h2_z
0.006309573444801936,1.0000000000011404,0.9999999999999997,158.50408683653222,H1+H2,39861.17880518356,39860.98417412505,-0.19463105851336257,287,355,158.50408683653222,bayes_h1h2_marginal_boundary,measured_graph,4.614981054246672e-36,0.02367742350878159,0.01162110716091439,4,h1:h1_z;h2:h2_z
0.00794328234724282,1.0000000000008848,0.9999999999999993,228.28680130913563,H1+H2,39826.35483882135,39826.09281688875,-0.26202193260779433,287,355,228.28680130913563,bayes_h1h2_marginal_boundary,measured_graph,3.243739793128462e-51,0.025034127779234982,0.011728168920535588,4,h1:h1_z;h2:h2_z
0.01,1.0000000000007725,1.0,305.5730204155552,H1+H2,39787.78912014224,39787.44970733554,-0.3394128067022262,287,355,305.5730204155552,bayes_h1h2_marginal_boundary,measured_graph,5.352501110683078e-68,0.02666077984822108,0.011836759288974654,4,h1:h1_z;h2:h2_z
0.012589254117941675,1.000000000000822,0.9999999999999993,384.1251046701218,H1+H2,39748.60046888905,39748.173665208255,-0.42680368079665804,287,355,384.1251046701218,bayes_h1h2_marginal_boundary,measured_graph,4.6901679994951324e-85,0.028446473227203405,0.01193842019907472,4,h1:h1_z;h2:h2_z
0.01584893192461114,1.0000000000010185,0.9999999999999997,458.6322485004348,H1+H2,39711.44428784799,39710.9200932931,-0.5241945548910899,287,355,458.6322485004348,bayes_h1h2_marginal_boundary,measured_graph,3.1057585198327205e-101,0.030264232245390946,0.012027717803525588,4,h1:h1_z;h2:h2_z
0.01995262314968881,1.0000000000012985,0.9999999999999993,525.7173830128595,H1+H2,39678.00911146587,39677.377526036886,-0.6315854289855218,287,355,525.7173830128595,bayes_h1h2_marginal_boundary,measured_graph,8.41038384171615e-116,0.031996928202295646,0.012104474472540866,4,h1:h1_z;h2:h2_z
0.025118864315095822,1.000000000001547,0.999999999999999,584.015319800601,H1+H2,39648.9775339461,39648.228557643015,-0.7489763030799538,287,355,584.015319800601,bayes_h1h2_marginal_boundary,measured_graph,1.843230679562593e-128,0.033554095617248036,0.012173632505311175,4,h1:h1_z;h2:h2_z
0.03162277660168379,1.0000000000016696,0.9999999999999999,633.7486225939647,H1+H2,39624.23827342351,39623.36190624633,-0.8763671771743852,287,355,633.7486225939647,bayes_h1h2_marginal_boundary,measured_graph,2.9250291965530442e-139,0.034883127078385354,0.012242529609491168,4,h1:h1_z;h2:h2_z
0.039810717055349734,1.000000000001645,0.9999999999999996,676.1041402585251,H1+H2,39603.19790546532,39602.18414741405,-1.0137580512688171,287,355,676.1041402585251,bayes_h1h2_marginal_boundary,measured_graph,1.8567199570262444e-148,0.035974168764387006,0.012316988234043159,4,h1:h1_z;h2:h2_z
0.05011872336272725,1.000000000001522,1.0,712.5660329588281,H1+H2,39585.114349989264,39583.9532010639,-1.1611489253632492,287,355,712.5660329588281,bayes_h1h2_marginal_boundary,measured_graph,2.2446415910917634e-156,0.03685386082103646,0.012398387469651833,4,h1:h1_z;h2:h2_z
0.06309573444801936,1.000000000001361,0.9999999999999997,744.3916017255251,H1+H2,39569.35895648001,39568.04041668055,-1.3185397994576809,287,355,744.3916017255251,bayes_h1h2_marginal_boundary,measured_graph,2.756211600813757e-163,0.03756875075497194,0.012483287417868225,4,h1:h1_z;h2:h2_z
0.07943282347242822,1.0000000000011968,0.9999999999999997,772.3907362832979,H1+H2,39555.52678007522,39554.04084940167,-1.4859306735521132,287,355,772.3907362832979,bayes_h1h2_marginal_boundary,measured_graph,2.2928610567575328e-169,0.038166800703644234,0.012565550661019297,4,h1:h1_z;h2:h2_z
0.1,1.0000000000010392,1.0,796.9939783628652,H1+H2,39543.40254990953,39541.73922836188,-1.663321547646544,287,355,796.9939783628652,bayes_h1h2_marginal_boundary,measured_graph,1.0419613314428465e-174,0.038686000837407176,0.012639223726435457,4,h1:h1_z;h2:h2_z
1e-05,1.0000001037997468,1.0000000753400173,106.95139881243813,H1+H2,48504.24390811751,48501.87622153364,-2.3676865838692702,375,458,106.95139881243813,bayes_h1h2_marginal_boundary,measured_graph,2.228076222852551e-24,0.6622740056800526,0.04223767887322605,5,h1:h1_z;h2:h2_z
1.2589254117941661e-05,1.0000001381418058,1.0000002385664555,105.6020818361867,H1+H2,48504.70595747973,48502.550880021765,-2.155077457963703,375,458,105.6020818361867,bayes_h1h2_marginal_boundary,measured_graph,4.3745209686716204e-24,0.6622730695635825,0.042185581204888446,5,h1:h1_z;h2:h2_z
1.584893192461114e-05,1.0000001819924165,1.0000006678890667,103.8000892711716,H1+H2,48505.40434463633,48503.45187630427,-1.952468332058134,375,458,103.8000892711716,bayes_h1h2_marginal_boundary,measured_graph,1.0770310312715098e-23,0.66227165801766,0.04210941925688528,5,h1:h1_z;h2:h2_z
1.9952623149688786e-05,1.0000002329370448,1.0000015604835104,101.35928659902129,H1+H2,48506.4321368465,48504.67227764035,-1.7598592061525666,375,458,101.35928659902129,bayes_h1h2_marginal_boundary,measured_graph,3.6495707083564523e-23,0.662269513556731,0.042002929429076775,5,h1:h1_z;h2:h2_z
2.5118864315095822e-05,1.0000002855577899,1.0000028255648599,98.08735237628571,H1+H2,48507.885494831964,48506.308244751715,-1.5772500802469966,375,458,98.08735237628571,bayes_h1h2_marginal_boundary,measured_graph,1.8738433047064334e-22,0.6622662335445006,0.0418635428869647,5,h1:h1_z;h2:h2_z
3.1622776601683795e-05,1.000000333241913,1.0000000649812841,93.86184494750341,H1+H2,48509.82563942045,48508.42099846611,-1.404640954341429,375,458,93.86184494750341,bayes_h1h2_marginal_boundary,measured_graph,1.5498531527771383e-21,0.6622611858061065,0.04169744941802571,5,h1:h1_z;h2:h2_z
3.9810717055349695e-05,1.0000003715717725,1.0000030976741068,88.75021209236002,H1+H2,48512.21884672211,48510.97681489368,-1.2420318284358616,375,458,88.75021209236002,bayes_h1h2_marginal_boundary,measured_graph,1.996491761171768e-20,0.6622533757823053,0.04152229572150422,5,h1:h1_z;h2:h2_z
5.011872336272725e-05,1.0000004005586751,1.0000016495787307,83.09853071595717,H1+H2,48514.89207828441,48513.80265558188,-1.089422702530293,375,458,83.09853071595717,bayes_h1h2_marginal_boundary,measured_graph,3.3691049515767627e-19,0.6622412393329693,0.04136333413304114,5,h1:h1_z;h2:h2_z
6.309573444801929e-05,1.0000004240782279,1.000000548185298,77.48381736966257,H1+H2,48517.55682583165,48516.61001225503,-0.9468135766247254,375,458,77.48381736966257,bayes_h1h2_marginal_boundary,measured_graph,5.5812831002306755e-18,0.6622223210043805,0.04124040378964285,5,h1:h1_z;h2:h2_z
7.943282347242822e-05,1.0000004479903852,1.0000001186348801,72.49506066000322,H1+H2,48519.918595060575,48519.10439060986,-0.8142044507191568,375,458,72.49506066000322,bayes_h1h2_marginal_boundary,measured_graph,6.761278220635117e-17,0.6621927770228175,0.04115889464151374,5,h1:h1_z;h2:h2_z
0.0001,1.000000479173027,1.000000017998655,68.50426380519639,H1+H2,48521.79138436208,48521.09978903726,-0.6915953248135883,375,458,68.50426380519639,bayes_h1h2_marginal_boundary,measured_graph,4.973010009415454e-16,0.6621466173536721,0.04111140286264865,5,h1:h1_z;h2:h2_z
0.00012589254117941674,1.0000005261949152,1.0000000020802016,65.58892740115698,H1+H2,48523.13644343819,48522.55745723928,-0.5789861989080206,375,458,65.58892740115698,bayes_h1h2_marginal_boundary,measured_graph,2.1363705863000687e-15,0.6620745775917657,0.04108594577402322,5,h1:h1_z;h2:h2_z
0.00015848931924611142,1.0000006013771958,1.0000000001968379,63.603328524986864,H1+H2,48524.02663375037,48523.550256677365,-0.47637707300245236,375,458,63.603328524986864,bayes_h1h2_marginal_boundary,measured_graph,5.765592014448593e-15,0.6619625087922782,0.041072153491772116,5,h1:h1_z;h2:h2_z
0.00019952623149688788,1.000000724052989,1.0000000464828123,62.2921225035243,H1+H2,48524.58962763519,48524.205859688096,-0.38376794709688455,375,458,62.2921225035243,bayes_h1h2_marginal_boundary,measured_graph,1.1106281512959579e-14,0.6617892471937342,0.04106298615426836,5,h1:h1_z;h2:h2_z
0.0002511886431509582,1.0000009246240633,1.0000000083411726,61.36919489729917,H1+H2,48524.9684823124,48524.66732349121,-0.30115882119131615,375,458,61.36919489729917,bayes_h1h2_marginal_boundary,measured_graph,1.7618943411890575e-14,0.6615242047027368,0.04105391985770859,5,h1:h1_z;h2:h2_z
0.00031622776601683794,1.0000000071823154,1.0000000014507737,60.54695865190297,H1+H2,48525.30699130919,48525.07844161391,-0.22854969528574837,375,458,60.54695865190297,bayes_h1h2_marginal_boundary,measured_graph,2.6578238411732602e-14,0.6611260589994266,0.04104156711555355,5,h1:h1_z;h2:h2_z
0.00039810717055349735,1.0000000120716748,1.0000000002487086,59.533076074090786,H1+H2,48525.75132347219,48525.58538290281,-0.16594056938017995,375,458,59.533076074090786,bayes_h1h2_marginal_boundary,measured_graph,4.4125333135645174e-14,0.6605426725009925,0.04102254765148149,5,h1:h1_z;h2:h2_z
0.0005011872336272725,1.0000000202637231,1.000000000042456,58.015821235167095,H1+H2,48526.45734176575,48526.344010322275,-0.11333144347461188,375,458,58.015821235167095,bayes_h1h2_marginal_boundary,measured_graph,9.422273347785732e-14,0.6597222078184051,0.04099268228985686,5,h1:h1_z;h2:h2_z
0.000630957344480193,1.0000000313519422,1.0000000000073428,55.661180035807774,H1+H2,48527.592053239525,48527.521330921954,-0.07072231756904392,375,458,55.661180035807774,bayes_h1h2_marginal_boundary,measured_graph,3.0581553218677916e-13,0.6586337857238663,0.040946521053672476,5,h1:h1_z;h2:h2_z
0.0007943282347242822,1.00000004102378,1.0000000000012461,52.14281120469968,H1+H2,48529.318628529174,48529.28051533751,-0.03811319166347554,375,458,52.14281120469968,bayes_h1h2_marginal_boundary,measured_graph,1.7760844973140739e-12,0.6573015976942279,0.040877383863240156,5,h1:h1_z;h2:h2_z
0.001,1.0000000424978484,1.0000000000002454,47.221524438413326,H1+H2,48531.75666278641,48531.74115872065,-0.015504065757907535,375,458,47.221524438413326,bayes_h1h2_marginal_boundary,measured_graph,2.0802113744959138e-11,0.655831465226905,0.04077834984119051,5,h1:h1_z;h2:h2_z
0.0012589254117941675,1.00000003430208,1.0000000000000517,40.86468435950519,H1+H2,48534.92247369996,48534.919578760106,-0.0028949398523394052,375,458,40.86468435950519,bayes_h1h2_marginal_boundary,measured_graph,4.994335935236614e-10,0.6543954520019732,0.040644621549200115,5,h1:h1_z;h2:h2_z
0.001584893192461114,1.0000019309669446,1.0000000000000135,33.352535272875684,H1+H2,48538.67593911737,48538.67565330342,-0.0002858139467712683,375,458,33.352535272875684,bayes_h1h2_marginal_boundary,measured_graph,2.1365851168399378e-08,0.653163927149825,0.040476879784013965,5,h1:h1_z;h2:h2_z
0.0019952623149688807,1.0000012860893805,1.0000000000000069,25.289097837667214,H1+H2,48542.71504870907,48542.707372021025,-0.007676688041203171,375,458,25.289097837667214,bayes_h1h2_marginal_boundary,measured_graph,1.2041300383236193e-06,0.6522389727359267,0.040283594763186395,5,h1:h1_z;h2:h2_z
0.002511886431509582,1.0000008835208856,1.0000000000000044,17.467558216594625,H1+H2,48546.6432093937,48546.61814183156,-0.025067562135635053,375,458,17.467558216594625,bayes_h1h2_marginal_boundary,measured_graph,6.0131098692858855e-05,0.6516373028233918,0.04007956063735152,5,h1:h1_z;h2:h2_z
0.0031622776601683794,1.0000006624552882,1.000000000000008,10.633777585884673,H1+H2,48550.087490583144,48550.035032146916,-0.05245843623006681,375,458,10.633777585884673,bayes_h1h2_marginal_boundary,measured_graph,0.0018324652532654521,0.6513316785116828,0.03988053548098423,5,h1:h1_z;h2:h2_z
0.003981071705534973,1.0000005496374316,1.0000000000000167,5.298305737436749,H1+H2,48552.79261738146,48552.70276807114,-0.08984931032449865,375,458,5.298305737436749,bayes_h1h2_marginal_boundary,measured_graph,0.026400900447745353,0.6512915383994767,0.03969787664117313,5,h1:h1_z;h2:h2_z
0.005011872336272725,1.000000496009817,1.0000000000000313,1.7153474052029196,H1+H2,48554.63148742168,48554.49424723726,-0.13724018441893068,375,458,1.7153474052029196,bayes_h1h2_marginal_boundary,measured_graph,0.15836100738163938,0.6515026229702127,0.03953707830110088,5,h1:h1_z;h2:h2_z
0.006309573444801936,1.0000004732778538,1.000000000000052,-0.0,H1+H2,48555.54655199837,48555.35192093986,-0.19463105851336257,375,458,-0.0,bayes_h1h2_marginal_boundary,measured_graph,0.3733629437747106,0.6519696837510003,0.039399988436298085,5,h1:h1_z;h2:h2_z
0.00794328234724282,1.0000004656034316,1.0000000000000784,0.2556832678965293,H1+H2,48555.486101238515,48555.22407930591,-0.26202193260779433,375,458,0.2556832678965293,bayes_h1h2_marginal_boundary,measured_graph,0.32855667583124204,0.6527134384125626,0.03928758935941836,5,h1:h1_z;h2:h2_z
0.01,1.000000464211143,1.0000000000001112,2.6167146833176957,H1+H2,48554.3829764049,48554.0435635982,-0.3394128067022262,375,458,2.6167146833176957,bayes_h1h2_marginal_boundary,measured_graph,0.10090642926422233,0.653765190759187,0.039201073095976806,5,h1:h1_z;h2:h2_z
0.012589254117941675,1.0000004641046525,1.0000000000001519,7.2040629215334775,H1+H2,48552.17669315989,48551.74988947909,-0.42680368079665804,375,458,7.2040629215334775,bayes_h1h2_marginal_boundary,measured_graph,0.010180962200728672,0.655157515544452,0.03914125681363066,5,h1:h1_z;h2:h2_z
0.01584893192461114,1.000000461848035,1.000000000000187,14.041892263965565,H1+H2,48548.85516936277,48548.330974807875,-0.5241945548910899,375,458,14.041892263965565,bayes_h1h2_marginal_boundary,measured_graph,0.0003334057221402227,0.656911754089054,0.03910734146122718,5,h1:h1_z;h2:h2_z
0.01995262314968881,1.0000004541928456,1.0000000000002303,22.97274878816097,H1+H2,48544.497131974764,48543.86554654578,-0.6315854289855218,375,458,22.97274878816097,bayes_h1h2_marginal_boundary,measured_graph,3.834089051191042e-06,0.6590272088032332,0.03909555972032179,5,h1:h1_z;h2:h2_z
0.025118864315095822,1.0000004375936176,1.0000000000002534,33.6016372088925,H1+H2,48539.300078638495,48538.55110233541,-0.7489763030799538,375,458,33.6016372088925,bayes_h1h2_marginal_boundary,measured_graph,1.886376601015299e-08,0.6614757107763296,0.0390981898807234,5,h1:h1_z;h2:h2_z
0.03162277660168379,1.000000408730831,1.000000000000257,45.30434111774957,H1+H2,48533.57611755816,48532.69975038098,-0.8763671771743852,375,458,45.30434111774957,bayes_h1h2_marginal_boundary,measured_graph,5.4252347546439104e-11,0.6641988323674413,0.03910384505761806,5,h1:h1_z;h2:h2_z
0.039810717055349734,1.0000003659733234,1.0000000000002323,57.31339292906341,H1+H2,48527.708982526594,48526.69522447533,-1.0137580512688171,375,458,57.31339292906341,bayes_h1h2_marginal_boundary,measured_graph,1.338708645027428e-13,0.6671041420629543,0.03909949342515614,5,h1:h1_z;h2:h2_z
0.05011872336272725,1.0000003109635067,1.000000000000191,68.85683325266291,H1+H2,48522.08465323889,48520.92350431353,-1.1611489253632492,375,458,68.85683325266291,bayes_h1h2_marginal_boundary,measured_graph,4.1692683665444433e-16,0.6700669212842777,0.039073435187102344,5,h1:h1_z;h2:h2_z
0.06309573444801936,1.0000002488738242,1.00000000000013,79.31685350523912,H1+H2,48517.0120339867,48515.69349418724,-1.3185397994576809,375,458,79.31685350523912,bayes_h1h2_marginal_boundary,measured_graph,2.232005767339627e-18,0.6729495446509036,0.0390181279345743,5,h1:h1_z;h2:h2_z
0.07943282347242822,1.000000186694466,1.000000000000077,88.38818740846182,H1+H2,48512.64375790918,48511.15782723563,-1.4859306735521132,375,458,88.38818740846182,bayes_h1h2_marginal_boundary,measured_graph,2.3926555617729874e-20,0.67563718712063,0.038932612517576945,5,h1:h1_z;h2:h2_z
0.1,1.0000001307730728,1.0000000000000298,96.20183090289356,H1+H2,48508.91432703606,48507.25100548841,-1.663321547646544,375,458,96.20183090289356,bayes_h1h2_marginal_boundary,measured_graph,4.810265603414326e-22,0.678070275775071,0.03882455480324091,5,h1:h1_z;h2:h2_z
1e-05,1.0000006706893299,1.0000000418236072,26.85967942156276,H1+H2,26034.12359876249,26031.75591217862,-2.3676865838692702,213,240,26.85967942156276,bayes_h1h2_marginal_boundary,measured_graph,1.46939399206712e-07,0.886214785375722,0.055811910056033365,6,h1:h1_z;h2:h2_z
1.2589254117941661e-05,1.0000008480591152,1.000000142098933,26.154439372876368,H1+H2,26034.263609660928,26032.108532202965,-2.155077457963703,213,240,26.154439372876368,bayes_h1h2_marginal_boundary,measured_graph,2.0906396877509003e-07,0.8862102055405062,0.05576808169604156,6,h1:h1_z;h2:h2_z
1.584893192461114e-05,1.0000010669256756,1.0000004435764143,25.324429644999327,H1+H2,26034.476005398963,26032.523537066903,-1.952468332058134,213,240,25.324429644999327,bayes_h1h2_marginal_boundary,measured_graph,3.166018971743706e-07,0.8862041825534019,0.055702210978005186,6,h1:h1_z;h2:h2_z
1.9952623149688786e-05,1.0000000083086218,1.000001220853006,24.302353438084538,H1+H2,26034.794434376512,26033.03457517036,-1.7598592061525666,213,240,24.302353438084538,bayes_h1h2_marginal_boundary,measured_graph,5.277819596586622e-07,0.88619678455022,0.05560568572532106,6,h1:h1_z;h2:h2_z
2.5118864315095822e-05,1.0000000098142663,1.0000000335999077,23.001943095747265,H1+H2,26035.262030421778,26033.68478034153,-1.5772500802469966,213,240,23.001943095747265,bayes_h1h2_marginal_boundary,measured_graph,1.011195339390851e-06,0.8861862266124714,0.05546981092584561,6,h1:h1_z;h2:h2_z
3.1622776601683795e-05,1.0000000110895115,1.0000000770128232,21.328842946830264,H1+H2,26035.92597137033,26034.521330415988,-1.404640954341429,213,240,21.328842946830264,bayes_h1h2_marginal_boundary,measured_graph,2.334232655391708e-06,0.8861719083180237,0.05528951280122882,6,h1:h1_z;h2:h2_z
3.9810717055349695e-05,1.0000000120362638,1.0000001151612874,19.211506652231037,H1+H2,26036.822030391722,26035.579998563288,-1.2420318284358616,213,240,19.211506652231037,bayes_h1h2_marginal_boundary,measured_graph,6.728494085449321e-06,0.8861522606265902,0.055070068814583914,6,h1:h1_z;h2:h2_z
5.011872336272725e-05,1.0000000126863382,1.0000001013671285,16.657231379031145,H1+H2,26037.94655890242,26036.857136199887,-1.089422702530293,213,240,16.657231379031145,bayes_h1h2_marginal_boundary,measured_graph,2.4130799057246613e-05,0.8861249663916084,0.05483228864704249,6,h1:h1_z;h2:h2_z
6.309573444801929e-05,1.0000000131565572,1.0000030888967502,13.808633432417992,H1+H2,26039.22824874982,26038.281435173194,-0.9468135766247254,213,240,13.808633432417992,bayes_h1h2_marginal_boundary,measured_graph,0.0001002621210468617,0.8860865751264791,0.05460896197725975,6,h1:h1_z;h2:h2_z
7.943282347242822e-05,1.0000000135888534,1.0000010750479849,10.94143602521217,H1+H2,26040.529238327515,26039.715033876797,-0.8142044507191568,213,240,10.94143602521217,bayes_h1h2_marginal_boundary,measured_graph,0.00042047569212992197,0.8860319170550978,0.0544300948584002,6,h1:h1_z;h2:h2_z
0.0001,1.0000000141269192,1.0000002440401545,8.371667295075895,H1+H2,26041.69151356668,26040.999918241865,-0.6915953248135883,213,240,8.371667295075895,bayes_h1h2_marginal_boundary,measured_graph,0.0015197042700704295,0.8859532203972014,0.05430723458300378,6,h1:h1_z;h2:h2_z
0.00012589254117941674,1.000000014932345,1.0000000386670498,6.32530674328882,H1+H2,26042.602084716666,26042.02309851776,-0.5789861989080206,213,240,6.32530674328882,bayes_h1h2_marginal_boundary,measured_graph,0.0042278603288491605,0.8858388055954649,0.054233225467664806,6,h1:h1_z;h2:h2_z
0.00015848931924611142,1.0000000162273497,1.000000004645218,4.873855958641798,H1+H2,26043.225200983085,26042.748823910082,-0.47637707300245236,213,240,4.873855958641798,bayes_h1h2_marginal_boundary,measured_graph,0.008735729240432057,0.8856712158130072,0.054192448971642986,6,h1:h1_z;h2:h2_z
0.00019952623149688788,1.0000000183633337,1.0000000004589027,3.9579153284576023,H1+H2,26043.59056217227,26043.206794225174,-0.38376794709688455,213,240,3.9579153284576023,bayes_h1h2_marginal_boundary,measured_graph,0.01380998305034626,0.885424694987971,0.05417043866973885,6,h1:h1_z;h2:h2_z
0.0002511886431509582,1.000000021928595,1.000000000040086,3.4491856741151423,H1+H2,26043.762317873538,26043.461159052345,-0.30115882119131615,213,240,3.4491856741151423,bayes_h1h2_marginal_boundary,measured_graph,0.01780993712980845,0.885062163892739,0.05415744568279409,6,h1:h1_z;h2:h2_z
0.00031622776601683794,1.000000027902832,1.000000017231639,3.201941886516579,H1+H2,26043.81333064143,26043.584780946145,-0.22854969528574837,213,240,3.201941886516579,bayes_h1h2_marginal_boundary,measured_graph,0.02015350988458927,0.8845325163035981,0.0541479349269727,6,h1:h1_z;h2:h2_z
0.00039810717055349735,1.0000000377822384,1.0000000032506893,3.0794232635380467,H1+H2,26043.811980827013,26043.646040257634,-0.16594056938017995,213,240,3.0794232635380467,bayes_h1h2_marginal_boundary,measured_graph,0.021426699242351837,0.8837705387018587,0.05413899855294436,6,h1:h1_z;h2:h2_z
0.0005011872336272725,1.000000053290589,1.0000000006462595,2.9628622594100307,H1+H2,26043.81765220317,26043.704320759698,-0.11333144347461188,213,240,2.9628622594100307,bayes_h1h2_marginal_boundary,measured_graph,0.022712564523477512,0.8827042506855721,0.05412906526574438,6,h1:h1_z;h2:h2_z
0.000630957344480193,1.000000074727511,1.0000000001452085,2.7560440662200563,H1+H2,26043.878452173863,26043.807729856293,-0.07072231756904392,213,240,2.7560440662200563,bayes_h1h2_marginal_boundary,measured_graph,0.025186984454577906,0.8812767424260186,0.05411714097058551,6,h1:h1_z;h2:h2_z
0.0007943282347242822,1.0000000974488679,1.000000000040719,2.3957585899697733,H1+H2,26044.02598578608,26043.987872594418,-0.03811319166347554,213,240,2.3957585899697733,bayes_h1h2_marginal_boundary,measured_graph,0.030158599588448295,0.8794865012260411,0.05410241022185323,6,h1:h1_z;h2:h2_z
0.001,1.0000001104404084,1.0000000000157852,1.871339461831667,H1+H2,26044.265586224246,26044.250082158487,-0.015504065757907535,213,240,1.871339461831667,bayes_h1h2_marginal_boundary,measured_graph,0.039200114722519455,0.8774330692126868,0.0540840328787474,6,h1:h1_z;h2:h2_z
0.0012589254117941675,1.0000001045983864,1.0000000000087974,1.2430007821822073,H1+H2,26044.567146438163,26044.564251498312,-0.0028949398523394052,213,240,1.2430007821822073,bayes_h1h2_marginal_boundary,measured_graph,0.053669722367043086,0.8753270087080575,0.054061021744212616,6,h1:h1_z;h2:h2_z
0.001584893192461114,1.000000083997207,1.0000000000066784,0.6351095054051257,H1+H2,26044.868482950646,26044.8681971367,-0.0002858139467712683,213,240,0.6351095054051257,bayes_h1h2_marginal_boundary,measured_graph,0.07273295998459464,0.8734249915652916,0.05403213286433763,6,h1:h1_z;h2:h2_z
0.0019952623149688807,1.0000000611749262,1.0000000000062097,0.18930667488166364,H1+H2,26045.098775240003,26045.091098551962,-0.007676688041203171,213,240,0.18930667488166364,bayes_h1h2_marginal_boundary,measured_graph,0.0908941885559609,0.8719200085325206,0.05399571413052658,6,h1:h1_z;h2:h2_z
0.002511886431509582,1.0000000440455261,1.000000000006492,-0.0,H1+H2,26045.21081945154,26045.185751889403,-0.025067562135635053,213,240,-0.0,bayes_h1h2_marginal_boundary,measured_graph,0.09991795550639092,0.8708795602673964,0.053949450661801,6,h1:h1_z;h2:h2_z
0.0031622776601683794,1.0000025725983064,1.0000000000072526,0.07685700008732965,H1+H2,26045.199781825588,26045.14732338936,-0.05245843623006681,213,240,0.07685700008732965,bayes_h1h2_marginal_boundary,measured_graph,0.09615109921465913,0.8702731507627204,0.05388994402846607,6,h1:h1_z;h2:h2_z
0.003981071705534973,1.0000021975391074,1.0000000000084426,0.3507573956230772,H1+H2,26045.100222501915,26045.01037319159,-0.08984931032449865,213,240,0.3507573956230772,bayes_h1h2_marginal_boundary,measured_graph,0.08384507129278322,0.8700464631486347,0.05381214140071035,6,h1:h1_z;h2:h2_z
0.005011872336272725,1.000001984253441,1.0000000000100995,0.7072133759502321,H1+H2,26044.969385385848,26044.832145201428,-0.13724018441893068,213,240,0.7072133759502321,bayes_h1h2_marginal_boundary,measured_graph,0.07015750012192655,0.8701661591125552,0.05370892691211586,6,h1:h1_z;h2:h2_z
0.006309573444801936,1.0000018675655649,1.0000000000123872,1.0288876123231603,H1+H2,26044.865939141753,26044.67130808324,-0.19463105851336257,213,240,1.0288876123231603,bayes_h1h2_marginal_boundary,measured_graph,0.05973425241351206,0.8706457607483723,0.05357175066076849,6,h1:h1_z;h2:h2_z
0.00794328234724282,1.0000018067946304,1.000000000015531,1.2551607018322102,H1+H2,26044.820193471096,26044.558171538487,-0.26202193260779433,213,240,1.2551607018322102,bayes_h1h2_marginal_boundary,measured_graph,0.05334440257899787,0.8715438141719459,0.053393537778933714,6,h1:h1_z;h2:h2_z
0.01,1.0000017765689186,1.000000000019793,1.4629326524373027,H1+H2,26044.793698369886,26044.454285563184,-0.3394128067022262,213,240,1.4629326524373027,bayes_h1h2_marginal_boundary,measured_graph,0.04808080716695178,0.8729499798372572,0.053174158794331954,6,h1:h1_z;h2:h2_z
0.012589254117941675,1.000001758748839,1.0000000000251144,1.9346763976864167,H1+H2,26044.645217371355,26044.21841369056,-0.42680368079665804,213,240,1.9346763976864167,bayes_h1h2_marginal_boundary,measured_graph,0.037978158017536,0.8749594524414505,0.05292588167359801,6,h1:h1_z;h2:h2_z
0.01584893192461114,1.0000017350196166,1.0000000000306022,3.1362086590597755,H1+H2,26044.141842114765,26043.617647559873,-0.5241945548910899,213,240,3.1362086590597755,bayes_h1h2_marginal_boundary,measured_graph,0.020826892801959183,0.8776393975294744,0.052673496203085396,6,h1:h1_z;h2:h2_z
0.01995262314968881,1.0000016812765848,1.0000000000341926,5.552692677883897,H1+H2,26043.040990979447,26042.40940555046,-0.6315854289855218,213,240,5.552692677883897,bayes_h1h2_marginal_boundary,measured_graph,0.006221450415634927,0.8809969593752817,0.05244561836405353,6,h1:h1_z;h2:h2_z
0.025118864315095822,1.0000015699481646,1.0000000000335323,9.45656713005883,H1+H2,26041.206444627453,26040.457468324374,-0.7489763030799538,213,240,9.45656713005883,bayes_h1h2_marginal_boundary,measured_graph,0.0008834380038843276,0.8849586655486067,0.052261508299890874,6,h1:h1_z;h2:h2_z
0.03162277660168379,1.000001385273079,1.0000000000279716,14.780166252021445,H1+H2,26038.672035940566,26037.795668763392,-0.8763671771743852,213,240,14.780166252021445,bayes_h1h2_marginal_boundary,measured_graph,6.168381367011841e-05,0.8893662543222948,0.05212365294961831,6,h1:h1_z;h2:h2_z
0.039810717055349734,1.0000011409840812,1.0000000000194735,21.181916843735962,H1+H2,26035.608551518802,26034.594793467535,-1.0137580512688171,213,240,21.181916843735962,bayes_h1h2_marginal_boundary,measured_graph,2.512168341821838e-06,0.8939930030422423,0.052021219104851545,6,h1:h1_z;h2:h2_z
0.05011872336272725,1.0000008774803306,1.0000000000112355,28.224721803999273,H1+H2,26032.234539912766,26031.073390987403,-1.1611489253632492,213,240,28.224721803999273,bayes_h1h2_marginal_boundary,measured_graph,7.425455037134036e-08,0.898584401456399,0.05193950496908238,6,h1:h1_z;h2:h2_z
0.06309573444801936,1.0000006366675285,1.0000000000053995,35.53982237586024,H1+H2,26028.73438050093,26027.415840701473,-1.3185397994576809,213,240,35.53982237586024,bayes_h1h2_marginal_boundary,measured_graph,1.9154427066781502e-09,0.9029162983199681,0.05186804219846961,6,h1:h1_z;h2:h2_z
0.07943282347242822,1.0000004411779357,1.0000000000022204,42.91464249887213,H1+H2,26025.21436131352,26023.728430639967,-1.4859306735521132,213,240,42.91464249887213,bayes_h1h2_marginal_boundary,measured_graph,4.795648282189398e-11,0.9068453551226099,0.051804139351714684,6,h1:h1_z;h2:h2_z
0.1,1.0000002937338033,1.0000000000008515,50.30003946916986,H1+H2,26021.699053702465,26020.035732154818,-1.663321547646544,213,240,50.30003946916986,bayes_h1h2_marginal_boundary,measured_graph,1.1943421200874854e-12,0.910324469283124,0.05175245554485793,6,h1:h1_z;h2:h2_z
1e-05,1.0000000019793973,1.0000001430798853,9.475228949597295,H1+H2,7845.243800064799,7842.87611348093,-2.3676865838692702,79,64,9.475228949597295,bayes_h1h2_marginal_boundary,measured_graph,0.0009839489780128156,1.8042916163266811,0.06791533053435757,7,h1:h1_z;h2:h2_z
1.2589254117941661e-05,1.0000000026841822,1.0000005108159844,9.015286279529391,H1+H2,7845.261162273928,7843.106084815964,-2.155077457963703,79,64,9.015286279529391,bayes_h1h2_marginal_boundary,measured_graph,0.0012383626953636371,1.8042942661141153,0.06784647781879294,7,h1:h1_z;h2:h2_z
1.584893192461114e-05,1.000000003474174,1.0000000136780836,8.55589133920148,H1+H2,7845.288250618186,7843.335782286128,-1.952468332058134,79,64,8.55589133920148,bayes_h1h2_marginal_boundary,measured_graph,0.0015581318479978025,1.8042975160097783,0.06774059288782638,7,h1:h1_z;h2:h2_z
1.9952623149688786e-05,1.0000000042533952,1.000000063257771,8.08608631284369,H1+H2,7845.330544005459,7843.570684799307,-1.7598592061525666,79,64,8.08608631284369,bayes_h1h2_marginal_boundary,measured_graph,0.001970702510486547,1.8043014711495033,0.06758004148262978,7,h1:h1_z;h2:h2_z
2.5118864315095822e-05,1.000000004919594,1.0000002488495288,7.588773857094566,H1+H2,7845.396591107428,7843.8193410271815,-1.5772500802469966,79,64,7.588773857094566,bayes_h1h2_marginal_boundary,measured_graph,0.002527034071664786,1.804306234422005,0.06734234863433398,7,h1:h1_z;h2:h2_z
3.1622776601683795e-05,1.000000005415629,1.000000775406894,7.038154580703122,H1+H2,7845.499291619719,7844.094650665377,-1.404640954341429,79,64,7.038154580703122,bayes_h1h2_marginal_boundary,measured_graph,0.0033279481721313875,1.8043118886227472,0.06700346680786262,7,h1:h1_z;h2:h2_z
3.9810717055349695e-05,1.0000000057511358,1.0000017476841456,6.3976666728376586,H1+H2,7845.656926447746,7844.41489461931,-1.2420318284358616,79,64,6.3976666728376586,bayes_h1h2_marginal_boundary,measured_graph,0.004584128005770677,1.8043184639823857,0.06654772773800789,7,h1:h1_z;h2:h2_z
5.011872336272725e-05,1.0000000059819951,1.0000025650452815,5.623205293890351,H1+H2,7845.891548011314,7844.802125308784,-1.089422702530293,79,64,5.623205293890351,bayes_h1h2_marginal_boundary,measured_graph,0.006751944874686416,1.8043258814651042,0.06598579964468777,7,h1:h1_z;h2:h2_z
6.309573444801929e-05,1.0000000061785108,1.0000022101760855,4.681704692695348,H1+H2,7846.219689186006,7845.272875609381,-0.9468135766247254,79,64,4.681704692695348,bayes_h1h2_marginal_boundary,measured_graph,0.010811181185803763,1.8043338563859257,0.06537136347117133,7,h1:h1_z;h2:h2_z
7.943282347242822e-05,1.0000000064109529,1.000001040292934,3.5906821678690903,H1+H2,7846.632591322514,7845.818386871794,-0.8142044507191568,79,64,3.5906821678690903,bayes_h1h2_marginal_boundary,measured_graph,0.01865458864879702,1.8043417377945277,0.0647924643385708,7,h1:h1_z;h2:h2_z
0.0001,1.00000000675595,1.0000002653271842,2.4509629035219405,H1+H2,7847.079841828781,7846.388246503968,-0.6915953248135883,79,64,2.4509629035219405,bayes_h1h2_marginal_boundary,measured_graph,0.032981664576212925,1.804348245019827,0.06432746602625508,7,h1:h1_z;h2:h2_z
0.00012589254117941674,1.0000000073177837,1.0000025147842633,1.4210504684342595,H1+H2,7847.4821889204195,7846.903202721512,-0.5789861989080206,79,64,1.4210504684342595,bayes_h1h2_marginal_boundary,measured_graph,0.05519696697643046,1.8043510414939148,0.06400341323657296,7,h1:h1_z;h2:h2_z
0.00015848931924611142,1.0000000082656362,1.0000004331275982,0.6395657025186665,H1+H2,7847.770322177472,7847.2939451044695,-0.47637707300245236,79,64,0.6395657025186665,bayes_h1h2_marginal_boundary,measured_graph,0.08158540524259934,1.8043460549796553,0.06379801008363845,7,h1:h1_z;h2:h2_z
0.00019952623149688788,1.0000000099019182,1.0000000645589724,0.16992466048577626,H1+H2,7847.912533572583,7847.528765625486,-0.38376794709688455,79,64,0.16992466048577626,bayes_h1h2_marginal_boundary,measured_graph,0.1031795742649316,1.8043264112495505,0.06366903071439749,7,h1:h1_z;h2:h2_z
0.0002511886431509582,1.0000000127983932,1.0000000105889706,-0.0,H1+H2,7847.91488677692,7847.613727955729,-0.30115882119131615,79,64,-0.0,bayes_h1h2_marginal_boundary,measured_graph,0.1123291319460898,1.8042807991564498,0.06357896691452518,7,h1:h1_z;h2:h2_z
0.00031622776601683794,1.0000000180736384,1.0000000026985547,0.07482840492048126,H1+H2,7847.804863448554,7847.576313753269,-0.22854969528574837,79,64,0.07482840492048126,bayes_h1h2_marginal_boundary,measured_graph,0.1082040760831737,1.804191049754787,0.06350210346873689,7,h1:h1_z;h2:h2_z
0.00039810717055349735,1.000000027937722,1.0000000014647625,0.3276431171980221,H1+H2,7847.61584696651,7847.44990639713,-0.16594056938017995,79,64,0.3276431171980221,bayes_h1h2_marginal_boundary,measured_graph,0.09535546840931536,1.8040287552234902,0.06342242446898617,7,h1:h1_z;h2:h2_z
0.0005011872336272725,1.000000046637713,1.0000000018200388,0.697319873735978,H1+H2,7847.378399462335,7847.265068018861,-0.11333144347461188,79,64,0.697319873735978,bayes_h1h2_marginal_boundary,measured_graph,0.07926314789569347,1.8037510381047954,0.06332943088648443,7,h1:h1_z;h2:h2_z
0.000630957344480193,1.0000000816272534,1.000000003903851,1.1343900130596012,H1+H2,7847.117255266768,7847.046532949199,-0.07072231756904392,79,64,1.1343900130596012,bayes_h1h2_marginal_boundary,measured_graph,0.06370341892193102,1.8032964558949904,0.06321489372945592,7,h1:h1_z;h2:h2_z
0.0007943282347242822,1.00000014342259,1.0000000101446305,1.6012008195884846,H1+H2,7846.851240737598,7846.813127545935,-0.03811319166347554,79,64,1.6012008195884846,bayes_h1h2_marginal_boundary,measured_graph,0.050442437270275226,1.8025840624474687,0.06307095448548923,7,h1:h1_z;h2:h2_z
0.001,1.0000002395057386,1.0000000255945625,2.0704165317838488,H1+H2,7846.594023755595,7846.578519689837,-0.015504065757907535,79,64,2.0704165317838488,bayes_h1h2_marginal_boundary,measured_graph,0.03989396159690245,1.8015222632568157,0.06288932683122284,7,h1:h1_z;h2:h2_z
0.0012589254117941675,1.0000003564342426,1.0000000553479795,2.5242512370477925,H1+H2,7846.354497277057,7846.351602337205,-0.0028949398523394052,79,64,2.5242512370477925,bayes_h1h2_marginal_boundary,measured_graph,0.03179495474519643,1.8000378001001323,0.06266152807413419,7,h1:h1_z;h2:h2_z
0.001584893192461114,1.0000004402195481,1.000000093681011,2.9558658426212787,H1+H2,7846.136080848365,7846.135795034418,-0.0002858139467712683,79,64,2.9558658426212787,bayes_h1h2_marginal_boundary,measured_graph,0.025623254513720287,1.7981317553531089,0.06238035700199993,7,h1:h1_z;h2:h2_z
0.0019952623149688807,1.000000420731323,1.0000001143228667,3.37400734862058,H1+H2,7845.93440096946,7845.9267242814185,-0.007676688041203171,79,64,3.37400734862058,bayes_h1h2_marginal_boundary,measured_graph,0.02078911568977979,1.795945537316204,0.06204273504649725,7,h1:h1_z;h2:h2_z
0.002511886431509582,1.0000002954715774,1.0000000934455047,3.811212783193696,H1+H2,7845.7331891262675,7845.708121564132,-0.025067562135635053,79,64,3.811212783193696,bayes_h1h2_marginal_boundary,measured_graph,0.016706984212543043,1.7937778538607723,0.06165315803432117,7,h1:h1_z;h2:h2_z
0.0031622776601683794,1.000000150890888,1.0000000485776117,4.333594623893077,H1+H2,7845.499389080012,7845.446930643782,-0.05245843623006681,79,64,4.333594623893077,bayes_h1h2_marginal_boundary,measured_graph,0.012866614430193213,1.7919919673073275,0.06122606811039998,7,h1:h1_z;h2:h2_z
0.003981071705534973,1.0000000588434175,1.0000000158639684,5.047718460140459,H1+H2,7845.179718035983,7845.089868725659,-0.08984931032449865,79,64,5.047718460140459,bayes_h1h2_marginal_boundary,measured_graph,0.009003145442072676,1.790853142537023,0.06078668806544149,7,h1:h1_z;h2:h2_z
0.005011872336272725,1.000000019505002,1.0000000033731835,6.101689013266878,H1+H2,7844.7001236335145,7844.562883449095,-0.13724018441893068,79,64,6.101689013266878,bayes_h1h2_marginal_boundary,measured_graph,0.005315296167939266,1.7904354870567154,0.0603726613806554,7,h1:h1_z;h2:h2_z
0.006309573444801936,1.000000006301338,1.0000000005036889,7.679730964220653,H1+H2,7843.968493532132,7843.7738624736185,-0.19463105851336257,79,64,7.679730964220653,bayes_h1h2_marginal_boundary,measured_graph,0.0024146823776209935,1.7906638207196024,0.06003668045535497,7,h1:h1_z;h2:h2_z
0.00794328234724282,1.0000000022300068,1.0000000000580775,9.980050785245112,H1+H2,7842.885724495714,7842.623702563106,-0.26202193260779433,79,64,9.980050785245112,bayes_h1h2_marginal_boundary,measured_graph,0.0007644549729655368,1.7914102630847333,0.059842342987470924,7,h1:h1_z;h2:h2_z
0.01,1.0000000009116519,1.0000000254430743,13.157283045007716,H1+H2,7841.374499239927,7841.035086433225,-0.3394128067022262,79,64,13.157283045007716,bayes_h1h2_marginal_boundary,measured_graph,0.00015610783155679367,1.7925507855194247,0.059844307665099905,7,h1:h1_z;h2:h2_z
0.012589254117941675,1.0000000004239926,1.0000000050610585,17.241594847748274,H1+H2,7839.419734212652,7838.992930531855,-0.42680368079665804,79,64,17.241594847748274,bayes_h1h2_marginal_boundary,measured_graph,2.0254785670112522e-05,1.79396551904315,0.06005869998079075,7,h1:h1_z;h2:h2_z
0.01584893192461114,1.000000000213389,1.0000000009976393,22.101034603731023,H1+H2,7837.087405208755,7836.563210653863,-0.5241945548910899,79,64,22.101034603731023,bayes_h1h2_marginal_boundary,measured_graph,1.7836667493699367e-06,1.7955165178925712,0.06044825460597503,7,h1:h1_z;h2:h2_z
0.01995262314968881,1.0000000001109692,1.0000000002031282,27.502208649839304,H1+H2,7834.494209059794,7833.862623630809,-0.6315854289855218,79,64,27.502208649839304,bayes_h1h2_marginal_boundary,measured_graph,1.1980189133043889e-07,1.797042524343545,0.0609411549128063,7,h1:h1_z;h2:h2_z
0.025118864315095822,1.000000000058339,1.0000000000451448,33.23258599157816,H1+H2,7831.74641126302,7830.99743495994,-0.7489763030799538,79,64,33.23258599157816,bayes_h1h2_marginal_boundary,measured_graph,6.825399008094563e-09,1.7983946582007744,0.06147124188862132,7,h1:h1_z;h2:h2_z
0.03162277660168379,1.0000000000311657,1.0000000000118323,39.19419367161572,H1+H2,7828.892998297095,7828.016631119921,-0.8763671771743852,79,64,39.19419367161572,bayes_h1h2_marginal_boundary,measured_graph,3.464027935061569e-10,1.7995014578453352,0.06200912307294422,7,h1:h1_z;h2:h2_z
0.039810717055349734,1.00000000001733,1.0000000000039608,45.4161785295928,H1+H2,7825.919396742202,7824.905638690932,-1.0137580512688171,79,64,45.4161785295928,bayes_h1h2_marginal_boundary,measured_graph,1.543457020463052e-11,1.800415527964749,0.06256660767919947,7,h1:h1_z;h2:h2_z
0.05011872336272725,1.0000000000103375,1.000000000001739,51.99078138021832,H1+H2,7822.779486190982,7821.61833726562,-1.1611489253632492,79,64,51.99078138021832,bayes_h1h2_marginal_boundary,measured_graph,5.765509222003565e-13,1.8013033701725574,0.06317673012537874,7,h1:h1_z;h2:h2_z
0.06309573444801936,1.0000000367084787,1.0000000000009575,58.97340097376582,H1+H2,7819.445567268303,7818.127027468846,-1.3185397994576809,79,64,58.97340097376582,bayes_h1h2_marginal_boundary,measured_graph,1.7562287879001777e-14,1.8023895356368875,0.063862833437733,7,h1:h1_z;h2:h2_z
0.07943282347242822,1.0000000290952058,1.0000000000006168,66.31025702993975,H1+H2,7815.944530114311,7814.458599440759,-1.4859306735521132,79,64,66.31025702993975,bayes_h1h2_marginal_boundary,measured_graph,4.481289921386079e-16,1.803890942936992,0.06461661664281847,7,h1:h1_z;h2:h2_z
0.1,1.0000000239267237,1.0000000000004399,73.84051960423494,H1+H2,7812.356789701258,7810.693468153611,-1.663321547646544,79,64,73.84051960423494,bayes_h1h2_marginal_boundary,measured_graph,1.0380715777234355e-17,1.8059561155172126,0.0654003286155777,7,h1:h1_z;h2:h2_z
1e-05,1.000000005899188,1.0000034798254718,21.365407700715878,H1+H2,16106.158305583596,16103.790618999727,-2.3676865838692702,143,144,21.365407700715878,bayes_h1h2_marginal_boundary,measured_graph,2.98342314594976e-06,2.7177368005102696,0.06668368071252888,8,h1:h1_z;h2:h2_z
1.2589254117941661e-05,1.0000000060988532,1.0000022213768505,17.45634164958392,H1+H2,16107.900229483257,16105.745152025293,-2.155077457963703,143,144,17.45634164958392,bayes_h1h2_marginal_boundary,measured_graph,2.1064820486691623e-05,2.7177259855494422,0.06603652184711932,8,h1:h1_z;h2:h2_z
1.584893192461114e-05,1.0000000063237457,1.0000007572414722,13.273659320391744,H1+H2,16109.788961521946,16107.836493189889,-1.952468332058134,143,144,13.273659320391744,bayes_h1h2_marginal_boundary,measured_graph,0.0001705358499257115,2.717710140669595,0.06547884311487445,8,h1:h1_z;h2:h2_z
1.9952623149688786e-05,1.000000006633183,1.0000001409863948,9.28350852902804,H1+H2,16111.591427791724,16109.83156858557,-1.7598592061525666,143,144,9.28350852902804,bayes_h1h2_marginal_boundary,measured_graph,0.0012539087279274303,2.7176866663017045,0.06507291308494909,8,h1:h1_z;h2:h2_z
2.5118864315095822e-05,1.0000000071021953,1.0000012334866335,5.902020710007491,H1+H2,16113.099562575328,16111.52231249508,-1.5772500802469966,143,144,5.902020710007491,bayes_h1h2_marginal_boundary,measured_graph,0.006800591300280381,2.717651540967802,0.06481907784266742,8,h1:h1_z;h2:h2_z
3.1622776601683795e-05,1.0000000078457707,1.000000172236835,3.3435073098626162,H1+H2,16114.206210149494,16112.801569195153,-1.404640954341429,143,144,3.3435073098626162,bayes_h1h2_marginal_boundary,measured_graph,0.024441103004392443,2.7175985292514464,0.06467888869126616,8,h1:h1_z;h2:h2_z
3.9810717055349695e-05,1.0000000090598238,1.0000000196929593,1.6123845049551164,H1+H2,16114.909162426044,16113.667130597607,-1.2420318284358616,143,144,1.6123845049551164,bayes_h1h2_marginal_boundary,measured_graph,0.058080365692279125,2.7175179572546178,0.06460831857493039,8,h1:h1_z;h2:h2_z
5.011872336272725e-05,1.0000000110984395,1.0000000020054265,0.5855031517567113,H1+H2,16115.269993976737,16114.180571274206,-1.089422702530293,143,144,0.5855031517567113,bayes_h1h2_marginal_boundary,measured_graph,0.09705407946947936,2.717394840160793,0.06457509032431352,8,h1:h1_z;h2:h2_z
6.309573444801929e-05,1.0000000146274857,1.0000000001960103,0.09897071933664847,H1+H2,16115.370651067042,16114.423837490416,-0.9468135766247254,143,144,0.09897071933664847,bayes_h1h2_marginal_boundary,measured_graph,0.12378356037859335,2.7172060726433753,0.0645601792455528,8,h1:h1_z;h2:h2_z
7.943282347242822e-05,1.0000000209303699,1.0000000586622229,-0.0,H1+H2,16115.287527300803,16114.473322850085,-0.8142044507191568,143,144,-0.0,bayes_h1h2_marginal_boundary,measured_graph,0.13006312627521818,2.7169163475679934,0.06455378610647619,8,h1:h1_z;h2:h2_z
0.0001,1.0000000324851392,1.0000000135043412,0.16606701121781953,H1+H2,16115.08188466929,16114.390289344476,-0.6915953248135883,143,144,0.16606701121781953,bayes_h1h2_marginal_boundary,measured_graph,0.11969973679867547,2.7164725604386892,0.06455128703199155,8,h1:h1_z;h2:h2_z
0.00012589254117941674,1.0000000539056382,1.0000000034090692,0.505557727006817,H1+H2,16114.79953018549,16114.220543986581,-0.5789861989080206,143,144,0.505557727006817,bayes_h1h2_marginal_boundary,measured_graph,0.10101217517118863,2.715796954766479,0.06455061480179736,8,h1:h1_z;h2:h2_z
0.00015848931924611142,1.0000000929371717,1.0000000009624883,0.9512079867563443,H1+H2,16114.474095929709,16113.997718856706,-0.47637707300245236,143,144,0.9512079867563443,bayes_h1h2_marginal_boundary,measured_graph,0.08083547578790062,2.714780728065472,0.06455089990779564,8,h1:h1_z;h2:h2_z
0.00019952623149688788,1.0000001596878165,1.0000000003058007,1.4525885520197335,H1+H2,16114.13079652117,16113.747028574075,-0.38376794709688455,143,144,1.4525885520197335,bayes_h1h2_marginal_boundary,measured_graph,0.06291129028079509,2.7132831490543463,0.06455181361094517,8,h1:h1_z;h2:h2_z
0.0002511886431509582,1.0000002592389272,1.000000000108947,1.9706119266811584,H1+H2,16113.789175707936,16113.488016886744,-0.30115882119131615,143,144,1.9706119266811584,bayes_h1h2_marginal_boundary,measured_graph,0.04855581475692193,2.711147024898557,0.06455328251822598,8,h1:h1_z;h2:h2_z
0.00031622776601683794,1.0000003727775826,1.0000000000429456,2.475951566688309,H1+H2,16113.463896762027,16113.23534706674,-0.22854969528574837,143,144,2.475951566688309,bayes_h1h2_marginal_boundary,measured_graph,0.037714481146214916,2.708247012992324,0.06455537408724348,8,h1:h1_z;h2:h2_z
0.00039810717055349735,1.0000004410269645,1.0000000000185458,2.9529661812448467,H1+H2,16113.162780328843,16112.996839759462,-0.16594056938017995,143,144,2.9529661812448467,bayes_h1h2_marginal_boundary,measured_graph,0.02971157880853085,2.7045809425185148,0.0645582623558064,8,h1:h1_z;h2:h2_z
0.0005011872336272725,1.000000397847711,1.0000000000086733,3.4090690541052027,H1+H2,16112.882119766506,16112.768788323032,-0.11333144347461188,143,144,3.4090690541052027,bayes_h1h2_marginal_boundary,measured_graph,0.02365289203586482,2.7003746809516014,0.06456223588844702,8,h1:h1_z;h2:h2_z
0.000630957344480193,1.0000002569206645,1.0000000000044165,3.8843020414205967,H1+H2,16112.601894146943,16112.531171829374,-0.07072231756904392,143,144,3.8843020414205967,bayes_h1h2_marginal_boundary,measured_graph,0.01865042433948991,2.6961034436941573,0.06456773575871,8,h1:h1_z;h2:h2_z
0.0007943282347242822,1.0000001153330855,1.0000000000023843,4.449685056501039,H1+H2,16112.286593513498,16112.248480321834,-0.03811319166347554,143,144,4.449685056501039,bayes_h1h2_marginal_boundary,measured_graph,0.014057799848185651,2.692332815728529,0.06457542494613931,8,h1:h1_z;h2:h2_z
0.001,1.0000000367472257,1.0000000000013736,5.186446383941075,H1+H2,16111.895603723871,16111.880099658114,-0.015504065757907535,143,144,5.186446383941075,bayes_h1h2_marginal_boundary,measured_graph,0.009725941793729062,2.68945021212029,0.0645862996337926,8,h1:h1_z;h2:h2_z
0.0012589254117941675,1.0000000089397925,1.0000000000008487,6.156047634813149,H1+H2,16111.39819397253,16111.395299032678,-0.0028949398523394052,143,144,6.156047634813149,bayes_h1h2_marginal_boundary,measured_graph,0.005989429119077947,2.6875181201750964,0.06460186140995826,8,h1:h1_z;h2:h2_z
0.001584893192461114,1.0000000018579533,1.0000000000005609,7.383062509299634,H1+H2,16110.782077409382,16110.781791595435,-0.0002858139467712683,143,144,7.383062509299634,bayes_h1h2_marginal_boundary,measured_graph,0.003242967042706317,2.686355043045749,0.06462437891477917,8,h1:h1_z;h2:h2_z
0.0019952623149688807,1.000000000376278,1.0000000000003904,8.86118741361497,H1+H2,16110.050405831318,16110.042729143277,-0.007676688041203171,143,144,8.86118741361497,bayes_h1h2_marginal_boundary,measured_graph,0.0015487160185679808,2.68571033479302,0.06465727746069495,8,h1:h1_z;h2:h2_z
0.002511886431509582,1.0000000000845735,1.000000000000302,10.573660327441758,H1+H2,16109.2115602485,16109.186492686364,-0.025067562135635053,143,144,10.573660327441758,bayes_h1h2_marginal_boundary,measured_graph,0.0006578290101691068,2.6853791129430724,0.06470570092558049,8,h1:h1_z;h2:h2_z
0.0031622776601683794,1.0000000000234868,1.000000000000252,12.515448979065695,H1+H2,16108.268056796782,16108.215598360552,-0.05245843623006681,143,144,12.515448979065695,bayes_h1h2_marginal_boundary,measured_graph,0.0002491488997686913,2.6852309855347385,0.06477727806288407,8,h1:h1_z;h2:h2_z
0.003981071705534973,1.0000000000085953,1.000000000000246,14.711830930835276,H1+H2,16107.207256694992,16107.117407384667,-0.08984931032449865,143,144,14.711830930835276,bayes_h1h2_marginal_boundary,measured_graph,8.30846305002467e-05,2.6851960717288272,0.06488306385440905,8,h1:h1_z;h2:h2_z
0.005011872336272725,1.0000000000041864,1.0000000000002975,17.23279411957992,H1+H2,16105.994165974713,16105.856925790295,-0.13724018441893068,143,144,17.23279411957992,bayes_h1h2_marginal_boundary,measured_graph,2.3555942839993657e-05,2.6852445349378473,0.06503845849218329,8,h1:h1_z;h2:h2_z
0.006309573444801936,1.000000000002611,1.0000000000004385,20.20058700831578,H1+H2,16104.56766040444,16104.373029345927,-0.19463105851336257,143,144,20.20058700831578,bayes_h1h2_marginal_boundary,measured_graph,5.341367434959377e-06,2.6853727408855215,0.06526356606029642,8,h1:h1_z;h2:h2_z
0.00794328234724282,1.0000000000019544,1.000000000000758,23.78244628300672,H1+H2,16102.844121641188,16102.582099708581,-0.26202193260779433,143,144,23.78244628300672,bayes_h1h2_marginal_boundary,measured_graph,8.909669519251813e-07,2.6855969540599887,0.06558197158083089,8,h1:h1_z;h2:h2_z
0.01,1.0000000000016434,1.0000000000013856,28.15831134238033,H1+H2,16100.733579985597,16100.394167178894,-0.3394128067022262,143,144,28.15831134238033,bayes_h1h2_marginal_boundary,measured_graph,9.992049363456969e-08,2.685952232197278,0.06601665478565114,8,h1:h1_z;h2:h2_z
0.012589254117941675,1.0000000000014708,1.000000000002494,33.46057015239421,H1+H2,16098.169841454685,16097.743037773887,-0.42680368079665804,143,144,33.46057015239421,bayes_h1h2_marginal_boundary,measured_graph,7.0515355463199984e-09,2.686493807232597,0.06658254189466163,8,h1:h1_z;h2:h2_z
0.01584893192461114,1.0000000000013531,1.0000000000039897,39.70168246585672,H1+H2,16095.146676172048,16094.622481617156,-0.5241945548910899,143,144,39.70168246585672,bayes_h1h2_marginal_boundary,measured_graph,3.1120271711236836e-10,2.6872977292009717,0.06727746471238377,8,h1:h1_z;h2:h2_z
0.01995262314968881,1.000000000001259,1.0000000000052154,46.72300813811671,H1+H2,16091.743404210012,16091.111818781026,-0.6315854289855218,143,144,46.72300813811671,bayes_h1h2_marginal_boundary,measured_graph,9.297836021440125e-12,2.6884564357041594,0.06807545575886363,8,h1:h1_z;h2:h2_z
0.025118864315095822,1.000000000001169,1.0000000000049916,54.19237689478905,H1+H2,16088.12611070577,16087.37713440269,-0.7489763030799538,143,144,54.19237689478905,bayes_h1h2_marginal_boundary,measured_graph,2.2203889913751442e-13,2.690064692174549,0.0689258189116036,8,h1:h1_z;h2:h2_z
0.03162277660168379,1.0000000142372185,1.0000000000030949,61.65456277043995,H1+H2,16084.522408642038,16083.646041464865,-0.8763671771743852,143,144,61.65456277043995,bayes_h1h2_marginal_boundary,measured_graph,5.321523582484675e-15,2.692195114943085,0.06975931377797384,8,h1:h1_z;h2:h2_z
0.039810717055349734,1.000000011911738,1.0000000000010911,68.62131738246171,H1+H2,16081.176422210123,16080.162664158854,-1.0137580512688171,143,144,68.62131738246171,bayes_h1h2_marginal_boundary,measured_graph,1.633896147212859e-16,2.6948720546490486,0.07050129726912233,8,h1:h1_z;h2:h2_z
0.05011872336272725,1.000000008326008,1.0000000000002123,74.66156329628939,H1+H2,16078.303690127303,16077.14254120194,-1.1611489253632492,143,144,74.66156329628939,bayes_h1h2_marginal_boundary,measured_graph,7.972631915613934e-18,2.698060004225025,0.07108698087100956,8,h1:h1_z;h2:h2_z
0.06309573444801936,1.0000000046041246,1.0000000000000413,79.42776723999486,H1+H2,16076.077979029546,16074.759439230087,-1.3185397994576809,143,144,79.42776723999486,bayes_h1h2_marginal_boundary,measured_graph,7.355863771776552e-19,2.7016745688826744,0.0714678535817844,8,h1:h1_z;h2:h2_z
0.07943282347242822,1.0000000021809707,1.0000000000000342,82.60799421398042,H1+H2,16074.655256416647,16073.169325743094,-1.4859306735521132,143,144,82.60799421398042,bayes_h1h2_marginal_boundary,measured_graph,1.4998787931002545e-19,2.7056013092833266,0.07160549498450469,8,h1:h1_z;h2:h2_z
0.1,1.0000000012250028,1.0000000000000562,83.87841325160116,H1+H2,16074.19743777193,16072.534116224284,-1.663321547646544,143,144,83.87841325160116,bayes_h1h2_marginal_boundary,measured_graph,7.946724843616541e-20,2.7097056035045406,0.07146394348565792,8,h1:h1_z;h2:h2_z
1e-05,1.000000006942405,1.0000019265485922,29.87619426528545,H1+H2,24718.590492151983,24716.222805568115,-2.3676865838692702,215,216,29.87619426528545,bayes_h1h2_marginal_boundary,measured_graph,3.4673672757067525e-08,0.7744195568445846,0.050612004130698815,9,h1:h1_z;h2:h2_z
1.2589254117941661e-05,1.0000000082837999,1.0000000741101278,28.400723347396706,H1+H2,24719.115618485022,24716.96054102706,-2.155077457963703,215,216,28.400723347396706,bayes_h1h2_marginal_boundary,measured_graph,7.250939558645856e-08,0.7744218469799828,0.05045603168829912,9,h1:h1_z;h2:h2_z
1.584893192461114e-05,1.0000000094875154,1.0000001988917508,26.476900132875016,H1+H2,24719.87492096638,24717.92245263432,-1.952468332058134,215,216,26.476900132875016,bayes_h1h2_marginal_boundary,measured_graph,1.8973488487893536e-07,0.774424636765874,0.0502434095782318,9,h1:h1_z;h2:h2_z
1.9952623149688786e-05,1.0000000104229672,1.0000003610278148,23.988011062428996,H1+H2,24720.926756375695,24719.166897169544,-1.7598592061525666,215,216,23.988011062428996,bayes_h1h2_marginal_boundary,measured_graph,6.58570969750451e-07,0.7744280007935651,0.049974943325300815,9,h1:h1_z;h2:h2_z
2.5118864315095822e-05,1.0000000110665939,1.0000003955714682,20.88853727192327,H1+H2,24722.293884145045,24720.716634064796,-1.5772500802469966,215,216,20.88853727192327,bayes_h1h2_marginal_boundary,measured_graph,3.10202122321283e-06,0.7744320008089101,0.049670376527058496,9,h1:h1_z;h2:h2_z
3.1622776601683795e-05,1.0000000114861016,1.0000002381572106,17.28815747139015,H1+H2,24723.921464919404,24722.516823965063,-1.404640954341429,215,216,17.28815747139015,bayes_h1h2_marginal_boundary,measured_graph,1.876969885996533e-05,0.7744366637057775,0.04936925240141579,9,h1:h1_z;h2:h2_z
3.9810717055349695e-05,1.0000000117841874,1.0000000754796445,13.491065195179544,H1+H2,24725.657401931603,24724.41537010317,-1.2420318284358616,215,216,13.491065195179544,bayes_h1h2_marginal_boundary,measured_graph,0.00012530990948977805,0.7744419431635566,0.04911489447576498,9,h1:h1_z;h2:h2_z
5.011872336272725e-05,1.000000012058508,1.0000010494594465,9.913564449139812,H1+H2,24727.29354317872,24726.204120476188,-1.089422702530293,215,216,9.913564449139812,bayes_h1h2_marginal_boundary,measured_graph,0.0007496004400019046,0.7744476549626769,0.048931259328293904,9,h1:h1_z;h2:h2_z
6.309573444801929e-05,1.00000001239487,1.0000001823501572,6.91159824821807,H1+H2,24728.651917153275,24727.70510357665,-0.9468135766247254,215,216,6.91159824821807,bayes_h1h2_marginal_boundary,measured_graph,0.0033627804255547387,0.7744533710527489,0.048815245834832814,9,h1:h1_z;h2:h2_z
7.943282347242822e-05,1.0000000128809856,1.000000023081107,4.656826633246965,H1+H2,24729.646693834853,24728.832489384135,-0.8142044507191568,215,216,4.656826633246965,bayes_h1h2_marginal_boundary,measured_graph,0.01038283484463563,0.7744582512870548,0.04874773324317197,9,h1:h1_z;h2:h2_z
0.0001,1.0000000136279654,1.000000002302057,3.134775328268006,H1+H2,24730.285110361438,24729.593515036624,-0.6915953248135883,215,216,3.134775328268006,bayes_h1h2_marginal_boundary,measured_graph,0.02222415142036361,0.774460786305488,0.048708289868368206,9,h1:h1_z;h2:h2_z
0.00012589254117941674,1.0000000147948351,1.0000000001941245,2.2201244884709013,H1+H2,24730.62982665543,24730.050840456523,-0.5789861989080206,215,216,2.2201244884709013,bayes_h1h2_marginal_boundary,measured_graph,0.03511066811729526,0.77445842693409,0.04868204906230213,9,h1:h1_z;h2:h2_z
0.00015848931924611142,1.0000000166127285,1.0000000451688675,1.7536186009165249,H1+H2,24730.760470473302,24730.2840934003,-0.47637707300245236,215,216,1.7536186009165249,bayes_h1h2_marginal_boundary,measured_graph,0.04433426981760024,0.7744471021349784,0.04866007933020769,9,h1:h1_z;h2:h2_z
0.00019952623149688788,1.0000000193919112,1.0000000075258273,1.5875111305504106,H1+H2,24730.75091508258,24730.367147135483,-0.38376794709688455,215,216,1.5875111305504106,bayes_h1h2_marginal_boundary,measured_graph,0.04817362625735769,0.7744207175850876,0.04863740521423005,9,h1:h1_z;h2:h2_z
0.0002511886431509582,1.0000000234525515,1.0000000012065302,1.6020207640176523,H1+H2,24730.66105113994,24730.35989231875,-0.30115882119131615,215,216,1.6020207640176523,bayes_h1h2_marginal_boundary,measured_graph,0.04782540011322453,0.7743709467912956,0.04861111172741491,9,h1:h1_z;h2:h2_z
0.00031622776601683794,1.0000000288431248,1.0000000001886489,1.705697455610789,H1+H2,24730.53660366824,24730.308053972953,-0.22854969528574837,215,216,1.705697455610789,bayes_h1h2_marginal_boundary,measured_graph,0.04540937291851398,0.7742880340220624,0.0485791649860946,9,h1:h1_z;h2:h2_z
0.00039810717055349735,1.000000034709952,1.0000000000292357,1.8301521752946428,H1+H2,24730.41176718249,24730.24582661311,-0.16594056938017995,215,216,1.8301521752946428,bayes_h1h2_marginal_boundary,measured_graph,0.04266979000637751,0.7741637869441835,0.0485397815969612,9,h1:h1_z;h2:h2_z
0.0005011872336272725,1.000000038667835,1.0000000000047264,1.924692554064677,H1+H2,24730.3118878672,24730.198556423726,-0.11333144347461188,215,216,1.924692554064677,bayes_h1h2_marginal_boundary,measured_graph,0.040699710787364195,0.7739976954949785,0.048491133685845345,9,h1:h1_z;h2:h2_z
0.000630957344480193,1.0000000376108282,1.0000000000008489,1.9529871690756408,H1+H2,24730.25513143379,24730.18440911622,-0.07072231756904392,215,216,1.9529871690756408,bayes_h1h2_marginal_boundary,measured_graph,0.04012797327258583,0.7738046931141098,0.04843123676356629,9,h1:h1_z;h2:h2_z
0.0007943282347242822,1.0000000307562273,1.0000000000001747,1.8914748144816258,H1+H2,24730.25327848518,24730.215165293517,-0.03811319166347554,215,216,1.8914748144816258,bayes_h1h2_marginal_boundary,measured_graph,0.04138133179269706,0.7736184417298962,0.04835796113975549,9,h1:h1_z;h2:h2_z
0.001,1.0000000213225497,1.000000000000087,1.7277001657130313,H1+H2,24730.31255668366,24730.2970526179,-0.015504065757907535,215,216,1.7277001657130313,bayes_h1h2_marginal_boundary,measured_graph,0.04491254617896283,0.7734829727037662,0.048269173238659965,9,h1:h1_z;h2:h2_z
0.0012589254117941675,1.0000000133603164,1.0000000000000537,1.4578697999604628,H1+H2,24730.43486274063,24730.431967800778,-0.0028949398523394052,215,216,1.4578697999604628,bayes_h1h2_marginal_boundary,measured_graph,0.05139970142097713,0.7734354251944483,0.048163068176942415,9,h1:h1_z;h2:h2_z
0.001584893192461114,1.0000000083323164,1.000000000000041,1.0879545562784187,H1+H2,24730.617211236564,24730.61692542262,-0.0002858139467712683,215,216,1.0879545562784187,bayes_h1h2_marginal_boundary,measured_graph,0.061842447742162916,0.773494552748599,0.0480388133042442,9,h1:h1_z;h2:h2_z
0.0019952623149688807,1.0000000056117857,1.00000000000004,0.6471402419483638,H1+H2,24730.845009267825,24730.837332579784,-0.007676688041203171,215,216,0.6471402419483638,bayes_h1h2_marginal_boundary,measured_graph,0.07709181719065321,0.7736642687467434,0.04789768721074111,9,h1:h1_z;h2:h2_z
0.002511886431509582,1.0000000042194095,1.0000000000000446,0.2203816252076649,H1+H2,24731.07577945029,24731.050711888154,-0.025067562135635053,215,216,0.2203816252076649,bayes_h1h2_marginal_boundary,measured_graph,0.09542842126313965,0.7739454501911878,0.04774494403424955,9,h1:h1_z;h2:h2_z
0.0031622776601683794,1.0000000035076944,1.0000000000000624,-0.0,H1+H2,24731.213361136986,24731.160902700758,-0.05245843623006681,215,216,-0.0,bayes_h1h2_marginal_boundary,measured_graph,0.10654498214052265,0.7743452420802696,0.04759256176514474,9,h1:h1_z;h2:h2_z
0.003981071705534973,1.000000003138964,1.0000000000001055,0.3474720603553578,H1+H2,24731.077015980904,24730.98716667058,-0.08984931032449865,215,216,0.3474720603553578,bayes_h1h2_marginal_boundary,measured_graph,0.08955305413778632,0.7748804842338431,0.04746261037444333,9,h1:h1_z;h2:h2_z
0.005011872336272725,1.0000000029487839,1.0000000000001914,1.8390463407558855,H1+H2,24730.3786197148,24730.24137953038,-0.13724018441893068,215,216,1.8390463407558855,bayes_h1h2_marginal_boundary,measured_graph,0.04248045522586947,0.7755769334994183,0.04738982606296483,9,h1:h1_z;h2:h2_z
0.006309573444801936,1.000000002856807,1.0000000000003433,5.2367659816591186,H1+H2,24728.73715076844,24728.54251970993,-0.19463105851336257,215,216,5.2367659816591186,bayes_h1h2_marginal_boundary,measured_graph,0.007769332650034446,0.7764654647238955,0.04742000658149834,9,h1:h1_z;h2:h2_z
0.00794328234724282,1.0000000028214053,1.000000000000554,11.305480080605776,H1+H2,24725.770184593064,24725.508162660455,-0.26202193260779433,215,216,11.305480080605776,bayes_h1h2_marginal_boundary,measured_graph,0.0003737482723328173,0.77757410449788,0.04759957924482369,9,h1:h1_z;h2:h2_z
0.01,1.00000000281705,1.0000000000006795,20.46334005051176,H1+H2,24721.268645482203,24720.929232675502,-0.3394128067022262,215,216,20.46334005051176,bayes_h1h2_marginal_boundary,measured_graph,3.8368530685646255e-06,0.7789133931261644,0.047955413972314315,9,h1:h1_z;h2:h2_z
0.012589254117941675,1.0000000028219964,1.000000000000673,32.44816260945663,H1+H2,24715.363625076825,24714.93682139603,-0.42680368079665804,215,216,32.44816260945663,bayes_h1h2_marginal_boundary,measured_graph,9.583055786335813e-09,0.7804543420413191,0.04847509675207543,9,h1:h1_z;h2:h2_z
0.01584893192461114,1.0000000028114404,1.0000000000004563,46.310861248945,H1+H2,24708.529666631177,24708.005472076286,-0.5241945548910899,215,216,46.310861248945,bayes_h1h2_marginal_boundary,measured_graph,9.359599264657298e-12,0.78210594886019,0.04910589797666108,9,h1:h1_z;h2:h2_z
0.01995262314968881,1.0000000027562599,1.0000000000002247,60.818123287048365,H1+H2,24701.38342648622,24700.751841057234,-0.6315854289855218,215,216,60.818123287048365,bayes_h1h2_marginal_boundary,measured_graph,6.6228562585878904e-15,0.7837117693361942,0.049778058092195696,9,h1:h1_z;h2:h2_z
0.025118864315095822,1.0000000026300582,1.0000000000000886,74.95205715551128,H1+H2,24694.43385042608,24693.684874123002,-0.7489763030799538,215,216,74.95205715551128,bayes_h1h2_marginal_boundary,measured_graph,5.6480767029486026e-18,0.7850880034897103,0.0504338196102805,9,h1:h1_z;h2:h2_z
0.03162277660168379,1.0000000024228624,1.0000000000001963,88.16030615571071,H1+H2,24687.957116800077,24687.080749622903,-0.8763671771743852,215,216,88.16030615571071,bayes_h1h2_marginal_boundary,measured_graph,7.65183784017868e-21,0.7860982731031415,0.05104033428439671,9,h1:h1_z;h2:h2_z
0.039810717055349734,1.0000000021521667,1.0000000000002787,100.31306835408759,H1+H2,24682.01812657498,24681.004368523714,-1.0137580512688171,215,216,100.31306835408759,bayes_h1h2_marginal_boundary,measured_graph,1.757223394131331e-23,0.7867172027311252,0.051584603926559315,9,h1:h1_z;h2:h2_z
0.05011872336272725,1.000000001860561,1.0000000000001128,111.53251337211987,H1+H2,24676.55579494006,24675.394646014698,-1.1611489253632492,215,216,111.53251337211987,bayes_h1h2_marginal_boundary,measured_graph,6.435102158038853e-26,0.7870334893744134,0.05206334354985846,9,h1:h1_z;h2:h2_z
0.06309573444801936,1.0000000015980894,1.0000000000001312,122.05028796023544,H1+H2,24671.454298520097,24670.13575872064,-1.3185397994576809,215,216,122.05028796023544,bayes_h1h2_marginal_boundary,measured_graph,3.3469537648556796e-28,0.7871959729171455,0.05247821760022589,9,h1:h1_z;h2:h2_z
0.07943282347242822,1.0000000013986012,1.0000000000004845,132.14276463235728,H1+H2,24666.575451058132,24665.08952038458,-1.4859306735521132,215,216,132.14276463235728,bayes_h1h2_marginal_boundary,measured_graph,2.1532588917942924e-30,0.7873478105242802,0.05283723567615655,9,h1:h1_z;h2:h2_z
0.1,1.0000000012642822,1.0000000000004756,142.0917897371619,H1+H2,24661.778329379824,24660.115007832177,-1.663321547646544,215,216,142.0917897371619,bayes_h1h2_marginal_boundary,measured_graph,1.4883082790600975e-32,0.7875864402583764,0.05315589192279269,9,h1:h1_z;h2:h2_z
1e-05,1.000000000001124,0.9999991362214923,26.343245999094506,H1+H2,28447.975265233425,28445.607578649557,-2.3676865838692702,209,263,26.343245999094506,bayes_h1h2_marginal_boundary,measured_graph,2.946437963340277e-07,0.16224300827582142,0.01345018243815655,10,h1:h1_z;h2:h2_z
1.2589254117941661e-05,1.0000000000017015,0.9999992845483243,21.25029295271088,H1+H2,28450.30913263071,28448.15405517275,-2.155077457963703,209,263,21.25029295271088,bayes_h1h2_marginal_boundary,measured_graph,3.7602611166798225e-06,0.16224290533702299,0.013362631869224139,10,h1:h1_z;h2:h2_z
1.584893192461114e-05,1.0000000000025713,0.9999996791490723,15.962692688510288,H1+H2,28452.75032363691,28450.79785530485,-1.952468332058134,209,263,15.962692688510288,bayes_h1h2_marginal_boundary,measured_graph,5.289392711925246e-05,0.16224273160951355,0.013290722626085992,10,h1:h1_z;h2:h2_z
1.9952623149688786e-05,1.0000000000038851,0.999999921672545,11.061918673454784,H1+H2,28455.008101518528,28453.248242312377,-1.7598592061525666,209,263,11.061918673454784,bayes_h1h2_marginal_boundary,measured_graph,0.0006131904301973401,0.16224244322925999,0.013240544694399189,10,h1:h1_z;h2:h2_z
2.5118864315095822e-05,1.000000000005912,0.9999999889532285,7.004011751603684,H1+H2,28456.85444585355,28455.277195773302,-1.5772500802469966,209,263,7.004011751603684,bayes_h1h2_marginal_boundary,measured_graph,0.004664001275321071,0.16224197055051662,0.013210263151894327,10,h1:h1_z;h2:h2_z
3.1622776601683795e-05,1.000000000009186,0.99999973148832,3.9809780904179206,H1+H2,28458.193353558236,28456.788712603895,-1.404640954341429,209,263,3.9809780904179206,bayes_h1h2_marginal_boundary,measured_graph,0.021144726853951194,0.16224120388321128,0.01319401108178388,10,h1:h1_z;h2:h2_z
3.9810717055349695e-05,1.000000000014811,0.999999964658273,1.9487247603028663,H1+H2,28459.046871097387,28457.804839268952,-1.2420318284358616,209,263,1.9487247603028663,bayes_h1h2_marginal_boundary,measured_graph,0.058411758756582735,0.16223997242470609,0.0131859953080496,10,h1:h1_z;h2:h2_z
5.011872336272725e-05,1.0000000000250384,0.9999999962720936,0.7365563552593812,H1+H2,28459.500346174005,28458.410923471474,-1.089422702530293,209,263,0.7365563552593812,bayes_h1h2_marginal_boundary,measured_graph,0.10708269866496792,0.16223801473858024,0.013182227650025125,10,h1:h1_z;h2:h2_z
6.309573444801929e-05,1.0000000000442548,0.9999999996660348,0.145154788668151,H1+H2,28459.653437831395,28458.70662425477,-0.9468135766247254,209,263,0.145154788668151,bayes_h1h2_marginal_boundary,measured_graph,0.14392642103515815,0.16223494132345695,0.013180446444436939,10,h1:h1_z;h2:h2_z
7.943282347242822e-05,1.0000000000802143,0.9999999999733644,-0.0,H1+H2,28459.593406099822,28458.779201649104,-0.8142044507191568,209,263,-0.0,bayes_h1h2_marginal_boundary,measured_graph,0.15476062963568948,0.16223019677084016,0.013179518523642053,10,h1:h1_z;h2:h2_z
0.0001,1.0000000001439733,0.9999999999980701,0.16895038641087012,H1+H2,28459.386321780712,28458.6947264559,-0.6915953248135883,209,263,0.16895038641087012,bayes_h1h2_marginal_boundary,measured_graph,0.14222416008523134,0.16222304543142568,0.013178916178466005,10,h1:h1_z;h2:h2_z
0.00012589254117941674,1.000000000243786,0.9999999999998826,0.5612230162660126,H1+H2,28459.077576339878,28458.49859014097,-0.5789861989080206,209,263,0.5612230162660126,bayes_h1h2_marginal_boundary,measured_graph,0.11689406416490096,0.16221263393425644,0.01317840196876944,10,h1:h1_z;h2:h2_z
0.00015848931924611142,1.0000000003666851,0.9999999989832041,1.1199415473238332,H1+H2,28458.695607948444,28458.219230875442,-0.47637707300245236,209,263,1.1199415473238332,bayes_h1h2_marginal_boundary,measured_graph,0.08840325804060678,0.1621982147186644,0.013177868552108141,10,h1:h1_z;h2:h2_z
0.00019952623149688788,1.0000000004571825,0.9999999998316869,1.8139690054085804,H1+H2,28458.255985093496,28457.8722171464,-0.38376794709688455,209,263,1.8139690054085804,bayes_h1h2_marginal_boundary,measured_graph,0.06248303598030836,0.1621795901244224,0.013177265481300757,10,h1:h1_z;h2:h2_z
0.0002511886431509582,1.0000000004403358,0.99999999997223,2.630604661302641,H1+H2,28457.765058139645,28457.463899318453,-0.30115882119131615,209,263,2.630604661302641,bayes_h1h2_marginal_boundary,measured_graph,0.041536695590790505,0.1621576508023051,0.013176569240185428,10,h1:h1_z;h2:h2_z
0.00031622776601683794,1.0000000003097407,0.9999999999953734,3.568801101660938,H1+H2,28457.22335079356,28456.994801098273,-0.22854969528574837,209,263,3.568801101660938,bayes_h1h2_marginal_boundary,measured_graph,0.025983950201181577,0.16213454557321605,0.013175773995636538,10,h1:h1_z;h2:h2_z
0.00039810717055349735,1.0000000001560025,0.9999999999992103,4.632350015330303,H1+H2,28456.628967210818,28456.46302664144,-0.16594056938017995,209,263,4.632350015330303,bayes_h1h2_marginal_boundary,measured_graph,0.015267167240967943,0.16211296965816432,0.013174893683913823,10,h1:h1_z;h2:h2_z
0.0005011872336272725,1.000000000058335,0.9999999999998569,5.823715022561373,H1+H2,28455.980675581297,28455.867344137823,-0.11333144347461188,209,263,5.823715022561373,bayes_h1h2_marginal_boundary,measured_graph,0.00841505267272871,0.162094814817118,0.013173972325724414,10,h1:h1_z;h2:h2_z
0.000630957344480193,1.0000000596300862,0.9999999999999762,7.140746778015455,H1+H2,28455.279550577667,28455.208828260096,-0.07072231756904392,209,263,7.140746778015455,bayes_h1h2_marginal_boundary,measured_graph,0.004355790935359798,0.16208028326663967,0.013173102901496123,10,h1:h1_z;h2:h2_z
0.0007943282347242822,1.0000000254379704,0.999999999999997,8.578231235573185,H1+H2,28454.52819922298,28454.490086031317,-0.03811319166347554,209,263,8.578231235573185,bayes_h1h2_marginal_boundary,measured_graph,0.0021228594573425535,0.1620681524598368,0.013172456506479099,10,h1:h1_z;h2:h2_z
0.001,1.0000000118260082,0.9999999999999989,10.133753211979638,H1+H2,28453.727829108873,28453.712325043114,-0.015504065757907535,209,263,10.133753211979638,bayes_h1h2_marginal_boundary,measured_graph,0.0009753128304520756,0.16205654501233052,0.01317232288155543,10,h1:h1_z;h2:h2_z
0.0012589254117941675,1.0000000064688688,1.0000000000000002,11.814943388351821,H1+H2,28452.87462489478,28452.871729954928,-0.0028949398523394052,209,263,11.814943388351821,bayes_h1h2_marginal_boundary,measured_graph,0.00042080232352601773,0.16204351676778814,0.013173158720887389,10,h1:h1_z;h2:h2_z
0.001584893192461114,1.0000000042496395,1.000000000000001,13.644988754866063,H1+H2,28451.956993085616,28451.95670727167,-0.0002858139467712683,209,263,13.644988754866063,bayes_h1h2_marginal_boundary,measured_graph,0.00016853450391497344,0.16202713244318964,0.01317562699832503,10,h1:h1_z;h2:h2_z
0.0019952623149688807,1.0000000032621856,1.0000000000000004,15.663110503533971,H1+H2,28450.955323085378,28450.947646397337,-0.007676688041203171,209,263,15.663110503533971,bayes_h1h2_marginal_boundary,measured_graph,6.14411389032575e-05,0.1620052870352082,0.013180583375023328,10,h1:h1_z;h2:h2_z
0.002511886431509582,1.0000000028007052,1.0000000000000002,17.915253392086015,H1+H2,28449.846642515196,28449.82157495306,-0.025067562135635053,209,263,17.915253392086015,bayes_h1h2_marginal_boundary,measured_graph,1.9925656670123006e-05,0.16197549401887895,0.013188926706166063,10,h1:h1_z;h2:h2_z
0.0031622776601683794,1.0000000025918205,1.0000000000000002,20.429258774871414,H1+H2,28448.617030697897,28448.56457226167,-0.05245843623006681,209,263,20.429258774871414,bayes_h1h2_marginal_boundary,measured_graph,5.668958925373005e-06,0.16193481718050431,0.013201214519235628,10,h1:h1_z;h2:h2_z
0.003981071705534973,1.000000002524762,0.9999999999999998,23.175280665862374,H1+H2,28447.281410626496,28447.191561316173,-0.08984931032449865,209,263,23.175280665862374,bayes_h1h2_marginal_boundary,measured_graph,1.4361911065690133e-06,0.16188015602974004,0.013217044086551558,10,h1:h1_z;h2:h2_z
0.005011872336272725,1.0000000025542242,0.9999999999999996,26.032499066648597,H1+H2,28445.9001923002,28445.76295211578,-0.13724018441893068,209,263,26.032499066648597,bayes_h1h2_marginal_boundary,measured_graph,3.441716869806162e-07,0.16180917447851234,0.013234496431128609,10,h1:h1_z;h2:h2_z
0.006309573444801936,1.0000000026612852,0.9999999999999998,28.803974529982952,H1+H2,28444.571845442624,28444.377214384112,-0.19463105851336257,209,263,28.803974529982952,bayes_h1h2_marginal_boundary,measured_graph,8.609082910168077e-08,0.16172207204276925,0.013250240467166283,10,h1:h1_z;h2:h2_z
0.00794328234724282,1.0000000028344056,1.0000000000000004,31.302059764726437,H1+H2,28443.39019369935,28443.12817176674,-0.26202193260779433,209,263,31.302059764726437,bayes_h1h2_marginal_boundary,measured_graph,2.468906107032082e-08,0.16162380362704112,0.013260639841030812,10,h1:h1_z;h2:h2_z
0.01,1.0000000030592004,1.0,33.45644947913388,H1+H2,28442.390389716238,28442.050976909537,-0.3394128067022262,209,263,33.45644947913388,bayes_h1h2_marginal_boundary,measured_graph,8.407846833800955e-09,0.1615253095219561,0.0132632662518793,10,h1:h1_z;h2:h2_z
0.012589254117941675,1.0000000033143317,1.0,35.35547913746268,H1+H2,28441.528265761168,28441.101462080373,-0.42680368079665804,209,263,35.35547913746268,bayes_h1h2_marginal_boundary,measured_graph,3.2532372825746105e-09,0.1614420648838831,0.01325765977950978,10,h1:h1_z;h2:h2_z
0.01584893192461114,1.0000000035703875,1.0000000000000002,37.19602335424861,H1+H2,28440.70538452687,28440.18118997198,-0.5241945548910899,209,263,37.19602335424861,bayes_h1h2_marginal_boundary,measured_graph,1.2961242679915762e-09,0.16139024415575906,0.013244962013883766,10,h1:h1_z;h2:h2_z
0.01995262314968881,1.000000003787333,1.0000000000000004,39.22050299413968,H1+H2,28439.80053558102,28439.168950152034,-0.6315854289855218,209,263,39.22050299413968,bayes_h1h2_marginal_boundary,measured_graph,4.710168828969834e-10,0.1613833337129913,0.013227320567812064,10,h1:h1_z;h2:h2_z
0.025118864315095822,1.0000000039117345,1.0000000000000004,41.71730489995389,H1+H2,28438.669525502206,28437.920549199127,-0.7489763030799538,209,263,41.71730489995389,bayes_h1h2_marginal_boundary,measured_graph,1.351645581333196e-10,0.16143127152359668,0.013207982349584162,10,h1:h1_z;h2:h2_z
0.03162277660168379,1.000000003881409,1.0000000000000002,45.05131346666167,H1+H2,28437.129912092947,28436.253544915773,-0.8763671771743852,209,263,45.05131346666167,bayes_h1h2_marginal_boundary,measured_graph,2.5520669741078883e-11,0.161540885489781,0.013191702617936837,10,h1:h1_z;h2:h2_z
0.039810717055349734,1.0000000036436925,1.0,49.636863821004226,H1+H2,28434.97452778987,28433.9607697386,-1.0137580512688171,209,263,49.636863821004226,bayes_h1h2_marginal_boundary,measured_graph,2.577225737210754e-12,0.16171526228438513,0.013184434638091611,10,h1:h1_z;h2:h2_z
0.05011872336272725,1.0000000031843947,1.0,55.83924121801101,H1+H2,28432.02072996546,28430.8595810401,-1.1611489253632492,209,263,55.83924121801101,bayes_h1h2_marginal_boundary,measured_graph,1.1596403561261012e-13,0.16195146453676423,0.013192165458651888,10,h1:h1_z;h2:h2_z
0.06309573444801936,1.0000000025510616,1.0,63.87007258844096,H1+H2,28428.16270515434,28426.844165354883,-1.3185397994576809,209,263,63.87007258844096,bayes_h1h2_marginal_boundary,measured_graph,2.0914642525909678e-15,0.16223779844536945,0.013219716307034144,10,h1:h1_z;h2:h2_z
0.07943282347242822,1.000000001848151,1.0,73.72644624006352,H1+H2,28423.401909202625,28421.915978529072,-1.4859306735521132,209,263,73.72644624006352,bayes_h1h2_marginal_boundary,measured_graph,1.5141402409854786e-17,0.16255285087274263,0.013270020609469569,10,h1:h1_z;h2:h2_z
0.1,1.0000000011973802,1.0000000000000002,85.17536194816785,H1+H2,28417.854842222667,28416.19152067502,-1.663321547646544,209,263,85.17536194816785,bayes_h1h2_marginal_boundary,measured_graph,4.943854079740286e-20,0.162868791173253,0.013343699405029566,10,h1:h1_z;h2:h2_z
1e-05,1.0000000541431855,0.999999993711101,2.067636090054293,H1+H2,32530.404286424076,32528.03659984021,-2.3676865838692702,254,268,2.067636090054293,bayes_h1h2_marginal_boundary,measured_graph,0.05194460515427474,0.014754061600246423,0.008427081693332214,11,h1:h1_z;h2:h2_z
1.2589254117941661e-05,1.0000000986957818,0.9999999979675018,1.5147122536582174,H1+H2,32530.46813921637,32528.313061758407,-2.155077457963703,254,268,1.5147122536582174,bayes_h1h2_marginal_boundary,measured_graph,0.06848671490491474,0.014735673752758742,0.008425311558347711,11,h1:h1_z;h2:h2_z
1.584893192461114e-05,1.0000001287907647,0.9999999995280041,0.9974214187459438,H1+H2,32530.524175507922,32528.571707175863,-1.952468332058134,254,268,0.9974214187459438,bayes_h1h2_marginal_boundary,measured_graph,0.08870224516781884,0.014714012833001467,0.008424303582942997,11,h1:h1_z;h2:h2_z
1.9952623149688786e-05,1.0000001113507555,0.9999999999164075,0.5301885197550291,H1+H2,32530.56518283151,32528.805323625358,-1.7598592061525666,254,268,0.5301885197550291,bayes_h1h2_marginal_boundary,measured_graph,0.11204512034774927,0.014691499132780872,0.008423772300761285,11,h1:h1_z;h2:h2_z
2.5118864315095822e-05,1.0000000606120587,0.999999999989018,0.1672718710397021,H1+H2,32530.564032029964,32528.986781949716,-1.5772500802469966,254,268,0.1672718710397021,bayes_h1h2_marginal_boundary,measured_graph,0.1343381293198462,0.014671396661706183,0.008423494838920357,11,h1:h1_z;h2:h2_z
3.1622776601683795e-05,1.0000000206243826,0.9999999999991296,-0.0,H1+H2,32530.475058839576,32529.070417885236,-1.404640954341429,254,268,-0.0,bayes_h1h2_marginal_boundary,measured_graph,0.146056847197767,0.014656288873707042,0.008423334515490589,11,h1:h1_z;h2:h2_z
3.9810717055349695e-05,1.0000000045624484,1.0000000000004479,0.1209700734107173,H1+H2,32530.251964676965,32529.00993284853,-1.2420318284358616,254,268,0.1209700734107173,bayes_h1h2_marginal_boundary,measured_graph,0.13748445739478474,0.014646930601970013,0.008423218295609719,11,h1:h1_z;h2:h2_z
5.011872336272725e-05,1.0000000007035459,0.9999999999997901,0.5834730640344787,H1+H2,32529.86810405575,32528.77868135322,-1.089422702530293,254,268,0.5834730640344787,bayes_h1h2_marginal_boundary,measured_graph,0.1090993983629124,0.014642462609999352,0.008423109412746174,11,h1:h1_z;h2:h2_z
6.309573444801929e-05,1.0000001253893138,0.9999999996611674,1.3881754171015928,H1+H2,32529.32314375331,32528.376330176685,-0.9468135766247254,254,268,1.3881754171015928,bayes_h1h2_marginal_boundary,measured_graph,0.07295977061244954,0.014641451808434522,0.008422988772464085,11,h1:h1_z;h2:h2_z
7.943282347242822e-05,1.0000000260200184,0.9999999999397511,2.498546768365486,H1+H2,32528.63534895177,32527.821144501053,-0.8142044507191568,254,268,2.498546768365486,bayes_h1h2_marginal_boundary,measured_graph,0.0418764043421239,0.014642713033747506,0.00842284484135409,11,h1:h1_z;h2:h2_z
0.0001,1.000000004925312,0.9999999999898024,3.865365034696879,H1+H2,32527.8293306927,32527.137735367887,-0.6915953248135883,254,268,3.865365034696879,bayes_h1h2_marginal_boundary,measured_graph,0.021143095386918814,0.014645555620664667,0.008422668778207154,11,h1:h1_z;h2:h2_z
0.00012589254117941674,1.0000000008753946,0.9999999999983467,5.444610976512195,H1+H2,32526.927098595886,32526.34811239698,-0.5789861989080206,254,268,5.444610976512195,bayes_h1h2_marginal_boundary,measured_graph,0.009599302331567508,0.014649717519553518,0.00842245224271978,11,h1:h1_z;h2:h2_z
0.00015848931924611142,1.000000000149242,0.9999999999997196,7.2058566380728735,H1+H2,32525.9438666392,32525.4674895662,-0.47637707300245236,254,268,7.2058566380728735,bayes_h1h2_marginal_boundary,measured_graph,0.003979147463727365,0.014655222130114645,0.008422186559650604,11,h1:h1_z;h2:h2_z
0.00019952623149688788,1.0000000000247036,0.9999999999999304,9.134240395498637,H1+H2,32524.887065634583,32524.503297687486,-0.38376794709688455,254,268,9.134240395498637,bayes_h1h2_marginal_boundary,measured_graph,0.0015172139305574652,0.014662279690865776,0.008421862636157157,11,h1:h1_z;h2:h2_z
0.0002511886431509582,1.000000000004008,0.9999999999999775,11.229808228512411,H1+H2,32523.75667259217,32523.45551377098,-0.30115882119131615,254,268,11.229808228512411,bayes_h1h2_marginal_boundary,measured_graph,0.0005321083186065164,0.014671241626380647,0.008421471517964138,11,h1:h1_z;h2:h2_z
0.00031622776601683794,1.000000000000667,0.9999999999999953,13.506560307796462,H1+H2,32522.545687426624,32522.317137731337,-0.22854969528574837,254,268,13.506560307796462,bayes_h1h2_marginal_boundary,measured_graph,0.00017045494939338778,0.014682592886711102,0.008421005770411228,11,h1:h1_z;h2:h2_z
0.00039810717055349735,1.0000000000001772,1.0000000000000013,15.992308250679343,H1+H2,32521.240204329275,32521.074263759896,-0.16594056938017995,254,268,15.992308250679343,bayes_h1h2_marginal_boundary,measured_graph,4.918541143285449e-05,0.014696968692131447,0.008420462162072572,11,h1:h1_z;h2:h2_z
0.0005011872336272725,1.0000000000000167,0.9999999999999986,18.729807015391998,H1+H2,32519.818845821013,32519.70551437754,-0.11333144347461188,254,268,18.729807015391998,bayes_h1h2_marginal_boundary,measured_graph,1.2513995795345947e-05,0.01471518868117126,0.008419846509607098,11,h1:h1_z;h2:h2_z
0.000630957344480193,0.9999999999999963,1.0000000000000009,21.779405119625153,H1+H2,32518.251437642994,32518.180715325423,-0.07072231756904392,254,268,21.779405119625153,bayes_h1h2_marginal_boundary,measured_graph,2.7238562887551923e-06,0.014738306386785943,0.008419182108765147,11,h1:h1_z;h2:h2_z
0.0007943282347242822,1.000000000000019,0.9999999999999996,25.223462646797998,H1+H2,32516.4967997535,32516.458686561837,-0.03811319166347554,254,268,25.223462646797998,bayes_h1h2_marginal_boundary,measured_graph,4.867619258165197e-07,0.01476767451522925,0.008418524020187515,11,h1:h1_z;h2:h2_z
0.001,1.000000000000007,1.0,29.172832546013524,H1+H2,32514.499505677988,32514.48400161223,-0.015504065757907535,254,268,29.172832546013524,bayes_h1h2_marginal_boundary,measured_graph,6.756500660525143e-08,0.014805026867804256,0.008417982640345323,11,h1:h1_z;h2:h2_z
0.0012589254117941675,1.0000000000000049,1.0000000000000004,33.77566875342745,H1+H2,32512.185478448373,32512.182583508522,-0.0028949398523394052,254,268,33.77566875342745,bayes_h1h2_marginal_boundary,measured_graph,6.764390026921811e-09,0.014852575313976872,0.008417761275292032,11,h1:h1_z;h2:h2_z
0.001584893192461114,1.0000000000000104,1.0000000000000002,39.22841706025065,H1+H2,32509.456495169055,32509.45620935511,-0.0002858139467712683,254,268,39.22841706025065,bayes_h1h2_marginal_boundary,measured_graph,4.4277122614396405e-10,0.014913112896419636,0.008418212930120137,11,h1:h1_z;h2:h2_z
0.0019952623149688807,1.0000000000000064,1.0000000000000007,45.78755140186695,H1+H2,32506.184318872343,32506.176642184302,-0.007676688041203171,254,268,45.78755140186695,bayes_h1h2_marginal_boundary,measured_graph,1.6667922206403507e-11,0.01499009782033401,0.008419918528985548,11,h1:h1_z;h2:h2_z
0.002511886431509582,1.0000000000000073,1.0000000000000004,53.77745363473514,H1+H2,32502.206758630004,32502.181691067868,-0.025067562135635053,254,268,53.77745363473514,bayes_h1h2_marginal_boundary,measured_graph,3.0682888331572154e-13,0.015087661845730077,0.00842377630427684,11,h1:h1_z;h2:h2_z
0.0031622776601683794,1.0000000000000098,0.9999999999999993,63.583713106687355,H1+H2,32497.33101976812,32497.278561331892,-0.05245843623006681,254,268,63.583713106687355,bayes_h1h2_marginal_boundary,measured_graph,2.277687042190532e-15,0.015210436525600567,0.008431061354679728,11,h1:h1_z;h2:h2_z
0.003981071705534973,1.0000000000000049,0.9999999999999998,75.61288630811032,H1+H2,32491.353824041504,32491.26397473118,-0.08984931032449865,254,268,75.61288630811032,bayes_h1h2_marginal_boundary,measured_graph,5.564066084511734e-18,0.015363034154542906,0.008443364853274902,11,h1:h1_z;h2:h2_z
0.005011872336272725,0.9999999999999953,0.9999999999999996,90.19786966423999,H1+H2,32484.108723237536,32483.971483053116,-0.13724018441893068,254,268,90.19786966423999,bayes_h1h2_marginal_boundary,measured_graph,3.787070450773516e-21,0.015549019608060629,0.008462294699650135,11,h1:h1_z;h2:h2_z
0.006309573444801936,1.000000000000009,0.9999999999999996,107.45312060495053,H1+H2,32475.538488641272,32475.34385758276,-0.19463105851336257,254,268,107.45312060495053,bayes_h1h2_marginal_boundary,measured_graph,6.7822415112133525e-25,0.01576941499871459,0.00848892005024252,11,h1:h1_z;h2:h2_z
0.00794328234724282,0.9999999999999984,1.0,127.14975676862377,H1+H2,32465.757561433533,32465.495539500924,-0.26202193260779433,254,268,127.14975676862377,bayes_h1h2_marginal_boundary,measured_graph,3.5834640482702074e-29,0.016021357274345283,0.008523226288226448,11,h1:h1_z;h2:h2_z
0.01,1.0000000000000073,0.9999999999999996,148.7378147836789,H1+H2,32455.040923300097,32454.701510493396,-0.3394128067022262,254,268,148.7378147836789,bayes_h1h2_marginal_boundary,measured_graph,7.353867764435201e-34,0.016298253864031012,0.008564040219566143,11,h1:h1_z;h2:h2_z
0.012589254117941675,0.9999999999999967,1.0,171.57634210922697,H1+H2,32443.709050511417,32443.282246830622,-0.42680368079665804,254,268,171.57634210922697,bayes_h1h2_marginal_boundary,measured_graph,8.075931378645011e-39,0.016592523059551806,0.00860954395163368,11,h1:h1_z;h2:h2_z
0.01584893192461114,1.000000000000003,1.0,195.2289376704066,H1+H2,32431.980143604924,32431.455949050032,-0.5241945548910899,254,268,195.2289376704066,bayes_h1h2_marginal_boundary,measured_graph,5.90332580493468e-44,0.016899695531941008,0.00865788734406222,11,h1:h1_z;h2:h2_z
0.01995262314968881,1.0000000000000064,1.0000000000000004,219.5672127232683,H1+H2,32419.918396952587,32419.2868115236,-0.6315854289855218,254,268,219.5672127232683,bayes_h1h2_marginal_boundary,measured_graph,3.0627212751959245e-49,0.017220191354896983,0.008707411023465188,11,h1:h1_z;h2:h2_z
0.025118864315095822,1.0000000000000002,1.0,244.59528560424224,H1+H2,32407.521751386194,32406.772775083115,-0.7489763030799538,254,268,244.59528560424224,bayes_h1h2_marginal_boundary,measured_graph,1.1254611365983395e-54,0.017556487801436083,0.00875658885332813,11,h1:h1_z;h2:h2_z
0.03162277660168379,1.0000000000000018,1.0,270.17967631182546,H1+H2,32394.856946906497,32393.980579729323,-0.8763671771743852,254,268,270.17967631182546,bayes_h1h2_marginal_boundary,measured_graph,3.1314872612671407e-60,0.01790789296035551,0.008804083426893133,11,h1:h1_z;h2:h2_z
0.039810717055349734,0.9999999999999971,0.9999999999999998,295.91495122959896,H1+H2,32382.126700321704,32381.112942270436,-1.0137580512688171,254,268,295.91495122959896,bayes_h1h2_marginal_boundary,measured_graph,8.079913395681961e-66,0.01826721198547221,0.008848986877823251,11,h1:h1_z;h2:h2_z
0.05011872336272725,1.0000000000000024,0.9999999999999996,321.1919728234134,H1+H2,32369.63558039889,32368.47443147353,-1.1611489253632492,254,268,321.1919728234134,bayes_h1h2_marginal_boundary,measured_graph,2.621628847668148e-71,0.01862165041922532,0.008890951385853519,11,h1:h1_z;h2:h2_z
0.06309573444801936,1.0000000000000029,1.0,345.3843023953232,H1+H2,32357.69680648703,32356.378266687574,-1.3185397994576809,254,268,345.3843023953232,bayes_h1h2_marginal_boundary,measured_graph,1.463098579031732e-76,0.018957246812320482,0.008929949161303801,11,h1:h1_z;h2:h2_z
0.07943282347242822,1.0000000000000018,0.9999999999999996,368.0134815214187,H1+H2,32346.54960779808,32345.063677124526,-1.4859306735521132,254,268,368.0134815214187,bayes_h1h2_marginal_boundary,measured_graph,1.7840613152825003e-81,0.019263888807313303,0.008965744333241071,11,h1:h1_z;h2:h2_z
0.1,0.9999999999999962,0.9999999999999998,388.7989371993899,H1+H2,32336.334270833187,32334.67094928554,-1.663321547646544,254,268,388.7989371993899,bayes_h1h2_marginal_boundary,measured_graph,5.4689685245745594e-86,0.019537737433421083,0.008997491892499647,11,h1:h1_z;h2:h2_z
1e-05,1.0000000000000198,0.9999999940110007,2.6168400521564763,H1+H2,36933.55596436633,36931.18827778246,-2.3676865838692702,288,322,2.6168400521564763,bayes_h1h2_marginal_boundary,measured_graph,0.03112107647130398,0.06458294068024226,0.01682254790611743,12,h1:h1_z;h2:h2_z
1.2589254117941661e-05,1.000000000000069,0.9999999887080767,2.045788163828547,H1+H2,36933.62888118459,36931.47380372662,-2.155077457963703,288,322,2.045788163828547,bayes_h1h2_marginal_boundary,measured_graph,0.041405396966976114,0.06458239080703915,0.016814105659555243,12,h1:h1_z;h2:h2_z
1.584893192461114e-05,1.000000000000232,0.9999999844827165,1.474748998953146,H1+H2,36933.711791641115,36931.75932330906,-1.952468332058134,288,322,1.474748998953146,bayes_h1h2_marginal_boundary,measured_graph,0.05508793993745627,0.06458164625887736,0.01680453766820383,12,h1:h1_z;h2:h2_z
1.9952623149688786e-05,1.0000000000007456,0.9999999855408543,0.934171427245019,H1+H2,36933.78947130107,36932.02961209491,-1.7598592061525666,288,322,0.934171427245019,bayes_h1h2_marginal_boundary,measured_graph,0.07218408571535102,0.06458062902470374,0.01679497881117944,12,h1:h1_z;h2:h2_z
2.5118864315095822e-05,1.0000000000022091,0.9999999913026264,0.47349427138397004,H1+H2,36933.83720075309,36932.259950672844,-1.5772500802469966,288,322,0.47349427138397004,bayes_h1h2_marginal_boundary,measured_graph,0.09088165631268588,0.06457922881517172,0.016786700874223758,12,h1:h1_z;h2:h2_z
3.1622776601683795e-05,1.0000000000059477,0.9999999966635271,0.14828379309619777,H1+H2,36933.82719686633,36932.42255591199,-1.404640954341429,288,322,0.14828379309619777,bayes_h1h2_marginal_boundary,measured_graph,0.10692882425269981,0.06457729296773694,0.016780486665563178,12,h1:h1_z;h2:h2_z
3.9810717055349695e-05,1.000000000014274,0.9999999991606037,-0.0,H1+H2,36933.73872963697,36932.496697808536,-1.2420318284358616,288,322,-0.0,bayes_h1h2_marginal_boundary,measured_graph,0.11515802502597618,0.06457461900169664,0.016776339407281984,12,h1:h1_z;h2:h2_z
5.011872336272725e-05,1.0000000000299363,0.9999999998534359,0.04327417902823072,H1+H2,36933.56448342155,36932.47506071902,-1.089422702530293,288,322,0.04327417902823072,bayes_h1h2_marginal_boundary,measured_graph,0.11269310355824246,0.06457095912642201,0.016773726002858515,12,h1:h1_z;h2:h2_z
6.309573444801929e-05,1.0000000000533036,0.9999999999809656,0.2687540727929445,H1+H2,36933.30913434876,36932.36232077214,-0.9468135766247254,288,322,0.2687540727929445,bayes_h1h2_marginal_boundary,measured_graph,0.10067809808283637,0.0645660539578125,0.016772001578079957,12,h1:h1_z;h2:h2_z
7.943282347242822e-05,1.0000000000769,0.9999999999980201,0.6555836553889094,H1+H2,36932.98311043156,36932.16890598084,-0.8142044507191568,288,322,0.6555836553889094,bayes_h1h2_marginal_boundary,measured_graph,0.0829728535035034,0.06455971576544592,0.01677066089970549,12,h1:h1_z;h2:h2_z
0.0001,1.0000000000846931,0.9999999950595733,1.1832596274616662,H1+H2,36932.59666331962,36931.905067994805,-0.6915953248135883,288,322,1.1832596274616662,bayes_h1h2_marginal_boundary,measured_graph,0.06373128052148594,0.06455195873577525,0.016769379628282392,12,h1:h1_z;h2:h2_z
0.00012589254117941674,1.000000000066567,0.9999999990668599,1.837417828006437,H1+H2,36932.15697509344,36931.57798889453,-0.5789861989080206,288,322,1.837417828006437,bayes_h1h2_marginal_boundary,measured_graph,0.04595195535036581,0.0645431033226644,0.016767961634447746,12,h1:h1_z;h2:h2_z
0.00015848931924611142,1.0000000000351077,0.9999999998327664,2.6091739159164717,H1+H2,36931.66848792358,36931.19211085058,-0.47637707300245236,288,322,2.6091739159164717,bayes_h1h2_marginal_boundary,measured_graph,0.03124059459160054,0.06453370893830077,0.016766279792761806,12,h1:h1_z;h2:h2_z
0.00019952623149688788,1.000000000012083,0.9999999999709333,3.4901038204698125,H1+H2,36931.1354138454,36930.7516458983,-0.38376794709688455,288,322,3.4901038204698125,bayes_h1h2_marginal_boundary,measured_graph,0.020110728030388762,0.06452426823039786,0.016764236271073513,12,h1:h1_z;h2:h2_z
0.0002511886431509582,1.0000000175913766,0.9999999999950165,4.466242606693413,H1+H2,36930.56473532638,36930.26357650519,-0.30115882119131615,288,322,4.466242606693413,bayes_h1h2_marginal_boundary,measured_graph,0.012344171550238614,0.06451486019015226,0.01676174261688334,12,h1:h1_z;h2:h2_z
0.00031622776601683794,1.0000000049308657,0.9999999999991411,5.514875514360028,H1+H2,36929.96780974664,36929.739260051356,-0.22854969528574837,288,322,5.514875514360028,bayes_h1h2_marginal_boundary,measured_graph,0.007307254037979737,0.06450506661915337,0.016758712803579445,12,h1:h1_z;h2:h2_z
0.00039810717055349735,1.0000000011553405,0.9999999999998499,6.606017493642867,H1+H2,36929.35962963109,36929.193689061714,-0.16594056938017995,288,322,6.606017493642867,bayes_h1h2_marginal_boundary,measured_graph,0.004234632590916555,0.06449415934329054,0.01675506558916924,12,h1:h1_z;h2:h2_z
0.0005011872336272725,1.0000000002398002,0.9999999999999735,7.707192836591275,H1+H2,36928.75643283372,36928.64310139024,-0.11333144347461188,288,322,7.707192836591275,bayes_h1h2_marginal_boundary,measured_graph,0.0024417351105695973,0.06448133337926476,0.016750735684305244,12,h1:h1_z;h2:h2_z
0.000630957344480193,1.0000000000471287,0.9999999999999954,8.788930591734243,H1+H2,36928.17295483024,36928.10223251267,-0.07072231756904392,288,322,8.788930591734243,bayes_h1h2_marginal_boundary,measured_graph,0.0014216810648503262,0.06446581067500848,0.01674569597757316,12,h1:h1_z;h2:h2_z
0.0007943282347242822,1.0000000000095512,0.9999999999999986,9.82968630468531,H1+H2,36927.61996784786,36927.58185465619,-0.03811319166347554,288,322,9.82968630468531,bayes_h1h2_marginal_boundary,measured_graph,0.0008448992947209169,0.06444684502144542,0.016739995146534924,12,h1:h1_z;h2:h2_z
0.001,1.000000000002234,0.9999999999999986,10.820776010295958,H1+H2,36927.10181386914,36927.08630980339,-0.015504065757907535,288,322,10.820776010295958,bayes_h1h2_marginal_boundary,measured_graph,0.0005147454927125785,0.06442370848733911,0.016733815925629687,12,h1:h1_z;h2:h2_z
0.0012589254117941675,1.0000000000006888,0.9999999999999997,11.772611709442572,H1+H2,36926.61328689367,36926.610391953815,-0.0028949398523394052,288,322,11.772611709442572,bayes_h1h2_marginal_boundary,measured_graph,0.0003198188494495987,0.06439571752023443,0.016727557191341506,12,h1:h1_z;h2:h2_z
0.001584893192461114,1.0000000000002978,1.0,12.723017853524652,H1+H2,36926.13547469572,36926.13518888177,-0.0002858139467712683,288,322,12.723017853524652,bayes_h1h2_marginal_boundary,measured_graph,0.0001988501782365911,0.06436233636185178,0.016721933519951018,12,h1:h1_z;h2:h2_z
0.0019952623149688807,1.0000000000001767,0.9999999999999993,13.746808572977898,H1+H2,36925.63097021009,36925.62329352205,-0.007676688041203171,288,322,13.746808572977898,bayes_h1h2_marginal_boundary,measured_graph,0.00011918254487112367,0.06432339993377904,0.01671806254028815,12,h1:h1_z;h2:h2_z
0.002511886431509582,1.0000000000001221,1.000000000000001,14.963235334827914,H1+H2,36925.04014770326,36925.01508014112,-0.025067562135635053,288,322,14.963235334827914,bayes_h1h2_marginal_boundary,measured_graph,6.487374051940731e-05,0.06427951579449498,0.01671747145774385,12,h1:h1_z;h2:h2_z
0.0031622776601683794,1.000000000000092,1.000000000000001,16.535731445401325,H1+H2,36924.28129052206,36924.228832085835,-0.05245843623006681,288,322,16.535731445401325,bayes_h1h2_marginal_boundary,measured_graph,2.9553284020772805e-05,0.06423271176088334,0.01672192376301727,12,h1:h1_z;h2:h2_z
0.003981071705534973,1.0000000000000786,1.0000000000000009,18.66090507482295,H1+H2,36923.25609458145,36923.166245271124,-0.08984931032449865,288,322,18.66090507482295,bayes_h1h2_marginal_boundary,measured_graph,1.0212455036043615e-05,0.06418734604102637,0.01673302124319261,12,h1:h1_z;h2:h2_z
0.005011872336272725,1.000000000000063,1.0000000000000007,21.55483484643628,H1+H2,36921.85652056974,36921.71928038532,-0.13724018441893068,288,322,21.55483484643628,bayes_h1h2_marginal_boundary,measured_graph,2.402820297836066e-06,0.06415110283321504,0.01675175222299625,12,h1:h1_z;h2:h2_z
0.006309573444801936,1.0000000000000469,0.9999999999999984,25.453930137620773,H1+H2,36919.96436379824,36919.769732739725,-0.19463105851336257,288,322,25.453930137620773,bayes_h1h2_marginal_boundary,measured_graph,3.4201370348322125e-07,0.06413546545772093,0.016778395310440116,12,h1:h1_z;h2:h2_z
0.00794328234724282,1.0000000000000346,1.000000000000001,30.627167278391425,H1+H2,36917.445136101946,36917.18311416934,-0.26202193260779433,288,322,30.627167278391425,bayes_h1h2_marginal_boundary,measured_graph,2.5744788918661658e-08,0.06415450605970359,0.01681300324983561,12,h1:h1_z;h2:h2_z
0.01,1.0000000000000213,1.0,37.34992390271509,H1+H2,36914.16114866388,36913.82173585718,-0.3394128067022262,288,322,37.34992390271509,bayes_h1h2_marginal_boundary,measured_graph,8.930202003195621e-10,0.06422087533432007,0.016855975781617738,12,h1:h1_z;h2:h2_z
0.012589254117941675,1.00000000000003,0.9999999999999988,45.79236261927872,H1+H2,36910.027320179695,36909.6005164989,-0.42680368079665804,288,322,45.79236261927872,bayes_h1h2_marginal_boundary,measured_graph,1.3110190690293715e-11,0.06433967612961437,0.01690785036816557,12,h1:h1_z;h2:h2_z
0.01584893192461114,1.00000000000001,0.9999999999999997,55.87618734392163,H1+H2,36905.08279869147,36904.558604136575,-0.5241945548910899,288,322,55.87618734392163,bayes_h1h2_marginal_boundary,measured_graph,8.470992387070435e-14,0.06450403861529783,0.016968213125183988,12,h1:h1_z;h2:h2_z
0.01995262314968881,1.0000000000000133,1.0,67.2458381550532,H1+H2,36899.505364159995,36898.87377873101,-0.6315854289855218,288,322,67.2458381550532,bayes_h1h2_marginal_boundary,measured_graph,2.877703117095713e-16,0.06469681760033323,0.017034869167354937,12,h1:h1_z;h2:h2_z
0.025118864315095822,1.0000000000000113,1.0,79.43034197522502,H1+H2,36893.530503124006,36892.78152682092,-0.7489763030799538,288,322,79.43034197522502,bayes_h1h2_marginal_boundary,measured_graph,6.504510218597849e-19,0.06489809069472491,0.01710451635421951,12,h1:h1_z;h2:h2_z
0.03162277660168379,1.0000000000000135,1.0000000000000009,92.0961945419549,H1+H2,36887.32496771473,36886.44860053756,-0.8763671771743852,288,322,92.0961945419549,bayes_h1h2_marginal_boundary,measured_graph,1.1557387139246897e-21,0.06509295275642113,0.017174798579252117,12,h1:h1_z;h2:h2_z
0.039810717055349734,1.0000000000000167,1.0,105.22051836071478,H1+H2,36880.900196679446,36879.88643862818,-1.0137580512688171,288,322,105.22051836071478,bayes_h1h2_marginal_boundary,measured_graph,1.6328600159314852e-24,0.06527502796598227,0.0172462981704258,12,h1:h1_z;h2:h2_z
0.05011872336272725,1.0000000000000167,1.0,119.09368197576259,H1+H2,36874.11100574602,36872.949856820655,-1.1611489253632492,288,322,119.09368197576259,bayes_h1h2_marginal_boundary,measured_graph,1.5864622857023678e-27,0.06544595222592134,0.01732299122001386,12,h1:h1_z;h2:h2_z
0.06309573444801936,1.0000000000000122,1.0,134.16626155748963,H1+H2,36866.73210682925,36865.41356702979,-1.3185397994576809,288,322,134.16626155748963,bayes_h1h2_marginal_boundary,measured_graph,8.461759585818169e-31,0.06561362886964406,0.017410616925807726,12,h1:h1_z;h2:h2_z
0.07943282347242822,1.0000000000000144,1.0000000000000002,150.80862866016105,H1+H2,36858.57831415201,36857.092383478455,-1.4859306735521132,288,322,150.80862866016105,bayes_h1h2_marginal_boundary,measured_graph,2.058811487536545e-34,0.06579095999147967,0.01751348667140663,12,h1:h1_z;h2:h2_z
0.1,1.0000000000000135,1.0000000000000007,169.07712360550067,H1+H2,36849.62145755343,36847.958136005785,-1.663321547646544,288,322,169.07712360550067,bayes_h1h2_marginal_boundary,measured_graph,2.221586916594447e-38,0.06599463353210397,0.01763119275717305,12,h1:h1_z;h2:h2_z
1e-05,1.0000000037981924,1.000000091610532,73.82791597720643,H1+H2,27019.681816350516,27017.314129766648,-2.3676865838692702,214,251,73.82791597720643,bayes_h1h2_marginal_boundary,measured_graph,1.5667245156610963e-17,0.42793446313138334,0.05071941913094189,13,h1:h1_z;h2:h2_z
1.2589254117941661e-05,1.0000000050335736,1.0000004047952649,71.64648230408056,H1+H2,27020.559924061174,27018.40484660321,-2.155077457963703,214,251,71.64648230408056,bayes_h1h2_marginal_boundary,measured_graph,4.663209667149988e-17,0.4279325525671954,0.050496497843191164,13,h1:h1_z;h2:h2_z
1.584893192461114e-05,1.0000000065050414,1.0000014709566396,68.57764243197744,H1+H2,27021.891734871322,27019.939266539262,-1.952468332058134,214,251,68.57764243197744,bayes_h1h2_marginal_boundary,measured_graph,2.1630923121170001e-16,0.4279300231958921,0.050172117316507586,13,h1:h1_z;h2:h2_z
1.9952623149688786e-05,1.0000000080787534,1.000004002273244,64.26394617458573,H1+H2,27023.85597387411,27022.09611466796,-1.7598592061525666,214,251,64.26394617458573,bayes_h1h2_marginal_boundary,measured_graph,1.869744629130045e-15,0.4279266426089915,0.04972400372432906,13,h1:h1_z;h2:h2_z
2.5118864315095822e-05,1.000000009576692,1.0000072377908025,58.353027711411414,H1+H2,27026.628823979794,27025.051573899545,-1.5772500802469966,214,251,58.353027711411414,bayes_h1h2_marginal_boundary,measured_graph,3.591880919026092e-14,0.42792207648404845,0.049152936395808255,13,h1:h1_z;h2:h2_z
3.1622776601683795e-05,1.0000000108720004,1.00000765438305,50.68211275145586,H1+H2,27030.291672333864,27028.887031379523,-1.404640954341429,214,251,50.68211275145586,bayes_h1h2_marginal_boundary,measured_graph,1.6635656690980214e-12,0.4279158384541316,0.04850619860243262,13,h1:h1_z;h2:h2_z
3.9810717055349695e-05,1.000000011967895,1.0000042824222355,41.5436898719563,H1+H2,27034.698274647708,27033.456242819273,-1.2420318284358616,214,251,41.5436898719563,bayes_h1h2_marginal_boundary,measured_graph,1.6048086782963606e-10,0.42790721410763916,0.0478791150886407,13,h1:h1_z;h2:h2_z
5.011872336272725e-05,1.0000000130018523,1.000001228015794,31.80389042769093,H1+H2,27039.415565243937,27038.326142541406,-1.089422702530293,214,251,31.80389042769093,bayes_h1h2_marginal_boundary,measured_graph,2.0911916732341254e-08,0.42789514627166153,0.04736961178219649,13,h1:h1_z;h2:h2_z
6.309573444801929e-05,1.0000000142054128,1.0000001895432924,22.615518845144834,H1+H2,27043.867141909304,27042.92032833268,-0.9468135766247254,214,251,22.615518845144834,bayes_h1h2_marginal_boundary,measured_graph,2.068346896192533e-06,0.42787806374266535,0.04702131240805619,13,h1:h1_z;h2:h2_z
7.943282347242822e-05,1.0000000158885067,1.0000012678967156,14.897747891380277,H1+H2,27047.59341826028,27046.77921380956,-0.8142044507191568,214,251,14.897747891380277,bayes_h1h2_marginal_boundary,measured_graph,9.806545503455666e-05,0.42785363111320485,0.04681625190921748,13,h1:h1_z;h2:h2_z
0.0001,1.0000000184803424,1.0000001555639866,9.040844608447514,H1+H2,27050.39926077584,27049.707665451027,-0.6915953248135883,214,251,9.040844608447514,bayes_h1h2_marginal_boundary,measured_graph,0.001833692194223607,0.4278183979624768,0.04670950322099812,13,h1:h1_z;h2:h2_z
0.00012589254117941674,1.000000022618904,1.0000000154856468,4.972048853422166,H1+H2,27052.321049527447,27051.74206332854,-0.5789861989080206,214,251,4.972048853422166,bayes_h1h2_marginal_boundary,measured_graph,0.014023428626378075,0.42776734373821484,0.04665954011309511,13,h1:h1_z;h2:h2_z
0.00015848931924611142,1.00000002924592,1.0000000013386832,2.376820061734179,H1+H2,27053.516054797386,27053.039677724384,-0.47637707300245236,214,251,2.376820061734179,bayes_h1h2_marginal_boundary,measured_graph,0.05133351229859682,0.42769337798722185,0.046638970166468854,13,h1:h1_z;h2:h2_z
0.00019952623149688788,1.0000000395536746,1.0000000001059177,0.8866058324565529,H1+H2,27054.16855278612,27053.784784839023,-0.38376794709688455,214,251,0.8866058324565529,bayes_h1h2_marginal_boundary,measured_graph,0.10814262034620825,0.4275870157826138,0.046632732956867526,13,h1:h1_z;h2:h2_z
0.0002511886431509582,1.000000054349711,1.0000000300616558,0.177197526791133,H1+H2,27054.440647813048,27054.139488991856,-0.30115882119131615,214,251,0.177197526791133,bayes_h1h2_marginal_boundary,measured_graph,0.15418529101124415,0.42743676764746286,0.0466335040383049,13,h1:h1_z;h2:h2_z
0.00031622776601683794,1.0000000721519335,1.0000000053305838,-0.0,H1+H2,27054.456637450538,27054.22808775525,-0.22854969528574837,214,251,-0.0,bayes_h1h2_marginal_boundary,measured_graph,0.1684693494618851,0.4272312296964672,0.046638052798106636,13,h1:h1_z;h2:h2_z
0.00039810717055349735,1.000000086408356,1.00000000096317,0.18080189993634121,H1+H2,27054.303627374662,27054.137686805283,-0.16594056938017995,214,251,0.18080189993634121,bayes_h1h2_marginal_boundary,measured_graph,0.15390767058713065,0.426963990201363,0.04664510484785024,13,h1:h1_z;h2:h2_z
0.0005011872336272725,1.0000000863380885,1.0000000001826146,0.609321453353914,H1+H2,27054.036758472048,27053.923427028574,-0.11333144347461188,214,251,0.609321453353914,bayes_h1h2_marginal_boundary,measured_graph,0.12422483438054437,0.42664105197545155,0.046654274824318984,13,h1:h1_z;h2:h2_z
0.000630957344480193,1.0000000670112548,1.000000000037837,1.2296675965262693,H1+H2,27053.68397627456,27053.613253956988,-0.07072231756904392,214,251,1.2296675965262693,bayes_h1h2_marginal_boundary,measured_graph,0.09109655907348095,0.42628638845085604,0.04666556881176739,13,h1:h1_z;h2:h2_z
0.0007943282347242822,1.0000000387891292,1.0000000000090512,2.0314871516020503,H1+H2,27053.250457371112,27053.21234417945,-0.03811319166347554,214,251,2.0314871516020503,bayes_h1h2_marginal_boundary,measured_graph,0.061008320416480244,0.4259375534005834,0.046679175425394834,13,h1:h1_z;h2:h2_z
0.001,1.0000000170274268,1.000000000002661,3.036280472908402,H1+H2,27052.725451584556,27052.709947518797,-0.015504065757907535,214,251,3.036280472908402,bayes_h1h2_marginal_boundary,measured_graph,0.03691483838565332,0.4256287710255717,0.04669540828655436,13,h1:h1_z;h2:h2_z
0.0012589254117941675,1.0000000061971546,1.000000000001019,4.277618643318419,H1+H2,27052.092173373443,27052.089278433592,-0.0028949398523394052,214,251,4.277618643318419,bayes_h1h2_marginal_boundary,measured_graph,0.019844849635969018,0.42537362950978197,0.046714767286391415,13,h1:h1_z;h2:h2_z
0.001584893192461114,1.0000000021631514,1.0000000000005145,5.785145429072145,H1+H2,27051.33580085466,27051.335515040715,-0.0002858139467712683,214,251,5.785145429072145,bayes_h1h2_marginal_boundary,measured_graph,0.009338831304434901,0.42516280382856214,0.046738146822939544,13,h1:h1_z;h2:h2_z
0.0019952623149688807,1.0000000008363648,1.000000000000324,7.584718696671189,H1+H2,27050.443405094957,27050.435728406916,-0.007676688041203171,214,251,7.584718696671189,bayes_h1h2_marginal_boundary,measured_graph,0.0037976956792774557,0.4249756824067353,0.04676722772863882,13,h1:h1_z;h2:h2_z
0.002511886431509582,1.0000000003846485,1.0000000000002505,9.7140765222357,H1+H2,27049.39611705627,27049.371049494133,-0.025067562135635053,214,251,9.7140765222357,bayes_h1h2_marginal_boundary,measured_graph,0.0013095919102986415,0.424792827874014,0.046804981410457386,13,h1:h1_z;h2:h2_z
0.0031622776601683794,1.0000000002060159,1.00000000000022,12.238419280161906,H1+H2,27048.1613365514,27048.10887811517,-0.05245843623006681,214,251,12.238419280161906,bayes_h1h2_marginal_boundary,measured_graph,0.0003706652891612857,0.42460193628512594,0.046855927875963786,13,h1:h1_z;h2:h2_z
0.003981071705534973,1.0000000001198914,1.0000000000002007,15.2462735083609,H1+H2,27046.694800311394,27046.60495100107,-0.08984931032449865,214,251,15.2462735083609,bayes_h1h2_marginal_boundary,measured_graph,8.238244398201222e-05,0.42439884184678345,0.04692549291345807,13,h1:h1_z;h2:h2_z
0.005011872336272725,1.0000000000710172,1.0000000000001954,18.81771291874611,H1+H2,27044.9564714803,27044.819231295878,-0.13724018441893068,214,251,18.81771291874611,bayes_h1h2_marginal_boundary,measured_graph,1.381358668971642e-05,0.42418720190412496,0.04701807291148405,13,h1:h1_z;h2:h2_z
0.006309573444801936,1.0000000000414049,1.000000000000181,22.981819243919745,H1+H2,27042.931809191803,27042.73717813329,-0.19463105851336257,214,251,22.981819243919745,bayes_h1h2_marginal_boundary,measured_graph,1.7221947381448388e-06,0.42397876585322564,0.047134534556733255,13,h1:h1_z;h2:h2_z
0.00794328234724282,1.000000000024071,1.0000000000001634,27.69554849785345,H1+H2,27040.642335438934,27040.380313506324,-0.26202193260779433,214,251,27.69554849785345,bayes_h1h2_marginal_boundary,measured_graph,1.631206547183713e-07,0.42379418050686946,0.04727078581808603,13,h1:h1_z;h2:h2_z
0.01,1.0000000544286822,1.0000000000001463,32.859255624243815,H1+H2,27038.13787274983,27037.79845994313,-0.3394128067022262,214,251,32.859255624243815,bayes_h1h2_marginal_boundary,measured_graph,1.2337415760153434e-08,0.4236622075420839,0.04741843283562448,13,h1:h1_z;h2:h2_z
0.012589254117941675,1.0000000461558827,1.0000000000000981,38.35266190870607,H1+H2,27035.478560481693,27035.051756800898,-0.42680368079665804,214,251,38.35266190870607,bayes_h1h2_marginal_boundary,measured_graph,7.913091402966263e-10,0.42361338609132115,0.0475670865238679,13,h1:h1_z;h2:h2_z
0.01584893192461114,1.0000000486478733,1.000000000000061,44.06151114016393,H1+H2,27032.72152674006,27032.19733218517,-0.5241945548910899,214,251,44.06151114016393,bayes_h1h2_marginal_boundary,measured_graph,4.5570660429445566e-11,0.4236658211281822,0.04770701342927778,13,h1:h1_z;h2:h2_z
0.01995262314968881,1.0000000000170386,1.0000000000000413,49.87260013838386,H1+H2,27029.923373115045,27029.29178768606,-0.6315854289855218,214,251,49.87260013838386,bayes_h1h2_marginal_boundary,measured_graph,2.493580423387609e-12,0.4238094736640151,0.04783047418656011,13,h1:h1_z;h2:h2_z
0.025118864315095822,1.0000000000270168,1.000000000000023,55.637095995480195,H1+H2,27027.15851606059,27026.40953975751,-0.7489763030799538,214,251,55.637095995480195,bayes_h1h2_marginal_boundary,measured_graph,1.3966224180028505e-13,0.42400141351981785,0.04793051638133104,13,h1:h1_z;h2:h2_z
0.03162277660168379,1.0000000000413003,1.0000000000000195,61.13506611655612,H1+H2,27024.536921874147,27023.660554696973,-0.8763671771743852,214,251,61.13506611655612,bayes_h1h2_marginal_boundary,measured_graph,8.937374702251248e-15,0.4241790814611028,0.04799822029208672,13,h1:h1_z;h2:h2_z
0.039810717055349734,1.000000000054924,1.000000000000018,66.09308953015716,H1+H2,27022.19530104144,27021.181542990173,-1.0137580512688171,214,251,66.09308953015716,bayes_h1h2_marginal_boundary,measured_graph,7.491846342191657e-16,0.42428538706315166,0.04802172257352067,13,h1:h1_z;h2:h2_z
0.05011872336272725,1.0000000000591909,1.0000000000000142,70.27765162244032,H1+H2,27020.250410869394,27019.08926194403,-1.1611489253632492,214,251,70.27765162244032,bayes_h1h2_marginal_boundary,measured_graph,9.245337049261926e-17,0.4242937237751667,0.04798941493438251,13,h1:h1_z;h2:h2_z
0.06309573444801936,1.0000000000482137,1.0000000000000113,73.61865920962009,H1+H2,27018.737297949898,27017.41875815044,-1.3185397994576809,214,251,73.61865920962009,bayes_h1h2_marginal_boundary,measured_graph,1.7395309850145865e-17,0.4242211903670949,0.04789581314983133,13,h1:h1_z;h2:h2_z
0.07943282347242822,1.0000000000277942,1.0000000000000067,76.26944354462466,H1+H2,27017.57929665649,27016.09336598294,-1.4859306735521132,214,251,76.26944354462466,bayes_h1h2_marginal_boundary,measured_graph,4.621911913325941e-18,0.42412312417472764,0.04774551831045125,13,h1:h1_z;h2:h2_z
0.1,1.0000000000110605,1.0000000000000036,78.54096975034918,H1+H2,27016.620924427723,27014.957602880077,-1.663321547646544,214,251,78.54096975034918,bayes_h1h2_marginal_boundary,measured_graph,1.4844515102782433e-18,0.42407099055222475,0.047551843944548304,13,h1:h1_z;h2:h2_z
1e-05,1.000002147474245,1.0000000261781714,36.01926256864317,H1+H2,14496.947005415968,14494.579318832099,-2.3676865838692702,109,147,36.01926256864317,bayes_h1h2_marginal_boundary,measured_graph,3.029789744530171e-09,0.4562845074314512,0.10737718556859889,14,h1:h1_z;h2:h2_z
1.2589254117941661e-05,1.0000024439077186,1.0000000984262207,35.5522158854983,H1+H2,14496.967919631636,14494.812842173671,-2.155077457963703,109,147,35.5522158854983,bayes_h1h2_marginal_boundary,measured_graph,3.826752634535297e-09,0.45628863969645794,0.10733629282090423,14,h1:h1_z;h2:h2_z
1.584893192461114e-05,1.0000028564532997,1.0000003597353608,35.07809264911339,H1+H2,14497.002372123921,14495.049903791863,-1.952468332058134,109,147,35.07809264911339,bayes_h1h2_marginal_boundary,measured_graph,4.850482505321475e-09,0.4562930242036604,0.1072715456017899,14,h1:h1_z;h2:h2_z
1.9952623149688786e-05,1.0000033956868475,1.0000000064576626,34.58062339806929,H1+H2,14497.058497623539,14495.298638417386,-1.7598592061525666,109,147,34.58062339806929,bayes_h1h2_marginal_boundary,measured_graph,6.220266871125757e-09,0.45629725862706294,0.10716968037540979,14,h1:h1_z;h2:h2_z
2.5118864315095822e-05,1.0000040440842626,1.0000000328796375,34.03453314589933,H1+H2,14497.148933623717,14495.57168354347,-1.5772500802469966,109,147,34.03453314589933,bayes_h1h2_marginal_boundary,measured_graph,8.173178980094907e-09,0.4563005680480995,0.10701061392334388,14,h1:h1_z;h2:h2_z
3.1622776601683795e-05,1.0000047475735272,1.0000001515815564,33.40074530228594,H1+H2,14497.293218419618,14495.888577465277,-1.404640954341429,109,147,33.40074530228594,bayes_h1h2_marginal_boundary,measured_graph,1.1220605435792362e-08,0.4563015478612522,0.10676519104576299,14,h1:h1_z;h2:h2_z
3.9810717055349695e-05,1.0000054287420335,1.0000006096110996,32.62036896000063,H1+H2,14497.520797464857,14496.27876563642,-1.2420318284358616,109,147,32.62036896000063,bayes_h1h2_marginal_boundary,measured_graph,1.6575737506425823e-08,0.45629774100723136,0.10639321697753523,14,h1:h1_z;h2:h2_z
5.011872336272725e-05,1.0000060214539837,1.0000020408427377,31.607663297774707,H1+H2,14497.874541170064,14496.785118467533,-1.089422702530293,109,147,31.607663297774707,bayes_h1h2_marginal_boundary,measured_graph,2.750293871436391e-08,0.4562849549960059,0.10584454269456568,14,h1:h1_z;h2:h2_z
6.309573444801929e-05,1.0000065022469726,1.0000053662589516,30.24508208957559,H1+H2,14498.413222648258,14497.466409071632,-0.9468135766247254,109,147,30.24508208957559,bayes_h1h2_marginal_boundary,measured_graph,5.4357547121240214e-08,0.4562561768944848,0.10506788919333451,14,h1:h1_z;h2:h2_z
7.943282347242822e-05,1.0000068958331483,1.0000004702377054,28.387740039590426,H1+H2,14499.209284547343,14498.395080096625,-0.8142044507191568,109,147,28.387740039590426,bayes_h1h2_marginal_boundary,measured_graph,1.3758673116956681e-07,0.4561998634778801,0.10403412493912295,14,h1:h1_z;h2:h2_z
0.0001,1.000007261346582,1.0000007106058737,25.897475969024526,H1+H2,14500.331807456721,14499.640212131908,-0.6915953248135883,109,147,25.897475969024526,bayes_h1h2_marginal_boundary,measured_graph,4.77892841156846e-07,0.45609725914819477,0.10277032503657044,14,h1:h1_z;h2:h2_z
0.00012589254117941674,1.0000076816948908,1.000000596306788,22.71446392765938,H1+H2,14501.8107043515,14501.23171815259,-0.5789861989080206,109,147,22.71446392765938,bayes_h1h2_marginal_boundary,measured_graph,2.346998475648164e-06,0.45591823021152544,0.10138872360465025,14,h1:h1_z;h2:h2_z
0.00015848931924611142,1.0000082686205194,1.000005363599394,18.95975139948132,H1+H2,14503.585451489682,14503.10907441668,-0.47637707300245236,109,147,18.95975139948132,bayes_h1h2_marginal_boundary,measured_graph,1.534045614979836e-05,0.4556149172369122,0.10006092796211433,14,h1:h1_z;h2:h2_z
0.00019952623149688788,1.0000091864311096,1.000001511653656,14.97379592629295,H1+H2,14505.48582010037,14505.102052153274,-0.38376794709688455,109,147,14.97379592629295,bayes_h1h2_marginal_boundary,measured_graph,0.00011255829532055375,0.4551123681874545,0.09893795132237014,14,h1:h1_z;h2:h2_z
0.0002511886431509582,1.0000107000148006,1.0000002519184723,11.21682390062415,H1+H2,14507.2816969873,14506.980538166108,-0.30115882119131615,109,147,11.21682390062415,bayes_h1h2_marginal_boundary,measured_graph,0.0007365353859882187,0.45429547159379347,0.09807553034620416,14,h1:h1_z;h2:h2_z
0.00031622776601683794,1.0000132564144861,1.0000018483947697,8.0753938351736,H1+H2,14508.77980289412,14508.551253198833,-0.22854969528574837,109,147,8.0753938351736,bayes_h1h2_marginal_boundary,measured_graph,0.0035427987943380574,0.45299264104636994,0.09743679573975267,14,h1:h1_z;h2:h2_z
0.00039810717055349735,1.0000175839693082,1.0000002524579945,5.738178701081779,H1+H2,14509.88580133526,14509.71986076588,-0.16594056938017995,109,147,5.738178701081779,bayes_h1h2_marginal_boundary,measured_graph,0.011398988252552377,0.45096040724480735,0.09694815885107186,14,h1:h1_z;h2:h2_z
0.0005011872336272725,1.0000025823018703,1.000000028371643,4.200400152058137,H1+H2,14510.602081483865,14510.488750040391,-0.11333144347461188,109,147,4.200400152058137,bayes_h1h2_marginal_boundary,measured_graph,0.024591820218417097,0.44788794731406417,0.09655095834237402,14,h1:h1_z;h2:h2_z
0.000630957344480193,1.0000040356718964,1.0000000028070457,3.330882048005151,H1+H2,14510.994231409986,14510.923509092418,-0.07072231756904392,109,147,3.330882048005151,bayes_h1h2_marginal_boundary,measured_graph,0.03798430044691386,0.4434224654126843,0.09621958816911468,14,h1:h1_z;h2:h2_z
0.0007943282347242822,1.0000057413322125,1.000000000257093,2.9036295114383393,H1+H2,14511.175248552365,14511.137135360701,-0.03811319166347554,109,147,2.9036295114383393,bayes_h1h2_marginal_boundary,measured_graph,0.047030634935181226,0.4373389015815273,0.09595050576203586,14,h1:h1_z;h2:h2_z
0.001,1.0000063780300106,1.0000000639660063,2.6206091880449094,H1+H2,14511.294149588155,14511.278645522398,-0.015504065757907535,109,147,2.6206091880449094,bayes_h1h2_marginal_boundary,measured_graph,0.05417986571760096,0.42978583490466293,0.09574546702242528,14,h1:h1_z;h2:h2_z
0.0012589254117941675,1.0000047774807166,1.000000012605132,2.179745885234297,H1+H2,14511.501972113656,14511.499077173803,-0.0028949398523394052,109,147,2.179745885234297,bayes_h1h2_marginal_boundary,measured_graph,0.06754141799369247,0.42152136122588924,0.0956025585895429,14,h1:h1_z;h2:h2_z
0.001584893192461114,1.0000186705058878,1.00000000256919,1.43987536480563,H1+H2,14511.869298247964,14511.869012434017,-0.0002858139467712683,109,147,1.43987536480563,bayes_h1h2_marginal_boundary,measured_graph,0.09777571856894421,0.41375473526930634,0.09551562703867843,14,h1:h1_z;h2:h2_z
0.0019952623149688807,1.0000070833554482,1.000000000567507,0.5668169456694159,H1+H2,14512.313218331627,14512.305541643585,-0.007676688041203171,109,147,0.5668169456694159,bayes_h1h2_marginal_boundary,measured_graph,0.15129105217043112,0.40756339446906187,0.0954771237593382,14,h1:h1_z;h2:h2_z
0.002511886431509582,1.0000023466130483,1.0000000001444282,-0.0,H1+H2,14512.614017678556,14512.58895011642,-0.025067562135635053,109,147,-0.0,bayes_h1h2_marginal_boundary,measured_graph,0.20086116584735728,0.4033759315550981,0.09548061866008592,14,h1:h1_z;h2:h2_z
0.0031622776601683794,1.000012965462376,1.0000000000451712,0.22448610978244687,H1+H2,14512.52916549776,14512.476707061529,-0.05245843623006681,109,147,0.22448610978244687,bayes_h1h2_marginal_boundary,measured_graph,0.1795351296857305,0.40100939381130746,0.09552207296941866,14,h1:h1_z;h2:h2_z
0.003981071705534973,1.0000078322404589,1.000000000018055,1.5593545348638145,H1+H2,14511.899122159313,14511.809272848988,-0.08984931032449865,109,147,1.5593545348638145,bayes_h1h2_marginal_boundary,measured_graph,0.09210568657078871,0.3999642293122094,0.09560020906004683,14,h1:h1_z;h2:h2_z
0.005011872336272725,1.0000063815531572,1.0000000000091216,4.0731408665196795,H1+H2,14510.689619867579,14510.55237968316,-0.13724018441893068,109,147,4.0731408665196795,bayes_h1h2_marginal_boundary,measured_graph,0.026207444692334974,0.39968627381787386,0.0957165313958325,14,h1:h1_z;h2:h2_z
0.006309573444801936,1.0000062975322874,1.000000000005507,7.602610501086019,H1+H2,14508.98227592439,14508.787644865877,-0.19463105851336257,109,147,7.602610501086019,bayes_h1h2_marginal_boundary,measured_graph,0.004487558103939782,0.3997439319524738,0.09587541256549775,14,h1:h1_z;h2:h2_z
0.00794328234724282,1.0000066406616284,1.0000000000036906,11.842239638852334,H1+H2,14506.929852229601,14506.667830296994,-0.26202193260779433,109,147,11.842239638852334,bayes_h1h2_marginal_boundary,measured_graph,0.0005387487987853483,0.39986132838851146,0.09608450314149411,14,h1:h1_z;h2:h2_z
0.01,1.0000068946556517,1.0000000000025657,16.439602483445924,H1+H2,14504.7085616814,14504.369148874697,-0.3394128067022262,109,147,16.439602483445924,bayes_h1h2_marginal_boundary,measured_graph,5.4085600693177696e-05,0.3998795132494153,0.09635548144260009,14,h1:h1_z;h2:h2_z
0.012589254117941675,1.0000067458951292,1.00000000000176,21.065492800273205,H1+H2,14502.48300739708,14502.056203716284,-0.42680368079665804,109,147,21.065492800273205,bayes_h1h2_marginal_boundary,measured_graph,5.352816286378058e-06,0.3996944047976712,0.09670454047317775,14,h1:h1_z;h2:h2_z
0.01584893192461114,1.0000060364196406,1.0000000000011515,25.4527361972614,H1+H2,14500.38677657268,14499.86258201779,-0.5241945548910899,109,147,25.4527361972614,bayes_h1h2_marginal_boundary,measured_graph,5.969040687144953e-07,0.3992035342477917,0.09715102504758129,14,h1:h1_z;h2:h2_z
0.01995262314968881,1.000004771330489,1.0000000000007054,29.414759091090673,H1+H2,14498.51315599986,14497.881570570875,-0.6315854289855218,109,147,29.414759091090673,bayes_h1h2_marginal_boundary,measured_graph,8.233077418023852e-08,0.398272686552913,0.09771255443828306,14,h1:h1_z;h2:h2_z
0.025118864315095822,1.000003170900551,1.0000000000004157,32.86363011032154,H1+H2,14496.90611136434,14496.15713506126,-0.7489763030799538,109,147,32.86363011032154,bayes_h1h2_marginal_boundary,measured_graph,1.467740820828874e-08,0.39672923623962625,0.09839766016739351,14,h1:h1_z;h2:h2_z
0.03162277660168379,1.000001659544926,1.0000000000002427,35.83726003464835,H1+H2,14495.54668727627,14494.670320099096,-0.8763671771743852,109,147,35.83726003464835,bayes_h1h2_marginal_boundary,measured_graph,3.3184390040848185e-09,0.39439096145008723,0.0992007913476636,14,h1:h1_z;h2:h2_z
0.039810717055349734,1.0000006339991467,1.0000000000001337,38.50769609752024,H1+H2,14494.34886011893,14493.33510206766,-1.0137580512688171,109,147,38.50769609752024,bayes_h1h2_marginal_boundary,measured_graph,8.730839731709991e-10,0.39112409071471493,0.10010396101024427,14,h1:h1_z;h2:h2_z
0.05011872336272725,1.0000001639752485,1.0000000000000815,41.126175109006,H1+H2,14493.18701148728,14492.025862561917,-1.1611489253632492,109,147,41.126175109006,bayes_h1h2_marginal_boundary,measured_graph,2.357547888753027e-10,0.3868927950187016,0.10108297816095985,14,h1:h1_z;h2:h2_z
0.06309573444801936,1.0000021849085068,1.000000000000048,43.914548393488076,H1+H2,14491.950215719135,14490.631675919676,-1.3185397994576809,109,147,43.914548393488076,bayes_h1h2_marginal_boundary,measured_graph,5.847536722174787e-11,0.38176695796106785,0.10210967683709067,14,h1:h1_z;h2:h2_z
0.07943282347242822,1.0000005206548124,1.0000000000000362,46.96839858477324,H1+H2,14490.590681497586,14489.104750824034,-1.4859306735521132,109,147,46.96839858477324,bayes_h1h2_marginal_boundary,measured_graph,1.2700997031323809e-11,0.3759139964395643,0.10314348706959477,14,h1:h1_z;h2:h2_z
0.1,1.000000283965048,1.0000000000000322,50.218245292970096,H1+H2,14489.143149017582,14487.479827469935,-1.663321547646544,109,147,50.218245292970096,bayes_h1h2_marginal_boundary,measured_graph,2.5011662990009547e-12,0.36959774305155574,0.10411922353921417,14,h1:h1_z;h2:h2_z
1e-05,1.0000000011233174,0.999999990492246,82.64446143910754,H1+H2,33193.490090809035,33191.12240422516,-2.3676865838692702,226,327,82.64446143910754,bayes_h1h2_marginal_boundary,measured_graph,1.0750911689757948e-18,0.24432653188179376,0.012499532742916156,15,h1:h1_z;h2:h2_z
1.2589254117941661e-05,1.0000000015864732,0.9999999815765904,82.01913301432796,H1+H2,33193.59014589552,33191.43506843755,-2.155077457963703,226,327,82.01913301432796,bayes_h1h2_marginal_boundary,measured_graph,1.469716725857982e-18,0.24432502519861324,0.012492479729729548,15,h1:h1_z;h2:h2_z
1.584893192461114e-05,1.0000000022815465,0.999999973649072,81.37728831706045,H1+H2,33193.70845911824,33191.75599078619,-1.952468332058134,226,327,81.37728831706045,bayes_h1h2_marginal_boundary,measured_graph,2.025855392381253e-18,0.2443230370698953,0.012484452567581902,15,h1:h1_z;h2:h2_z
1.9952623149688786e-05,1.0000000032959246,0.9999999740202546,80.74798826267943,H1+H2,33193.83050001953,33192.07064081338,-1.7598592061525666,226,327,80.74798826267943,bayes_h1h2_marginal_boundary,measured_graph,2.774975877997869e-18,0.24432038976730755,0.012476354810124924,15,h1:h1_z;h2:h2_z
2.5118864315095822e-05,1.000000004720337,0.9999999831255976,80.18128665332915,H1+H2,33193.9312416983,33192.35399161805,-1.5772500802469966,226,327,80.18128665332915,bayes_h1h2_marginal_boundary,measured_graph,3.683976941287355e-18,0.24431682890313133,0.012469206407366179,15,h1:h1_z;h2:h2_z
3.1622776601683795e-05,1.0000000066261217,0.9999999928664864,79.73440901361755,H1+H2,33193.98207139225,33192.57743043791,-1.404640954341429,226,327,79.73440901361755,bayes_h1h2_marginal_boundary,measured_graph,4.6063310804911176e-18,0.24431198613553506,0.012463632277727276,15,h1:h1_z;h2:h2_z
3.9810717055349695e-05,1.0000000090493746,0.9999999979900988,79.44864624828915,H1+H2,33193.96234364901,33192.72031182057,-1.2420318284358616,226,327,79.44864624828915,bayes_h1h2_marginal_boundary,measured_graph,5.31383109403126e-18,0.24430532260368157,0.012459615960563938,15,h1:h1_z;h2:h2_z
5.011872336272725e-05,1.0000000120244439,0.9999999996129676,79.33342049758357,H1+H2,33193.86734739845,33192.777924695925,-1.089422702530293,226,327,79.33342049758357,bayes_h1h2_marginal_boundary,measured_graph,5.628966961319074e-18,0.24429604324456233,0.012456690626299257,15,h1:h1_z;h2:h2_z
6.309573444801929e-05,1.0000000157093833,0.999999999940198,79.36732143106929,H1+H2,33193.707787805804,33192.76097422918,-0.9468135766247254,226,327,79.36732143106929,bayes_h1h2_marginal_boundary,measured_graph,5.5343574470006755e-18,0.2442829677753135,0.012454284527458141,15,h1:h1_z;h2:h2_z
7.943282347242822e-05,1.0000000206020725,0.9999999999941733,79.51029726360866,H1+H2,33193.50369076363,33192.68948631291,-0.8142044507191568,226,327,79.51029726360866,bayes_h1h2_marginal_boundary,measured_graph,5.152528443424987e-18,0.2442643389276534,0.012451926880194501,15,h1:h1_z;h2:h2_z
0.0001,1.0000000278295234,0.99999999999688,79.71596052400128,H1+H2,33193.278250007534,33192.58665468272,-0.6915953248135883,226,327,79.71596052400128,bayes_h1h2_marginal_boundary,measured_graph,4.6490175787291284e-18,0.24423754421967578,0.012449279645500275,15,h1:h1_z;h2:h2_z
0.00012589254117941674,1.0000000395802129,0.999999996928087,79.93836075351282,H1+H2,33193.05444076687,33192.47545456796,-0.5789861989080206,226,327,79.93836075351282,bayes_h1h2_marginal_boundary,measured_graph,4.1597534643122e-18,0.2441987295906874,0.012446090077139049,15,h1:h1_z;h2:h2_z
0.00015848931924611142,1.0000000598355694,0.9999999994508152,80.1334104713751,H1+H2,33192.854306782036,33192.37792970903,-0.47637707300245236,226,327,80.1334104713751,bayes_h1h2_marginal_boundary,measured_graph,3.773228308183901e-18,0.244142305655236,0.012442135457172637,15,h1:h1_z;h2:h2_z
0.00019952623149688788,1.0000000953704757,0.9999999999073726,80.2571720413689,H1+H2,33192.69981687113,33192.31604892403,-0.38376794709688455,226,327,80.2571720413689,bayes_h1h2_marginal_boundary,measured_graph,3.546815523238279e-18,0.24406042132100558,0.012437182892063534,15,h1:h1_z;h2:h2_z
0.0002511886431509582,1.0000001560436136,0.9999999999850397,80.2629693224444,H1+H2,33192.61430910468,33192.313150283495,-0.30115882119131615,226,327,80.2629693224444,bayes_h1h2_marginal_boundary,measured_graph,3.536549465975619e-18,0.24394266215589785,0.01243096250026662,15,h1:h1_z;h2:h2_z
0.00031622776601683794,1.0000002509606756,0.9999999999978476,80.0987131785223,H1+H2,33192.62382805074,33192.395278355456,-0.22854969528574837,226,327,80.0987131785223,bayes_h1h2_marginal_boundary,measured_graph,3.839259834643587e-18,0.24377659066179877,0.012423149172264891,15,h1:h1_z;h2:h2_z
0.00039810717055349735,1.000000374458274,0.9999999999997511,79.7058980067377,H1+H2,33192.75762651073,33192.59168594135,-0.16594056938017995,226,327,79.7058980067377,bayes_h1h2_marginal_boundary,measured_graph,4.6724669289587925e-18,0.24355024518616564,0.01241334974923476,15,h1:h1_z;h2:h2_z
0.0005011872336272725,1.0000004833842646,0.999999999999936,79.02239397929225,H1+H2,33193.04676939855,33192.93343795507,-0.11333144347461188,226,327,79.02239397929225,bayes_h1h2_marginal_boundary,measured_graph,6.576082453607091e-18,0.24325785259473637,0.012401097060290687,15,h1:h1_z;h2:h2_z
0.000630957344480193,1.000000499669669,1.0000000000000338,77.99185943124758,H1+H2,33193.519427546664,33193.44870522909,-0.07072231756904392,226,327,77.99185943124758,bayes_h1h2_marginal_boundary,measured_graph,1.100892679231884e-17,0.24290836601881616,0.01238585772625235,15,h1:h1_z;h2:h2_z
0.0007943282347242822,1.0000003843223964,0.9999999999999684,76.58107720709813,H1+H2,33194.192209532834,33194.15409634117,-0.03811319166347554,226,327,76.58107720709813,bayes_h1h2_marginal_boundary,measured_graph,2.2289095823154085e-17,0.2425316452984222,0.012367068936014317,15,h1:h1_z;h2:h2_z
0.001,1.0000002095204663,1.0000000000000282,74.80046909513476,H1+H2,33195.059904462905,33195.04440039715,-0.015504065757907535,226,327,74.80046909513476,bayes_h1h2_marginal_boundary,measured_graph,5.4293343845909406e-17,0.2421726314233646,0.012344231680668881,15,h1:h1_z;h2:h2_z
0.0012589254117941675,1.0000000812165721,0.9999999999999984,72.71641236398136,H1+H2,33196.08932370258,33196.08642876273,-0.0028949398523394052,226,327,72.71641236398136,bayes_h1h2_marginal_boundary,measured_graph,1.5391954085407288e-16,0.2418703692693147,0.012317101905959553,15,h1:h1_z;h2:h2_z
0.001584893192461114,1.0000000242191611,0.9999999999999902,70.45107405175804,H1+H2,33197.21938373279,33197.21909791884,-0.0002858139467712683,226,327,70.45107405175804,bayes_h1h2_marginal_boundary,measured_graph,4.777555308900407e-16,0.24163651066265698,0.012286022245639492,15,h1:h1_z;h2:h2_z
0.0019952623149688807,1.0000000065492916,1.000000000000007,68.18585354546667,H1+H2,33198.35938486003,33198.351708171984,-0.007676688041203171,226,327,68.18585354546667,bayes_h1h2_marginal_boundary,measured_graph,1.482832535772218e-15,0.2414518315382207,0.012252383501846112,15,h1:h1_z;h2:h2_z
0.002511886431509582,1.0000000020129902,0.9999999999999969,66.17984420208086,H1+H2,33199.37978040581,33199.35471284368,-0.025067562135635053,226,327,66.17984420208086,bayes_h1h2_marginal_boundary,measured_graph,4.0428860504826776e-15,0.24127894865284763,0.012219025767759134,15,h1:h1_z;h2:h2_z
0.0031622776601683794,1.000000000856153,0.9999999999999918,64.76368273000116,H1+H2,33200.115252015945,33200.06279357972,-0.05245843623006681,226,327,64.76368273000116,bayes_h1h2_marginal_boundary,measured_graph,8.20742754049327e-15,0.24107529153315835,0.01219007298753482,15,h1:h1_z;h2:h2_z
0.003981071705534973,1.0000000005318335,0.9999999999999899,64.22966884149355,H1+H2,33200.41964983429,33200.32980052397,-0.08984931032449865,226,327,64.22966884149355,bayes_h1h2_marginal_boundary,measured_graph,1.0719306765540703e-14,0.2407981649038848,0.012169540169780007,15,h1:h1_z;h2:h2_z
0.005011872336272725,1.0000000004413265,0.9999999999999986,64.6022148874763,H1+H2,33200.2807676854,33200.14352750098,-0.13724018441893068,226,327,64.6022148874763,bayes_h1h2_marginal_boundary,measured_graph,8.897527802635184e-15,0.24040479671065526,0.012158728585203001,15,h1:h1_z;h2:h2_z
0.006309573444801936,1.0000000004299112,0.9999999999999934,65.43419502870529,H1+H2,33199.922168488876,33199.727537430364,-0.19463105851336257,226,327,65.43419502870529,bayes_h1h2_marginal_boundary,measured_graph,5.8695818285361115e-15,0.23985196790092697,0.012153989905055054,15,h1:h1_z;h2:h2_z
0.00794328234724282,1.0000000004457992,0.9999999999999969,65.84847915651335,H1+H2,33199.782417299066,33199.52039536646,-0.26202193260779433,226,327,65.84847915651335,bayes_h1h2_marginal_boundary,measured_graph,4.771407470885888e-15,0.23909581436248667,0.012147163128033663,15,h1:h1_z;h2:h2_z
0.01,1.000000000465457,0.9999999999999972,64.87338871648535,H1+H2,33200.347353393176,33200.007940586474,-0.3394128067022262,226,327,64.87338871648535,bayes_h1h2_marginal_boundary,measured_graph,7.76935033303722e-15,0.2380894098840971,0.012129246884561446,15,h1:h1_z;h2:h2_z
0.012589254117941675,1.0000000004773706,1.0000000000000044,61.87438073454541,H1+H2,33201.93424825824,33201.507444577444,-0.42680368079665804,226,327,61.87438073454541,bayes_h1h2_marginal_boundary,measured_graph,3.4802545812354e-14,0.23677808754871696,0.012095200850786041,15,h1:h1_z;h2:h2_z
0.01584893192461114,1.000000000478031,0.9999999999999958,56.815515724243596,H1+H2,33204.56107163749,33204.036877082595,-0.5241945548910899,226,327,56.815515724243596,bayes_h1h2_marginal_boundary,measured_graph,4.366461076857454e-13,0.2350976660111595,0.012046815900252904,15,h1:h1_z;h2:h2_z
0.01995262314968881,1.0000000004693868,0.999999999999996,50.19977231208759,H1+H2,33207.97633421766,33207.34474878867,-0.6315854289855218,226,327,50.19977231208759,bayes_h1h2_marginal_boundary,measured_graph,1.1932186203014026e-11,0.2329804750322865,0.011991833510817581,15,h1:h1_z;h2:h2_z
0.025118864315095822,1.000000000456448,0.9999999999999986,42.73913693538634,H1+H2,33211.82404278011,33211.075066477024,-0.7489763030799538,226,327,42.73913693538634,bayes_h1h2_marginal_boundary,measured_graph,4.974808981730746e-10,0.23036892023136885,0.011939945094319008,15,h1:h1_z;h2:h2_z
0.03162277660168379,1.0000000004451495,0.9999999999999981,34.99823282919533,H1+H2,33215.82188570729,33214.94551853012,-0.8763671771743852,226,327,34.99823282919533,bayes_h1h2_marginal_boundary,measured_graph,2.3861205382126543e-08,0.22723615764402155,0.011898384902523968,15,h1:h1_z;h2:h2_z
0.039810717055349734,1.0000000004406637,0.9999999999999976,27.273111083137337,H1+H2,33219.821837454416,33218.80807940315,-1.0137580512688171,226,327,27.273111083137337,bayes_h1h2_marginal_boundary,measured_graph,1.1354846093400193e-06,0.22361236221839065,0.011869866678205054,15,h1:h1_z;h2:h2_z
0.05011872336272725,1.0000000004465686,1.0000000000000004,19.727353573034634,H1+H2,33223.74210708356,33222.5809581582,-1.1611489253632492,226,327,19.727353573034634,bayes_h1h2_marginal_boundary,measured_graph,4.93994002504528e-05,0.21959721725899012,0.011853578002356872,15,h1:h1_z;h2:h2_z
0.06309573444801936,1.0000000004648246,0.999999999999999,12.549564446584554,H1+H2,33227.488392520885,33226.169852721425,-1.3185397994576809,226,327,12.549564446584554,bayes_h1h2_marginal_boundary,measured_graph,0.0017879640453491142,0.21532829054994937,0.01184782247464053,15,h1:h1_z;h2:h2_z
0.07943282347242822,1.0000000004975942,0.9999999999999997,5.9389908040029695,H1+H2,33230.96107021627,33229.475139542716,-1.4859306735521132,226,327,5.9389908040029695,bayes_h1h2_marginal_boundary,measured_graph,0.048733388417977246,0.21091517530668133,0.011852237687393791,15,h1:h1_z;h2:h2_z
0.1,1.0000000005517982,0.9999999999999994,-0.0,H1+H2,33234.107956492364,33232.44463494472,-1.663321547646544,226,327,-0.0,bayes_h1h2_marginal_boundary,measured_graph,0.9494280882806713,0.2064046625424598,0.011868293697343586,15,h1:h1_z;h2:h2_z
1e-05,1.0000000000010463,0.9999981467406267,13.858868741284823,H1+H2,35819.91824136495,35817.550554781075,-2.3676865838692702,259,331,13.858868741284823,bayes_h1h2_marginal_boundary,measured_graph,0.00012436757369447033,0.08504105052000167,0.010683314582080695,16,h1:h1_z;h2:h2_z
1.2589254117941661e-05,1.0000000000036675,0.9999999718466424,11.580380355022498,H1+H2,35820.84487643217,35818.68979897421,-2.155077457963703,259,331,11.580380355022498,bayes_h1h2_marginal_boundary,measured_graph,0.0003885747965690422,0.0850395401926879,0.010654573371746363,16,h1:h1_z;h2:h2_z
1.584893192461114e-05,1.0000000000127047,0.9999999778298208,9.05663527813158,H1+H2,35821.90413984471,35819.95167151265,-1.952468332058134,259,331,9.05663527813158,bayes_h1h2_marginal_boundary,measured_graph,0.001372457512037709,0.08503742882692678,0.010627272008950117,16,h1:h1_z;h2:h2_z
1.9952623149688786e-05,1.000000000043017,0.9999987285227271,6.518995049060322,H1+H2,35822.98035083334,35821.22049162719,-1.7598592061525666,259,331,6.518995049060322,bayes_h1h2_marginal_boundary,measured_graph,0.004881356008385774,0.08503444312517999,0.010605102165850696,16,h1:h1_z;h2:h2_z
2.5118864315095822e-05,1.0000000001389877,0.9999995090427143,4.2403573186311405,H1+H2,35823.93706057265,35822.3598104924,-1.5772500802469966,259,331,4.2403573186311405,bayes_h1h2_marginal_boundary,measured_graph,0.015252477014618097,0.0850301770808295,0.010589720760816834,16,h1:h1_z;h2:h2_z
3.1622776601683795e-05,1.0000000004208256,0.9999998706536072,2.4264244541845983,H1+H2,35824.67141787897,35823.266776924625,-1.404640954341429,259,331,2.4264244541845983,bayes_h1h2_marginal_boundary,measured_graph,0.03777729834307658,0.08502403067116379,0.01058049608131447,16,h1:h1_z;h2:h2_z
3.9810717055349695e-05,1.0000000011764816,0.9999999755419532,1.1556231547147036,H1+H2,35825.144209402795,35823.90217757436,-1.2420318284358616,259,331,1.1556231547147036,bayes_h1h2_marginal_boundary,measured_graph,0.07131516509687348,0.08501512922140173,0.010575611147260975,16,h1:h1_z;h2:h2_z
5.011872336272725e-05,1.0000000030009915,0.9999999965034153,0.3933556247211527,H1+H2,35825.372734041885,35824.28331133936,-1.089422702530293,259,331,0.3933556247211527,bayes_h1h2_marginal_boundary,measured_graph,0.10440136645440606,0.08500223165290229,0.010573288733923545,16,h1:h1_z;h2:h2_z
6.309573444801929e-05,1.0000000069174977,0.9999999995926003,0.04439531976822764,H1+H2,35825.404605068456,35824.45779149183,-0.9468135766247254,259,331,0.04439531976822764,bayes_h1h2_marginal_boundary,measured_graph,0.12430309734181509,0.08498366131632755,0.010572306207050384,16,h1:h1_z;h2:h2_z
7.943282347242822e-05,1.0000000141908814,0.9999999999650968,-0.0,H1+H2,35825.294193602436,35824.47998915172,-0.8142044507191568,259,331,-0.0,bayes_h1h2_marginal_boundary,measured_graph,0.12709318739021994,0.08495734633935399,0.010571975694495594,16,h1:h1_z;h2:h2_z
0.0001,1.0000000251835528,0.9999999999959465,0.16412925682379864,H1+H2,35825.08951984812,35824.397924523306,-0.6915953248135883,259,331,0.16412925682379864,bayes_h1h2_marginal_boundary,measured_graph,0.11707982275642319,0.0849211386359408,0.010571957876799603,16,h1:h1_z;h2:h2_z
0.00012589254117941674,1.0000000369162483,1.0000000000001956,0.46337444614619017,H1+H2,35824.827288127555,35824.248301928645,-0.5789861989080206,259,331,0.46337444614619017,bayes_h1h2_marginal_boundary,measured_graph,0.10080957621866064,0.08487363336140964,0.010572100914868125,16,h1:h1_z;h2:h2_z
0.00015848931924611142,1.0000000419448942,1.0000000000021116,0.8499182957020821,H1+H2,35824.53140707687,35824.05503000387,-0.47637707300245236,259,331,0.8499182957020821,bayes_h1h2_marginal_boundary,measured_graph,0.08309308027312828,0.08481553441607992,0.010572343077595992,16,h1:h1_z;h2:h2_z
0.00019952623149688788,1.0000000343378836,0.9999999996530727,1.3037144934205571,H1+H2,35824.211899852104,35823.82813190501,-0.38376794709688455,259,331,1.3037144934205571,bayes_h1h2_marginal_boundary,measured_graph,0.06622535062911014,0.08475093699325588,0.010572662707377794,16,h1:h1_z;h2:h2_z
0.0002511886431509582,1.0000000189505043,0.9999999999439134,1.8339888887421694,H1+H2,35823.864153528535,35823.56299470735,-0.30115882119131615,259,331,1.8339888887421694,bayes_h1h2_marginal_boundary,measured_graph,0.05080151271503532,0.08468702237655816,0.010573054189464103,16,h1:h1_z;h2:h2_z
0.00031622776601683794,1.0000000067743076,0.9999999999907457,2.4741537436493672,H1+H2,35823.471461975176,35823.24291227989,-0.22854969528574837,259,331,2.4741537436493672,bayes_h1h2_marginal_boundary,measured_graph,0.03688642896018632,0.08463115102686121,0.01057351592374817,16,h1:h1_z;h2:h2_z
0.00039810717055349735,1.0000000015706363,0.9999999999992174,3.264778693788685,H1+H2,35823.0135403742,35822.84759980482,-0.16594056938017995,259,331,3.264778693788685,bayes_h1h2_marginal_boundary,measured_graph,0.02484188722629182,0.084587073032493,0.010574042597112386,16,h1:h1_z;h2:h2_z
0.0005011872336272725,1.0000000002452327,0.9999999999998894,4.23053821051144,H1+H2,35822.47805148994,35822.36472004646,-0.11333144347461188,259,331,4.23053821051144,bayes_h1h2_marginal_boundary,measured_graph,0.015327543996989277,0.08455363574835605,0.01057461774675623,16,h1:h1_z;h2:h2_z
0.000630957344480193,1.0000000000279143,0.9999999999999014,5.365985595388338,H1+H2,35821.867718671594,35821.79699635402,-0.07072231756904392,259,331,5.365985595388338,bayes_h1h2_marginal_boundary,measured_graph,0.00868786981547819,0.08452671117216314,0.010575204206125217,16,h1:h1_z;h2:h2_z
0.0007943282347242822,1.0000000150790422,1.0000000000001696,6.637457877601264,H1+H2,35821.19937340458,35821.16126021292,-0.03811319166347554,259,331,6.637457877601264,bayes_h1h2_marginal_boundary,measured_graph,0.00460062257885608,0.08450186434861025,0.010575731031538428,16,h1:h1_z;h2:h2_z
0.001,1.000000002675876,0.9999999999999775,7.994381306081777,H1+H2,35820.49830256443,35820.48279849868,-0.015504065757907535,259,331,7.994381306081777,bayes_h1h2_marginal_boundary,measured_graph,0.0023343416980140578,0.08447576332288163,0.010576076966987924,16,h1:h1_z;h2:h2_z
0.0012589254117941675,1.0000000004691287,1.0000000000000884,9.380430332195829,H1+H2,35819.792668925475,35819.78977398562,-0.0028949398523394052,259,331,9.380430332195829,bayes_h1h2_marginal_boundary,measured_graph,0.0011673140317223108,0.08444636079466268,0.010576054153778196,16,h1:h1_z;h2:h2_z
0.001584893192461114,1.000000000093097,0.9999999999999664,10.741832407191396,H1+H2,35819.10935876207,35819.10907294812,-0.0002858139467712683,259,331,10.741832407191396,bayes_h1h2_marginal_boundary,measured_graph,0.0005909666888382055,0.08441269900445944,0.010575403984930905,16,h1:h1_z;h2:h2_z
0.0019952623149688807,1.0000000000256992,0.9999999999999815,12.037068202960654,H1+H2,35818.46913173828,35818.46145505024,-0.007676688041203171,259,331,12.037068202960654,bayes_h1h2_marginal_boundary,measured_graph,0.00030924744640848224,0.08437487874189822,0.010573831162774154,16,h1:h1_z;h2:h2_z
0.002511886431509582,1.0000000000113591,0.9999999999999997,13.255478831517394,H1+H2,35817.877317298095,35817.85224973596,-0.025067562135635053,259,331,13.255478831517394,bayes_h1h2_marginal_boundary,measured_graph,0.00016816345277425587,0.0843344075696248,0.010571115683236395,16,h1:h1_z;h2:h2_z
0.0031622776601683794,1.0000000000075397,1.000000000000005,14.449901580781443,H1+H2,35817.307496797555,35817.25503836133,-0.05245843623006681,259,331,14.449901580781443,bayes_h1h2_marginal_boundary,measured_graph,9.254778122726072e-05,0.0842949676654257,0.010567327985453977,16,h1:h1_z;h2:h2_z
0.003981071705534973,1.0000000000063611,1.000000000000001,15.776646987273125,H1+H2,35816.681514968404,35816.59166565808,-0.08984931032449865,259,331,15.776646987273125,bayes_h1h2_marginal_boundary,measured_graph,4.7672387969095185e-05,0.0842635292526309,0.010563082702254877,16,h1:h1_z;h2:h2_z
0.005011872336272725,1.0000000000058524,0.9999999999999979,17.51491473701026,H1+H2,35815.85977196763,35815.72253178321,-0.13724018441893068,259,331,17.51491473701026,bayes_h1h2_marginal_boundary,measured_graph,1.9989726905120045e-05,0.08425147661724862,0.010559607468252923,16,h1:h1_z;h2:h2_z
0.006309573444801936,1.0000000000055316,0.9999999999999993,20.026430654819706,H1+H2,35814.66140488282,35814.46677382431,-0.19463105851336257,259,331,20.026430654819706,bayes_h1h2_marginal_boundary,measured_graph,5.694270693976432e-06,0.0842749814766175,0.01055834859414715,16,h1:h1_z;h2:h2_z
0.00794328234724282,1.0000000000052012,1.0000000000000024,23.641977249775664,H1+H2,35812.921022459435,35812.65900052683,-0.26202193260779433,259,331,23.641977249775664,bayes_h1h2_marginal_boundary,measured_graph,9.339683110522053e-07,0.08435361574880075,0.010560092058004414,16,h1:h1_z;h2:h2_z
0.01,1.0000000000048315,0.9999999999999998,28.515374815717223,H1+H2,35810.56171455056,35810.22230174386,-0.3394128067022262,259,331,28.515374815717223,bayes_h1h2_marginal_boundary,measured_graph,8.167465443264006e-08,0.08450685999074424,0.010563994174060688,16,h1:h1_z;h2:h2_z
0.012589254117941675,1.000000000004371,0.9999999999999979,34.5307726097526,H1+H2,35807.64140652764,35807.21460284684,-0.42680368079665804,259,331,34.5307726097526,bayes_h1h2_marginal_boundary,measured_graph,4.0351554623984755e-09,0.08474974932982014,0.010567172838896011,16,h1:h1_z;h2:h2_z
0.01584893192461114,1.0000000000038685,0.9999999999999981,41.3682819026144,H1+H2,35804.3200427553,35803.79584820041,-0.5241945548910899,259,331,41.3682819026144,bayes_h1h2_marginal_boundary,measured_graph,1.3216424930752298e-10,0.08508979493724131,0.010565619797885372,16,h1:h1_z;h2:h2_z
0.01995262314968881,1.0000000000033562,1.0000000000000004,48.77835772377148,H1+H2,35800.72239571882,35800.09081028983,-0.6315854289855218,259,331,48.77835772377148,bayes_h1h2_marginal_boundary,measured_graph,3.2511460060334777e-12,0.085526266224329,0.010556808781940418,16,h1:h1_z;h2:h2_z
0.025118864315095822,1.0000000000028908,0.9999999999999928,56.937286691434565,H1+H2,35796.76032210908,35796.011345806,-0.7489763030799538,259,331,56.937286691434565,bayes_h1h2_marginal_boundary,measured_graph,5.49980839074067e-14,0.0860514057279874,0.010542854910295645,16,h1:h1_z;h2:h2_z
0.03162277660168379,1.0000000000025293,0.9999999999999969,66.6114574947278,H1+H2,35792.05062758153,35791.174260404354,-0.8763671771743852,259,331,66.6114574947278,bayes_h1h2_marginal_boundary,measured_graph,4.361421506942393e-16,0.08665337121920223,0.01053173601662416,16,h1:h1_z;h2:h2_z
0.039810717055349734,1.0000000000022804,0.9999999999999978,78.97761663603887,H1+H2,35786.004938884966,35784.9911808337,-1.0137580512688171,259,331,78.97761663603887,bayes_h1h2_marginal_boundary,measured_graph,9.002242799652805e-19,0.08732128280038876,0.01053523402921948,16,h1:h1_z;h2:h2_z
0.05011872336272725,1.0000000000021225,1.0000000000000058,95.1865931393404,H1+H2,35778.04784150741,35776.88669258205,-1.1611489253632492,259,331,95.1865931393404,bayes_h1h2_marginal_boundary,measured_graph,2.72029620583772e-22,0.08804871700033282,0.010564855598222216,16,h1:h1_z;h2:h2_z
0.06309573444801936,1.000000000002014,0.9999999999999972,115.83566271954624,H1+H2,35767.880697591405,35766.562157791945,-1.3185397994576809,259,331,115.83566271954624,bayes_h1h2_marginal_boundary,measured_graph,8.927455790814391e-27,0.08882664641738425,0.010627956683622734,16,h1:h1_z;h2:h2_z
0.07943282347242822,1.0000000000019105,1.0,140.5357258735312,H1+H2,35755.698056888505,35754.21212621495,-1.4859306735521132,259,331,140.5357258735312,bayes_h1h2_marginal_boundary,measured_graph,3.8652460320459957e-32,0.08962480951480134,0.01072551829022828,16,h1:h1_z;h2:h2_z
0.1,1.0000000000018112,1.0000000000000024,167.8091819218971,H1+H2,35742.238719738416,35740.57539819077,-1.663321547646544,259,331,167.8091819218971,bayes_h1h2_marginal_boundary,measured_graph,4.6219092172224806e-38,0.09037717667668964,0.010852107828437018,16,h1:h1_z;h2:h2_z
1e-05,1.0000000000069074,0.9999999968781267,0.007113925021258183,H1+H2,33268.84040812933,33266.472721545455,-2.3676865838692702,240,299,0.007113925021258183,bayes_h1h2_marginal_boundary,measured_graph,0.17233411678515453,0.08543714330453643,0.005693779375627011,17,h1:h1_z;h2:h2_z
1.2589254117941661e-05,1.0000000000104026,0.9999999992539714,-0.0,H1+H2,33268.63135596593,33266.476278507966,-2.155077457963703,240,299,-0.0,bayes_h1h2_marginal_boundary,measured_graph,0.17294819425569105,0.0854365902721521,0.005693260455737378,17,h1:h1_z;h2:h2_z
1.584893192461114e-05,1.0000000000157838,0.9999999998600793,0.17170310429355595,H1+H2,33268.342895287875,33266.39042695582,-1.952468332058134,240,299,0.17170310429355595,bayes_h1h2_marginal_boundary,measured_graph,0.15871982521753225,0.08543580030176033,0.005693114316155179,17,h1:h1_z;h2:h2_z
1.9952623149688786e-05,1.0000000000241578,0.9999999999786375,0.4934303445916157,H1+H2,33267.989422541825,33266.22956333567,-1.7598592061525666,240,299,0.4934303445916157,bayes_h1h2_marginal_boundary,measured_graph,0.13513535721841086,0.08543466394478666,0.005693190979268006,17,h1:h1_z;h2:h2_z
2.5118864315095822e-05,1.0000000000373743,0.9999999999975181,0.9371001560648438,H1+H2,33267.58497851018,33266.00772842993,-1.5772500802469966,240,299,0.9371001560648438,bayes_h1h2_marginal_boundary,measured_graph,0.10824985381580111,0.08543302412755414,0.005693409637867612,17,h1:h1_z;h2:h2_z
3.1622776601683795e-05,1.0000000000583718,0.9999999999994795,1.4813851182698272,H1+H2,33267.140226903175,33265.73558594883,-1.404640954341429,240,299,1.4813851182698272,bayes_h1h2_marginal_boundary,measured_graph,0.08245886272521592,0.08543066366423603,0.0056937377105881325,17,h1:h1_z;h2:h2_z
3.9810717055349695e-05,1.0000000000908604,0.9999999999999557,2.113685135744163,H1+H2,33266.66146776853,33265.41943594009,-1.2420318284358616,240,299,2.113685135744163,bayes_h1h2_marginal_boundary,measured_graph,0.060108395659035446,0.08542730175697637,0.0056941708347763185,17,h1:h1_z;h2:h2_z
5.011872336272725e-05,1.0000000001366862,0.9999999999998762,2.830173004360404,H1+H2,33266.15061470831,33265.061192005785,-1.089422702530293,240,299,2.830173004360404,bayes_h1h2_marginal_boundary,measured_graph,0.04200991207825438,0.08542261821948495,0.00569472055044619,17,h1:h1_z;h2:h2_z
6.309573444801929e-05,1.0000000001888172,1.0000000000001232,3.6353174551477423,H1+H2,33265.605433357014,33264.65861978039,-0.9468135766247254,240,299,3.6353174551477423,bayes_h1h2_marginal_boundary,measured_graph,0.02808774518801942,0.0854163356502831,0.005695408153021912,17,h1:h1_z;h2:h2_z
7.943282347242822e-05,1.0000000002237812,0.9999999999645863,4.541360902119777,H1+H2,33265.019802507624,33264.205598056906,-0.8142044507191568,240,299,4.541360902119777,bayes_h1h2_marginal_boundary,measured_graph,0.017855501060761253,0.08540838457931407,0.005696261978957556,17,h1:h1_z;h2:h2_z
0.0001,1.0000000002108687,0.999999999994029,5.567415265337331,H1+H2,33264.384166200114,33263.6925708753,-0.6915953248135883,240,299,5.567415265337331,bayes_h1h2_marginal_boundary,measured_graph,0.010689740629293704,0.08539911636312694,0.005697316126700649,17,h1:h1_z;h2:h2_z
0.00012589254117941674,1.0000000001478095,0.999999999999062,6.737289322481956,H1+H2,33263.686620045635,33263.107633846725,-0.5789861989080206,240,299,6.737289322481956,bayes_h1h2_marginal_boundary,measured_graph,0.0059556921924634,0.0853894007391742,0.0056986093183635875,17,h1:h1_z;h2:h2_z
0.00015848931924611142,1.0000000000747475,0.9999999999998338,8.075176790298428,H1+H2,33262.91506718582,33262.43869011282,-0.47637707300245236,240,299,8.075176790298428,bayes_h1h2_marginal_boundary,measured_graph,0.0030507995363563832,0.08538038543966854,0.00570018287015619,17,h1:h1_z;h2:h2_z
0.00019952623149688788,1.0000000000283518,0.9999999999999806,9.599465645485907,H1+H2,33262.06031363232,33261.67654568522,-0.38376794709688455,240,299,9.599465645485907,bayes_h1h2_marginal_boundary,measured_graph,0.001423700220819011,0.08537294515916569,0.0057020766139228235,17,h1:h1_z;h2:h2_z
0.0002511886431509582,1.0000000376705773,0.9999999999999886,11.316783869289793,H1+H2,33261.11904539451,33260.81788657332,-0.30115882119131615,240,299,11.316783869289793,bayes_h1h2_marginal_boundary,measured_graph,0.0006032643178953212,0.0853672532392341,0.005704321127089432,17,h1:h1_z;h2:h2_z
0.00031622776601683794,1.0000000179411552,1.0000000000000029,13.218682743259706,H1+H2,33260.09548683162,33259.866937136336,-0.22854969528574837,240,299,13.218682743259706,bayes_h1h2_marginal_boundary,measured_graph,0.00023308565448686052,0.08536285561358326,0.005706923816050485,17,h1:h1_z;h2:h2_z
0.00039810717055349735,1.0000000103184274,1.0000000000000053,15.280785431037657,H1+H2,33259.001826361826,33258.83588579245,-0.16594056938017995,240,299,15.280785431037657,bayes_h1h2_marginal_boundary,measured_graph,8.312576134286789e-05,0.08535904747971415,0.005709845316138546,17,h1:h1_z;h2:h2_z
0.0005011872336272725,1.000000007436559,1.0000000000000007,17.46100842343003,H1+H2,33257.85910573973,33257.74577429625,-0.11333144347461188,240,299,17.46100842343003,bayes_h1h2_marginal_boundary,measured_graph,2.79451360653235e-05,0.08535519818972451,0.005712961692133114,17,h1:h1_z;h2:h2_z
0.000630957344480193,1.0000000063462293,1.0000000000000007,19.69336521398509,H1+H2,33256.70031821854,33256.62959590097,-0.07072231756904392,240,299,19.69336521398509,bayes_h1h2_marginal_boundary,measured_graph,9.152845059965018e-06,0.08535084287144905,0.005716008292431056,17,h1:h1_z;h2:h2_z
0.0007943282347242822,1.0000000059438168,1.0,21.876487697125413,H1+H2,33255.57614785107,33255.5380346594,-0.03811319166347554,240,299,21.876487697125413,bayes_h1h2_marginal_boundary,measured_graph,3.0725367548293007e-06,0.08534564766608227,0.005718506048207258,17,h1:h1_z;h2:h2_z
0.001,1.0000000058068355,0.9999999999999997,23.860435676033376,H1+H2,33254.561564735704,33254.54606066995,-0.015504065757907535,240,299,23.860435676033376,bayes_h1h2_marginal_boundary,measured_graph,1.1394315930193255e-06,0.08533935341489668,0.005719686999273471,17,h1:h1_z;h2:h2_z
0.0012589254117941675,1.0000000057702025,0.9999999999999992,25.442223294492578,H1+H2,33253.758061800574,33253.75516686072,-0.0028949398523394052,240,299,25.442223294492578,bayes_h1h2_marginal_boundary,measured_graph,5.166630933893716e-07,0.08533174580377548,0.005718471226444424,17,h1:h1_z;h2:h2_z
0.001584893192461114,1.000000005770562,0.9999999999999989,26.389771639893297,H1+H2,33253.28167850197,33253.28139268802,-0.0002858139467712683,240,299,26.389771639893297,bayes_h1h2_marginal_boundary,measured_graph,3.2169916301983673e-07,0.08532266229936647,0.00571359936197597,17,h1:h1_z;h2:h2_z
0.0019952623149688807,1.0000000057853726,1.0,26.51738533595926,H1+H2,33253.22526252803,33253.217585839986,-0.007676688041203171,240,299,26.51738533595926,bayes_h1h2_marginal_boundary,measured_graph,3.018137135402787e-07,0.08531203763066018,0.005704044032487542,17,h1:h1_z;h2:h2_z
0.002511886431509582,1.0000000058086118,1.0000000000000002,25.8112644754583,H1+H2,33253.59571383237,33253.57064627024,-0.025067562135635053,240,299,25.8112644754583,bayes_h1h2_marginal_boundary,measured_graph,4.2960681846046727e-07,0.08529998984805698,0.0056896876514211225,17,h1:h1_z;h2:h2_z
0.0031622776601683794,1.0000000058413716,0.9999999999999997,24.537027261350886,H1+H2,33254.26022331352,33254.20776487729,-0.05245843623006681,240,299,24.537027261350886,bayes_h1h2_marginal_boundary,measured_graph,8.123969064397497e-07,0.08528694168310892,0.005671892507106736,17,h1:h1_z;h2:h2_z
0.003981071705534973,1.0000000058882514,1.0000000000000002,23.208017177908914,H1+H2,33254.962119229334,33254.87226991901,-0.08984931032449865,240,299,23.208017177908914,bayes_h1h2_marginal_boundary,measured_graph,1.5789163929585901e-06,0.08527374667664042,0.0056533142882255055,17,h1:h1_z;h2:h2_z
0.005011872336272725,1.0000000059555498,0.9999999999999994,22.368686052053818,H1+H2,33255.42917566636,33255.29193548194,-0.13724018441893068,240,299,22.368686052053818,bayes_h1h2_marginal_boundary,measured_graph,2.402246514968846e-06,0.08526175304983871,0.005636739069997269,17,h1:h1_z;h2:h2_z
0.006309573444801936,1.0000000060496548,0.9999999999999992,22.336535538415774,H1+H2,33255.50264179727,33255.30801073876,-0.19463105851336257,240,299,22.336535538415774,bayes_h1h2_marginal_boundary,measured_graph,2.441175301451795e-06,0.08525273812239267,0.005623730202279255,17,h1:h1_z;h2:h2_z
0.00794328234724282,1.000000006175765,1.0,23.12637790107692,H1+H2,33255.17511149003,33254.91308955743,-0.26202193260779433,240,299,23.12637790107692,bayes_h1h2_marginal_boundary,measured_graph,1.6447007009076406e-06,0.0852487424813341,0.005614252895819741,17,h1:h1_z;h2:h2_z
0.01,1.0000000063383856,1.0000000000000004,24.632209448711365,H1+H2,33254.49958659031,33254.16017378361,-0.3394128067022262,240,299,24.632209448711365,bayes_h1h2_marginal_boundary,measured_graph,7.746396303326053e-07,0.08525194976714644,0.005607634846176323,17,h1:h1_z;h2:h2_z
0.012589254117941675,1.000000006544594,1.0,26.920686699086218,H1+H2,33253.44273883922,33253.01593515842,-0.42680368079665804,240,299,26.920686699086218,bayes_h1h2_marginal_boundary,measured_graph,2.4669661514344615e-07,0.0852646546630736,0.005604092932166876,17,h1:h1_z;h2:h2_z
0.01584893192461114,1.000000006809059,0.9999999999999992,30.37885962308792,H1+H2,33251.81104325131,33251.28684869642,-0.5241945548910899,240,299,30.37885962308792,bayes_h1h2_marginal_boundary,measured_graph,4.37754361207268e-08,0.08528907817438193,0.005605517643947238,17,h1:h1_z;h2:h2_z
0.01995262314968881,1.0000000071583015,1.0000000000000004,35.542150588255026,H1+H2,33249.336788642824,33248.70520321384,-0.6315854289855218,240,299,35.542150588255026,bayes_h1h2_marginal_boundary,measured_graph,3.311586429213396e-09,0.08532687073646131,0.005614633593787466,17,h1:h1_z;h2:h2_z
0.025118864315095822,1.0000000076326276,0.9999999999999994,42.72719584866718,H1+H2,33245.861656886715,33245.11268058363,-0.7489763030799538,240,299,42.72719584866718,bayes_h1h2_marginal_boundary,measured_graph,9.116399314323194e-11,0.08537879304748192,0.005633145402201661,17,h1:h1_z;h2:h2_z
0.03162277660168379,1.0000000082853997,1.0,51.85170318451128,H1+H2,33241.426794092884,33240.55042691571,-0.8763671771743852,240,299,51.85170318451128,bayes_h1h2_marginal_boundary,measured_graph,9.516160248189648e-13,0.08544544508979267,0.005660773670796457,17,h1:h1_z;h2:h2_z
0.039810717055349734,1.0000000091786823,0.9999999999999997,62.63443296168407,H1+H2,33236.17282007839,33235.15906202712,-1.0137580512688171,240,299,62.63443296168407,bayes_h1h2_marginal_boundary,measured_graph,4.335325654556001e-15,0.0855290426531633,0.005696187716306089,17,h1:h1_z;h2:h2_z
0.05011872336272725,1.000000010372352,0.9999999999999998,74.9253477036109,H1+H2,33230.17475358152,33229.01360465616,-1.1611489253632492,240,299,74.9253477036109,bayes_h1h2_marginal_boundary,measured_graph,9.291450140610327e-18,0.08563466786081564,0.005738675500978344,17,h1:h1_z;h2:h2_z
0.06309573444801936,1.000000011903605,1.0,88.83814326154243,H1+H2,33223.375746676655,33222.057206877194,-1.3185397994576809,240,299,88.83814326154243,bayes_h1h2_marginal_boundary,measured_graph,8.850306910794243e-21,0.08576948158292286,0.005788940704156171,17,h1:h1_z;h2:h2_z
0.07943282347242822,1.0000000137581726,0.9999999999999997,104.66391284961719,H1+H2,33215.63025275671,33214.14432208316,-1.4859306735521132,240,299,104.66391284961719,bayes_h1h2_marginal_boundary,measured_graph,3.2391878103084494e-24,0.08594131169524011,0.005848789769336827,17,h1:h1_z;h2:h2_z
0.1,1.0000000158485096,1.0,122.72588758930215,H1+H2,33206.77665626096,33205.113334713315,-1.663321547646544,240,299,122.72588758930215,bayes_h1h2_marginal_boundary,measured_graph,3.875503635001159e-28,0.08615996442379853,0.005920319403706544,17,h1:h1_z;h2:h2_z
1e-05,1.0000000000007632,0.9999999618977661,0.714123743113305,H1+H2,32646.35984051123,32643.992153927364,-2.3676865838692702,240,291,0.714123743113305,bayes_h1h2_marginal_boundary,measured_graph,0.07280754409197185,0.08007430267939024,0.006889664190837996,18,h1:h1_z;h2:h2_z
1.2589254117941661e-05,1.0000000000025833,0.9999999899823354,0.22421826422214508,H1+H2,32646.392184124772,32644.23710666681,-2.155077457963703,240,291,0.22421826422214508,bayes_h1h2_marginal_boundary,measured_graph,0.09301607399890045,0.0800734568070922,0.006887461208512311,18,h1:h1_z;h2:h2_z
1.584893192461114e-05,1.0000000000082807,0.9999999980016823,-0.0,H1+H2,32646.30168413098,32644.34921579892,-1.952468332058134,240,291,-0.0,bayes_h1h2_marginal_boundary,measured_graph,0.10405102970342031,0.08007218405357448,0.006886259362911716,18,h1:h1_z;h2:h2_z
1.9952623149688786e-05,1.000000000024739,0.9999999996835857,0.004589219592162408,H1+H2,32646.106780395276,32644.346921189124,-1.7598592061525666,240,291,0.004589219592162408,bayes_h1h2_marginal_boundary,measured_graph,0.10381254690848819,0.0800702608355912,0.0068856003946942785,18,h1:h1_z;h2:h2_z
2.5118864315095822e-05,1.0000000000680074,0.999999999959663,0.18895321893069195,H1+H2,32645.831989269704,32644.254739189455,-1.5772500802469966,240,291,0.18895321893069195,bayes_h1h2_marginal_boundary,measured_graph,0.0946707270135918,0.08006735381028281,0.006885189986287261,18,h1:h1_z;h2:h2_z
3.1622776601683795e-05,1.0000000001703595,0.9999999999955107,0.507124229647161,H1+H2,32645.500294638437,32644.095653684097,-1.404640954341429,240,291,0.507124229647161,bayes_h1h2_marginal_boundary,measured_graph,0.08074688085739504,0.08006298228417102,0.006884864445730763,18,h1:h1_z;h2:h2_z
3.9810717055349695e-05,1.000000000384439,0.9999999999997852,0.9227215831851936,H1+H2,32645.129886835763,32643.887855007328,-1.2420318284358616,240,291,0.9227215831851936,bayes_h1h2_marginal_boundary,measured_graph,0.06559638957275062,0.08005649232574072,0.00688453681452895,18,h1:h1_z;h2:h2_z
5.011872336272725e-05,1.0000000007654815,1.000000000000246,1.4100011120390263,H1+H2,32644.733637945432,32643.6442152429,-1.089422702530293,240,291,1.4100011120390263,bayes_h1h2_marginal_boundary,measured_graph,0.05141247735029188,0.08004708202026503,0.006884157199355518,18,h1:h1_z;h2:h2_z
6.309573444801929e-05,1.0000000012970363,0.999999999999484,1.9526601610414218,H1+H2,32644.319699295025,32643.3728857184,-0.9468135766247254,240,291,1.9526601610414218,bayes_h1h2_marginal_boundary,measured_graph,0.03919508547913214,0.08003394785627935,0.006883689883179816,18,h1:h1_z;h2:h2_z
7.943282347242822e-05,1.0000000017727644,0.9999999998127987,2.5422234390935046,H1+H2,32643.892308530092,32643.078104079374,-0.8142044507191568,240,291,2.5422234390935046,bayes_h1h2_marginal_boundary,measured_graph,0.02918835211381431,0.08001662168628292,0.006883101138257179,18,h1:h1_z;h2:h2_z
0.0001,1.0000000018310553,0.999999999967244,3.1765381568257,H1+H2,32643.45254204532,32642.760946720507,-0.6915953248135883,240,291,3.1765381568257,bayes_h1h2_marginal_boundary,measured_graph,0.02125542954246274,0.0799954459509551,0.0068823522957145175,18,h1:h1_z;h2:h2_z
0.00012589254117941674,1.000000001341337,0.9999999999942641,3.8578416958262096,H1+H2,32642.999281149914,32642.420294951007,-0.5789861989080206,240,291,3.8578416958262096,bayes_h1h2_marginal_boundary,measured_graph,0.015119126548315336,0.07997184893453815,0.00688139476982512,18,h1:h1_z;h2:h2_z
0.00015848931924611142,1.0000000006682837,0.999999999999017,4.589099669261486,H1+H2,32642.531043037292,32642.05466596429,-0.47637707300245236,240,291,4.589099669261486,bayes_h1h2_marginal_boundary,measured_graph,0.010489047467207219,0.07994792098504211,0.00688016517730419,18,h1:h1_z;h2:h2_z
0.00019952623149688788,1.0000000002257179,0.9999999999998339,5.367726813899935,H1+H2,32642.049120339067,32641.66535239197,-0.38376794709688455,240,291,5.367726813899935,bayes_h1h2_marginal_boundary,measured_graph,0.007106558158984037,0.0799252963723787,0.006878579467406521,18,h1:h1_z;h2:h2_z
0.0002511886431509582,1.0000000000537514,0.9999999999999881,6.178184307311312,H1+H2,32641.561282466457,32641.260123645265,-0.30115882119131615,240,291,6.178184307311312,bayes_h1h2_marginal_boundary,measured_graph,0.004738825382375289,0.07990420990331196,0.006876525257447977,18,h1:h1_z;h2:h2_z
0.00031622776601683794,1.000000038659327,0.9999999999999938,6.9870968007380725,H1+H2,32641.084217093838,32640.85566739855,-0.22854969528574837,240,291,6.9870968007380725,bayes_h1h2_marginal_boundary,measured_graph,0.003162405741841822,0.07988350263048594,0.0068738517658939674,18,h1:h1_z;h2:h2_z
0.00039810717055349735,1.0000000106413602,1.000000000000001,7.742936356749851,H1+H2,32640.643688189924,32640.477747620545,-0.16594056938017995,240,291,7.742936356749851,bayes_h1h2_marginal_boundary,measured_graph,0.0021671507159696313,0.07986130614898064,0.006870357127835155,18,h1:h1_z;h2:h2_z
0.0005011872336272725,1.0000000027576645,1.0000000000000009,8.378648954632808,H1+H2,32640.273222765078,32640.159891321604,-0.11333144347461188,240,291,8.378648954632808,bayes_h1h2_marginal_boundary,measured_graph,0.0015770515115434698,0.07983562449859985,0.006865774026735466,18,h1:h1_z;h2:h2_z
0.000630957344480193,1.0000000007086338,1.0000000000000087,8.814501508364629,H1+H2,32640.01268736231,32639.941965044738,-0.07072231756904392,240,291,8.814501508364629,bayes_h1h2_marginal_boundary,measured_graph,0.0012682407384864067,0.07980455433791576,0.006859757476024689,18,h1:h1_z;h2:h2_z
0.0007943282347242822,1.000000000189562,1.0000000000000038,8.96112627358525,H1+H2,32639.90676585379,32639.868652662128,-0.03811319166347554,240,291,8.96112627358525,bayes_h1h2_marginal_boundary,measured_graph,0.0011785894148205293,0.07976624392191231,0.006851884841160443,18,h1:h1_z;h2:h2_z
0.001,1.00000000005532,0.9999999999999996,8.726340633525979,H1+H2,32640.001549547917,32639.986045482157,-0.015504065757907535,240,291,8.726340633525979,bayes_h1h2_marginal_boundary,measured_graph,0.0013253958005991098,0.07971882737164755,0.006841689364404816,18,h1:h1_z;h2:h2_z
0.0012589254117941675,1.0000000000183928,1.0000000000000007,8.032410205429187,H1+H2,32640.335905636057,32640.333010696206,-0.0028949398523394052,240,291,8.032410205429187,bayes_h1h2_marginal_boundary,measured_graph,0.0018751269172146328,0.07966047134596513,0.006828762598172343,18,h1:h1_z;h2:h2_z
0.001584893192461114,1.0000000000072042,0.9999999999999988,6.8510377954662545,H1+H2,32640.923982715132,32640.923696901187,-0.0002858139467712683,240,291,6.8510377954662545,bayes_h1h2_marginal_boundary,measured_graph,0.0033850292632143036,0.0795896383024071,0.006812964101764327,18,h1:h1_z;h2:h2_z
0.0019952623149688807,1.000000000003361,1.0000000000000004,5.2567967185459565,H1+H2,32641.72849412769,32641.720817439647,-0.007676688041203171,240,291,5.2567967185459565,bayes_h1h2_marginal_boundary,measured_graph,0.007511859886343564,0.07950567547080108,0.006794733872282595,18,h1:h1_z;h2:h2_z
0.002511886431509582,1.0000000000018316,0.9999999999999998,3.481127563456539,H1+H2,32642.633719579328,32642.608652017192,-0.025067562135635053,240,291,3.481127563456539,bayes_h1h2_marginal_boundary,measured_graph,0.01825278493015414,0.07940980343715502,0.006775384732032633,18,h1:h1_z;h2:h2_z
0.0031622776601683794,1.0000000000011195,1.000000000000002,1.9277909641823499,H1+H2,32643.437778753058,32643.38532031683,-0.05245843623006681,240,291,1.9277909641823499,bayes_h1h2_marginal_boundary,measured_graph,0.03968550338333995,0.0793063631431198,0.006757129076561931,18,h1:h1_z;h2:h2_z
0.003981071705534973,1.0000000000007307,1.0000000000000004,1.1174656602743198,H1+H2,32643.880332279106,32643.790482968783,-0.08984931032449865,240,291,1.1174656602743198,bayes_h1h2_marginal_boundary,measured_graph,0.059510253110456435,0.07920367594756796,0.006742675062978854,18,h1:h1_z;h2:h2_z
0.005011872336272725,1.0000000000004934,1.0,1.5750531779412995,H1+H2,32643.69892939437,32643.56168920995,-0.13724018441893068,240,291,1.5750531779412995,bayes_h1h2_marginal_boundary,measured_graph,0.04733996477767117,0.0791133466648439,0.0067345627030028134,18,h1:h1_z;h2:h2_z
0.006309573444801936,1.0000000000003417,1.0000000000000004,3.7107514594317763,H1+H2,32642.688471127716,32642.493840069204,-0.19463105851336257,240,291,3.7107514594317763,bayes_h1h2_marginal_boundary,measured_graph,0.01627297439661782,0.0790472680773193,0.006734622391665511,18,h1:h1_z;h2:h2_z
0.00794328234724282,1.0000000000002467,0.9999999999999994,7.741929387098935,H1+H2,32640.74027303798,32640.47825110537,-0.26202193260779433,240,291,7.741929387098935,bayes_h1h2_marginal_boundary,measured_graph,0.0021682421181987775,0.07901361265008028,0.0067437657483976985,18,h1:h1_z;h2:h2_z
0.01,1.0000000000001898,1.0000000000000004,13.686303023649089,H1+H2,32637.845477093797,32637.506064287096,-0.3394128067022262,240,291,13.686303023649089,bayes_h1h2_marginal_boundary,measured_graph,0.0001109950067631651,0.07901478413679537,0.006762084278028576,18,h1:h1_z;h2:h2_z
0.012589254117941675,1.0000000000001539,1.0000000000000009,21.42521531925013,H1+H2,32634.06341182009,32633.636608139295,-0.42680368079665804,240,291,21.42521531925013,bayes_h1h2_marginal_boundary,measured_graph,2.316434310805353e-06,0.07904869791839568,0.006789141157809143,18,h1:h1_z;h2:h2_z
0.01584893192461114,1.000000000000133,1.0000000000000007,30.778809502146032,H1+H2,32629.48400560274,32628.959811047847,-0.5241945548910899,240,291,30.778809502146032,bayes_h1h2_marginal_boundary,measured_graph,2.1563180547539776e-08,0.07911151137013252,0.0068242242003608,18,h1:h1_z;h2:h2_z
0.01995262314968881,1.000000000000118,1.0000000000000007,41.52779483394988,H1+H2,32624.21690381093,32623.585318381945,-0.6315854289855218,240,291,41.52779483394988,bayes_h1h2_marginal_boundary,measured_graph,9.990801063724689e-11,0.07919951428828007,0.006866321594337375,18,h1:h1_z;h2:h2_z
0.025118864315095822,1.0000000000001052,1.0000000000000004,53.399505180321285,H1+H2,32618.39843951184,32617.64946320876,-0.7489763030799538,240,291,53.399505180321285,bayes_h1h2_marginal_boundary,measured_graph,2.640530354417858e-13,0.07931005122742503,0.006913949168860554,18,h1:h1_z;h2:h2_z
0.03162277660168379,1.0000000000000944,1.0,66.11034649064095,H1+H2,32612.170409730774,32611.2940425536,-0.8763671771743852,240,291,66.11034649064095,bayes_h1h2_marginal_boundary,measured_graph,4.587404577545964e-16,0.07944245916683383,0.0069653578135128215,18,h1:h1_z;h2:h2_z
0.039810717055349734,1.000000000000085,0.9999999999999998,79.51315145241824,H1+H2,32605.60639812398,32604.59264007271,-1.0137580512688171,240,291,79.51315145241824,bayes_h1h2_marginal_boundary,measured_graph,5.638777071604702e-19,0.07959915824727586,0.0070194493307757086,18,h1:h1_z;h2:h2_z
0.05011872336272725,1.0000000000000746,1.0000000000000004,93.75564864718035,H1+H2,32598.632540400693,32597.47139147533,-1.1611489253632492,240,291,93.75564864718035,bayes_h1h2_marginal_boundary,measured_graph,4.554764793215866e-22,0.07978594057554955,0.007076876286063862,18,h1:h1_z;h2:h2_z
0.06309573444801936,1.0000000000000668,1.0000000000000004,109.26070510681893,H1+H2,32591.037403044968,32589.71886324551,-1.3185397994576809,240,291,109.26070510681893,bayes_h1h2_marginal_boundary,measured_graph,1.95697701139868e-25,0.08001069302024612,0.0071401093561328545,18,h1:h1_z;h2:h2_z
0.07943282347242822,1.0000000000000604,0.9999999999999998,126.45567370890058,H1+H2,32582.607309618023,32581.12137894447,-1.4859306735521132,240,291,126.45567370890058,bayes_h1h2_marginal_boundary,measured_graph,3.611983301283853e-29,0.08028153930998237,0.007211849646405684,18,h1:h1_z;h2:h2_z
0.1,1.0000000000000548,1.0,145.45153819390544,H1+H2,32573.286768249614,32571.623446701968,-1.663321547646544,240,291,145.45153819390544,bayes_h1h2_marginal_boundary,measured_graph,2.709231842870487e-33,0.0806069683457223,0.007292878006521648,18,h1:h1_z;h2:h2_z
1e-05,1.0000000023911038,1.0000000000864622,34.52416610784712,H1+H2,31004.725618587036,31002.357932003168,-2.3676865838692702,236,292,34.52416610784712,bayes_h1h2_marginal_boundary,measured_graph,6.967969799377968e-09,0.15111311813403658,0.05038851110756559,19,h1:h1_z;h2:h2_z
1.2589254117941661e-05,1.0000000058632201,1.0000000002659395,34.07033099565888,H1+H2,31004.739927017225,31002.58484955926,-2.155077457963703,236,292,34.07033099565888,bayes_h1h2_marginal_boundary,measured_graph,8.742895794973752e-09,0.15110308790985338,0.05038319310080793,19,h1:h1_z;h2:h2_z
1.584893192461114e-05,1.0000000153134152,1.0000000007161107,33.62507270342758,H1+H2,31004.759947037437,31002.807478705377,-1.952468332058134,236,292,33.62507270342758,bayes_h1h2_marginal_boundary,measured_graph,1.092299945058588e-08,0.1510880875416174,0.05037544254009425,19,h1:h1_z;h2:h2_z
1.9952623149688786e-05,1.0000000414761172,1.000000001594739,33.1845005422947,H1+H2,31004.787623992095,31003.027764785944,-1.7598592061525666,236,292,33.1845005422947,bayes_h1h2_marginal_boundary,measured_graph,1.3614789813297237e-08,0.1510654642235644,0.05036465079506572,19,h1:h1_z;h2:h2_z
2.5118864315095822e-05,1.0000001130147338,1.0000000027407394,32.744555245983065,H1+H2,31004.82498751435,31003.2477374341,-1.5772500802469966,236,292,32.744555245983065,bayes_h1h2_marginal_boundary,measured_graph,1.6964608758506547e-08,0.15103111095346827,0.050350578473554626,19,h1:h1_z;h2:h2_z
3.1622776601683795e-05,1.0000003018281842,1.0000000033731635,32.30194855226728,H1+H2,31004.8736817353,31003.469040780958,-1.404640954341429,236,292,32.30194855226728,bayes_h1h2_marginal_boundary,measured_graph,2.1166773895412935e-08,0.1509786870543981,0.050333807845566264,19,h1:h1_z;h2:h2_z
3.9810717055349695e-05,1.0000000020922046,1.0000000027786242,31.854419708171918,H1+H2,31004.93483703144,31003.692805203005,-1.2420318284358616,236,292,31.854419708171918,bayes_h1h2_marginal_boundary,measured_graph,2.6474899757974965e-08,0.15089852645534824,0.05031600825168141,19,h1:h1_z;h2:h2_z
5.011872336272725e-05,1.0000000078492495,1.0000000014666557,31.397578755219,H1+H2,31005.010648382013,31003.92122567948,-1.089422702530293,236,292,31.397578755219,bayes_h1h2_marginal_boundary,measured_graph,3.326871885141323e-08,0.150775867626427,0.05029953767001897,19,h1:h1_z;h2:h2_z
6.309573444801929e-05,1.0000000279998478,1.0000000004936758,30.91393061261624,H1+H2,31005.10986332741,31004.163049750783,-0.9468135766247254,236,292,30.91393061261624,bayes_h1h2_marginal_boundary,measured_graph,4.2370046112557665e-08,0.15058896511909517,0.05028636470491516,19,h1:h1_z;h2:h2_z
7.943282347242822e-05,1.0000000933607736,1.0000000001099418,30.355018782742263,H1+H2,31005.25671011644,31004.44250566572,-0.8142044507191568,236,292,30.355018782742263,bayes_h1h2_marginal_boundary,measured_graph,5.6030577466535776e-08,0.15030679836902397,0.05027714911052525,19,h1:h1_z;h2:h2_z
0.0001,1.000000282401455,1.0000000537723905,29.623534488673613,H1+H2,31005.499843137568,31004.808247812754,-0.6915953248135883,236,292,29.623534488673613,bayes_h1h2_marginal_boundary,measured_graph,8.07727547470276e-08,0.14988806374548433,0.05027127481908203,19,h1:h1_z;h2:h2_z
0.00012589254117941674,1.0000007380969143,1.0000000129093276,28.56492770872137,H1+H2,31005.916537401637,31005.33755120273,-0.5789861989080206,236,292,28.56492770872137,bayes_h1h2_marginal_boundary,measured_graph,1.371318819718579e-07,0.14928443792028417,0.050267584143011766,19,h1:h1_z;h2:h2_z
0.00015848931924611142,1.0000015506727158,1.0000000027548943,26.975830962488544,H1+H2,31006.60847664885,31006.132099575847,-0.47637707300245236,236,292,26.975830962488544,bayes_h1h2_marginal_boundary,measured_graph,3.035333466279477e-07,0.14845392762065607,0.05026500963230789,19,h1:h1_z;h2:h2_z
0.00019952623149688788,1.0000023760851884,1.0000000005460843,24.640556579361146,H1+H2,31007.683504714507,31007.29973676741,-0.38376794709688455,236,292,24.640556579361146,bayes_h1h2_marginal_boundary,measured_graph,9.756741515924726e-07,0.14739022448315786,0.05026281499451051,19,h1:h1_z;h2:h2_z
0.0002511886431509582,1.0000023700882328,1.0000000001044522,21.415547812648583,H1+H2,31009.21339997196,31008.912241150767,-0.30115882119131615,236,292,21.415547812648583,bayes_h1h2_marginal_boundary,measured_graph,4.893353099756786e-06,0.14616181227070427,0.05026054735217449,19,h1:h1_z;h2:h2_z
0.00031622776601683794,1.0000013861628407,1.0000000000200013,17.36253293431946,H1+H2,31011.167298285218,31010.93874858993,-0.22854969528574837,236,292,17.36253293431946,bayes_h1h2_marginal_boundary,measured_graph,3.712851278561211e-05,0.14492453485767973,0.05025792265058869,19,h1:h1_z;h2:h2_z
0.00039810717055349735,1.0000004488030674,1.0000000000040066,12.84978060056892,H1+H2,31013.361065326186,31013.195124756807,-0.16594056938017995,236,292,12.84978060056892,bayes_h1h2_marginal_boundary,measured_graph,0.0003545188010648674,0.14386291226470338,0.05025473308424767,19,h1:h1_z;h2:h2_z
0.0005011872336272725,1.000000081795849,1.0000000000008986,8.477023044004454,H1+H2,31015.494834978563,31015.38150353509,-0.11333144347461188,236,292,8.477023044004454,bayes_h1h2_marginal_boundary,measured_graph,0.003156250837253275,0.1430896276352479,0.05025079102396109,19,h1:h1_z;h2:h2_z
0.000630957344480193,1.0000008456940046,1.0000000000002462,4.818378181276785,H1+H2,31017.281548284023,31017.210825966453,-0.07072231756904392,236,292,4.818378181276785,bayes_h1h2_marginal_boundary,measured_graph,0.019662382856862327,0.14260292695024754,0.05024589878456698,19,h1:h1_z;h2:h2_z
0.0007943282347242822,1.000000123330316,1.0000000000000902,2.19470844695752,H1+H2,31018.560774025274,31018.522660833612,-0.03811319166347554,236,292,2.19470844695752,bayes_h1h2_marginal_boundary,measured_graph,0.07300604002786297,0.14233023749529702,0.05023983317232811,19,h1:h1_z;h2:h2_z
0.001,1.0000000157837716,1.0000000000000486,0.6386132322004414,H1+H2,31019.31621250675,31019.30070844099,-0.015504065757907535,236,292,0.6386132322004414,bayes_h1h2_marginal_boundary,measured_graph,0.15895001555406205,0.14219016761768202,0.05023233879270132,19,h1:h1_z;h2:h2_z
0.0012589254117941675,1.000000002044109,1.0000000000000353,-0.0,H1+H2,31019.622909996942,31019.62001505709,-0.0028949398523394052,236,292,-0.0,bayes_h1h2_marginal_boundary,measured_graph,0.21874275426127177,0.14212512228092974,0.05022312855638235,19,h1:h1_z;h2:h2_z
0.001584893192461114,1.0000000003131488,1.0000000000000333,0.07250970221502939,H1+H2,31019.58404601993,31019.583760205984,-0.0002858139467712683,236,292,0.07250970221502939,bayes_h1h2_marginal_boundary,measured_graph,0.21095430587818503,0.1421049316597424,0.050211893062529794,19,h1:h1_z;h2:h2_z
0.0019952623149688807,1.0000000000647613,1.0000000000000373,0.6781510733126197,H1+H2,31019.288616208476,31019.280939520435,-0.007676688041203171,236,292,0.6781510733126197,bayes_h1h2_marginal_boundary,measured_graph,0.15583860130511748,0.14212061880797988,0.05019832290323286,19,h1:h1_z;h2:h2_z
0.002511886431509582,1.000000058864078,1.0000000000000486,1.7112095965785556,H1+H2,31018.789477820937,31018.764410258802,-0.025067562135635053,236,292,1.7112095965785556,bayes_h1h2_marginal_boundary,measured_graph,0.09297137062544578,0.1421789934919123,0.0501821490611469,19,h1:h1_z;h2:h2_z
0.0031622776601683794,1.0000000308447234,1.0000000000000686,3.163490944316436,H1+H2,31018.09072802116,31018.038269584933,-0.05245843623006681,236,292,3.163490944316436,bayes_h1h2_marginal_boundary,measured_graph,0.04497698565937685,0.14230124698519256,0.050163204568810724,19,h1:h1_z;h2:h2_z
0.003981071705534973,1.0000000173929497,1.000000000000104,5.149969248042908,H1+H2,31017.134879743393,31017.04503043307,-0.08984931032449865,236,292,5.149969248042908,bayes_h1h2_marginal_boundary,measured_graph,0.016658353083003296,0.14252541982410505,0.05014150211985753,19,h1:h1_z;h2:h2_z
0.005011872336272725,1.0000000094902513,1.0000000000001648,7.943602478357207,H1+H2,31015.785454002333,31015.648213817913,-0.13724018441893068,236,292,7.943602478357207,bayes_h1h2_marginal_boundary,measured_graph,0.004120997155591198,0.14291216212240326,0.05011730732100054,19,h1:h1_z;h2:h2_z
0.006309573444801936,1.0000000045051909,1.0000000000002676,12.017546182680235,H1+H2,31013.805873024263,31013.61124196575,-0.19463105851336257,236,292,12.017546182680235,bayes_h1h2_marginal_boundary,measured_graph,0.000537473033738325,0.14355270412304205,0.05009118668033531,19,h1:h1_z;h2:h2_z
0.00794328234724282,1.00000000164493,1.0000000000004274,18.082147326756967,H1+H2,31010.84096332632,31010.578941393713,-0.26202193260779433,236,292,18.082147326756967,bayes_h1h2_marginal_boundary,measured_graph,2.590867920253994e-05,0.1445769286464867,0.05006409142625977,19,h1:h1_z;h2:h2_z
0.01,1.000000000405277,1.0000000000006335,27.09252758324874,H1+H2,31006.413164072168,31006.073751265467,-0.3394128067022262,236,292,27.09252758324874,bayes_h1h2_marginal_boundary,measured_graph,2.8632947769079074e-07,0.14615693156502718,0.05003777159762101,19,h1:h1_z;h2:h2_z
0.012589254117941675,1.0000000000954423,1.000000000000814,40.18931958162284,H1+H2,30999.952158947075,30999.52535526628,-0.42680368079665804,236,292,40.18931958162284,bayes_h1h2_marginal_boundary,measured_graph,4.101415924206354e-10,0.1484983750874159,0.050015990288846804,19,h1:h1_z;h2:h2_z
0.01584893192461114,1.000000000172309,1.0000000000008438,58.523913617078506,H1+H2,30990.882252803443,30990.358058248552,-0.5241945548910899,236,292,58.523913617078506,bayes_h1h2_marginal_boundary,measured_graph,4.281809136415481e-14,0.1518105398067514,0.050006382968310704,19,h1:h1_z;h2:h2_z
0.01995262314968881,1.0000000009624475,1.0000000000006604,82.92693298334052,H1+H2,30978.788133994407,30978.15654856542,-0.6315854289855218,236,292,82.92693298334052,bayes_h1h2_marginal_boundary,measured_graph,2.1506957566768727e-19,0.15624930302666187,0.05002103435683258,19,h1:h1_z;h2:h2_z
0.025118864315095822,1.0000000035304961,1.0000000000003775,113.44747092181933,H1+H2,30963.64525589926,30962.89627959618,-0.7489763030799538,236,292,113.44747092181933,bayes_h1h2_marginal_boundary,measured_graph,5.071405911521957e-26,0.16183790286997993,0.050072928173508245,19,h1:h1_z;h2:h2_z
0.03162277660168379,1.0000000080810079,1.0000000000001588,148.96194823733822,H1+H2,30946.015408115596,30945.139040938422,-0.8763671771743852,236,292,148.96194823733822,bayes_h1h2_marginal_boundary,measured_graph,9.845949629197866e-34,0.16839259479835045,0.050168523369498286,19,h1:h1_z;h2:h2_z
0.039810717055349734,1.0000000127926578,1.0000000000000522,187.21233870984724,H1+H2,30927.027603753435,30926.013845702168,-1.0137580512688171,236,292,187.21233870984724,bayes_h1h2_marginal_boundary,measured_graph,4.8673306864317726e-42,0.17550907739073143,0.050302096995843475,19,h1:h1_z;h2:h2_z
0.05011872336272725,1.0000000151022725,1.0000000000000158,225.46337511699676,H1+H2,30908.049476423956,30906.888327498593,-1.1611489253632492,236,292,225.46337511699676,bayes_h1h2_marginal_boundary,measured_graph,2.405380765631303e-50,0.18265933352331007,0.05045746077850248,19,h1:h1_z;h2:h2_z
0.06309573444801936,1.0000000140597773,1.0000000000000047,261.4451425454463,H1+H2,30890.215983583825,30888.897443784368,-1.3185397994576809,236,292,261.4451425454463,bayes_h1h2_marginal_boundary,measured_graph,3.69693923404524e-58,0.18937194628604584,0.05061537118569532,19,h1:h1_z;h2:h2_z
0.07943282347242822,1.000000010828403,1.0000000000000024,293.96259009947244,H1+H2,30874.124650680908,30872.638720007355,-1.4859306735521132,236,292,293.96259009947244,bayes_h1h2_marginal_boundary,measured_graph,3.2119464278912318e-65,0.19538614827865827,0.05076005399285779,19,h1:h1_z;h2:h2_z
0.1,1.000000007180142,1.0000000000000009,322.86236665293836,H1+H2,30859.85215327827,30858.188831730622,-1.663321547646544,236,292,322.86236665293836,bayes_h1h2_marginal_boundary,measured_graph,1.703183928409617e-71,0.20068262785109914,0.05088129491710778,19,h1:h1_z;h2:h2_z
1e-05,1.0000003150340833,1.000000009323921,12.218157635645184,H1+H2,21839.877083854662,21837.509397270795,-2.3676865838692702,172,206,12.218157635645184,bayes_h1h2_marginal_boundary,measured_graph,0.00041328613768537147,0.46455326076530273,0.057469897403102196,20,h1:h1_z;h2:h2_z
1.2589254117941661e-05,1.0000004145787018,1.0000000241444833,11.692133142947569,H1+H2,21839.927486975106,21837.772409517143,-2.155077457963703,172,206,11.692133142947569,bayes_h1h2_marginal_boundary,measured_graph,0.0005376202343180937,0.4645349727627222,0.057444105768868235,20,h1:h1_z;h2:h2_z
1.584893192461114e-05,1.000000521193103,1.0000000512478373,11.1447539165747,H1+H2,21839.99856746239,21838.04609913033,-1.952468332058134,172,206,11.1447539165747,bayes_h1h2_marginal_boundary,measured_graph,0.0007068666540165716,0.46451083337183974,0.05740824912435639,20,h1:h1_z;h2:h2_z
1.9952623149688786e-05,1.0000006239845305,1.0000000833075968,10.568263747896708,H1+H2,21840.09420342082,21838.33434421467,-1.7598592061525666,172,206,10.568263747896708,bayes_h1h2_marginal_boundary,measured_graph,0.0009430196538648347,0.4644786834639903,0.057361647788229005,20,h1:h1_z;h2:h2_z
2.5118864315095822e-05,1.0000000025616058,1.0000000965619487,9.963796534648282,H1+H2,21840.21382790154,21838.636577821293,-1.5772500802469966,172,206,9.963796534648282,bayes_h1h2_marginal_boundary,measured_graph,0.0012757898179866323,0.46443560088379915,0.057306434727533204,20,h1:h1_z;h2:h2_z
3.1622776601683795e-05,1.0000000029344651,1.000000074926779,9.350186723393563,H1+H2,21840.34802368126,21838.94338272692,-1.404640954341429,172,206,9.350186723393563,bayes_h1h2_marginal_boundary,measured_graph,0.001733895060069614,0.4643768093835978,0.057248363407506185,20,h1:h1_z;h2:h2_z
3.9810717055349695e-05,1.000000003385936,1.0000000374439018,8.768102809015545,H1+H2,21840.476456512544,21839.23442468411,-1.2420318284358616,172,206,8.768102809015545,bayes_h1h2_marginal_boundary,measured_graph,0.002319640727209747,0.464295955472278,0.05719530514465584,20,h1:h1_z;h2:h2_z
5.011872336272725e-05,1.0000000040449122,1.000000012050103,8.27121902048384,H1+H2,21840.572289280906,21839.482866578375,-1.089422702530293,172,206,8.27121902048384,bayes_h1h2_marginal_boundary,measured_graph,0.002973840481752179,0.46418352406275326,0.057153563190930665,20,h1:h1_z;h2:h2_z
6.309573444801929e-05,1.0000000051409297,1.0000000026039364,7.903769298442057,H1+H2,21840.61340501602,21839.666591439396,-0.9468135766247254,172,206,7.903769298442057,bayes_h1h2_marginal_boundary,measured_graph,0.003573619937012731,0.4640255623902452,0.05712498413676567,20,h1:h1_z;h2:h2_z
7.943282347242822e-05,1.000000007119738,1.0000000004073282,7.678929135436192,H1+H2,21840.593215971618,21839.7790115209,-0.8142044507191568,172,206,7.678929135436192,bayes_h1h2_marginal_boundary,measured_graph,0.003998819335859477,0.4638016988010885,0.05710734227876707,20,h1:h1_z;h2:h2_z
0.0001,1.0000000109110165,1.000000000050653,7.572342062332609,H1+H2,21840.523900382264,21839.83230505745,-0.6915953248135883,172,206,7.572342062332609,bayes_h1h2_marginal_boundary,measured_graph,0.004217711524014885,0.4634825758293161,0.05709683195429844,20,h1:h1_z;h2:h2_z
0.00012589254117941674,1.0000000184896378,1.0000000246578276,7.529914192658907,H1+H2,21840.432505191195,21839.853518992288,-0.5789861989080206,172,206,7.529914192658907,bayes_h1h2_marginal_boundary,measured_graph,0.0043081415787547825,0.46302700911652683,0.05709009974083018,20,h1:h1_z;h2:h2_z
0.00015848931924611142,1.00000003381382,1.0000000055040492,7.479232508390851,H1+H2,21840.355236907424,21839.87885983442,-0.47637707300245236,172,206,7.479232508390851,bayes_h1h2_marginal_boundary,measured_graph,0.004418708527462461,0.4623800608647098,0.05708490761849142,20,h1:h1_z;h2:h2_z
0.00019952623149688788,1.0000000633577182,1.0000000013396577,7.337592126663367,H1+H2,21840.33344797238,21839.949680025285,-0.38376794709688455,172,206,7.337592126663367,bayes_h1h2_marginal_boundary,measured_graph,0.004742989608125229,0.46147506844300507,0.05707994862546323,20,h1:h1_z;h2:h2_z
0.0002511886431509582,1.000000112338104,1.0000000003975287,7.017597328747797,H1+H2,21840.410836245435,21840.109677424243,-0.30115882119131615,172,206,7.017597328747797,bayes_h1h2_marginal_boundary,measured_graph,0.0055659353888844005,0.46024561183937307,0.057074484387464944,20,h1:h1_z;h2:h2_z
0.00031622776601683794,1.0000001698795096,1.0000000001582603,6.437017636832024,H1+H2,21840.628516965488,21840.3999672702,-0.22854969528574837,172,206,6.437017636832024,bayes_h1h2_marginal_boundary,measured_graph,0.007440625372951554,0.4586554178629846,0.05706806373055372,20,h1:h1_z;h2:h2_z
0.00039810717055349735,1.0000001940140275,1.0000000000862312,5.541499886996462,H1+H2,21841.013666714498,21840.84772614512,-0.16594056938017995,172,206,5.541499886996462,bayes_h1h2_marginal_boundary,measured_graph,0.01164310053400953,0.4567476183657317,0.05706036941360471,20,h1:h1_z;h2:h2_z
0.0005011872336272725,1.000000147909425,1.0000000000600924,4.343585404749319,H1+H2,21841.560014829716,21841.446683386243,-0.11333144347461188,172,206,4.343585404749319,bayes_h1h2_marginal_boundary,measured_graph,0.021193001661185637,0.4546882312896348,0.057051156732983645,20,h1:h1_z;h2:h2_z
0.000630957344480193,1.0000000684810912,1.0000000000490652,2.9620000595605234,H1+H2,21842.208198376407,21842.137476058837,-0.07072231756904392,172,206,2.9620000595605234,bayes_h1h2_marginal_boundary,measured_graph,0.04228632253557439,0.4527448643611633,0.05704025460572535,20,h1:h1_z;h2:h2_z
0.0007943282347242822,1.0000015481511133,1.0000000000436613,1.6198574309892138,H1+H2,21842.846660564785,21842.808547373123,-0.03811319166347554,172,206,1.6198574309892138,bayes_h1h2_marginal_boundary,measured_graph,0.0827260878351535,0.45116888324045284,0.05702761966584816,20,h1:h1_z;h2:h2_z
0.001,1.0000004105385056,1.0000000000408373,0.572709264983132,H1+H2,21843.347625521885,21843.332121456126,-0.015504065757907535,172,206,0.572709264983132,bayes_h1h2_marginal_boundary,measured_graph,0.13964578184468895,0.4500667254209857,0.05701345306052639,20,h1:h1_z;h2:h2_z
0.0012589254117941675,1.0000000963353797,1.0000000000392109,0.008846361328323837,H1+H2,21843.616947847804,21843.614052907953,-0.0028949398523394052,172,206,0.008846361328323837,bayes_h1h2_marginal_boundary,measured_graph,0.18512671537261757,0.449377422031708,0.05699840687832159,20,h1:h1_z;h2:h2_z
0.001584893192461114,1.0000000264948883,1.000000000038331,-0.0,H1+H2,21843.618761902562,21843.618476088617,-0.0002858139467712683,172,206,-0.0,bayes_h1h2_marginal_boundary,measured_graph,0.18594737791182203,0.448961723411347,0.05698392277856518,20,h1:h1_z;h2:h2_z
0.0019952623149688807,1.0000000109135414,1.0000000000380196,0.5313566791810445,H1+H2,21843.360474437068,21843.352797749027,-0.007676688041203171,172,206,0.5313566791810445,bayes_h1h2_marginal_boundary,measured_graph,0.1425631956493385,0.44869078095969195,0.056972753485338354,20,h1:h1_z;h2:h2_z
0.002511886431509582,1.0000000069315689,1.0000000000382663,1.5709965706264484,H1+H2,21842.85804536544,21842.832977803304,-0.025067562135635053,172,206,1.5709965706264484,bayes_h1h2_marginal_boundary,measured_graph,0.08477201138701969,0.4484836258241552,0.056969698016090885,20,h1:h1_z;h2:h2_z
0.0031622776601683794,1.0000000058479463,1.0000000000390652,3.134779795567738,H1+H2,21842.10354462706,21842.051086190833,-0.05245843623006681,172,206,3.134779795567738,bayes_h1h2_marginal_boundary,measured_graph,0.03878656103093707,0.44830699184260614,0.056982491433000236,20,h1:h1_z;h2:h2_z
0.003981071705534973,1.0000000056427387,1.000000000040627,5.3292752023698995,H1+H2,21841.043687797755,21840.953838487432,-0.08984931032449865,172,206,5.3292752023698995,bayes_h1h2_marginal_boundary,measured_graph,0.012946508243067052,0.44816682024438337,0.05702257864328113,20,h1:h1_z;h2:h2_z
0.005011872336272725,1.0000000057610945,1.0000000000431897,8.371277520884178,H1+H2,21839.570077512595,21839.432837328175,-0.13724018441893068,172,206,8.371277520884178,bayes_h1h2_marginal_boundary,measured_graph,0.0028287218281242556,0.4481063388559028,0.057105189528452664,20,h1:h1_z;h2:h2_z
0.006309573444801936,1.000000006085069,1.0000000000470606,12.582385089801392,H1+H2,21837.52191460223,21837.327283543716,-0.19463105851336257,172,206,12.582385089801392,bayes_h1h2_marginal_boundary,measured_graph,0.0003444766997934363,0.44821247168404726,0.05724795029045592,20,h1:h1_z;h2:h2_z
0.00794328234724282,1.0000000066828783,1.0000000000525031,18.35435550985858,H1+H2,21834.703320266297,21834.441298333688,-0.26202193260779433,172,206,18.35435550985858,bayes_h1h2_marginal_boundary,measured_graph,1.9221726797436224e-05,0.4486247766723621,0.057467629176378016,20,h1:h1_z;h2:h2_z
0.01,1.0000000077238325,1.0000000000595908,26.084169030858902,H1+H2,21830.91580437989,21830.576391573188,-0.3394128067022262,172,206,26.084169030858902,bayes_h1h2_marginal_boundary,measured_graph,4.029811399691639e-07,0.4495352287814971,0.05777566679524855,20,h1:h1_z;h2:h2_z
0.012589254117941675,1.000000009414737,1.000000000068022,36.0856428856423,H1+H2,21826.00245832659,21825.575654645796,-0.42680368079665804,172,206,36.0856428856423,bayes_h1h2_marginal_boundary,measured_graph,2.7132653462720184e-09,0.45116354379892476,0.058174279185655584,20,h1:h1_z;h2:h2_z
0.01584893192461114,1.000000011865825,1.000000000076678,48.490354874462355,H1+H2,21819.897493206277,21819.373298651386,-0.5241945548910899,172,206,48.490354874462355,bayes_h1h2_marginal_boundary,measured_graph,5.493426078803448e-12,0.45369577938039396,0.058655085204083336,20,h1:h1_z;h2:h2_z
0.01995262314968881,1.0000000148197437,1.0000000000844471,63.15029381964996,H1+H2,21812.67491460778,21812.043329178792,-0.6315854289855218,172,206,63.15029381964996,bayes_h1h2_marginal_boundary,measured_graph,3.601454981492023e-15,0.4571864553290324,0.05920088550833952,20,h1:h1_z;h2:h2_z
0.025118864315095822,1.0000000174109398,1.0000000000906766,79.56217728724005,H1+H2,21804.586363748076,21803.837387444997,-0.7489763030799538,172,206,79.56217728724005,bayes_h1h2_marginal_boundary,measured_graph,9.83292613202307e-19,0.4614500329154926,0.0597893107670372,20,h1:h1_z;h2:h2_z
0.03162277660168379,1.0000000184841527,1.0000000000962364,96.86300364033377,H1+H2,21796.063341445624,21795.18697426845,-0.8763671771743852,172,206,96.86300364033377,bayes_h1h2_marginal_boundary,measured_graph,1.7212980147526076e-22,0.46600474449464446,0.060396145610158575,20,h1:h1_z;h2:h2_z
0.039810717055349734,1.000000017555012,1.0000000001033265,113.95208193027065,H1+H2,21787.65619317475,21786.642435123482,-1.0137580512688171,172,206,113.95208193027065,bayes_h1h2_marginal_boundary,measured_graph,3.349730493705276e-26,0.47014142037801854,0.06099686694274168,20,h1:h1_z;h2:h2_z
0.05011872336272725,1.0000000152572022,1.0000000001147535,129.7185125123433,H1+H2,21779.92036875781,21778.759219832446,-1.1611489253632492,172,206,129.7185125123433,bayes_h1h2_marginal_boundary,measured_graph,1.2629116405014214e-29,0.4731190824204112,0.06156677980590302,20,h1:h1_z;h2:h2_z
0.06309573444801936,1.0000000126219244,1.0000000001339235,143.26998837262363,H1+H2,21773.302021701762,21771.983481902305,-1.3185397994576809,172,206,143.26998837262363,bayes_h1h2_marginal_boundary,measured_graph,1.4411439814379153e-32,0.47438722670294203,0.062081771082624776,20,h1:h1_z;h2:h2_z
0.07943282347242822,1.0000000102948077,1.000000000165691,154.09137714513054,H1+H2,21768.058718189604,21766.572787516052,-1.4859306735521132,172,206,154.09137714513054,bayes_h1h2_marginal_boundary,measured_graph,6.439804113382252e-35,0.47373223218459337,0.06252132779994918,20,h1:h1_z;h2:h2_z
0.1,1.000000008467011,1.000000000218256,162.14007493086683,H1+H2,21764.21176017083,21762.548438623184,-1.663321547646544,172,206,162.14007493086683,bayes_h1h2_marginal_boundary,measured_graph,1.1511187811140442e-36,0.4713288965669845,0.0628729387630886,20,h1:h1_z;h2:h2_z
1e-05,1.0000000098101907,1.0000011330890048,17.298437919365824,H1+H2,19726.612598256084,19724.244911672216,-2.3676865838692702,149,194,17.298437919365824,bayes_h1h2_marginal_boundary,measured_graph,2.1248135979617317e-05,0.5490553702441697,0.04353763556043966,21,h1:h1_z;h2:h2_z
1.2589254117941661e-05,1.000000012590751,1.0000000447069721,16.242885736406606,H1+H2,19726.92776522166,19724.772687763696,-2.155077457963703,149,194,16.242885736406606,bayes_h1h2_marginal_boundary,measured_graph,3.601895272106329e-05,0.5490463953005194,0.04341061753906077,21,h1:h1_z;h2:h2_z
1.584893192461114e-05,1.0000000158006497,1.0000001293636276,14.90764483922976,H1+H2,19727.392776544344,19725.440308212284,-1.952468332058134,149,194,14.90764483922976,bayes_h1h2_marginal_boundary,measured_graph,7.022228515358538e-05,0.5490335731140319,0.04323554832000121,21,h1:h1_z;h2:h2_z
1.9952623149688786e-05,1.0000000192292506,1.0000002584698586,13.206255861368845,H1+H2,19728.050861907366,19726.291002701215,-1.7598592061525666,149,194,13.206255861368845,bayes_h1h2_marginal_boundary,measured_graph,0.00016440948932563992,0.5490150188608288,0.04301156951095121,21,h1:h1_z;h2:h2_z
2.5118864315095822e-05,1.0000000226975212,1.0000003172597274,11.09246289703151,H1+H2,19728.925149263632,19727.347899183384,-1.5772500802469966,149,194,11.09246289703151,bayes_h1h2_marginal_boundary,measured_graph,0.00047307629896814886,0.5489878435129014,0.0427534332396495,21,h1:h1_z;h2:h2_z
3.1622776601683795e-05,1.000000026209026,1.000000216212975,8.626604107295861,H1+H2,19729.985469532592,19728.58082857825,-1.404640954341429,149,194,8.626604107295861,bayes_h1h2_marginal_boundary,measured_graph,0.0016232507914369382,0.5489475976318943,0.04249367484959668,21,h1:h1_z;h2:h2_z
3.9810717055349695e-05,1.000000030084901,1.0000039364389075,6.025829440513917,H1+H2,19731.123247740077,19729.881215911642,-1.2420318284358616,149,194,6.025829440513917,bayes_h1h2_marginal_boundary,measured_graph,0.005958496197356661,0.5488874067664901,0.04227055327342541,21,h1:h1_z;h2:h2_z
5.011872336272725e-05,1.0000000350948555,1.0000011162255524,3.6228580179886194,H1+H2,19732.172124325436,19731.082701622905,-1.089422702530293,149,194,3.6228580179886194,bayes_h1h2_marginal_boundary,measured_graph,0.01981231758686785,0.5487966358227817,0.04210824946229412,21,h1:h1_z;h2:h2_z
6.309573444801929e-05,1.0000000426997775,1.0000002110342745,1.7326744605961721,H1+H2,19732.974606978227,19732.0277934016,-0.9468135766247254,149,194,1.7326744605961721,bayes_h1h2_marginal_boundary,measured_graph,0.050978074234827676,0.5486588491813277,0.04200701380503119,21,h1:h1_z;h2:h2_z
7.943282347242822e-05,1.0000000556860538,1.000000028822518,0.5250478284215205,H1+H2,19733.445811168407,19732.63160671769,-0.8142044507191568,149,194,0.5250478284215205,bayes_h1h2_marginal_boundary,measured_graph,0.09324299540541106,0.5484487567637734,0.04195192017409889,21,h1:h1_z;h2:h2_z
0.0001,1.000000079783243,1.0000000030885738,-0.0,H1+H2,19733.585725956713,19732.8941306319,-0.6915953248135883,149,194,-0.0,bayes_h1h2_marginal_boundary,measured_graph,0.12123524765825595,0.5481277991301073,0.041925482154831356,21,h1:h1_z;h2:h2_z
0.00012589254117941674,1.0000001275748496,1.0000000002791223,0.04219232151081087,H1+H2,19733.45202067005,19732.873034471144,-0.5789861989080206,149,194,0.04219232151081087,bayes_h1h2_marginal_boundary,measured_graph,0.1187044384239295,0.5476381598613526,0.04191463279964896,21,h1:h1_z;h2:h2_z
0.00015848931924611142,1.000000227386979,1.0000000577824633,0.48810668686928693,H1+H2,19733.126454361467,19732.650077288465,-0.47637707300245236,149,194,0.48810668686928693,bayes_h1h2_marginal_boundary,measured_graph,0.09498125061576661,0.5468956276341017,0.041911628916398186,21,h1:h1_z;h2:h2_z
0.00019952623149688788,1.000000440506912,1.0000000102612523,1.167995380492357,H1+H2,19732.69390088875,19732.310132941653,-0.38376794709688455,149,194,1.167995380492357,bayes_h1h2_marginal_boundary,measured_graph,0.06760859793652398,0.5457835414623627,0.04191249489545451,21,h1:h1_z;h2:h2_z
0.0002511886431509582,1.0000008807129928,1.0000000017796817,1.9205479095762712,H1+H2,19732.235015498303,19731.93385667711,-0.30115882119131615,149,194,1.9205479095762712,bayes_h1h2_marginal_boundary,measured_graph,0.04640739858710409,0.5441540876017703,0.04191534143874052,21,h1:h1_z;h2:h2_z
0.00031622776601683794,1.0000016846862512,1.000000000306586,2.5930687849177048,H1+H2,19731.826145934727,19731.59759623944,-0.22854969528574837,149,194,2.5930687849177048,bayes_h1h2_marginal_boundary,measured_graph,0.033155163333131135,0.5418498966276641,0.04191926586264109,21,h1:h1_z;h2:h2_z
0.00039810717055349735,1.000002809999849,1.0000000000532734,3.0426566457681474,H1+H2,19731.538742878394,19731.372802309015,-0.16594056938017995,149,194,3.0426566457681474,bayes_h1h2_marginal_boundary,measured_graph,0.026480391898017888,0.5387638343369665,0.041923722801475646,21,h1:h1_z;h2:h2_z
0.0005011872336272725,1.0000037074102233,1.000000000009482,3.1536066450789804,H1+H2,19731.430658752834,19731.31732730936,-0.11333144347461188,149,194,3.1536066450789804,bayes_h1h2_marginal_boundary,measured_graph,0.025051395412718988,0.5349411262821527,0.04192817692707435,21,h1:h1_z;h2:h2_z
0.000630957344480193,1.0000035680789696,1.0000000000017542,2.881683365929348,H1+H2,19731.524011266505,19731.453288948935,-0.07072231756904392,149,194,2.881683365929348,bayes_h1h2_marginal_boundary,measured_graph,0.028699829174871187,0.5306726000654132,0.041931889905512165,21,h1:h1_z;h2:h2_z
0.0007943282347242822,1.0000024147859685,1.0000000000003486,2.3128613183216657,H1+H2,19731.7758131644,19731.73769997274,-0.03811319166347554,149,194,2.3128613183216657,bayes_h1h2_marginal_boundary,measured_graph,0.038141472014410566,0.5264644218443844,0.0419337946247402,21,h1:h1_z;h2:h2_z
0.001,1.000001184664527,1.0000000000000755,1.685049063016777,H1+H2,19732.06711016615,19732.05160610039,-0.015504065757907535,149,194,1.685049063016777,bayes_h1h2_marginal_boundary,measured_graph,0.05220656859415402,0.522831628499892,0.0419325109975577,21,h1:h1_z;h2:h2_z
0.0012589254117941675,1.0000004666218698,1.0000000000000189,1.3235136356088333,H1+H2,19732.235268753946,19732.232373814095,-0.0028949398523394052,149,194,1.3235136356088333,bayes_h1h2_marginal_boundary,measured_graph,0.06255061292420538,0.5200600455247533,0.04192666406939302,21,h1:h1_z;h2:h2_z
0.001584893192461114,1.000000172236671,1.0000000000000062,1.5210577175021172,H1+H2,19732.133887587093,19732.13360177315,-0.0002858139467712683,149,194,1.5210577175021172,bayes_h1h2_marginal_boundary,measured_graph,0.056667677976464645,0.5181338795849855,0.04191570244958957,21,h1:h1_z;h2:h2_z
0.0019952623149688807,1.000000069849192,1.000000000000002,2.45524044726335,H1+H2,19731.67418709631,19731.666510408268,-0.007676688041203171,149,194,2.45524044726335,bayes_h1h2_marginal_boundary,measured_graph,0.03552059361029167,0.5168413158906247,0.041901168511136275,21,h1:h1_z;h2:h2_z
0.002511886431509582,1.000000034416119,1.0000000000000009,4.1869597758268355,H1+H2,19730.82571830612,19730.800650743986,-0.025067562135635053,149,194,4.1869597758268355,bayes_h1h2_marginal_boundary,measured_graph,0.014943149474751458,0.5159243208994877,0.04188766943176706,21,h1:h1_z;h2:h2_z
0.0031622776601683794,1.0000000207951334,1.0000000000000004,6.697530653422291,H1+H2,19729.597823741417,19729.545365305188,-0.05245843623006681,149,194,6.697530653422291,bayes_h1h2_marginal_boundary,measured_graph,0.004258715235596282,0.5151693043936557,0.041882164106659105,21,h1:h1_z;h2:h2_z
0.003981071705534973,1.0000016181055638,1.0000000000000009,9.904692104522837,H1+H2,19728.03163388996,19727.941784579638,-0.08984931032449865,149,194,9.904692104522837,bayes_h1h2_marginal_boundary,measured_graph,0.0008567465041102576,0.5144283810120399,0.04189099123972032,21,h1:h1_z;h2:h2_z
0.005011872336272725,1.0000013253063327,1.0000000000000007,13.655792716876022,H1+H2,19726.20347445788,19726.06623427346,-0.13724018441893068,149,194,13.655792716876022,bayes_h1h2_marginal_boundary,measured_graph,0.00013131404891312992,0.5136107910304591,0.041916480874456694,21,h1:h1_z;h2:h2_z
0.006309573444801936,1.0000011068950285,0.9999999999999997,17.7455099386425,H1+H2,19724.21600672109,19724.021375662578,-0.19463105851336257,149,194,17.7455099386425,bayes_h1h2_marginal_boundary,measured_graph,1.6991838886337915e-05,0.5126700420283543,0.04195617024941592,21,h1:h1_z;h2:h2_z
0.00794328234724282,1.0000009241212475,1.0000000000000007,21.97374315543857,H1+H2,19722.16928098679,19721.90725905418,-0.26202193260779433,149,194,21.97374315543857,bayes_h1h2_marginal_boundary,measured_graph,2.051592980149394e-06,0.5116069370739729,0.042005208587602934,21,h1:h1_z;h2:h2_z
0.01,1.0000007590306523,1.0000000000000002,26.201513215972227,H1+H2,19720.132786830614,19719.793374023913,-0.3394128067022262,149,194,26.201513215972227,bayes_h1h2_marginal_boundary,measured_graph,2.477665082279808e-07,0.5104736197043221,0.042058977805703425,21,h1:h1_z;h2:h2_z
0.012589254117941675,1.0000005992362095,1.0000000000000002,30.351914024700818,H1+H2,19718.144977300344,19717.71817361955,-0.42680368079665804,149,194,30.351914024700818,bayes_h1h2_marginal_boundary,measured_graph,3.110244393545571e-08,0.5093664846081254,0.04211296350616991,21,h1:h1_z;h2:h2_z
0.01584893192461114,1.0000004378494456,1.0000000000000007,34.36982396319945,H1+H2,19716.23341320519,19715.7092186503,-0.5241945548910899,149,194,34.36982396319945,bayes_h1h2_marginal_boundary,measured_graph,4.171732553515696e-09,0.5084004534450293,0.042161013275479636,21,h1:h1_z;h2:h2_z
0.01995262314968881,1.000000280335473,0.9999999999999999,38.21015660069679,H1+H2,19714.420637760537,19713.78905233155,-0.6315854289855218,149,194,38.21015660069679,bayes_h1h2_marginal_boundary,measured_graph,6.115033235654928e-10,0.5076708329620238,0.04219627189423677,21,h1:h1_z;h2:h2_z
0.025118864315095822,1.000000146674473,1.0000000000000004,41.89240740901732,H1+H2,19712.69690323047,19711.94792692739,-0.7489763030799538,149,194,41.89240740901732,bayes_h1h2_marginal_boundary,measured_graph,9.700814907481381e-11,0.5072150971639727,0.04221669617538307,21,h1:h1_z;h2:h2_z
0.03162277660168379,1.0000000580935149,1.0000000000000002,45.576615442820184,H1+H2,19710.982190087663,19710.10582291049,-0.8763671771743852,149,194,45.576615442820184,bayes_h1h2_marginal_boundary,measured_graph,1.537420291087837e-11,0.5069843565727605,0.0422316733076524,21,h1:h1_z;h2:h2_z
0.039810717055349734,1.0000000165902627,1.0000000000000004,49.57468369256094,H1+H2,19709.120546836886,19708.10678878562,-1.0137580512688171,149,194,49.57468369256094,bayes_h1h2_marginal_boundary,measured_graph,2.0826827457778797e-12,0.5068244620496594,0.042264198659961956,21,h1:h1_z;h2:h2_z
0.05011872336272725,1.0000000039006343,0.9999999999999999,54.24028299251222,H1+H2,19706.935138061006,19705.773989135643,-1.1611489253632492,149,194,54.24028299251222,bayes_h1h2_marginal_boundary,measured_graph,2.0206965673680667e-13,0.5064655475739944,0.04234539833214908,21,h1:h1_z;h2:h2_z
0.06309573444801936,1.000000001563249,1.0000000000000002,59.76087047863257,H1+H2,19704.33223519204,19703.013695392583,-1.3185397994576809,149,194,59.76087047863257,bayes_h1h2_marginal_boundary,measured_graph,1.2785589676804063e-14,0.5055429091309922,0.04250198819787639,21,h1:h1_z;h2:h2_z
0.07943282347242822,1.0000000025340143,1.0000000000000007,65.98315014706895,H1+H2,19701.388486231917,19699.902555558365,-1.4859306735521132,149,194,65.98315014706895,bayes_h1h2_marginal_boundary,measured_graph,5.695998945647126e-16,0.5036949262532003,0.04274198167539423,21,h1:h1_z;h2:h2_z
0.1,1.000000008568401,1.000000000000001,72.44944407918956,H1+H2,19698.33273013995,19696.669408592305,-1.663321547646544,149,194,72.44944407918956,bayes_h1h2_marginal_boundary,measured_graph,2.246115132064186e-17,0.5007499109439444,0.04304782875583627,21,h1:h1_z;h2:h2_z
1e-05,1.000000000478768,0.9999992628509703,47.090821891324595,H1+H2,32809.413572291436,32807.045885707565,-2.3676865838692702,231,305,47.090821891324595,bayes_h1h2_marginal_boundary,measured_graph,9.291709891377181e-12,0.037080249482608026,0.014944076612844845,22,h1:h1_z;h2:h2_z
1.2589254117941661e-05,1.0000000018441761,0.9999980228701797,45.30384825025976,H1+H2,32810.09444998606,32807.9393725281,-2.155077457963703,231,305,45.30384825025976,bayes_h1h2_marginal_boundary,measured_graph,2.2705550581824327e-11,0.03707645526676634,0.014904636692378664,22,h1:h1_z;h2:h2_z
1.584893192461114e-05,1.0000000069810429,0.9999999278949923,42.958998270958546,H1+H2,32811.0642658498,32809.11179751775,-1.952468332058134,231,305,42.958998270958546,bayes_h1h2_marginal_boundary,measured_graph,7.333473735648025e-11,0.03707034392580078,0.01485277781272739,22,h1:h1_z;h2:h2_z
1.9952623149688786e-05,1.0000000257078134,0.9999998633661595,39.95825215490186,H1+H2,32812.37202978193,32810.612170575776,-1.7598592061525666,231,305,39.95825215490186,bayes_h1h2_marginal_boundary,measured_graph,3.2878612431381916e-10,0.03706057557292509,0.01479063926172312,22,h1:h1_z;h2:h2_z
2.5118864315095822e-05,1.000000090752995,0.9999998417407338,36.32131850969745,H1+H2,32814.00788747863,32812.43063739838,-1.5772500802469966,231,305,36.32131850969745,bayes_h1h2_marginal_boundary,measured_graph,2.0261126468940817e-09,0.03704509359515282,0.014724748317964253,22,h1:h1_z;h2:h2_z
3.1622776601683795e-05,1.000000300882146,0.999999897325027,32.250467094170745,H1+H2,32815.870704060486,32814.46606310614,-1.404640954341429,231,305,32.250467094170745,bayes_h1h2_marginal_boundary,measured_graph,1.5510926525192256e-08,0.03702081550480801,0.014664523812428535,22,h1:h1_z;h2:h2_z
3.9810717055349695e-05,1.0000009116185207,0.999999964009917,28.101635788625572,H1+H2,32817.78251058735,32816.540478758914,-1.2420318284358616,231,305,28.101635788625572,bayes_h1h2_marginal_boundary,measured_graph,1.2346532722747575e-07,0.0369832983386068,0.014617681971920185,22,h1:h1_z;h2:h2_z
5.011872336272725e-05,1.0000000198893912,0.9999990121273177,24.23456782674475,H1+H2,32819.56343544238,32818.474012739855,-1.089422702530293,231,305,24.23456782674475,bayes_h1h2_marginal_boundary,measured_graph,8.536270138016322e-07,0.036926598128205694,0.014586534325189115,22,h1:h1_z;h2:h2_z
6.309573444801929e-05,1.0000000643329758,0.9999997909864262,20.846065673045814,H1+H2,32821.115077393326,32820.168263816704,-0.9468135766247254,231,305,20.846065673045814,bayes_h1h2_marginal_boundary,measured_graph,4.6459233876969185e-06,0.036843544177357954,0.014568459588652946,22,h1:h1_z;h2:h2_z
7.943282347242822e-05,1.0000001587702816,0.9999999681503502,17.90901659837982,H1+H2,32822.450992804756,32821.63678835404,-0.8142044507191568,231,305,17.90901659837982,bayes_h1h2_marginal_boundary,measured_graph,2.0176421730699006e-05,0.03672763366672945,0.014559068742658127,22,h1:h1_z;h2:h2_z
0.0001,1.0000002754077901,0.9999999962518935,15.237177459654049,H1+H2,32823.66430324822,32822.9727079234,-0.6915953248135883,231,305,15.237177459654049,bayes_h1h2_marginal_boundary,measured_graph,7.674085689439279e-05,0.036576849296368584,0.014554568350924486,22,h1:h1_z;h2:h2_z
0.00012589254117941674,1.000000305715188,0.9999999996366047,12.611319462637766,H1+H2,32824.86462312082,32824.28563692191,-0.5789861989080206,231,305,12.611319462637766,bayes_h1h2_marginal_boundary,measured_graph,0.000285249218622902,0.03639899787944464,0.014552518422063137,22,h1:h1_z;h2:h2_z
0.00015848931924611142,1.0000001987501463,0.9999999999692538,9.910683681053342,H1+H2,32826.112331885706,32825.6359548127,-0.47637707300245236,231,305,9.910683681053342,bayes_h1h2_marginal_boundary,measured_graph,0.0011006774581481425,0.03621406255428147,0.01455159436468418,22,h1:h1_z;h2:h2_z
0.00019952623149688788,1.0000000717136224,0.9999999999977535,7.196722491993569,H1+H2,32827.376703354326,32826.99293540723,-0.38376794709688455,231,305,7.196722491993569,bayes_h1h2_marginal_boundary,measured_graph,0.00427552309286459,0.03604765361453223,0.014551147231330133,22,h1:h1_z;h2:h2_z
0.0002511886431509582,1.0000012180154028,0.9999999999998177,4.689524596295087,H1+H2,32828.54769317627,32828.24653435508,-0.30115882119131615,231,305,4.689524596295087,bayes_h1h2_marginal_boundary,measured_graph,0.014976845927094922,0.035917671651690686,0.014550873928997659,22,h1:h1_z;h2:h2_z
0.00031622776601683794,1.0000002407863444,0.9999999989529573,2.6379734063666547,H1+H2,32829.500859645326,32829.27230995004,-0.22854969528574837,231,305,2.6379734063666547,bayes_h1h2_marginal_boundary,measured_graph,0.04177428666200703,0.03582655376804537,0.014550628542446613,22,h1:h1_z;h2:h2_z
0.00039810717055349735,1.0000000352250331,0.9999999998232755,1.1882052949513309,H1+H2,32830.16313457513,32829.99719400575,-0.16594056938017995,231,305,1.1882052949513309,bayes_h1h2_marginal_boundary,measured_graph,0.08624266892503733,0.03576495581539363,0.014550326974354296,22,h1:h1_z;h2:h2_z
0.0005011872336272725,1.0000000041412611,0.9999999999701555,0.34207282787247095,H1+H2,32830.53359168277,32830.42026023929,-0.11333144347461188,231,305,0.34207282787247095,bayes_h1h2_marginal_boundary,measured_graph,0.13166111198241748,0.035720569602391415,0.014549900706958281,22,h1:h1_z;h2:h2_z
0.000630957344480193,1.0000000004223082,0.9999999999949091,-0.0,H1+H2,32830.6620189708,32830.59129665323,-0.07072231756904392,231,305,-0.0,bayes_h1h2_marginal_boundary,measured_graph,0.15622037986843032,0.03568356034875976,0.014549273819986022,22,h1:h1_z;h2:h2_z
0.0007943282347242822,1.0000000000397002,0.9999999999991012,0.02650459013239015,H1+H2,32830.616157549826,32830.57804435816,-0.03811319166347554,231,305,0.02650459013239015,bayes_h1h2_marginal_boundary,measured_graph,0.15416375887233055,0.035647859105895574,0.014548353352446112,22,h1:h1_z;h2:h2_z
0.001,1.00000001902138,0.9999999999998334,0.3003046222147532,H1+H2,32830.456648407875,32830.44114434212,-0.015504065757907535,231,305,0.3003046222147532,bayes_h1h2_marginal_boundary,measured_graph,0.13443964882163323,0.03561052406553019,0.014547035252894268,22,h1:h1_z;h2:h2_z
0.0012589254117941675,1.0000000039440304,0.9999999999999684,0.7453296366875293,H1+H2,32830.22152677474,32830.21863183488,-0.0028949398523394052,231,305,0.7453296366875293,bayes_h1h2_marginal_boundary,measured_graph,0.10761961035162389,0.03557098652858926,0.014545242036252131,22,h1:h1_z;h2:h2_z
0.001584893192461114,1.0000000008641448,0.9999999999999921,1.354696089270874,H1+H2,32829.91423442254,32829.91394860859,-0.0002858139467712683,231,305,1.354696089270874,bayes_h1h2_marginal_boundary,measured_graph,0.07935406363311458,0.03553082008766602,0.014543024136422705,22,h1:h1_z;h2:h2_z
0.0019952623149688807,1.0000000002081786,0.999999999999995,2.2197027495276416,H1+H2,32829.48912196651,32829.48144527846,-0.007676688041203171,231,305,2.2197027495276416,bayes_h1h2_marginal_boundary,measured_graph,0.051491478452676195,0.03549407745093231,0.014540763022332568,22,h1:h1_z;h2:h2_z
0.002511886431509582,1.0000000000577658,1.0000000000000004,3.567523485296988,H1+H2,32828.832602472714,32828.80753491058,-0.025067562135635053,231,305,3.567523485296988,bayes_h1h2_marginal_boundary,measured_graph,0.026245799551702306,0.03546801460388738,0.014539474406699544,22,h1:h1_z;h2:h2_z
0.0031622776601683794,1.0000000000193658,1.0000000000000007,5.796438334393315,H1+H2,32827.74553592226,32827.69307748603,-0.05245843623006681,231,305,5.796438334393315,bayes_h1h2_marginal_boundary,measured_graph,0.008611069567631522,0.03546394640967079,0.014541087648880905,22,h1:h1_z;h2:h2_z
0.003981071705534973,1.0000000000081424,1.0,9.484449685245636,H1+H2,32825.93892112093,32825.849071810604,-0.08984931032449865,231,305,9.484449685245636,bayes_h1h2_marginal_boundary,measured_graph,0.0013621207486323793,0.03549794983329322,0.014548442801157307,22,h1:h1_z;h2:h2_z
0.005011872336272725,1.0000000000042844,1.0000000000000022,15.356634428855614,H1+H2,32823.05021962322,32822.9129794388,-0.13724018441893068,231,305,15.356634428855614,bayes_h1h2_marginal_boundary,measured_graph,7.229144287553222e-05,0.03559130321406215,0.014564840998726238,22,h1:h1_z;h2:h2_z
0.006309573444801936,1.0000000000027438,1.000000000000001,24.229765083626262,H1+H2,32818.671045169925,32818.476414111414,-0.19463105851336257,231,305,24.229765083626262,bayes_h1h2_marginal_boundary,measured_graph,8.556793526626148e-07,0.03577070140796089,0.014593394813195092,22,h1:h1_z;h2:h2_z
0.00794328234724282,1.000000000001998,0.9999999999999992,36.952124219664256,H1+H2,32812.377256476,32812.115234543395,-0.26202193260779433,231,305,36.952124219664256,bayes_h1h2_marginal_boundary,measured_graph,1.4780389124244412e-09,0.03606741168265533,0.014636673909979987,22,h1:h1_z;h2:h2_z
0.01,1.0000000000015727,0.9999999999999997,54.28755379281938,H1+H2,32803.78693256352,32803.44751975682,-0.3394128067022262,231,305,54.28755379281938,bayes_h1h2_marginal_boundary,measured_graph,2.542993003949112e-13,0.03651256091399792,0.014696759991377583,22,h1:h1_z;h2:h2_z
0.012589254117941675,1.0000000000012597,0.9999999999999998,76.67723327127169,H1+H2,32792.67948369839,32792.25268001759,-0.42680368079665804,231,305,76.67723327127169,bayes_h1h2_marginal_boundary,measured_graph,3.495328843918305e-18,0.03712648469578992,0.01477528014097298,22,h1:h1_z;h2:h2_z
0.01584893192461114,1.0000000000009874,1.0000000000000007,103.96748464346456,H1+H2,32779.131748886386,32778.607554331495,-0.5241945548910899,231,305,103.96748464346456,bayes_h1h2_marginal_boundary,measured_graph,4.144625078327035e-24,0.03790656126710401,0.014873025793240164,22,h1:h1_z;h2:h2_z
0.01995262314968881,1.0000000000007316,0.9999999999999997,135.32365661201766,H1+H2,32763.561053776204,32762.929468347218,-0.6315854289855218,231,305,135.32365661201766,bayes_h1h2_marginal_boundary,measured_graph,6.4354514863023865e-31,0.03882303820177173,0.014989203725960626,22,h1:h1_z;h2:h2_z
0.025118864315095822,1.0000000000005005,1.0,169.41413146553532,H1+H2,32746.63320722354,32745.88423092046,-0.7489763030799538,231,305,169.41413146553532,bayes_h1h2_marginal_boundary,measured_graph,2.5463990497911905e-38,0.03982719198605563,0.015120568044512683,22,h1:h1_z;h2:h2_z
0.03162277660168379,1.0000000000003115,0.9999999999999994,204.72648997906072,H1+H2,32729.10441884087,32728.228051663697,-0.8763671771743852,231,305,204.72648997906072,bayes_h1h2_marginal_boundary,measured_graph,5.469469953055668e-46,0.04086677541399279,0.015260705628392743,22,h1:h1_z;h2:h2_z
0.039810717055349734,1.0000000000001812,0.9999999999999992,239.8428740750096,H1+H2,32711.68361766699,32710.669859615722,-1.0137580512688171,231,305,239.8428740750096,bayes_h1h2_marginal_boundary,measured_graph,1.2957443452476764e-53,0.04190011731713198,0.01539994898507305,22,h1:h1_z;h2:h2_z
0.05011872336272725,1.0000000000001017,0.9999999999999992,273.586241166995,H1+H2,32694.959324995092,32693.79817606973,-1.1611489253632492,231,305,273.586241166995,bayes_h1h2_marginal_boundary,measured_graph,6.098741948516366e-61,0.04290179159194834,0.015526486299021616,22,h1:h1_z;h2:h2_z
0.06309573444801936,1.0000000000000595,1.0000000000000007,305.04537591178814,H1+H2,32679.38714849679,32678.068608697333,-1.3185397994576809,231,305,305.04537591178814,bayes_h1h2_marginal_boundary,measured_graph,8.994477613637637e-68,0.04385773130948789,0.01562887816668461,22,h1:h1_z;h2:h2_z
0.07943282347242822,1.0000000000000404,1.0000000000000002,333.5615945355821,H1+H2,32665.29643005899,32663.810499385436,-1.4859306735521132,231,305,333.5615945355821,bayes_h1h2_marginal_boundary,measured_graph,5.7777367288058085e-74,0.04475534620633427,0.015699253305098557,22,h1:h1_z;h2:h2_z
0.1,1.0000000000000326,1.0000000000000004,358.7260801209195,H1+H2,32652.891578140414,32651.228256592767,-1.663321547646544,231,305,358.7260801209195,bayes_h1h2_marginal_boundary,measured_graph,1.983166300071954e-79,0.045577636226938584,0.015735322259837804,22,h1:h1_z;h2:h2_z
1e-05,1.0000000000136102,0.9999999988715833,-0.0,H1+H2,31958.56521376899,31956.197527185122,-2.3676865838692702,252,265,-0.0,bayes_h1h2_marginal_boundary,measured_graph,0.1866505886661573,0.018238923378131593,0.007277613880148636,23,h1:h1_z;h2:h2_z
1.2589254117941661e-05,1.0000000000430453,0.9999999994071717,0.01955744579754537,H1+H2,31958.342825920186,31956.187748462224,-2.155077457963703,252,265,0.01955744579754537,bayes_h1h2_marginal_boundary,measured_graph,0.1848342793469167,0.018238027518182535,0.007276839408865567,23,h1:h1_z;h2:h2_z
1.584893192461114e-05,1.0000000001209357,0.9999999997855289,0.19303310310351662,H1+H2,31958.05347896563,31956.10101063357,-1.952468332058134,252,265,0.19303310310351662,bayes_h1h2_marginal_boundary,measured_graph,0.16947777675828196,0.018236666723878907,0.007276500159269459,23,h1:h1_z;h2:h2_z
1.9952623149688786e-05,1.0000000002851612,0.9999999999433039,0.5257269019930391,H1+H2,31957.694522940277,31955.934663734126,-1.7598592061525666,252,265,0.5257269019930391,bayes_h1h2_marginal_boundary,measured_graph,0.14350572189096825,0.018234716570978297,0.0072765506296619915,23,h1:h1_z;h2:h2_z
2.5118864315095822e-05,1.0000000005274405,0.9999999999888034,1.0162301446762285,H1+H2,31957.266662193033,31955.689412112784,-1.5772500802469966,252,265,1.0162301446762285,bayes_h1h2_marginal_boundary,measured_graph,0.11229432058497704,0.018232128979252565,0.007276913975738321,23,h1:h1_z;h2:h2_z
3.1622776601683795e-05,1.0000000007084966,0.9999999999984139,1.6631139815872302,H1+H2,31956.77061114867,31955.36597019433,-1.404640954341429,252,265,1.6631139815872302,bayes_h1h2_marginal_boundary,measured_graph,0.08126223288098905,0.018229035555854874,0.007277535359021521,23,h1:h1_z;h2:h2_z
3.9810717055349695e-05,1.0000000006420595,0.9999999999997349,2.470846577642078,H1+H2,31956.204135724736,31954.9621038963,-1.2420318284358616,252,265,2.470846577642078,bayes_h1h2_marginal_boundary,measured_graph,0.05426150644965263,0.01822582436513673,0.007278398984205791,23,h1:h1_z;h2:h2_z
5.011872336272725e-05,1.0000000003721785,1.0000000000000233,3.451846518277307,H1+H2,31955.561026628515,31954.471603925984,-1.089422702530293,252,265,3.451846518277307,bayes_h1h2_marginal_boundary,measured_graph,0.03322541516451649,0.018223080321779217,0.007279524480402435,23,h1:h1_z;h2:h2_z
6.309573444801929e-05,1.0000000001359777,0.9999999999999922,4.623658090407844,H1+H2,31954.832511716544,31953.88569813992,-0.9468135766247254,252,265,4.623658090407844,bayes_h1h2_marginal_boundary,measured_graph,0.018493314973595153,0.018221356479795957,0.0072809596581052535,23,h1:h1_z;h2:h2_z
7.943282347242822e-05,1.0000000000323468,0.9999999998544427,6.002892515796702,H1+H2,31954.010285377943,31953.196080927224,-0.8142044507191568,252,265,6.002892515796702,bayes_h1h2_marginal_boundary,measured_graph,0.00927935556822442,0.018220942283425492,0.00728277665238333,23,h1:h1_z;h2:h2_z
0.0001,1.0000000236261957,0.9999999999726015,7.600432324499707,H1+H2,31953.088906347686,31952.397311022873,-0.6915953248135883,252,265,7.600432324499707,bayes_h1h2_marginal_boundary,measured_graph,0.004174615244107364,0.018221837091338625,0.007285072293748249,23,h1:h1_z;h2:h2_z
0.00012589254117941674,1.0000000056927485,0.9999999999951192,9.421937649683969,H1+H2,31952.065544559187,31951.48655836028,-0.5789861989080206,252,265,9.421937649683969,bayes_h1h2_marginal_boundary,measured_graph,0.0016791194756255229,0.018223913734579163,0.0072879719225252245,23,h1:h1_z;h2:h2_z
0.00015848931924611142,1.0000000011930343,0.9999999999991458,11.473351827182341,H1+H2,31950.937228344534,31950.46085127153,-0.47637707300245236,252,265,11.473351827182341,bayes_h1h2_marginal_boundary,measured_graph,0.0006020362892251445,0.01822708892201496,0.007291636042820609,23,h1:h1_z;h2:h2_z
0.00019952623149688788,1.0000000002266352,0.9999999999998499,13.767813078717154,H1+H2,31949.69738859286,31949.313620645764,-0.38376794709688455,252,265,13.767813078717154,bayes_h1h2_marginal_boundary,measured_graph,0.00019115547436341878,0.01823140673512775,0.0072962697987252155,23,h1:h1_z;h2:h2_z
0.0002511886431509582,1.0000000000403144,0.9999999999999734,16.331376192290918,H1+H2,31948.33299791017,31948.031839088977,-0.30115882119131615,252,265,16.331376192290918,bayes_h1h2_marginal_boundary,measured_graph,5.3053749546428636e-05,0.01823705180728113,0.007302135720668635,23,h1:h1_z;h2:h2_z
0.00031622776601683794,1.0000000000068812,0.9999999999999952,19.20725541979482,H1+H2,31946.82244917051,31946.593899475225,-0.22854969528574837,252,265,19.20725541979482,bayes_h1h2_marginal_boundary,measured_graph,1.2595831530279897e-05,0.01824434728271483,0.0073095706101281655,23,h1:h1_z;h2:h2_z
0.00039810717055349735,1.0000000000011529,0.9999999999999991,22.45967431468307,H1+H2,31945.13363059716,31944.96769002778,-0.16594056938017995,252,265,22.45967431468307,bayes_h1h2_marginal_boundary,measured_graph,2.4772683487853223e-06,0.018253766236265182,0.007319007813446146,23,h1:h1_z;h2:h2_z
0.0005011872336272725,1.0000000000001832,1.0000000000000013,26.17855986340146,H1+H2,31943.221578696895,31943.10824725342,-0.11333144347461188,252,265,26.17855986340146,bayes_h1h2_marginal_boundary,measured_graph,3.8585782996597607e-07,0.018265966446881127,0.007331006509318135,23,h1:h1_z;h2:h2_z
0.000630957344480193,1.0000000000000309,0.9999999999999979,30.486069834340014,H1+H2,31941.025214585523,31940.954492267952,-0.07072231756904392,252,265,30.486069834340014,bayes_h1h2_marginal_boundary,measured_graph,4.4777868022541575e-08,0.018281853049617824,0.007346289916572466,23,h1:h1_z;h2:h2_z
0.0007943282347242822,1.000000000000005,0.9999999999999998,35.54572449877742,H1+H2,31938.462778127396,31938.424664935734,-0.03811319166347554,252,265,35.54572449877742,bayes_h1h2_marginal_boundary,measured_graph,3.567577049601569e-09,0.018302676134158466,0.007365794247237723,23,h1:h1_z;h2:h2_z
0.001,0.9999999999999994,0.9999999999999991,41.574734495879966,H1+H2,31935.42566400294,31935.410159937182,-0.015504065757907535,252,265,41.574734495879966,bayes_h1h2_marginal_boundary,measured_graph,1.7506143128031413e-10,0.01833017583116803,0.007390729107640015,23,h1:h1_z;h2:h2_z
0.0012589254117941675,0.9999999999999993,1.0,48.85975395056448,H1+H2,31931.77054514969,31931.76765020984,-0.0028949398523394052,252,265,48.85975395056448,bayes_h1h2_marginal_boundary,measured_graph,4.584253233836283e-12,0.01836679405137394,0.007422646375609309,23,h1:h1_z;h2:h2_z
0.001584893192461114,0.9999999999999997,1.0000000000000004,57.77526394047891,H1+H2,31927.310181028828,31927.309895214883,-0.0002858139467712683,252,265,57.77526394047891,bayes_h1h2_marginal_boundary,measured_graph,5.312393101093423e-14,0.01841597882154429,0.007463505258196496,23,h1:h1_z;h2:h2_z
0.0019952623149688807,1.0000000000000013,1.000000000000001,68.80132748492179,H1+H2,31921.804540130703,31921.79686344266,-0.007676688041203171,252,265,68.80132748492179,bayes_h1h2_marginal_boundary,measured_graph,2.1429445166827993e-16,0.018482611398506987,0.007515700646003271,23,h1:h1_z;h2:h2_z
0.002511886431509582,1.0,1.0000000000000002,82.53240832422307,H1+H2,31914.956390585146,31914.93132302301,-0.025067562135635053,252,265,82.53240832422307,bayes_h1h2_marginal_boundary,measured_graph,2.2353452379080524e-19,0.018573580481843988,0.007581982118141479,23,h1:h1_z;h2:h2_z
0.0031622776601683794,0.9999999999999997,0.9999999999999996,99.66054571662244,H1+H2,31906.41971276304,31906.36725432681,-0.05245843623006681,252,265,99.66054571662244,bayes_h1h2_marginal_boundary,measured_graph,4.2659605001219043e-23,0.018698494386393243,0.00766512828799509,23,h1:h1_z;h2:h2_z
0.003981071705534973,1.0000000000000009,1.0000000000000002,120.90670717953617,H1+H2,31895.834022905678,31895.744173595354,-0.08984931032449865,252,265,120.90670717953617,bayes_h1h2_marginal_boundary,measured_graph,1.03865540961111e-27,0.018870426945225734,0.007767180473384054,23,h1:h1_z;h2:h2_z
0.005011872336272725,0.9999999999999999,1.0000000000000009,146.87406049282436,H1+H2,31882.89773712313,31882.76049693871,-0.13724018441893068,252,265,146.87406049282436,bayes_h1h2_marginal_boundary,measured_graph,2.38634021760272e-33,0.019106384678923536,0.007888084378900782,23,h1:h1_z;h2:h2_z
0.006309573444801936,1.0000000000000013,0.9999999999999996,177.82595219276118,H1+H2,31867.479182147254,31867.284551088742,-0.19463105851336257,252,265,177.82595219276118,bayes_h1h2_marginal_boundary,measured_graph,4.535388303494984e-40,0.019426820613536813,0.008023941911124027,23,h1:h1_z;h2:h2_z
0.00794328234724282,1.0,1.0,213.45728975279053,H1+H2,31849.730904241336,31849.468882308727,-0.26202193260779433,252,265,213.45728975279053,bayes_h1h2_marginal_boundary,measured_graph,8.305539215289133e-48,0.019853075107430757,0.008165840000097707,23,h1:h1_z;h2:h2_z
0.01,0.9999999999999998,1.0,252.78261563540582,H1+H2,31830.14563217412,31829.80621936742,-0.3394128067022262,252,265,252.78261563540582,bayes_h1h2_marginal_boundary,measured_graph,2.3987324936209384e-56,0.020401476695214357,0.008300863342153663,23,h1:h1_z;h2:h2_z
0.012589254117941675,1.0000000000000007,1.0000000000000002,294.21854378981516,H1+H2,31809.51505897101,31809.088255290215,-0.42680368079665804,252,265,294.21854378981516,bayes_h1h2_marginal_boundary,measured_graph,2.411483769218213e-65,0.021073850079768187,0.008416113192812684,23,h1:h1_z;h2:h2_z
0.01584893192461114,1.0000000000000002,0.9999999999999996,335.8177610696075,H1+H2,31788.81284120521,31788.28864665032,-0.5241945548910899,252,265,335.8177610696075,bayes_h1h2_marginal_boundary,measured_graph,2.2342362051128915e-74,0.021847354546823097,0.008503995523595254,23,h1:h1_z;h2:h2_z
0.01995262314968881,1.0,0.9999999999999996,375.6037478677026,H1+H2,31769.027238680257,31768.39565325127,-0.6315854289855218,252,265,375.6037478677026,bayes_h1h2_marginal_boundary,measured_graph,5.125211871129976e-83,0.02267113155929714,0.008565275742001688,23,h1:h1_z;h2:h2_z
0.025118864315095822,1.0000000000000004,1.0,412.03604332463146,H1+H2,31750.928481825886,31750.179505522807,-0.7489763030799538,252,265,412.03604332463146,bayes_h1h2_marginal_boundary,measured_graph,6.28838876912244e-91,0.023477683952938345,0.008608020697806773,23,h1:h1_z;h2:h2_z
0.03162277660168379,1.0000000000000009,1.0,444.48041200680746,H1+H2,31734.833688358893,31733.95732118172,-0.8763671771743852,252,265,444.48041200680746,bayes_h1h2_marginal_boundary,measured_graph,5.666752431456725e-98,0.02420689772595541,0.00864356109576168,23,h1:h1_z;h2:h2_z
0.039810717055349734,0.9999999999999999,1.0,473.307462127872,H1+H2,31720.557554172454,31719.543796121186,-1.0137580512688171,252,265,473.307462127872,bayes_h1h2_marginal_boundary,measured_graph,3.116160664042517e-104,0.0248272237193089,0.00868172138244845,23,h1:h1_z;h2:h2_z
0.05011872336272725,1.0000000000000002,1.0000000000000002,499.4699836230211,H1+H2,31707.623684298975,31706.462535373612,-1.1611489253632492,252,265,499.4699836230211,bayes_h1h2_marginal_boundary,measured_graph,6.493823523906026e-110,0.025339919354493083,0.008727256763829325,23,h1:h1_z;h2:h2_z
0.06309573444801936,1.0000000000000004,1.0,523.9158208191584,H1+H2,31695.558156575,31694.239616775543,-1.3185397994576809,252,265,523.9158208191584,bayes_h1h2_marginal_boundary,measured_graph,3.1926725785570246e-115,0.025767981775743905,0.008778920323196245,23,h1:h1_z;h2:h2_z
0.07943282347242822,1.0000000000000002,0.9999999999999998,547.2467349426079,H1+H2,31684.06009038737,31682.57415971382,-1.4859306735521132,252,265,547.2467349426079,bayes_h1h2_marginal_boundary,measured_graph,2.7410108293962817e-120,0.026140868948557376,0.008831325201624553,23,h1:h1_z;h2:h2_z
0.1,1.0,1.0000000000000004,569.6743728806614,H1+H2,31673.02366229244,31671.36034074479,-1.663321547646544,252,265,569.6743728806614,bayes_h1h2_marginal_boundary,measured_graph,3.6966731412162615e-125,0.02648251734615409,0.00887823111170015,23,h1:h1_z;h2:h2_z
1e-05,1.0000011182219164,0.9999997959951231,43.129529355421255,H1+H2,31018.099092169243,31015.731405585375,-2.3676865838692702,248,249,43.129529355421255,bayes_h1h2_marginal_boundary,measured_graph,9.657051511438732e-11,0.01751551147678196,0.006891439083929708,24,h1:h1_z;h2:h2_z
1.2589254117941661e-05,1.000002006630766,0.9999999652612327,37.73116763312282,H1+H2,31020.585663904487,31018.430586446524,-2.155077457963703,248,249,37.73116763312282,bayes_h1h2_marginal_boundary,measured_graph,1.4357667832590077e-09,0.017359085615462275,0.006888944050887546,24,h1:h1_z;h2:h2_z
1.584893192461114e-05,1.0000021119665827,0.9999999952143163,31.56808793691016,H1+H2,31023.46459462669,31021.51212629463,-1.952468332058134,248,249,31.56808793691016,bayes_h1h2_marginal_boundary,measured_graph,3.1288133314961063e-08,0.017183980777730982,0.006887882398256741,24,h1:h1_z;h2:h2_z
1.9952623149688786e-05,1.0000011830465398,0.999999999445334,24.762007676377834,H1+H2,31026.675025631048,31024.915166424897,-1.7598592061525666,248,249,24.762007676377834,bayes_h1h2_marginal_boundary,measured_graph,9.403752790350846e-07,0.01701539242991311,0.006887515781402065,24,h1:h1_z;h2:h2_z
2.5118864315095822e-05,1.000000341747582,0.9999999999451145,17.854098268187954,H1+H2,31029.94637120924,31028.36912112899,-1.5772500802469966,248,249,17.854098268187954,bayes_h1h2_marginal_boundary,measured_graph,2.9739569150479748e-05,0.016878462596087992,0.006887483112679046,24,h1:h1_z;h2:h2_z
3.1622776601683795e-05,1.0000028661363005,0.9999999999957759,11.599585621595907,H1+H2,31032.90101840663,31031.496377452288,-1.404640954341429,248,249,11.599585621595907,bayes_h1h2_marginal_boundary,measured_graph,0.0006783984346202192,0.016784289638885105,0.006887625259634949,24,h1:h1_z;h2:h2_z
3.9810717055349695e-05,1.0000004737745918,0.9999999999991661,6.600726977914746,H1+H2,31035.237838602563,31033.995806774128,-1.2420318284358616,248,249,6.600726977914746,bayes_h1h2_marginal_boundary,measured_graph,0.008259869760173233,0.016728259210531542,0.006887881254466496,24,h1:h1_z;h2:h2_z
5.011872336272725e-05,1.0000000581538235,0.9999999999998593,3.096698076224129,H1+H2,31036.837243927504,31035.747821224973,-1.089422702530293,248,249,3.096698076224129,bayes_h1h2_marginal_boundary,measured_graph,0.04762811655211935,0.01669842988822935,0.006888236289346168,24,h1:h1_z;h2:h2_z
6.309573444801929e-05,1.000000005744052,1.000000000000267,1.0024316377748619,H1+H2,31037.741768020824,31036.794954444198,-0.9468135766247254,248,249,1.0024316377748619,bayes_h1h2_marginal_boundary,measured_graph,0.13571491738510616,0.016683706178462862,0.006888698386001512,24,h1:h1_z;h2:h2_z
7.943282347242822e-05,1.0000000004886793,0.9999999998531689,0.06527872203150764,H1+H2,31038.07773535279,31037.26353090207,-0.8142044507191568,248,249,0.06527872203150764,bayes_h1h2_marginal_boundary,measured_graph,0.21683418734008914,0.016676646110377686,0.006889289122117707,24,h1:h1_z;h2:h2_z
0.0001,1.0000000806037315,0.9999999999752672,-0.0,H1+H2,31037.9877655879,31037.296170263086,-0.6915953248135883,248,249,-0.0,bayes_h1h2_marginal_boundary,measured_graph,0.224028283348386,0.0166731001122165,0.006890040961366762,24,h1:h1_z;h2:h2_z
0.00012589254117941674,1.0000000138674905,0.9999999999959336,0.5600613887509098,H1+H2,31037.595125767617,31037.01613956871,-0.5789861989080206,248,249,0.5600613887509098,bayes_h1h2_marginal_boundary,measured_graph,0.16931173718315765,0.016671000434376467,0.006890997858576221,24,h1:h1_z;h2:h2_z
0.00015848931924611142,1.00000000232209,0.9999999999992734,1.559466955535754,H1+H2,31036.99281385832,31036.516436785318,-0.47637707300245236,248,249,1.559466955535754,bayes_h1h2_marginal_boundary,measured_graph,0.10272328618070996,0.016669372050691827,0.00689221783449094,24,h1:h1_z;h2:h2_z
0.00019952623149688788,1.000000000382398,0.9999999999998849,2.8695906201028265,H1+H2,31036.24514290013,31035.861374953034,-0.38376794709688455,248,249,2.8695906201028265,bayes_h1h2_marginal_boundary,measured_graph,0.053355496455245253,0.016667759512050632,0.0068937772335398665,24,h1:h1_z;h2:h2_z
0.0002511886431509582,1.000000000062502,0.9999999999999756,4.407963315177767,H1+H2,31035.39334742669,31035.092188605497,-0.30115882119131615,248,249,4.407963315177767,bayes_h1h2_marginal_boundary,measured_graph,0.024724401012848195,0.016665932981569993,0.006895776871082587,24,h1:h1_z;h2:h2_z
0.00031622776601683794,1.0000000000101936,0.9999999999999938,6.127038092221483,H1+H2,31034.46120091226,31034.232651216975,-0.22854969528574837,248,249,6.127038092221483,bayes_h1h2_marginal_boundary,measured_graph,0.01046727017610988,0.016663754812579284,0.0068983506176268465,24,h1:h1_z;h2:h2_z
0.00039810717055349735,1.0000000000016935,1.000000000000017,8.005819001133204,H1+H2,31033.459201331898,31033.29326076252,-0.16594056938017995,248,249,8.005819001133204,bayes_h1h2_marginal_boundary,measured_graph,0.004091300164893624,0.016661123195594953,0.006901677221144649,24,h1:h1_z;h2:h2_z
0.0005011872336272725,1.0000000000002904,0.999999999999984,10.044874134160636,H1+H2,31032.38706463948,31032.273733196005,-0.11333144347461188,248,249,10.044874134160636,bayes_h1h2_marginal_boundary,measured_graph,0.0014759992849871684,0.01665795263925007,0.006905996337491819,24,h1:h1_z;h2:h2_z
0.000630957344480193,1.0000000000000593,1.0000000000000007,12.264486458472675,H1+H2,31031.23464935142,31031.16392703385,-0.07072231756904392,248,249,12.264486458472675,bayes_h1h2_marginal_boundary,measured_graph,0.0004865230883550847,0.016654174237996738,0.006911629658912065,24,h1:h1_z;h2:h2_z
0.0007943282347242822,1.0000000000000189,0.9999999999999972,14.70551153771521,H1+H2,31029.98152768589,31029.943414494228,-0.03811319166347554,248,249,14.70551153771521,bayes_h1h2_marginal_boundary,measured_graph,0.00014356269215963437,0.01664975098998804,0.0069190072744341555,24,h1:h1_z;h2:h2_z
0.001,0.9999999999999939,0.9999999999999991,17.432417192365392,H1+H2,31028.595465732662,31028.579961666903,-0.015504065757907535,248,249,17.432417192365392,bayes_h1h2_marginal_boundary,measured_graph,3.67199054784204e-05,0.016644710582104753,0.006928697040702927,24,h1:h1_z;h2:h2_z
0.0012589254117941675,1.0000000000000049,0.9999999999999974,20.53758122887666,H1+H2,31027.0302745885,31027.027379648647,-0.0028949398523394052,248,249,20.53758122887666,bayes_h1h2_marginal_boundary,measured_graph,7.773627952618897e-06,0.016639203639748027,0.006941429060424719,24,h1:h1_z;h2:h2_z
0.001584893192461114,0.9999999999999961,0.9999999999999998,24.144859884479956,H1+H2,31025.22402613479,31025.223740320846,-0.0002858139467712683,248,249,24.144859884479956,bayes_h1h2_marginal_boundary,measured_graph,1.2803041227065658e-06,0.01663360142526697,0.006958095786747472,24,h1:h1_z;h2:h2_z
0.0019952623149688807,0.9999999999999974,0.9999999999999991,28.408615895146795,H1+H2,31023.099539003553,31023.091862315512,-0.007676688041203171,248,249,28.408615895146795,bayes_h1h2_marginal_boundary,measured_graph,1.5186241086318676e-07,0.016628654187883,0.0069796889396715744,24,h1:h1_z;h2:h2_z
0.002511886431509582,1.0000000000000004,0.9999999999999987,33.50240866171225,H1+H2,31020.570033494365,31020.54496593223,-0.025067562135635053,248,249,33.50240866171225,bayes_h1h2_marginal_boundary,measured_graph,1.1894528874378748e-08,0.016625739029552052,0.00700711262537222,24,h1:h1_z;h2:h2_z
0.0031622776601683794,0.9999999999999979,0.9999999999999987,39.59276053048961,H1+H2,31017.55224843407,31017.49978999784,-0.05245843623006681,248,249,39.59276053048961,bayes_h1h2_marginal_boundary,measured_graph,5.660361132713131e-10,0.016627229820550146,0.00704081502271204,24,h1:h1_z;h2:h2_z
0.003981071705534973,0.9999999999999996,1.0000000000000013,46.80427486549888,H1+H2,31013.98388214066,31013.894032830336,-0.08984931032449865,248,249,46.80427486549888,bayes_h1h2_marginal_boundary,measured_graph,1.5377427893980175e-11,0.01663700902097761,0.0070802699415837425,24,h1:h1_z;h2:h2_z
0.005011872336272725,0.9999999999999998,1.0000000000000004,55.20602870283619,H1+H2,31009.830396096087,31009.693155911667,-0.13724018441893068,248,249,55.20602870283619,bayes_h1h2_marginal_boundary,measured_graph,2.30391278262759e-13,0.016661086762894465,0.0071235605163487686,24,h1:h1_z;h2:h2_z
0.006309573444801936,0.9999999999999992,1.0000000000000004,64.86406316579087,H1+H2,31005.0587697387,31004.86413868019,-0.19463105851336257,248,249,64.86406316579087,bayes_h1h2_marginal_boundary,measured_graph,1.8418340507035545e-15,0.016708161692654648,0.007167524200472417,24,h1:h1_z;h2:h2_z
0.00794328234724282,1.0000000000000002,0.9999999999999996,75.9616392430471,H1+H2,30999.57737257417,30999.315350641562,-0.26202193260779433,248,249,75.9616392430471,bayes_h1h2_marginal_boundary,measured_graph,7.168734087715581e-18,0.016789748688920417,0.007208693039894245,24,h1:h1_z;h2:h2_z
0.01,0.9999999999999989,1.0000000000000013,88.89009177533444,H1+H2,30993.19053718212,30992.85112437542,-0.3394128067022262,248,249,88.89009177533444,bayes_h1h2_marginal_boundary,measured_graph,1.1170295807599154e-20,0.016919341228574362,0.007244509948433374,24,h1:h1_z;h2:h2_z
0.012589254117941675,1.000000000000001,1.0000000000000002,104.1896733186295,H1+H2,30985.628137284566,30985.20133360377,-0.42680368079665804,248,249,104.1896733186295,bayes_h1h2_marginal_boundary,measured_graph,5.3186664380576226e-24,0.017110287003016283,0.007273937158308363,24,h1:h1_z;h2:h2_z
0.01584893192461114,1.0000000000000022,0.9999999999999991,122.3610938051861,H1+H2,30976.639817915384,30976.115623360492,-0.5241945548910899,248,249,122.3610938051861,bayes_h1h2_marginal_boundary,measured_graph,6.024609904204899e-28,0.017372845382921318,0.007297319090719171,24,h1:h1_z;h2:h2_z
0.01995262314968881,1.000000000000001,0.9999999999999998,143.71202044782694,H1+H2,30966.071745468158,30965.440160039172,-0.6315854289855218,248,249,143.71202044782694,bayes_h1h2_marginal_boundary,measured_graph,1.391983602105609e-32,0.01771177799868557,0.007316164262683126,24,h1:h1_z;h2:h2_z
0.025118864315095822,0.9999999999999994,0.9999999999999988,168.34987107231427,H1+H2,30953.870211030007,30953.12123472693,-0.7489763030799538,248,249,168.34987107231427,bayes_h1h2_marginal_boundary,measured_graph,6.217171294260989e-38,0.0181256383295989,0.007333226127735902,24,h1:h1_z;h2:h2_z
0.03162277660168379,0.9999999999999998,1.0,196.23872417320672,H1+H2,30940.053175353656,30939.176808176482,-0.8763671771743852,248,249,196.23872417320672,bayes_h1h2_marginal_boundary,measured_graph,5.465190804823828e-44,0.018607196342848957,0.007352487345074481,24,h1:h1_z;h2:h2_z
0.039810717055349734,1.0000000000000013,1.0000000000000009,227.14258127102948,H1+H2,30924.738637678838,30923.72487962757,-1.0137580512688171,248,249,227.14258127102948,bayes_h1h2_marginal_boundary,measured_graph,1.0639421764892515e-50,0.01914316735303757,0.007378399888954519,24,h1:h1_z;h2:h2_z
0.05011872336272725,1.0000000000000002,1.0000000000000004,260.44510892146354,H1+H2,30908.234764727717,30907.073615802354,-1.1611489253632492,248,249,260.44510892146354,bayes_h1h2_marginal_boundary,measured_graph,6.242607494287203e-58,0.019713361645327904,0.007414293118989114,24,h1:h1_z;h2:h2_z
0.06309573444801936,1.0000000000000013,1.0,295.0693457537345,H1+H2,30891.080037185675,30889.76149738622,-1.3185397994576809,248,249,295.0693457537345,bayes_h1h2_marginal_boundary,measured_graph,1.8915095190072878e-65,0.020292034064519356,0.007460835953661365,24,h1:h1_z;h2:h2_z
0.07943282347242822,0.9999999999999998,1.0000000000000002,329.65908522378595,H1+H2,30873.952558324745,30872.466627651193,-1.4859306735521132,248,249,329.65908522378595,bayes_h1h2_marginal_boundary,measured_graph,5.830986555377617e-73,0.020852498768978173,0.0075157482265241675,24,h1:h1_z;h2:h2_z
0.1,1.0,0.9999999999999996,362.90260818485694,H1+H2,30857.508187718304,30855.844866170657,-1.663321547646544,248,249,362.90260818485694,bayes_h1h2_marginal_boundary,measured_graph,3.523731019369293e-80,0.02137219802262709,0.007574980380417713,24,h1:h1_z;h2:h2_z
1e-05,1.0000006218114008,0.9999984575193428,289.4725985381956,H1+H2,26438.95953640811,26436.591849824243,-2.3676865838692702,212,221,289.4725985381956,bayes_h1h2_marginal_boundary,measured_graph,6.9758561900763e-64,0.04806794030721311,0.009614355569682301,25,h1:h1_z;h2:h2_z
1.2589254117941661e-05,1.000003257240261,0.9999984401705777,263.0286077837518,H1+H2,26451.968922659427,26449.813845201465,-2.155077457963703,212,221,263.0286077837518,bayes_h1h2_marginal_boundary,measured_graph,3.853338404789723e-58,0.04785261072089445,0.009465139292396028,25,h1:h1_z;h2:h2_z
1.584893192461114e-05,1.000000558537462,0.9999967701141973,241.37249349952617,H1+H2,26462.594370675637,26460.641902343577,-1.952468332058134,212,221,241.37249349952617,bayes_h1h2_marginal_boundary,measured_graph,1.9426860316042703e-53,0.04751712810195319,0.00939093702309243,25,h1:h1_z;h2:h2_z
1.9952623149688786e-05,1.000003478356226,0.9999997886237707,223.9642024153727,H1+H2,26471.105907091805,26469.346047885654,-1.7598592061525666,212,221,223.9642024153727,bayes_h1h2_marginal_boundary,measured_graph,1.1710218432469556e-49,0.046999140694365754,0.009356463942316902,25,h1:h1_z;h2:h2_z
2.5118864315095822e-05,1.0000014032690498,0.9999999893976677,209.14396302999376,H1+H2,26478.333417658592,26476.756167578344,-1.5772500802469966,212,221,209.14396302999376,bayes_h1h2_marginal_boundary,measured_graph,1.9352589690238817e-46,0.04621453515584219,0.009341265160129146,25,h1:h1_z;h2:h2_z
3.1622776601683795e-05,1.0000070066747764,0.9999997788393843,194.7817719908344,H1+H2,26485.341904052264,26483.937263097923,-1.404640954341429,212,221,194.7817719908344,bayes_h1h2_marginal_boundary,measured_graph,2.5436025228303653e-43,0.04506794711903242,0.009334859925524769,25,h1:h1_z;h2:h2_z
3.9810717055349695e-05,1.0000195245582535,0.9999999812811311,178.61247351190104,H1+H2,26493.263944165825,26492.02191233739,-1.2420318284358616,212,221,178.61247351190104,bayes_h1h2_marginal_boundary,measured_graph,8.252163040671483e-40,0.04350876342308659,0.009332311813713925,25,h1:h1_z;h2:h2_z
5.011872336272725e-05,1.0000227511571198,0.9999999985444278,158.69901907708845,H1+H2,26503.068062257327,26501.978639554796,-1.089422702530293,212,221,158.69901907708845,bayes_h1h2_marginal_boundary,measured_graph,1.7406821996741023e-35,0.04165775684393354,0.009331427778496335,25,h1:h1_z;h2:h2_z
6.309573444801929e-05,1.000008466628648,0.9999999999049773,134.58531316251901,H1+H2,26514.982306088707,26514.03549251208,-0.9468135766247254,212,221,134.58531316251901,bayes_h1h2_marginal_boundary,measured_graph,2.9987771757207512e-30,0.03988353091953701,0.009331269921123674,25,h1:h1_z;h2:h2_z
7.943282347242822e-05,1.0000090218939233,1.0000000000086073,108.48472679153201,H1+H2,26527.899990148293,26527.085785697574,-0.8142044507191568,212,221,108.48472679153201,bayes_h1h2_marginal_boundary,measured_graph,1.3951294755901555e-24,0.03855561389463001,0.009331452442729891,25,h1:h1_z;h2:h2_z
0.0001,1.0000098143567773,1.0000000000042837,84.1471145660471,H1+H2,26539.94618713513,26539.254591810317,-0.6915953248135883,212,221,84.1471145660471,bayes_h1h2_marginal_boundary,measured_graph,2.688189376595493e-19,0.03774587951678329,0.00933182293338814,25,h1:h1_z;h2:h2_z
0.00012589254117941674,1.0000006975712072,1.0000000000018543,64.28737797377107,H1+H2,26549.763446305362,26549.184460106455,-0.5789861989080206,212,221,64.28737797377107,bayes_h1h2_marginal_boundary,measured_graph,5.520099011221073e-15,0.03731454538941161,0.009332324314318347,25,h1:h1_z;h2:h2_z
0.00015848931924611142,1.0000022101549881,0.9999999993748985,49.677087071118876,H1+H2,26556.965982630783,26556.48960555778,-0.47637707300245236,212,221,49.677087071118876,bayes_h1h2_marginal_boundary,measured_graph,8.213556076124669e-12,0.037102696779773015,0.009332934962271456,25,h1:h1_z;h2:h2_z
0.00019952623149688788,1.0000001960144036,0.9999999998968462,39.77573439927801,H1+H2,26561.824049840798,26561.4402818937,-0.38376794709688455,212,221,39.77573439927801,bayes_h1h2_marginal_boundary,measured_graph,1.160332992270363e-09,0.03700305825787237,0.009333640352952415,25,h1:h1_z;h2:h2_z
0.0002511886431509582,1.0000000155171684,0.9999999999812476,33.552348158627865,H1+H2,26564.85313383522,26564.551975014027,-0.30115882119131615,212,221,33.552348158627865,bayes_h1h2_marginal_boundary,measured_graph,2.6059962860726486e-08,0.036955682732586224,0.009334415204768333,25,h1:h1_z;h2:h2_z
0.00031622776601683794,1.0000000011506245,0.9999999999974216,29.97144381317048,H1+H2,26566.57097688204,26566.342427186755,-0.22854969528574837,212,221,29.97144381317048,bayes_h1h2_marginal_boundary,measured_graph,1.5615550212814323e-07,0.03693063353187531,0.009335205633400111,25,h1:h1_z;h2:h2_z
0.00039810717055349735,1.0000000000817606,0.9999999999981898,28.182858110383677,H1+H2,26567.402660607528,26567.23672003815,-0.16594056938017995,212,221,28.182858110383677,bayes_h1h2_marginal_boundary,measured_graph,3.818947971984516e-07,0.03691371991649146,0.009335904749794881,25,h1:h1_z;h2:h2_z
0.0005011872336272725,1.0000000255043917,1.00000000000042,27.547807302609726,H1+H2,26567.66757688551,26567.554245442036,-0.11333144347461188,212,221,27.547807302609726,bayes_h1h2_marginal_boundary,measured_graph,5.246181027512529e-07,0.036898209873698254,0.00933631558927633,25,h1:h1_z;h2:h2_z
0.000630957344480193,1.000000004407444,1.0000000000002978,27.599166454987426,H1+H2,26567.599288183417,26567.528565865847,-0.07072231756904392,212,221,27.599166454987426,bayes_h1h2_marginal_boundary,measured_graph,5.113176382548218e-07,0.03688055422851858,0.009336094820772897,25,h1:h1_z;h2:h2_z
0.0007943282347242822,1.000000000788841,0.9999999999999982,27.985224013769766,H1+H2,26567.373650278118,26567.335537086456,-0.03811319166347554,212,221,27.985224013769766,bayes_h1h2_marginal_boundary,measured_graph,4.2156004338451063e-07,0.036858317267633806,0.00933467122357548,25,h1:h1_z;h2:h2_z
0.001,1.0000000001504932,0.9999999999999425,28.416282658989076,H1+H2,26567.135511829605,26567.120007763846,-0.015504065757907535,212,221,28.416282658989076,bayes_h1h2_marginal_boundary,measured_graph,3.398257194609088e-07,0.0368291825591266,0.009331138620435189,25,h1:h1_z;h2:h2_z
0.0012589254117941675,1.0000000000313016,1.0000000000000113,28.620609398225497,H1+H2,26567.02073933408,26567.017844394228,-0.0028949398523394052,212,221,28.620609398225497,bayes_h1h2_marginal_boundary,measured_graph,3.0682253751481247e-07,0.03679042933206667,0.009324141934623074,25,h1:h1_z;h2:h2_z
0.001584893192461114,1.0000000000075489,1.000000000000049,28.31471959703049,H1+H2,26567.17107510877,26567.170789294825,-0.0002858139467712683,212,221,28.31471959703049,bayes_h1h2_marginal_boundary,measured_graph,3.575282669319949e-07,0.03673864225614063,0.009311819250391555,25,h1:h1_z;h2:h2_z
0.0019952623149688807,1.0000000000021552,0.9999999999999377,27.19835442299518,H1+H2,26567.736648569884,26567.728971881843,-0.007676688041203171,212,221,27.19835442299518,bayes_h1h2_marginal_boundary,measured_graph,6.247783921915706e-07,0.036669630650926446,0.009291935754687675,25,h1:h1_z;h2:h2_z
0.002511886431509582,1.0000000000006257,0.9999999999999815,24.991735809737293,H1+H2,26568.857348750607,26568.832281188472,-0.025067562135635053,212,221,24.991735809737293,bayes_h1h2_marginal_boundary,measured_graph,1.8831596707436999e-06,0.036578728834927104,0.009262401676132114,25,h1:h1_z;h2:h2_z
0.0031622776601683794,1.0000000000002596,1.0000000000000084,21.528712767852994,H1+H2,26570.616251145642,26570.563792709414,-0.05245843623006681,212,221,21.528712767852994,bayes_h1h2_marginal_boundary,measured_graph,1.0638319853682791e-05,0.03646185193087491,0.009222259707790855,25,h1:h1_z;h2:h2_z
0.003981071705534973,1.0000000000001241,0.9999999999999512,16.8890636735523,H1+H2,26572.973466566888,26572.883617256564,-0.08984931032449865,212,221,16.8890636735523,bayes_h1h2_marginal_boundary,measured_graph,0.00010823308652544719,0.03631778924244338,0.009172802923100385,25,h1:h1_z;h2:h2_z
0.005011872336272725,1.0000000000000506,0.9999999999998259,11.506663487940386,H1+H2,26575.71205753379,26575.57481734937,-0.13724018441893068,212,221,11.506663487940386,bayes_h1h2_marginal_boundary,measured_graph,0.0015963693968869287,0.036151850024076414,0.009117989329341235,25,h1:h1_z;h2:h2_z
0.006309573444801936,1.0000000000000344,0.9999999999999738,6.180325512403215,H1+H2,26578.43261739565,26578.23798633714,-0.19463105851336257,212,221,6.180325512403215,bayes_h1h2_marginal_boundary,measured_graph,0.022894596263740016,0.035979586948295936,0.009063574577993668,25,h1:h1_z;h2:h2_z
0.00794328234724282,1.0000000000000195,1.00000000000008,1.9675900231814012,H1+H2,26580.60637601436,26580.34435408175,-0.26202193260779433,212,221,1.9675900231814012,bayes_h1h2_marginal_boundary,measured_graph,0.1881554826336042,0.03582724281071875,0.009015608909360647,25,h1:h1_z;h2:h2_z
0.01,1.0000000000000184,1.0000000000000533,-0.0,H1+H2,26581.66756190004,26581.32814909334,-0.3394128067022262,212,221,-0.0,bayes_h1h2_marginal_boundary,measured_graph,0.503238225789046,0.03572551093457719,0.00897969658600923,25,h1:h1_z;h2:h2_z
0.012589254117941675,1.0000000000000009,1.0000000000005158,1.2839116488175932,H1+H2,26581.112996949727,26580.68619326893,-0.42680368079665804,212,221,1.2839116488175932,bayes_h1h2_marginal_boundary,measured_graph,0.2648352258875822,0.0356980874331868,0.008961484604904745,25,h1:h1_z;h2:h2_z
0.01584893192461114,0.9999999999999998,1.0000000000008233,6.5529769117201795,H1+H2,26578.57585519237,26578.05166063748,-0.5241945548910899,212,221,6.5529769117201795,bayes_h1h2_marginal_boundary,measured_graph,0.019002588600928474,0.03575267574203377,0.00896726510104135,25,h1:h1_z;h2:h2_z
0.01995262314968881,1.0000000000000069,1.0000000000002032,16.197150544459873,H1+H2,26573.861159250097,26573.22957382111,-0.6315854289855218,212,221,16.197150544459873,bayes_h1h2_marginal_boundary,measured_graph,0.0001529702831351223,0.0358812768209984,0.009003248764636028,25,h1:h1_z;h2:h2_z
0.025118864315095822,1.000000000000001,0.9999999999996978,30.265042168131913,H1+H2,26566.944604312353,26566.195628009275,-0.7489763030799538,212,221,30.265042168131913,bayes_h1h2_marginal_boundary,measured_graph,1.3483517974938454e-07,0.036069048048860186,0.009073599770085934,25,h1:h1_z;h2:h2_z
0.03162277660168379,0.9999999999999818,1.000000000000315,48.563583925359126,H1+H2,26557.922724307835,26557.04635713066,-0.8763671771743852,212,221,48.563583925359126,bayes_h1h2_marginal_boundary,measured_graph,1.4332612601822183e-11,0.03630511448199059,0.009179087615131622,25,h1:h1_z;h2:h2_z
0.039810717055349734,1.0,0.9999999999991472,70.84524818791397,H1+H2,26546.91928305065,26545.905524999383,-1.0137580512688171,212,221,70.84524818791397,bayes_h1h2_marginal_boundary,measured_graph,2.0793301173321123e-16,0.03658852330011903,0.009317895787821457,25,h1:h1_z;h2:h2_z
0.05011872336272725,1.0000000000000389,1.0000000000009797,96.98410421719746,H1+H2,26533.997245910105,26532.83609698474,-1.1611489253632492,212,221,96.98410421719746,bayes_h1h2_marginal_boundary,measured_graph,4.384731209336955e-22,0.036926979934829615,0.009488130739163238,25,h1:h1_z;h2:h2_z
0.06309573444801936,1.0000000000000275,1.0000000000001705,127.05801116739167,H1+H2,26519.1176833091,26517.799143509645,-1.3185397994576809,212,221,127.05801116739167,bayes_h1h2_marginal_boundary,measured_graph,1.292638410450084e-28,0.037331655186374726,0.009690385634446312,25,h1:h1_z;h2:h2_z
0.07943282347242822,1.00000000000004,1.0000000000013118,161.341148001673,H1+H2,26502.143505766056,26500.657575092504,-1.4859306735521132,212,221,161.341148001673,bayes_h1h2_marginal_boundary,measured_graph,4.645029559024185e-36,0.0378136556645001,0.009929002778345799,25,h1:h1_z;h2:h2_z
0.1,1.0000000000000353,1.0000000000001927,200.23845071624237,H1+H2,26482.872245282866,26481.20892373522,-1.663321547646544,212,221,200.23845071624237,bayes_h1h2_marginal_boundary,measured_graph,1.6616766496402695e-44,0.03838573553640062,0.0102113292223427,25,h1:h1_z;h2:h2_z
1e-05,1.0000000013058894,0.9999980028099064,56.63102684309706,H1+H2,33566.13520323443,33563.76751665056,-2.3676865838692702,257,291,56.63102684309706,bayes_h1h2_marginal_boundary,measured_graph,1.0371998398491616e-13,0.026334635272770975,0.011548075204589872,26,h1:h1_z;h2:h2_z
1.2589254117941661e-05,1.0000000047827593,0.9999964696918853,50.82658149348572,H1+H2,33568.82481678333,33566.66973932536,-2.155077457963703,257,291,50.82658149348572,bayes_h1h2_marginal_boundary,measured_graph,1.889216517437088e-12,0.026329227259937665,0.011440868763892038,26,h1:h1_z;h2:h2_z
1.584893192461114e-05,1.00000001672195,0.9999963071745653,43.70483291031269,H1+H2,33572.183081949006,33570.23061361695,-1.952468332058134,257,291,43.70483291031269,bayes_h1h2_marginal_boundary,measured_graph,6.648899821995337e-11,0.026320826167277805,0.0113316059116172,26,h1:h1_z;h2:h2_z
1.9952623149688786e-05,1.0000000545050596,0.9999978849308964,35.76373838110885,H1+H2,33575.96102008771,33574.20116088155,-1.7598592061525666,257,291,35.76373838110885,bayes_h1h2_marginal_boundary,measured_graph,3.5248168564355835e-09,0.026307942742242168,0.01123717993263007,26,h1:h1_z;h2:h2_z
2.5118864315095822e-05,1.0000001601997806,0.9999993450312489,27.839706081984332,H1+H2,33579.74042711136,33578.163177031114,-1.5772500802469966,257,291,27.839706081984332,bayes_h1h2_marginal_boundary,measured_graph,1.852756338302345e-07,0.026288573430959382,0.011168405831032601,26,h1:h1_z;h2:h2_z
3.1622776601683795e-05,1.0000004061152126,0.9999998848530295,20.742772617333685,H1+H2,33583.116284717784,33581.71164376344,-1.404640954341429,257,291,20.742772617333685,bayes_h1h2_marginal_boundary,measured_graph,6.440177373454322e-06,0.02626032214075579,0.011125585840012513,26,h1:h1_z;h2:h2_z
3.9810717055349695e-05,1.0000008398141877,0.9999999875115868,14.922953714136383,H1+H2,33585.86358504347,33584.62155321504,-1.2420318284358616,257,291,14.922953714136383,bayes_h1h2_marginal_boundary,measured_graph,0.00011821033453893342,0.026220950251359478,0.01110224534903325,26,h1:h1_z;h2:h2_z
5.011872336272725e-05,1.000001327562584,0.9999997039471421,10.414143909336417,H1+H2,33587.965380819966,33586.87595811744,-1.089422702530293,257,291,10.414143909336417,bayes_h1h2_marginal_boundary,measured_graph,0.0011264996353803538,0.02616960787399184,0.011090892863704651,26,h1:h1_z;h2:h2_z
6.309573444801929e-05,1.0000014975483698,0.9999999645152314,6.995064299655496,H1+H2,33589.5323114989,33588.58549792228,-0.9468135766247254,257,291,6.995064299655496,bayes_h1h2_marginal_boundary,measured_graph,0.006225507480848269,0.026108572648866027,0.011085993668593046,26,h1:h1_z;h2:h2_z
7.943282347242822e-05,1.0000011327164902,0.9999999964833678,4.392695097121759,H1+H2,33590.700886974264,33589.886682523545,-0.8142044507191568,257,291,4.392695097121759,bayes_h1h2_marginal_boundary,measured_graph,0.022870310011536856,0.02604424258912194,0.011084310746178338,26,h1:h1_z;h2:h2_z
0.0001,1.0000005520076818,0.9999999996978368,2.421929804404499,H1+H2,33591.56366049472,33590.872065169904,-0.6915953248135883,257,291,2.421929804404499,bayes_h1h2_marginal_boundary,measured_graph,0.06126582661010284,0.025985470841818948,0.0110842047848895,26,h1:h1_z;h2:h2_z
0.00012589254117941674,1.0000001728811818,0.999999999976534,1.023551044127089,H1+H2,33592.15024074895,33591.57125455004,-0.5789861989080206,257,291,1.023551044127089,bayes_h1h2_marginal_boundary,measured_graph,0.12327425513892568,0.02593932951294674,0.011084939648143671,26,h1:h1_z;h2:h2_z
0.00015848931924611142,1.0000000361570993,0.9999999999983658,0.21284972234570887,H1+H2,33592.45298228394,33591.97660521093,-0.47637707300245236,257,291,0.21284972234570887,bayes_h1h2_marginal_boundary,measured_graph,0.18489022132611196,0.02590781714936825,0.011086231869536192,26,h1:h1_z;h2:h2_z
0.00019952623149688788,1.0000000054040223,0.9999999999998707,-0.0,H1+H2,33592.4667980192,33592.083030072106,-0.38376794709688455,257,291,-0.0,bayes_h1h2_marginal_boundary,measured_graph,0.2056523479620435,0.025888373706473285,0.011088015291041451,26,h1:h1_z;h2:h2_z
0.0002511886431509582,1.0000000006243115,0.999999998857027,0.34762384739588015,H1+H2,33592.2103769696,33591.90921814841,-0.30115882119131615,257,291,0.34762384739588015,bayes_h1h2_marginal_boundary,measured_graph,0.17284153432855245,0.025876745129342033,0.011090332746957088,26,h1:h1_z;h2:h2_z
0.00031622776601683794,1.0000000000599976,0.9999999998132311,1.1784333826653892,H1+H2,33591.722363076056,33591.493813380774,-0.22854969528574837,257,291,1.1784333826653892,bayes_h1h2_marginal_boundary,measured_graph,0.11408803880320324,0.02586924799190018,0.011093292036684934,26,h1:h1_z;h2:h2_z
0.00039810717055349735,1.0000000235523996,0.9999999999697462,2.4042999974481063,H1+H2,33591.04682064276,33590.88088007338,-0.16594056938017995,257,291,2.4042999974481063,bayes_h1h2_marginal_boundary,measured_graph,0.06180826622218844,0.025863477440945925,0.011097052371267643,26,h1:h1_z;h2:h2_z
0.0005011872336272725,1.0000000043021198,0.9999999999951089,3.9504686033178587,H1+H2,33590.221127213925,33590.10779577045,-0.11333144347461188,257,291,3.9504686033178587,bayes_h1h2_marginal_boundary,measured_graph,0.028529904281987584,0.025858107062931734,0.01110182493471994,26,h1:h1_z;h2:h2_z
0.000630957344480193,1.0000000007667271,0.9999999999992034,5.767605283253943,H1+H2,33589.26994974805,33589.19922743048,-0.07072231756904392,257,291,5.767605283253943,bayes_h1h2_marginal_boundary,measured_graph,0.011500430509262584,0.025852500335800783,0.011107880446170584,26,h1:h1_z;h2:h2_z
0.0007943282347242822,1.000000000135758,0.9999999999998683,7.8353323209885275,H1+H2,33588.20347710328,33588.16536391161,-0.03811319166347554,257,291,7.8353323209885275,bayes_h1h2_marginal_boundary,measured_graph,0.004089901764838086,0.02584644971165243,0.011115560120587537,26,h1:h1_z;h2:h2_z
0.001,1.0000000000242801,0.9999999999999805,10.162811445261468,H1+H2,33587.01712841523,33587.001624349476,-0.015504065757907535,257,291,10.162811445261468,bayes_h1h2_marginal_boundary,measured_graph,0.0012773420419819237,0.025840079600973606,0.011125288050130105,26,h1:h1_z;h2:h2_z
0.0012589254117941675,1.0000000000044704,0.9999999999999969,12.790313582023373,H1+H2,33585.69076822095,33585.687873281095,-0.0028949398523394052,257,291,12.790313582023373,bayes_h1h2_marginal_boundary,measured_graph,0.00034336210837821704,0.025833894526822276,0.011137584420715892,26,h1:h1_z;h2:h2_z
0.001584893192461114,1.0000000000008702,0.9999999999999992,15.794675831057248,H1+H2,33584.18597797053,33584.18569215658,-0.0002858139467712683,257,291,15.794675831057248,bayes_h1h2_marginal_boundary,measured_graph,7.644751869971097e-05,0.02582896101694066,0.011153083715328136,26,h1:h1_z;h2:h2_z
0.0019952623149688807,1.0000000000001859,0.9999999999999996,19.302235390539863,H1+H2,33582.43958906488,33582.43191237684,-0.007676688041203171,257,291,19.302235390539863,bayes_h1h2_marginal_boundary,measured_graph,1.3234468756659318e-05,0.025827244137112446,0.011172576460452884,26,h1:h1_z;h2:h2_z
0.002511886431509582,1.0000000000000469,0.9999999999999998,23.515635193660273,H1+H2,33580.35028003741,33580.325212475276,-0.025067562135635053,257,291,23.515635193660273,bayes_h1h2_marginal_boundary,measured_graph,1.6098238998445793e-06,0.025832146293895387,0.011197125060040954,26,h1:h1_z;h2:h2_z
0.0031622776601683794,1.0000000000000155,0.9999999999999998,28.764340250490932,H1+H2,33577.75331838309,33577.70085994686,-0.05245843623006681,257,291,28.764340250490932,bayes_h1h2_marginal_boundary,measured_graph,1.1669078168376099e-07,0.02584930518228879,0.01122834726273526,26,h1:h1_z;h2:h2_z
0.003981071705534973,1.0000000000000069,1.0,35.58545108529506,H1+H2,33574.38015383978,33574.29030452946,-0.08984931032449865,257,291,35.58545108529506,bayes_h1h2_marginal_boundary,measured_graph,3.853462624947429e-09,0.025887670570734395,0.011268949321093086,26,h1:h1_z;h2:h2_z
0.005011872336272725,1.0000000000000044,1.0000000000000002,44.81588628116879,H1+H2,33569.81232711594,33569.67508693152,-0.13724018441893068,257,291,44.81588628116879,bayes_h1h2_marginal_boundary,measured_graph,3.814939153200285e-11,0.025960735882243426,0.011323374270443467,26,h1:h1_z;h2:h2_z
0.006309573444801936,1.0000000000000029,0.9999999999999996,57.62380359231611,H1+H2,33563.46575933446,33563.27112827595,-0.19463105851336257,257,291,57.62380359231611,bayes_h1h2_marginal_boundary,measured_graph,6.3136966102709e-14,0.026087470145688484,0.011397965083252266,26,h1:h1_z;h2:h2_z
0.00794328234724282,1.0000000000000022,1.0000000000000002,75.37369643997226,H1+H2,33554.658203784726,33554.39618185212,-0.26202193260779433,257,291,75.37369643997226,bayes_h1h2_marginal_boundary,measured_graph,8.829649210425373e-18,0.02629197916985682,0.011499828582266667,26,h1:h1_z;h2:h2_z
0.01,1.0000000000000027,1.0000000000000004,99.2865434907726,H1+H2,33542.77917113342,33542.43975832672,-0.3394128067022262,257,291,99.2865434907726,bayes_h1h2_marginal_boundary,measured_graph,5.666758303017812e-23,0.026600540188500908,0.011634385810503422,26,h1:h1_z;h2:h2_z
0.012589254117941675,1.000000000000003,1.0000000000000002,130.000098880133,H1+H2,33527.50978431284,33527.08298063204,-0.42680368079665804,257,291,130.000098880133,bayes_h1h2_marginal_boundary,measured_graph,1.2133074855824222e-29,0.027035172058752513,0.011802889128118959,26,h1:h1_z;h2:h2_z
0.01584893192461114,1.0000000000000033,0.9999999999999998,167.21550177465542,H1+H2,33508.99947373967,33508.47527918478,-0.5241945548910899,257,291,167.21550177465542,bayes_h1h2_marginal_boundary,measured_graph,1.0063494592465316e-37,0.02760487785970041,0.012001302003858526,26,h1:h1_z;h2:h2_z
0.01995262314968881,1.0000000000000033,1.0000000000000004,209.58686795471294,H1+H2,33487.921181523736,33487.28959609475,-0.6315854289855218,257,291,209.58686795471294,bayes_h1h2_marginal_boundary,measured_graph,6.33758148396532e-47,0.028298088020240215,0.012220848321582949,26,h1:h1_z;h2:h2_z
0.025118864315095822,1.0000000000000038,1.0000000000000002,254.93628323343,H1+H2,33465.363864758474,33464.61488845539,-0.7489763030799538,257,291,254.93628323343,bayes_h1h2_marginal_boundary,measured_graph,9.003744234230497e-57,0.029080407224903914,0.012449909081393332,26,h1:h1_z;h2:h2_z
0.03162277660168379,1.0000000000000044,1.0000000000000002,300.7655009224836,H1+H2,33442.57664678804,33441.700279610865,-0.8763671771743852,257,291,300.7655009224836,bayes_h1h2_marginal_boundary,measured_graph,1.0063173802687866e-66,0.029899910073455896,0.01267690214136383,26,h1:h1_z;h2:h2_z
0.039810717055349734,1.0000000000000047,1.0,344.8612680617516,H1+H2,33420.6661540925,33419.65239604123,-1.0137580512688171,257,291,344.8612680617516,bayes_h1h2_marginal_boundary,measured_graph,2.6758440668171058e-76,0.030699020902281656,0.012892992276658438,26,h1:h1_z;h2:h2_z
0.05011872336272725,1.0000000000000042,1.0,385.7006280163914,H1+H2,33400.39386498927,33399.23271606391,-1.1611489253632492,257,291,385.7006280163914,bayes_h1h2_marginal_boundary,measured_graph,3.624987098259832e-85,0.031428631084289574,0.013092889986493503,26,h1:h1_z;h2:h2_z
0.06309573444801936,1.000000000000004,1.0,422.5297345583094,H1+H2,33382.13670259241,33380.81816279295,-1.3185397994576809,257,291,422.5297345583094,bayes_h1h2_marginal_boundary,measured_graph,3.6472672997613404e-93,0.032058866145875185,0.01327355889865878,26,h1:h1_z;h2:h2_z
0.07943282347242822,1.0000000000000036,1.0,455.22461670544,H1+H2,33365.95665239294,33364.470721719386,-1.4859306735521132,257,291,455.22461670544,bayes_h1h2_marginal_boundary,measured_graph,2.8997739323332134e-100,0.03258279949808126,0.013432628388831669,26,h1:h1_z;h2:h2_z
0.1,1.000000000000004,1.0,484.0829102011485,H1+H2,33351.70489651918,33350.04157497153,-1.663321547646544,257,291,484.0829102011485,bayes_h1h2_marginal_boundary,measured_graph,1.5698759283299126e-106,0.033012685516389646,0.01356803010886782,26,h1:h1_z;h2:h2_z
1e-05,1.0000000000585005,1.000000064170733,6.705166706946329,H1+H2,33545.19399370821,33542.82630712434,-2.3676865838692702,250,314,6.705166706946329,bayes_h1h2_marginal_boundary,measured_graph,0.004223749404785314,0.10029456462876514,0.03748836303218046,27,h1:h1_z;h2:h2_z
1.2589254117941661e-05,1.000000000121003,1.0000000000778038,6.263331441572518,H1+H2,33545.202302214995,33543.04722475703,-2.155077457963703,250,314,6.263331441572518,bayes_h1h2_marginal_boundary,measured_graph,0.005267947672854055,0.10029411744317054,0.037484883672860896,27,h1:h1_z;h2:h2_z
1.584893192461114e-05,1.0000000002722607,1.0000000002591998,5.8290389105677605,H1+H2,33545.21683935459,33543.26437102253,-1.952468332058134,250,314,5.8290389105677605,bayes_h1h2_marginal_boundary,measured_graph,0.006545561041501547,0.10029316059317599,0.03747955056885487,27,h1:h1_z;h2:h2_z
1.9952623149688786e-05,1.00000000066397,1.0000000007839551,5.395824253108003,H1+H2,33545.240837557416,33543.48097835126,-1.7598592061525666,250,314,5.395824253108003,bayes_h1h2_marginal_boundary,measured_graph,0.008128646642327757,0.10029133403963386,0.03747159856454457,27,h1:h1_z;h2:h2_z
2.5118864315095822e-05,1.0000000017251935,1.0000000020512911,4.9556078157474985,H1+H2,33545.27833665019,33543.70108656994,-1.5772500802469966,250,314,4.9556078157474985,bayes_h1h2_marginal_boundary,measured_graph,0.010130013629562203,0.10028805488802098,0.037460200351081,27,h1:h1_z;h2:h2_z
3.1622776601683795e-05,1.0000000046471365,1.000000004359738,4.5002434001653455,H1+H2,33545.33340973208,33543.92876877773,-1.404640954341429,250,314,4.5002434001653455,bayes_h1h2_marginal_boundary,measured_graph,0.012720118469594064,0.10028238979094808,0.03744476479483166,27,h1:h1_z;h2:h2_z
3.9810717055349695e-05,1.0000000125714796,1.00000000696781,4.025473110712483,H1+H2,33545.40818575089,33544.16615392246,-1.2420318284358616,250,314,4.025473110712483,bayes_h1h2_marginal_boundary,measured_graph,0.01612821167096081,0.10027286246123447,0.037425461300350266,27,h1:h1_z;h2:h2_z
5.011872336272725e-05,1.0000000331815806,1.0000000077236195,3.537409242388094,H1+H2,33545.49960855915,33544.41018585662,-1.089422702530293,250,314,3.537409242388094,bayes_h1h2_marginal_boundary,measured_graph,0.020585808907228737,0.10025717410564003,0.03740375752295991,27,h1:h1_z;h2:h2_z
6.309573444801929e-05,1.0000000836363034,1.0000000055528326,3.0582626906834776,H1+H2,33545.596572709095,33544.64975913247,-0.9468135766247254,250,314,3.0582626906834776,bayes_h1h2_marginal_boundary,measured_graph,0.0261585272247708,0.10023182389053044,0.03738240144668306,27,h1:h1_z;h2:h2_z
7.943282347242822e-05,1.0000001983572575,1.000000002504639,2.623726600591908,H1+H2,33545.68123162824,33544.86702717752,-0.8142044507191568,250,314,2.623726600591908,bayes_h1h2_marginal_boundary,measured_graph,0.032506604084819056,0.10019165884127508,0.03736440397141949,27,h1:h1_z;h2:h2_z
0.0001,1.000000436398846,1.0000000007186503,2.2665332668548217,H1+H2,33545.737219169205,33545.04562384439,-0.6915953248135883,250,314,2.2665332668548217,bayes_h1h2_marginal_boundary,measured_graph,0.03886289495329051,0.1001295016287138,0.03735158637921081,27,h1:h1_z;h2:h2_z
0.00012589254117941674,1.0000008714231823,1.0000000001388394,1.9932310528529342,H1+H2,33545.7612611503,33545.18227495139,-0.5789861989080206,250,314,1.9932310528529342,bayes_h1h2_marginal_boundary,measured_graph,0.04455351474406414,0.10003626587424366,0.037343974756622725,27,h1:h1_z;h2:h2_z
0.00015848931924611142,1.0000000110777583,1.0000000491943184,1.7711337712098612,H1+H2,33545.769700665216,33545.29332359221,-0.47637707300245236,250,314,1.7711337712098612,bayes_h1h2_marginal_boundary,measured_graph,0.049786292044734115,0.0999024680414254,0.03734042391321214,27,h1:h1_z;h2:h2_z
0.00019952623149688788,1.000000020729637,1.0000000112387966,1.537146748189116,H1+H2,33545.79408505082,33545.41031710372,-0.38376794709688455,250,314,1.537146748189116,bayes_h1h2_marginal_boundary,measured_graph,0.055965375087799196,0.09972184574403968,0.03733961605125059,27,h1:h1_z;h2:h2_z
0.0002511886431509582,1.0000000273923924,1.0000000023125006,1.2263590763905086,H1+H2,33545.86686976081,33545.56571093962,-0.30115882119131615,250,314,1.2263590763905086,bayes_h1h2_marginal_boundary,measured_graph,0.06537415738824948,0.09949828518255503,0.03734062762319546,27,h1:h1_z;h2:h2_z
0.00031622776601683794,1.0000020215996483,1.0000000004458371,0.8154012371232966,H1+H2,33545.999739554536,33545.77118985925,-0.22854969528574837,250,314,0.8154012371232966,bayes_h1h2_marginal_boundary,measured_graph,0.08028685854181174,0.0992515924328485,0.037343042383413544,27,h1:h1_z;h2:h2_z
0.00039810717055349735,1.0000011185385396,1.0000000000830764,0.3635462762322277,H1+H2,33546.16305790908,33545.9971173397,-0.16594056938017995,250,314,0.3635462762322277,bayes_h1h2_marginal_boundary,measured_graph,0.10063835359644312,0.09901596998861092,0.03734686233508057,27,h1:h1_z;h2:h2_z
0.0005011872336272725,1.0000004127757676,1.0000000000153335,0.024158887026715092,H1+H2,33546.28014247778,33546.1668110343,-0.11333144347461188,250,314,0.024158887026715092,bayes_h1h2_marginal_boundary,measured_graph,0.11925059605076815,0.09882505101038482,0.03735242850343031,27,h1:h1_z;h2:h2_z
0.000630957344480193,1.0000001044965352,1.000000000002878,-0.0,H1+H2,33546.249612795385,33546.178890477815,-0.07072231756904392,250,314,-0.0,bayes_h1h2_marginal_boundary,measured_graph,0.1206998121300076,0.09869589327091324,0.03736041461144592,27,h1:h1_z;h2:h2_z
0.0007943282347242822,1.0000000195587402,1.000000000000561,0.47111217975907493,H1+H2,33545.9814475796,33545.943334387935,-0.03811319166347554,250,314,0.47111217975907493,bayes_h1h2_marginal_boundary,measured_graph,0.09536870470568755,0.09862512711546369,0.037371900292872476,27,h1:h1_z;h2:h2_z
0.001,1.0000000030247418,1.0000000000001243,1.5524208489077864,H1+H2,33545.41818411912,33545.40268005336,-0.015504065757907535,250,314,1.5524208489077864,bayes_h1h2_marginal_boundary,measured_graph,0.05553959263037109,0.0985983645247524,0.037388518867118664,27,h1:h1_z;h2:h2_z
0.0012589254117941675,1.0000000004447647,1.0000000000000349,3.3059041635424364,H1+H2,33544.5288333359,33544.525938396044,-0.0028949398523394052,250,314,3.3059041635424364,bayes_h1h2_marginal_boundary,measured_graph,0.023112058396319586,0.09860095570092224,0.03741267159464692,27,h1:h1_z;h2:h2_z
0.001584893192461114,1.000000000073544,1.0000000000000064,5.783121248125099,H1+H2,33543.2876156677,33543.28732985375,-0.0002858139467712683,250,314,5.783121248125099,bayes_h1h2_marginal_boundary,measured_graph,0.0066975778595560155,0.09862288278927889,0.037447778781139404,27,h1:h1_z;h2:h2_z
0.0019952623149688807,1.0000000518859902,1.0000000000000022,9.063835584471235,H1+H2,33541.654649373624,33541.64697268558,-0.007676688041203171,250,314,9.063835584471235,bayes_h1h2_marginal_boundary,measured_graph,0.0012987324876843533,0.09865874382871798,0.03749847365066328,27,h1:h1_z;h2:h2_z
0.002511886431509582,1.0000000247582808,1.0000000000000027,13.270542532132822,H1+H2,33539.568686773884,33539.54361921175,-0.025067562135635053,250,314,13.270542532132822,bayes_h1h2_marginal_boundary,measured_graph,0.00015850570470738349,0.0987059132608946,0.0375705164466486,27,h1:h1_z;h2:h2_z
0.0031622776601683794,1.0000000154487934,1.0000000000000004,18.548088380222907,H1+H2,33536.95730472393,33536.9048462877,-0.05245843623006681,250,314,18.548088380222907,bayes_h1h2_marginal_boundary,measured_graph,1.1325056501700653e-05,0.09876245526622042,0.03767004102262884,27,h1:h1_z;h2:h2_z
0.003981071705534973,1.000000011833953,1.0000000000000002,25.00074689842586,H1+H2,33533.768366338925,33533.6785170286,-0.08984931032449865,250,314,25.00074689842586,bayes_h1h2_marginal_boundary,measured_graph,4.496383892828535e-07,0.09882511155016986,0.03780173017557829,27,h1:h1_z;h2:h2_z
0.005011872336272725,1.0000000103714666,1.0,32.59492280329869,H1+H2,33530.018669260586,33529.881429076166,-0.13724018441893068,250,314,32.59492280329869,bayes_h1h2_marginal_boundary,measured_graph,1.0088092096303681e-08,0.09888717022218216,0.03796604739687896,27,h1:h1_z;h2:h2_z
0.006309573444801936,1.000000009902211,1.0,41.07429793055053,H1+H2,33525.83637257105,33525.64174151254,-0.19463105851336257,250,314,41.07429793055053,bayes_h1h2_marginal_boundary,measured_graph,1.453905315942703e-10,0.09893653607417836,0.038156900486613736,27,h1:h1_z;h2:h2_z
0.00794328234724282,1.000000010017933,0.9999999999999998,49.964885886147385,H1+H2,33521.45846946735,33521.19644753474,-0.26202193260779433,250,314,49.964885886147385,bayes_h1h2_marginal_boundary,measured_graph,1.7059624963937732e-12,0.09895527087314843,0.038361972963461624,27,h1:h1_z;h2:h2_z
0.01,1.0000000105703646,1.000000000000001,58.70464602748689,H1+H2,33517.16598027077,33516.82656746407,-0.3394128067022262,250,314,58.70464602748689,bayes_h1h2_marginal_boundary,measured_graph,2.1585130476890196e-14,0.09892260444853247,0.03856638534082642,27,h1:h1_z;h2:h2_z
0.012589254117941675,1.000000011500106,1.0000000000000016,66.82201354762947,H1+H2,33513.1946873848,33512.767883704,-0.42680368079665804,250,314,66.82201354762947,bayes_h1h2_marginal_boundary,measured_graph,3.728127163813048e-16,0.09882213920128453,0.038756917434009795,27,h1:h1_z;h2:h2_z
0.01584893192461114,1.000000012780002,1.0000000000000018,74.03278643681551,H1+H2,33509.6866918143,33509.16249725941,-0.5241945548910899,250,314,74.03278643681551,bayes_h1h2_marginal_boundary,measured_graph,1.0131908974136979e-17,0.09865008408216851,0.038923106882092336,27,h1:h1_z;h2:h2_z
0.01995262314968881,1.0000000144134382,1.000000000000003,80.19574963432387,H1+H2,33506.71260108964,33506.08101566065,-0.6315854289855218,250,314,80.19574963432387,bayes_h1h2_marginal_boundary,measured_graph,4.649656018474504e-19,0.09841847394493086,0.039054775517274404,27,h1:h1_z;h2:h2_z
0.025118864315095822,1.0000000164542397,1.0000000000000007,85.17988189624157,H1+H2,33504.33792583278,33503.588949529694,-0.7489763030799538,250,314,85.17988189624157,bayes_h1h2_marginal_boundary,measured_graph,3.847071480257061e-20,0.09815006400466422,0.03913884779682148,27,h1:h1_z;h2:h2_z
0.03162277660168379,1.000000019024917,1.0000000000000004,88.74995736508572,H1+H2,33502.680278972446,33501.80391179527,-0.8763671771743852,250,314,88.74995736508572,bayes_h1h2_marginal_boundary,measured_graph,6.4550292970520125e-21,0.09786818383222,0.03915849749656233,27,h1:h1_z;h2:h2_z
0.039810717055349734,1.0000000223296739,1.0000000000000016,90.55013519366912,H1+H2,33501.91758093225,33500.90382288098,-1.0137580512688171,250,314,90.55013519366912,bayes_h1h2_marginal_boundary,measured_graph,2.6241857269294482e-21,0.09758893138147685,0.03909539314297701,27,h1:h1_z;h2:h2_z
0.05011872336272725,1.0000000266719784,1.0000000000000004,90.19800645665964,H1+H2,33502.24103617485,33501.079887249485,-1.1611489253632492,250,314,90.19800645665964,bayes_h1h2_marginal_boundary,measured_graph,3.1293803608102857e-21,0.09732117426848667,0.03893370094635971,27,h1:h1_z;h2:h2_z
0.06309573444801936,1.0000000324890872,1.0000000000000016,87.46385595118045,H1+H2,33503.765502301685,33502.446962502225,-1.3185397994576809,250,314,87.46385595118045,bayes_h1h2_marginal_boundary,measured_graph,1.2279242926735637e-20,0.09707373027719592,0.0386648445580128,27,h1:h1_z;h2:h2_z
0.07943282347242822,1.000000040445637,1.0000000000000009,82.49801761197159,H1+H2,33506.41581234538,33504.92988167183,-1.4859306735521132,250,314,82.49801761197159,bayes_h1h2_marginal_boundary,measured_graph,1.470583489280541e-19,0.09686416252693283,0.038293067611717406,27,h1:h1_z;h2:h2_z
0.1,1.0000000517551304,1.0000000000000029,76.00606556337152,H1+H2,33509.839179243776,33508.17585769613,-1.663321547646544,250,314,76.00606556337152,bayes_h1h2_marginal_boundary,measured_graph,3.7774538001685476e-18,0.0967228599402148,0.03783987866271063,27,h1:h1_z;h2:h2_z
1e-05,1.000000192025406,1.0000000109962646,3.2790709669861826,H1+H2,19546.33686208151,19543.96917549764,-2.3676865838692702,147,192,3.2790709669861826,bayes_h1h2_marginal_boundary,measured_graph,0.023461057692170828,0.5407001636444971,0.05170198084472196,28,h1:h1_z;h2:h2_z
1.2589254117941661e-05,1.000000261379698,1.0000000286095985,2.783368054071616,H1+H2,19546.37210441206,19544.2170269541,-2.155077457963703,147,192,2.783368054071616,bayes_h1h2_marginal_boundary,measured_graph,0.030059939857793445,0.5406914828735633,0.051675269291201226,28,h1:h1_z;h2:h2_z
1.584893192461114e-05,1.0000003523535697,1.0000000609836428,2.279210511413112,H1+H2,19546.421574057487,19544.469105725428,-1.952468332058134,147,192,2.279210511413112,bayes_h1h2_marginal_boundary,measured_graph,0.038678046103168114,0.5406800511049288,0.0516384506385865,28,h1:h1_z;h2:h2_z
1.9952623149688786e-05,1.0000004695872649,1.0000000998417904,1.7642518817883683,H1+H2,19546.48644424639,19544.72658504024,-1.7598592061525666,147,192,1.7642518817883683,bayes_h1h2_marginal_boundary,measured_graph,0.050036436484605984,0.5406648658811185,0.051591110889845596,28,h1:h1_z;h2:h2_z
2.5118864315095822e-05,1.0000006202142966,1.0000001181668507,1.2468525887088617,H1+H2,19546.56253476703,19544.98528468678,-1.5772500802469966,147,192,1.2468525887088617,bayes_h1h2_marginal_boundary,measured_graph,0.06480942992245985,0.540644498769295,0.05153567175011397,28,h1:h1_z;h2:h2_z
3.1622776601683795e-05,1.000000002843594,1.0000000975607448,0.7548363575624535,H1+H2,19546.635933756694,19545.231292802353,-1.404640954341429,147,192,0.7548363575624535,bayes_h1h2_marginal_boundary,measured_graph,0.08288542494932127,0.5406171125009599,0.0514778431984413,28,h1:h1_z;h2:h2_z
3.9810717055349695e-05,1.0000000037420822,1.0000000570915324,0.3398249831152498,H1+H2,19546.68083031801,19545.438798489577,-1.2420318284358616,147,192,0.3398249831152498,bayes_h1h2_marginal_boundary,measured_graph,0.10199919479253404,0.5405793438783421,0.05142475607405509,28,h1:h1_z;h2:h2_z
5.011872336272725e-05,1.0000000048858924,1.0000000257366615,0.06813666612288216,H1+H2,19546.664065350604,19545.574642648073,-1.089422702530293,147,192,0.06813666612288216,bayes_h1h2_marginal_boundary,measured_graph,0.11684042062930369,0.5405269866036931,0.05138148946121741,28,h1:h1_z;h2:h2_z
6.309573444801929e-05,1.0000000063384902,1.0000000101181812,-0.0,H1+H2,19546.55552455776,19545.608710981134,-0.9468135766247254,147,192,-0.0,bayes_h1h2_marginal_boundary,measured_graph,0.12088956109828727,0.5404536099002076,0.0513490976973194,28,h1:h1_z;h2:h2_z
7.943282347242822e-05,1.000000008263793,1.000000003767766,0.17091522496775724,H1+H2,19546.33745781937,19545.52325336865,-0.8142044507191568,147,192,0.17091522496775724,bayes_h1h2_marginal_boundary,measured_graph,0.11098774592388552,0.5403497597734673,0.05132580109324027,28,h1:h1_z;h2:h2_z
0.0001,1.00000001106952,1.0000000012883254,0.5873223324888386,H1+H2,19546.006645139703,19545.31504981489,-0.6915953248135883,147,192,0.5873223324888386,bayes_h1h2_marginal_boundary,measured_graph,0.09012668073610061,0.5402016194808691,0.051309407683344306,28,h1:h1_z;h2:h2_z
0.00012589254117941674,1.0000000156554476,1.0000000003636045,1.2332054790094844,H1+H2,19545.571094440536,19544.99210824163,-0.5789861989080206,147,192,1.2332054790094844,bayes_h1h2_marginal_boundary,measured_graph,0.06525317285266997,0.539989280975115,0.05129849323914094,28,h1:h1_z;h2:h2_z
0.00015848931924611142,1.0000000239032014,1.0000000000775284,2.0775283105976996,H1+H2,19545.046323898838,19544.569946825835,-0.47637707300245236,147,192,2.0775283105976996,bayes_h1h2_marginal_boundary,measured_graph,0.042781820399035275,0.5396848054007967,0.05129212878550321,28,h1:h1_z;h2:h2_z
0.00019952623149688788,1.0000000396719317,1.000000043782214,3.0785063289658865,H1+H2,19544.453225763747,19544.06945781665,-0.38376794709688455,147,192,3.0785063289658865,bayes_h1h2_marginal_boundary,measured_graph,0.02593579980451384,0.5392506862390624,0.05128937752543371,28,h1:h1_z;h2:h2_z
0.0002511886431509582,1.0000000705555616,1.0000000106906972,4.187193434154324,H1+H2,19543.81627308525,19543.515114264057,-0.30115882119131615,147,192,4.187193434154324,bayes_h1h2_marginal_boundary,measured_graph,0.014898800309110494,0.5386400303305173,0.05128927740088835,28,h1:h1_z;h2:h2_z
0.00031622776601683794,1.000000130184281,1.0000000023078595,5.352868859852606,H1+H2,19543.160826246494,19542.932276551208,-0.22854969528574837,147,192,5.352868859852606,bayes_h1h2_marginal_boundary,measured_graph,0.0083181758391621,0.5378002549579937,0.05129106521830012,28,h1:h1_z;h2:h2_z
0.00039810717055349735,1.0000002403314534,1.0000000004602312,6.529888084864069,H1+H2,19542.50970750808,19542.343766938702,-0.16594056938017995,147,192,6.529888084864069,bayes_h1h2_marginal_boundary,measured_graph,0.0046178691150609835,0.5366806075507523,0.05129431765524963,28,h1:h1_z;h2:h2_z
0.0005011872336272725,1.000000435786512,1.0000000000894194,7.684365734756284,H1+H2,19541.87985955723,19541.766528113756,-0.11333144347461188,147,192,7.684365734756284,bayes_h1h2_marginal_boundary,measured_graph,0.0025926863610945708,0.5352377546994768,0.051298926168334875,28,h1:h1_z;h2:h2_z
0.000630957344480193,1.0000007874303969,1.0000000000180895,8.79687432868377,H1+H2,19541.280996134363,19541.210273816792,-0.07072231756904392,147,192,8.79687432868377,bayes_h1h2_marginal_boundary,measured_graph,0.001486523610002389,0.5334255401722977,0.051305023310978984,28,h1:h1_z;h2:h2_z
0.0007943282347242822,1.0000014596519835,1.0000000000041682,9.854061114623619,H1+H2,19540.719793615484,19540.681680423822,-0.03811319166347554,147,192,9.854061114623619,bayes_h1h2_marginal_boundary,measured_graph,0.0008762067966312735,0.5311612875902152,0.05131292945769041,28,h1:h1_z;h2:h2_z
0.001,1.0000027440706598,1.0000000000011844,10.825184338325926,H1+H2,19540.21162287773,19540.19611881197,-0.015504065757907535,147,192,10.825184338325926,bayes_h1h2_marginal_boundary,measured_graph,0.000539175176256888,0.5282968057872747,0.051323138243496096,28,h1:h1_z;h2:h2_z
0.0012589254117941675,1.0000047884842465,1.000000000000543,11.63646752639761,H1+H2,19539.793372157787,19539.790477217935,-0.0028949398523394052,147,192,11.63646752639761,bayes_h1h2_marginal_boundary,measured_graph,0.0003593866852147683,0.524657243582266,0.05133633523802029,28,h1:h1_z;h2:h2_z
0.001584893192461114,1.0000067228464837,1.0000000000003548,12.17444437769882,H1+H2,19539.52177460623,19539.521488792285,-0.0002858139467712683,147,192,12.17444437769882,bayes_h1h2_marginal_boundary,measured_graph,0.0002746260902765542,0.5201886045915504,0.05135344030909725,28,h1:h1_z;h2:h2_z
0.0019952623149688807,1.000006529298959,1.000000000000258,12.346930700354278,H1+H2,19539.442922318998,19539.435245630957,-0.007676688041203171,147,192,12.346930700354278,bayes_h1h2_marginal_boundary,measured_graph,0.0002519340481139606,0.5151620294744219,0.05137566274163736,28,h1:h1_z;h2:h2_z
0.002511886431509582,1.0000039009831772,1.0000000000002385,12.197956770891324,H1+H2,19539.534800157824,19539.50973259569,-0.025067562135635053,147,192,12.197956770891324,bayes_h1h2_marginal_boundary,measured_graph,0.00027141643560110826,0.5102456556186947,0.05140455030309556,28,h1:h1_z;h2:h2_z
0.0031622776601683794,1.0000013734290842,1.0000000000002383,12.004854452818108,H1+H2,19539.658742190953,19539.606283754725,-0.05245843623006681,147,192,12.004854452818108,bayes_h1h2_marginal_boundary,measured_graph,0.0002989288135263338,0.506242128428698,0.05144199618039846,28,h1:h1_z;h2:h2_z
0.003981071705534973,1.0000003026804087,1.0000000000002276,12.238415455904033,H1+H2,19539.579352563505,19539.489503253182,-0.08984931032449865,147,192,12.238415455904033,bayes_h1h2_marginal_boundary,measured_graph,0.0002659810223399808,0.5036480449936585,0.05149015114388137,28,h1:h1_z;h2:h2_z
0.005011872336272725,1.0000029891247821,1.0000000000002351,13.37972494483256,H1+H2,19539.056088693138,19538.918848508718,-0.13724018441893068,147,192,13.37972494483256,bayes_h1h2_marginal_boundary,measured_graph,0.00015032058054906798,0.5024886207374705,0.05155121792811926,28,h1:h1_z;h2:h2_z
0.006309573444801936,1.000000727701195,1.0000000000002407,15.757514605516917,H1+H2,19537.924584736887,19537.729953678376,-0.19463105851336257,147,192,15.757514605516917,bayes_h1h2_marginal_boundary,measured_graph,4.578128516880951e-05,0.5025244446539769,0.05162727209186509,28,h1:h1_z;h2:h2_z
0.00794328234724282,1.0000002122836402,1.000000000000252,19.531702349275292,H1+H2,19536.104881739106,19535.842859806497,-0.26202193260779433,147,192,19.531702349275292,bayes_h1h2_marginal_boundary,measured_graph,6.936390337755016e-06,0.5035061832302655,0.051720582058330154,28,h1:h1_z;h2:h2_z
0.01,1.0000000866779475,1.0000000000002656,24.778759965243808,H1+H2,19533.558743805213,19533.219330998512,-0.3394128067022262,147,192,24.778759965243808,bayes_h1h2_marginal_boundary,measured_graph,5.032102052893443e-07,0.5052971865201596,0.05183503208645285,28,h1:h1_z;h2:h2_z
0.012589254117941675,1.0000000514067136,1.0000000000002756,31.584752347400354,H1+H2,19530.24313848823,19529.816334807434,-0.42680368079665804,147,192,31.584752347400354,bayes_h1h2_marginal_boundary,measured_graph,1.6743527988944545e-08,0.5078588096702753,0.05197840305083459,28,h1:h1_z;h2:h2_z
0.01584893192461114,1.0000000415991446,1.000000000000284,40.07054633280495,H1+H2,19526.097632369623,19525.57343781473,-0.5241945548910899,147,192,40.07054633280495,bayes_h1h2_marginal_boundary,measured_graph,2.405360756895901e-10,0.5111809423153567,0.05216333102828128,28,h1:h1_z;h2:h2_z
0.01995262314968881,1.000000042009377,1.000000000000287,50.32071530431858,H1+H2,19521.07993875796,19520.448353328975,-0.6315854289855218,147,192,50.32071530431858,bayes_h1h2_marginal_boundary,measured_graph,1.4301589549571814e-12,0.5152061986922409,0.05240360782849389,28,h1:h1_z;h2:h2_z
0.025118864315095822,1.0000000493313315,1.0000000000002747,62.24957849279599,H1+H2,19515.232898037815,19514.483921734736,-0.7489763030799538,147,192,62.24957849279599,bayes_h1h2_marginal_boundary,measured_graph,3.6733692039529884e-15,0.5197922861364748,0.05270450360414939,28,h1:h1_z;h2:h2_z
0.03162277660168379,1.000000064266731,1.0000000000002507,75.49920154831489,H1+H2,19508.73547738415,19507.859110206977,-0.8763671771743852,147,192,75.49920154831489,bayes_h1h2_marginal_boundary,measured_graph,4.874673029716786e-18,0.5247513208111816,0.053050841683828336,28,h1:h1_z;h2:h2_z
0.039810717055349734,1.0000000899518213,1.000000000000213,89.46766277146526,H1+H2,19501.88863764667,19500.8748795954,-1.0137580512688171,147,192,89.46766277146526,bayes_h1h2_marginal_boundary,measured_graph,4.515778958466668e-21,0.5299508555129514,0.05340186394498408,28,h1:h1_z;h2:h2_z
0.05011872336272725,1.0000001321761463,1.0000000000001663,103.48961710753792,H1+H2,19495.025051352728,19493.863902427365,-1.1611489253632492,147,192,103.48961710753792,bayes_h1h2_marginal_boundary,measured_graph,4.0729021720306805e-24,0.535383290609214,0.053702142992834274,28,h1:h1_z;h2:h2_z
0.06309573444801936,1.000000201111086,1.0000000000001215,117.06520214140619,H1+H2,19488.394649709888,19487.07610991043,-1.3185397994576809,147,192,117.06520214140619,bayes_h1h2_marginal_boundary,measured_graph,4.5920133753979266e-27,0.5411098270075324,0.05390677726567497,28,h1:h1_z;h2:h2_z
0.07943282347242822,1.000000316974483,1.0000000000000844,129.95549959602067,H1+H2,19482.116891856676,19480.630961183124,-1.4859306735521132,147,192,129.95549959602067,bayes_h1h2_marginal_boundary,measured_graph,7.293073947359639e-30,0.5470889393566352,0.05400338843778277,28,h1:h1_z;h2:h2_z
0.1,1.0000005247458958,1.0000000000000573,142.06878414691892,H1+H2,19476.23764045532,19474.574318907675,-1.663321547646544,147,192,142.06878414691892,bayes_h1h2_marginal_boundary,measured_graph,1.7082219495849216e-32,0.5530205404614761,0.05401339168235857,28,h1:h1_z;h2:h2_z
1e-05,1.0000000009749321,1.0000000000152955,1.2598923512123292,H1+H2,24865.786650985632,24863.418964401764,-2.3676865838692702,202,227,1.2598923512123292,bayes_h1h2_marginal_boundary,measured_graph,0.05358181886820714,0.3887220572809484,0.05188152930187535,29,h1:h1_z;h2:h2_z
1.2589254117941661e-05,1.0000000013507562,1.0000000000409932,0.8867477375388262,H1+H2,24865.760614166564,24863.6055367086,-2.155077457963703,202,227,0.8867477375388262,bayes_h1h2_marginal_boundary,measured_graph,0.0645720798663668,0.38872768257569756,0.05187826689202265,29,h1:h1_z;h2:h2_z
1.584893192461114e-05,1.000000001811331,1.0000000000910785,0.5599449774745153,H1+H2,24865.721406420693,24863.768938088633,-1.952468332058134,202,227,0.5599449774745153,bayes_h1h2_marginal_boundary,measured_graph,0.07603421962576352,0.3887343037870419,0.051873794635070816,29,h1:h1_z;h2:h2_z
1.9952623149688786e-05,1.0000000023662328,1.0000000001565346,0.29183031058346387,H1+H2,24865.66285462823,24863.90299542208,-1.7598592061525666,202,227,0.29183031058346387,bayes_h1h2_marginal_boundary,measured_graph,0.08694196530692215,0.3887419084349598,0.05186802671703794,29,h1:h1_z;h2:h2_z
2.5118864315095822e-05,1.0000000030672016,1.0000000001930125,0.09870723105268553,H1+H2,24865.576807042093,24863.999556961844,-1.5772500802469966,202,227,0.09870723105268553,bayes_h1h2_marginal_boundary,measured_graph,0.09575591201102758,0.3887503225889386,0.05186120076895135,29,h1:h1_z;h2:h2_z
3.1622776601683795e-05,1.000000004059531,1.0000000001590628,-0.0,H1+H2,24865.45355153171,24864.04891057737,-1.404640954341429,202,227,-0.0,bayes_h1h2_marginal_boundary,measured_graph,0.10060037506323859,0.38875907771543705,0.05185398753080135,29,h1:h1_z;h2:h2_z
3.9810717055349695e-05,1.0000000056646814,1.0000000000833722,0.01530464045208646,H1+H2,24865.28329008558,24864.041258257144,-1.2420318284358616,202,227,0.01530464045208646,bayes_h1h2_marginal_boundary,measured_graph,0.09983348675812258,0.38876719272723426,0.051847344701612015,29,h1:h1_z;h2:h2_z
5.011872336272725e-05,1.0000000085535359,1.0000000000275189,0.15930831091827713,H1+H2,24865.058679124442,24863.96925642191,-1.089422702530293,202,227,0.15930831091827713,bayes_h1h2_marginal_boundary,measured_graph,0.09289797337540028,0.3887728257427037,0.051842090886556884,29,h1:h1_z;h2:h2_z
6.309573444801929e-05,1.0000000141442236,1.000000026884295,0.4365586250642082,H1+H2,24864.777444841464,24863.83063126484,-0.9468135766247254,202,227,0.4365586250642082,bayes_h1h2_marginal_boundary,measured_graph,0.08087272910784646,0.3887727343431988,0.051838519221934116,29,h1:h1_z;h2:h2_z
7.943282347242822e-05,1.0000000254742627,1.000000007158384,0.8392310434210231,H1+H2,24864.44349950638,24863.62929505566,-0.8142044507191568,202,227,0.8392310434210231,bayes_h1h2_marginal_boundary,measured_graph,0.06612457508426582,0.38876147580564935,0.051836396496013556,29,h1:h1_z;h2:h2_z
0.0001,1.000000048931675,1.0000000015574795,1.3491795673544402,H1+H2,24864.065916118507,24863.374320793693,-0.6915953248135883,202,227,1.3491795673544402,bayes_h1h2_marginal_boundary,measured_graph,0.051242343013621725,0.3887303086935793,0.051835256380574346,29,h1:h1_z;h2:h2_z
0.00012589254117941674,1.0000000970744596,1.000000000288862,1.9421453683680738,H1+H2,24863.656824092093,24863.077837893186,-0.5789861989080206,202,227,1.9421453683680738,bayes_h1h2_marginal_boundary,measured_graph,0.03809500997374804,0.3886658943064864,0.05183468423747579,29,h1:h1_z;h2:h2_z
0.00015848931924611142,1.0000001911420766,1.0000000000471678,2.591152535940637,H1+H2,24863.229711382402,24862.7533343094,-0.47637707300245236,202,227,2.591152535940637,bayes_h1h2_marginal_boundary,measured_graph,0.02753835383607997,0.38854927968637415,0.051834422005701576,29,h1:h1_z;h2:h2_z
0.00019952623149688788,1.00000035639104,1.000000000006937,3.2679782407722087,H1+H2,24862.79868940408,24862.414921456984,-0.38376794709688455,202,227,3.2679782407722087,bayes_h1h2_marginal_boundary,measured_graph,0.019632117351942903,0.38835646035346066,0.051834357689735815,29,h1:h1_z;h2:h2_z
0.0002511886431509582,1.0000005951341475,1.0000000000009617,3.9441200247310917,H1+H2,24862.378009386197,24862.076850565005,-0.30115882119131615,202,227,3.9441200247310917,bayes_h1h2_marginal_boundary,measured_graph,0.014000541025623321,0.38806304097491157,0.05183448767590805,29,h1:h1_z;h2:h2_z
0.00031622776601683794,1.000000833895339,1.0000000000001132,4.594497658094042,H1+H2,24861.98021144361,24861.751661748323,-0.22854969528574837,202,227,4.594497658094042,bayes_h1h2_marginal_boundary,measured_graph,0.010113864010261804,0.3876560245722202,0.051834896286372896,29,h1:h1_z;h2:h2_z
0.00039810717055349735,1.0000009136087924,1.0000000000000175,5.207698625126795,H1+H2,24861.611001834186,24861.445061264807,-0.16594056938017995,202,227,5.207698625126795,bayes_h1h2_marginal_boundary,measured_graph,0.007443243241068104,0.38715227573348043,0.051835762653200876,29,h1:h1_z;h2:h2_z
0.0005011872336272725,1.0000007345320547,1.000000000000005,5.8036452574669966,H1+H2,24861.26041939211,24861.147087948637,-0.11333144347461188,202,227,5.8036452574669966,bayes_h1h2_marginal_boundary,measured_graph,0.0055252768634943385,0.3866127478056649,0.051837395586551496,29,h1:h1_z;h2:h2_z
0.000630957344480193,1.0000004181991,1.0000000000000007,6.450579746342555,H1+H2,24860.89434302177,24860.8236207042,-0.07072231756904392,202,227,6.450579746342555,bayes_h1h2_marginal_boundary,measured_graph,0.003998287373262297,0.38613263853317875,0.05184029951086037,29,h1:h1_z;h2:h2_z
0.0007943282347242822,1.000000170782099,1.0000000000000004,7.264656178194855,H1+H2,24860.454695679935,24860.416582488273,-0.03811319166347554,202,227,7.264656178194855,bayes_h1h2_marginal_boundary,measured_graph,0.0026613350538406927,0.3858028187465672,0.051845279339865324,29,h1:h1_z;h2:h2_z
0.001,1.0000000536581561,1.0000000000000013,8.384776969563973,H1+H2,24859.872026158348,24859.85652209259,-0.015504065757907535,202,227,8.384776969563973,bayes_h1h2_marginal_boundary,measured_graph,0.0015200868952313313,0.3856728589468868,0.05185359473130523,29,h1:h1_z;h2:h2_z
0.0012589254117941675,1.0000000146069694,1.0,9.941421945768525,H1+H2,24859.081094544337,24859.078199604486,-0.0028949398523394052,202,227,9.941421945768525,bayes_h1h2_marginal_boundary,measured_graph,0.0006979868702248768,0.3857487639306359,0.05186716921496458,29,h1:h1_z;h2:h2_z
0.001584893192461114,1.000000003981596,1.0000000000000016,12.046465194129269,H1+H2,24858.02596379425,24858.025677980306,-0.0002858139467712683,202,227,12.046465194129269,bayes_h1h2_marginal_boundary,measured_graph,0.00024363681853815345,0.38601913405411564,0.051888836455202585,29,h1:h1_z;h2:h2_z
0.0019952623149688807,1.000000001249487,1.0000000000000013,14.808571068751917,H1+H2,24856.652301731036,24856.644625042994,-0.007676688041203171,202,227,14.808571068751917,bayes_h1h2_marginal_boundary,measured_graph,6.122929371833879e-05,0.38648154593091266,0.051922546403145385,29,h1:h1_z;h2:h2_z
0.002511886431509582,1.0000000005013057,1.000000000000002,18.356640187259472,H1+H2,24854.895658045876,24854.87059048374,-0.025067562135635053,202,227,18.356640187259472,bayes_h1h2_marginal_boundary,measured_graph,1.0387375465968115e-05,0.3871554147999636,0.0519733451355418,29,h1:h1_z;h2:h2_z
0.0031622776601683794,1.0000000002723959,1.0000000000000022,22.851270593215304,H1+H2,24852.67573371699,24852.623275280763,-0.05245843623006681,202,227,22.851270593215304,bayes_h1h2_marginal_boundary,measured_graph,1.097764641707435e-06,0.3880842259548534,0.05204682658426692,29,h1:h1_z;h2:h2_z
0.003981071705534973,1.0000000002041947,1.0000000000000009,28.472423647493997,H1+H2,24849.902548063947,24849.812698753623,-0.08984931032449865,202,227,28.472423647493997,bayes_h1h2_marginal_boundary,measured_graph,6.605281967989197e-08,0.3893320857139869,0.052147825316830036,29,h1:h1_z;h2:h2_z
0.005011872336272725,1.0000000002085818,1.0000000000000007,35.382782163978845,H1+H2,24846.4947596798,24846.35751949538,-0.13724018441893068,202,227,35.382782163978845,bayes_h1h2_marginal_boundary,measured_graph,2.0860565424591625e-09,0.39097440000504174,0.05227869086515865,29,h1:h1_z;h2:h2_z
0.006309573444801936,1.0000000002768437,1.0000000000000007,43.679648820878356,H1+H2,24842.403717225443,24842.20908616693,-0.19463105851336257,202,227,43.679648820878356,bayes_h1h2_marginal_boundary,measured_graph,3.293702524648453e-11,0.3930781772229843,0.052438446290285844,29,h1:h1_z;h2:h2_z
0.00794328234724282,1.0000000004386727,1.0000000000000007,53.353956383871264,H1+H2,24837.633954318044,24837.371932385435,-0.26202193260779433,202,227,53.353956383871264,bayes_h1h2_marginal_boundary,measured_graph,2.611771492677616e-13,0.3956686458776146,0.052624225024417444,29,h1:h1_z;h2:h2_z
0.01,1.0000000007459036,1.0000000000000004,64.26552794050804,H1+H2,24832.255559413818,24831.916146607116,-0.3394128067022262,202,227,64.26552794050804,bayes_h1h2_marginal_boundary,measured_graph,1.1156231543228625e-15,0.39869016620121267,0.052834383959176806,29,h1:h1_z;h2:h2_z
0.012589254117941675,1.0000000012235475,1.000000000000001,76.1410666416632,H1+H2,24826.405180937334,24825.97837725654,-0.42680368079665804,202,227,76.1410666416632,bayes_h1h2_marginal_boundary,measured_graph,2.942910506935749e-18,0.40198795007623817,0.053070432696895604,29,h1:h1_z;h2:h2_z
0.01584893192461114,1.0000000017635788,1.0000000000000007,88.6161463669705,H1+H2,24820.265031948777,24819.740837393885,-0.5241945548910899,202,227,88.6161463669705,bayes_h1h2_marginal_boundary,measured_graph,5.752384568051376e-21,0.4053390877544301,0.05333590696796596,29,h1:h1_z;h2:h2_z
0.01995262314968881,1.00000000206477,0.9999999999999992,101.32715274290967,H1+H2,24814.0169196349,24813.385334205916,-0.6315854289855218,202,227,101.32715274290967,bayes_h1h2_marginal_boundary,measured_graph,9.99281732425315e-24,0.4085229221465391,0.053633872795132674,29,h1:h1_z;h2:h2_z
0.025118864315095822,1.0000000018375486,1.0000000000000016,114.00561472276604,H1+H2,24807.795079519066,24807.046103215987,-0.7489763030799538,202,227,114.00561472276604,bayes_h1h2_marginal_boundary,measured_graph,1.7643913088567484e-26,0.41137806962865786,0.053966010831231745,29,h1:h1_z;h2:h2_z
0.03162277660168379,1.0000000011760253,0.9999999999999978,126.51246285269008,H1+H2,24801.6690463282,24800.792679151025,-0.8763671771743852,202,227,126.51246285269008,bayes_h1h2_marginal_boundary,measured_graph,3.394433816931636e-29,0.41381456753078516,0.05433290901126428,29,h1:h1_z;h2:h2_z
0.039810717055349734,1.0000000005175005,0.9999999999999993,138.79014276319504,H1+H2,24795.66759724704,24794.653839195773,-1.0137580512688171,202,227,138.79014276319504,bayes_h1h2_marginal_boundary,measured_graph,7.323235958714383e-32,0.41580668571244084,0.05473165262175541,29,h1:h1_z;h2:h2_z
0.05011872336272725,1.0000000001512597,0.9999999999999984,150.7648477994153,H1+H2,24789.827635603026,24788.666486677663,-1.1611489253632492,202,227,150.7648477994153,bayes_h1h2_marginal_boundary,measured_graph,1.8383528289468394e-34,0.41739605519122464,0.05514969363067246,29,h1:h1_z;h2:h2_z
0.06309573444801936,1.000000000029047,1.0000000000000044,162.28790740668774,H1+H2,24784.223496673483,24782.904956874027,-1.3185397994576809,202,227,162.28790740668774,bayes_h1h2_marginal_boundary,measured_graph,5.783999765856277e-37,0.4186960690526832,0.055561623385510385,29,h1:h1_z;h2:h2_z
0.07943282347242822,1.0000000275806653,1.0000000000000024,173.1909765297969,H1+H2,24778.939352986024,24777.453422312472,-1.4859306735521132,202,227,173.1909765297969,bayes_h1h2_marginal_boundary,measured_graph,2.481172098298344e-39,0.41987389707892636,0.05593629274424792,29,h1:h1_z;h2:h2_z
0.1,1.000000008130944,1.0000000000000053,183.3957222822064,H1+H2,24774.014370983914,24772.351049436267,-1.663321547646544,202,227,183.3957222822064,bayes_h1h2_marginal_boundary,measured_graph,1.5091225339734737e-41,0.4211017176180055,0.056251207922625814,29,h1:h1_z;h2:h2_z
1e-05,1.0000000000082037,1.0000000009757284,7.207604904688196,H1+H2,28956.14649667363,28953.778810089763,-2.3676865838692702,226,265,7.207604904688196,bayes_h1h2_marginal_boundary,measured_graph,0.0027256813469633085,0.11677405073701273,0.0474361126206035,30,h1:h1_z;h2:h2_z
1.2589254117941661e-05,1.00000000002217,1.0000000032552148,6.701461911317892,H1+H2,28956.18695904441,28954.03188158645,-2.155077457963703,226,265,6.701461911317892,bayes_h1h2_marginal_boundary,measured_graph,0.0035106104127689947,0.11677243420264143,0.047423747052895635,30,h1:h1_z;h2:h2_z
1.584893192461114e-05,1.000000000063347,1.000000009877148,6.175761322519975,H1+H2,28956.247200212907,28954.294731880847,-1.952468332058134,226,265,6.175761322519975,bayes_h1h2_marginal_boundary,measured_graph,0.00456601221598814,0.11677003696941436,0.04740540314726878,30,h1:h1_z;h2:h2_z
1.9952623149688786e-05,1.000000000185647,1.0000000260522963,5.613993299106369,H1+H2,28956.335475098706,28954.575615892554,-1.7598592061525666,226,265,5.613993299106369,bayes_h1h2_marginal_boundary,measured_graph,0.006046769939877191,0.1167664490891206,0.04737903756031145,30,h1:h1_z;h2:h2_z
2.5118864315095822e-05,1.0000000005410112,1.000000056254445,4.9971470247764955,H1+H2,28956.461289109968,28954.88403902972,-1.5772500802469966,226,265,4.9971470247764955,bayes_h1h2_marginal_boundary,measured_graph,0.008231328081108838,0.11676103904841995,0.04734291399547037,30,h1:h1_z;h2:h2_z
3.1622776601683795e-05,1.0000000015269688,1.000000092443805,4.308861266385065,H1+H2,28956.632822863256,28955.228181908915,-1.404640954341429,226,265,4.308861266385065,bayes_h1h2_marginal_boundary,measured_graph,0.011612594612718165,0.11675283807910158,0.04729674459040856,30,h1:h1_z;h2:h2_z
3.9810717055349695e-05,1.0000000040997081,1.0000001069307847,3.546086400288914,H1+H2,28956.851601170398,28955.609569341963,-1.2420318284358616,226,265,3.546086400288914,bayes_h1h2_marginal_boundary,measured_graph,0.017004494383990675,0.11674037380472675,0.04724312163508435,30,h1:h1_z;h2:h2_z
5.011872336272725e-05,1.0000000103704185,1.0000000813119438,2.7332286962191574,H1+H2,28957.10542089653,28956.015998193998,-1.089422702530293,226,265,2.7332286962191574,bayes_h1h2_marginal_boundary,measured_graph,0.025531335392437182,0.11672144658237432,0.04718804762716421,30,h1:h1_z;h2:h2_z
6.309573444801929e-05,1.0000000245695115,1.0000000390493038,1.929520440629858,H1+H2,28957.364665898418,28956.417852321792,-0.9468135766247254,226,265,1.929520440629858,bayes_h1h2_marginal_boundary,measured_graph,0.03815896274491225,0.11669286714261169,0.047139109632192096,30,h1:h1_z;h2:h2_z
7.943282347242822e-05,1.0000000539963732,1.000000011862575,1.215634229083662,H1+H2,28957.588999878284,28956.774795427566,-0.8142044507191568,226,265,1.215634229083662,bayes_h1h2_marginal_boundary,measured_graph,0.05452742413500322,0.11665024355721731,0.047101831533187664,30,h1:h1_z;h2:h2_z
0.0001,1.0000001078507699,1.0000000023806745,0.660223146835051,H1+H2,28957.744096293503,28957.05250096869,-0.6915953248135883,226,265,0.660223146835051,bayes_h1h2_marginal_boundary,measured_graph,0.07198151222355582,0.11658805481575578,0.04707728909439228,30,h1:h1_z;h2:h2_z
0.00012589254117941674,1.000000188876571,1.0000000003390668,0.2898005188180832,H1+H2,28957.816698481605,28957.2377122827,-0.5789861989080206,226,265,0.2898005188180832,bayes_h1h2_marginal_boundary,measured_graph,0.08662778658650369,0.11650048421521986,0.047062948236590726,30,h1:h1_z;h2:h2_z
0.00015848931924611142,1.0000002750312902,1.0000000858559022,0.08465752608026378,H1+H2,28957.81666085207,28957.340283779067,-0.47637707300245236,226,265,0.08465752608026378,bayes_h1h2_marginal_boundary,measured_graph,0.09598501847604109,0.116383642293581,0.04705516016640476,30,h1:h1_z;h2:h2_z
0.00019952623149688788,1.0000003112008522,1.0000000171091636,0.00040105741209117696,H1+H2,28957.766179960498,28957.3824120134,-0.38376794709688455,226,265,0.00040105741209117696,bayes_h1h2_marginal_boundary,measured_graph,0.1001150831793635,0.11623930819325885,0.047050953011511396,30,h1:h1_z;h2:h2_z
0.0002511886431509582,1.0000002543827526,1.0000000031393224,-0.0,H1+H2,28957.6837713633,28957.382612542107,-0.30115882119131615,226,265,-0.0,bayes_h1h2_marginal_boundary,measured_graph,0.1001351611404856,0.11607839736681391,0.04704848410609039,30,h1:h1_z;h2:h2_z
0.00031622776601683794,1.0000001413596828,1.0000000005469125,0.0807329122981173,H1+H2,28957.570795781245,28957.34224608596,-0.22854969528574837,226,265,0.0807329122981173,bayes_h1h2_marginal_boundary,measured_graph,0.09617355546245111,0.11591999229413963,0.047046832117089134,30,h1:h1_z;h2:h2_z
0.00039810717055349735,1.0000000519122194,1.0000000000927407,0.28237570044439053,H1+H2,28957.407365261264,28957.241424691885,-0.16594056938017995,226,265,0.28237570044439053,bayes_h1h2_marginal_boundary,measured_graph,0.08694998206795529,0.11578348037480858,0.04704566027779441,30,h1:h1_z;h2:h2_z
0.0005011872336272725,1.000000012810732,1.0000000000157203,0.6689960517833242,H1+H2,28957.16144595969,28957.048114516216,-0.11333144347461188,226,265,0.6689960517833242,bayes_h1h2_marginal_boundary,measured_graph,0.07166646022663496,0.11567893295846365,0.047045006312359354,30,h1:h1_z;h2:h2_z
0.000630957344480193,1.0000000022535422,1.000000000002753,1.2968356613855576,H1+H2,28956.804917028985,28956.734194711415,-0.07072231756904392,226,265,1.2968356613855576,bayes_h1h2_marginal_boundary,measured_graph,0.05235791156115877,0.11560446530907985,0.04704520915209599,30,h1:h1_z;h2:h2_z
0.0007943282347242822,1.0000000003086613,1.0000000000005254,2.194983785120712,H1+H2,28956.32323384121,28956.285120649547,-0.03811319166347554,226,265,2.194983785120712,bayes_h1h2_marginal_boundary,measured_graph,0.03341580501932007,0.11555161116417298,0.04704693762130377,30,h1:h1_z;h2:h2_z
0.001,1.0000000000366218,1.0000000000001188,3.371960166754434,H1+H2,28955.71213652449,28955.69663245873,-0.015504065757907535,226,265,3.371960166754434,bayes_h1h2_marginal_boundary,measured_graph,0.018551317326010282,0.11551218695626353,0.04705128544120783,30,h1:h1_z;h2:h2_z
0.0012589254117941675,1.0000000214149936,1.0000000000000395,4.838668768366915,H1+H2,28954.966173097775,28954.963278157924,-0.0028949398523394052,226,265,4.838668768366915,bayes_h1h2_marginal_boundary,measured_graph,0.0089101092294493,0.11548210581181617,0.047059888459534904,30,h1:h1_z;h2:h2_z
0.001584893192461114,1.0000000055577154,1.0000000000000178,6.632295744660951,H1+H2,28954.066750483722,28954.066464669777,-0.0002858139467712683,226,265,6.632295744660951,bayes_h1h2_marginal_boundary,measured_graph,0.003634141883156681,0.1154626046945147,0.04707497199890381,30,h1:h1_z;h2:h2_z
0.0019952623149688807,1.00000000178092,1.0000000000000118,8.83228865700221,H1+H2,28952.974144901647,28952.966468213606,-0.007676688041203171,226,265,8.83228865700221,bayes_h1h2_marginal_boundary,measured_graph,0.001209705033939577,0.11546098655730694,0.047099126480420285,30,h1:h1_z;h2:h2_z
0.002511886431509582,1.0000000007679677,1.0000000000000118,11.564330511631852,H1+H2,28951.625514848427,28951.60044728629,-0.025067562135635053,226,265,11.564330511631852,bayes_h1h2_marginal_boundary,measured_graph,0.0003086200497840014,0.11549238185819839,0.04713445245121045,30,h1:h1_z;h2:h2_z
0.0031622776601683794,1.0000000004472986,1.0000000000000095,14.98994653198315,H1+H2,28949.940097712344,28949.887639276116,-0.05245843623006681,226,265,14.98994653198315,bayes_h1h2_marginal_boundary,measured_graph,5.566228999308799e-05,0.11558321427331093,0.04718066301348567,30,h1:h1_z;h2:h2_z
0.003981071705534973,1.0000000003278453,1.000000000000012,19.286922517771018,H1+H2,28947.829000593545,28947.739151283222,-0.08984931032449865,226,265,19.286922517771018,bayes_h1h2_marginal_boundary,measured_graph,6.493585898645265e-06,0.11577678679440605,0.047232170215681435,30,h1:h1_z;h2:h2_z
0.005011872336272725,1.000000000277623,1.0000000000000122,24.646186688631133,H1+H2,28945.196759382212,28945.05951919779,-0.13724018441893068,226,265,24.646186688631133,bayes_h1h2_marginal_boundary,measured_graph,4.4538456431311623e-07,0.11614108662956173,0.04727543772997824,30,h1:h1_z;h2:h2_z
0.006309573444801936,1.0000000002553717,1.0000000000000129,31.326976201606158,H1+H2,28941.913755499816,28941.719124441304,-0.19463105851336257,226,265,31.326976201606158,bayes_h1h2_marginal_boundary,measured_graph,1.5776844734169436e-08,0.11677808561441626,0.04728917393723826,30,h1:h1_z;h2:h2_z
0.00794328234724282,1.0000000002462774,1.000000000000014,39.78183977800654,H1+H2,28937.753714585713,28937.491692653104,-0.26202193260779433,226,265,39.78183977800654,bayes_h1h2_marginal_boundary,measured_graph,2.301812018169461e-10,0.11783202514733995,0.04724915494162763,30,h1:h1_z;h2:h2_z
0.01,1.000000000244269,1.0000000000000158,50.78366754788294,H1+H2,28932.330191574867,28931.990778768166,-0.3394128067022262,226,265,50.78366754788294,bayes_h1h2_marginal_boundary,measured_graph,9.398386642677346e-13,0.1194915327029313,0.04713625515763879,30,h1:h1_z;h2:h2_z
0.012589254117941675,1.0000000002462877,1.0000000000000153,65.43534534673381,H1+H2,28925.091743549536,28924.66493986874,-0.42680368079665804,226,265,65.43534534673381,bayes_h1h2_marginal_boundary,measured_graph,6.187025390233748e-16,0.12197799060295132,0.04694404452728637,30,h1:h1_z;h2:h2_z
0.01584893192461114,1.0000000002502107,1.0000000000000142,84.97016334505315,H1+H2,28915.421725424472,28914.89753086958,-0.5241945548910899,226,265,84.97016334505315,bayes_h1h2_marginal_boundary,measured_graph,3.544459900758675e-20,0.1255120081067027,0.04668298597338338,30,h1:h1_z;h2:h2_z
0.01995262314968881,1.0000000002540697,1.00000000000001,110.3289122428614,H1+H2,28902.849741849663,28902.218156420677,-0.6315854289855218,226,265,110.3289122428614,bayes_h1h2_marginal_boundary,measured_graph,1.1039965349599962e-25,0.13025325886909775,0.04637947200834341,30,h1:h1_z;h2:h2_z
0.025118864315095822,1.00000000025509,1.0000000000000073,141.63032820058288,H1+H2,28887.316424744895,28886.567448441816,-0.7489763030799538,226,265,141.63032820058288,bayes_h1h2_marginal_boundary,measured_graph,1.7617796823891174e-32,0.13622127479894688,0.04606917089688989,30,h1:h1_z;h2:h2_z
0.03162277660168379,1.0000000002481568,1.0000000000000038,177.81907271864475,H1+H2,28869.34944335996,28868.473076182785,-0.8763671771743852,226,265,177.81907271864475,bayes_h1h2_marginal_boundary,measured_graph,2.4415497136607e-40,0.1432288686372144,0.045786867688120736,30,h1:h1_z;h2:h2_z
0.039810717055349734,1.0000000002260099,1.000000000000002,216.7789394565698,H1+H2,28850.00690086509,28848.993142813822,-1.0137580512688171,226,265,216.7789394565698,bayes_h1h2_marginal_boundary,measured_graph,8.465215171561156e-49,0.15087657949866962,0.04555714091653342,30,h1:h1_z;h2:h2_z
0.05011872336272725,1.0000000001844709,1.0000000000000007,255.9141040391478,H1+H2,28830.586709447896,28829.425560522533,-1.1611489253632492,226,265,255.9141040391478,bayes_h1h2_marginal_boundary,measured_graph,2.688716351292791e-57,0.15863374467155114,0.045389789569774325,30,h1:h1_z;h2:h2_z
0.06309573444801936,1.0000000001299116,1.0000000000000009,292.89810611034045,H1+H2,28812.252099286394,28810.933559486937,-1.3185397994576809,226,265,292.89810611034045,bayes_h1h2_marginal_boundary,measured_graph,2.503634798230589e-65,0.16597883945534048,0.045281766637751616,30,h1:h1_z;h2:h2_z
0.07943282347242822,1.0000000000791367,1.0,326.2354361211328,H1+H2,28795.750825155093,28794.26489448154,-1.4859306735521132,226,265,326.2354361211328,bayes_h1h2_marginal_boundary,measured_graph,1.443649439851489e-72,0.17253531991035384,0.04522369053952275,30,h1:h1_z;h2:h2_z
0.1,1.000000000048362,1.0,355.4122716585043,H1+H2,28781.339798260502,28779.676476712855,-1.663321547646544,226,265,355.4122716585043,bayes_h1h2_marginal_boundary,measured_graph,6.664881160464551e-79,0.1781416102762751,0.045205815945193295,30,h1:h1_z;h2:h2_z
1e-05,1.0000013727837036,0.9999998592613145,247.72063339257875,H1+H2,30275.148214215165,30272.780527631297,-2.3676865838692702,216,267,247.72063339257875,bayes_h1h2_marginal_boundary,measured_graph,1.2546943014746545e-54,0.02099305519759936,0.005707609757881134,31,h1:h1_z;h2:h2_z
1.2589254117941661e-05,1.0000000495036587,0.9999999674666645,246.05741272685555,H1+H2,30275.76721542212,30273.61213796416,-2.155077457963703,216,267,246.05741272685555,bayes_h1h2_marginal_boundary,measured_graph,2.8820512819404335e-54,0.020939025941712628,0.0057052056676557055,31,h1:h1_z;h2:h2_z
1.584893192461114e-05,1.000000150536958,0.999999994024679,244.3684735899078,H1+H2,30276.409075864693,30274.456607532633,-1.952468332058134,216,267,244.3684735899078,bayes_h1h2_marginal_boundary,measured_graph,6.705793536981474e-54,0.020862901321040135,0.0057039234206594566,31,h1:h1_z;h2:h2_z
1.9952623149688786e-05,1.0000003239554283,0.9999999991051228,242.45198506986344,H1+H2,30277.174710998806,30275.414851792655,-1.7598592061525666,216,267,242.45198506986344,bayes_h1h2_marginal_boundary,measured_graph,1.7482775162583446e-53,0.02076255619344674,0.005703192933215014,31,h1:h1_z;h2:h2_z
2.5118864315095822e-05,1.000000441513545,0.9999999998840747,240.13513578845595,H1+H2,30278.150526513607,30276.57327643336,-1.5772500802469966,216,267,240.13513578845595,bayes_h1h2_marginal_boundary,measured_graph,5.568109938267087e-53,0.02064219016959838,0.005702685314443198,31,h1:h1_z;h2:h2_z
3.1622776601683795e-05,1.0000003441157557,0.9999999999882683,237.3692314349537,H1+H2,30279.36086956445,30277.95622861011,-1.404640954341429,216,267,237.3692314349537,bayes_h1h2_marginal_boundary,measured_graph,2.219812540836762e-52,0.020514708953683618,0.005702226002449046,31,h1:h1_z;h2:h2_z
3.9810717055349695e-05,1.0000001441034074,0.9999999999984455,234.30395377821696,H1+H2,30280.730899266913,30279.48886743848,-1.2420318284358616,216,267,234.30395377821696,bayes_h1h2_marginal_boundary,measured_graph,1.0278574464292633e-51,0.020398170745852547,0.005701719957766242,31,h1:h1_z;h2:h2_z
5.011872336272725e-05,1.0000021348776331,1.0000000000000238,231.2629619015861,H1+H2,30282.098786079325,30281.009363376794,-1.089422702530293,216,267,231.2629619015861,bayes_h1h2_marginal_boundary,measured_graph,4.7019270011994205e-51,0.020306462337193264,0.005701105624550679,31,h1:h1_z;h2:h2_z
6.309573444801929e-05,1.00000044889878,1.00000000000056,228.5973649651787,H1+H2,30283.288975421623,30282.342161844997,-0.9468135766247254,216,267,228.5973649651787,bayes_h1h2_marginal_boundary,measured_graph,1.7828011375398866e-50,0.020242728275929225,0.005700329803170249,31,h1:h1_z;h2:h2_z
7.943282347242822e-05,1.0000000677995258,1.0000000000001208,226.52604439023708,H1+H2,30284.192026583187,30283.37782213247,-0.8142044507191568,216,267,226.52604439023708,bayes_h1h2_marginal_boundary,measured_graph,5.022089527435265e-50,0.020200993459360488,0.005699333443892925,31,h1:h1_z;h2:h2_z
0.0001,1.000000008004157,0.9999999999104164,225.07678267008305,H1+H2,30284.79404831736,30284.102452992545,-0.6915953248135883,216,267,225.07678267008305,bayes_h1h2_marginal_boundary,measured_graph,1.0365437431030223e-49,0.020172426211074835,0.005698041609343078,31,h1:h1_z;h2:h2_z
0.00012589254117941674,1.000000000797596,0.999999999984186,224.13090943208954,H1+H2,30285.15437581045,30284.575389611542,-0.5789861989080206,216,267,224.13090943208954,bayes_h1h2_marginal_boundary,measured_graph,1.6633414048591214e-49,0.020149494344189976,0.005696353572578723,31,h1:h1_z;h2:h2_z
0.00015848931924611142,1.0000000000716256,0.9999999999971927,223.49705828661536,H1+H2,30285.36869225728,30284.89231518428,-0.47637707300245236,216,267,223.49705828661536,bayes_h1h2_marginal_boundary,measured_graph,2.2836020582858386e-49,0.020127022632755613,0.005694130356603087,31,h1:h1_z;h2:h2_z
0.00019952623149688788,1.0000000254613461,0.9999999999994262,222.96290019674052,H1+H2,30285.543162176313,30285.159394229217,-0.38376794709688455,216,267,222.96290019674052,bayes_h1h2_marginal_boundary,measured_graph,2.982712410443157e-49,0.020101607605859762,0.005691177310883166,31,h1:h1_z;h2:h2_z
0.0002511886431509582,1.0000000048474527,0.9999999999999367,222.31463012711902,H1+H2,30285.78468808522,30285.483529264027,-0.30115882119131615,216,267,222.31463012711902,bayes_h1h2_marginal_boundary,measured_graph,4.124596208676472e-49,0.020070744414237333,0.0056872190301537374,31,h1:h1_z;h2:h2_z
0.00031622776601683794,1.0000000009361922,0.9999999999999608,221.33332778748445,H1+H2,30286.20273012913,30285.974180433845,-0.22854969528574837,216,267,221.33332778748445,bayes_h1h2_marginal_boundary,measured_graph,6.737030815298994e-49,0.020032155031902858,0.005681863365750751,31,h1:h1_z;h2:h2_z
0.00039810717055349735,1.0000000001877023,1.0000000000000258,219.77839838071668,H1+H2,30286.917585706607,30286.75164513723,-0.16594056938017995,216,267,219.77839838071668,bayes_h1h2_marginal_boundary,measured_graph,1.465943271196204e-48,0.01998335090614679,0.00567455107842375,31,h1:h1_z;h2:h2_z
0.0005011872336272725,1.0000000000401938,0.9999999999999659,217.36422773404774,H1+H2,30288.072061904037,30287.958730460563,-0.11333144347461188,216,267,217.36422773404774,bayes_h1h2_marginal_boundary,measured_graph,4.9017105191004585e-48,0.01992132935940294,0.005664489105286949,31,h1:h1_z;h2:h2_z
0.000630957344480193,1.0000000000094846,0.9999999999999987,213.73337512991566,H1+H2,30289.8448790802,30289.77415676263,-0.07072231756904392,216,267,213.73337512991566,bayes_h1h2_marginal_boundary,measured_graph,3.011461288324186e-47,0.019842331479979883,0.005650571367692619,31,h1:h1_z;h2:h2_z
0.0007943282347242822,1.0000000000025957,1.0000000000000002,208.4305510822087,H1+H2,30292.463681978144,30292.425568786482,-0.03811319166347554,216,267,208.4305510822087,bayes_h1h2_marginal_boundary,measured_graph,4.268456855049501e-46,0.019741630953008765,0.005631307145995746,31,h1:h1_z;h2:h2_z
0.001,1.0000000000008404,0.9999999999999936,200.88749595073023,H1+H2,30296.21260041798,30296.19709635222,-0.015504065757907535,216,267,200.88749595073023,bayes_h1h2_marginal_boundary,measured_graph,1.8544900440807498e-44,0.019613380899649625,0.005604811332385039,31,h1:h1_z;h2:h2_z
0.0012589254117941675,1.000000000000338,1.0000000000000004,190.44063049242686,H1+H2,30301.423424021224,30301.420529081373,-0.0028949398523394052,216,267,190.44063049242686,bayes_h1h2_marginal_boundary,measured_graph,3.441379101268417e-42,0.01945062768365865,0.005568966130724497,31,h1:h1_z;h2:h2_z
0.001584893192461114,1.000000000000173,1.0000000000000013,176.41765919300087,H1+H2,30308.43230054503,30308.432014731086,-0.0002858139467712683,216,267,176.41765919300087,bayes_h1h2_marginal_boundary,measured_graph,3.817526360682406e-39,0.019245732299246622,0.005521910662901105,31,h1:h1_z;h2:h2_z
0.0019952623149688807,1.0000000000001077,1.0000000000000009,158.3298307394798,H1+H2,30317.483605645888,30317.475928957847,-0.007676688041203171,216,267,158.3298307394798,bayes_h1h2_marginal_boundary,measured_graph,3.232243629047466e-35,0.018991622838368256,0.005462947904211205,31,h1:h1_z;h2:h2_z
0.002511886431509582,1.000000000000065,1.0000000000000007,136.16255460231332,H1+H2,30328.584634588566,30328.55956702643,-0.025067562135635053,216,267,136.16255460231332,bayes_h1h2_marginal_boundary,measured_graph,2.104102734158465e-30,0.018684432240496675,0.005393622967483958,31,h1:h1_z;h2:h2_z
0.0031622776601683794,1.0000000000000528,0.9999999999999986,110.6608686273903,H1+H2,30341.36286845012,30341.31041001389,-0.05245843623006681,216,267,110.6608686273903,bayes_h1h2_marginal_boundary,measured_graph,7.2558398718888135e-25,0.018327795501241112,0.0053182084207702195,31,h1:h1_z;h2:h2_z
0.003981071705534973,1.0000000000000329,0.9999999999999987,83.43737722185324,H1+H2,30355.012005026983,30354.92215571666,-0.08984931032449865,216,267,83.43737722185324,bayes_h1h2_marginal_boundary,measured_graph,5.918255870397467e-19,0.017937767100868987,0.005242811385863443,31,h1:h1_z;h2:h2_z
0.005011872336272725,1.0000000000000255,0.9999999999999983,56.79267623177293,H1+H2,30368.38174639612,30368.2445062117,-0.13724018441893068,216,267,56.79267623177293,bayes_h1h2_marginal_boundary,measured_graph,3.6142404615388016e-13,0.017544935818125024,0.005173393403216428,31,h1:h1_z;h2:h2_z
0.006309573444801936,1.000000000000017,1.0,33.27407280818443,H1+H2,30380.198438982006,30380.003807923495,-0.19463105851336257,216,267,33.27407280818443,bayes_h1h2_marginal_boundary,measured_graph,4.6239900192494845e-08,0.017189354948002934,0.005114149992154751,31,h1:h1_z;h2:h2_z
0.00794328234724282,1.0000000000000173,1.0000000000000004,15.108185555269301,H1+H2,30389.34877348256,30389.086751549952,-0.26202193260779433,216,267,15.108185555269301,bayes_h1h2_marginal_boundary,measured_graph,0.0004070888284586943,0.016908639005626246,0.0050672399207791425,31,h1:h1_z;h2:h2_z
0.01,1.0000000000000122,1.0000000000000007,3.777351952288882,H1+H2,30395.091581158144,30394.752168351442,-0.3394128067022262,216,267,3.777351952288882,bayes_h1h2_marginal_boundary,measured_graph,0.11752991957821185,0.016727768811279162,0.005033387859452764,31,h1:h1_z;h2:h2_z
0.012589254117941675,1.000000000000009,0.9999999999999983,-0.0,H1+H2,30397.067648008382,30396.640844327587,-0.42680368079665804,216,267,-0.0,bayes_h1h2_marginal_boundary,measured_graph,0.7769444943887892,0.016658914632079518,0.005012430566154033,31,h1:h1_z;h2:h2_z
0.01584893192461114,1.000000000000009,1.0000000000000002,4.0063152604561765,H1+H2,30395.16188125225,30394.63768669736,-0.5241945548910899,216,267,4.0063152604561765,bayes_h1h2_marginal_boundary,measured_graph,0.10481650833842676,0.016708062579091278,0.005003607004897428,31,h1:h1_z;h2:h2_z
0.01995262314968881,1.0000000000000044,1.0000000000000004,15.705933403907693,H1+H2,30389.41946305462,30388.787877625633,-0.6315854289855218,216,267,15.705933403907693,bayes_h1h2_marginal_boundary,measured_graph,0.0003019186134147443,0.016878168924353728,0.005005872284373818,31,h1:h1_z;h2:h2_z
0.025118864315095822,1.0000000000000044,1.0000000000000004,34.584622464441054,H1+H2,30380.097509398445,30379.348533095366,-0.7489763030799538,216,267,34.584622464441054,bayes_h1h2_marginal_boundary,measured_graph,2.4012348953973906e-08,0.01716558675590126,0.005018216925105781,31,h1:h1_z;h2:h2_z
0.03162277660168379,1.0000000000000069,0.9999999999999996,59.613774200872285,H1+H2,30367.710324404325,30366.83395722715,-0.8763671771743852,216,267,59.613774200872285,bayes_h1h2_marginal_boundary,measured_graph,8.819082454642276e-14,0.017556635752298343,0.00503979120692628,31,h1:h1_z;h2:h2_z
0.039810717055349734,1.0000000000000075,0.9999999999999998,89.4696133643738,H1+H2,30352.919795696667,30351.9060376454,-1.0137580512688171,216,267,89.4696133643738,bayes_h1h2_marginal_boundary,measured_graph,2.8994144729715154e-20,0.018030537608800728,0.005069981162951006,31,h1:h1_z;h2:h2_z
0.05011872336272725,1.0000000000000073,1.0,122.93098603661201,H1+H2,30336.336500234644,30335.17535130928,-1.1611489253632492,216,267,122.93098603661201,bayes_h1h2_marginal_boundary,measured_graph,1.5713232921183067e-27,0.01856591025095922,0.005108669362523569,31,h1:h1_z;h2:h2_z
0.06309573444801936,1.0000000000000093,1.0000000000000002,159.11914173691912,H1+H2,30318.399813258584,30317.081273459127,-1.3185397994576809,216,267,159.11914173691912,bayes_h1h2_marginal_boundary,measured_graph,2.1782482949614718e-35,0.019144692396135567,0.005156474569456441,31,h1:h1_z;h2:h2_z
0.07943282347242822,1.0000000000000127,1.0,197.49021185867605,H1+H2,30299.3816690718,30297.89573839825,-1.4859306735521132,216,267,197.49021185867605,bayes_h1h2_marginal_boundary,measured_graph,1.013760518723804e-43,0.0197528815158824,0.005214563609043802,31,h1:h1_z;h2:h2_z
0.1,1.00000000000002,1.0000000000000002,237.6931136837593,H1+H2,30279.457609033354,30277.794287485707,-1.663321547646544,216,267,237.6931136837593,bayes_h1h2_marginal_boundary,measured_graph,1.8879312008876153e-52,0.020380907646756,0.0052839001596470285,31,h1:h1_z;h2:h2_z
1e-05,1.000003213207508,0.9999999871646811,39.43026432312763,H1+H2,28086.83150751191,28084.463820928042,-2.3676865838692702,198,244,39.43026432312763,bayes_h1h2_marginal_boundary,measured_graph,1.2867764347314983e-09,0.015360181337274438,0.004091871431071402,32,h1:h1_z;h2:h2_z
1.2589254117941661e-05,1.000000166453522,0.9999999976974255,37.58982302764343,H1+H2,28087.539119033747,28085.384041575784,-2.155077457963703,198,244,37.58982302764343,bayes_h1h2_marginal_boundary,measured_graph,3.2296082688289752e-09,0.015285136298836263,0.00409137229041263,32,h1:h1_z;h2:h2_z
1.584893192461114e-05,1.000000332711929,0.9999999996458994,35.32854101405974,H1+H2,28088.467150914636,28086.514682582576,-1.952468332058134,198,244,35.32854101405974,bayes_h1h2_marginal_boundary,measured_graph,1.0004168515356215e-08,0.01518939212360727,0.00409112872733291,32,h1:h1_z;h2:h2_z
1.9952623149688786e-05,1.000000403913385,0.999999999960381,32.52275068699237,H1+H2,28089.67743695226,28087.91757774611,-1.7598592061525666,198,244,32.52275068699237,bayes_h1h2_marginal_boundary,measured_graph,4.068652763066309e-08,0.015079650251826796,0.004090996104122509,32,h1:h1_z;h2:h2_z
2.5118864315095822e-05,1.0000002683160227,0.9999999999939932,29.234118781474535,H1+H2,28091.139143779117,28089.56189369887,-1.5772500802469966,198,244,29.234118781474535,bayes_h1h2_marginal_boundary,measured_graph,2.106531567273963e-07,0.014970081326274368,0.004090904531647553,32,h1:h1_z;h2:h2_z
3.1622776601683795e-05,1.0000041034730165,0.999999999998456,25.757158431653806,H1+H2,28092.70501482812,28091.30037387378,-1.404640954341429,198,244,25.757158431653806,bayes_h1h2_marginal_boundary,measured_graph,1.1983407239417027e-06,0.014876634666634086,0.004090821075910258,32,h1:h1_z;h2:h2_z
3.9810717055349695e-05,1.0000011345309632,0.9999999999995317,22.525079989776714,H1+H2,28094.158444923152,28092.916413094717,-1.2420318284358616,198,244,22.525079989776714,bayes_h1h2_marginal_boundary,measured_graph,6.031387542568487e-06,0.01480849019596288,0.004090729328162078,32,h1:h1_z;h2:h2_z
5.011872336272725e-05,1.0000002095294607,0.999999999999593,19.915277406391397,H1+H2,28095.31073708894,28094.22131438641,-1.089422702530293,198,244,19.915277406391397,bayes_h1h2_marginal_boundary,measured_graph,2.2239686710459254e-05,0.01476465905787429,0.004090619527681793,32,h1:h1_z;h2:h2_z
6.309573444801929e-05,1.000000028096158,0.9999999999997319,18.106018101068912,H1+H2,28096.072757615697,28095.12594403907,-0.9468135766247254,198,244,18.106018101068912,bayes_h1h2_marginal_boundary,measured_graph,5.495463546620801e-05,0.01473828014413856,0.004090484029762585,32,h1:h1_z;h2:h2_z
7.943282347242822e-05,1.0000000029707252,0.9999999999999865,17.073213864699937,H1+H2,28096.456550607974,28095.642346157256,-0.8142044507191568,198,244,17.073213864699937,bayes_h1h2_marginal_boundary,measured_graph,9.210324290801087e-05,0.014721872546383973,0.00409031522336284,32,h1:h1_z;h2:h2_z
0.0001,1.0000000002660214,0.9999999999832719,16.671253249376605,H1+H2,28096.53492178973,28095.843326464917,-0.6915953248135883,198,244,16.671253249376605,bayes_h1h2_marginal_boundary,measured_graph,0.00011260548885737676,0.014709915257832447,0.004090104504619348,32,h1:h1_z;h2:h2_z
0.00012589254117941674,1.0000000506263513,0.9999999999971174,16.715753278047487,H1+H2,28096.40006264949,28095.821076450582,-0.5789861989080206,198,244,16.715753278047487,bayes_h1h2_marginal_boundary,measured_graph,0.00011012768294625955,0.014699004729021317,0.004089841694013299,32,h1:h1_z;h2:h2_z
0.00015848931924611142,1.0000000089698797,0.9999999999994852,17.03205078625615,H1+H2,28096.13930476948,28095.662927696478,-0.47637707300245236,198,244,17.03205078625615,bayes_h1h2_marginal_boundary,measured_graph,9.401851139264278e-05,0.014687143428466786,0.004089514661563617,32,h1:h1_z;h2:h2_z
0.00019952623149688788,1.0000000015505168,0.9999999999999418,17.47217386525881,H1+H2,28095.826634104073,28095.442866156976,-0.38376794709688455,198,244,17.47217386525881,bayes_h1h2_marginal_boundary,measured_graph,7.544697963667564e-05,0.01467304637119926,0.004089109111630419,32,h1:h1_z;h2:h2_z
0.0002511886431509582,1.0000000002650804,0.9999999999999992,17.914113726576034,H1+H2,28095.52305504751,28095.221896226318,-0.30115882119131615,198,244,17.914113726576034,bayes_h1h2_marginal_boundary,measured_graph,6.048892088690419e-05,0.01465569865637525,0.00408860860571415,32,h1:h1_z;h2:h2_z
0.00031622776601683794,1.0000000000455178,0.9999999999999875,18.2544402976564,H1+H2,28095.280282636064,28095.051732940778,-0.22854969528574837,198,244,18.2544402976564,bayes_h1h2_marginal_boundary,measured_graph,5.102404217763103e-05,0.014634107395578118,0.0040879950304597385,32,h1:h1_z;h2:h2_z
0.00039810717055349735,1.0000000000079257,1.0000000000000036,18.400060415675398,H1+H2,28095.144863451147,28094.978922881768,-0.16594056938017995,198,244,18.400060415675398,bayes_h1h2_marginal_boundary,measured_graph,4.744100209480105e-05,0.014607171482555394,0.004087249906023091,32,h1:h1_z;h2:h2_z
0.0005011872336272725,1.0000000000013953,0.9999999999999994,18.261675679284963,H1+H2,28095.161446693437,28095.048115249963,-0.11333144347461188,198,244,18.261675679284963,bayes_h1h2_marginal_boundary,measured_graph,5.083978646000284e-05,0.01457361459926595,0.004086357222125409,32,h1:h1_z;h2:h2_z
0.000630957344480193,1.0000000000002598,0.9999999999999986,17.75017774545995,H1+H2,28095.374586534446,28095.303864216876,-0.07072231756904392,198,244,17.75017774545995,bayes_h1h2_marginal_boundary,measured_graph,6.56559489630865e-05,0.014531962068894812,0.0040853089257370705,32,h1:h1_z;h2:h2_z
0.0007943282347242822,1.0000000000000726,1.0000000000000024,16.77729355631891,H1+H2,28095.82841950311,28095.790306311446,-0.03811319166347554,198,244,16.77729355631891,bayes_h1h2_marginal_boundary,measured_graph,0.00010679064270430987,0.014480570408835113,0.004084114744442149,32,h1:h1_z;h2:h2_z
0.001,1.0000000000000204,0.9999999999999977,15.262781604098564,H1+H2,28096.563066353316,28096.547562287557,-0.015504065757907535,198,244,15.262781604098564,bayes_h1h2_marginal_boundary,measured_graph,0.0002277221587017315,0.014417747673238182,0.004082818487249785,32,h1:h1_z;h2:h2_z
0.0012589254117941675,1.0,0.9999999999999998,13.152187989173399,H1+H2,28097.60575403487,28097.60285909502,-0.0028949398523394052,198,244,13.152187989173399,bayes_h1h2_marginal_boundary,measured_graph,0.0006542065263500397,0.014342040794073661,0.004081522616548882,32,h1:h1_z;h2:h2_z
0.001584893192461114,0.9999999999999947,0.9999999999999999,10.45125718802592,H1+H2,28098.953610309538,28098.953324495593,-0.0002858139467712683,198,244,10.45125718802592,bayes_h1h2_marginal_boundary,measured_graph,0.002524727693425596,0.014252815620088125,0.004080420386295491,32,h1:h1_z;h2:h2_z
0.0019952623149688807,1.0000000000000024,1.0000000000000002,7.284510937060986,H1+H2,28100.544374309116,28100.536697621075,-0.007676688041203171,198,244,7.284510937060986,bayes_h1h2_marginal_boundary,measured_graph,0.012298857085786576,0.01415129828147554,0.004079829302976601,32,h1:h1_z;h2:h2_z
0.002511886431509582,1.0,0.9999999999999999,3.9835807851632126,H1+H2,28102.21223025916,28102.187162697024,-0.025067562135635053,198,244,3.9835807851632126,bayes_h1h2_marginal_boundary,measured_graph,0.06406969108751273,0.014042209846494428,0.004080215095764187,32,h1:h1_z;h2:h2_z
0.0031622776601683794,1.0000000000000009,1.0000000000000004,1.1993593691222486,H1+H2,28103.631731841273,28103.579273405045,-0.05245843623006681,198,244,1.1993593691222486,bayes_h1h2_marginal_boundary,measured_graph,0.2577737139048746,0.013935838001799875,0.004082205943526438,32,h1:h1_z;h2:h2_z
0.003981071705534973,1.0000000000000002,1.0000000000000004,-0.0,H1+H2,28104.26880239993,28104.178953089606,-0.08984931032449865,198,244,-0.0,bayes_h1h2_marginal_boundary,measured_graph,0.4695439041002037,0.013849638613913275,0.004086633809591634,32,h1:h1_z;h2:h2_z
0.005011872336272725,1.0000000000000002,1.0000000000000007,1.8622272868524306,H1+H2,28103.3850796306,28103.24783944618,-0.13724018441893068,198,244,1.8622272868524306,bayes_h1h2_marginal_boundary,measured_graph,0.18505409047893995,0.013807443840614586,0.004094666998268685,32,h1:h1_z;h2:h2_z
0.006309573444801936,0.9999999999999986,1.0000000000000002,8.443417941925873,H1+H2,28100.151875177155,28099.957244118643,-0.19463105851336257,198,244,8.443417941925873,bayes_h1h2_marginal_boundary,measured_graph,0.006889874263803047,0.013834452913796615,0.004108028980992167,32,h1:h1_z;h2:h2_z
0.00794328234724282,1.0000000000000002,1.0000000000000007,21.152576851636695,H1+H2,28093.864686596396,28093.602664663787,-0.26202193260779433,198,244,21.152576851636695,bayes_h1h2_marginal_boundary,measured_graph,1.1979881005806116e-05,0.01394919427373948,0.0041291329270693134,32,h1:h1_z;h2:h2_z
0.01,1.000000000000001,1.0000000000000002,40.76652502779325,H1+H2,28084.13510338241,28083.79569057571,-0.3394128067022262,198,244,40.76652502779325,bayes_h1h2_marginal_boundary,measured_graph,6.596867688977383e-10,0.014157651230754967,0.004160887938594485,32,h1:h1_z;h2:h2_z
0.012589254117941675,0.9999999999999989,0.9999999999999998,67.33259625393111,H1+H2,28070.939458643436,28070.51265496264,-0.42680368079665804,198,244,67.33259625393111,bayes_h1h2_marginal_boundary,measured_graph,1.1235404276913761e-15,0.01445358893180582,0.004206143013370828,32,h1:h1_z;h2:h2_z
0.01584893192461114,0.9999999999999986,0.9999999999999994,100.31858372709394,H1+H2,28054.54385578095,28054.01966122606,-0.5241945548910899,198,244,100.31858372709394,bayes_h1h2_marginal_boundary,measured_graph,7.722759922565572e-23,0.014823034990378825,0.004267088691251448,32,h1:h1_z;h2:h2_z
0.01995262314968881,0.9999999999999996,1.0000000000000002,138.8405560146639,H1+H2,28035.39026051126,28034.758675082274,-0.6315854289855218,198,244,138.8405560146639,bayes_h1h2_marginal_boundary,measured_graph,3.332978681908638e-31,0.01524887104011099,0.004344959383928783,32,h1:h1_z;h2:h2_z
0.025118864315095822,0.9999999999999989,1.0000000000000009,181.88181439730397,H1+H2,28013.987022194033,28013.238045890954,-0.7489763030799538,198,244,181.88181439730397,bayes_h1h2_marginal_boundary,measured_graph,1.50155771940489e-40,0.01571484160379444,0.0044399404380853396,32,h1:h1_z;h2:h2_z
0.03162277660168379,1.000000000000002,1.0000000000000004,228.42798863387725,H1+H2,27990.84132594984,27989.964958772667,-0.8763671771743852,198,244,228.42798863387725,bayes_h1h2_marginal_boundary,measured_graph,1.172650839140281e-50,0.016209111772319748,0.004550928381704231,32,h1:h1_z;h2:h2_z
0.039810717055349734,0.9999999999999964,1.0000000000000013,277.4593039724132,H1+H2,27966.463059154667,27965.4493011034,-1.0137580512688171,198,244,277.4593039724132,bayes_h1h2_marginal_boundary,measured_graph,2.6433451416747898e-61,0.016725494689006134,0.00467519256801958,32,h1:h1_z;h2:h2_z
0.05011872336272725,1.0000000000000022,1.000000000000001,327.8827562204315,H1+H2,27941.398723904753,27940.23757497939,-1.1611489253632492,198,244,327.8827562204315,bayes_h1h2_marginal_boundary,measured_graph,2.970573741488199e-72,0.017261262849752938,0.004808462681612952,32,h1:h1_z;h2:h2_z
0.06309573444801936,1.0000000000000024,0.999999999999999,378.52279308649304,H1+H2,27916.236096345816,27914.91755654636,-1.3185397994576809,198,244,378.52279308649304,bayes_h1h2_marginal_boundary,measured_graph,2.9956843501565876e-83,0.017813172933237566,0.004945657660409166,32,h1:h1_z;h2:h2_z
0.07943282347242822,1.000000000000001,0.9999999999999997,428.13457288617064,H1+H2,27891.597597320073,27890.11166664652,-1.4859306735521132,198,244,428.13457288617064,bayes_h1h2_marginal_boundary,measured_graph,5.05166971922798e-94,0.018373942839123227,0.005081622515461382,32,h1:h1_z;h2:h2_z
0.1,0.9999999999999966,0.9999999999999994,475.38072818602814,H1+H2,27868.15191054424,27866.48858899659,-1.663321547646544,198,244,475.38072818602814,bayes_h1h2_marginal_boundary,measured_graph,2.7801144783612614e-104,0.018930734773696733,0.005211233877444282,32,h1:h1_z;h2:h2_z
1e-05,1.0000000005912155,0.9999984278538055,41.399266657201224,H1+H2,35937.37959693596,35935.01191035209,-2.3676865838692702,262,324,41.399266657201224,bayes_h1h2_marginal_boundary,measured_graph,2.955653299828184e-10,0.08124264043072153,0.008248399883161757,33,h1:h1_z;h2:h2_z
1.2589254117941661e-05,1.000000001175902,0.9999996637278801,32.395352303414256,H1+H2,35941.66894498695,35939.513867528985,-2.155077457963703,262,324,32.395352303414256,bayes_h1h2_marginal_boundary,measured_graph,2.665806664488706e-08,0.08123948690857316,0.008209421723791046,33,h1:h1_z;h2:h2_z
1.584893192461114e-05,1.0000000024703193,0.9999999554085257,25.126051249128068,H1+H2,35945.100986388185,35943.14851805613,-1.952468332058134,262,324,25.126051249128068,bayes_h1h2_marginal_boundary,measured_graph,1.0100370782676528e-06,0.08123462578682972,0.008187342263873744,33,h1:h1_z;h2:h2_z
1.9952623149688786e-05,1.0000000053940346,0.9999999960037129,19.743768367057783,H1+H2,35947.59951870332,35945.839659497164,-1.7598592061525666,262,324,19.743768367057783,bayes_h1h2_marginal_boundary,measured_graph,1.4896532717832298e-05,0.0812271332759251,0.008175931758605233,33,h1:h1_z;h2:h2_z
2.5118864315095822e-05,1.000000011946573,0.99999985458003,16.02840953458508,H1+H2,35949.27458899365,35947.6973389134,-1.5772500802469966,262,324,16.02840953458508,bayes_h1h2_marginal_boundary,measured_graph,9.546960252074054e-05,0.08121562096845394,0.008170286801315917,33,h1:h1_z;h2:h2_z
3.1622776601683795e-05,1.0000000260942792,0.999999982979772,13.607050468912348,H1+H2,35950.31265940058,35948.90801844624,-1.404640954341429,262,324,13.607050468912348,bayes_h1h2_marginal_boundary,measured_graph,0.0003203734771840487,0.08119806085445698,0.00816740147238853,33,h1:h1_z;h2:h2_z
3.9810717055349695e-05,1.0000000546341246,0.9999999983135737,12.102333166069002,H1+H2,35950.90240892609,35949.66037709766,-1.2420318284358616,262,324,12.102333166069002,bayes_h1h2_marginal_boundary,measured_graph,0.0006798322542860341,0.08117162987297699,0.0081656845895785,33,h1:h1_z;h2:h2_z
5.011872336272725e-05,1.0000001063468276,0.999999999853205,11.196604593336815,H1+H2,35951.20266408655,35950.113241384024,-1.089422702530293,262,324,11.196604593336815,bayes_h1h2_marginal_boundary,measured_graph,0.0010692474574591423,0.08113271435992218,0.008164354387611775,33,h1:h1_z;h2:h2_z
6.309573444801929e-05,1.000000185185273,0.9999999999883229,10.643778355544782,H1+H2,35951.33646807954,35950.38965450292,-0.9468135766247254,262,324,10.643778355544782,bayes_h1h2_marginal_boundary,measured_graph,0.0014096877262891872,0.08107736873360914,0.008163031302348994,33,h1:h1_z;h2:h2_z
7.943282347242822e-05,1.0000002738659297,0.999999999999093,10.260952437340165,H1+H2,35951.39527191274,35950.58106746202,-0.8142044507191568,262,324,10.260952437340165,bayes_h1h2_marginal_boundary,measured_graph,0.001707074639242197,0.08100266025607508,0.008161513719091037,33,h1:h1_z;h2:h2_z
0.0001,1.0000003218789912,0.9999999999999428,9.919544079588377,H1+H2,35951.443366965716,35950.7517716409,-0.6915953248135883,262,324,9.919544079588377,bayes_h1h2_marginal_boundary,measured_graph,0.0020248291914976143,0.08090911790664503,0.00815966843646331,33,h1:h1_z;h2:h2_z
0.00012589254117941674,1.0000002792407534,0.9999999999999912,9.544692695213598,H1+H2,35951.518183531996,35950.939197333086,-0.5789861989080206,262,324,9.544692695213598,bayes_h1h2_marginal_boundary,measured_graph,0.002442228737276954,0.08080337751446603,0.008157379596906196,33,h1:h1_z;h2:h2_z
0.00015848931924611142,1.0000001675052976,0.9999999998055864,9.12031762461993,H1+H2,35951.62776194139,35951.15138486838,-0.47637707300245236,262,324,9.12031762461993,bayes_h1h2_marginal_boundary,measured_graph,0.0030195221023424086,0.08069834312838364,0.008154524479283227,33,h1:h1_z;h2:h2_z
0.00019952623149688788,1.0000000670944702,0.9999999999666892,8.685160788649227,H1+H2,35951.752731233464,35951.36896328637,-0.38376794709688455,262,324,8.685160788649227,bayes_h1h2_marginal_boundary,measured_graph,0.0037534559137565667,0.08060850319022246,0.008150960857575792,33,h1:h1_z;h2:h2_z
0.0002511886431509582,1.0000000181971938,0.9999999999941775,8.304696032981155,H1+H2,35951.86035448539,35951.5591956642,-0.30115882119131615,262,324,8.304696032981155,bayes_h1h2_marginal_boundary,measured_graph,0.0045399199077221,0.0805428097023416,0.008146519278339159,33,h1:h1_z;h2:h2_z
0.00031622776601683794,1.0000000035866063,0.9999999999989365,8.026119966001716,H1+H2,35951.927033392974,35951.69848369769,-0.22854969528574837,262,324,8.026119966001716,bayes_h1h2_marginal_boundary,measured_graph,0.0052184342454277355,0.08050141717940579,0.008140997808634724,33,h1:h1_z;h2:h2_z
0.00039810717055349735,1.0000000005848133,0.9999999999997925,7.845713464470464,H1+H2,35951.954627517836,35951.78868694846,-0.16594056938017995,262,324,7.845713464470464,bayes_h1h2_marginal_boundary,measured_graph,0.0057110372072825535,0.08047850543644111,0.008134159098580984,33,h1:h1_z;h2:h2_z
0.0005011872336272725,1.0000000000957148,0.9999999999999529,7.7071002531884005,H1+H2,35951.971324997576,35951.8579935541,-0.11333144347461188,262,324,7.7071002531884005,bayes_h1h2_marginal_boundary,measured_graph,0.006120888466934226,0.0804670969073679,0.008125731178715359,33,h1:h1_z;h2:h2_z
0.000630957344480193,1.0000000000200624,0.9999999999999909,7.521314237455954,H1+H2,35952.021608879535,35951.950886561965,-0.07072231756904392,262,324,7.521314237455954,bayes_h1h2_marginal_boundary,measured_graph,0.006716722203417903,0.08046186922469152,0.008115415199441619,33,h1:h1_z;h2:h2_z
0.0007943282347242822,1.0000000313597255,0.9999999999999958,7.190349651922588,H1+H2,35952.1544820464,35952.11636885473,-0.03811319166347554,262,324,7.190349651922588,bayes_h1h2_marginal_boundary,measured_graph,0.007925477425832198,0.08045959486884956,0.00810290580613481,33,h1:h1_z;h2:h2_z
0.001,1.0000000209011146,0.9999999999999982,6.625578256323934,H1+H2,35952.414258618286,35952.39875455253,-0.015504065757907535,262,324,6.625578256323934,bayes_h1h2_marginal_boundary,measured_graph,0.010511482790925899,0.08045854140036887,0.008087933533953434,33,h1:h1_z;h2:h2_z
0.0012589254117941675,1.000000017499919,0.999999999999999,5.763311527756741,H1+H2,35952.83278285667,35952.829887916814,-0.0028949398523394052,262,324,5.763311527756741,bayes_h1h2_marginal_boundary,measured_graph,0.016177180256322903,0.08045776998297734,0.008070343843995896,33,h1:h1_z;h2:h2_z
0.001584893192461114,1.0000000168243732,0.9999999999999988,4.584319395740749,H1+H2,35953.41966979677,35953.41938398282,-0.0002858139467712683,262,324,4.584319395740749,bayes_h1h2_marginal_boundary,measured_graph,0.029168742950816905,0.08045664807653308,0.008050233967214368,33,h1:h1_z;h2:h2_z
0.0019952623149688807,1.000000017801121,0.9999999999999998,3.1446211238362594,H1+H2,35954.14690980682,35954.139233118774,-0.007676688041203171,262,324,3.1446211238362594,bayes_h1h2_marginal_boundary,measured_graph,0.05991619434940801,0.08045451472276832,0.008028174094100483,33,h1:h1_z;h2:h2_z
0.002511886431509582,1.0000000207887538,1.0000000000000004,1.6224620873108506,H1+H2,35954.92538019917,35954.90031263704,-0.025067562135635053,262,324,1.6224620873108506,bayes_h1h2_marginal_boundary,measured_graph,0.1282557533228564,0.08045040833363007,0.008005533603946995,33,h1:h1_z;h2:h2_z
0.0031622776601683794,1.0000000276331142,1.0000000000000004,0.37795199069660157,H1+H2,35955.57502612157,35955.522567685344,-0.05245843623006681,262,324,0.37795199069660157,bayes_h1h2_marginal_boundary,measured_graph,0.23895646763842,0.08044278100288535,0.007984886577491149,33,h1:h1_z;h2:h2_z
0.003981071705534973,1.0000000000090472,1.0,-0.0,H1+H2,35955.801392991016,35955.71154368069,-0.08984931032449865,262,324,-0.0,bayes_h1h2_marginal_boundary,measured_graph,0.2886622694474622,0.08042919421691383,0.00797033323300905,33,h1:h1_z;h2:h2_z
0.005011872336272725,1.0000000000216969,0.9999999999999997,1.2825899991148617,H1+H2,35955.207488865555,35955.070248681135,-0.13724018441893068,262,324,1.2825899991148617,bayes_h1h2_marginal_boundary,measured_graph,0.15201244421944443,0.08040607757619896,0.00796735920589454,33,h1:h1_z;h2:h2_z
0.006309573444801936,1.000000000063472,1.0,5.07188136667537,H1+H2,35953.37023405587,35953.175602997355,-0.19463105851336257,262,324,5.07188136667537,bayes_h1h2_marginal_boundary,measured_graph,0.022858355172745776,0.08036871294753668,0.007981852132733938,33,h1:h1_z;h2:h2_z
0.00794328234724282,1.0000000002033722,0.999999999999999,12.023639986291528,H1+H2,35949.96174562015,35949.69972368755,-0.26202193260779433,262,324,12.023639986291528,bayes_h1h2_marginal_boundary,measured_graph,0.0007071145481265237,0.08031134547963104,0.008018556687069219,33,h1:h1_z;h2:h2_z
0.01,1.0000000006321408,0.9999999999999993,22.445977296767524,H1+H2,35944.82796783901,35944.48855503231,-0.3394128067022262,262,324,22.445977296767524,bayes_h1h2_marginal_boundary,measured_graph,3.8575181775877664e-06,0.08022682770074743,0.008080166317946638,33,h1:h1_z;h2:h2_z
0.012589254117941675,1.0000000017176787,0.9999999999999988,36.34340917239024,H1+H2,35937.966642775296,35937.5398390945,-0.42680368079665804,262,324,36.34340917239024,bayes_h1h2_marginal_boundary,measured_graph,3.7027039819962354e-09,0.0801050849158537,0.008167840036138787,33,h1:h1_z;h2:h2_z
0.01584893192461114,1.0000000037750951,0.9999999999999984,53.51998339779675,H1+H2,35929.475746536686,35928.951551981794,-0.5241945548910899,262,324,53.51998339779675,bayes_h1h2_marginal_boundary,measured_graph,6.897207489091153e-13,0.07993112608843363,0.008282095313083028,33,h1:h1_z;h2:h2_z
0.01995262314968881,1.000000006305574,0.999999999999999,73.53556515976379,H1+H2,35919.5753465298,35918.94376110081,-0.6315854289855218,262,324,73.53556515976379,bayes_h1h2_marginal_boundary,measured_graph,3.1070263429390344e-17,0.07968530346188314,0.008422433695446067,33,h1:h1_z;h2:h2_z
0.025118864315095822,1.0000000075556663,1.0,95.57572941509716,H1+H2,35908.67265527623,35907.923678973144,-0.7489763030799538,262,324,95.57572941509716,bayes_h1h2_marginal_boundary,measured_graph,5.086090426098241e-22,0.079348176105343,0.008585873696303058,33,h1:h1_z;h2:h2_z
0.03162277660168379,1.0000000061726313,0.9999999999999993,118.48931495095894,H1+H2,35897.34325338239,35896.46688620521,-0.8763671771743852,262,324,118.48931495095894,bayes_h1h2_marginal_boundary,measured_graph,5.379751283621564e-27,0.07890902433766142,0.00876622113005405,33,h1:h1_z;h2:h2_z
0.039810717055349734,1.0000000033535585,1.0000000000000004,141.08681035457994,H1+H2,35886.18189655467,35885.1681385034,-1.0137580512688171,262,324,141.08681035457994,bayes_h1h2_marginal_boundary,measured_graph,6.664666443918814e-32,0.0783732771560236,0.008955244701084138,33,h1:h1_z;h2:h2_z
0.05011872336272725,1.000000001246775,0.9999999999999997,162.49991496806615,H1+H2,35875.62273512202,35874.46158619666,-1.1611489253632492,262,324,162.49991496806615,bayes_h1h2_marginal_boundary,measured_graph,1.4927319605876705e-36,0.0777624491398742,0.00914511840254755,33,h1:h1_z;h2:h2_z
0.06309573444801936,1.000000000351399,0.9999999999999998,182.3165127068205,H1+H2,35865.87182712674,35864.55328732728,-1.3185397994576809,262,324,182.3165127068205,bayes_h1h2_marginal_boundary,measured_graph,7.42783601972471e-41,0.07710293480718954,0.009330588692299885,33,h1:h1_z;h2:h2_z
0.07943282347242822,1.000000000089788,0.9999999999999991,200.38511656403716,H1+H2,35857.00491607223,35855.518985398674,-1.4859306735521132,262,324,200.38511656403716,bayes_h1h2_marginal_boundary,measured_graph,8.857574871799949e-45,0.07640745622032524,0.009509663703347446,33,h1:h1_z;h2:h2_z
0.1,1.000000000026634,1.0000000000000004,216.43396114317875,H1+H2,35849.15788465675,35847.4945631091,-1.663321547646544,262,324,216.43396114317875,bayes_h1h2_marginal_boundary,measured_graph,2.899696278801649e-48,0.07565963980613596,0.009682559703292966,33,h1:h1_z;h2:h2_z
1e-05,1.0000000000002252,0.9999995760986765,11.99010929906217,H1+H2,15935.327295290544,15932.959608706675,-2.3676865838692702,117,149,11.99010929906217,bayes_h1h2_marginal_boundary,measured_graph,0.00028532384705490493,0.15408892968838162,0.01158672975743506,34,h1:h1_z;h2:h2_z
1.2589254117941661e-05,1.0000000000003944,0.9999995249481666,9.807623107550171,H1+H2,15936.205929260395,15934.05085180243,-2.155077457963703,117,149,9.807623107550171,bayes_h1h2_marginal_boundary,measured_graph,0.0008496869065336512,0.15408836719638755,0.011521045974406235,34,h1:h1_z;h2:h2_z
1.584893192461114e-05,1.000000000000723,0.9999997008728201,7.456573009429121,H1+H2,15937.17884518355,15935.226376851491,-1.952468332058134,117,149,7.456573009429121,bayes_h1h2_marginal_boundary,measured_graph,0.0027528526641865275,0.154087614839394,0.01146217238364279,34,h1:h1_z;h2:h2_z
1.9952623149688786e-05,1.0000000000014009,0.9999998965401736,5.1776527276560955,H1+H2,15938.125696198531,15936.365836992378,-1.7598592061525666,117,149,5.1776527276560955,bayes_h1h2_marginal_boundary,measured_graph,0.008602887023562746,0.15408659780792405,0.011417210042328771,34,h1:h1_z;h2:h2_z
2.5118864315095822e-05,1.0000000000028633,0.999999979522195,3.217186835641769,H1+H2,15938.923320018632,15937.346069938385,-1.5772500802469966,117,149,3.217186835641769,bayes_h1h2_marginal_boundary,measured_graph,0.022927356242621953,0.1540852072450586,0.011387543867571686,34,h1:h1_z;h2:h2_z
3.1622776601683795e-05,1.000000000006139,0.9999994331396744,1.728839646675624,H1+H2,15939.494884487209,15938.090243532868,-1.404640954341429,117,149,1.728839646675624,bayes_h1h2_marginal_boundary,measured_graph,0.04825523830646285,0.15408328333054402,0.011369988810773607,34,h1:h1_z;h2:h2_z
3.9810717055349695e-05,1.0000000000136113,0.9999998970857777,0.7426608407149615,H1+H2,15939.825364764285,15938.583332935848,-1.2420318284358616,117,149,0.7426608407149615,bayes_h1h2_marginal_boundary,measured_graph,0.07901152997036971,0.15408058996482568,0.01135999738922545,34,h1:h1_z;h2:h2_z
5.011872336272725e-05,1.0000000000306901,0.9999999813374688,0.19887271180050448,H1+H2,15939.944649702837,15938.855227000306,-1.089422702530293,117,149,0.19887271180050448,bayes_h1h2_marginal_boundary,measured_graph,0.10369852125178639,0.15407677756960064,0.011353846351583737,34,h1:h1_z;h2:h2_z
6.309573444801929e-05,1.000000000069357,0.999999994903129,-0.0,H1+H2,15939.901476932831,15938.954663356206,-0.9468135766247254,117,149,-0.0,bayes_h1h2_marginal_boundary,measured_graph,0.11454001193521691,0.15407133031187087,0.011349103976581012,34,h1:h1_z;h2:h2_z
7.943282347242822e-05,1.0000000001550888,0.9999999971169445,0.04789646587596508,H1+H2,15939.744919573986,15938.930715123268,-0.8142044507191568,117,149,0.04789646587596508,bayes_h1h2_marginal_boundary,measured_graph,0.11182956578608064,0.1540634960690984,0.011344307924690503,34,h1:h1_z;h2:h2_z
0.0001,1.000000000338247,0.9999999968884885,0.26055993945192313,H1+H2,15939.515978711293,15938.82438338648,-0.6915953248135883,117,149,0.26055993945192313,bayes_h1h2_marginal_boundary,measured_graph,0.10054890654705619,0.15405220551984855,0.011338511669617612,34,h1:h1_z;h2:h2_z
0.00012589254117941674,1.0000000007049865,0.9999999946242595,0.5756603814297705,H1+H2,15939.2458193644,15938.666833165491,-0.5789861989080206,117,149,0.5756603814297705,bayes_h1h2_marginal_boundary,measured_graph,0.08589228579298418,0.1540360083186144,0.011330973432245754,34,h1:h1_z;h2:h2_z
0.00015848931924611142,1.0000000013623294,0.999999987888076,0.9484842728707008,H1+H2,15938.956798292773,15938.48042121977,-0.47637707300245236,117,149,0.9484842728707008,bayes_h1h2_marginal_boundary,measured_graph,0.07128472541967158,0.1540130995207348,0.01132102106742672,34,h1:h1_z;h2:h2_z
0.00019952623149688788,1.000000002338726,0.9999999723003818,1.349155957093899,H1+H2,15938.663853324755,15938.280085377659,-0.38376794709688455,117,149,1.349155957093899,bayes_h1h2_marginal_boundary,measured_graph,0.05834339946468862,0.15398157823952008,0.0113080830782936,34,h1:h1_z;h2:h2_z
0.0002511886431509582,1.0000000033718466,0.9999999462691669,1.7615541619452415,H1+H2,15938.375045096425,15938.073886275233,-0.30115882119131615,117,149,1.7615541619452415,bayes_h1h2_marginal_boundary,measured_graph,0.04747233546900039,0.15394011984967185,0.011291869274704389,34,h1:h1_z;h2:h2_z
0.00031622776601683794,1.0000000038199357,0.9999999211897219,2.184501812687813,H1+H2,15938.090962145148,15937.862412449862,-0.22854969528574837,117,149,2.184501812687813,bayes_h1h2_marginal_boundary,measured_graph,0.03842365574019939,0.15388908302069282,0.011272604991088356,34,h1:h1_z;h2:h2_z
0.00039810717055349735,1.0000000031854095,0.9999999194041322,2.6333702630181506,H1+H2,15937.803918794078,15937.637978224697,-0.16594056938017995,117,149,2.6333702630181506,bayes_h1h2_marginal_boundary,measured_graph,0.03069927625801984,0.15383150977927465,0.011251069944563659,34,h1:h1_z;h2:h2_z
0.0005011872336272725,1.0000000018789619,0.9999999453373027,3.137197662206745,H1+H2,15937.499395968576,15937.386064525102,-0.11333144347461188,117,149,3.137197662206745,bayes_h1h2_marginal_boundary,measured_graph,0.023862910224044374,0.15377281850533098,0.011228206222977826,34,h1:h1_z;h2:h2_z
0.000630957344480193,1.000000000803272,0.9999999757168789,3.7269865417729307,H1+H2,15937.161892402888,15937.09117008532,-0.07072231756904392,117,149,3.7269865417729307,bayes_h1h2_marginal_boundary,measured_graph,0.01776856598535006,0.15371850796651537,0.011204487323171284,34,h1:h1_z;h2:h2_z
0.0007943282347242822,1.000000000281827,0.9999999927709108,4.419585628857021,H1+H2,15936.782983733441,15936.744870541777,-0.03811319166347554,117,149,4.419585628857021,bayes_h1h2_marginal_boundary,measured_graph,0.012567717170210527,0.1536713555712872,0.011179645429287658,34,h1:h1_z;h2:h2_z
0.001,1.0000000000973654,0.9999999984901995,5.211094266403961,H1+H2,15936.364620288761,15936.349116223004,-0.015504065757907535,117,149,5.211094266403961,bayes_h1h2_marginal_boundary,measured_graph,0.008460236074068449,0.15363066199797698,0.011153036408708763,34,h1:h1_z;h2:h2_z
0.0012589254117941675,1.000000000036724,0.9999999997662307,6.090220596153813,H1+H2,15935.912447997982,15935.909553058129,-0.0028949398523394052,117,149,6.090220596153813,bayes_h1h2_marginal_boundary,measured_graph,0.00545108086622819,0.15359393924453807,0.011124322376944997,34,h1:h1_z;h2:h2_z
0.001584893192461114,1.0000000000159515,0.9999999999716184,7.06922015098462,H1+H2,15935.42033909466,15935.420053280714,-0.0002858139467712683,117,149,7.06922015098462,bayes_h1h2_marginal_boundary,measured_graph,0.0033411469146846203,0.15355918893834639,0.011094117846049311,34,h1:h1_z;h2:h2_z
0.0019952623149688807,1.0000000000095546,0.9999999999971525,8.223060599368182,H1+H2,15934.850809744563,15934.843133056522,-0.007676688041203171,117,149,8.223060599368182,bayes_h1h2_marginal_boundary,measured_graph,0.001876472925846856,0.15352641087540983,0.011064557994128641,34,h1:h1_z;h2:h2_z
0.002511886431509582,1.0000000000102431,0.9999999999997524,9.726892661008606,H1+H2,15934.116284587837,15934.091217025702,-0.025067562135635053,117,149,9.726892661008606,bayes_h1h2_marginal_boundary,measured_graph,0.00088468633605159,0.1534984488710966,0.011039822734021949,34,h1:h1_z;h2:h2_z
0.0031622776601683794,1.000000000019852,0.9999999999999803,11.87666507026006,H1+H2,15933.068789257306,15933.016330821076,-0.05245843623006681,117,149,11.87666507026006,bayes_h1h2_marginal_boundary,measured_graph,0.00030197582213644275,0.15348173861284076,0.011026397906793498,34,h1:h1_z;h2:h2_z
0.003981071705534973,1.000000000053591,0.9999999996322932,15.06554373290055,H1+H2,15931.51174080008,15931.421891489756,-0.08984931032449865,117,149,15.06554373290055,bayes_h1h2_marginal_boundary,measured_graph,6.130783346085795e-05,0.15348711686539954,0.011032504155587796,34,h1:h1_z;h2:h2_z
0.005011872336272725,1.000000000160308,0.9999999999358556,19.688656667534815,H1+H2,15929.247575206857,15929.110335022438,-0.13724018441893068,117,149,19.688656667534815,bayes_h1h2_marginal_boundary,measured_graph,6.0760277773980125e-06,0.15353018678516503,0.011066114837907336,34,h1:h1_z;h2:h2_z
0.006309573444801936,1.0000000004734022,0.9999999999890433,25.989708053421055,H1+H2,15926.154440388009,15925.959809329495,-0.19463105851336257,117,149,25.989708053421055,bayes_h1h2_marginal_boundary,measured_graph,2.602338740890336e-07,0.1536300880860748,0.011131845091752812,34,h1:h1_z;h2:h2_z
0.00794328234724282,1.0000000013133998,0.9999999999981467,33.92955169137713,H1+H2,15922.251909443125,15921.989887510517,-0.26202193260779433,117,149,33.92955169137713,bayes_h1h2_marginal_boundary,measured_graph,4.911890623738528e-09,0.15380543721309314,0.011228354204117691,34,h1:h1_z;h2:h2_z
0.01,1.000000003378748,0.9999999999996864,43.163371373226255,H1+H2,15917.712390476296,15917.372977669593,-0.3394128067022262,117,149,43.163371373226255,bayes_h1h2_marginal_boundary,measured_graph,4.854563879223514e-11,0.15406773093721046,0.011348013231700158,34,h1:h1_z;h2:h2_z
0.012589254117941675,1.0000000081498763,0.999999999999946,53.134759183700226,H1+H2,15912.814087445153,15912.387283764356,-0.42680368079665804,117,149,53.134759183700226,bayes_h1h2_marginal_boundary,measured_graph,3.3181106819948514e-13,0.15441549437330906,0.011478947779078761,34,h1:h1_z;h2:h2_z
0.01584893192461114,1.000000018818517,0.9999999999999905,63.236449447293126,H1+H2,15907.86063318745,15907.33643863256,-0.5241945548910899,117,149,63.236449447293126,bayes_h1h2_marginal_boundary,measured_graph,2.1248912050644147e-15,0.15483328369426486,0.011608401910202532,34,h1:h1_z;h2:h2_z
0.01995262314968881,1.000000042121123,0.9999999999999983,72.98266160352068,H1+H2,15903.094917983432,15902.463332554446,-0.6315854289855218,117,149,72.98266160352068,bayes_h1h2_marginal_boundary,measured_graph,1.625450017556158e-17,0.15529540927252605,0.01172642562395647,34,h1:h1_z;h2:h2_z
0.025118864315095822,1.000000090990023,0.9999999999999992,82.1315652859812,H1+H2,15898.637857016296,15897.888880713215,-0.7489763030799538,117,149,82.1315652859812,bayes_h1h2_marginal_boundary,measured_graph,1.6761559657961205e-19,0.15577058104421357,0.011828711169421443,34,h1:h1_z;h2:h2_z
0.03162277660168379,1.0000001861189571,0.9999999999999998,90.71443362085847,H1+H2,15894.47381372295,15893.597446545777,-0.8763671771743852,117,149,90.71443362085847,bayes_h1h2_marginal_boundary,measured_graph,2.293867080139307e-21,0.15622658401883843,0.011917429636205576,34,h1:h1_z;h2:h2_z
0.039810717055349734,1.0000003497418812,0.9999999999999998,98.97399232656608,H1+H2,15890.481425244192,15889.467667192923,-1.0137580512688171,117,149,98.97399232656608,bayes_h1h2_marginal_boundary,measured_graph,3.690012729460881e-23,0.15663643093150176,0.01199980439965721,34,h1:h1_z;h2:h2_z
0.05011872336272725,1.0000005792927833,1.0000000000000002,107.23019980199024,H1+H2,15886.500712380574,15885.33956345521,-1.1611489253632492,117,149,107.23019980199024,bayes_h1h2_marginal_boundary,measured_graph,5.945866998178339e-25,0.15698346853384895,0.012084904134309616,34,h1:h1_z;h2:h2_z
0.06309573444801936,1.000000802599595,1.0000000000000004,115.70703061325185,H1+H2,15882.419687849038,15881.10114804958,-1.3185397994576809,117,149,115.70703061325185,bayes_h1h2_marginal_boundary,measured_graph,8.580147773740032e-27,0.15726179521937314,0.012179737594631215,34,h1:h1_z;h2:h2_z
0.07943282347242822,1.000000877327411,1.0,124.41144369594986,H1+H2,15878.234872181783,15876.748941508231,-1.4859306735521132,117,149,124.41144369594986,bayes_h1h2_marginal_boundary,measured_graph,1.1049827102814876e-28,0.15747432471576697,0.012286713009349977,34,h1:h1_z;h2:h2_z
0.1,1.0000007185280997,0.9999999999999998,133.16402643400215,H1+H2,15874.035971686852,15872.372650139205,-1.663321547646544,117,149,133.16402643400215,bayes_h1h2_marginal_boundary,measured_graph,1.3891728596277856e-30,0.1576327065597736,0.01240437583001208,34,h1:h1_z;h2:h2_z
1e-05,1.00000000021137,1.0000000510771805,31.599847349221818,H1+H2,29481.68096074088,29479.31327415701,-2.3676865838692702,227,273,31.599847349221818,bayes_h1h2_marginal_boundary,measured_graph,2.5731016120272196e-08,0.17727324527301372,0.048515426133449786,35,h1:h1_z;h2:h2_z
1.2589254117941661e-05,1.0000000003159597,1.0000001752703902,30.780213306687074,H1+H2,29481.87816863624,29479.72309117828,-2.155077457963703,227,273,30.780213306687074,bayes_h1h2_marginal_boundary,measured_graph,3.876485892530813e-08,0.17727293737921876,0.048469933004724956,35,h1:h1_z;h2:h2_z
1.584893192461114e-05,1.0000000004713299,1.000000554549353,29.769355999720574,H1+H2,29482.180988163822,29480.228519831762,-1.952468332058134,227,273,29.769355999720574,bayes_h1h2_marginal_boundary,measured_graph,6.426034946169755e-08,0.177272330304343,0.04840134516466356,35,h1:h1_z;h2:h2_z
1.9952623149688786e-05,1.000000000699958,1.0000015526760087,28.46827939254581,H1+H2,29482.6389173415,29480.87905813535,-1.7598592061525666,227,273,28.46827939254581,bayes_h1h2_marginal_boundary,measured_graph,1.2315960249560277e-07,0.1772712203326232,0.04830067298696828,35,h1:h1_z;h2:h2_z
2.5118864315095822e-05,1.0000000010389147,1.0000000528089656,26.7508814915127,H1+H2,29483.315007166115,29481.737757085866,-1.5772500802469966,227,273,26.7508814915127,bayes_h1h2_marginal_boundary,measured_graph,2.906675127352404e-07,0.17726928009060458,0.04815899394626739,35,h1:h1_z;h2:h2_z
3.1622776601683795e-05,1.0000000015579198,1.0000001226259347,24.482113452933845,H1+H2,29484.276782059496,29482.872141105156,-1.404640954341429,227,273,24.482113452933845,bayes_h1h2_marginal_boundary,measured_graph,9.037602050575328e-07,0.17726598918783054,0.04797149709436316,35,h1:h1_z;h2:h2_z
3.9810717055349695e-05,1.0000000024006233,1.0000001840664585,21.56574198965245,H1+H2,29485.57235866523,29484.330326836796,-1.2420318284358616,227,273,21.56574198965245,bayes_h1h2_marginal_boundary,measured_graph,3.884500942234767e-06,0.17726053089081906,0.04774468539634588,35,h1:h1_z;h2:h2_z
5.011872336272725e-05,1.000000003860554,1.000000160352004,18.026853745177505,H1+H2,29487.189193661565,29486.099770959034,-1.089422702530293,227,273,18.026853745177505,bayes_h1h2_marginal_boundary,measured_graph,2.2792661957961794e-05,0.1772516447378544,0.04750148162811353,35,h1:h1_z;h2:h2_z
6.309573444801929e-05,1.0000000065142653,1.0000000752558038,14.086898567227763,H1+H2,29489.016562124634,29488.06974854801,-0.9468135766247254,227,273,14.086898567227763,bayes_h1h2_marginal_boundary,measured_graph,0.0001634351424186619,0.17723743214837995,0.047276572955407985,35,h1:h1_z;h2:h2_z
7.943282347242822e-05,1.0000000114178351,1.0000013978598263,10.146882905850362,H1+H2,29490.853960829416,29490.039756378697,-0.8142044507191568,227,273,10.146882905850362,bayes_h1h2_marginal_boundary,measured_graph,0.0011719497102485013,0.17721513858631194,0.0470997472640424,35,h1:h1_z;h2:h2_z
0.0001,1.000000020231384,1.00000031083416,6.642157000700536,H1+H2,29492.483714656086,29491.792119331272,-0.6915953248135883,227,273,6.642157000700536,bayes_h1h2_marginal_boundary,measured_graph,0.006760059781715576,0.17718100495224523,0.04698128295323061,35,h1:h1_z;h2:h2_z
0.00012589254117941674,1.0000000347437081,1.000000048339425,3.869772981153801,H1+H2,29493.757297539953,29493.178311341046,-0.5789861989080206,227,273,3.869772981153801,bayes_h1h2_marginal_boundary,measured_graph,0.02703747166360657,0.1771304236508717,0.04691243776337397,35,h1:h1_z;h2:h2_z
0.00015848931924611142,1.0000000547149677,1.0000000057178462,1.9176392210647464,H1+H2,29494.630755294093,29494.15437822109,-0.47637707300245236,227,273,1.9176392210647464,bayes_h1h2_marginal_boundary,measured_graph,0.07175737402903706,0.17705884910128983,0.046877078705901895,35,h1:h1_z;h2:h2_z
0.00019952623149688788,1.0000000737967298,1.0000000005570797,0.7133031872144784,H1+H2,29495.14031418511,29494.756546238015,-0.38376794709688455,227,273,0.7133031872144784,bayes_h1h2_marginal_boundary,measured_graph,0.13103423700103772,0.17696402642407957,0.04686099982474811,35,h1:h1_z;h2:h2_z
0.0002511886431509582,1.000000078841102,1.0000000000478553,0.11735104154649889,H1+H2,29495.35568113204,29495.05452231085,-0.30115882119131615,227,273,0.11735104154649889,bayes_h1h2_marginal_boundary,measured_graph,0.1765200933156442,0.17684957136057244,0.04685502750259692,35,h1:h1_z;h2:h2_z
0.00031622776601683794,1.0000000616336,1.0000000184686137,-0.0,H1+H2,29495.34174752691,29495.113197831623,-0.22854969528574837,227,273,-0.0,bayes_h1h2_marginal_boundary,measured_graph,0.18718739620555563,0.17672811633115973,0.04685429884104497,35,h1:h1_z;h2:h2_z
0.00039810717055349735,1.0000000330496257,1.0000000033703649,0.28185504957218654,H1+H2,29495.138210876215,29494.972270306836,-0.16594056938017995,227,273,0.28185504957218654,bayes_h1h2_marginal_boundary,measured_graph,0.16258203562986784,0.17662017283017953,0.04685667300201545,35,h1:h1_z;h2:h2_z
0.0005011872336272725,1.000000011833493,1.0000000006284369,0.9410110475728288,H1+H2,29494.75602375131,29494.642692307836,-0.11333144347461188,227,273,0.9410110475728288,bayes_h1h2_marginal_boundary,measured_graph,0.11693341965340621,0.17654669993980585,0.0468615283121991,35,h1:h1_z;h2:h2_z
0.000630957344480193,1.0000000028963003,1.0000000001255278,1.9955746194682433,H1+H2,29494.18613283946,29494.11541052189,-0.07072231756904392,227,273,1.9955746194682433,bayes_h1h2_marginal_boundary,measured_graph,0.06901493456038237,0.17652041799703252,0.046869117843708535,35,h1:h1_z;h2:h2_z
0.0007943282347242822,1.000000000535299,1.0000000000289913,3.4792218825459713,H1+H2,29493.41170008201,29493.37358689035,-0.03811319166347554,227,273,3.4792218825459713,bayes_h1h2_marginal_boundary,measured_graph,0.032867991864288834,0.17654396583968407,0.04688029878033888,35,h1:h1_z;h2:h2_z
0.001,1.00000000008758,1.0000000000086569,5.429204809915973,H1+H2,29492.414099492424,29492.398595426665,-0.015504065757907535,227,273,5.429204809915973,bayes_h1h2_marginal_boundary,measured_graph,0.012397661038073974,0.176615659366119,0.046896459748782815,35,h1:h1_z;h2:h2_z
0.0012589254117941675,1.0000000556628927,1.0000000000037255,7.892192141371197,H1+H2,29491.169996700788,29491.167101760937,-0.0028949398523394052,227,273,7.892192141371197,bayes_h1h2_marginal_boundary,measured_graph,0.003618335679705097,0.17673659600989763,0.04691949794530383,35,h1:h1_z;h2:h2_z
0.001584893192461114,1.0000000263749464,1.0000000000023577,10.93743459424877,H1+H2,29489.644766348443,29489.644480534498,-0.0002858139467712683,227,273,10.93743459424877,bayes_h1h2_marginal_boundary,measured_graph,0.0007893013725611234,0.1769148013001406,0.04695169473765045,35,h1:h1_z;h2:h2_z
0.0019952623149688807,1.0000000197845218,1.000000000002007,14.663090213172836,H1+H2,29487.789329413077,29487.781652725036,-0.007676688041203171,227,273,14.663090213172836,bayes_h1h2_marginal_boundary,measured_graph,0.00012252565127297767,0.17716655726100186,0.04699529393447103,35,h1:h1_z;h2:h2_z
0.002511886431509582,1.0000000215891065,1.0000000000020342,19.185610913446,H1+H2,29485.545459937035,29485.5203923749,-0.025067562135635053,227,273,19.185610913446,bayes_h1h2_marginal_boundary,measured_graph,1.2769506909120413e-05,0.17751638127687233,0.04705158356378565,35,h1:h1_z;h2:h2_z
0.0031622776601683794,1.0000000294184865,1.000000000002235,24.60821218145429,H1+H2,29482.861550177124,29482.809091740895,-0.05245843623006681,227,273,24.60821218145429,bayes_h1h2_marginal_boundary,measured_graph,8.485378578412111e-07,0.177995356183362,0.04711951115256103,35,h1:h1_z;h2:h2_z
0.003981071705534973,1.0000000444759023,1.000000000002506,30.97365160467598,H1+H2,29479.716221339608,29479.626372029285,-0.08984931032449865,227,273,30.97365160467598,bayes_h1h2_marginal_boundary,measured_graph,3.5191162630221675e-08,0.1786357532720654,0.04719450351572599,35,h1:h1_z;h2:h2_z
0.005011872336272725,1.0000000000191902,1.0000000000027514,38.21769515590131,H1+H2,29476.141590438092,29476.004350253672,-0.13724018441893068,227,273,38.21769515590131,bayes_h1h2_marginal_boundary,measured_graph,9.406098982679629e-10,0.1794588815673454,0.04726886096892641,35,h1:h1_z;h2:h2_z
0.006309573444801936,1.0000000000340104,1.000000000002875,46.140949154185364,H1+H2,29472.23735431304,29472.04272325453,-0.19463105851336257,227,273,46.140949154185364,bayes_h1h2_marginal_boundary,measured_graph,1.7901804067621897e-11,0.18045542890308613,0.0473346396517399,35,h1:h1_z;h2:h2_z
0.00794328234724282,1.000000000051097,1.0000000000028215,54.4108067866473,H1+H2,29468.169816370908,29467.9077944383,-0.26202193260779433,227,273,54.4108067866473,bayes_h1h2_marginal_boundary,measured_graph,2.864969689220114e-13,0.18156616602680448,0.04738778726979817,35,h1:h1_z;h2:h2_z
0.01,1.0000000000623335,1.0000000000026186,62.61723509478179,H1+H2,29464.143993090933,29463.80458028423,-0.3394128067022262,227,273,62.61723509478179,bayes_h1h2_marginal_boundary,measured_graph,4.732784896799806e-15,0.18268173910706184,0.04743060703607117,35,h1:h1_z;h2:h2_z
0.012589254117941675,1.0000000000617522,1.000000000002369,70.40839020053681,H1+H2,29460.33580641215,29459.909002731354,-0.42680368079665804,227,273,70.40839020053681,bayes_h1h2_marginal_boundary,measured_graph,9.622522413595605e-17,0.18367753524190328,0.04747071774881678,35,h1:h1_z;h2:h2_z
0.01584893192461114,1.0000000000511629,1.000000000002199,77.66071056982764,H1+H2,29456.8070371016,29456.28284254671,-0.5241945548910899,227,273,77.66071056982764,bayes_h1h2_marginal_boundary,measured_graph,2.5613420100535965e-18,0.18447152522877838,0.04751729757770225,35,h1:h1_z;h2:h2_z
0.01995262314968881,1.000000000038197,1.000000000002181,84.55955474107031,H1+H2,29453.465005890073,29452.833420461087,-0.6315854289855218,227,273,84.55955474107031,bayes_h1h2_marginal_boundary,measured_graph,8.135843671780289e-20,0.18506513887142872,0.047576924449894226,35,h1:h1_z;h2:h2_z
0.025118864315095822,1.0000000000273732,1.00000000000231,91.50861756550876,H1+H2,29450.107865351947,29449.358889048868,-0.7489763030799538,227,273,91.50861756550876,bayes_h1h2_marginal_boundary,measured_graph,2.5201870499857612e-21,0.18553620829762066,0.04765096590382466,35,h1:h1_z;h2:h2_z
0.03162277660168379,1.0000000000202982,1.000000000002507,98.91826203178061,H1+H2,29446.530433992906,29445.654066815732,-0.8763671771743852,227,273,98.91826203178061,bayes_h1h2_marginal_boundary,measured_graph,6.200817125520387e-23,0.18599111030735907,0.04773522636944624,35,h1:h1_z;h2:h2_z
0.039810717055349734,1.0000000000159346,1.0000000000026865,107.02427851546236,H1+H2,29442.61481662516,29441.60105857389,-1.0137580512688171,227,273,107.02427851546236,bayes_h1h2_marginal_boundary,measured_graph,1.0770845809760943e-24,0.1865124082068678,0.04782199716507896,35,h1:h1_z;h2:h2_z
0.05011872336272725,1.0000000000134837,1.0000000000028415,115.87740644414589,H1+H2,29438.335643534912,29437.17449460955,-1.1611489253632492,227,273,115.87740644414589,bayes_h1h2_marginal_boundary,measured_graph,1.2877083305543323e-26,0.1871356619969239,0.04790472580958977,35,h1:h1_z;h2:h2_z
0.06309573444801936,1.0000000000119582,1.00000000000307,125.49384457929409,H1+H2,29433.684815341432,29432.366275541975,-1.3185397994576809,227,273,125.49384457929409,bayes_h1h2_marginal_boundary,measured_graph,1.0510769119717768e-28,0.18785980779951122,0.04798393650885273,35,h1:h1_z;h2:h2_z
0.07943282347242822,1.0000000000105214,1.00000000000351,135.98195667335676,H1+H2,29428.608150168497,29427.122219494944,-1.4859306735521132,227,273,135.98195667335676,bayes_h1h2_marginal_boundary,measured_graph,5.548427204221369e-31,0.1886682176251396,0.04806984289190003,35,h1:h1_z;h2:h2_z
0.1,1.0000000000092255,1.0000000000042997,147.4730856670285,H1+H2,29423.039976545755,29421.37665499811,-1.663321547646544,227,273,147.4730856670285,bayes_h1h2_marginal_boundary,measured_graph,1.773792997338766e-33,0.1895369923304497,0.04817780010503465,35,h1:h1_z;h2:h2_z
1e-05,1.0000000001759557,0.9999977835834514,125.62193431572086,H1+H2,30327.43250660405,30325.064820020183,-2.3676865838692702,237,268,125.62193431572086,bayes_h1h2_marginal_boundary,measured_graph,2.4121961041846756e-28,0.06576700745576451,0.025805138605673433,36,h1:h1_z;h2:h2_z
1.2589254117941661e-05,1.000000000661465,0.9999997980293435,122.72834646387491,H1+H2,30328.66669140407,30326.511613946106,-2.155077457963703,237,268,122.72834646387491,bayes_h1h2_marginal_boundary,measured_graph,1.0250551459275336e-27,0.06576210224273327,0.025653630107257644,36,h1:h1_z;h2:h2_z
1.584893192461114e-05,1.0000000024230338,0.9999992637056346,118.65146088411711,H1+H2,30330.502525068045,30328.550056735985,-1.952468332058134,237,268,118.65146088411711,bayes_h1h2_marginal_boundary,measured_graph,7.871032135521922e-27,0.06575478219504687,0.025440868971170767,36,h1:h1_z;h2:h2_z
1.9952623149688786e-05,1.0000000085353151,0.9999980306776217,112.99145191973366,H1+H2,30333.139920424328,30331.380061218177,-1.7598592061525666,237,268,112.99145191973366,bayes_h1h2_marginal_boundary,measured_graph,1.333788645294933e-25,0.06574377981737058,0.02516232464332019,36,h1:h1_z;h2:h2_z
2.5118864315095822e-05,1.0000000284470414,0.9999966383134876,105.4528858769263,H1+H2,30336.72659431983,30335.14934423958,-1.5772500802469966,237,268,105.4528858769263,bayes_h1h2_marginal_boundary,measured_graph,5.781836851296033e-24,0.06572716467857626,0.024834148200993066,36,h1:h1_z;h2:h2_z
3.1622776601683795e-05,1.000000088087382,0.9999968301248031,96.11063444979663,H1+H2,30341.225110907486,30339.820469953145,-1.404640954341429,237,268,96.11063444979663,bayes_h1h2_marginal_boundary,measured_graph,6.176037929368911e-22,0.0657020355745493,0.024499346410155345,36,h1:h1_z;h2:h2_z
3.9810717055349695e-05,1.000000248863501,0.9999985005171156,85.63735944892687,H1+H2,30346.299139282015,30345.05710745358,-1.2420318284358616,237,268,85.63735944892687,bayes_h1h2_marginal_boundary,measured_graph,1.1613221906809718e-19,0.06566413614237515,0.024211478856589683,36,h1:h1_z;h2:h2_z
5.011872336272725e-05,1.0000006307089566,0.9999996459038267,75.1661001277098,H1+H2,30351.38215981672,30350.29273711419,-1.089422702530293,237,268,75.1661001277098,bayes_h1h2_marginal_boundary,measured_graph,2.18151295075019e-17,0.06560747959021318,0.024003016183219768,36,h1:h1_z;h2:h2_z
6.309573444801929e-05,1.0000000085227594,0.9999972673499442,65.76353528104664,H1+H2,30355.940833114146,30354.99401953752,-0.9468135766247254,237,268,65.76353528104664,bayes_h1h2_marginal_boundary,measured_graph,2.401589686678985e-15,0.06552429651612457,0.023872387487356376,36,h1:h1_z;h2:h2_z
7.943282347242822e-05,1.0000000230373136,0.9999995874169287,57.98223872100789,H1+H2,30359.698872268258,30358.88466781754,-0.8142044507191568,237,268,57.98223872100789,bayes_h1h2_marginal_boundary,measured_graph,1.175400548169693e-13,0.0654056734034633,0.023797912675911574,36,h1:h1_z;h2:h2_z
0.0001,1.00000004833209,0.9999999529719439,51.808857727999566,H1+H2,30362.662953638857,30361.971358314044,-0.6915953248135883,237,268,51.808857727999566,bayes_h1h2_marginal_boundary,measured_graph,2.574652014735805e-12,0.06524434016211911,0.0237563477612713,36,h1:h1_z;h2:h2_z
0.00012589254117941674,1.000000072356932,0.9999999956072021,46.88805336548103,H1+H2,30365.01074669421,30364.431760495303,-0.5789861989080206,237,268,46.88805336548103,bayes_h1h2_marginal_boundary,measured_graph,3.0147939111746743e-11,0.06503972323601002,0.023730880630548873,36,h1:h1_z;h2:h2_z
0.00015848931924611142,1.0000000699483012,0.9999999996418403,42.77959307866695,H1+H2,30366.962367711712,30366.48599063871,-0.47637707300245236,237,268,42.77959307866695,bayes_h1h2_marginal_boundary,measured_graph,2.3517894906432233e-10,0.06480401568431184,0.023711574195652344,36,h1:h1_z;h2:h2_z
0.00019952623149688788,1.0000000397966078,0.9999999999732647,39.140590084127325,H1+H2,30368.689260083076,30368.30549213598,-0.38376794709688455,237,268,39.140590084127325,bayes_h1h2_marginal_boundary,measured_graph,1.4507677920207179e-09,0.06456321286990233,0.023693057945305,36,h1:h1_z;h2:h2_z
0.0002511886431509582,1.0000011532880784,0.9999999859766421,35.80425073871447,H1+H2,30370.27482062988,30369.973661808686,-0.30115882119131615,237,268,35.80425073871447,bayes_h1h2_marginal_boundary,measured_graph,7.692629023702926e-09,0.06434715488204777,0.02367239828953132,36,h1:h1_z;h2:h2_z
0.00031622776601683794,1.0000003025782949,0.999999997647803,32.74725400452735,H1+H2,30371.730709871066,30371.50216017578,-0.22854969528574837,237,268,32.74725400452735,bayes_h1h2_marginal_boundary,measured_graph,3.547261420140366e-08,0.06417383551563421,0.023647774193759085,36,h1:h1_z;h2:h2_z
0.00039810717055349735,1.0000000547149235,0.999999999609621,29.982846733713814,H1+H2,30373.050304380566,30372.884363811187,-0.16594056938017995,237,268,29.982846733713814,bayes_h1h2_marginal_boundary,measured_graph,1.413112074483979e-07,0.064041798477952,0.023617798299161503,36,h1:h1_z;h2:h2_z
0.0005011872336272725,1.0000000073375976,0.9999999999352316,27.463648947014008,H1+H2,30374.25729414801,30374.143962704537,-0.11333144347461188,237,268,27.463648947014008,bayes_h1h2_marginal_boundary,measured_graph,4.979817832745895e-07,0.06393664739109305,0.02358122041290911,36,h1:h1_z;h2:h2_z
0.000630957344480193,1.000000000790927,0.9999999999891389,25.056713531979767,H1+H2,30375.418152729624,30375.347430412054,-0.07072231756904392,237,268,25.056713531979767,bayes_h1h2_marginal_boundary,measured_graph,1.6591010592585516e-06,0.06384124995394466,0.023536855735485907,36,h1:h1_z;h2:h2_z
0.0007943282347242822,1.0000000000739029,0.9999999999981288,22.57693439945433,H1+H2,30376.62543316998,30376.587319978316,-0.03811319166347554,237,268,22.57693439945433,bayes_h1h2_marginal_boundary,measured_graph,5.732578854711244e-06,0.0637415649904,0.023483672597051516,36,h1:h1_z;h2:h2_z
0.001,1.0000000278155547,0.9999999999996673,19.837742418807466,H1+H2,30377.9724200344,30377.95691596864,-0.015504065757907535,237,268,19.837742418807466,bayes_h1h2_marginal_boundary,measured_graph,2.25505956832138e-05,0.0636275180829205,0.023421050391557546,36,h1:h1_z;h2:h2_z
0.0012589254117941675,1.0000000053821587,0.9999999999999348,16.69786911967094,H1+H2,30379.52974755806,30379.526852618208,-0.0028949398523394052,237,268,16.69786911967094,bayes_h1h2_marginal_boundary,measured_graph,0.00010838591349736368,0.06349187234940494,0.023349269813924337,36,h1:h1_z;h2:h2_z
0.001584893192461114,1.0000000010884664,0.9999999999999847,13.107527657833998,H1+H2,30381.32230916307,30381.322023349127,-0.0002858139467712683,237,268,13.107527657833998,bayes_h1h2_marginal_boundary,measured_graph,0.0006525376653424247,0.0633291590582363,0.02327032900099705,36,h1:h1_z;h2:h2_z
0.0019952623149688807,1.0000000002447986,0.9999999999999958,9.166015005743247,H1+H2,30383.300456363213,30383.292779675172,-0.007676688041203171,237,268,9.166015005743247,bayes_h1h2_marginal_boundary,measured_graph,0.004682676786070821,0.06313543437211293,0.023189157053456918,36,h1:h1_z;h2:h2_z
0.002511886431509582,1.0000000000662577,0.9999999999999986,5.196638321867795,H1+H2,30385.302535579245,30385.27746801711,-0.025067562135635053,237,268,5.196638321867795,bayes_h1h2_marginal_boundary,measured_graph,0.03407480487388528,0.06290902115831457,0.023115129162784395,36,h1:h1_z;h2:h2_z
0.0031622776601683794,1.0000000000232987,0.9999999999999996,1.8237115099545917,H1+H2,30387.016389859295,30386.963931423066,-0.05245843623006681,237,268,1.8237115099545917,bayes_h1h2_marginal_boundary,measured_graph,0.18401580619461733,0.06265240218299264,0.02306332675210413,36,h1:h1_z;h2:h2_z
0.003981071705534973,1.0000000000109746,0.9999999999999996,-0.0,H1+H2,30387.965636488367,30387.875787178044,-0.08984931032449865,237,268,-0.0,bayes_h1h2_marginal_boundary,measured_graph,0.4580037684460258,0.06237546058258751,0.023054193029259575,36,h1:h1_z;h2:h2_z
0.005011872336272725,1.0000000000066434,1.0,0.904351862911426,H1+H2,30387.560851431008,30387.423611246588,-0.13724018441893068,237,268,0.904351862911426,bayes_h1h2_marginal_boundary,measured_graph,0.2914013366291082,0.06210000442170057,0.023109709839259692,36,h1:h1_z;h2:h2_z
0.006309573444801936,1.0000000000047444,0.9999999999999993,5.677517288553645,H1+H2,30385.23165959228,30385.037028533767,-0.19463105851336257,237,268,5.677517288553645,bayes_h1h2_marginal_boundary,measured_graph,0.026792413466971463,0.06186447442245202,0.023245668678732546,36,h1:h1_z;h2:h2_z
0.00794328234724282,1.0000000000036704,0.9999999999999996,15.129122153804929,H1+H2,30380.57324803375,30380.31122610114,-0.26202193260779433,237,268,15.129122153804929,bayes_h1h2_marginal_boundary,measured_graph,0.00023747719889375947,0.06172561919923772,0.023464091473220792,36,h1:h1_z;h2:h2_z
0.01,1.0000000000028988,1.0,29.65641472319112,H1+H2,30373.38699262315,30373.047579816448,-0.3394128067022262,237,268,29.65641472319112,bayes_h1h2_marginal_boundary,measured_graph,1.6636440753741293e-07,0.06175184469611337,0.02375326190025038,36,h1:h1_z;h2:h2_z
0.012589254117941675,1.0000000000022584,1.0,49.40620974477497,H1+H2,30363.59948598645,30363.172682305656,-0.42680368079665804,237,268,49.40620974477497,bayes_h1h2_marginal_boundary,measured_graph,8.559470893081622e-12,0.062004951346613844,0.024097704813359242,36,h1:h1_z;h2:h2_z
0.01584893192461114,1.0000000000017142,1.0,74.40965775246877,H1+H2,30351.1951528567,30350.67095830181,-0.5241945548910899,237,268,74.40965775246877,bayes_h1h2_marginal_boundary,measured_graph,3.1843234147583894e-17,0.06251671340626126,0.024489836006372022,36,h1:h1_z;h2:h2_z
0.01995262314968881,1.000000000001261,0.9999999999999991,104.52335547203984,H1+H2,30336.24569487101,30335.614109442024,-0.6315854289855218,237,268,104.52335547203984,bayes_h1h2_marginal_boundary,measured_graph,9.202605302163578e-24,0.0632767826312905,0.02493310153240372,36,h1:h1_z;h2:h2_z
0.025118864315095822,1.0000000000008942,1.0000000000000004,139.32652037384105,H1+H2,30318.961503294202,30318.212526991123,-0.7489763030799538,237,268,139.32652037384105,bayes_h1h2_marginal_boundary,measured_graph,2.5497615093238626e-31,0.06424245547914027,0.025435854336016545,36,h1:h1_z;h2:h2_z
0.03162277660168379,1.0000000000006053,0.9999999999999993,178.14158991825389,H1+H2,30299.68135939609,30298.804992218917,-0.8763671771743852,237,268,178.14158991825389,bayes_h1h2_marginal_boundary,measured_graph,9.504172320115226e-40,0.06536231596707019,0.026002865341004114,36,h1:h1_z;h2:h2_z
0.039810717055349734,1.000000000000391,1.0000000000000002,220.1640001284104,H1+H2,30278.807545165106,30277.79378711384,-1.0137580512688171,237,268,220.1640001284104,bayes_h1h2_marginal_boundary,measured_graph,7.126296151780197e-49,0.06659796843317987,0.026630165495340686,36,h1:h1_z;h2:h2_z
0.05011872336272725,1.0000000000002458,0.9999999999999996,264.59676404986385,H1+H2,30256.738554078474,30255.57740515311,-1.1611489253632492,237,268,264.59676404986385,bayes_h1h2_marginal_boundary,measured_graph,1.6010753574083938e-58,0.06793382239106367,0.027304483333827373,36,h1:h1_z;h2:h2_z
0.06309573444801936,1.0000000000001563,0.9999999999999998,310.6731931787581,H1+H2,30233.85773038812,30232.539190588664,-1.3185397994576809,237,268,310.6731931787581,bayes_h1h2_marginal_boundary,measured_graph,1.581402113870913e-68,0.06937075483710434,0.02800562914638669,36,h1:h1_z;h2:h2_z
0.07943282347242822,1.0000000000001108,0.9999999999999998,357.5067842941862,H1+H2,30210.608325704503,30209.12239503095,-1.4859306735521132,237,268,357.5067842941862,bayes_h1h2_marginal_boundary,measured_graph,1.0696882379202995e-78,0.07090626025939585,0.028708842842776,36,h1:h1_z;h2:h2_z
0.1,1.0000000000000975,0.9999999999999998,403.89513430136867,H1+H2,30187.591541575006,30185.92822002736,-1.663321547646544,237,268,403.89513430136867,bayes_h1h2_marginal_boundary,measured_graph,9.039720528452545e-89,0.07251413289725621,0.02938586298704339,36,h1:h1_z;h2:h2_z
1e-05,1.000000174852892,0.9999966195064446,138.31724002233386,H1+H2,26748.05353020995,26745.68584362608,-2.3676865838692702,200,235,138.31724002233386,bayes_h1h2_marginal_boundary,measured_graph,2.004406116262006e-31,0.031745991479400985,0.013826503495809299,37,h1:h1_z;h2:h2_z
1.2589254117941661e-05,1.000000839017536,0.9999989504581404,122.89353386215225,H1+H2,26755.552774164134,26753.39769670617,-2.155077457963703,200,235,122.89353386215225,bayes_h1h2_marginal_boundary,measured_graph,4.479205185003005e-28,0.031623084856306154,0.013607368714113496,37,h1:h1_z;h2:h2_z
1.584893192461114e-05,1.0000034783838672,0.9999958108461379,107.77146034502948,H1+H2,26762.911201796793,26760.958733464733,-1.952468332058134,200,235,107.77146034502948,bayes_h1h2_marginal_boundary,measured_graph,8.60830208399501e-25,0.03143586389923428,0.013463262105313298,37,h1:h1_z;h2:h2_z
1.9952623149688786e-05,1.0000005212155008,0.9999994821045883,93.93396993954957,H1+H2,26769.637337873624,26767.877478667473,-1.7598592061525666,200,235,93.93396993954957,bayes_h1h2_marginal_boundary,measured_graph,8.703428425771922e-22,0.031159615352514856,0.01338110426010173,37,h1:h1_z;h2:h2_z
2.5118864315095822e-05,1.0000017423800438,0.9999999593172361,81.4226736212513,H1+H2,26775.71037690687,26774.133126826622,-1.5772500802469966,200,235,81.4226736212513,bayes_h1h2_marginal_boundary,measured_graph,4.534024248096578e-19,0.030771847529581352,0.013339029106368897,37,h1:h1_z;h2:h2_z
3.1622776601683795e-05,1.0000035111443857,0.9999994613634221,69.59779010353668,H1+H2,26781.45020953982,26780.04556858548,-1.404640954341429,200,235,69.59779010353668,bayes_h1h2_marginal_boundary,measured_graph,1.6758095802534212e-16,0.030270087835494452,0.013319037779302535,37,h1:h1_z;h2:h2_z
3.9810717055349695e-05,1.0000036181388319,0.9999999467909949,57.703597411229566,H1+H2,26787.234696760068,26785.992664931633,-1.2420318284358616,200,235,57.703597411229566,bayes_h1h2_marginal_boundary,measured_graph,6.412328978809643e-14,0.029696322907791735,0.01330995348873645,37,h1:h1_z;h2:h2_z
5.011872336272725e-05,1.0000016631953164,0.9999999954369013,45.475738361055846,H1+H2,26793.19601715925,26792.10659445672,-1.089422702530293,200,235,45.475738361055846,bayes_h1h2_marginal_boundary,measured_graph,2.899089685823119e-11,0.029141152037945133,0.01330585805793004,37,h1:h1_z;h2:h2_z
6.309573444801929e-05,1.0000060818471528,0.9999999996383682,33.46076498614275,H1+H2,26799.060894720802,26798.114081144176,-0.9468135766247254,200,235,33.46076498614275,bayes_h1h2_marginal_boundary,measured_graph,1.1783653656630482e-08,0.028696623174458067,0.013303893322124977,37,h1:h1_z;h2:h2_z
7.943282347242822e-05,1.0000008698523477,0.9999999999739618,22.695394106973254,H1+H2,26804.31097103448,26803.49676658376,-0.8142044507191568,200,235,22.695394106973254,bayes_h1h2_marginal_boundary,measured_graph,2.5641920746068883e-06,0.02839901368016476,0.013302761464456497,37,h1:h1_z;h2:h2_z
0.0001,1.000000076006469,0.9999999999928165,14.027316367391904,H1+H2,26808.522400778365,26807.830805453552,-0.6915953248135883,200,235,14.027316367391904,bayes_h1h2_marginal_boundary,measured_graph,0.00019552384047152424,0.02822657515245434,0.013301885121007846,37,h1:h1_z;h2:h2_z
0.00012589254117941674,1.0000004796662203,1.0000000000053484,7.7375761108487495,H1+H2,26811.55466178073,26810.975675581823,-0.5789861989080206,200,235,7.7375761108487495,bayes_h1h2_marginal_boundary,measured_graph,0.00453941054366167,0.028137024436667137,0.013300997617773081,37,h1:h1_z;h2:h2_z
0.00015848931924611142,1.0000000476666426,0.9999999991483722,3.6245341756002745,H1+H2,26813.50857362245,26813.032196549448,-0.47637707300245236,200,235,3.6245341756002745,bayes_h1h2_marginal_boundary,measured_graph,0.03549238388628394,0.02809415934959845,0.013299956168404134,37,h1:h1_z;h2:h2_z
0.00019952623149688788,1.0000000041674468,0.9999999998620777,1.257975100837939,H1+H2,26814.599244033925,26814.21547608683,-0.38376794709688455,200,235,1.257975100837939,bayes_h1h2_marginal_boundary,measured_graph,0.11588492495021213,0.028074921465287346,0.013298659020237838,37,h1:h1_z;h2:h2_z
0.0002511886431509582,1.0000000003330416,0.9999999999768434,0.17945858435996342,H1+H2,26815.05589316626,26814.754734345068,-0.30115882119131615,200,235,0.17945858435996342,bayes_h1h2_marginal_boundary,measured_graph,0.1987118788621279,0.0280669032418658,0.013297007961557698,37,h1:h1_z;h2:h2_z
0.00031622776601683794,1.000000070925794,0.9999999999957375,-0.0,H1+H2,26815.073013332534,26814.844463637248,-0.22854969528574837,200,235,-0.0,bayes_h1h2_marginal_boundary,measured_graph,0.21736657692017627,0.028064118798162268,0.01329488962426687,37,h1:h1_z;h2:h2_z
0.00039810717055349735,1.0000000129479119,0.999999999999197,0.42537554266891675,H1+H2,26814.797716435292,26814.631775865913,-0.16594056938017995,200,235,0.42537554266891675,bayes_h1h2_marginal_boundary,measured_graph,0.17572098972956945,0.02806395609471819,0.013292165204548238,37,h1:h1_z;h2:h2_z
0.0005011872336272725,1.0000000024019473,0.9999999999997692,1.2478037576001952,H1+H2,26814.33389320192,26814.220561758448,-0.11333144347461188,200,235,1.2478037576001952,bayes_h1h2_marginal_boundary,measured_graph,0.11647577879491176,0.028065458431603702,0.013288666298044819,37,h1:h1_z;h2:h2_z
0.000630957344480193,1.0000000004590124,0.9999999999999275,2.328345693349547,H1+H2,26813.751013108144,26813.680290790573,-0.07072231756904392,200,235,2.328345693349547,bayes_h1h2_marginal_boundary,measured_graph,0.06785766679747991,0.0280685169623886,0.013284201043722733,37,h1:h1_z;h2:h2_z
0.0007943282347242822,1.0000000000928817,0.9999999999998406,3.581980002738419,H1+H2,26813.09158682754,26813.05347363588,-0.03811319166347554,200,235,3.581980002738419,bayes_h1h2_marginal_boundary,measured_graph,0.03625564964674975,0.028073541427488198,0.0132785828784679,37,h1:h1_z;h2:h2_z
0.001,1.0000000000202725,0.9999999999999661,4.970482609489409,H1+H2,26812.374726398262,26812.359222332503,-0.015504065757907535,200,235,4.970482609489409,bayes_h1h2_marginal_boundary,measured_graph,0.01810782052402501,0.02808138640136363,0.013271706741443833,37,h1:h1_z;h2:h2_z
0.0012589254117941675,1.0000000000052152,0.9999999999999933,6.506080391482101,H1+H2,26811.594318381358,26811.591423441507,-0.0028949398523394052,200,235,6.506080391482101,bayes_h1h2_marginal_boundary,measured_graph,0.008402632310941908,0.02809340765135604,0.013263714240940156,37,h1:h1_z;h2:h2_z
0.001584893192461114,1.0000000000014535,1.0000000000000495,8.267961815428862,H1+H2,26810.71076854348,26810.710482729533,-0.0002858139467712683,200,235,8.267961815428862,bayes_h1h2_marginal_boundary,measured_graph,0.0034819912037474883,0.02811157999267232,0.013255299475463512,37,h1:h1_z;h2:h2_z
0.0019952623149688807,1.000000000000383,1.0000000000000258,10.430596560960112,H1+H2,26809.63684204481,26809.629165356768,-0.007676688041203171,200,235,10.430596560960112,bayes_h1h2_marginal_boundary,measured_graph,0.0011809119067737836,0.02813860549367471,0.013248175835166832,37,h1:h1_z;h2:h2_z
0.002511886431509582,0.9999999999999077,0.9999999999999774,13.29248281569744,H1+H2,26808.223289791535,26808.1982222294,-0.025067562135635053,200,235,13.29248281569744,bayes_h1h2_marginal_boundary,measured_graph,0.00028233635092806536,0.028177886959229247,0.013245590363355968,37,h1:h1_z;h2:h2_z
0.0031622776601683794,1.0000000000001874,0.9999999999999832,17.27577660066163,H1+H2,26806.259033773145,26806.206575336917,-0.05245843623006681,200,235,17.27577660066163,bayes_h1h2_marginal_boundary,measured_graph,3.853057960589276e-05,0.02823314395207664,0.01325252848349925,37,h1:h1_z;h2:h2_z
0.003981071705534973,1.0000000000000768,1.0000000000000062,22.858554546321102,H1+H2,26803.50503567441,26803.415186364087,-0.08984931032449865,200,235,22.858554546321102,bayes_h1h2_marginal_boundary,measured_graph,2.3633101179418393e-06,0.028307370564471752,0.013275138732225574,37,h1:h1_z;h2:h2_z
0.005011872336272725,1.0000000000000617,0.9999999999999751,30.437421486545645,H1+H2,26799.762993078395,26799.625752893975,-0.13724018441893068,200,235,30.437421486545645,bayes_h1h2_marginal_boundary,measured_graph,5.3430675977772545e-08,0.028400976384504395,0.013319390178558373,37,h1:h1_z;h2:h2_z
0.006309573444801936,0.9999999999999557,1.0000000000000173,40.19844411894883,H1+H2,26794.939872636285,26794.745241577773,-0.19463105851336257,200,235,40.19844411894883,bayes_h1h2_marginal_boundary,measured_graph,4.057060977614147e-10,0.02850962030672611,0.013389951132873898,37,h1:h1_z;h2:h2_z
0.00794328234724282,1.0000000000000293,0.9999999999999998,52.113838356366614,H1+H2,26789.049566391674,26788.787544459065,-0.26202193260779433,200,235,52.113838356366614,bayes_h1h2_marginal_boundary,measured_graph,1.0490991899462602e-12,0.028623367115551576,0.013490498398938617,37,h1:h1_z;h2:h2_z
0.01,0.9999999999999877,0.9999999999999526,66.10538966844615,H1+H2,26782.131181609726,26781.791768803025,-0.3394128067022262,200,235,66.10538966844615,bayes_h1h2_marginal_boundary,measured_graph,9.607044174261821e-16,0.02872920662685608,0.013625399659426368,37,h1:h1_z;h2:h2_z
0.012589254117941675,0.9999999999999847,0.9999999999999427,82.29287601453689,H1+H2,26774.124829310775,26773.69802562998,-0.42680368079665804,200,235,82.29287601453689,bayes_h1h2_marginal_boundary,measured_graph,2.9344167273207784e-19,0.028817424146219565,0.01380140593369556,37,h1:h1_z;h2:h2_z
0.01584893192461114,0.9999999999999954,1.0000000000000182,101.21990549236216,H1+H2,26764.75870544596,26764.234510891067,-0.5241945548910899,200,235,101.21990549236216,bayes_h1h2_marginal_boundary,measured_graph,2.278083083649391e-23,0.028890369643792053,0.014028242674165014,37,h1:h1_z;h2:h2_z
0.01995262314968881,1.000000000000009,1.0000000000000364,124.03566290012532,H1+H2,26753.45821761617,26752.826632187185,-0.6315854289855218,200,235,124.03566290012532,bayes_h1h2_marginal_boundary,measured_graph,2.5304093742118364e-28,0.028972665046582687,0.01431806099386904,37,h1:h1_z;h2:h2_z
0.025118864315095822,0.999999999999997,0.9999999999999746,152.63983388486668,H1+H2,26739.273522997893,26738.524546694814,-0.7489763030799538,200,235,152.63983388486668,bayes_h1h2_marginal_boundary,measured_graph,1.5555141953661918e-34,0.029122792820500294,0.014683810796699007,37,h1:h1_z;h2:h2_z
0.03162277660168379,0.9999999999999944,1.0000000000000102,189.65940456729004,H1+H2,26720.891128530777,26720.014761353603,-0.8763671771743852,200,235,189.65940456729004,bayes_h1h2_marginal_boundary,measured_graph,1.4229064363654914e-42,0.029443208854786813,0.015135599962780454,37,h1:h1_z;h2:h2_z
0.039810717055349734,1.000000000000003,0.9999999999999922,237.9992019637648,H1+H2,26696.858620706633,26695.844862655365,-1.0137580512688171,200,235,237.9992019637648,bayes_h1h2_marginal_boundary,measured_graph,4.532342394223483e-53,0.030081776311063468,0.015674051359568755,37,h1:h1_z;h2:h2_z
0.05011872336272725,1.0000000000000093,0.9999999999999934,299.85999873504625,H1+H2,26666.075613195087,26664.914464269725,-1.1611489253632492,200,235,299.85999873504625,bayes_h1h2_marginal_boundary,measured_graph,1.6727127570896337e-66,0.031216628786596527,0.016282573951661463,37,h1:h1_z;h2:h2_z
0.06309573444801936,0.9999999999999686,0.9999999999998677,375.51214627730224,H1+H2,26628.406930298053,26627.088390498597,-1.3185397994576809,200,235,375.51214627730224,bayes_h1h2_marginal_boundary,measured_graph,6.2483630892364544e-83,0.03301930021734547,0.01692482044830475,37,h1:h1_z;h2:h2_z
0.07943282347242822,0.9999999999999849,1.0000000000001064,462.4361317935036,H1+H2,26585.11232841405,26583.626397740496,-1.4859306735521132,200,235,462.4361317935036,bayes_h1h2_marginal_boundary,measured_graph,8.326502770167486e-102,0.03559622686047463,0.017553445176674672,37,h1:h1_z;h2:h2_z
0.1,0.9999999999999593,0.9999999999999132,555.440699598621,H1+H2,26538.787435385584,26537.124113837937,-1.663321547646544,200,235,555.440699598621,bayes_h1h2_marginal_boundary,measured_graph,5.306123281650088e-122,0.0389229890278562,0.018127535755097048,37,h1:h1_z;h2:h2_z
1e-05,1.000000085791478,0.999999295489392,110.96808422618051,H1+H2,22178.517742158878,22176.15005557501,-2.3676865838692702,162,200,110.96808422618051,bayes_h1h2_marginal_boundary,measured_graph,1.7682700026343906e-25,0.03176748716157533,0.013387093060423903,38,h1:h1_z;h2:h2_z
1.2589254117941661e-05,1.0000004563200855,0.9999943068113805,101.91490259084094,H1+H2,22182.831723850642,22180.67664639268,-2.155077457963703,162,200,101.91490259084094,bayes_h1h2_marginal_boundary,measured_graph,1.6346395162125248e-23,0.031663114940343746,0.013235532692309511,38,h1:h1_z;h2:h2_z
1.584893192461114e-05,1.0000022044296673,0.999998693515287,92.96585379257158,H1+H2,22187.103639123874,22185.151170791814,-1.952468332058134,162,200,92.96585379257158,bayes_h1h2_marginal_boundary,measured_graph,1.4344428468810353e-21,0.03150178292820877,0.01313329476792738,38,h1:h1_z;h2:h2_z
1.9952623149688786e-05,1.0000003664224593,0.9999998278955405,84.67583460065362,H1+H2,22191.056039593925,22189.296180387773,-1.7598592061525666,162,200,84.67583460065362,bayes_h1h2_marginal_boundary,measured_graph,9.053949005816422e-20,0.031256766837958486,0.01307362932326544,38,h1:h1_z;h2:h2_z
2.5118864315095822e-05,1.0000017704245479,0.999999985613697,77.04345035232836,H1+H2,22194.689622592185,22193.112372511936,-1.5772500802469966,162,200,77.04345035232836,bayes_h1h2_marginal_boundary,measured_graph,4.113289012965976e-18,0.030895128316074685,0.013042449733076172,38,h1:h1_z;h2:h2_z
3.1622776601683795e-05,1.00000588781599,0.9999997402327168,69.5676976054965,H1+H2,22198.254889839693,22196.850248885352,-1.404640954341429,162,200,69.5676976054965,bayes_h1h2_marginal_boundary,measured_graph,1.727938608691665e-16,0.03038726904763927,0.013027372024117823,38,h1:h1_z;h2:h2_z
3.9810717055349695e-05,1.0000115007114339,0.999999973339225,61.494374614281696,H1+H2,22202.128942209394,22200.88691038096,-1.2420318284358616,162,200,61.494374614281696,bayes_h1h2_marginal_boundary,measured_graph,9.786516245859502e-15,0.029731581220480183,0.01302037994846447,38,h1:h1_z;h2:h2_z
5.011872336272725e-05,1.000010997184784,0.9999999976619935,52.182749255691306,H1+H2,22206.632145762786,22205.542723060255,-1.089422702530293,162,200,52.182749255691306,bayes_h1h2_marginal_boundary,measured_graph,1.0294893939540973e-12,0.02899070163383527,0.013017112906983425,38,h1:h1_z;h2:h2_z
6.309573444801929e-05,1.000004462522351,0.999999999815037,41.59670732390077,H1+H2,22211.782557602775,22210.83574402615,-0.9468135766247254,162,200,41.59670732390077,bayes_h1h2_marginal_boundary,measured_graph,2.0481024394864558e-10,0.028293333086703003,0.013015429552930464,38,h1:h1_z;h2:h2_z
7.943282347242822e-05,1.00001169322374,0.9999999999728386,30.600386474667175,H1+H2,22217.148108901485,22216.333904450767,-0.8142044507191568,162,200,30.600386474667175,bayes_h1h2_marginal_boundary,measured_graph,5.002330800101349e-08,0.027757280482902543,0.013014342835004952,38,h1:h1_z;h2:h2_z
0.0001,1.000001474624772,1.0000000000023712,20.534874559794844,H1+H2,22222.058255733016,22221.366660408203,-0.6915953248135883,162,200,20.534874559794844,bayes_h1h2_marginal_boundary,measured_graph,7.671327944610653e-06,0.027414113884310726,0.013013405851701612,38,h1:h1_z;h2:h2_z
0.00012589254117941674,1.0000001149859064,1.000000000003455,12.422839932114584,H1+H2,22226.00166392095,22225.422677722043,-0.5789861989080206,162,200,12.422839932114584,bayes_h1h2_marginal_boundary,measured_graph,0.00044297221550316834,0.027223137530644866,0.013012406763396012,38,h1:h1_z;h2:h2_z
0.00015848931924611142,1.0000006052927157,0.999999999362495,6.600574397860328,H1+H2,22228.810187562172,22228.33381048917,-0.47637707300245236,162,200,6.600574397860328,bayes_h1h2_marginal_boundary,measured_graph,0.008140768104287446,0.02712748060323177,0.013011228660814573,38,h1:h1_z;h2:h2_z
0.00019952623149688788,1.0000000565418086,0.9999999998931065,2.8758560061687604,H1+H2,22230.579937632112,22230.196169685016,-0.38376794709688455,162,200,2.8758560061687604,bayes_h1h2_marginal_boundary,measured_graph,0.052417669208013135,0.027083477336292627,0.01300978781962867,38,h1:h1_z;h2:h2_z
0.0002511886431509582,1.0000000046950335,0.9999999999796034,0.8244452231156174,H1+H2,22231.523033897734,22231.221875076542,-0.30115882119131615,162,200,0.8244452231156174,bayes_h1h2_marginal_boundary,measured_graph,0.14619613705601053,0.02706500891163009,0.013008006894008963,38,h1:h1_z;h2:h2_z
0.00031622776601683794,1.0000000003625755,0.999999999995794,-0.0,H1+H2,22231.862647383387,22231.6340976881,-0.22854969528574837,162,200,-0.0,bayes_h1h2_marginal_boundary,measured_graph,0.22078110514105387,0.027058614710174757,0.013005803073312571,38,h1:h1_z;h2:h2_z
0.00039810717055349735,1.0000000719066653,0.9999999999983816,0.029596383130410686,H1+H2,22231.785240065914,22231.619299496535,-0.16594056938017995,162,200,0.029596383130410686,bayes_h1h2_marginal_boundary,measured_graph,0.21753799928685733,0.0270580412872962,0.01300308292894458,38,h1:h1_z;h2:h2_z
0.0005011872336272725,1.0000000128446351,0.9999999999997484,0.6360279397777049,H1+H2,22231.429415161685,22231.31608371821,-0.11333144347461188,162,200,0.6360279397777049,bayes_h1h2_marginal_boundary,measured_graph,0.16063870360937693,0.027060705602593483,0.012999740704898365,38,h1:h1_z;h2:h2_z
0.000630957344480193,1.0000000023601459,0.9999999999996575,1.6280853078133077,H1+H2,22230.890777351764,22230.820055034194,-0.07072231756904392,162,200,1.6280853078133077,bayes_h1h2_marginal_boundary,measured_graph,0.09782000265884905,0.027065810464493793,0.012995659275102963,38,h1:h1_z;h2:h2_z
0.0007943282347242822,1.0000000004591154,1.0000000000000242,2.882514685494243,H1+H2,22230.230953537015,22230.192840345353,-0.03811319166347554,162,200,2.882514685494243,bayes_h1h2_marginal_boundary,measured_graph,0.052243443172649395,0.027073501041339605,0.012990714130727988,38,h1:h1_z;h2:h2_z
0.001,1.0000000000980502,0.9999999999999776,4.328225498429674,H1+H2,22229.485489004644,22229.469984938885,-0.015504065757907535,162,200,4.328225498429674,bayes_h1h2_marginal_boundary,measured_graph,0.02535710550924087,0.027084558904513025,0.012984781365236368,38,h1:h1_z;h2:h2_z
0.0012589254117941675,1.0000000000244065,0.9999999999999867,5.936208905586682,H1+H2,22228.668888175158,22228.665993235307,-0.0028949398523394052,162,200,5.936208905586682,bayes_h1h2_marginal_boundary,measured_graph,0.011348292401543291,0.02710039637779742,0.012977750873231081,38,h1:h1_z;h2:h2_z
0.001584893192461114,1.000000000007602,0.9999999999999946,7.715826717991149,H1+H2,22227.77647014305,22227.776184329105,-0.0002858139467712683,162,200,7.715826717991149,bayes_h1h2_marginal_boundary,measured_graph,0.004661132186961492,0.02712324222134159,0.012969545934252787,38,h1:h1_z;h2:h2_z
0.0019952623149688807,1.000000000002905,0.9999999999999907,9.717307537590386,H1+H2,22226.783120607346,22226.775443919305,-0.007676688041203171,162,200,9.717307537590386,bayes_h1h2_marginal_boundary,measured_graph,0.001713465567685429,0.027156492587234845,0.01296015031013698,38,h1:h1_z;h2:h2_z
0.002511886431509582,1.0000000000013343,1.0000000000000273,12.039971897429496,H1+H2,22225.63917930152,22225.614111739385,-0.025067562135635053,162,200,12.039971897429496,bayes_h1h2_marginal_boundary,measured_graph,0.000536432675832738,0.027205229289619128,0.012949644808168041,38,h1:h1_z;h2:h2_z
0.0031622776601683794,1.0000000000007276,0.9999999999999942,14.844982975926541,H1+H2,22224.264064636365,22224.211606200137,-0.05245843623006681,162,200,14.844982975926541,bayes_h1h2_marginal_boundary,measured_graph,0.00013195164467046978,0.027276883049992266,0.01293825708623401,38,h1:h1_z;h2:h2_z
0.003981071705534973,1.0000000000005431,0.999999999999996,18.36878698568762,H1+H2,22222.53955350558,22222.449704195256,-0.08984931032449865,162,200,18.36878698568762,bayes_h1h2_marginal_boundary,measured_graph,2.2658465216247306e-05,0.02738191334243133,0.012926424019759823,38,h1:h1_z;h2:h2_z
0.005011872336272725,1.0000000000003975,0.9999999999999963,22.927170428702084,H1+H2,22220.30775265817,22220.17051247375,-0.13724018441893068,162,200,22.927170428702084,bayes_h1h2_marginal_boundary,measured_graph,2.3194771660737613e-06,0.027534156084147318,0.012914832588645897,38,h1:h1_z;h2:h2_z
0.006309573444801936,1.0000000000003033,0.999999999999994,28.891210740948736,H1+H2,22217.383123376138,22217.188492317626,-0.19463105851336257,162,200,28.891210740948736,bayes_h1h2_marginal_boundary,measured_graph,1.1757505830048308e-07,0.027750217890693665,0.01290433667848718,38,h1:h1_z;h2:h2_z
0.00794328234724282,1.0000000000002656,1.0000000000000022,36.61860954451549,H1+H2,22213.58681484845,22213.324792915842,-0.26202193260779433,162,200,36.61860954451549,bayes_h1h2_marginal_boundary,measured_graph,2.467924519502385e-09,0.028047318603011812,0.01289565408092732,38,h1:h1_z;h2:h2_z
0.01,1.0000000000002311,1.0,46.35765093094233,H1+H2,22208.79468502933,22208.45527222263,-0.3394128067022262,162,200,46.35765093094233,bayes_h1h2_marginal_boundary,measured_graph,1.894636528658479e-11,0.028439904611940844,0.012888997666255076,38,h1:h1_z;h2:h2_z
0.012589254117941675,1.0000000000002052,0.9999999999999978,58.18943111039698,H1+H2,22202.966185813697,22202.5393821329,-0.42680368079665804,162,200,58.18943111039698,bayes_h1h2_marginal_boundary,measured_graph,5.1084304476614294e-14,0.028937031150581157,0.01288406504201022,38,h1:h1_z;h2:h2_z
0.01584893192461114,1.0000000000001783,1.0000000000000002,72.06448862663092,H1+H2,22196.126047929676,22195.601853374785,-0.5241945548910899,162,200,72.06448862663092,bayes_h1h2_marginal_boundary,measured_graph,4.958576605231962e-17,0.029542763319600162,0.012880590105226873,38,h1:h1_z;h2:h2_z
0.01995262314968881,1.000000000000166,0.9999999999999991,87.90407432821667,H1+H2,22188.313645952978,22187.682060523992,-0.6315854289855218,162,200,87.90407432821667,bayes_h1h2_marginal_boundary,measured_graph,1.802331587337437e-20,0.030258836924420558,0.01287921454756634,38,h1:h1_z;h2:h2_z
0.025118864315095822,1.0000000000001619,0.9999999999999994,105.68636322244129,H1+H2,22179.53989237996,22178.79091607688,-0.7489763030799538,162,200,105.68636322244129,bayes_h1h2_marginal_boundary,measured_graph,2.4800459242624945e-24,0.03108605078505859,0.012882446517405615,38,h1:h1_z;h2:h2_z
0.03162277660168379,1.0000000000001747,0.9999999999999989,125.49909213900537,H1+H2,22169.76091879577,22168.884551618597,-0.8763671771743852,162,200,125.49909213900537,bayes_h1h2_marginal_boundary,measured_graph,1.2364606596077017e-28,0.03202310232226965,0.0128957454283856,38,h1:h1_z;h2:h2_z
0.039810717055349734,1.0000000000001952,1.0000000000000007,147.59836696496495,H1+H2,22158.848672256885,22157.834914205618,-1.0137580512688171,162,200,147.59836696496495,bayes_h1h2_marginal_boundary,measured_graph,1.9650958908351945e-33,0.03306524931460575,0.012928698600826022,38,h1:h1_z;h2:h2_z
0.05011872336272725,1.0000000000002467,1.0000000000000009,172.42379071411415,H1+H2,22146.583351256406,22145.422202331043,-1.1611489253632492,162,200,172.42379071411415,bayes_h1h2_marginal_boundary,measured_graph,7.991190336181114e-39,0.034203528836131,0.012995305997984145,38,h1:h1_z;h2:h2_z
0.06309573444801936,1.0000000000003604,1.0000000000000022,200.40037908150407,H1+H2,22132.752447946805,22131.433908147348,-1.3185397994576809,162,200,200.40037908150407,bayes_h1h2_marginal_boundary,measured_graph,6.723145337434487e-45,0.035420847604384846,0.013111435287488036,38,h1:h1_z;h2:h2_z
0.07943282347242822,1.000000000000578,1.0000000000000004,231.4925294694185,H1+H2,22117.373763626943,22115.88783295339,-1.4859306735521132,162,200,231.4925294694185,bayes_h1h2_marginal_boundary,measured_graph,1.1912360496121068e-51,0.03668296070387258,0.013289023263108988,38,h1:h1_z;h2:h2_z
0.1,1.0000000000010307,0.9999999999999994,264.7976345744173,H1+H2,22100.89860194854,22099.23528040089,-1.663321547646544,162,200,264.7976345744173,bayes_h1h2_marginal_boundary,measured_graph,6.980493781844825e-59,0.037931192398173615,0.013529817873673123,38,h1:h1_z;h2:h2_z
1e-05,1.0000000169750893,0.9999999568221979,21.38045045799663,H1+H2,27186.90339013577,27184.5357035519,-2.3676865838692702,210,233,21.38045045799663,bayes_h1h2_marginal_boundary,measured_graph,4.957923486220347e-06,0.02584528659620613,0.01220750605603872,39,h1:h1_z;h2:h2_z
1.2589254117941661e-05,1.0000000602959582,0.9999999470571627,19.327406800432072,H1+H2,27187.717302838646,27185.562225380683,-2.155077457963703,210,233,19.327406800432072,bayes_h1h2_marginal_boundary,measured_graph,1.383925099529815e-05,0.025832388279420082,0.012168212870691624,39,h1:h1_z;h2:h2_z
1.584893192461114e-05,1.0000002013628186,0.9999999628298339,17.04167519439943,H1+H2,27188.65755951576,27186.7050911837,-1.952468332058134,210,233,17.04167519439943,bayes_h1h2_marginal_boundary,measured_graph,4.3396319480111876e-05,0.025812594250738844,0.012131882196935135,39,h1:h1_z;h2:h2_z
1.9952623149688786e-05,1.000000613262182,0.9999983261944602,14.690004394396965,H1+H2,27189.640785789852,27187.8809265837,-1.7598592061525666,210,233,14.690004394396965,bayes_h1h2_marginal_boundary,measured_graph,0.0001406409280820475,0.025782726824951314,0.012103290356022237,39,h1:h1_z;h2:h2_z
2.5118864315095822e-05,1.0000016334535704,0.9999994199683516,12.44647900747077,H1+H2,27190.579939357413,27189.002689277164,-1.5772500802469966,210,233,12.44647900747077,bayes_h1h2_marginal_boundary,measured_graph,0.00043180440796132264,0.02573883633583841,0.01208412066711591,39,h1:h1_z;h2:h2_z
3.1622776601683795e-05,1.0000000433514087,0.9999998632853815,10.401819268292456,H1+H2,27191.429660101094,27190.025019146753,-1.404640954341429,210,233,10.401819268292456,bayes_h1h2_marginal_boundary,measured_graph,0.001200270942801206,0.02567695847472301,0.012073090021953906,39,h1:h1_z;h2:h2_z
3.9810717055349695e-05,1.0000000951026258,0.9999999768272578,8.531433677286259,H1+H2,27192.20224377069,27190.960211942256,-1.2420318284358616,210,233,8.531433677286259,bayes_h1h2_marginal_boundary,measured_graph,0.0030579357978786676,0.025594798939862995,0.01206763000265297,39,h1:h1_z;h2:h2_z
5.011872336272725e-05,1.000000136250665,0.9999999970011307,6.739148414351803,H1+H2,27192.945777276254,27191.856354573723,-1.089422702530293,210,233,6.739148414351803,bayes_h1h2_marginal_boundary,measured_graph,0.007492351827818549,0.025494898005187457,0.012065438458196048,39,h1:h1_z;h2:h2_z
6.309573444801929e-05,1.0000001154830562,0.9999999996861035,4.949516650784062,H1+H2,27193.697984032133,27192.751170455507,-0.9468135766247254,210,233,4.949516650784062,bayes_h1h2_marginal_boundary,measured_graph,0.018332925039251307,0.025387010797826244,0.012065016632441737,39,h1:h1_z;h2:h2_z
7.943282347242822e-05,1.000000053819159,0.9999999999718721,3.195317697842256,H1+H2,27194.442474382697,27193.628269931978,-0.8142044507191568,210,233,3.195317697842256,bayes_h1h2_marginal_boundary,measured_graph,0.0440708295527134,0.02528650893802521,0.012065568690848679,39,h1:h1_z;h2:h2_z
0.0001,1.0000011562063202,0.999999999997896,1.6419960034399992,H1+H2,27195.096526103993,27194.40493077918,-0.6915953248135883,210,233,1.6419960034399992,bayes_h1h2_marginal_boundary,measured_graph,0.09581880397715853,0.025207343916260328,0.012066743498980993,39,h1:h1_z;h2:h2_z
0.00012589254117941674,1.0000002564122277,0.9999999999998609,0.5173739945676061,H1+H2,27195.546227982522,27194.967241783615,-0.5789861989080206,210,233,0.5173739945676061,bayes_h1h2_marginal_boundary,measured_graph,0.1681354582857124,0.025155182488440658,0.012068433215842778,39,h1:h1_z;h2:h2_z
0.00015848931924611142,1.0000000395925592,0.9999999986997451,-0.0,H1+H2,27195.7023058539,27195.2259287809,-0.47637707300245236,210,233,-0.0,bayes_h1h2_marginal_boundary,measured_graph,0.2177738090826264,0.025126908834855452,0.012070659535760819,39,h1:h1_z;h2:h2_z
0.00019952623149688788,1.0000000046001267,0.9999999997823917,0.1556240698118927,H1+H2,27195.53188469309,27195.148116745993,-0.38376794709688455,210,233,0.1556240698118927,bayes_h1h2_marginal_boundary,measured_graph,0.20147089237069862,0.025115602517066838,0.012073521422892095,39,h1:h1_z;h2:h2_z
0.0002511886431509582,1.0000000004335172,0.9999999999640745,0.9526743855094537,H1+H2,27195.050750409337,27194.749591588145,-0.30115882119131615,210,233,0.9526743855094537,bayes_h1h2_marginal_boundary,measured_graph,0.13524930219846681,0.02511498480949158,0.012077177688926171,39,h1:h1_z;h2:h2_z
0.00031622776601683794,1.000000000035145,0.999999999994048,2.3151294171257177,H1+H2,27194.296913767623,27194.068364072336,-0.22854969528574837,210,233,2.3151294171257177,bayes_h1h2_marginal_boundary,measured_graph,0.06843553741504914,0.025121105995324938,0.012081848273747893,39,h1:h1_z;h2:h2_z
0.00039810717055349735,1.0000000149423842,0.9999999999990287,4.169416343735065,H1+H2,27193.30716117841,27193.14122060903,-0.16594056938017995,210,233,4.169416343735065,bayes_h1h2_marginal_boundary,measured_graph,0.02707873623866967,0.02513215356606164,0.012087827273865386,39,h1:h1_z;h2:h2_z
0.0005011872336272725,1.0000000025249502,0.9999999999998056,6.470781640950008,H1+H2,27192.103869403898,27191.990537960424,-0.11333144347461188,210,233,6.470781640950008,bayes_h1h2_marginal_boundary,measured_graph,0.008568272445325698,0.02514777489259152,0.01209550549133,39,h1:h1_z;h2:h2_z
0.000630957344480193,1.000000000423815,0.9999999999999578,9.213997589889914,H1+H2,27190.689652303525,27190.618929985954,-0.07072231756904392,210,233,9.213997589889914,bayes_h1h2_marginal_boundary,measured_graph,0.002173759498201365,0.025168563879394156,0.01210540313521199,39,h1:h1_z;h2:h2_z
0.0007943282347242822,1.0000000000736062,0.9999999999999906,12.437219602012192,H1+H2,27189.045432171555,27189.007318979893,-0.03811319166347554,210,233,12.437219602012192,bayes_h1h2_marginal_boundary,measured_graph,0.0004338081688369034,0.025195831186398183,0.012118214491071085,39,h1:h1_z;h2:h2_z
0.001,1.0000000000142315,0.9999999999999942,16.22531052344857,H1+H2,27187.128777584934,27187.113273519175,-0.015504065757907535,210,233,16.22531052344857,bayes_h1h2_marginal_boundary,measured_graph,6.527159624520057e-05,0.025231595133751204,0.012134866070310123,39,h1:h1_z;h2:h2_z
0.0012589254117941675,1.000000000003492,0.9999999999999962,20.715747691378056,H1+H2,27184.87094987506,27184.86805493521,-0.0028949398523394052,210,233,20.715747691378056,bayes_h1h2_marginal_boundary,measured_graph,6.912548509100456e-06,0.025278738296645214,0.012156586600607562,39,h1:h1_z;h2:h2_z
0.001584893192461114,1.0000000000012623,1.0000000000000002,26.10791357524431,H1+H2,27182.172257807222,27182.171971993277,-0.0002858139467712683,210,233,26.10791357524431,bayes_h1h2_marginal_boundary,measured_graph,4.6638464936261613e-07,0.025341307555412394,0.012184978070243343,39,h1:h1_z;h2:h2_z
0.0019952623149688807,1.0000000000007196,1.000000000000002,32.67444475807861,H1+H2,27178.8963830899,27178.88870640186,-0.007676688041203171,210,233,32.67444475807861,bayes_h1h2_marginal_boundary,measured_graph,1.749202617673467e-08,0.025424965076390037,0.012222056693778162,39,h1:h1_z;h2:h2_z
0.002511886431509582,1.0000000000005695,0.9999999999999987,40.7704729448742,H1+H2,27174.865759870598,27174.840692308462,-0.025067562135635053,210,233,40.7704729448742,bayes_h1h2_marginal_boundary,measured_graph,3.053584448648553e-10,0.025537607121660724,0.012270196703537302,39,h1:h1_z;h2:h2_z
0.0031622776601683794,1.0000000000005485,0.9999999999999996,50.83289882782992,H1+H2,27169.861937803213,27169.809479366984,-0.05245843623006681,210,233,50.83289882782992,bayes_h1h2_marginal_boundary,measured_graph,1.9942606380448026e-12,0.025690145726278167,0.012331866823609155,39,h1:h1_z;h2:h2_z
0.003981071705534973,1.0000000000005973,0.9999999999999992,63.359416996601794,H1+H2,27163.63606959292,27163.5462202826,-0.08984931032449865,210,233,63.359416996601794,bayes_h1h2_marginal_boundary,measured_graph,3.7991204094818304e-15,0.02589736788253103,0.012409046003095931,39,h1:h1_z;h2:h2_z
0.005011872336272725,1.0000000000006857,1.0000000000000002,78.86054514440184,H1+H2,27155.93289639312,27155.7956562087,-0.13724018441893068,210,233,78.86054514440184,bayes_h1h2_marginal_boundary,measured_graph,1.6355199627659064e-18,0.026178600608643,0.012502335628965893,39,h1:h1_z;h2:h2_z
0.006309573444801936,1.0000000000008171,0.9999999999999983,97.78863357387308,H1+H2,27146.526243052474,27146.331611993963,-0.19463105851336257,210,233,97.78863357387308,bayes_h1h2_marginal_boundary,measured_graph,1.26903520551803e-22,0.02655756901676858,0.012610092027788981,39,h1:h1_z;h2:h2_z
0.00794328234724282,1.000000000001005,0.9999999999999992,120.45296050935576,H1+H2,27135.26147045883,27134.99944852622,-0.26202193260779433,210,233,120.45296050935576,bayes_h1h2_marginal_boundary,measured_graph,1.5204691344157478e-27,0.02706037461172797,0.012728160117479109,39,h1:h1_z;h2:h2_z
0.01,1.0000000000012494,0.9999999999999992,146.91311523940385,H1+H2,27122.1087839679,27121.769371161197,-0.3394128067022262,210,233,146.91311523940385,bayes_h1h2_marginal_boundary,measured_graph,2.7304109288060774e-33,0.027710285506495104,0.012850543754570837,39,h1:h1_z;h2:h2_z
0.012589254117941675,1.000000000001547,0.9999999999999998,176.82716784114746,H1+H2,27107.23914854112,27106.812344860326,-0.42680368079665804,210,233,176.82716784114746,bayes_h1h2_marginal_boundary,measured_graph,8.719147516983472e-40,0.02851891660971294,0.012970540436655593,39,h1:h1_z;h2:h2_z
0.01584893192461114,1.0000000000018785,0.9999999999999992,209.2838741442465,H1+H2,27091.108186263667,27090.583991708776,-0.5241945548910899,210,233,209.2838741442465,bayes_h1h2_marginal_boundary,measured_graph,7.808898921398009e-47,0.029476295560711168,0.013081348660125924,39,h1:h1_z;h2:h2_z
0.01995262314968881,1.0000000000021732,1.0,242.7637252214481,H1+H2,27074.47565159916,27073.844066170175,-0.6315854289855218,210,233,242.7637252214481,bayes_h1h2_marginal_boundary,measured_graph,4.1930738599503465e-54,0.030545721794476975,0.01317594358099999,39,h1:h1_z;h2:h2_z
0.025118864315095822,1.0000000000023628,0.9999999999999992,275.3680375571639,H1+H2,27058.290886305396,27057.541910002317,-0.7489763030799538,210,233,275.3680375571639,bayes_h1h2_marginal_boundary,measured_graph,3.488157173337552e-61,0.031668088395627236,0.013247330156674097,39,h1:h1_z;h2:h2_z
0.03162277660168379,1.0000000000023794,0.999999999999999,305.2316531477263,H1+H2,27043.48646938421,27042.610102207036,-0.8763671771743852,210,233,305.2316531477263,bayes_h1h2_marginal_boundary,measured_graph,1.1423371883190293e-67,0.03277345456219634,0.013289887090891774,39,h1:h1_z;h2:h2_z
0.039810717055349734,1.0000000000022178,0.9999999999999988,330.89311511626875,H1+H2,27030.793129274032,27029.779371222765,-1.0137580512688171,210,233,330.89311511626875,bayes_h1h2_marginal_boundary,measured_graph,3.058289897046087e-73,0.033794367647894084,0.013300847086410635,39,h1:h1_z;h2:h2_z
0.05011872336272725,1.000000000001917,0.9999999999999979,351.52037066857156,H1+H2,27020.626892371976,27019.465743446613,-1.1611489253632492,210,233,351.52037066857156,bayes_h1h2_marginal_boundary,measured_graph,1.0146751361900036e-77,0.034678863027667754,0.013280750072758874,39,h1:h1_z;h2:h2_z
0.06309573444801936,1.000000000001554,0.9999999999999974,366.9957828175684,H1+H2,27013.04657717157,27011.728037372115,-1.3185397994576809,210,233,366.9957828175684,bayes_h1h2_marginal_boundary,measured_graph,4.424701399630361e-81,0.035400885694839665,0.013232990523410966,39,h1:h1_z;h2:h2_z
0.07943282347242822,1.0000000000011928,0.9999999999999967,377.85055579016625,H1+H2,27007.78658155937,27006.300650885816,-1.4859306735521132,210,233,377.85055579016625,bayes_h1h2_marginal_boundary,measured_graph,1.944464262263685e-83,0.03596261774658397,0.013163324351881443,39,h1:h1_z;h2:h2_z
0.1,1.0000000000008753,0.9999999999999947,385.06964022439206,H1+H2,27004.35443021635,27002.691108668703,-1.663321547646544,210,233,385.06964022439206,bayes_h1h2_marginal_boundary,measured_graph,5.262543497001572e-85,0.03638701243538287,0.013079671767375558,39,h1:h1_z;h2:h2_z
1e-05,1.0000000000218525,0.999999840234418,10.058748534422193,H1+H2,24518.45738157226,24516.089694988394,-2.3676865838692702,183,221,10.058748534422193,bayes_h1h2_marginal_boundary,measured_graph,0.0008981750067342494,0.07705917368884885,0.011231001286015872,40,h1:h1_z;h2:h2_z
1.2589254117941661e-05,1.0000000000765712,0.9999999372622229,7.178195067201159,H1+H2,24519.685049179967,24517.529971722004,-2.155077457963703,183,221,7.178195067201159,bayes_h1h2_marginal_boundary,measured_graph,0.0037919727149704234,0.07705738156490682,0.011193110351513382,40,h1:h1_z;h2:h2_z
1.584893192461114e-05,1.0000000002546472,0.9999999861261084,4.625939584788284,H1+H2,24520.75856779527,24518.80609946321,-1.952468332058134,183,221,4.625939584788284,bayes_h1h2_marginal_boundary,measured_graph,0.013585650564218796,0.07705451644141634,0.011167697112161819,40,h1:h1_z;h2:h2_z
1.9952623149688786e-05,1.0000000007905057,0.9999995591810378,2.620026031821908,H1+H2,24521.568915445845,24519.809056239694,-1.7598592061525666,183,221,2.620026031821908,bayes_h1h2_marginal_boundary,measured_graph,0.03703898129767889,0.07704997499764552,0.011152919983707646,40,h1:h1_z;h2:h2_z
2.5118864315095822e-05,1.0000000022564555,0.9999999230695841,1.2293437484186143,H1+H2,24522.081647461644,24520.504397381395,-1.5772500802469966,183,221,1.2293437484186143,bayes_h1h2_marginal_boundary,measured_graph,0.07424066518306235,0.0770428510020999,0.01114531278205574,40,h1:h1_z;h2:h2_z
3.1622776601683795e-05,1.000000005850529,0.9999999897292451,0.40275780318916077,H1+H2,24522.32233130835,24520.91769035401,-1.404640954341429,183,221,0.40275780318916077,bayes_h1h2_marginal_boundary,measured_graph,0.11223613734476784,0.07703183036486141,0.011141821308212245,40,h1:h1_z;h2:h2_z
3.9810717055349695e-05,1.0000000136212932,0.9999999988908305,0.03170266003871802,H1+H2,24522.34524975402,24521.103217925585,-1.2420318284358616,183,221,0.03170266003871802,bayes_h1h2_marginal_boundary,measured_graph,0.13511585458595965,0.07701511576800459,0.0111404512739495,40,h1:h1_z;h2:h2_z
5.011872336272725e-05,1.0000000280004568,0.9999999998990398,-0.0,H1+H2,24522.208491958136,24521.119069255605,-1.089422702530293,183,221,-0.0,bayes_h1h2_marginal_boundary,measured_graph,0.13727468555595804,0.0769904885371815,0.011140121710393799,40,h1:h1_z;h2:h2_z
6.309573444801929e-05,1.0000000493287526,0.9999999999921078,0.20934841355483513,H1+H2,24521.961208625453,24521.014395048827,-0.9468135766247254,183,221,0.20934841355483513,bayes_h1h2_marginal_boundary,measured_graph,0.12363203765579454,0.07695571309724582,0.011140316914226287,40,h1:h1_z;h2:h2_z
7.943282347242822e-05,1.0000000710253993,0.9999999999994005,0.5876762606931152,H1+H2,24521.639435575977,24520.825231125258,-0.8142044507191568,183,221,0.5876762606931152,bayes_h1h2_marginal_boundary,measured_graph,0.10232415785062972,0.07690953687729252,0.011140818404154842,40,h1:h1_z;h2:h2_z
0.0001,1.000000078417151,1.0000000000000107,1.090519904057146,H1+H2,24521.26540462839,24520.573809303576,-0.6915953248135883,183,221,1.090519904057146,bayes_h1h2_marginal_boundary,measured_graph,0.079576909612162,0.07685328214554434,0.01114155114832351,40,h1:h1_z;h2:h2_z
0.00012589254117941674,1.000000061876942,0.999999999399151,1.7014641378991655,H1+H2,24520.847323385562,24520.268337186655,-0.5789861989080206,183,221,1.7014641378991655,bayes_h1h2_marginal_boundary,measured_graph,0.058630313238797985,0.07679218364340064,0.01114250765623127,40,h1:h1_z;h2:h2_z
0.00015848931924611142,1.0000000328901428,0.9999999999000349,2.4316552778691403,H1+H2,24520.379618689672,24519.90324161667,-0.47637707300245236,183,221,2.4316552778691403,bayes_h1h2_marginal_boundary,measured_graph,0.0406970774853543,0.07673472314095653,0.011143713725413052,40,h1:h1_z;h2:h2_z
0.00019952623149688788,1.0000000114508076,0.9999999999836078,3.313395340141142,H1+H2,24519.84613953263,24519.462371585534,-0.38376794709688455,183,221,3.313395340141142,bayes_h1h2_marginal_boundary,measured_graph,0.026187606185168463,0.07668915051824404,0.011145213788590493,40,h1:h1_z;h2:h2_z
0.0002511886431509582,1.0000000026483475,0.9999999999972697,4.384557336925354,H1+H2,24519.227949408334,24518.926790587142,-0.30115882119131615,183,221,4.384557336925354,bayes_h1h2_marginal_boundary,measured_graph,0.015328368380060128,0.0766595637152809,0.011147064304046458,40,h1:h1_z;h2:h2_z
0.00031622776601683794,1.0000000004283687,0.9999999999995591,5.670318523996684,H1+H2,24518.512459688893,24518.283909993606,-0.22854969528574837,183,221,5.670318523996684,bayes_h1h2_marginal_boundary,measured_graph,0.00805928353033916,0.0766450654907286,0.011149329499532717,40,h1:h1_z;h2:h2_z
0.00039810717055349735,1.000000000052094,0.9999999999999104,7.17399616655166,H1+H2,24517.698011741708,24517.53207117233,-0.16594056938017995,183,221,7.17399616655166,bayes_h1h2_marginal_boundary,measured_graph,0.0037999421360929613,0.07664210531393117,0.011152075950185048,40,h1:h1_z;h2:h2_z
0.0005011872336272725,1.0000000244477245,0.9999999999999812,8.880466587426781,H1+H2,24516.792167405365,24516.67883596189,-0.11333144347461188,183,221,8.880466587426781,bayes_h1h2_marginal_boundary,measured_graph,0.0016189060264790807,0.07664718139695363,0.011155362905798464,40,h1:h1_z;h2:h2_z
0.000630957344480193,1.0000000046847497,0.9999999999999997,10.765079334531038,H1+H2,24515.80725190591,24515.73652958834,-0.07072231756904392,183,221,10.765079334531038,bayes_h1h2_marginal_boundary,measured_graph,0.0006309329104244652,0.07665810519112005,0.011159224319663562,40,h1:h1_z;h2:h2_z
0.0007943282347242822,1.000000000853526,0.999999999999999,12.799947218627494,H1+H2,24514.757208837953,24514.71909564629,-0.03811319166347554,183,221,12.799947218627494,bayes_h1h2_marginal_boundary,measured_graph,0.00022809577173268429,0.07667403923330772,0.011163636385319675,40,h1:h1_z;h2:h2_z
0.001,1.0000000001537381,1.0000000000000029,14.954183536705386,H1+H2,24513.65748155301,24513.641977487252,-0.015504065757907535,183,221,14.954183536705386,bayes_h1h2_marginal_boundary,measured_graph,7.768385373783005e-05,0.0766951429650054,0.011168460927158471,40,h1:h1_z;h2:h2_z
0.0012589254117941675,1.0000000000288454,0.9999999999999998,17.188175680807035,H1+H2,24512.527876355052,24512.5249814152,-0.0028949398523394052,183,221,17.188175680807035,bayes_h1h2_marginal_boundary,measured_graph,2.5422925892568332e-05,0.07672225157277007,0.011173350338516557,40,h1:h1_z;h2:h2_z
0.001584893192461114,1.0000000000061324,0.9999999999999992,19.4425952833044,H1+H2,24511.398057427898,24511.397771613953,-0.0002858139467712683,183,221,19.4425952833044,bayes_h1h2_marginal_boundary,measured_graph,8.235396905671903e-06,0.07675669855759075,0.011177595400725389,40,h1:h1_z;h2:h2_z
0.0019952623149688807,1.0000000000016733,0.9999999999999998,21.622667081574036,H1+H2,24510.31541240286,24510.307735714818,-0.007676688041203171,183,221,21.622667081574036,bayes_h1h2_marginal_boundary,measured_graph,2.7687768734298785e-06,0.07680023079618208,0.01117989877733962,40,h1:h1_z;h2:h2_z
0.002511886431509582,1.0000000000006606,0.9999999999999994,23.579123405448627,H1+H2,24509.354575115016,24509.32950755288,-0.025067562135635053,183,221,23.579123405448627,bayes_h1h2_marginal_boundary,measured_graph,1.0409955332589543e-06,0.07685493558674183,0.01117807896524029,40,h1:h1_z;h2:h2_z
0.0031622776601683794,1.0000000000003824,1.0000000000000002,25.091080919781234,H1+H2,24508.625987231942,24508.573528795714,-0.05245843623006681,183,221,25.091080919781234,bayes_h1h2_marginal_boundary,measured_graph,4.888002995194023e-07,0.07692308398073461,0.011168781059381246,40,h1:h1_z;h2:h2_z
0.003981071705534973,1.0000000000002929,1.0,25.864474400259496,H1+H2,24508.276681365798,24508.186832055475,-0.08984931032449865,183,221,25.864474400259496,bayes_h1h2_marginal_boundary,measured_graph,3.3204060989029297e-07,0.07700676616331466,0.011147424068112895,40,h1:h1_z;h2:h2_z
0.005011872336272725,1.0000000000002616,0.9999999999999998,25.571203072278877,H1+H2,24508.470707903885,24508.333467719465,-0.13724018441893068,183,221,25.571203072278877,bayes_h1h2_marginal_boundary,measured_graph,3.844804507588308e-07,0.07710716906065017,0.011108814137592972,40,h1:h1_z;h2:h2_z
0.006309573444801936,1.0000000000002507,0.9999999999999998,23.954961815477873,H1+H2,24509.336219406377,24509.141588347866,-0.19463105851336257,183,221,23.954961815477873,bayes_h1h2_marginal_boundary,measured_graph,8.626539043159283e-07,0.07722339995472369,0.011048845445727509,40,h1:h1_z;h2:h2_z
0.00794328234724282,1.000000000000246,1.0000000000000002,20.991397018638963,H1+H2,24510.885392678894,24510.623370746285,-0.26202193260779433,183,221,20.991397018638963,bayes_h1h2_marginal_boundary,measured_graph,3.796352328664312e-06,0.07735104030378168,0.010967037312352493,40,h1:h1_z;h2:h2_z
0.01,1.0000000000002427,0.9999999999999997,17.012821026306483,H1+H2,24512.952071549153,24512.61265874245,-0.3394128067022262,183,221,17.012821026306483,bayes_h1h2_marginal_boundary,measured_graph,2.775257665674329e-05,0.07748121804145551,0.010868389329620469,40,h1:h1_z;h2:h2_z
0.012589254117941675,1.0000000000002383,1.0000000000000002,12.680793591025576,H1+H2,24515.205476140887,24514.778672460092,-0.42680368079665804,183,221,12.680793591025576,bayes_h1h2_marginal_boundary,measured_graph,0.00024209795234468083,0.07760156089278591,0.01076267767784848,40,h1:h1_z;h2:h2_z
0.01584893192461114,1.000000000000235,0.9999999999999998,8.800748063164065,H1+H2,24517.242889778914,24516.718695224023,-0.5241945548910899,183,221,8.800748063164065,bayes_h1h2_marginal_boundary,measured_graph,0.001684737711683945,0.07769990980771216,0.010661199407619105,40,h1:h1_z;h2:h2_z
0.01995262314968881,1.0000000000002318,1.0,6.1137815260881325,H1+H2,24518.693763921547,24518.06217849256,-0.6315854289855218,183,221,6.1137815260881325,bayes_h1h2_marginal_boundary,measured_graph,0.006456537345792984,0.07776964300270943,0.010573259140083065,40,h1:h1_z;h2:h2_z
0.025118864315095822,1.0000000000002323,1.0,5.19299796265841,H1+H2,24519.271546577354,24518.522570274275,-0.7489763030799538,183,221,5.19299796265841,bayes_h1h2_marginal_boundary,measured_graph,0.01023164062718713,0.07781368751902906,0.01050454013193956,40,h1:h1_z;h2:h2_z
0.03162277660168379,1.000000000000235,1.0000000000000002,6.45020903085242,H1+H2,24518.770331917352,24517.89396474018,-0.8763671771743852,183,221,6.45020903085242,bayes_h1h2_marginal_boundary,measured_graph,0.005456892055702996,0.07784494297287112,0.01045753723600035,40,h1:h1_z;h2:h2_z
0.039810717055349734,1.0000000000002383,1.0000000000000002,10.174138530812343,H1+H2,24517.045758041466,24516.0319999902,-1.0137580512688171,183,221,10.174138530812343,bayes_h1h2_marginal_boundary,measured_graph,0.0008478213455037052,0.07788298615297926,0.010432858640296978,40,h1:h1_z;h2:h2_z
0.05011872336272725,1.0000000000002374,1.0000000000000002,16.52881416693708,H1+H2,24514.0158110975,24512.854662172136,-1.1611489253632492,183,221,16.52881416693708,bayes_h1h2_marginal_boundary,measured_graph,3.53511922242811e-05,0.07794844233328656,0.010430216326250076,40,h1:h1_z;h2:h2_z
0.06309573444801936,1.0000000000002338,1.0,25.49963545929495,H1+H2,24509.687791325414,24508.369251525957,-1.3185397994576809,183,221,25.49963545929495,bayes_h1h2_marginal_boundary,measured_graph,3.9848774736333886e-07,0.07805687383868365,0.010448658421350683,40,h1:h1_z;h2:h2_z
0.07943282347242822,1.0000000000002276,1.0000000000000002,36.816057965123036,H1+H2,24504.196970946596,24502.711040273043,-1.4859306735521132,183,221,36.816057965123036,bayes_h1h2_marginal_boundary,measured_graph,1.3902248518082099e-09,0.07821406232056975,0.01048612548768189,40,h1:h1_z;h2:h2_z
0.1,1.0000000000002205,1.0,49.894435386755504,H1+H2,24497.835173109874,24496.171851562227,-1.663321547646544,183,221,49.894435386755504,bayes_h1h2_marginal_boundary,measured_graph,2.0097936721229343e-12,0.07841454750175467,0.010538652336192058,40,h1:h1_z;h2:h2_z
1e-05,1.000000458810491,0.9999999957166898,-0.0,H1+H2,19326.299071703892,19323.931385120024,-2.3676865838692702,145,175,-0.0,bayes_h1h2_marginal_boundary,measured_graph,0.18342311516315843,0.2389937263431791,0.003930129919212124,41,h1:h1_z;h2:h2_z
1.2589254117941661e-05,1.0000004682384398,0.9999999991057533,0.13026782452652697,H1+H2,19326.021328665724,19323.86625120776,-2.155077457963703,145,175,0.13026782452652697,bayes_h1h2_marginal_boundary,measured_graph,0.17185681797429053,0.23899379978531654,0.003929774348674823,41,h1:h1_z;h2:h2_z
1.584893192461114e-05,1.0000004795125919,0.9999999998437501,0.3962320128484862,H1+H2,19325.68573744566,19323.7332691136,-1.952468332058134,145,175,0.3962320128484862,bayes_h1h2_marginal_boundary,measured_graph,0.1504573390181549,0.23899385648976407,0.003929635953879383,41,h1:h1_z;h2:h2_z
1.9952623149688786e-05,1.0000004916505683,0.9999999999766206,0.768979218613822,H1+H2,19325.30675471687,19323.546895510717,-1.7598592061525666,145,175,0.768979218613822,bayes_h1h2_marginal_boundary,measured_graph,0.12487409372064119,0.23899387129737312,0.0039296088604354185,41,h1:h1_z;h2:h2_z
2.5118864315095822e-05,1.0000005032809258,0.9999999999974325,1.2239535117842024,H1+H2,19324.89665844438,19323.319408364132,-1.5772500802469966,145,175,1.2239535117842024,bayes_h1h2_marginal_boundary,measured_graph,0.09946629398598969,0.23899380033659354,0.003929640541324804,41,h1:h1_z;h2:h2_z
3.1622776601683795e-05,1.0000005133347247,0.999999999999728,1.7428811014688108,H1+H2,19324.46458552363,19323.05994456929,-1.404640954341429,145,175,1.7428811014688108,bayes_h1h2_marginal_boundary,measured_graph,0.07673477826651648,0.2389935691816494,0.003929708624690379,41,h1:h1_z;h2:h2_z
3.9810717055349695e-05,1.0000005216473702,0.9999999999997627,2.31346472100995,H1+H2,19324.016684587954,19322.77465275952,-1.2420318284358616,145,175,2.31346472100995,bayes_h1h2_marginal_boundary,measured_graph,0.0576888104434927,0.2389930544384025,0.003929806073233913,41,h1:h1_z;h2:h2_z
5.011872336272725e-05,1.0000005289738345,0.9999999999997365,2.9283467331406428,H1+H2,19323.556634455985,19322.467211753454,-1.089422702530293,145,175,2.9283467331406428,bayes_h1h2_marginal_boundary,measured_graph,0.042420096422893655,0.2389920559040681,0.003929933517661663,41,h1:h1_z;h2:h2_z
6.309573444801929e-05,1.0000005365714357,0.999999999999982,3.5841204840762657,H1+H2,19323.08613845461,19322.139324877986,-0.9468135766247254,145,175,3.5841204840762657,bayes_h1h2_marginal_boundary,measured_graph,0.030561325795527693,0.2389902562353621,0.003930095818307401,41,h1:h1_z;h2:h2_z
7.943282347242822e-05,1.0000005458237053,1.0000000000000093,4.280683931137901,H1+H2,19322.605247605174,19321.791043154455,-0.8142044507191568,145,175,4.280683931137901,bayes_h1h2_marginal_boundary,measured_graph,0.021573239254515406,0.2389871670085231,0.003930300774627886,41,h1:h1_z;h2:h2_z
0.0001,1.0000005580711782,0.9999999999869207,5.021003004832892,H1+H2,19322.11247894242,19321.420883617608,-0.6915953248135883,145,175,5.021003004832892,bayes_h1h2_marginal_boundary,measured_graph,0.014898999847065969,0.2389820678263144,0.003930558867452641,41,h1:h1_z;h2:h2_z
0.00012589254117941674,1.0000005744557117,0.9999999999977441,5.811247351841303,H1+H2,19321.60474764301,19321.025761444103,-0.5789861989080206,145,175,5.811247351841303,bayes_h1h2_marginal_boundary,measured_graph,0.010035932601783298,0.23897396530609624,0.003930883515285754,41,h1:h1_z;h2:h2_z
0.00015848931924611142,1.000000595463605,0.9999999999996038,6.661191977655108,H1+H2,19321.0771662042,19320.600789131197,-0.47637707300245236,145,175,6.661191977655108,bayes_h1h2_marginal_boundary,measured_graph,0.006561371163424876,0.23896163851327304,0.003931291628340948,41,h1:h1_z;h2:h2_z
0.00019952623149688788,1.0000006199381661,0.9999999999999263,7.58464889285824,H1+H2,19320.52282862069,19320.139060673595,-0.38376794709688455,145,175,7.58464889285824,bayes_h1h2_marginal_boundary,measured_graph,0.0041349330708203265,0.23894388840115136,0.003931804380395397,41,h1:h1_z;h2:h2_z
0.0002511886431509582,1.0000006438299394,0.9999999999999917,8.599499981930421,H1+H2,19319.93279395025,19319.63163512906,-0.30115882119131615,145,175,8.599499981930421,bayes_h1h2_marginal_boundary,measured_graph,0.0024894096594059944,0.23892010633048963,0.003932448176900526,41,h1:h1_z;h2:h2_z
0.00031622776601683794,1.0000006601166598,0.9999999999999919,9.726725017470017,H1+H2,19319.296572306575,19319.06802261129,-0.22854969528574837,145,175,9.726725017470017,bayes_h1h2_marginal_boundary,measured_graph,0.0014168457244660225,0.2388910736051789,0.0039332558119461415,41,h1:h1_z;h2:h2_z
0.00039810717055349735,1.0000006619179833,1.0000000000000069,10.987949798938644,H1+H2,19318.603350789934,19318.437410220555,-0.16594056938017995,145,175,10.987949798938644,bayes_h1h2_marginal_boundary,measured_graph,0.000754138447306481,0.23885944387846855,0.003934267793929331,41,h1:h1_z;h2:h2_z
0.0005011872336272725,1.000000647783929,0.9999999999999968,12.401781160195242,H1+H2,19317.8438259834,19317.730494539926,-0.11333144347461188,145,175,12.401781160195242,bayes_h1h2_marginal_boundary,measured_graph,0.00037191312335914465,0.23882912459911956,0.00393553377326795,41,h1:h1_z;h2:h2_z
0.000630957344480193,1.0000006234198884,0.9999999999999993,13.980322946306842,H1+H2,19317.01194596444,19316.94122364687,-0.07072231756904392,145,175,13.980322946306842,bayes_h1h2_marginal_boundary,measured_graph,0.00016891394677916275,0.23880357727562004,0.003937113906131935,41,h1:h1_z;h2:h2_z
0.0007943282347242822,1.000000597122775,1.0000000000000009,15.727781962705194,H1+H2,19316.105607330333,19316.06749413867,-0.03811319166347554,145,175,15.727781962705194,bayes_h1h2_marginal_boundary,measured_graph,7.050332602651607e-05,0.23878435606761628,0.003939079796421936,41,h1:h1_z;h2:h2_z
0.001,1.000000574386108,1.0000000000000009,17.641992777425912,H1+H2,19315.12589279707,19315.11038873131,-0.015504065757907535,145,175,17.641992777425912,bayes_h1h2_marginal_boundary,measured_graph,2.7073475345144963e-05,0.23877104833472437,0.003941514308498108,41,h1:h1_z;h2:h2_z
0.0012589254117941675,1.0000005566387205,0.9999999999999997,19.717654784632032,H1+H2,19314.07545266756,19314.072557727708,-0.0028949398523394052,145,175,19.717654784632032,bayes_h1h2_marginal_boundary,measured_graph,9.590024804832763e-06,0.23876225570572362,0.00394450894228607,41,h1:h1_z;h2:h2_z
0.001584893192461114,1.0000005428845122,0.9999999999999992,21.948950977792265,H1+H2,19312.957195445073,19312.956909631128,-0.0002858139467712683,145,175,21.948950977792265,bayes_h1h2_marginal_boundary,measured_graph,3.1426782393604887e-06,0.23875656164579984,0.003948156521391129,41,h1:h1_z;h2:h2_z
0.0019952623149688807,1.0000005313948366,1.0000000000000009,24.329822308740404,H1+H2,19311.774150653695,19311.766473965654,-0.007676688041203171,145,175,24.329822308740404,bayes_h1h2_marginal_boundary,measured_graph,9.556531107608687e-07,0.23875300427655216,0.003952535718425516,41,h1:h1_z;h2:h2_z
0.002511886431509582,1.0000005204784232,0.9999999999999989,26.85150816312671,H1+H2,19310.530698600596,19310.50563103846,-0.025067562135635053,145,175,26.85150816312671,bayes_h1h2_marginal_boundary,measured_graph,2.7084645271538943e-07,0.23875117901280157,0.003957683031994275,41,h1:h1_z;h2:h2_z
0.0031622776601683794,1.0000005085972359,0.999999999999999,29.498114658112172,H1+H2,19309.234786227196,19309.182327790968,-0.05245843623006681,145,175,29.498114658112172,bayes_h1h2_marginal_boundary,measured_graph,7.211404452798653e-08,0.23875121158461546,0.003963549223554462,41,h1:h1_z;h2:h2_z
0.003981071705534973,1.000000494221067,0.999999999999998,32.24217389894329,H1+H2,19307.900147480876,19307.810298170552,-0.08984931032449865,145,175,32.24217389894329,bayes_h1h2_marginal_boundary,measured_graph,1.82875261676631e-08,0.2387537247209094,0.003969945165547416,41,h1:h1_z;h2:h2_z
0.005011872336272725,1.0000004756286542,0.9999999999999982,35.04394012019475,H1+H2,19306.546655244347,19306.409415059927,-0.13724018441893068,145,175,35.04394012019475,bayes_h1h2_marginal_boundary,measured_graph,4.505667670485379e-09,0.23875979893501043,0.003976501311032427,41,h1:h1_z;h2:h2_z
0.006309573444801936,1.0000004507619882,0.999999999999999,37.859893168606504,H1+H2,19305.196069594233,19305.00143853572,-0.19463105851336257,145,175,37.859893168606504,bayes_h1h2_marginal_boundary,measured_graph,1.1022566324368151e-09,0.2387708279550339,0.003982690733861403,41,h1:h1_z;h2:h2_z
0.00794328234724282,1.0000004172853885,1.0000000000000004,40.66439635773713,H1+H2,19303.861208873765,19303.599186941155,-0.26202193260779433,145,175,40.66439635773713,bayes_h1h2_marginal_boundary,measured_graph,2.712018145424969e-10,0.23878805324800229,0.003987966686130658,41,h1:h1_z;h2:h2_z
0.01,1.0000003731735883,0.999999999999998,43.479193121958815,H1+H2,19302.531201365746,19302.191788559045,-0.3394128067022262,145,175,43.479193121958815,bayes_h1h2_marginal_boundary,measured_graph,6.638458425701212e-11,0.23881142359060242,0.00399199600674181,41,h1:h1_z;h2:h2_z
0.012589254117941675,1.0000003182772965,0.999999999999999,46.390897202916676,H1+H2,19301.16274019936,19300.735936518566,-0.42680368079665804,145,175,46.390897202916676,bayes_h1h2_marginal_boundary,measured_graph,1.5480990071831593e-11,0.23883738686011505,0.00399484829294827,41,h1:h1_z;h2:h2_z
0.01584893192461114,1.0000002567316886,0.9999999999999997,49.533010639708664,H1+H2,19299.68907435506,19299.16487980017,-0.5241945548910899,145,175,49.533010639708664,bayes_h1h2_marginal_boundary,measured_graph,3.2173437792412344e-12,0.23885567548141087,0.003996960895480161,41,h1:h1_z;h2:h2_z
0.01995262314968881,1.0000001980712967,0.999999999999999,53.03088806938467,H1+H2,19298.047526514318,19297.41594108533,-0.6315854289855218,145,175,53.03088806938467,bayes_h1h2_marginal_boundary,measured_graph,5.596841853938639e-13,0.2388466980491168,0.003998848092183006,41,h1:h1_z;h2:h2_z
0.025118864315095822,1.0000001537195258,1.0000000000000002,56.94348890685069,H1+H2,19296.208616969678,19295.4596406666,-0.7489763030799538,145,175,56.94348890685069,bayes_h1h2_marginal_boundary,measured_graph,7.912843178863632e-14,0.23878347132047062,0.004000761263654169,41,h1:h1_z;h2:h2_z
0.03162277660168379,1.0000001303117296,1.0000000000000007,61.25002689858229,H1+H2,19294.182738847907,19293.306371670733,-0.8763671771743852,145,175,61.25002689858229,bayes_h1h2_marginal_boundary,measured_graph,9.187126911059244e-15,0.23864177537129172,0.004002601616026743,41,h1:h1_z;h2:h2_z
0.039810717055349734,1.00000012661513,1.0000000000000007,65.89708473948122,H1+H2,19291.99660080155,19290.982842750283,-1.0137580512688171,145,175,65.89708473948122,bayes_h1h2_marginal_boundary,measured_graph,8.996714255354618e-16,0.23841536752520529,0.004004186428155298,41,h1:h1_z;h2:h2_z
0.05011872336272725,1.0000001348824448,1.0000000000000002,70.86311336400104,H1+H2,19289.660977363386,19288.499828438024,-1.1611489253632492,145,175,70.86311336400104,bayes_h1h2_marginal_boundary,measured_graph,7.51146266157338e-17,0.23812458203166642,0.004005610268623091,41,h1:h1_z;h2:h2_z
0.06309573444801936,1.0000001439003599,0.9999999999999972,76.18101305592427,H1+H2,19287.15941839152,19285.840878592062,-1.3185397994576809,145,175,76.18101305592427,bayes_h1h2_marginal_boundary,measured_graph,5.25965510761544e-18,0.23780930687534174,0.00400735980032209,41,h1:h1_z;h2:h2_z
0.07943282347242822,1.000000144950321,1.0000000000000036,81.91021413010458,H1+H2,19284.462208728524,19282.97627805497,-1.4859306735521132,145,175,81.91021413010458,bayes_h1h2_marginal_boundary,measured_graph,2.998313642968153e-19,0.2375113574272287,0.00401017445154978,41,h1:h1_z;h2:h2_z
0.1,1.0000001360917379,1.000000000000002,88.09490262157487,H1+H2,19281.547255356883,19279.883933809237,-1.663321547646544,145,175,88.09490262157487,bayes_h1h2_marginal_boundary,measured_graph,1.361096818449317e-20,0.23726019556166938,0.004014878421308552,41,h1:h1_z;h2:h2_z
1e-05,1.0000000000256033,0.9999999992665942,-0.0,H1+H2,26321.808025620223,26319.440339036355,-2.3676865838692702,199,236,-0.0,bayes_h1h2_marginal_boundary,measured_graph,0.18400794502284457,0.5104037956065094,0.003123207044612087,42,h1:h1_z;h2:h2_z
1.2589254117941661e-05,1.0000000000361542,0.9999999998725869,0.185673185835185,H1+H2,26321.5025799014,26319.347502443437,-2.155077457963703,199,236,0.185673185835185,bayes_h1h2_marginal_boundary,measured_graph,0.16769424369601102,0.5104034150318647,0.003123018849842387,42,h1:h1_z;h2:h2_z
1.584893192461114e-05,1.0000000000507594,0.9999999999658625,0.48440116093843244,H1+H2,26321.150606787945,26319.198138455886,-1.952468332058134,199,236,0.48440116093843244,bayes_h1h2_marginal_boundary,measured_graph,0.14442760169714755,0.5104029090289178,0.0031229138579521674,42,h1:h1_z;h2:h2_z
1.9952623149688786e-05,1.0000000000697538,0.9999999999969706,0.8704331014159834,H1+H2,26320.7649816918,26319.005122485647,-1.7598592061525666,199,236,0.8704331014159834,bayes_h1h2_marginal_boundary,measured_graph,0.11907605247926532,0.5104022294727105,0.0031228445597695563,42,h1:h1_z;h2:h2_z
2.5118864315095822e-05,1.0000000000925853,0.9999999999962864,1.3221691026483313,H1+H2,26320.35650456528,26318.77925448503,-1.5772500802469966,199,236,1.3221691026483313,bayes_h1h2_marginal_boundary,measured_graph,0.09500166187082082,0.5104013067129095,0.003122785495119999,42,h1:h1_z;h2:h2_z
3.1622776601683795e-05,1.000000000117785,1.0000000000024922,1.823165678215446,H1+H2,26319.933397151588,26318.528756197247,-1.404640954341429,199,236,1.823165678215446,bayes_h1h2_marginal_boundary,measured_graph,0.0739505108398031,0.5104000388015516,0.003122723256020302,42,h1:h1_z;h2:h2_z
3.9810717055349695e-05,1.0000000001438263,0.999999999999109,2.3615211710493895,H1+H2,26319.501610279265,26318.25957845083,-1.2420318284358616,199,236,2.3615211710493895,bayes_h1h2_marginal_boundary,measured_graph,0.056498740768682006,0.5103982750169097,0.003122649983229313,42,h1:h1_z;h2:h2_z
5.011872336272725e-05,1.0000000001706166,0.999999999998624,2.9287496131728403,H1+H2,26319.0653869323,26317.97596422977,-1.089422702530293,199,236,2.9287496131728403,bayes_h1h2_marginal_boundary,measured_graph,0.04254677800379793,0.5103957906625531,0.00312255984735403,42,h1:h1_z;h2:h2_z
6.309573444801929e-05,1.0000000002007265,1.000000000000974,3.5186967586923856,H1+H2,26318.627804233634,26317.68099065701,-0.9468135766247254,199,236,3.5186967586923856,bayes_h1h2_marginal_boundary,measured_graph,0.03167825732658173,0.5103922486458334,0.003122447265178406,42,h1:h1_z;h2:h2_z
7.943282347242822e-05,1.0000000002400593,1.0000000000000127,4.126671246245678,H1+H2,26318.19120786395,26317.377003413232,-0.8142044507191568,199,236,4.126671246245678,bayes_h1h2_marginal_boundary,measured_graph,0.02337444456637029,0.5103871413585298,0.003122305953195643,42,h1:h1_z;h2:h2_z
0.0001,1.0000000002988876,0.9999999999905982,4.7488100922928425,H1+H2,26317.757529315022,26317.06593399021,-0.6915953248135883,199,236,4.7488100922928425,bayes_h1h2_marginal_boundary,measured_graph,0.0171255909229457,0.5103797040641588,0.0031221283273882095,42,h1:h1_z;h2:h2_z
0.00012589254117941674,1.0000000003949199,0.9999999999981924,5.381634174162173,H1+H2,26317.32850814818,26316.749521949274,-0.5789861989080206,199,236,5.381634174162173,bayes_h1h2_marginal_boundary,measured_graph,0.012480430394278649,0.5103687892091112,0.0031219050105317867,42,h1:h1_z;h2:h2_z
0.00015848931924611142,1.0000000005599134,0.999999999999572,6.021757767506642,H1+H2,26316.905837225604,26316.4294601526,-0.47637707300245236,199,236,6.021757767506642,bayes_h1h2_marginal_boundary,measured_graph,0.00906209248860774,0.5103526924845393,0.0031216243387079128,42,h1:h1_z;h2:h2_z
0.00019952623149688788,1.0000000008514562,0.9999999999999639,6.665743410929281,H1+H2,26316.491235277987,26316.10746733089,-0.38376794709688455,199,236,6.665743410929281,bayes_h1h2_marginal_boundary,measured_graph,0.006567329169111673,0.5103289328540963,0.0031212718255057585,42,h1:h1_z;h2:h2_z
0.0002511886431509582,1.0000000013691064,1.0000000000000016,7.310116186548839,H1+H2,26316.086439764273,26315.78528094308,-0.30115882119131615,199,236,7.310116186548839,bayes_h1h2_marginal_boundary,measured_graph,0.0047584445654352,0.5102940250514064,0.0031208295920854435,42,h1:h1_z;h2:h2_z
0.00031622776601683794,1.0000000022621258,1.0000000000000722,7.951619410021522,H1+H2,26315.69307902663,26315.464529331344,-0.22854969528574837,199,236,7.951619410021522,bayes_h1h2_marginal_boundary,measured_graph,0.0034527438408591795,0.5102433713825383,0.0031202758367623374,42,h1:h1_z;h2:h2_z
0.00039810717055349735,1.0000000036827177,0.999999999999987,8.58789379773225,H1+H2,26315.312332706868,26315.14639213749,-0.16594056938017995,199,236,8.58789379773225,bayes_h1h2_marginal_boundary,measured_graph,0.0025118814079552946,0.5101715724622872,0.0031195845476619482,42,h1:h1_z;h2:h2_z
0.0005011872336272725,1.0000000055967424,0.9999999999999978,9.218878964238684,H1+H2,26314.94423099771,26314.830899554236,-0.11333144347461188,199,236,9.218878964238684,bayes_h1h2_marginal_boundary,measured_graph,0.001832240351773606,0.5100736974176155,0.003118725937683435,42,h1:h1_z;h2:h2_z
0.000630957344480193,1.000000007446006,0.9999999999999997,9.849455364856112,H1+H2,26314.586333671497,26314.515611353927,-0.07072231756904392,199,236,9.849455364856112,bayes_h1h2_marginal_boundary,measured_graph,0.001336763312591109,0.5099481361365266,0.003117668662655339,42,h1:h1_z;h2:h2_z
0.0007943282347242822,1.0000000080893958,0.9999999999999976,10.493932230689097,H1+H2,26314.231486112672,26314.19337292101,-0.03811319166347554,199,236,10.493932230689097,bayes_h1h2_marginal_boundary,measured_graph,0.0009685189991920628,0.5098009363800933,0.0031163860584487607,42,h1:h1_z;h2:h2_z
0.001,1.000000006740518,0.9999999999999991,11.182912654905522,H1+H2,26313.86438677466,26313.848882708902,-0.015504065757907535,199,236,11.182912654905522,bayes_h1h2_marginal_boundary,measured_graph,0.0006862746332859308,0.5096493560524712,0.0031148708146561967,42,h1:h1_z;h2:h2_z
0.0012589254117941675,1.0000000041673138,1.0000000000000044,11.97272816048644,H1+H2,26313.456869895963,26313.45397495611,-0.0028949398523394052,199,236,11.97272816048644,bayes_h1h2_marginal_boundary,measured_graph,0.00046237217246301854,0.5095201445591722,0.003113165919402111,42,h1:h1_z;h2:h2_z
0.001584893192461114,1.0000000019617459,0.9999999999999976,12.95801339091122,H1+H2,26312.961618154844,26312.9613323409,-0.0002858139467712683,199,236,12.95801339091122,bayes_h1h2_marginal_boundary,measured_graph,0.0002825138341063028,0.5094405434867956,0.0031114231073110267,42,h1:h1_z;h2:h2_z
0.0019952623149688807,1.0000000007825878,1.0000000000000002,14.289682812915999,H1+H2,26312.303174317938,26312.295497629897,-0.007676688041203171,199,236,14.289682812915999,bayes_h1h2_marginal_boundary,measured_graph,0.00014516816204323535,0.5094280990965052,0.003109997596030321,42,h1:h1_z;h2:h2_z
0.002511886431509582,1.000000000315819,1.0000000000000009,16.19895538718265,H1+H2,26311.3659289049,26311.340861342764,-0.025067562135635053,199,236,16.19895538718265,bayes_h1h2_marginal_boundary,measured_graph,5.588279335180259e-05,0.5094882558138714,0.003109566390593542,42,h1:h1_z;h2:h2_z
0.0031622776601683794,1.0000000001541178,0.9999999999999996,19.01407106244733,H1+H2,26309.98576194136,26309.93330350513,-0.05245843623006681,199,236,19.01407106244733,bayes_h1h2_marginal_boundary,measured_graph,1.3676768778699459e-05,0.5096195657123027,0.003111205236486414,42,h1:h1_z;h2:h2_z
0.003981071705534973,1.000000000098555,0.9999999999999996,23.135344472553697,H1+H2,26307.9625161104,26307.872666800078,-0.08984931032449865,199,236,23.135344472553697,bayes_h1h2_marginal_boundary,measured_graph,1.7420489516259286e-06,0.5098181662004777,0.0031163009110794708,42,h1:h1_z;h2:h2_z
0.005011872336272725,1.0000000000785099,0.999999999999999,28.936844754978665,H1+H2,26305.109156843286,26304.971916658866,-0.13724018441893068,199,236,28.936844754978665,bayes_h1h2_marginal_boundary,measured_graph,9.578126638368273e-08,0.5100762375828493,0.0031261960799492824,42,h1:h1_z;h2:h2_z
0.006309573444801936,1.00000000006961,0.9999999999999996,36.61247556775925,H1+H2,26301.328732310987,26301.134101252475,-0.19463105851336257,199,236,36.61247556775925,bayes_h1h2_marginal_boundary,measured_graph,2.0631866607297265e-09,0.5103767198486561,0.0031416306027483897,42,h1:h1_z;h2:h2_z
0.00794328234724282,1.0000000000626745,0.9999999999999998,46.05093984270934,H1+H2,26296.67689104761,26296.414869115,-0.26202193260779433,199,236,46.05093984270934,bayes_h1h2_marginal_boundary,measured_graph,1.8407806698743824e-11,0.5106909734727335,0.0031622662096878066,42,h1:h1_z;h2:h2_z
0.01,1.0000000000552471,0.9999999999999998,56.83639828979358,H1+H2,26291.36155269816,26291.02213989146,-0.3394128067022262,199,236,56.83639828979358,bayes_h1h2_marginal_boundary,measured_graph,8.374704673188166e-14,0.5109847171261318,0.0031866327669128683,42,h1:h1_z;h2:h2_z
0.012589254117941675,1.0000000000479672,0.9999999999999999,68.38923787244858,H1+H2,26285.672523780926,26285.24572010013,-0.42680368079665804,199,236,68.38923787244858,bayes_h1h2_marginal_boundary,measured_graph,2.595985488414119e-16,0.5112302636989952,0.003212574991622195,42,h1:h1_z;h2:h2_z
0.01584893192461114,1.0000000000415024,0.9999999999999998,80.15090183977009,H1+H2,26279.88908267136,26279.36488811647,-0.5241945548910899,199,236,80.15090183977009,bayes_h1h2_marginal_boundary,measured_graph,7.249188301380164e-19,0.5114163802582986,0.0032379037809528092,42,h1:h1_z;h2:h2_z
0.01995262314968881,1.000000000035663,1.0000000000000002,91.6977633454153,H1+H2,26274.223042792633,26273.591457363647,-0.6315854289855218,199,236,91.6977633454153,bayes_h1h2_marginal_boundary,measured_graph,2.2538253707137286e-21,0.5115492560974682,0.003260858067894461,42,h1:h1_z;h2:h2_z
0.025118864315095822,1.0000000000304408,0.9999999999999996,102.75355541982572,H1+H2,26268.81253762952,26268.063561326442,-0.7489763030799538,199,236,102.75355541982572,bayes_h1h2_marginal_boundary,measured_graph,8.957473207386238e-24,0.5116460174077998,0.0032802369723892674,42,h1:h1_z;h2:h2_z
0.03162277660168379,1.000000000026707,1.0000000000000004,113.15551722994132,H1+H2,26263.73894759856,26262.862580421384,-0.8763671771743852,199,236,113.15551722994132,bayes_h1h2_marginal_boundary,measured_graph,4.9366030849300043e-26,0.5117268625338212,0.003295351397426515,42,h1:h1_z;h2:h2_z
0.039810717055349734,1.0000000000257292,0.9999999999999998,122.83968115998869,H1+H2,26259.034256507628,26258.02049845636,-1.0137580512688171,199,236,122.83968115998869,bayes_h1h2_marginal_boundary,measured_graph,3.895280456651247e-28,0.5118103910677567,0.0033060043077007386,42,h1:h1_z;h2:h2_z
0.05011872336272725,1.000000000028612,1.0000000000000002,131.86057234115287,H1+H2,26254.67120179114,26253.51005286578,-1.1611489253632492,199,236,131.86057234115287,bayes_h1h2_marginal_boundary,measured_graph,4.282300119814101e-30,0.5119120397891926,0.003312567700321827,42,h1:h1_z;h2:h2_z
0.06309573444801936,1.000000000036004,1.0000000000000002,140.4053954989722,H1+H2,26250.556181086326,26249.23764128687,-1.3185397994576809,199,236,140.4053954989722,bayes_h1h2_marginal_boundary,measured_graph,5.972997430056441e-32,0.5120419077915206,0.0033160405549959066,42,h1:h1_z;h2:h2_z
0.07943282347242822,1.000000000047123,1.0,148.74304475278768,H1+H2,26246.554747333514,26245.06881665996,-1.4859306735521132,199,236,148.74304475278768,bayes_h1h2_marginal_boundary,measured_graph,9.240485638672426e-34,0.5121991651674368,0.003317873817440591,42,h1:h1_z;h2:h2_z
0.1,1.0000000000584688,0.9999999999999999,157.09586260899232,H1+H2,26242.555729279506,26240.89240773186,-1.663321547646544,199,236,157.09586260899232,bayes_h1h2_marginal_boundary,measured_graph,1.4187420624202573e-35,0.5123658910980092,0.0033194940166128978,42,h1:h1_z;h2:h2_z
1e-05,1.0000000000052864,0.9999999999952408,-0.0,H1+H2,18612.733041984575,18610.365355400707,-2.3676865838692702,137,167,-0.0,bayes_h1h2_marginal_boundary,measured_graph,0.23503757810152884,0.2856452492268887,0.003130715999080095,43,h1:h1_z;h2:h2_z
1.2589254117941661e-05,1.0000000000084959,1.0000000000007487,0.4416037056944333,H1+H2,18612.299631005822,18610.14455354786,-2.155077457963703,137,167,0.4416037056944333,bayes_h1h2_marginal_boundary,measured_graph,0.1884708881292152,0.2856448288307387,0.003130719761313203,43,h1:h1_z;h2:h2_z
1.584893192461114e-05,1.0000000000139802,0.9999999999988527,0.9245993393706158,H1+H2,18611.85552406308,18609.90305573102,-1.952468332058134,137,167,0.9245993393706158,bayes_h1h2_marginal_boundary,measured_graph,0.14803455681319252,0.28564406685797056,0.003130731638846268,43,h1:h1_z;h2:h2_z
1.9952623149688786e-05,1.0000000000238858,1.000000000005251,1.4422247380643967,H1+H2,18611.404102237826,18609.644243031675,-1.7598592061525666,137,167,1.4422247380643967,bayes_h1h2_marginal_boundary,measured_graph,0.11427788147193221,0.2856427416775966,0.003130749586267168,43,h1:h1_z;h2:h2_z
2.5118864315095822e-05,1.0000000000428797,1.0000000000004323,1.990201009240991,H1+H2,18610.947504976335,18609.370254896086,-1.5772500802469966,137,167,1.990201009240991,bayes_h1h2_marginal_boundary,measured_graph,0.08689016967060173,0.28564050048373557,0.0031307734135849973,43,h1:h1_z;h2:h2_z
3.1622776601683795e-05,1.000000000081248,1.000000000001289,2.5660644226591103,H1+H2,18610.486964143718,18609.082323189377,-1.404640954341429,137,167,2.5660644226591103,bayes_h1h2_marginal_boundary,measured_graph,0.06515136121108851,0.2856367879860735,0.003130803909191794,43,h1:h1_z;h2:h2_z
3.9810717055349695e-05,1.000000000161566,0.9999999999996829,3.16871760077629,H1+H2,18610.023028428754,18608.78099660032,-1.2420318284358616,137,167,3.16871760077629,bayes_h1h2_marginal_boundary,measured_graph,0.048201329698762785,0.2856307429448414,0.003130842495564115,43,h1:h1_z;h2:h2_z
5.011872336272725e-05,1.000000000332098,0.9999999999963937,3.798185913270572,H1+H2,18609.555685146603,18608.46626244407,-1.089422702530293,137,167,3.798185913270572,bayes_h1h2_marginal_boundary,measured_graph,0.03518614691323244,0.28562105724663056,0.003130891138987882,43,h1:h1_z;h2:h2_z
6.309573444801929e-05,1.0000000006900407,0.999999999998662,4.455564204057737,H1+H2,18609.084386875304,18608.137573298678,-0.9468135766247254,137,167,4.455564204057737,bayes_h1h2_marginal_boundary,measured_graph,0.025329337429894412,0.285605806238062,0.0031309523835667324,43,h1:h1_z;h2:h2_z
7.943282347242822e-05,1.0000000014091819,0.9999999999996736,5.143175299141149,H1+H2,18608.607972201855,18607.793767751136,-0.8142044507191568,137,167,5.143175299141149,bayes_h1h2_marginal_boundary,measured_graph,0.017960192096352752,0.28558229885178693,0.0031310294553313646,43,h1:h1_z;h2:h2_z
0.0001,1.0000000027320295,1.0000000000000115,5.864942346568569,H1+H2,18608.124479552236,18607.432884227423,-0.6915953248135883,137,167,5.864942346568569,bayes_h1h2_marginal_boundary,measured_graph,0.012519334820295382,0.28554708435201165,0.0031311264172538267,43,h1:h1_z;h2:h2_z
0.00012589254117941674,1.000000004814148,1.0000000000000269,6.627054866381513,H1+H2,18607.630814166423,18607.051827967516,-0.5789861989080206,137,167,6.627054866381513,bayes_h1h2_marginal_boundary,measured_graph,0.008552451568313716,0.2854964012776039,0.0031312483723462603,43,h1:h1_z;h2:h2_z
0.00015848931924611142,1.0000000072996598,1.000000000000009,7.438957277154259,H1+H2,18607.122253835132,18606.64587676213,-0.47637707300245236,137,167,7.438957277154259,bayes_h1h2_marginal_boundary,measured_graph,0.005698863503434966,0.2854274886867801,0.003131401719233252,43,h1:h1_z;h2:h2_z
0.00019952623149688788,1.0000000089195995,0.9999999999999942,8.31458532340912,H1+H2,18606.5918306861,18606.208062739002,-0.38376794709688455,137,167,8.31458532340912,bayes_h1h2_marginal_boundary,measured_graph,0.0036783075682813335,0.2853409895257671,0.003131594468252286,43,h1:h1_z;h2:h2_z
0.0002511886431509582,1.0000000081878317,0.9999999999999947,9.273356922065432,H1+H2,18606.029835760866,18605.728676939674,-0.30115882119131615,137,167,9.273356922065432,bayes_h1h2_marginal_boundary,measured_graph,0.0022774740297945057,0.2852436375959775,0.0031318366274312413,43,h1:h1_z;h2:h2_z
0.00031622776601683794,1.00000000531688,1.0000000000000075,10.339817334759573,H1+H2,18605.423996428613,18605.195446733327,-0.22854969528574837,137,167,10.339817334759573,bayes_h1h2_marginal_boundary,measured_graph,0.001336209321746426,0.28514872496637816,0.0031321406666501984,43,h1:h1_z;h2:h2_z
0.00039810717055349735,1.0000000023709592,0.9999999999999867,11.540433324174955,H1+H2,18604.761079308,18604.59513873862,-0.16594056938017995,137,167,11.540433324174955,bayes_h1h2_marginal_boundary,measured_graph,0.0007331013979061487,0.28507192492559025,0.0031325220632907507,43,h1:h1_z;h2:h2_z
0.0005011872336272725,1.0000000007392436,1.0000000000000047,12.89749928436504,H1+H2,18604.029937201998,18603.916605758524,-0.11333144347461188,137,167,12.89749928436504,bayes_h1h2_marginal_boundary,measured_graph,0.0003719468787343076,0.2850243210118178,0.003132999920149263,43,h1:h1_z;h2:h2_z
0.000630957344480193,1.00000000017285,0.999999999999998,14.423347392796131,H1+H2,18603.22440402188,18603.15368170431,-0.07072231756904392,137,167,14.423347392796131,bayes_h1h2_marginal_boundary,measured_graph,0.0001734391800657661,0.28500863136459015,0.0031335976193689087,43,h1:h1_z;h2:h2_z
0.0007943282347242822,1.0000000000339306,0.999999999999999,16.1191326013286,H1+H2,18602.343902291705,18602.305789100043,-0.03811319166347554,137,167,16.1191326013286,bayes_h1h2_marginal_boundary,measured_graph,7.428688236147229e-05,0.285021482678823,0.0031343434219006316,43,h1:h1_z;h2:h2_z
0.001,1.0000000288911843,0.9999999999999971,17.979127188184066,H1+H2,18601.391295872374,18601.375791806615,-0.015504065757907535,137,167,17.979127188184066,bayes_h1h2_marginal_boundary,measured_graph,2.931024439784484e-05,0.2850582497514452,0.0031352708183452105,43,h1:h1_z;h2:h2_z
0.0012589254117941675,1.000000010132753,0.9999999999999988,19.997217359472415,H1+H2,18600.36964166082,18600.36674672097,-0.0028949398523394052,137,167,19.997217359472415,bayes_h1h2_marginal_boundary,measured_graph,1.068554621673886e-05,0.28511630820237205,0.003136418248690155,43,h1:h1_z;h2:h2_z
0.001584893192461114,1.0000000042014914,0.9999999999999994,22.171984033448098,H1+H2,18599.279649197928,18599.279363383983,-0.0002858139467712683,137,167,22.171984033448098,bayes_h1h2_marginal_boundary,measured_graph,3.6020699647740057e-06,0.28519586671454383,0.003137827489955732,43,h1:h1_z;h2:h2_z
0.0019952623149688807,1.0000000021555009,0.9999999999999991,24.508971189294243,H1+H2,18598.1185464941,18598.11086980606,-0.007676688041203171,137,167,24.508971189294243,bayes_h1h2_marginal_boundary,measured_graph,1.1196488311327617e-06,0.2852996951548799,0.0031395395372188365,43,h1:h1_z;h2:h2_z
0.002511886431509582,1.000000001356891,1.000000000000001,27.020355226464744,H1+H2,18596.88024534961,18596.855177787475,-0.025067562135635053,137,167,27.020355226464744,bayes_h1h2_marginal_boundary,measured_graph,3.1896403481665084e-07,0.2854326260737041,0.003141586282340715,43,h1:h1_z;h2:h2_z
0.0031622776601683794,1.0000000009977505,1.0000000000000004,29.722483015932085,H1+H2,18595.55657232897,18595.50411389274,-0.05245843623006681,137,167,29.722483015932085,bayes_h1h2_marginal_boundary,measured_graph,8.260039463456368e-08,0.2856011544002589,0.003143976236213407,43,h1:h1_z;h2:h2_z
0.003981071705534973,1.0000000008051797,0.9999999999999994,32.63154613904044,H1+H2,18594.13943164151,18594.049582331187,-0.08984931032449865,137,167,32.63154613904044,bayes_h1h2_marginal_boundary,measured_graph,1.928799528872582e-08,0.28581296511221244,0.0031466742257790898,43,h1:h1_z;h2:h2_z
0.005011872336272725,1.0000000006734666,1.0000000000000002,35.757929055878776,H1+H2,18592.623631057188,18592.486390872768,-0.13724018441893068,137,167,35.757929055878776,bayes_h1h2_marginal_boundary,measured_graph,4.040188859172367e-09,0.28607602297940465,0.003149580215107956,43,h1:h1_z;h2:h2_z
0.006309573444801936,1.0000000005566376,1.0000000000000004,39.101268829115725,H1+H2,18591.00935204466,18590.81472098615,-0.19463105851336257,137,167,39.101268829115725,bayes_h1h2_marginal_boundary,measured_graph,7.59284718743783e-10,0.28639674305838636,0.0031525209045708603,43,h1:h1_z;h2:h2_z
0.00794328234724282,1.000000000437452,0.9999999999999993,42.649329022693564,H1+H2,18589.30271282197,18589.04069088936,-0.26202193260779433,137,167,42.649329022693564,bayes_h1h2_marginal_boundary,measured_graph,1.2881106698493215e-10,0.2867767901676974,0.0031552731336551747,43,h1:h1_z;h2:h2_z
0.01,1.000000000319044,1.0,46.38338646523334,H1+H2,18587.51307497479,18587.17366216809,-0.3394128067022262,137,167,46.38338646523334,bayes_h1h2_marginal_boundary,measured_graph,1.9911909349629476e-11,0.28720843432972654,0.003157631048026708,43,h1:h1_z;h2:h2_z
0.012589254117941675,1.000000000217224,1.000000000000001,50.290881585933676,H1+H2,18585.646718288535,18585.21991460774,-0.42680368079665804,137,167,50.290881585933676,bayes_h1h2_marginal_boundary,measured_graph,2.8223516395067035e-12,0.2876693062594096,0.0031595122385208387,43,h1:h1_z;h2:h2_z
0.01584893192461114,1.0000000001454485,1.0000000000000007,54.384484721158515,H1+H2,18583.69730759502,18583.173113040128,-0.5241945548910899,137,167,54.384484721158515,bayes_h1h2_marginal_boundary,measured_graph,3.64499129602749e-13,0.28811897651349216,0.0031610810674587613,43,h1:h1_z;h2:h2_z
0.01995262314968881,1.0000000001028355,0.999999999999999,58.722608200710965,H1+H2,18581.635636729337,18581.00405130035,-0.6315854289855218,137,167,58.722608200710965,bayes_h1h2_marginal_boundary,measured_graph,4.1656708486603733e-14,0.2885020348488168,0.003162833740152937,43,h1:h1_z;h2:h2_z
0.025118864315095822,1.0000000000773108,0.9999999999999997,63.41796211422479,H1+H2,18579.405350646673,18578.656374343595,-0.7489763030799538,137,167,63.41796211422479,bayes_h1h2_marginal_boundary,measured_graph,3.982005022697238e-15,0.28876311743773064,0.0031655440294272473,43,h1:h1_z;h2:h2_z
0.03162277660168379,1.00000000005727,0.9999999999999998,68.62067477014352,H1+H2,18576.93138519281,18576.055018015635,-0.8763671771743852,137,167,68.62067477014352,bayes_h1h2_marginal_boundary,measured_graph,2.9535688890086156e-16,0.28887250680925575,0.0031700129198382835,43,h1:h1_z;h2:h2_z
0.039810717055349734,1.000000000039027,0.9999999999999993,74.47752835162828,H1+H2,18574.14034927616,18573.126591224893,-1.0137580512688171,137,167,74.47752835162828,bayes_h1h2_marginal_boundary,measured_graph,1.5796013961262635e-17,0.28884744145577035,0.003176738485136859,43,h1:h1_z;h2:h2_z
0.05011872336272725,1.000000000024239,1.0000000000000009,81.09177593133063,H1+H2,18570.980616360404,18569.81946743504,-1.1611489253632492,137,167,81.09177593133063,bayes_h1h2_marginal_boundary,measured_graph,5.7847140531822e-19,0.28875277091819235,0.0031857455244997113,43,h1:h1_z;h2:h2_z
0.06309573444801936,1.0000000000138538,0.9999999999999997,88.5134458974062,H1+H2,18567.42717225146,18566.108632452004,-1.3185397994576809,137,167,88.5134458974062,bayes_h1h2_marginal_boundary,measured_graph,1.414772923847721e-20,0.2886817845873849,0.003196711763752086,43,h1:h1_z;h2:h2_z
0.07943282347242822,1.000000000007128,1.0000000000000004,96.75355909331847,H1+H2,18563.4745065276,18561.988575854048,-1.4859306735521132,137,167,96.75355909331847,bayes_h1h2_marginal_boundary,measured_graph,2.2980998479171522e-22,0.2887283633255354,0.0032092740496562208,43,h1:h1_z;h2:h2_z
0.1,1.00000000000317,0.9999999999999994,105.78044492347544,H1+H2,18559.138454486616,18557.47513293897,-1.663321547646544,137,167,105.78044492347544,bayes_h1h2_marginal_boundary,measured_graph,2.5188687684109074e-24,0.288956745827612,0.003223261926938474,43,h1:h1_z;h2:h2_z
1e-05,1.000000000169804,0.999999976014465,0.19903981868264964,H1+H2,17781.024350591815,17778.656664007947,-2.3676865838692702,145,160,0.19903981868264964,bayes_h1h2_marginal_boundary,measured_graph,0.13494893692749785,4.152782754345316,0.003911973224532768,44,h1:h1_z;h2:h2_z
1.2589254117941661e-05,1.0000000001747558,0.999999996632593,-0.0,H1+H2,17780.91126137525,17778.75618391729,-2.155077457963703,145,160,-0.0,bayes_h1h2_marginal_boundary,measured_graph,0.149070056193921,4.152782983003011,0.0039115780668232325,44,h1:h1_z;h2:h2_z
1.584893192461114e-05,1.0000000001790867,0.9999999995871172,0.05879736892529763,H1+H2,17780.679253564886,17778.726785232826,-1.952468332058134,145,160,0.05879736892529763,bayes_h1h2_marginal_boundary,measured_graph,0.14475138531187137,4.1527832708528,0.003911394269850269,44,h1:h1_z;h2:h2_z
1.9952623149688786e-05,1.0000000001823361,0.9999999999548284,0.29696315656474326,H1+H2,17780.367561545158,17778.607702339006,-1.7598592061525666,145,160,0.29696315656474326,bayes_h1h2_marginal_boundary,measured_graph,0.12850075669091748,4.1527836332088865,0.003911295632081178,44,h1:h1_z;h2:h2_z
2.5118864315095822e-05,1.000000000184441,0.9999999999981382,0.6592012800974771,H1+H2,17780.00383335749,17778.42658327724,-1.5772500802469966,145,160,0.6592012800974771,bayes_h1h2_marginal_boundary,measured_graph,0.1072128092956755,4.152784089339459,0.0039112264308929735,44,h1:h1_z;h2:h2_z
3.1622776601683795e-05,1.0000000001856453,1.000000000000543,1.1080429875364644,H1+H2,17779.60680337786,17778.20216242352,-1.404640954341429,145,160,1.1080429875364644,bayes_h1h2_marginal_boundary,measured_graph,0.08566076283054858,4.152784663482221,0.0039111617913253445,44,h1:h1_z;h2:h2_z
3.9810717055349695e-05,1.0000000001862748,1.000000000000804,1.6186472911504097,H1+H2,17779.18889210015,17777.946860271713,-1.2420318284358616,145,160,1.6186472911504097,bayes_h1h2_marginal_boundary,measured_graph,0.06635988455680243,4.152785386115371,0.003911089579258671,44,h1:h1_z;h2:h2_z
5.011872336272725e-05,1.0000000001865943,1.0000000000008733,2.174693706772814,H1+H2,17778.758259766433,17777.668837063902,-1.089422702530293,145,160,2.174693706772814,bayes_h1h2_marginal_boundary,measured_graph,0.05025296337610505,4.152786295542461,0.003911002474498473,44,h1:h1_z;h2:h2_z
6.309573444801929e-05,1.0000000001867682,0.9999999999998439,2.7654333899190533,H1+H2,17778.320280798955,17777.37346722233,-0.9468135766247254,145,160,2.7654333899190533,bayes_h1h2_marginal_boundary,measured_graph,0.03740108356346857,4.152787439858385,0.003910894533294949,44,h1:h1_z;h2:h2_z
7.943282347242822e-05,1.0000000001868854,1.0000000000004075,3.383670785551658,H1+H2,17777.87855297523,17777.064348524513,-0.8142044507191568,145,160,3.383670785551658,bayes_h1h2_marginal_boundary,measured_graph,0.02745589718198078,4.1527888793680425,0.003910759637571172,44,h1:h1_z;h2:h2_z
0.0001,1.0000000001869924,0.9999999999914474,4.024419880544883,H1+H2,17777.43556930183,17776.743973977016,-0.6915953248135883,145,160,4.024419880544883,bayes_h1h2_marginal_boundary,measured_graph,0.019929607318064885,4.152790689521513,0.003910590700982626,44,h1:h1_z;h2:h2_z
0.00012589254117941674,1.0000000001871194,0.9999999999986873,4.684027692746895,H1+H2,17776.993156269822,17776.414170070915,-0.5789861989080206,145,160,4.684027692746895,bayes_h1h2_marginal_boundary,measured_graph,0.014330677581868246,4.152792964395117,0.003910379156707025,44,h1:h1_z;h2:h2_z
0.00015848931924611142,1.0000000001872882,0.9999999999996512,5.359603884848184,H1+H2,17776.552759047867,17776.076381974864,-0.47637707300245236,145,160,5.359603884848184,bayes_h1h2_marginal_boundary,measured_graph,0.010222737732775747,4.152795820656344,0.003910114534104328,44,h1:h1_z;h2:h2_z
0.00019952623149688788,1.0000000001875244,0.9999999999999817,6.048665090878785,H1+H2,17776.115619318945,17775.73185137185,-0.38376794709688455,145,160,6.048665090878785,bayes_h1h2_marginal_boundary,measured_graph,0.007243350139377994,4.152799401744807,0.003909784053539726,44,h1:h1_z;h2:h2_z
0.0002511886431509582,1.0000000001878642,0.9999999999999526,6.748931272930349,H1+H2,17775.682877102015,17775.381718280823,-0.30115882119131615,145,160,6.748931272930349,bayes_h1h2_marginal_boundary,measured_graph,0.005103623281221543,4.152803881575192,0.0039093722314812104,44,h1:h1_z;h2:h2_z
0.00031622776601683794,1.0000000001883633,1.0000000000000138,7.458243299064634,H1+H2,17775.255611963043,17775.027062267756,-0.22854969528574837,145,160,7.458243299064634,bayes_h1h2_marginal_boundary,measured_graph,0.0035797562865522844,4.152809466239148,0.003908860532782386,44,h1:h1_z;h2:h2_z
0.00039810717055349735,1.0000000001891107,1.0000000000000082,8.174614933035627,H1+H2,17774.83481702015,17774.66887645077,-0.16594056938017995,145,160,8.174614933035627,bayes_h1h2_marginal_boundary,measured_graph,0.002502046269120803,4.152816390677146,0.003908227161830048,44,h1:h1_z;h2:h2_z
0.0005011872336272725,1.0000000001902412,0.9999999999999982,8.896431135421153,H1+H2,17774.42129979305,17774.307968349578,-0.11333144347461188,145,160,8.896431135421153,bayes_h1h2_marginal_boundary,measured_graph,0.0017440339700469226,4.152824904816469,0.003907447168180649,44,h1:h1_z;h2:h2_z
0.000630957344480193,1.0000000001919664,1.0000000000000004,9.622853882421623,H1+H2,17774.01547929365,17773.944756976078,-0.07072231756904392,145,160,9.622853882421623,bayes_h1h2_marginal_boundary,measured_graph,0.0012128699734579164,4.152835240326454,0.00390649318187472,44,h1:h1_z;h2:h2_z
0.0007943282347242822,1.0000000001946001,1.0000000000000018,10.354488994773419,H1+H2,17773.617052611564,17773.578939419902,-0.03811319166347554,145,160,10.354488994773419,bayes_h1h2_marginal_boundary,measured_graph,0.0008412821968369045,4.152847546722924,0.003905337327013585,44,h1:h1_z;h2:h2_z
0.001,1.0000000001985683,1.0000000000000004,11.094364080876403,H1+H2,17773.22450594261,17773.20900187685,-0.015504065757907535,145,160,11.094364080876403,bayes_h1h2_marginal_boundary,measured_graph,0.0005811387901313037,4.152861790523233,0.003903955246989175,44,h1:h1_z;h2:h2_z
0.0012589254117941675,1.000000000204364,1.0000000000000013,11.849199361116916,H1+H2,17772.83447917658,17772.83158423673,-0.0028949398523394052,145,160,11.849199361116916,bayes_h1h2_marginal_boundary,measured_graph,0.0003984459955280941,4.1528776382188095,0.0039023337902285176,44,h1:h1_z;h2:h2_z
0.001584893192461114,1.000000000212348,1.0000000000000007,12.630844876272022,H1+H2,17772.441047293098,17772.440761479153,-0.0002858139467712683,145,160,12.630844876272022,bayes_h1h2_marginal_boundary,measured_graph,0.0002695487358657647,4.152894410088169,0.0039004848358966783,44,h1:h1_z;h2:h2_z
0.0019952623149688807,1.000000000222353,0.9999999999999976,13.457774577240343,H1+H2,17772.03497331671,17772.02729662867,-0.007676688041203171,145,160,13.457774577240343,bayes_h1h2_marginal_boundary,measured_graph,0.00017826734498115697,4.152911275794056,0.0038984689962909013,44,h1:h1_z;h2:h2_z
0.002511886431509582,1.0000000002332317,1.0000000000000007,14.35704244448425,H1+H2,17771.602730257182,17771.577662695046,-0.025067562135635053,145,160,14.35704244448425,bayes_h1h2_marginal_boundary,measured_graph,0.00011370989542652842,4.152927830450781,0.00389643421504722,44,h1:h1_z;h2:h2_z
0.0031622776601683794,1.000000000242839,1.000000000000002,15.36844958052825,H1+H2,17771.124417563253,17771.071959127024,-0.05245843623006681,145,160,15.36844958052825,bayes_h1h2_marginal_boundary,measured_graph,6.85762908089689e-05,4.152944858729045,0.003894674387915905,44,h1:h1_z;h2:h2_z
0.003981071705534973,1.0000000002488043,0.9999999999999961,16.55383986878587,H1+H2,17770.56911329322,17770.479263982896,-0.08984931032449865,145,160,16.55383986878587,bayes_h1h2_marginal_boundary,measured_graph,3.791139459453169e-05,4.15296463596138,0.003893708902713573,44,h1:h1_z;h2:h2_z
0.005011872336272725,1.0000000002495426,1.0000000000000018,18.012401534877426,H1+H2,17769.88722333427,17769.74998314985,-0.13724018441893068,145,160,18.012401534877426,bayes_h1h2_marginal_boundary,measured_graph,1.828298567422633e-05,4.152990167104083,0.003894369439774998,44,h1:h1_z;h2:h2_z
0.006309573444801936,1.0000000002445262,0.9999999999999986,19.89511794862483,H1+H2,17769.003256001488,17768.808624942976,-0.19463105851336257,145,160,19.89511794862483,bayes_h1h2_marginal_boundary,measured_graph,7.132149601790575e-06,4.153023364473932,0.0038978496632431996,44,h1:h1_z;h2:h2_z
0.00794328234724282,1.0000000002337974,0.9999999999999973,22.401937731701764,H1+H2,17767.817236984047,17767.555215051438,-0.26202193260779433,145,160,22.401937731701764,bayes_h1h2_marginal_boundary,measured_graph,2.0364391834229926e-06,4.153062290262923,0.0039056356838520425,44,h1:h1_z;h2:h2_z
0.01,1.0000000002175573,0.9999999999999988,25.745725970431522,H1+H2,17766.222733738774,17765.883320932073,-0.3394128067022262,145,160,25.745725970431522,bayes_h1h2_marginal_boundary,measured_graph,3.8262827020597353e-07,4.153096893732372,0.003919239902958851,44,h1:h1_z;h2:h2_z
0.012589254117941675,1.0000000001964153,0.9999999999999988,30.08890019725368,H1+H2,17764.138537499457,17763.71173381866,-0.42680368079665804,145,160,30.08890019725368,bayes_h1h2_marginal_boundary,measured_graph,4.361830189814571e-08,4.15310229036396,0.003939780508275686,44,h1:h1_z;h2:h2_z
0.01584893192461114,1.0000000001721567,1.0000000000000018,35.48939649845124,H1+H2,17761.535680222954,17761.011485668063,-0.5241945548910899,145,160,35.48939649845124,bayes_h1h2_marginal_boundary,measured_graph,2.9306630078811478e-09,4.1530299645779465,0.003967633112852121,44,h1:h1_z;h2:h2_z
0.01995262314968881,1.0000000001483418,1.0000000000000004,41.887639134300116,H1+H2,17758.443949779125,17757.81236435014,-0.6315854289855218,145,160,41.887639134300116,bayes_h1h2_marginal_boundary,measured_graph,1.1956529705888663e-10,4.15280101879686,0.004002352451521469,44,h1:h1_z;h2:h2_z
0.025118864315095822,1.000000000129947,0.9999999999999997,49.11405118868424,H1+H2,17754.948134626025,17754.199158322946,-0.7489763030799538,145,160,49.11405118868424,bayes_h1h2_marginal_boundary,measured_graph,3.2241089382389513e-12,4.152309996982782,0.004042716901685039,44,h1:h1_z;h2:h2_z
0.03162277660168379,1.0000000001223006,0.9999999999999979,56.87854536918894,H1+H2,17751.193278409868,17750.316911232694,-0.8763671771743852,145,160,56.87854536918894,bayes_h1h2_marginal_boundary,measured_graph,6.643106560570022e-14,4.151447058236916,0.004086614097611754,44,h1:h1_z;h2:h2_z
0.039810717055349734,1.0000000001308293,1.0000000000000004,64.7681159359272,H1+H2,17747.385884000592,17746.372125949325,-1.0137580512688171,145,160,64.7681159359272,bayes_h1h2_marginal_boundary,measured_graph,1.2857979767761074e-15,4.150136079749449,0.004130948457483872,44,h1:h1_z;h2:h2_z
0.05011872336272725,1.000000000162168,1.0000000000000004,72.31975807247363,H1+H2,17743.757453806415,17742.59630488105,-1.1611489253632492,145,160,72.31975807247363,bayes_h1h2_marginal_boundary,measured_graph,2.946825935192315e-17,4.148373494561111,0.0041721131555746225,44,h1:h1_z;h2:h2_z
0.06309573444801936,1.0000000002240923,1.0000000000000013,79.16240271209244,H1+H2,17740.4935223607,17739.174982561242,-1.3185397994576809,145,160,79.16240271209244,bayes_h1h2_marginal_boundary,measured_graph,9.627046713284951e-19,4.146248908458657,0.004207077787699986,44,h1:h1_z;h2:h2_z
0.07943282347242822,1.0000000003212952,1.0000000000000013,85.1312469248951,H1+H2,17737.676491128394,17736.19056045484,-1.4859306735521132,145,160,85.1312469248951,bayes_h1h2_marginal_boundary,measured_graph,4.8682741470533665e-20,4.143935917725335,0.004234389019979034,44,h1:h1_z;h2:h2_z
0.1,1.0000000004494667,0.9999999999999976,90.27758958666527,H1+H2,17735.280710671603,17733.617389123956,-1.663321547646544,145,160,90.27758958666527,bayes_h1h2_marginal_boundary,measured_graph,3.714162635443474e-21,4.141656499998921,0.00425440520649688,44,h1:h1_z;h2:h2_z
1e-05,1.0000000000781892,0.9999999999685881,-0.0,H1+H2,24503.54670764482,24501.17902106095,-2.3676865838692702,210,212,-0.0,bayes_h1h2_marginal_boundary,measured_graph,0.22308266698060406,3.9593103636041156,0.004036301539723989,45,h1:h1_z;h2:h2_z
1.2589254117941661e-05,1.0000000000855402,0.9999999999924081,0.35462599439779297,H1+H2,24503.156785521714,24501.00170806375,-2.155077457963703,210,212,0.35462599439779297,bayes_h1h2_marginal_boundary,measured_graph,0.18683566048259773,3.959310195075491,0.004036301758953127,45,h1:h1_z;h2:h2_z
1.584893192461114e-05,1.000000000092319,0.9999999999980304,0.7831083918717923,H1+H2,24502.739935197074,24500.787466865015,-1.952468332058134,210,212,0.7831083918717923,bayes_h1h2_marginal_boundary,measured_graph,0.15080509037090692,3.9593099736708517,0.004036352548640399,45,h1:h1_z;h2:h2_z
1.9952623149688786e-05,1.000000000097723,0.999999999998685,1.2704335549278767,H1+H2,24502.303663489638,24500.543804283487,-1.7598592061525666,210,212,1.2704335549278767,bayes_h1h2_marginal_boundary,measured_graph,0.11819379753255971,3.9593096802951293,0.00403643921463217,45,h1:h1_z;h2:h2_z
2.5118864315095822e-05,1.0000000001014948,1.0000000000015712,1.8059086842404213,H1+H2,24501.85331679908,24500.27606671883,-1.5772500802469966,210,212,1.8059086842404213,bayes_h1h2_marginal_boundary,measured_graph,0.09043108460969819,3.9593092877481193,0.004036558104138423,45,h1:h1_z;h2:h2_z
3.1622776601683795e-05,1.0000000001039016,0.9999999999995707,2.3826158071678947,H1+H2,24501.392354111707,24499.987713157367,-1.404640954341429,210,212,2.3826158071678947,bayes_h1h2_marginal_boundary,measured_graph,0.06777778613479173,3.9593087567810743,0.0040367118636388186,45,h1:h1_z;h2:h2_z
3.9810717055349695e-05,1.0000000001054368,1.0000000000000948,2.996610541951668,H1+H2,24500.92274761841,24499.680715789975,-1.2420318284358616,210,212,2.996610541951668,bayes_h1h2_marginal_boundary,measured_graph,0.04986090036226089,3.9593080300575743,0.004036907101212787,45,h1:h1_z;h2:h2_z
5.011872336272725e-05,1.0000000001065592,0.9999999999593913,3.64621451725543,H1+H2,24500.445336504854,24499.355913802323,-1.089422702530293,210,212,3.64621451725543,bayes_h1h2_marginal_boundary,measured_graph,0.036032998661269765,3.9593070228518847,0.00403715354549843,45,h1:h1_z;h2:h2_z
6.309573444801929e-05,1.0000000001076035,0.9999999999923345,4.33150909745018,H1+H2,24499.96008008885,24499.013266512226,-0.9468135766247254,210,212,4.33150909745018,bayes_h1h2_marginal_boundary,measured_graph,0.025579413248583847,3.959305608659957,0.004037464026054771,45,h1:h1_z;h2:h2_z
7.943282347242822e-05,1.000000000108803,0.9999999999987909,5.054030487975979,H1+H2,24499.46621026768,24498.652005816963,-0.8142044507191568,210,212,5.054030487975979,bayes_h1h2_marginal_boundary,measured_graph,0.017823666676179416,3.959303596872745,0.004037854919330606,45,h1:h1_z;h2:h2_z
0.0001,1.0000000001103546,0.9999999999998949,5.816640845150687,H1+H2,24498.96229596319,24498.270700638375,-0.6915953248135883,210,212,5.816640845150687,bayes_h1h2_marginal_boundary,measured_graph,0.0121730194733156,3.959300698075432,0.0040383469049392875,45,h1:h1_z;h2:h2_z
0.00012589254117941674,1.000000000112475,0.9999999999999792,6.623537120831315,H1+H2,24498.446238699442,24497.867252500535,-0.5789861989080206,210,212,6.623537120831315,bayes_h1h2_marginal_boundary,measured_graph,0.008131731246179738,3.9592964701148436,0.004038965988824709,45,h1:h1_z;h2:h2_z
0.00015848931924611142,1.0000000001154543,1.0000000000000029,7.480381146524451,H1+H2,24497.91520756069,24497.43883048769,-0.47637707300245236,210,212,7.480381146524451,bayes_h1h2_marginal_boundary,measured_graph,0.00529811890224588,3.9592902344610543,0.0040397447955022895,45,h1:h1_z;h2:h2_z
0.00019952623149688788,1.0000000001197225,1.0000000000000042,8.394532068537956,H1+H2,24497.365522973778,24496.98175502668,-0.38376794709688455,210,212,8.394532068537956,bayes_h1h2_marginal_boundary,measured_graph,0.0033544115913903736,3.9592809471936783,0.004040724149355899,45,h1:h1_z;h2:h2_z
0.0002511886431509582,1.0000000001259368,0.9999999999999922,9.375380437166314,H1+H2,24496.79248966356,24496.491330842367,-0.30115882119131615,210,212,9.375380437166314,bayes_h1h2_marginal_boundary,measured_graph,0.002054129563475481,3.959267002004558,0.004041954954161922,45,h1:h1_z;h2:h2_z
0.00031622776601683794,1.0000000001351215,0.999999999999996,10.43476859715156,H1+H2,24496.19018645766,24495.961636762375,-0.22854969528574837,210,212,10.43476859715156,bayes_h1h2_marginal_boundary,measured_graph,0.0012094408049766502,3.9592459347189255,0.004043500333369303,45,h1:h1_z;h2:h2_z
0.00039810717055349735,1.0000000001488756,0.9999999999999961,11.587481759670482,H1+H2,24495.551220750494,24495.385280181115,-0.16594056938017995,210,212,11.587481759670482,bayes_h1h2_marginal_boundary,measured_graph,0.0006796356228909656,3.959213993638332,0.004045437882191853,45,h1:h1_z;h2:h2_z
0.0005011872336272725,1.0000000001696798,0.9999999999999999,12.851754756557057,H1+H2,24494.866475126146,24494.753143682672,-0.11333144347461188,210,212,12.851754756557057,bayes_h1h2_marginal_boundary,measured_graph,0.0003611958411223764,3.9591655483287984,0.004047861649325108,45,h1:h1_z;h2:h2_z
0.000630957344480193,1.0000000002012241,1.000000000000001,14.249665686351364,H1+H2,24494.124910535345,24494.054188217775,-0.07072231756904392,210,212,14.249665686351364,bayes_h1h2_marginal_boundary,measured_graph,0.00017955199693920886,3.95909235783941,0.004050883010633292,45,h1:h1_z;h2:h2_z
0.0007943282347242822,1.0000000002484655,1.0,15.807150200460455,H1+H2,24493.313559152382,24493.27544596072,-0.03811319166347554,210,212,15.807150200460455,bayes_h1h2_marginal_boundary,measured_graph,8.241130181566168e-05,3.958982862041224,0.004054628763477507,45,h1:h1_z;h2:h2_z
0.001,1.0000000003163787,0.9999999999999987,17.553117418960028,H1+H2,24492.41796641723,24492.40246235147,-0.015504065757907535,210,212,17.553117418960028,bayes_h1h2_marginal_boundary,measured_graph,3.442348297884912e-05,3.958821979686027,0.004059233374584916,45,h1:h1_z;h2:h2_z
0.0012589254117941675,1.000000000405247,1.0000000000000027,19.516765993263107,H1+H2,24491.42353300417,24491.42063806432,-0.0028949398523394052,210,212,19.516765993263107,bayes_h1h2_marginal_boundary,measured_graph,1.2895967802617555e-05,3.9585924337246587,0.004064820325028128,45,h1:h1_z;h2:h2_z
0.001584893192461114,1.0000000005008285,0.9999999999999987,21.72178901127336,H1+H2,24490.31841236926,24490.318126555314,-0.0002858139467712683,210,212,21.72178901127336,bayes_h1h2_marginal_boundary,measured_graph,4.2819271633423775e-06,3.9582790942450035,0.004071465635924216,45,h1:h1_z;h2:h2_z
0.0019952623149688807,1.0000000005658245,0.9999999999999976,24.17615453185863,H1+H2,24489.098620483062,24489.09094379502,-0.007676688041203171,210,212,24.17615453185863,bayes_h1h2_marginal_boundary,measured_graph,1.2551064877338986e-06,3.957877103783574,0.0040791378220432295,45,h1:h1_z;h2:h2_z
0.002511886431509582,1.0000000005540148,0.9999999999999987,26.857825263447012,H1+H2,24487.775175991363,24487.750108429227,-0.025067562135635053,210,212,26.857825263447012,bayes_h1h2_marginal_boundary,measured_graph,3.28369773937157e-07,3.95740084488249,0.004087619703575335,45,h1:h1_z;h2:h2_z
0.0031622776601683794,1.0000000004549032,1.000000000000003,29.7020059120332,H1+H2,24486.380476541162,24486.328018104934,-0.05245843623006681,210,212,29.7020059120332,bayes_h1h2_marginal_boundary,measured_graph,7.920583803468974e-08,3.9568850899388086,0.004096448175884954,45,h1:h1_z;h2:h2_z
0.003981071705534973,1.0000000003156277,0.9999999999999954,32.604042033693986,H1+H2,24484.966849354427,24484.877000044104,-0.08984931032449865,210,212,32.604042033693986,bayes_h1h2_marginal_boundary,measured_graph,1.8560430977010626e-08,3.9563705624372676,0.004104953394187742,45,h1:h1_z;h2:h2_z
0.005011872336272725,1.0000000001957168,1.0000000000000036,35.454719415422005,H1+H2,24483.58890153766,24483.45166135324,-0.13724018441893068,210,212,35.454719415422005,bayes_h1h2_marginal_boundary,measured_graph,4.462429090826112e-09,3.955881296209451,0.004112484272144779,45,h1:h1_z;h2:h2_z
0.006309573444801936,1.0000000001186626,1.0000000000000018,38.20360859842185,H1+H2,24482.27184782025,24482.07721676174,-0.19463105851336257,210,212,38.20360859842185,bayes_h1h2_marginal_boundary,measured_graph,1.1289055973069667e-09,3.955415142985891,0.0041187787484012525,45,h1:h1_z;h2:h2_z
0.00794328234724282,1.0000000000766989,1.0000000000000042,40.90525270963553,H1+H2,24480.988416638742,24480.726394706133,-0.26202193260779433,210,212,40.90525270963553,bayes_h1h2_marginal_boundary,measured_graph,2.9241729917884517e-10,3.954957737932304,0.004124211844323104,45,h1:h1_z;h2:h2_z
0.01,1.000000000055114,0.9999999999999973,43.69651023437473,H1+H2,24479.670178750464,24479.330765943763,-0.3394128067022262,210,212,43.69651023437473,bayes_h1h2_marginal_boundary,measured_graph,7.242511463575075e-11,3.9545065957538785,0.004129639225493201,45,h1:h1_z;h2:h2_z
0.012589254117941675,1.0000000000434826,0.9999999999999909,46.717837263975525,H1+H2,24478.246906109758,24477.820102428963,-0.42680368079665804,210,212,46.717837263975525,bayes_h1h2_marginal_boundary,measured_graph,1.598881814008005e-11,3.954084691253317,0.00413593198755917,45,h1:h1_z;h2:h2_z
0.01584893192461114,1.0000000000362832,1.0000000000000093,50.05533791777998,H1+H2,24476.675546656952,24476.15135210206,-0.5241945548910899,210,212,50.05533791777998,bayes_h1h2_marginal_boundary,measured_graph,3.0136117752913493e-12,3.9537336897740896,0.0041436453105160274,45,h1:h1_z;h2:h2_z
0.01995262314968881,1.0000000000310467,0.9999999999999963,53.754380555932585,H1+H2,24474.93341621197,24474.301830782984,-0.6315854289855218,210,212,53.754380555932585,bayes_h1h2_marginal_boundary,measured_graph,4.740786540187614e-13,3.9534930976583125,0.004153091541486292,45,h1:h1_z;h2:h2_z
0.025118864315095822,1.0000000000268368,1.0000000000000033,57.87559116171906,H1+H2,24472.99020178317,24472.24122548009,-0.7489763030799538,210,212,57.87559116171906,bayes_h1h2_marginal_boundary,measured_graph,6.03866432224174e-14,3.9533812873268346,0.004164640114058634,45,h1:h1_z;h2:h2_z
0.03162277660168379,1.0000000000233944,0.9999999999999974,62.52947331833275,H1+H2,24470.79065157896,24469.914284401784,-0.8763671771743852,210,212,62.52947331833275,bayes_h1h2_marginal_boundary,measured_graph,5.893363359566395e-15,3.953390463497984,0.004178899445240625,45,h1:h1_z;h2:h2_z
0.039810717055349734,1.0000000000206943,0.9999999999999941,67.85258221010736,H1+H2,24468.266488007164,24467.252729955897,-1.0137580512688171,210,212,67.85258221010736,bayes_h1h2_marginal_boundary,measured_graph,4.1158999520085764e-16,3.9534960624230395,0.004196593466027778,45,h1:h1_z;h2:h2_z
0.05011872336272725,1.0000000000186853,0.9999999999999925,73.92617707522732,H1+H2,24465.3770814487,24464.215932523337,-1.1611489253632492,210,212,73.92617707522732,bayes_h1h2_marginal_boundary,measured_graph,1.975151631834246e-17,3.953673060266055,0.004218133366304068,45,h1:h1_z;h2:h2_z
0.06309573444801936,1.00000000001716,1.0000000000000027,80.67295265744178,H1+H2,24462.161084531686,24460.84254473223,-1.3185397994576809,210,212,80.67295265744178,bayes_h1h2_marginal_boundary,measured_graph,6.769502280956967e-19,3.9539110224077945,0.00424306099044466,45,h1:h1_z;h2:h2_z
0.07943282347242822,1.0000000000157938,0.9999999999999984,87.80362613352918,H1+H2,24458.76313866774,24457.277207994186,-1.4859306735521132,210,212,87.80362613352918,bayes_h1h2_marginal_boundary,measured_graph,1.914920142750396e-20,3.9542231648659008,0.004269757304725349,45,h1:h1_z;h2:h2_z
0.1,1.0000000000143023,0.9999999999999917,94.87848668671359,H1+H2,24455.40309926524,24453.739777717594,-1.663321547646544,210,212,94.87848668671359,bayes_h1h2_marginal_boundary,measured_graph,5.570115725227509e-22,3.9546476485553996,0.004295798739462511,45,h1:h1_z;h2:h2_z
1e-05,1.0000000000004585,0.9999920378892103,34.03270688766497,H1+H2,29013.026373949426,29010.658687365558,-2.3676865838692702,222,254,34.03270688766497,bayes_h1h2_marginal_boundary,measured_graph,6.3879875011557186e-09,0.0697387685347632,0.007144449670779856,46,h1:h1_z;h2:h2_z
1.2589254117941661e-05,1.000000000001628,0.9999973116085993,25.044263142583077,H1+H2,29017.30798669606,29015.1529092381,-2.155077457963703,222,254,25.044263142583077,bayes_h1h2_marginal_boundary,measured_graph,5.717153034754549e-07,0.06973824518697284,0.007086597051901372,46,h1:h1_z;h2:h2_z
1.584893192461114e-05,1.000000000005674,0.999999469648844,17.120161255967105,H1+H2,29021.067428513466,29019.114960181407,-1.952468332058134,222,254,17.120161255967105,bayes_h1h2_marginal_boundary,measured_graph,3.005222827879406e-05,0.06973743181750995,0.007050788929602831,46,h1:h1_z;h2:h2_z
1.9952623149688786e-05,1.0000000000190505,0.9999999332477054,10.841587740258547,H1+H2,29024.014106145412,29022.25424693926,-1.7598592061525666,222,254,10.841587740258547,bayes_h1h2_marginal_boundary,measured_graph,0.0006938276373263708,0.0697361678658557,0.007031262608230451,46,h1:h1_z;h2:h2_z
2.5118864315095822e-05,1.0000000000604086,0.9999999941694729,6.299515275473823,H1+H2,29026.102533251902,29024.525283171653,-1.5772500802469966,222,254,6.299515275473823,bayes_h1h2_marginal_boundary,measured_graph,0.006722798571061008,0.06973420823529171,0.007021597032475823,46,h1:h1_z;h2:h2_z
3.1622776601683795e-05,1.0000000001774128,0.9999997869469577,3.269673978073115,H1+H2,29027.444844774695,29026.040203820354,-1.404640954341429,222,254,3.269673978073115,bayes_h1h2_marginal_boundary,measured_graph,0.030582415000050493,0.06973118609893804,0.007017146721790364,46,h1:h1_z;h2:h2_z
3.9810717055349695e-05,1.0000000004743284,0.9999999744625915,1.4149792345706373,H1+H2,29028.20958302054,29026.967551192105,-1.2420318284358616,222,254,1.4149792345706373,bayes_h1h2_marginal_boundary,measured_graph,0.07730607499272409,0.06972657006923612,0.0070152073928396235,46,h1:h1_z;h2:h2_z
5.011872336272725e-05,1.0000000011366685,0.9999999973886566,0.41211544210091233,H1+H2,29028.55840579087,29027.46898308834,-1.089422702530293,222,254,0.41211544210091233,bayes_h1h2_marginal_boundary,measured_graph,0.12763880493084578,0.06971963142758807,0.007014406315483045,46,h1:h1_z;h2:h2_z
6.309573444801929e-05,1.0000000023974271,0.9999999997659669,0.002659820587723516,H1+H2,29028.620524475722,29027.673710899096,-0.9468135766247254,222,254,0.002659820587723516,bayes_h1h2_marginal_boundary,measured_graph,0.1566371915529858,0.06970946238397903,0.007014101900649186,46,h1:h1_z;h2:h2_z
7.943282347242822e-05,1.0000000043272435,0.9999999999831027,-0.0,H1+H2,29028.48924526011,29027.67504080939,-0.8142044507191568,222,254,-0.0,bayes_h1h2_marginal_boundary,measured_graph,0.15684564354693656,0.06969512503457871,0.00701401204385948,46,h1:h1_z;h2:h2_z
0.0001,1.00000000639563,0.9999999999998077,0.2788753862332669,H1+H2,29028.227198441087,29027.535603116274,-0.6915953248135883,222,254,0.2788753862332669,bayes_h1h2_marginal_boundary,measured_graph,0.13643174684924925,0.06967603369276044,0.007014017620464794,46,h1:h1_z;h2:h2_z
0.00012589254117941674,1.000000007285579,1.0000000000003806,0.7617878705787007,H1+H2,29027.873133073008,29027.2941468741,-0.5789861989080206,222,254,0.7617878705787007,bayes_h1h2_marginal_boundary,measured_graph,0.10716484155961693,0.06965258558491116,0.00701406982388101,46,h1:h1_z;h2:h2_z
0.00015848931924611142,1.0000000059705902,1.0000000000000637,1.4075738538813312,H1+H2,29027.447630955452,29026.97125388245,-0.47637707300245236,222,254,1.4075738538813312,bayes_h1h2_marginal_boundary,measured_graph,0.07759284603473303,0.069626737999551,0.007014148883034226,46,h1:h1_z;h2:h2_z
0.00019952623149688788,1.0000000033129663,0.999999999999462,2.2021157381605008,H1+H2,29026.957750887406,29026.57398294031,-0.38376794709688455,222,254,2.2021157381605008,bayes_h1h2_marginal_boundary,measured_graph,0.0521541778558078,0.06960184605359812,0.007014245985300006,46,h1:h1_z;h2:h2_z
0.0002511886431509582,1.0000000012051022,0.9999999999449579,3.148287372867344,H1+H2,29026.40205594415,29026.100897122957,-0.30115882119131615,222,254,3.148287372867344,bayes_h1h2_marginal_boundary,measured_graph,0.03249604771502626,0.06958134483259897,0.007014354903255341,46,h1:h1_z;h2:h2_z
0.00031622776601683794,1.0000000002898417,0.9999999999910103,4.253260856770794,H1+H2,29025.77696007629,29025.548410381005,-0.22854969528574837,222,254,4.253260856770794,bayes_h1h2_marginal_boundary,measured_graph,0.01870202358711461,0.06956709258050202,0.007014467131256048,46,h1:h1_z;h2:h2_z
0.00039810717055349735,1.0000000000482991,0.9999999999984838,5.516362715083233,H1+H2,29025.082800021228,29024.91685945185,-0.16594056938017995,222,254,5.516362715083233,bayes_h1h2_marginal_boundary,measured_graph,0.009945108299237396,0.06955884551165349,0.007014567581316426,46,h1:h1_z;h2:h2_z
0.0005011872336272725,1.0000000277749899,0.9999999999996229,6.923192739363003,H1+H2,29024.326775883183,29024.21344443971,-0.11333144347461188,222,254,6.923192739363003,bayes_h1h2_marginal_boundary,measured_graph,0.004921758030365518,0.06955511259202703,0.00701462914108159,46,h1:h1_z;h2:h2_z
0.000630957344480193,1.000000005828853,0.9999999999998963,8.44748941463331,H1+H2,29023.522018419644,29023.451296102074,-0.07072231756904392,222,254,8.44748941463331,bayes_h1h2_marginal_boundary,measured_graph,0.002296801383741163,0.06955430409863404,0.007014604784386859,46,h1:h1_z;h2:h2_z
0.0007943282347242822,1.000000001108952,1.0000000000000038,10.05623553589976,H1+H2,29022.685036233102,29022.64692304144,-0.03811319166347554,222,254,10.05623553589976,bayes_h1h2_marginal_boundary,measured_graph,0.001027516156812256,0.06955531189327188,0.00701441600968684,46,h1:h1_z;h2:h2_z
0.001,1.0000000001988536,0.9999999999999589,11.7131466910796,H1+H2,29021.83397152961,29021.81846746385,-0.015504065757907535,222,254,11.7131466910796,bayes_h1h2_marginal_boundary,measured_graph,0.00044874019637616125,0.06955757093278717,0.007013936760707872,46,h1:h1_z;h2:h2_z
0.0012589254117941675,1.0000000000353138,0.9999999999999655,13.37895253727038,H1+H2,29020.988459480606,29020.985564540755,-0.0028949398523394052,222,254,13.37895253727038,bayes_h1h2_marginal_boundary,measured_graph,0.00019510564282698988,0.06956090810940804,0.007012973637046622,46,h1:h1_z;h2:h2_z
0.001584893192461114,1.0000000000068523,1.0000000000000464,15.009995289772633,H1+H2,29020.17032897845,29020.170043164504,-0.0002858139467712683,222,254,15.009995289772633,bayes_h1h2_marginal_boundary,measured_graph,8.631641544237612e-05,0.06956540257772821,0.007011248164904513,46,h1:h1_z;h2:h2_z
0.0019952623149688807,1.0000000000017826,1.00000000000002,16.558607915314496,H1+H2,29019.403413539774,29019.395736851733,-0.007676688041203171,222,254,16.558607915314496,bayes_h1h2_marginal_boundary,measured_graph,3.979389390033715e-05,0.06957130908503457,0.007008398667732111,46,h1:h1_z;h2:h2_z
0.002511886431509582,1.0000000000008045,0.9999999999999925,17.981211210200854,H1+H2,29018.709502766425,29018.68443520429,-0.025067562135635053,222,254,17.981211210200854,bayes_h1h2_marginal_boundary,measured_graph,1.9538987597727852e-05,0.06957903435183498,0.007004041287440961,46,h1:h1_z;h2:h2_z
0.0031622776601683794,1.0000000000006422,1.000000000000007,19.26307048083254,H1+H2,29018.095964005202,29018.043505568974,-0.05245843623006681,222,254,19.26307048083254,bayes_h1h2_marginal_boundary,measured_graph,1.0293186774637812e-05,0.06958914440440254,0.006997956696374445,46,h1:h1_z;h2:h2_z
0.003981071705534973,1.0000000000007125,1.0000000000000018,20.467571597699134,H1+H2,29017.531104320864,29017.44125501054,-0.08984931032449865,222,254,20.467571597699134,bayes_h1h2_marginal_boundary,measured_graph,5.636321518747757e-06,0.06960238040430977,0.006990465828924774,46,h1:h1_z;h2:h2_z
0.005011872336272725,1.000000000000887,1.0000000000000002,21.80304201987019,H1+H2,29016.910759983875,29016.773519799455,-0.13724018441893068,222,254,21.80304201987019,bayes_h1h2_marginal_boundary,measured_graph,2.8906934708556332e-06,0.06961965355376325,0.006982945492485739,46,h1:h1_z;h2:h2_z
0.006309573444801936,1.0000000000011156,0.999999999999997,23.666125206080324,H1+H2,29016.036609264862,29015.84197820635,-0.19463105851336257,222,254,23.666125206080324,bayes_h1h2_marginal_boundary,measured_graph,1.1387769499262228e-06,0.06964197330341594,0.006978171290147618,46,h1:h1_z;h2:h2_z
0.00794328234724282,1.000000000001363,1.0000000000000004,26.59564213026897,H1+H2,29014.639241676865,29014.377219744256,-0.26202193260779433,222,254,26.59564213026897,bayes_h1h2_marginal_boundary,measured_graph,2.6320985781015355e-07,0.06967025271334817,0.0069799785394039455,46,h1:h1_z;h2:h2_z
0.01,1.0000000000015894,1.0000000000000022,31.112568810589437,H1+H2,29012.458169210797,29012.118756404096,-0.3394128067022262,222,254,31.112568810589437,bayes_h1h2_marginal_boundary,measured_graph,2.7508314715820775e-08,0.06970497577252797,0.006992054689042996,46,h1:h1_z;h2:h2_z
0.012589254117941675,1.0000000000017548,0.9999999999999964,37.52538528534933,H1+H2,29009.33915184751,29008.912348166716,-0.42680368079665804,222,254,37.52538528534933,bayes_h1h2_marginal_boundary,measured_graph,1.114136956215104e-09,0.06974585503083532,0.00701647768612609,46,h1:h1_z;h2:h2_z
0.01584893192461114,1.000000000001848,1.0000000000000036,45.831878916455025,H1+H2,29005.283295906054,29004.759101351163,-0.5241945548910899,222,254,45.831878916455025,bayes_h1h2_marginal_boundary,measured_graph,1.7506785319524618e-11,0.06979179597834355,0.0070529988613432775,46,h1:h1_z;h2:h2_z
0.01995262314968881,1.0000000000019214,1.0000000000000013,55.77492471641017,H1+H2,29000.41916388017,28999.787578451185,-0.6315854289855218,222,254,55.77492471641017,bayes_h1h2_marginal_boundary,measured_graph,1.2136723112203642e-13,0.06984147902869473,0.0070994794282469844,46,h1:h1_z;h2:h2_z
0.025118864315095822,1.0000000000021094,0.9999999999999991,66.9825765629721,H1+H2,28994.932728830983,28994.183752527904,-0.7489763030799538,222,254,66.9825765629721,bayes_h1h2_marginal_boundary,measured_graph,4.47085688464479e-16,0.06989450726630463,0.007152910315483285,46,h1:h1_z;h2:h2_z
0.03162277660168379,1.0000000000026166,1.0000000000000036,79.06625362957857,H1+H2,28989.018281171775,28988.1419139946,-0.8763671771743852,222,254,79.06625362957857,bayes_h1h2_marginal_boundary,measured_graph,1.0628051065790824e-18,0.0699525229450117,0.007210050027619991,46,h1:h1_z;h2:h2_z
0.039810717055349734,1.000000000003718,0.9999999999999993,91.63461947648466,H1+H2,28982.871489122415,28981.857731071148,-1.0137580512688171,222,254,91.63461947648466,bayes_h1h2_marginal_boundary,measured_graph,1.9827486621898466e-21,0.07001932022656789,0.007267448755124991,46,h1:h1_z;h2:h2_z
0.05011872336272725,1.0000000000057616,0.9999999999999997,104.32000118336146,H1+H2,28976.676189143072,28975.51504021771,-1.1611489253632492,222,254,104.32000118336146,bayes_h1h2_marginal_boundary,measured_graph,3.4887674958872996e-24,0.07009928234255372,0.007321779150911599,46,h1:h1_z;h2:h2_z
0.06309573444801936,1.0000000000091578,0.9999999999999978,116.90706008403504,H1+H2,28970.54005056683,28969.221510767373,-1.3185397994576809,222,254,116.90706008403504,bayes_h1h2_marginal_boundary,measured_graph,6.448028011728396e-27,0.07019470292392566,0.00737124731164667,46,h1:h1_z;h2:h2_z
0.07943282347242822,1.000000000014507,1.0000000000000018,129.46713086589443,H1+H2,28964.427406049996,28962.941475376443,-1.4859306735521132,222,254,129.46713086589443,bayes_h1h2_marginal_boundary,measured_graph,1.2079312003088051e-29,0.07030373746175861,0.007417122646028745,46,h1:h1_z;h2:h2_z
0.1,1.0000000000229479,1.0000000000000009,142.2895230767681,H1+H2,28958.193600818653,28956.530279271006,-1.663321547646544,222,254,142.2895230767681,bayes_h1h2_marginal_boundary,measured_graph,1.984701089269548e-32,0.07042051179798071,0.007463356878513333,46,h1:h1_z;h2:h2_z
1e-05,1.0000000000085147,0.9999981321918713,6.143332888030272,H1+H2,30055.79543528958,30053.42774870571,-2.3676865838692702,229,259,6.143332888030272,bayes_h1h2_marginal_boundary,measured_graph,0.006106250724170866,0.038333375624020075,0.007639644384355289,47,h1:h1_z;h2:h2_z
1.2589254117941661e-05,1.000000000031104,0.9999987515150244,4.376808509710827,H1+H2,30056.466088352834,30054.31101089487,-2.155077457963703,229,259,4.376808509710827,bayes_h1h2_marginal_boundary,measured_graph,0.014769661003151755,0.03833205561477357,0.007624635628258853,47,h1:h1_z;h2:h2_z
1.584893192461114e-05,1.0000000001087317,0.9999994394440999,2.784020441773464,H1+H2,30057.0598732609,30055.10740492884,-1.952468332058134,229,259,2.784020441773464,bayes_h1h2_marginal_boundary,measured_graph,0.03275216866057377,0.03833005889939975,0.007613841443165652,47,h1:h1_z;h2:h2_z
1.9952623149688786e-05,1.0000000003564402,0.9999998251348748,1.5186214822606416,H1+H2,30057.499963614748,30055.740104408596,-1.7598592061525666,229,259,1.5186214822606416,bayes_h1h2_marginal_boundary,measured_graph,0.06166204935538196,0.038327046854616256,0.007607120230976606,47,h1:h1_z;h2:h2_z
2.5118864315095822e-05,1.0000000010670225,0.9999999601878485,0.6501448165363399,H1+H2,30057.751592821707,30056.17434274146,-1.5772500802469966,229,259,0.6501448165363399,bayes_h1h2_marginal_boundary,measured_graph,0.09519305535177595,0.03832254130680582,0.007603397098185209,47,h1:h1_z;h2:h2_z
3.1622776601683795e-05,1.0000000028235936,0.999999993054566,0.16482177034049528,H1+H2,30057.821645218897,30056.417004264556,-1.404640954341429,229,259,0.16482177034049528,bayes_h1h2_marginal_boundary,measured_graph,0.12133660152468259,0.03831591155170168,0.007601488268371807,47,h1:h1_z;h2:h2_z
3.9810717055349695e-05,1.0000000063580206,0.9999999990301371,-0.0,H1+H2,30057.74144697816,30056.499415149727,-1.2420318284358616,229,259,-0.0,bayes_h1h2_marginal_boundary,measured_graph,0.13175964603378712,0.03830642323942427,0.007600527017572199,47,h1:h1_z;h2:h2_z
5.011872336272725e-05,1.000000011654909,0.9999999998926463,0.08025319215812488,H1+H2,30057.54871125618,30056.459288553648,-1.089422702530293,229,259,0.08025319215812488,bayes_h1h2_marginal_boundary,measured_graph,0.12657725121766608,0.038293421691584714,0.007600002456116316,47,h1:h1_z;h2:h2_z
6.309573444801929e-05,1.0000000165072156,0.999999999987292,0.3403158686051029,H1+H2,30057.27607079205,30056.329257215424,-0.9468135766247254,229,259,0.3403158686051029,bayes_h1h2_marginal_boundary,measured_graph,0.11114342286071503,0.03827671458829703,0.007599649089900165,47,h1:h1_z;h2:h2_z
7.943282347242822e-05,1.000000017010364,0.9999999999990716,0.7359096854779636,H1+H2,30056.945664757706,30056.131460306988,-0.8142044507191568,229,259,0.7359096854779636,bayes_h1h2_marginal_boundary,measured_graph,0.09119723299748174,0.03825708095823177,0.007599336534757975,47,h1:h1_z;h2:h2_z
0.0001,1.0000000120041723,0.9999999999997266,1.247424231711193,H1+H2,30056.567298358685,30055.87570303387,-0.6915953248135883,229,259,1.247424231711193,bayes_h1h2_marginal_boundary,measured_graph,0.07061674400319089,0.038236527129933695,0.007598999042145535,47,h1:h1_z;h2:h2_z
0.00012589254117941674,1.0000000055467322,1.0000000000001372,1.8779040097724646,H1+H2,30056.139449343747,30055.56046314484,-0.5789861989080206,229,259,1.8779040097724646,bayes_h1h2_marginal_boundary,measured_graph,0.05152295283681561,0.03821775668266124,0.007598598224493496,47,h1:h1_z;h2:h2_z
0.00015848931924611142,1.000000001658216,0.9999999997471477,2.643564898040495,H1+H2,30055.65400977371,30055.177632700706,-0.47637707300245236,229,259,2.643564898040495,bayes_h1h2_marginal_boundary,measured_graph,0.035134970688803634,0.03820290553164147,0.007598105093442106,47,h1:h1_z;h2:h2_z
0.00019952623149688788,1.000000000329715,0.9999999999569017,3.5582627817057073,H1+H2,30055.10405170597,30054.720283758874,-0.38376794709688455,229,259,3.5582627817057073,bayes_h1h2_marginal_boundary,measured_graph,0.022239011213430644,0.03819255348456027,0.0075974916514809625,47,h1:h1_z;h2:h2_z
0.0002511886431509582,1.0000000000462144,0.9999999999928245,4.620363521076797,H1+H2,30054.49039221038,30054.18923338919,-0.30115882119131615,229,259,4.620363521076797,bayes_h1h2_marginal_boundary,measured_graph,0.01307625040804278,0.03818586382181831,0.007596726845627011,47,h1:h1_z;h2:h2_z
0.00031622776601683794,1.000000023898828,0.9999999999987665,5.809929511349765,H1+H2,30053.823000089338,30053.59445039405,-0.22854969528574837,229,259,5.809929511349765,bayes_h1h2_marginal_boundary,measured_graph,0.0072139355162386155,0.03818145810395291,0.007595774463518429,47,h1:h1_z;h2:h2_z
0.00039810717055349735,1.0000000045754207,0.9999999999997713,7.095093676740362,H1+H2,30053.117808880736,30052.951868311357,-0.16594056938017995,229,259,7.095093676740362,bayes_h1h2_marginal_boundary,measured_graph,0.003794044350359202,0.038178133468605394,0.007594592118912808,47,h1:h1_z;h2:h2_z
0.0005011872336272725,1.000000000792789,0.9999999999999656,8.440713639894966,H1+H2,30052.392389773253,30052.27905832978,-0.11333144347461188,229,259,8.440713639894966,bayes_h1h2_marginal_boundary,measured_graph,0.001935997271436901,0.03817508828976533,0.007593131294504025,47,h1:h1_z;h2:h2_z
0.000630957344480193,1.0000000001274867,0.9999999999999802,9.81438557754882,H1+H2,30051.662944678523,30051.592222360952,-0.07072231756904392,229,259,9.81438557754882,bayes_h1h2_marginal_boundary,measured_graph,0.0009741271990537357,0.0381718622132567,0.007591339146336583,47,h1:h1_z;h2:h2_z
0.0007943282347242822,1.0000000000194171,1.0,11.189367912185844,H1+H2,30050.942844385296,30050.904731193634,-0.03811319166347554,229,259,11.189367912185844,bayes_h1h2_marginal_boundary,measured_graph,0.0004898262431046853,0.03816821146158969,0.0075891637265588004,47,h1:h1_z;h2:h2_z
0.001,1.0000000000028804,0.9999999999999973,12.546161002741428,H1+H2,30050.241838714115,30050.226334648356,-0.015504065757907535,229,259,12.546161002741428,bayes_h1h2_marginal_boundary,measured_graph,0.0002485525214257416,0.03816402823988426,0.007586565904567409,47,h1:h1_z;h2:h2_z
0.0012589254117941675,1.0000000000004445,0.9999999999999982,13.875009803341527,H1+H2,30049.564805187907,30049.561910248056,-0.0028949398523394052,229,259,13.875009803341527,bayes_h1h2_marginal_boundary,measured_graph,0.0001278975786387537,0.03815931853091376,0.007583544137011836,47,h1:h1_z;h2:h2_z
0.001584893192461114,1.0000000000000828,0.9999999999999989,15.1816518413616,H1+H2,30048.90887504299,30048.908589229046,-0.0002858139467712683,229,259,15.1816518413616,bayes_h1h2_marginal_boundary,measured_graph,6.6547019483864e-05,0.03815423211157414,0.007580183051245231,47,h1:h1_z;h2:h2_z
0.0019952623149688807,1.000000000000025,1.0000000000000027,16.49918214775971,H1+H2,30048.257500763888,30048.249824075847,-0.007676688041203171,229,259,16.49918214775971,bayes_h1h2_marginal_boundary,measured_graph,3.443741451274046e-05,0.03814914303881692,0.007576743745147291,47,h1:h1_z;h2:h2_z
0.002511886431509582,1.0000000000000133,1.0000000000000029,17.909613124684256,H1+H2,30047.56967614952,30047.544608587385,-0.025067562135635053,229,259,17.909613124684256,bayes_h1h2_marginal_boundary,measured_graph,1.7012155467725823e-05,0.03814478732032616,0.007573820075417202,47,h1:h1_z;h2:h2_z
0.0031622776601683794,1.0000000000000109,1.0000000000000013,19.57805551392812,H1+H2,30046.76284582899,30046.710387392763,-0.05245843623006681,229,259,19.57805551392812,bayes_h1h2_marginal_boundary,measured_graph,7.386890842299273e-06,0.03814246667673198,0.007572579734087204,47,h1:h1_z;h2:h2_z
0.003981071705534973,1.0000000000000104,1.0000000000000024,21.796635031394544,H1+H2,30045.690946944353,30045.60109763403,-0.08984931032449865,229,259,21.796635031394544,bayes_h1h2_marginal_boundary,measured_graph,2.4361457084755807e-06,0.03814431311691123,0.007575064935932308,47,h1:h1_z;h2:h2_z
0.005011872336272725,1.0000000000000098,0.9999999999999987,25.0198405499832,H1+H2,30044.126735059155,30043.989494874735,-0.13724018441893068,229,259,25.0198405499832,bayes_h1h2_marginal_boundary,measured_graph,4.861755061088453e-07,0.03815356184782998,0.007584415325603687,47,h1:h1_z;h2:h2_z
0.006309573444801936,1.0000000000000098,1.0000000000000009,29.85272929835628,H1+H2,30041.76768155906,30041.57305050055,-0.19463105851336257,229,259,29.85272929835628,bayes_h1h2_marginal_boundary,measured_graph,4.3385501054513815e-08,0.03817468432048129,0.007604736268338766,47,h1:h1_z;h2:h2_z
0.00794328234724282,1.0000000000000098,1.0000000000000007,36.95576113813149,H1+H2,30038.28355651327,30038.02153458066,-0.26202193260779433,229,259,36.95576113813149,bayes_h1h2_marginal_boundary,measured_graph,1.244345126002536e-09,0.03821312008577999,0.007640376339682998,47,h1:h1_z;h2:h2_z
0.01,1.0000000000000098,1.0,46.88369439640519,H1+H2,30033.396980758225,30033.057567951524,-0.3394128067022262,229,259,46.88369439640519,bayes_h1h2_marginal_boundary,measured_graph,8.691956329491612e-12,0.03827438866456249,0.007694790568723147,47,h1:h1_z;h2:h2_z
0.012589254117941675,1.0000000000000093,1.0,59.94140918859921,H1+H2,30026.955514236222,30026.528710555427,-0.42680368079665804,229,259,59.94140918859921,bayes_h1h2_marginal_boundary,measured_graph,1.2696113475119912e-14,0.03836286919478458,0.0077695889766426435,47,h1:h1_z;h2:h2_z
0.01584893192461114,1.00000000000001,0.9999999999999982,76.12644372924115,H1+H2,30018.960387839998,30018.436193285106,-0.5241945548910899,229,259,76.12644372924115,bayes_h1h2_marginal_boundary,measured_graph,3.882712198666679e-18,0.03848140542724508,0.00786410986134313,47,h1:h1_z;h2:h2_z
0.01995262314968881,1.0000000000000109,0.9999999999999976,95.14849817484355,H1+H2,30009.55675149129,30008.925166062305,-0.6315854289855218,229,259,95.14849817484355,bayes_h1h2_marginal_boundary,measured_graph,2.874408974083476e-22,0.0386327673870034,0.007975240290695976,47,h1:h1_z;h2:h2_z
0.025118864315095822,1.0000000000000127,0.9999999999999978,116.47372172120959,H1+H2,29999.0115305922,29998.262554289122,-0.7489763030799538,229,259,116.47372172120959,bayes_h1h2_marginal_boundary,measured_graph,6.727211847516874e-27,0.0388215981606369,0.008097298255417933,47,h1:h1_z;h2:h2_z
0.03162277660168379,1.0000000000000155,0.9999999999999998,139.35952320525394,H1+H2,29987.696020724274,29986.8196535471,-0.8763671771743852,229,259,139.35952320525394,bayes_h1h2_marginal_boundary,measured_graph,7.215168121513779e-32,0.039053359814792576,0.008222364854394251,47,h1:h1_z;h2:h2_z
0.039810717055349734,1.0000000000000198,1.0000000000000009,162.88970002606948,H1+H2,29976.06832318796,29975.054565136692,-1.0137580512688171,229,259,162.88970002606948,bayes_h1h2_marginal_boundary,measured_graph,5.607037741070477e-37,0.03932929863784967,0.008341441588841017,47,h1:h1_z;h2:h2_z
0.05011872336272725,1.0000000000000242,0.9999999999999969,186.05733316437545,H1+H2,29964.6318974929,29963.47074856754,-1.1611489253632492,229,259,186.05733316437545,bayes_h1h2_marginal_boundary,measured_graph,5.2233107492524077e-42,0.039641571420993095,0.00844619732954269,47,h1:h1_z;h2:h2_z
0.06309573444801936,1.0000000000000293,1.0000000000000007,207.9236571439542,H1+H2,29953.856126377206,29952.53758657775,-1.3185397994576809,229,259,207.9236571439542,bayes_h1h2_marginal_boundary,measured_graph,9.326827446829205e-47,0.039973786042216394,0.008530587878530328,47,h1:h1_z;h2:h2_z
0.07943282347242822,1.000000000000036,1.0,227.81290468030784,H1+H2,29944.078893483125,29942.592962809573,-1.4859306735521132,229,259,227.81290468030784,bayes_h1h2_marginal_boundary,measured_graph,4.4754706661050624e-51,0.04030745570874611,0.00859178612326179,47,h1:h1_z;h2:h2_z
0.1,1.0000000000000464,1.0,245.45958379169315,H1+H2,29935.432944801527,29933.76962325388,-1.663321547646544,229,259,245.45958379169315,bayes_h1h2_marginal_boundary,measured_graph,6.590388760499102e-55,0.04062930296125201,0.008630463519120642,47,h1:h1_z;h2:h2_z
1e-05,1.0000000085601604,0.999993290547931,31.024072640488157,H1+H2,22433.320142944143,22430.952456360275,-2.3676865838692702,173,195,31.024072640488157,bayes_h1h2_marginal_boundary,measured_graph,2.933478350722527e-08,0.05476689687346713,0.01232439459593688,48,h1:h1_z;h2:h2_z
1.2589254117941661e-05,1.0000000250221963,0.9999990462186401,21.496976574322616,H1+H2,22437.87108185132,22435.716004393358,-2.155077457963703,173,195,21.496976574322616,bayes_h1h2_marginal_boundary,measured_graph,3.4368890505067764e-06,0.05475246167893106,0.01224032164380913,48,h1:h1_z;h2:h2_z
1.584893192461114e-05,1.0000000653614272,0.9999999153652736,14.137488865373598,H1+H2,22441.348216579892,22439.395748247833,-1.952468332058134,173,195,14.137488865373598,bayes_h1h2_marginal_boundary,measured_graph,0.00013622535969446675,0.05473068098898035,0.01219654293170003,48,h1:h1_z;h2:h2_z
1.9952623149688786e-05,1.000000148959279,0.9999999946505597,8.868890073528746,H1+H2,22443.789906849906,22442.030047643755,-1.7598592061525666,173,195,8.868890073528746,bayes_h1h2_marginal_boundary,measured_graph,0.0018981024713487407,0.054698553579229314,0.01217556743523258,48,h1:h1_z;h2:h2_z
2.5118864315095822e-05,1.000000287679119,0.9999998873004206,5.306323023032746,H1+H2,22445.38858124925,22443.811331169003,-1.5772500802469966,173,195,5.306323023032746,bayes_h1h2_marginal_boundary,measured_graph,0.011269931084680863,0.05465280965382584,0.012166103250141874,48,h1:h1_z;h2:h2_z
3.1622776601683795e-05,1.0000004520784505,0.9999999898319452,2.9959501807170454,H1+H2,22446.3711585445,22444.96651759016,-1.404640954341429,173,195,2.9959501807170454,bayes_h1h2_marginal_boundary,measured_graph,0.03577769427424135,0.05459104193696012,0.012162009579796131,48,h1:h1_z;h2:h2_z
3.9810717055349695e-05,1.0000005467626185,0.9999999991199939,1.5425546473124996,H1+H2,22446.935247185298,22445.693215356863,-1.2420318284358616,173,195,1.5425546473124996,bayes_h1h2_marginal_boundary,measured_graph,0.07399684084121692,0.05451375082671642,0.012160292347667495,48,h1:h1_z;h2:h2_z
5.011872336272725e-05,1.000000476383348,0.999999999923287,0.6578558406836237,H1+H2,22447.22498746271,22446.135564760178,-1.089422702530293,173,195,0.6578558406836237,bayes_h1h2_marginal_boundary,measured_graph,0.1151656819651022,0.054426507709948085,0.012159589106393042,48,h1:h1_z;h2:h2_z
6.309573444801929e-05,1.000000281288893,0.9999999999898473,0.16846143329894403,H1+H2,22447.327075540496,22446.38026196387,-0.9468135766247254,173,195,0.16846143329894403,bayes_h1h2_marginal_boundary,measured_graph,0.1470935836905055,0.05433996469450509,0.012159309308691696,48,h1:h1_z;h2:h2_z
7.943282347242822e-05,1.0000001086740735,1.0000000000048566,-0.0,H1+H2,22447.278697131238,22446.46449268052,-0.8142044507191568,173,195,-0.0,bayes_h1h2_marginal_boundary,measured_graph,0.16002014676916862,0.05426582867011409,0.012159205076038869,48,h1:h1_z;h2:h2_z
0.0001,1.0000000276264385,0.9999999981560167,0.1397972737249802,H1+H2,22447.08618936847,22446.394594043657,-0.6915953248135883,173,195,0.1397972737249802,bayes_h1h2_marginal_boundary,measured_graph,0.14921692023668273,0.05421101449047798,0.012159175001314752,48,h1:h1_z;h2:h2_z
0.00012589254117941674,1.0000000048346898,0.9999999996978769,0.5897982436072198,H1+H2,22446.748579757623,22446.169593558716,-0.5789861989080206,173,195,0.5897982436072198,bayes_h1h2_marginal_boundary,measured_graph,0.11915207314056168,0.054175207915500914,0.012159178926744191,48,h1:h1_z;h2:h2_z
0.00015848931924611142,1.0000000006241854,0.9999999999505981,1.3336349830424297,H1+H2,22446.274052262,22445.797675189,-0.47637707300245236,173,195,1.3336349830424297,bayes_h1h2_marginal_boundary,measured_graph,0.08214469234575782,0.054153375617610015,0.01215920237545913,48,h1:h1_z;h2:h2_z
0.00019952623149688788,1.0000000000637235,0.9999999999925429,2.3304687320633093,H1+H2,22445.683026261584,22445.299258314488,-0.38376794709688455,173,195,2.3304687320633093,bayes_h1h2_marginal_boundary,measured_graph,0.04990221340476005,0.05413968811997332,0.012159242010110616,48,h1:h1_z;h2:h2_z
0.0002511886431509582,1.0000000256604675,0.9999999999989846,3.5264030181715498,H1+H2,22445.002449992626,22444.701291171434,-0.30115882119131615,173,195,3.5264030181715498,bayes_h1h2_marginal_boundary,measured_graph,0.027442645691222484,0.054129701939163194,0.012159300192565973,48,h1:h1_z;h2:h2_z
0.00031622776601683794,1.0000000046670092,0.9999999999993288,4.867955065325077,H1+H2,22444.259064843143,22444.030515147857,-0.22854969528574837,173,195,4.867955065325077,bayes_h1h2_marginal_boundary,measured_graph,0.014031744007043281,0.05412064792156331,0.012159383376423303,48,h1:h1_z;h2:h2_z
0.00039810717055349735,1.000000000816206,1.0000000000006155,6.309861814617761,H1+H2,22443.47550234259,22443.30956177321,-0.16594056938017995,173,195,6.309861814617761,bayes_h1h2_marginal_boundary,measured_graph,0.0068234746207847564,0.05411091919273427,0.012159502394350851,48,h1:h1_z;h2:h2_z
0.0005011872336272725,1.000000000140332,1.00000000000011,7.817197765529272,H1+H2,22442.66922524123,22442.555893797755,-0.11333144347461188,173,195,7.817197765529272,bayes_h1h2_marginal_boundary,measured_graph,0.0032113802907870566,0.05409954024663716,0.012159674004087814,48,h1:h1_z;h2:h2_z
0.000630957344480193,1.0000000000242018,1.0000000000000515,9.36445818701759,H1+H2,22441.85298590458,22441.78226358701,-0.07072231756904392,173,195,9.36445818701759,bayes_h1h2_marginal_boundary,measured_graph,0.0014815230272429904,0.054085819263629854,0.01215992372635565,48,h1:h1_z;h2:h2_z
0.0007943282347242822,1.0000000000043319,0.9999999999999549,10.933834860778006,H1+H2,22441.035688441792,22440.99757525013,-0.03811319166347554,173,195,10.933834860778006,bayes_h1h2_marginal_boundary,measured_graph,0.0006759624811243337,0.0540691758964053,0.012160290498279214,48,h1:h1_z;h2:h2_z
0.001,1.0000000000007956,0.9999999999999944,12.513903207283875,H1+H2,22440.223045142637,22440.207541076878,-0.015504065757907535,173,195,12.513903207283875,bayes_h1h2_marginal_boundary,measured_graph,0.00030677157030283394,0.054049082006582726,0.012160834332017234,48,h1:h1_z;h2:h2_z
0.0012589254117941675,1.000000000000151,0.9999999999999624,14.099401265732013,H1+H2,22439.417686987505,22439.414792047653,-0.0028949398523394052,173,195,14.099401265732013,bayes_h1h2_marginal_boundary,measured_graph,0.00013884446790653904,0.05402507762894658,0.012161649499414541,48,h1:h1_z;h2:h2_z
0.001584893192461114,1.0000000000000757,0.9999999999999938,15.692544013421866,H1+H2,22438.618506487754,22438.61822067381,-0.0002858139467712683,173,195,15.692544013421866,bayes_h1h2_marginal_boundary,measured_graph,6.2601109205415e-05,0.053996850689184125,0.01216288874707762,48,h1:h1_z;h2:h2_z
0.0019952623149688807,1.00000000000002,0.9999999999999957,17.30671586283279,H1+H2,22437.818811437144,22437.811134749103,-0.007676688041203171,173,195,17.30671586283279,bayes_h1h2_marginal_boundary,measured_graph,2.792987968404389e-05,0.053964386452549966,0.012164810671104472,48,h1:h1_z;h2:h2_z
0.002511886431509582,1.0000000000000098,1.0000000000000062,18.973962703021243,H1+H2,22437.002578891144,22436.97751132901,-0.025067562135635053,173,195,18.973962703021243,bayes_h1h2_marginal_boundary,measured_graph,1.2134755032101024e-05,0.05392819869682871,0.01216787586696262,48,h1:h1_z;h2:h2_z
0.0031622776601683794,1.0000000000000069,0.9999999999999982,20.75883441539918,H1+H2,22436.13753390905,22436.08507547282,-0.05245843623006681,173,195,20.75883441539918,bayes_h1h2_marginal_boundary,measured_graph,4.971083358325287e-06,0.053889643089563455,0.012172940272720032,48,h1:h1_z;h2:h2_z
0.003981071705534973,1.0000000000000062,1.0000000000000073,22.781990118834074,H1+H2,22435.163346931426,22435.073497621102,-0.08984931032449865,173,195,22.781990118834074,bayes_h1h2_marginal_boundary,measured_graph,1.8077083609583798e-06,0.053851271006297274,0.01218161942845196,48,h1:h1_z;h2:h2_z
0.005011872336272725,1.0000000000000013,0.9999999999999977,25.255818975390866,H1+H2,22433.973823377244,22433.836583192824,-0.13724018441893068,173,195,25.255818975390866,bayes_h1h2_marginal_boundary,measured_graph,5.247388944041863e-07,0.05381709867399049,0.012196894095383824,48,h1:h1_z;h2:h2_z
0.006309573444801936,1.0000000000000029,1.000000000000002,28.52884374342102,H1+H2,22432.39470186732,22432.20007080881,-0.19463105851336257,173,195,28.52884374342102,bayes_h1h2_marginal_boundary,measured_graph,1.02144493201522e-07,0.05379257822832991,0.012223946552395754,48,h1:h1_z;h2:h2_z
0.00794328234724282,1.0000000000000029,0.9999999999999969,33.12768180647254,H1+H2,22430.162673709892,22429.900651777283,-0.26202193260779433,173,195,33.12768180647254,bayes_h1h2_marginal_boundary,measured_graph,1.0246840143175874e-08,0.05378413462270099,0.012271067192310985,48,h1:h1_z;h2:h2_z
0.01,1.0000000000000002,1.0000000000000022,39.78510812463355,H1+H2,22426.911351424904,22426.571938618203,-0.3394128067022262,173,195,39.78510812463355,bayes_h1h2_marginal_boundary,measured_graph,3.672384994488017e-10,0.05379868178270485,0.01235038817857083,48,h1:h1_z;h2:h2_z
0.012589254117941675,0.9999999999999999,0.9999999999999943,49.45347450933332,H1+H2,22422.164559106648,22421.737755425853,-0.42680368079665804,173,195,49.45347450933332,bayes_h1h2_marginal_boundary,measured_graph,2.920714584014654e-12,0.05384451402601061,0.012478247642634197,48,h1:h1_z;h2:h2_z
0.01584893192461114,1.0000000000000056,0.9999999999999994,63.29687884977466,H1+H2,22415.340247810524,22414.816053255632,-0.5241945548910899,173,195,63.29687884977466,bayes_h1h2_marginal_boundary,measured_graph,2.880262441898691e-15,0.053935115062259655,0.01267487713411869,48,h1:h1_z;h2:h2_z
0.01995262314968881,1.0000000000000007,0.9999999999999971,82.60499985764909,H1+H2,22405.79357818068,22405.161992751695,-0.6315854289855218,173,195,82.60499985764909,bayes_h1h2_marginal_boundary,measured_graph,1.8481059127925522e-19,0.054095088742110574,0.012962561013751242,48,h1:h1_z;h2:h2_z
0.025118864315095822,1.0000000000000098,0.9999999999999997,108.53151911216264,H1+H2,22392.947709427517,22392.198733124438,-0.7489763030799538,173,195,108.53151911216264,bayes_h1h2_marginal_boundary,measured_graph,4.333658976538543e-25,0.0543642501183264,0.013360947590208897,48,h1:h1_z;h2:h2_z
0.03162277660168379,0.9999999999999993,0.9999999999999964,141.65375370661786,H1+H2,22376.513983004384,22375.63761582721,-0.8763671771743852,173,195,141.65375370661786,bayes_h1h2_marginal_boundary,measured_graph,2.782613428044604e-32,0.05479639534212853,0.013879129446291317,48,h1:h1_z;h2:h2_z
0.039810717055349734,1.0000000000000062,1.0000000000000016,181.56024881072517,H1+H2,22356.698126326424,22355.684368275157,-1.0137580512688171,173,195,181.56024881072517,bayes_h1h2_marginal_boundary,measured_graph,6.009904468673526e-41,0.05545246796026427,0.01450707278314883,48,h1:h1_z;h2:h2_z
0.05011872336272725,1.000000000000006,0.9999999999999964,226.74689197191765,H1+H2,22334.252195619923,22333.09104669456,-1.1611489253632492,173,195,226.74689197191765,bayes_h1h2_marginal_boundary,measured_graph,9.262168517241695e-51,0.0563873062081154,0.015211911471181998,48,h1:h1_z;h2:h2_z
0.06309573444801936,1.0000000000000007,0.9999999999999994,274.9057707126922,H1+H2,22310.33014712363,22309.011607324173,-1.3185397994576809,173,195,274.9057707126922,bayes_h1h2_marginal_boundary,measured_graph,3.229572456041674e-61,0.05762733296027703,0.015944059687365952,48,h1:h1_z;h2:h2_z
0.07943282347242822,1.000000000000003,1.000000000000001,323.45829060358665,H1+H2,22286.22127805228,22284.735347378726,-1.4859306735521132,173,195,323.45829060358665,bayes_h1h2_marginal_boundary,measured_graph,9.249096207099266e-72,0.0591458478240721,0.01665241323293015,48,h1:h1_z;h2:h2_z
0.1,0.999999999999999,1.0,370.1096773654863,H1+H2,22263.072975545423,22261.409653997776,-1.663321547646544,173,195,370.1096773654863,bayes_h1h2_marginal_boundary,measured_graph,6.852978589870258e-82,0.0608580049287163,0.017299827226925045,48,h1:h1_z;h2:h2_z
1e-05,1.0000000084096614,0.9999999039034282,7.9938807734361035,H1+H2,15062.076059592786,15059.708373008916,-2.3676865838692702,120,128,7.9938807734361035,bayes_h1h2_marginal_boundary,measured_graph,0.003262932558570906,0.07196687527888374,0.011542918433901839,49,h1:h1_z;h2:h2_z
1.2589254117941661e-05,1.0000000320048328,0.9999999863645098,7.375834849826788,H1+H2,15062.172473428685,15060.01739597072,-2.155077457963703,120,128,7.375834849826788,bayes_h1h2_marginal_boundary,measured_graph,0.004444419706245357,0.07186499247556716,0.011538496698320714,49,h1:h1_z;h2:h2_z
1.584893192461114e-05,1.000000105153616,0.999999998465859,6.924129015380458,H1+H2,15062.195717220002,15060.243248887944,-1.952468332058134,120,128,6.924129015380458,bayes_h1h2_marginal_boundary,measured_graph,0.005570596990899684,0.07171209186567988,0.011536485677988527,49,h1:h1_z;h2:h2_z
1.9952623149688786e-05,1.0000002872679064,0.9999999998741009,6.513814920224831,H1+H2,15062.208265141675,15060.448405935522,-1.7598592061525666,120,128,6.513814920224831,bayes_h1h2_marginal_boundary,measured_graph,0.006839121416255181,0.07149004580314867,0.011535626431085376,49,h1:h1_z;h2:h2_z
2.5118864315095822e-05,1.0000006142896958,1.0000000000183737,6.01670836116682,H1+H2,15062.274209295298,15060.69695921505,-1.5772500802469966,120,128,6.01670836116682,bayes_h1h2_marginal_boundary,measured_graph,0.00876891038303346,0.0711833412123219,0.011535288032554606,49,h1:h1_z;h2:h2_z
3.1622776601683795e-05,1.0000009422599017,0.9999999999730907,5.321490028643893,H1+H2,15062.449209335653,15061.044568381312,-1.404640954341429,120,128,5.321490028643893,bayes_h1h2_marginal_boundary,measured_graph,0.012413960936523187,0.07079006517105563,0.011535180157845512,49,h1:h1_z;h2:h2_z
3.9810717055349695e-05,1.0000009324347192,1.0000000000167344,4.367348300260346,H1+H2,15062.76367107394,15061.521639245504,-1.2420318284358616,120,128,4.367348300260346,bayes_h1h2_marginal_boundary,measured_graph,0.020003206494946007,0.07033603785285215,0.011535177303993045,49,h1:h1_z;h2:h2_z
5.011872336272725e-05,1.0000005387201325,0.9999999992233228,3.1902081918342446,H1+H2,15063.199632002248,15062.110209299717,-1.089422702530293,120,128,3.1902081918342446,bayes_h1h2_marginal_boundary,measured_graph,0.03603398927881259,0.06987884954323562,0.011535228593734539,49,h1:h1_z;h2:h2_z
6.309573444801929e-05,1.0000001714628302,0.9999999998752532,1.9479034116120602,H1+H2,15063.678175266454,15062.731361689828,-0.9468135766247254,120,128,1.9479034116120602,bayes_h1h2_marginal_boundary,measured_graph,0.06706183000765316,0.06948642736907237,0.011535315879313984,49,h1:h1_z;h2:h2_z
7.943282347242822e-05,1.0000021243381043,0.9999999999844339,0.8770255921517673,H1+H2,15064.081005050277,15063.266800599558,-0.8142044507191568,120,128,0.8770255921517673,bayes_h1h2_marginal_boundary,measured_graph,0.11455487198445634,0.06920077633585482,0.011535435587996384,49,h1:h1_z;h2:h2_z
0.0001,1.0000003800154502,0.9999999999979726,0.19101733534989762,H1+H2,15064.301400052773,15063.60980472796,-0.6915953248135883,120,128,0.19101733534989762,bayes_h1h2_marginal_boundary,measured_graph,0.16142781356434016,0.06902235482227886,0.011535591239653456,49,h1:h1_z;h2:h2_z
0.00012589254117941674,1.0000000501635633,1.0000000000001121,-0.0,H1+H2,15064.284299594543,15063.705313395634,-0.5789861989080206,120,128,-0.0,bayes_h1h2_marginal_boundary,measured_graph,0.17760584402818985,0.06892429596200357,0.011535790744216028,49,h1:h1_z;h2:h2_z
0.00015848931924611142,1.0000000052818079,0.9999999999992975,0.3023324767855229,H1+H2,15064.030524230244,15063.554147157241,-0.47637707300245236,120,128,0.3023324767855229,bayes_h1h2_marginal_boundary,measured_graph,0.15268859144012378,0.06887579555879936,0.011536045794821656,49,h1:h1_z;h2:h2_z
0.00019952623149688788,1.0000000004752148,0.9999999999987066,1.027288177076116,H1+H2,15063.575437254192,15063.191669307096,-0.38376794709688455,120,128,1.027288177076116,bayes_h1h2_marginal_boundary,measured_graph,0.10626358378731515,0.0688539633426559,0.011536372330191178,49,h1:h1_z;h2:h2_z
0.0002511886431509582,1.000000000038731,1.0000000000006781,2.0821905155244167,H1+H2,15062.965376959064,15062.664218137872,-0.30115882119131615,120,128,2.0821905155244167,bayes_h1h2_marginal_boundary,measured_graph,0.06270689927182693,0.06884528185897024,0.011536791719373668,49,h1:h1_z;h2:h2_z
0.00031622776601683794,1.0000000165291296,0.9999999999997521,3.3816708641716104,H1+H2,15062.243027658835,15062.014477963548,-0.22854969528574837,120,128,3.3816708641716104,bayes_h1h2_marginal_boundary,measured_graph,0.032744378663789736,0.06884284055388536,0.011537332658731775,49,h1:h1_z;h2:h2_z
0.00039810717055349735,1.0000000029219447,0.9999999999998288,4.858975579227263,H1+H2,15061.441766175401,15061.27582560602,-0.16594056938017995,120,128,4.858975579227263,bayes_h1h2_marginal_boundary,measured_graph,0.0156438668556391,0.06884345420563143,0.011538033968662731,49,h1:h1_z;h2:h2_z
0.0005011872336272725,1.0000000005182177,0.9999999999999499,6.466897819449514,H1+H2,15060.585195929383,15060.47186448591,-0.11333144347461188,120,128,6.466897819449514,bayes_h1h2_marginal_boundary,measured_graph,0.007001453888569525,0.06884579201874194,0.011538948643946709,49,h1:h1_z;h2:h2_z
0.000630957344480193,1.0000000000936755,0.9999999999998574,8.174618833400018,H1+H2,15059.688726296503,15059.618003978934,-0.07072231756904392,120,128,8.174618833400018,bayes_h1h2_marginal_boundary,measured_graph,0.0029809955409784684,0.0688493977658902,0.01154014969108117,49,h1:h1_z;h2:h2_z
0.0007943282347242822,1.0000000000175853,0.9999999999999473,9.963926329015521,H1+H2,15058.76146342279,15058.723350231126,-0.03811319166347554,120,128,9.963926329015521,bayes_h1h2_marginal_boundary,measured_graph,0.0012184792576387924,0.06885422628642465,0.011541738491420844,49,h1:h1_z;h2:h2_z
0.001,1.0000000000034623,1.0000000000000377,11.826109719819215,H1+H2,15057.807762601482,15057.792258535725,-0.015504065757907535,120,128,11.826109719819215,bayes_h1h2_marginal_boundary,measured_graph,0.0004802309599079457,0.06886044679714158,0.011543856624364267,49,h1:h1_z;h2:h2_z
0.0012589254117941675,1.0000000000007598,0.9999999999999376,13.759898830157908,H1+H2,15056.828258920408,15056.825363980555,-0.0028949398523394052,120,128,13.759898830157908,bayes_h1h2_marginal_boundary,measured_graph,0.00018261362818814395,0.06886837008576331,0.011546702140108634,49,h1:h1_z;h2:h2_z
0.001584893192461114,1.000000000000185,1.0000000000000346,15.7703061914508,H1+H2,15055.820446113856,15055.820160299909,-0.0002858139467712683,120,128,15.7703061914508,bayes_h1h2_marginal_boundary,measured_graph,6.683112524720669e-05,0.06887843309543046,0.011550550855237483,49,h1:h1_z;h2:h2_z
0.0019952623149688807,1.000000000000054,0.9999999999999661,17.868183194088488,H1+H2,15054.778898486631,15054.77122179859,-0.007676688041203171,120,128,17.868183194088488,bayes_h1h2_marginal_boundary,measured_graph,2.341157170689068e-05,0.06889121199932893,0.011555781652587555,49,h1:h1_z;h2:h2_z
0.002511886431509582,1.0000000000000122,0.9999999999999544,20.069995573867345,H1+H2,15053.695383170836,15053.6703156087,-0.025067562135635053,120,128,20.069995573867345,bayes_h1h2_marginal_boundary,measured_graph,7.785976474177371e-06,0.06890745218618304,0.011562900793272305,49,h1:h1_z;h2:h2_z
0.0031622776601683794,1.0000000000000029,1.0000000000000155,22.39733318544677,H1+H2,15052.559105239141,15052.50664680291,-0.05245843623006681,120,128,22.39733318544677,bayes_h1h2_marginal_boundary,measured_graph,2.431857629380509e-06,0.0689281108623866,0.011572552594435391,49,h1:h1_z;h2:h2_z
0.003981071705534973,1.000000000000001,0.9999999999999963,24.875170595030795,H1+H2,15051.357577408444,15051.267728098119,-0.08984931032449865,120,128,24.875170595030795,bayes_h1h2_marginal_boundary,measured_graph,7.045025817795171e-07,0.068954410430931,0.011585493371137574,49,h1:h1_z;h2:h2_z
0.005011872336272725,1.0000000000000004,0.9999999999999533,27.52792721779406,H1+H2,15050.078589971155,15049.941349786737,-0.13724018441893068,120,128,27.52792721779406,bayes_h1h2_marginal_boundary,measured_graph,1.8700094767978279e-07,0.0689879011015535,0.01160250080432756,49,h1:h1_z;h2:h2_z
0.006309573444801936,1.0000000000000013,0.9999999999998601,30.373340251218906,H1+H2,15048.713274328538,15048.518643270025,-0.19463105851336257,120,128,30.373340251218906,bayes_h1h2_marginal_boundary,measured_graph,4.507857904507957e-08,0.06903053216381491,0.01162421145798615,49,h1:h1_z;h2:h2_z
0.00794328234724282,0.9999999999999993,0.9999999999999631,33.41615065261067,H1+H2,15047.259260001936,15046.997238069329,-0.26202193260779433,120,128,33.41615065261067,bayes_h1h2_marginal_boundary,measured_graph,9.845376629142679e-09,0.0690847397600763,0.011650933390918656,49,h1:h1_z;h2:h2_z
0.01,0.9999999999999986,0.9999999999999533,36.64465987245421,H1+H2,15045.72239626611,15045.382983459407,-0.3394128067022262,120,128,36.64465987245421,bayes_h1h2_marginal_boundary,measured_graph,1.959613690863204e-09,0.06915359027857404,0.011682503243744377,49,h1:h1_z;h2:h2_z
0.012589254117941675,1.0000000000000004,1.0000000000000075,40.02881965259803,H1+H2,15044.117707250132,15043.690903569335,-0.42680368079665804,120,128,40.02881965259803,bayes_h1h2_marginal_boundary,measured_graph,3.6083570582740293e-10,0.06924109561120234,0.01171812340589302,49,h1:h1_z;h2:h2_z
0.01584893192461114,0.9999999999999999,0.9999999999997977,43.511696362391376,H1+H2,15042.47365976933,15041.949465214439,-0.5241945548910899,120,128,43.511696362391376,bayes_h1h2_marginal_boundary,measured_graph,6.324299631832584e-11,0.06935294016910439,0.011755914436118366,49,h1:h1_z;h2:h2_z
0.01995262314968881,0.9999999999999993,0.9999999999999364,46.99164823940373,H1+H2,15040.841074704918,15040.209489275932,-0.6315854289855218,120,128,46.99164823940373,bayes_h1h2_marginal_boundary,measured_graph,1.1100703146298615e-11,0.06949793528812016,0.011792093044021776,49,h1:h1_z;h2:h2_z
0.025118864315095822,0.9999999999999996,1.000000000000009,50.315002819199435,H1+H2,15039.296788289115,15038.547811986035,-0.7489763030799538,120,128,50.315002819199435,bayes_h1h2_marginal_boundary,measured_graph,2.1071391258112753e-12,0.06969033720639581,0.01182035453204599,49,h1:h1_z;h2:h2_z
0.03162277660168379,1.0000000000000002,1.0000000000000049,53.312574712497735,H1+H2,15037.92539321656,15037.049026039385,-0.8763671771743852,120,128,53.312574712497735,bayes_h1h2_marginal_boundary,measured_graph,4.707374441931639e-13,0.06995263244597352,0.01183247881527293,49,h1:h1_z;h2:h2_z
0.039810717055349734,1.0,1.0000000000000067,55.89876281380566,H1+H2,15036.76969004,15035.755931988731,-1.0137580512688171,120,128,55.89876281380566,bayes_h1h2_marginal_boundary,measured_graph,1.2917995659581363e-13,0.0703177161575019,0.011820837148181057,49,h1:h1_z;h2:h2_z
0.05011872336272725,0.9999999999999979,1.000000000000042,58.22038341190273,H1+H2,15035.756270615046,15034.595121689683,-1.1611489253632492,120,128,58.22038341190273,bayes_h1h2_marginal_boundary,measured_graph,4.046333055416626e-14,0.07082868379938843,0.011782657637450867,49,h1:h1_z;h2:h2_z
0.06309573444801936,0.9999999999999977,1.000000000000023,60.792751059449074,H1+H2,15034.627477665368,15033.30893786591,-1.3185397994576809,120,128,60.792751059449074,bayes_h1h2_marginal_boundary,measured_graph,1.1180959889571758e-14,0.07153364911452745,0.011724638241049476,49,h1:h1_z;h2:h2_z
0.07943282347242822,1.0000000000000047,1.0000000000000009,64.5004247749057,H1+H2,15032.941031681734,15031.455101008181,-1.4859306735521132,120,128,64.5004247749057,bayes_h1h2_marginal_boundary,measured_graph,1.7513299383091587e-15,0.07247267015026024,0.01166492789493867,49,h1:h1_z;h2:h2_z
0.1,0.9999999999999989,0.9999999999999978,70.35010735559263,H1+H2,15030.193581265485,15028.530259717838,-1.663321547646544,120,128,70.35010735559263,bayes_h1h2_marginal_boundary,measured_graph,9.399949902130318e-17,0.07365558633958211,0.011629789562435279,49,h1:h1_z;h2:h2_z
1e-05,1.000000160054963,0.9999999924973303,16.555768298676412,H1+H2,26708.22159152224,26705.853904938373,-2.3676865838692702,190,233,16.555768298676412,bayes_h1h2_marginal_boundary,measured_graph,5.2826699436446314e-05,0.023404950182887546,0.002981338472215301,50,h1:h1_z;h2:h2_z
1.2589254117941661e-05,1.0000003700594384,0.999999999142093,14.569991749885958,H1+H2,26709.00187067073,26706.846793212768,-2.155077457963703,190,233,14.569991749885958,bayes_h1h2_marginal_boundary,measured_graph,0.0001425802513337165,0.02329501602835761,0.0029812555699023345,50,h1:h1_z;h2:h2_z
1.584893192461114e-05,1.0000005588329888,0.9999999998960035,12.428892501346127,H1+H2,26709.869811169097,26707.917342837038,-1.952468332058134,190,233,12.428892501346127,bayes_h1h2_marginal_boundary,measured_graph,0.0004159040700026498,0.023160107600491957,0.0029812398752561762,50,h1:h1_z;h2:h2_z
1.9952623149688786e-05,1.0000004952264598,0.9999999999802576,9.996307100947888,H1+H2,26710.893494743388,26709.133635537237,-1.7598592061525666,190,233,9.996307100947888,bayes_h1h2_marginal_boundary,measured_graph,0.0014035321926041924,0.02301295684731357,0.002981256411452853,50,h1:h1_z;h2:h2_z
2.5118864315095822e-05,1.000000237906299,1.0000000000063856,7.339854215446394,H1+H2,26712.039112060236,26710.461861979988,-1.5772500802469966,190,233,7.339854215446394,bayes_h1h2_marginal_boundary,measured_graph,0.005297412515269978,0.02287444874768335,0.0029812922094470725,50,h1:h1_z;h2:h2_z
3.1622776601683795e-05,1.0000000605166968,1.0000000000003206,4.726244785648305,H1+H2,26713.173307649227,26711.768666694887,-1.404640954341429,190,233,4.726244785648305,bayes_h1h2_marginal_boundary,measured_graph,0.01957049767480172,0.022763805657763064,0.0029813438003391283,50,h1:h1_z;h2:h2_z
3.9810717055349695e-05,1.0000007814732692,1.00000000000487,2.5037237360156723,H1+H2,26714.121959048138,26712.879927219703,-1.2420318284358616,190,233,2.5037237360156723,bayes_h1h2_marginal_boundary,measured_graph,0.05945880598542687,0.022688613877025667,0.0029814121560597174,50,h1:h1_z;h2:h2_z
5.011872336272725e-05,1.0000001200648203,1.0000000000019431,0.9368712165523903,H1+H2,26714.752776181966,26713.663353479435,-1.089422702530293,190,233,0.9368712165523903,bayes_h1h2_marginal_boundary,measured_graph,0.13015291079666172,0.02264434288087786,0.002981500826451674,50,h1:h1_z;h2:h2_z
6.309573444801929e-05,1.0000000138230434,0.9999999999999651,0.11986911234998843,H1+H2,26715.01866810816,26714.071854531536,-0.9468135766247254,190,233,0.11986911234998843,bayes_h1h2_marginal_boundary,measured_graph,0.19582297223797016,0.02262111215303728,0.0029816154844013562,50,h1:h1_z;h2:h2_z
7.943282347242822e-05,1.0000000012969272,1.0000000000007547,-0.0,H1+H2,26714.94599353843,26714.13178908771,-0.8142044507191568,190,233,-0.0,bayes_h1h2_marginal_boundary,measured_graph,0.20791838115600628,0.022609916861308945,0.0029817641799642688,50,h1:h1_z;h2:h2_z
0.0001,1.0000000001084752,0.9999999999967597,0.4512448681125534,H1+H2,26714.597761978468,26713.906166653655,-0.6915953248135883,190,233,0.4512448681125534,bayes_h1h2_marginal_boundary,measured_graph,0.16592289132505086,0.022604790851732164,0.0029819580844013976,50,h1:h1_z;h2:h2_z
0.00012589254117941674,1.0000000340533388,0.9999999999994574,1.336824750971573,H1+H2,26714.042362911132,26713.463376712225,-0.5789861989080206,190,233,1.336824750971573,bayes_h1h2_marginal_boundary,measured_graph,0.10656266639117687,0.022602452346392098,0.002982212740369202,50,h1:h1_z;h2:h2_z
0.00015848931924611142,1.0000000075280957,0.9999999999998938,2.541999341112387,H1+H2,26713.337166490157,26712.860789417155,-0.47637707300245236,190,233,2.541999341112387,bayes_h1h2_marginal_boundary,measured_graph,0.05833171452371674,0.022601300584821706,0.0029825499865556567,50,h1:h1_z;h2:h2_z
0.00019952623149688788,1.000000002356875,1.000000000000042,3.984134086436825,H1+H2,26712.52348999159,26712.139722044492,-0.38376794709688455,190,233,3.984134086436825,bayes_h1h2_marginal_boundary,measured_graph,0.02836280379463801,0.02260061452304422,0.0029830008739748755,50,h1:h1_z;h2:h2_z
0.0002511886431509582,1.0000000011922008,1.0000000000000975,5.611688637000043,H1+H2,26711.627103590403,26711.32594476921,-0.30115882119131615,190,233,5.611688637000043,bayes_h1h2_marginal_boundary,measured_graph,0.012569852470576355,0.022600094529243005,0.002983610086354879,50,h1:h1_z;h2:h2_z
0.00031622776601683794,1.0000000008956713,1.000000000000033,7.400292803409684,H1+H2,26710.660192381292,26710.431642686006,-0.22854969528574837,190,233,7.400292803409684,bayes_h1h2_marginal_boundary,measured_graph,0.005139723080875469,0.022599635787347278,0.0029844426609820073,50,h1:h1_z;h2:h2_z
0.00039810717055349735,1.0000000008308934,1.0000000000000189,9.349907683332276,H1+H2,26709.622775815424,26709.456835246045,-0.16594056938017995,190,233,9.349907683332276,bayes_h1h2_marginal_boundary,measured_graph,0.0019390375907449833,0.02259923340453234,0.0029855942299539784,50,h1:h1_z;h2:h2_z
0.0005011872336272725,1.0000000008368706,0.9999999999999988,11.484946234653762,H1+H2,26708.502647413858,26708.389315970384,-0.11333144347461188,190,233,11.484946234653762,bayes_h1h2_marginal_boundary,measured_graph,0.0006667584031016449,0.022598953878435392,0.002987206624714609,50,h1:h1_z;h2:h2_z
0.000630957344480193,1.0000000008639671,0.9999999999999898,13.858277643332258,H1+H2,26707.273372583615,26707.202650266045,-0.07072231756904392,190,233,13.858277643332258,bayes_h1h2_marginal_boundary,measured_graph,0.00020351954850537956,0.022598943182726133,0.002989491568977148,50,h1:h1_z;h2:h2_z
0.0007943282347242822,1.0000000008960255,0.9999999999999925,16.560091289422417,H1+H2,26705.88985663466,26705.851743443,-0.03811319166347554,190,233,16.560091289422417,bayes_h1h2_marginal_boundary,measured_graph,5.271263808599256e-05,0.02259946175267023,0.0029927663358033747,50,h1:h1_z;h2:h2_z
0.001,1.000000000928596,0.9999999999999923,19.732853325775068,H1+H2,26704.280866490582,26704.265362424823,-0.015504065757907535,190,233,19.732853325775068,bayes_h1h2_marginal_boundary,measured_graph,1.0788429535162142e-05,0.022600947998564467,0.0029975064596383856,50,h1:h1_z;h2:h2_z
0.0012589254117941675,1.0000000009612557,1.0000000000000036,23.593653167052253,H1+H2,26702.337857444036,26702.334962504185,-0.0028949398523394052,190,233,23.593653167052253,bayes_h1h2_marginal_boundary,measured_graph,1.565294992532701e-06,0.022604119121527117,0.0030044209877775102,50,h1:h1_z;h2:h2_z
0.001584893192461114,1.0000000009953671,0.999999999999999,28.464114951908414,H1+H2,26699.9000174257,26699.899731611757,-0.0002858139467712683,190,233,28.464114951908414,bayes_h1h2_marginal_boundary,measured_graph,1.3708465934725865e-07,0.022610122862669845,0.003014552565538186,50,h1:h1_z;h2:h2_z
0.0019952623149688807,1.0000000010325454,1.0000000000000024,34.803676066178014,H1+H2,26696.737627742663,26696.72995105462,-0.007676688041203171,190,233,34.803676066178014,bayes_h1h2_marginal_boundary,measured_graph,5.75931261135388e-09,0.022620755429425026,0.0030293908124135152,50,h1:h1_z;h2:h2_z
0.002511886431509582,1.0000000010747387,0.9999999999999978,43.230608021622174,H1+H2,26692.541552639035,26692.5164850769,-0.025067562135635053,190,233,43.230608021622174,bayes_h1h2_marginal_boundary,measured_graph,8.52090313978715e-11,0.022638754551165877,0.003050949182507257,50,h1:h1_z;h2:h2_z
0.0031622776601683794,1.00000000112435,1.0000000000000044,54.49395150505006,H1+H2,26686.937271771414,26686.884813335186,-0.05245843623006681,190,233,54.49395150505006,bayes_h1h2_marginal_boundary,measured_graph,3.0526827122976604e-13,0.02266815266375179,0.003081679102323716,50,h1:h1_z;h2:h2_z
0.003981071705534973,1.0000000011850785,1.0000000000000022,69.33834095743805,H1+H2,26679.552467919315,26679.46261860899,-0.08984931032449865,190,233,69.33834095743805,bayes_h1h2_marginal_boundary,measured_graph,1.8250024593235622e-16,0.022714618299811546,0.003124005500036014,50,h1:h1_z;h2:h2_z
0.005011872336272725,1.0000000012622254,0.9999999999999937,88.22226916444197,H1+H2,26670.15789468991,26670.02065450549,-0.13724018441893068,190,233,88.22226916444197,bayes_h1h2_marginal_boundary,measured_graph,1.4476732364791832e-20,0.02278560544596039,0.00317930039463239,50,h1:h1_z;h2:h2_z
0.006309573444801936,1.000000001364642,1.000000000000002,110.96256580406771,H1+H2,26658.84513724419,26658.650506185677,-0.19463105851336257,190,233,110.96256580406771,bayes_h1h2_marginal_boundary,measured_graph,1.6698515800201499e-25,0.022889957499779637,0.003246493055850716,50,h1:h1_z;h2:h2_z
0.00794328234724282,1.0000000015041697,0.9999999999999916,136.54568119152827,H1+H2,26646.120970424556,26645.858948491947,-0.26202193260779433,190,233,136.54568119152827,bayes_h1h2_marginal_boundary,measured_graph,4.649164901863036e-31,0.02303641050857014,0.003321218198047218,50,h1:h1_z;h2:h2_z
0.01,1.0000000016947361,1.000000000000003,163.35098562909116,H1+H2,26632.795709079866,26632.456296273165,-0.3394128067022262,190,233,163.35098562909116,bayes_h1h2_marginal_boundary,measured_graph,7.0254969410435176e-37,0.023230479266622448,0.0033966620316515385,50,h1:h1_z;h2:h2_z
0.012589254117941675,1.0000000019503938,1.000000000000005,189.7139169519287,H1+H2,26619.70163429254,26619.274830611746,-0.42680368079665804,190,233,189.7139169519287,bayes_h1h2_marginal_boundary,measured_graph,1.3244612264631243e-42,0.02347019847409351,0.003466130758471191,50,h1:h1_z;h2:h2_z
0.01584893192461114,1.000000002285352,1.0000000000000084,214.43054884889716,H1+H2,26607.440709218154,26606.916514663262,-0.5241945548910899,190,233,214.43054884889716,bayes_h1h2_marginal_boundary,measured_graph,5.687099502688809e-48,0.023743429036532492,0.0035255966623054667,50,h1:h1_z;h2:h2_z
0.01995262314968881,1.0000000027200526,1.0000000000000016,236.9250006881266,H1+H2,26596.300874172633,26595.669288743647,-0.6315854289855218,190,233,236.9250006881266,bayes_h1h2_marginal_boundary,measured_graph,7.4179290173204505e-53,0.02403063442648219,0.003574385664875277,50,h1:h1_z;h2:h2_z
0.025118864315095822,1.0000000032954437,0.9999999999999941,257.16916586292064,H1+H2,26586.29618245933,26585.54720615625,-0.7489763030799538,190,233,257.16916586292064,bayes_h1h2_marginal_boundary,measured_graph,2.9806985763018824e-57,0.02431362645103973,0.0036140352748280802,50,h1:h1_z;h2:h2_z
0.03162277660168379,1.0000000040828407,0.9999999999999988,275.5420122978394,H1+H2,26577.237150115965,26576.36078293879,-0.8763671771743852,190,233,275.5420122978394,bayes_h1h2_marginal_boundary,measured_graph,3.052847767131281e-61,0.024584818066978972,0.0036467200113740996,50,h1:h1_z;h2:h2_z
0.039810717055349734,1.0000000051874334,1.0000000000000124,292.65263792834594,H1+H2,26568.819228174805,26567.805470123538,-1.0137580512688171,190,233,292.65263792834594,bayes_h1h2_marginal_boundary,measured_graph,5.8773289932769136e-65,0.024850037332513546,0.0036742227709785098,50,h1:h1_z;h2:h2_z
0.05011872336272725,1.000000006755025,1.000000000000006,309.065453885225,H1+H2,26560.76021107046,26559.5990621451,-1.1611489253632492,190,233,309.065453885225,bayes_h1h2_marginal_boundary,measured_graph,1.6039185139948173e-68,0.025122303527896243,0.0036974882542407314,50,h1:h1_z;h2:h2_z
0.06309573444801936,1.0000000090409469,1.0000000000000264,324.9743728012254,H1+H2,26552.963142486555,26551.644602687098,-1.3185397994576809,190,233,324.9743728012254,bayes_h1h2_marginal_boundary,measured_graph,5.631245371150857e-72,0.025409569235981987,0.0037165829198813225,50,h1:h1_z;h2:h2_z
0.07943282347242822,1.0000000127200683,1.0000000000000004,340.0262582820724,H1+H2,26545.604590620227,26544.118659946675,-1.4859306735521132,190,233,340.0262582820724,bayes_h1h2_marginal_boundary,measured_graph,3.034792821061176e-75,0.025703796712052356,0.003731085225217214,50,h1:h1_z;h2:h2_z
0.1,1.0000000199127046,1.0000000000000928,353.4853605097014,H1+H2,26539.052430380507,26537.38910883286,-1.663321547646544,190,233,353.4853605097014,bayes_h1h2_marginal_boundary,measured_graph,3.626787695439921e-78,0.0259802730585943,0.0037407851585766786,50,h1:h1_z;h2:h2_z
1e-05,1.0000000004940994,1.0000000000614289,-0.0,H1+H2,23041.037058791408,23038.66937220754,-2.3676865838692702,171,195,-0.0,bayes_h1h2_marginal_boundary,measured_graph,0.24708994139397467,0.05237192141073048,0.0018769506131185033,51,h1:h1_z;h2:h2_z
1.2589254117941661e-05,1.0000000011864976,1.000000000004377,0.40553207859920803,H1+H2,23040.621683626203,23038.46660616824,-2.155077457963703,171,195,0.40553207859920803,bayes_h1h2_marginal_boundary,measured_graph,0.20174133685851225,0.05236634855791226,0.0018769238139505525,51,h1:h1_z;h2:h2_z
1.584893192461114e-05,1.0000000024348705,0.9999999999793897,0.8792179060837952,H1+H2,23040.182231586557,23038.229763254498,-1.952468332058134,171,195,0.8792179060837952,bayes_h1h2_marginal_boundary,measured_graph,0.1591971629368762,0.0523582119005816,0.0018768929711641593,51,h1:h1_z;h2:h2_z
1.9952623149688786e-05,1.000000004115675,0.9999999999943227,1.4132069703482557,H1+H2,23039.722627928517,23037.962768722366,-1.7598592061525666,171,195,1.4132069703482557,bayes_h1h2_marginal_boundary,measured_graph,0.12189364721097434,0.052346925094323295,0.0018768553100360647,51,h1:h1_z;h2:h2_z
2.5118864315095822e-05,1.000000005449168,0.9999999999955067,2.0079126769996947,H1+H2,23039.24266594929,23037.66541586904,-1.5772500802469966,171,195,2.0079126769996947,bayes_h1h2_marginal_boundary,measured_graph,0.0905403915897388,0.05233235362959529,0.0018768083705805218,51,h1:h1_z;h2:h2_z
3.1622776601683795e-05,1.0000000053129934,1.0000000000000027,2.6712702022414305,H1+H2,23038.73837806076,23037.33373710642,-1.404640954341429,171,195,2.6712702022414305,bayes_h1h2_marginal_boundary,measured_graph,0.06498245461280104,0.05231527586096443,0.0018767494745615776,51,h1:h1_z;h2:h2_z
3.9810717055349695e-05,1.0000000035886898,1.0000000000019256,3.4176713144188398,H1+H2,23038.202568378765,23036.96053655033,-1.2420318284358616,171,195,3.4176713144188398,bayes_h1h2_marginal_boundary,measured_graph,0.04474218301958305,0.052297566099770154,0.0018766754205032123,51,h1:h1_z;h2:h2_z
5.011872336272725e-05,1.0000000016116446,0.9999999999998531,4.264829072657449,H1+H2,23037.626380373742,23036.53695767121,-1.089422702530293,171,195,4.264829072657449,bayes_h1h2_marginal_boundary,measured_graph,0.029292686261529678,0.052281641417555876,0.001876582249348265,51,h1:h1_z;h2:h2_z
6.309573444801929e-05,1.0000000004793932,1.000000000000566,5.227627148487954,H1+H2,23037.00237220992,23036.055558633296,-0.9468135766247254,171,195,5.227627148487954,bayes_h1h2_marginal_boundary,measured_graph,0.018100486770376865,0.05226931870010162,0.0018764650106380168,51,h1:h1_z;h2:h2_z
7.943282347242822e-05,1.0000000000979512,0.9999999999998902,6.31113548095891,H1+H2,23036.32800891778,23035.51380446706,-0.8142044507191568,171,195,6.31113548095891,bayes_h1h2_marginal_boundary,measured_graph,0.0105295402588618,0.05226102702071244,0.0018763174943191047,51,h1:h1_z;h2:h2_z
0.0001,1.0000000508097793,0.9999999999999986,7.507218182756333,H1+H2,23035.607358440975,23034.91576311616,-0.6915953248135883,171,195,7.507218182756333,bayes_h1h2_marginal_boundary,measured_graph,0.005790063821101825,0.05225601792746296,0.001876131906112506,51,h1:h1_z;h2:h2_z
0.00012589254117941674,1.000000012027099,1.0000000000002098,8.796781407982053,H1+H2,23034.849967702456,23034.27098150355,-0.5789861989080206,171,195,8.796781407982053,bayes_h1h2_marginal_boundary,measured_graph,0.0030384930994553005,0.05225314033030392,0.0018758984687311786,51,h1:h1_z;h2:h2_z
0.00015848931924611142,1.0000000025820435,0.9999999999997333,10.15524702834955,H1+H2,23034.068125766367,23033.591748693365,-0.47637707300245236,171,195,10.15524702834955,bayes_h1h2_marginal_boundary,measured_graph,0.0015405336638602489,0.05225140679412903,0.001875604932237947,51,h1:h1_z;h2:h2_z
0.00019952623149688788,1.0000000005228618,1.000000000000016,11.557363039937627,H1+H2,23033.274458634667,23032.89069068757,-0.38376794709688455,171,195,11.557363039937627,bayes_h1h2_marginal_boundary,measured_graph,0.0007641974243031245,0.05225017226071794,0.0018752359782460478,51,h1:h1_z;h2:h2_z
0.0002511886431509582,1.0000000001030693,0.9999999999999468,12.979680862903479,H1+H2,23032.48069059728,23032.179531776088,-0.30115882119131615,171,195,12.979680862903479,bayes_h1h2_marginal_boundary,measured_graph,0.0003752780632056779,0.05224906543562564,0.0018747725074992874,51,h1:h1_z;h2:h2_z
0.00031622776601683794,1.000000000020316,1.0000000000000553,14.400873630605929,H1+H2,23031.697485087523,23031.468935392237,-0.22854969528574837,171,195,14.400873630605929,bayes_h1h2_marginal_boundary,measured_graph,0.00018439328023641365,0.052247877705306596,0.001874190814033745,51,h1:h1_z;h2:h2_z
0.00039810717055349735,1.0000000000040952,1.0000000000000346,15.800954535814526,H1+H2,23030.93483550901,23030.768894939632,-0.16594056938017995,171,195,15.800954535814526,bayes_h1h2_marginal_boundary,measured_graph,9.156328903487567e-05,0.052246479764228124,0.0018734616819763446,51,h1:h1_z;h2:h2_z
0.0005011872336272725,1.0000000000008662,0.999999999999986,17.16005655061599,H1+H2,23030.202675375705,23030.08934393223,-0.11333144347461188,171,195,17.16005655061599,bayes_h1h2_marginal_boundary,measured_graph,4.64083504307068e-05,0.05224477322295658,0.0018725495136969526,51,h1:h1_z;h2:h2_z
0.000630957344480193,1.0000000000001985,1.000000000000004,18.45740671468957,H1+H2,23029.511391167765,23029.440668850195,-0.07072231756904392,171,195,18.45740671468957,bayes_h1h2_marginal_boundary,measured_graph,2.4259403785477455e-05,0.05224266562284456,0.001871411751566226,51,h1:h1_z;h2:h2_z
0.0007943282347242822,1.0000000000000508,1.000000000000012,19.67075676540844,H1+H2,23028.872107016497,23028.833993824835,-0.03811319166347554,171,195,19.67075676540844,bayes_h1h2_marginal_boundary,measured_graph,1.3225268788671934e-05,0.05224005830012461,0.0018699991688653035,51,h1:h1_z;h2:h2_z
0.001,1.0000000000000149,0.9999999999999892,20.776695408465457,H1+H2,23028.296528569066,23028.281024503307,-0.015504065757907535,171,195,20.776695408465457,bayes_h1h2_marginal_boundary,measured_graph,7.607693061823121e-06,0.05223684117123659,0.0018682582208430836,51,h1:h1_z;h2:h2_z
0.0012589254117941675,1.0000000000000069,0.999999999999977,21.752714535796258,H1+H2,23027.795909879493,23027.79301493964,-0.0028949398523394052,171,195,21.752714535796258,bayes_h1h2_marginal_boundary,measured_graph,4.6699595810835945e-06,0.052232892171618715,0.0018661377896707523,51,h1:h1_z;h2:h2_z
0.001584893192461114,1.0000000000000022,1.000000000000001,22.582676966929284,H1+H2,23027.37831953802,23027.378033724075,-0.0002858139467712683,171,195,22.582676966929284,bayes_h1h2_marginal_boundary,measured_graph,3.0838203479278092e-06,0.052228081556829085,0.0018636045765317826,51,h1:h1_z;h2:h2_z
0.0019952623149688807,1.0000000000000009,0.9999999999999952,23.26819216486183,H1+H2,23027.04295281315,23027.03527612511,-0.007676688041203171,171,195,23.26819216486183,bayes_h1h2_marginal_boundary,measured_graph,2.1889272904108356e-06,0.05222228323825754,0.0018606740100318578,51,h1:h1_z;h2:h2_z
0.002511886431509582,1.0000000000000007,0.999999999999998,23.849370985510177,H1+H2,23026.76975427692,23026.744686714785,-0.025067562135635053,171,195,23.849370985510177,bayes_h1h2_marginal_boundary,measured_graph,1.6369294359891552e-06,0.052215397377879016,0.001857465361019326,51,h1:h1_z;h2:h2_z
0.0031622776601683794,1.0000000000000004,1.0000000000000353,24.437165516937966,H1+H2,23026.5032478853,23026.45078944907,-0.05245843623006681,171,195,24.437165516937966,bayes_h1h2_marginal_boundary,measured_graph,1.2200903654685194e-06,0.05220739104401834,0.0018542859371683147,51,h1:h1_z;h2:h2_z
0.003981071705534973,1.0000000000000002,1.0000000000000961,25.252590071853774,H1+H2,23026.132926481936,23026.043077171613,-0.08984931032449865,171,195,25.252590071853774,bayes_h1h2_marginal_boundary,measured_graph,8.115677960513352e-07,0.052198367261487424,0.0018517313936890461,51,h1:h1_z;h2:h2_z
0.005011872336272725,1.0000000000000004,0.9999999999999933,26.655524949579558,H1+H2,23025.47884991717,23025.34160973275,-0.13724018441893068,171,195,26.655524949579558,bayes_h1h2_marginal_boundary,measured_graph,4.0242167784536437e-07,0.05218867799890406,0.0018507553204928683,51,h1:h1_z;h2:h2_z
0.006309573444801936,1.0,0.9999999999999064,29.135255157052597,H1+H2,23024.296375687525,23024.101744629013,-0.19463105851336257,171,195,29.135255157052597,bayes_h1h2_marginal_boundary,measured_graph,1.1647019285916835e-07,0.052179104034726496,0.0018526379957522542,51,h1:h1_z;h2:h2_z
0.00794328234724282,1.0000000000000002,1.0000000000001106,33.249038495268906,H1+H2,23022.306874892514,23022.044852959905,-0.26202193260779433,171,195,33.249038495268906,bayes_h1h2_marginal_boundary,measured_graph,1.4890802133680666e-08,0.05217112749224908,0.0018588215999868088,51,h1:h1_z;h2:h2_z
0.01,1.0000000000000002,0.9999999999997257,39.529541658943344,H1+H2,23019.24401418477,23018.904601378068,-0.3394128067022262,171,195,39.529541658943344,bayes_h1h2_marginal_boundary,measured_graph,6.443534513317809e-10,0.05216728025090735,0.00187067148504052,51,h1:h1_z;h2:h2_z
0.012589254117941675,1.0000000000000007,1.0000000000001819,48.398753416164254,H1+H2,23014.896799180253,23014.469995499458,-0.42680368079665804,171,195,48.398753416164254,bayes_h1h2_marginal_boundary,measured_graph,7.6418638619225e-12,0.05217135242949714,0.0018892654513185199,51,h1:h1_z;h2:h2_z
0.01584893192461114,1.0000000000000004,0.9999999999996393,60.09320594140445,H1+H2,23009.14696379173,23008.622769236837,-0.5241945548910899,171,195,60.09320594140445,bayes_h1h2_marginal_boundary,measured_graph,2.206892589033525e-14,0.05218779934284396,0.0019152330868257214,51,h1:h1_z;h2:h2_z
0.01995262314968881,0.9999999999999993,0.999999999999925,74.56658471150149,H1+H2,23002.017665280775,23001.38607985179,-0.6315854289855218,171,195,74.56658471150149,bayes_h1h2_marginal_boundary,measured_graph,1.5882794949443656e-17,0.05221933590916606,0.0019485640223232178,51,h1:h1_z;h2:h2_z
0.025118864315095822,1.0000000000000002,0.9999999999999137,91.37890993429028,H1+H2,22993.728893543474,22992.979917240395,-0.7489763030799538,171,195,91.37890993429028,bayes_h1h2_marginal_boundary,measured_graph,3.5495793811797695e-21,0.05226251052033162,0.0019883908840883833,51,h1:h1_z;h2:h2_z
0.03162277660168379,1.0000000000000049,0.999999999999324,109.68624431726494,H1+H2,22984.70261722608,22983.826250048907,-0.8763671771743852,171,195,109.68624431726494,bayes_h1h2_marginal_boundary,measured_graph,3.756554920260853e-25,0.052303472214741346,0.0020329933620885352,51,h1:h1_z;h2:h2_z
0.039810717055349734,1.0000000000000102,0.9999999999998546,128.40947885443893,H1+H2,22975.478390831588,22974.46463278032,-1.0137580512688171,171,195,128.40947885443893,bayes_h1h2_marginal_boundary,measured_graph,3.2291708328093754e-29,0.05231768005663905,0.0020801833338308933,51,h1:h1_z;h2:h2_z
0.05011872336272725,0.9999999999999952,1.0000000000001534,146.45581070403568,H1+H2,22966.602615780885,22965.441466855522,-1.1611489253632492,171,195,146.45581070403568,bayes_h1h2_marginal_boundary,measured_graph,3.8938556770109015e-33,0.052274495022273375,0.0021277559766580863,51,h1:h1_z;h2:h2_z
0.06309573444801936,0.9999999999999724,1.0000000000001685,162.80645663561882,H1+H2,22958.584683689187,22957.26614388973,-1.3185397994576809,171,195,162.80645663561882,bayes_h1h2_marginal_boundary,measured_graph,1.0961808198570224e-36,0.05214310117313999,0.002173585198587962,51,h1:h1_z;h2:h2_z
0.07943282347242822,0.9999999999999997,1.000000000000099,176.49365555316763,H1+H2,22951.90847510451,22950.422544430956,-1.4859306735521132,171,195,176.49365555316763,bayes_h1h2_marginal_boundary,measured_graph,1.1688121500811447e-39,0.05189696504654165,0.002215473726801152,51,h1:h1_z;h2:h2_z
0.1,0.9999999999999927,0.9999999999998391,186.6711955372084,H1+H2,22946.997095986582,22945.333774438936,-1.663321547646544,171,195,186.6711955372084,bayes_h1h2_marginal_boundary,measured_graph,7.206426978113864e-42,0.05151898736890312,0.002251278545472077,51,h1:h1_z;h2:h2_z
1e-05,1.0000000003166205,0.9999999988672638,18.99809785135585,H1+H2,14067.067058952058,14064.699372368188,-2.3676865838692702,118,118,18.99809785135585,bayes_h1h2_marginal_boundary,measured_graph,3.294079992068852e-05,0.5301374274927683,0.0029331303980165476,52,h1:h1_z;h2:h2_z
1.2589254117941661e-05,1.0000000003854428,0.999999999852804,19.280992099953437,H1+H2,14066.713002701854,14064.55792524389,-2.155077457963703,118,118,19.280992099953437,bayes_h1h2_marginal_boundary,measured_graph,2.8595943849668656e-05,0.5301383090978868,0.0029330998695679656,52,h1:h1_z;h2:h2_z
1.584893192461114e-05,1.0000000004493177,0.999999999968082,19.66341998840653,H1+H2,14066.31917963172,14064.366711299663,-1.952468332058134,118,118,19.66341998840653,bayes_h1h2_marginal_boundary,measured_graph,2.361898741657406e-05,0.530139154747386,0.0029331233234184857,52,h1:h1_z;h2:h2_z
1.9952623149688786e-05,1.0000000005097907,0.9999999999726554,20.119210452958214,H1+H2,14065.89867527354,14064.138816067387,-1.7598592061525666,118,118,20.119210452958214,bayes_h1h2_marginal_boundary,measured_graph,1.8805618993782064e-05,0.5301397999173459,0.0029331784731117887,52,h1:h1_z;h2:h2_z
2.5118864315095822e-05,1.000000000576169,1.0000000000041545,20.63100296423727,H1+H2,14065.460169891994,14063.882919811747,-1.5772500802469966,118,118,20.63100296423727,bayes_h1h2_marginal_boundary,measured_graph,1.4559729323660998e-05,0.5301399466710807,0.0029332583365643634,52,h1:h1_z;h2:h2_z
3.1622776601683795e-05,1.0000000006658154,1.0000000000016924,21.187769412106718,H1+H2,14065.009177542153,14063.604536587813,-1.404640954341429,118,118,21.187769412106718,bayes_h1h2_marginal_boundary,measured_graph,1.1021812107275714e-05,0.5301390769298078,0.0029333630541743066,52,h1:h1_z;h2:h2_z
3.9810717055349695e-05,1.0000000008073342,0.9999999999996197,21.782899649286264,H1+H2,14064.54900329766,14063.306971469223,-1.2420318284358616,118,118,21.782899649286264,bayes_h1h2_marginal_boundary,measured_graph,8.185064652262714e-06,0.5301363151152128,0.002933496492426253,52,h1:h1_z;h2:h2_z
5.011872336272725e-05,1.0000000010510688,1.0000000000003506,22.412874999718042,H1+H2,14064.081406496538,14062.991983794007,-1.089422702530293,118,118,22.412874999718042,bayes_h1h2_marginal_boundary,measured_graph,5.9734427393327344e-06,0.5301302149920978,0.0029336650096407455,52,h1:h1_z;h2:h2_z
6.309573444801929e-05,1.0000000014930719,1.0000000000014173,23.076401651764172,H1+H2,14063.60703404461,14062.660220467984,-0.9468135766247254,118,118,23.076401651764172,bayes_h1h2_marginal_boundary,measured_graph,4.286883913078012e-06,0.5301184391973827,0.0029338771884238625,52,h1:h1_z;h2:h2_z
7.943282347242822e-05,1.0000000023231206,0.999999999999711,23.77392993468675,H1+H2,14063.125660777241,14062.311456326523,-0.8142044507191568,118,118,23.77392993468675,bayes_h1h2_marginal_boundary,measured_graph,3.0246517683732696e-06,0.5300973025825992,0.002934144026199802,52,h1:h1_z;h2:h2_z
0.0001,1.0000000039095005,0.9999999999971734,24.507442720787367,H1+H2,14062.636295258286,14061.944699933472,-0.6915953248135883,118,118,24.507442720787367,bayes_h1h2_marginal_boundary,measured_graph,2.0960184605048634e-06,0.5300611833439642,0.002934479381585936,52,h1:h1_z;h2:h2_z
0.00012589254117941674,1.0000000069068127,0.9999999999997133,25.28047014994445,H1+H2,14062.137172417803,14061.558186218894,-0.5789861989080206,118,118,25.28047014994445,bayes_h1h2_marginal_boundary,measured_graph,1.4240798122310866e-06,0.5300019153700367,0.002934900605834404,52,h1:h1_z;h2:h2_z
0.00015848931924611142,1.0000000122502093,1.0000000000001883,26.098326762934448,H1+H2,14061.625634985401,14061.149257912399,-0.47637707300245236,118,118,26.098326762934448,bayes_h1h2_marginal_boundary,measured_graph,9.461043143308408e-07,0.5299085383216163,0.0029354293431694575,52,h1:h1_z;h2:h2_z
0.00019952623149688788,1.000000020611476,0.9999999999999174,26.968514684569527,H1+H2,14061.097931898677,14060.714163951581,-0.38376794709688455,118,118,26.968514684569527,bayes_h1h2_marginal_boundary,measured_graph,6.123223570241102e-07,0.5297682529051997,0.0029360925041576925,52,h1:h1_z;h2:h2_z
0.0002511886431509582,1.0000000307828232,1.0000000000000495,27.901365155041276,H1+H2,14060.548897537537,14060.247738716345,-0.30115882119131615,118,118,27.901365155041276,bayes_h1h2_marginal_boundary,measured_graph,3.840733829521143e-07,0.5295698971757014,0.0029369234188514064,52,h1:h1_z;h2:h2_z
0.00031622776601683794,1.000000037951528,0.9999999999998622,28.91099157770077,H1+H2,14059.971475200302,14059.742925505016,-0.22854969528574837,118,118,28.91099157770077,bayes_h1h2_marginal_boundary,measured_graph,2.3183372785438315e-07,0.5293107592301497,0.002937963164581949,52,h1:h1_z;h2:h2_z
0.00039810717055349735,1.0000000360424413,0.9999999999999761,30.016157908950845,H1+H2,14059.356282908771,14059.19034233939,-0.16594056938017995,118,118,30.016157908950845,bayes_h1h2_marginal_boundary,measured_graph,1.3341135620258722e-07,0.5290044278330199,0.0029392620333555607,52,h1:h1_z;h2:h2_z
0.0005011872336272725,1.0000000251307064,0.9999999999999489,31.240457226962462,H1+H2,14058.691524123858,14058.578192680385,-0.11333144347461188,118,118,31.240457226962462,bayes_h1h2_marginal_boundary,measured_graph,7.233351669386608e-08,0.5286823355372074,0.002940881044460806,52,h1:h1_z;h2:h2_z
0.000630957344480193,1.000000012810547,1.000000000000005,32.61013611786984,H1+H2,14057.9640755525,14057.893353234931,-0.07072231756904392,118,118,32.61013611786984,bayes_h1h2_marginal_boundary,measured_graph,3.646847374540956e-08,0.5283821596958158,0.002942893298354562,52,h1:h1_z;h2:h2_z
0.0007943282347242822,1.000000005049622,0.999999999999994,34.14873710697066,H1+H2,14057.162165932044,14057.12405274038,-0.03811319166347554,118,118,34.14873710697066,bayes_h1h2_marginal_boundary,measured_graph,1.6897195472803953e-08,0.5281287487918692,0.0029453847712502612,52,h1:h1_z;h2:h2_z
0.001,1.0000000017258763,1.0000000000000162,35.87075000077675,H1+H2,14056.278550359235,14056.263046293478,-0.015504065757907535,118,118,35.87075000077675,bayes_h1h2_marginal_boundary,measured_graph,7.143059692353214e-09,0.5279239455029354,0.0029484538022852822,52,h1:h1_z;h2:h2_z
0.0012589254117941675,1.0000000005920664,0.9999999999999812,37.77832122845939,H1+H2,14055.31215561949,14055.309260679636,-0.0028949398523394052,118,118,37.77832122845939,bayes_h1h2_marginal_boundary,measured_graph,2.7520761736286705e-09,0.5277520592344838,0.00295220791702928,52,h1:h1_z;h2:h2_z
0.001584893192461114,1.0000000002323828,1.0000000000000075,39.862214785218384,H1+H2,14054.267599715204,14054.267313901257,-0.0002858139467712683,118,118,39.862214785218384,bayes_h1h2_marginal_boundary,measured_graph,9.708423528593136e-10,0.5275915119163661,0.002956755576159027,52,h1:h1_z;h2:h2_z
0.0019952623149688807,1.0000000001120082,1.0000000000000027,42.10399758638596,H1+H2,14053.154099188714,14053.146422500673,-0.007676688041203171,118,118,42.10399758638596,bayes_h1h2_marginal_boundary,measured_graph,3.1648400370095403e-10,0.5274223473617018,0.0029621886274595927,52,h1:h1_z;h2:h2_z
0.002511886431509582,1.0000000000663847,1.000000000000004,44.47537478823142,H1+H2,14051.985801461886,14051.96073389975,-0.025067562135635053,118,118,44.47537478823142,bayes_h1h2_marginal_boundary,measured_graph,9.66971663153024e-11,0.5272279066635122,0.002968548183984425,52,h1:h1_z;h2:h2_z
0.0031622776601683794,1.0000000000464855,1.000000000000003,46.93250128013824,H1+H2,14050.784629090027,14050.732170653797,-0.05245843623006681,118,118,46.93250128013824,bayes_h1h2_marginal_boundary,measured_graph,2.830450140369301e-11,0.5269935365249642,0.002975761656391905,52,h1:h1_z;h2:h2_z
0.003981071705534973,1.0000000000367006,0.9999999999999932,49.403790962587664,H1+H2,14049.586375122897,14049.496525812572,-0.08984931032449865,118,118,49.403790962587664,bayes_h1h2_marginal_boundary,measured_graph,8.226626361099206e-12,0.5267047186393451,0.002983531034703816,52,h1:h1_z;h2:h2_z
0.005011872336272725,1.000000000031493,1.000000000000003,51.76912686301512,H1+H2,14048.451098046777,14048.313857862358,-0.13724018441893068,118,118,51.76912686301512,bayes_h1h2_marginal_boundary,measured_graph,2.5211321355199665e-12,0.5263454796688176,0.002991142749030516,52,h1:h1_z;h2:h2_z
0.006309573444801936,1.0000000000287104,1.0000000000000036,53.825923611100734,H1+H2,14047.48009054683,14047.285459488316,-0.19463105851336257,118,118,53.825923611100734,bayes_h1h2_marginal_boundary,measured_graph,9.015044381487429e-13,0.5258970670605768,0.0029971641182748817,52,h1:h1_z;h2:h2_z
0.00794328234724282,1.0000000000274696,0.9999999999999968,55.23861934362867,H1+H2,14046.841133554659,14046.579111622052,-0.26202193260779433,118,118,55.23861934362867,bayes_h1h2_marginal_boundary,measured_graph,4.448410820692364e-13,0.5253364971897095,0.002999018355312533,52,h1:h1_z;h2:h2_z
0.01,1.0000000000274822,0.9999999999999869,55.48278034064788,H1+H2,14046.796443930245,14046.457031123542,-0.3394128067022262,118,118,55.48278034064788,bayes_h1h2_marginal_boundary,measured_graph,3.9371866299526884e-13,0.5246342725085734,0.002992568099992714,52,h1:h1_z;h2:h2_z
0.012589254117941675,1.00000000002885,0.9999999999999992,53.84039439519984,H1+H2,14047.705027777063,14047.278224096266,-0.42680368079665804,118,118,53.84039439519984,bayes_h1h2_marginal_boundary,measured_graph,8.950052405787503e-13,0.5237502551959148,0.0029722063709589747,52,h1:h1_z;h2:h2_z
0.01584893192461114,1.000000000032096,1.000000000000005,49.56806133277132,H1+H2,14049.938585182372,14049.41439062748,-0.5241945548910899,118,118,49.56806133277132,bayes_h1h2_marginal_boundary,measured_graph,7.577935687974486e-12,0.5226270321839195,0.0029324381148094843,52,h1:h1_z;h2:h2_z
0.01995262314968881,1.000000000038475,0.999999999999999,42.335318881265266,H1+H2,14053.66234728222,14053.030761853233,-0.6315854289855218,118,118,42.335318881265266,bayes_h1h2_marginal_boundary,measured_graph,2.8191681682832364e-10,0.5211826842101946,0.0028715375493319896,52,h1:h1_z;h2:h2_z
0.025118864315095822,1.0000000000508176,1.0000000000000024,32.74160311370724,H1+H2,14058.576596040093,14057.827619737012,-0.7489763030799538,118,118,32.74160311370724,bayes_h1h2_marginal_boundary,measured_graph,3.414836324400597e-08,0.5193110193030448,0.00279526004691533,52,h1:h1_z;h2:h2_z
0.03162277660168379,1.0000000000755926,0.9999999999999987,22.355832450295566,H1+H2,14063.896872245892,14063.020505068718,-0.8763671771743852,118,118,22.355832450295566,bayes_h1h2_marginal_boundary,measured_graph,6.146265792285246e-06,0.5169054690240578,0.002716077856991445,52,h1:h1_z;h2:h2_z
0.039810717055349734,1.000000000127657,1.0000000000000004,13.013117093589244,H1+H2,14068.70562079834,14067.691862747071,-1.0137580512688171,118,118,13.013117093589244,bayes_h1h2_marginal_boundary,measured_graph,0.0006566836446402813,0.5139257727431396,0.002646902053053149,52,h1:h1_z;h2:h2_z
0.05011872336272725,1.0000000002383027,1.0000000000000009,5.977866733250266,H1+H2,14072.370636852604,14071.20948792724,-1.1611489253632492,118,118,5.977866733250266,bayes_h1h2_marginal_boundary,measured_graph,0.022133057130643015,0.5105041472900261,0.0025949334922155147,52,h1:h1_z;h2:h2_z
0.06309573444801936,1.000000000458805,0.9999999999999992,1.6888244240763015,H1+H2,14074.672548881286,14073.354009081828,-1.3185397994576809,118,118,1.6888244240763015,bayes_h1h2_marginal_boundary,measured_graph,0.18897097716341762,0.5070156471166622,0.0025605547153960124,52,h1:h1_z;h2:h2_z
0.07943282347242822,1.00000000083694,0.9999999999999833,-0.0,H1+H2,14075.684351967418,14074.198421293866,-1.4859306735521132,118,118,-0.0,bayes_h1h2_marginal_boundary,measured_graph,0.43966173859158414,0.5039861511034618,0.0025400549131316887,52,h1:h1_z;h2:h2_z
0.1,1.0000000013663022,0.9999999999999757,0.4652262450836133,H1+H2,14075.629129718971,14073.965808171324,-1.663321547646544,118,118,0.4652262450836133,bayes_h1h2_marginal_boundary,measured_graph,0.34841438496793625,0.5018494129835056,0.002528776251477131,52,h1:h1_z;h2:h2_z
1e-05,1.0000000000547908,0.9999999987534666,-0.0,H1+H2,10518.734112961232,10516.366426377363,-2.3676865838692702,97,89,-0.0,bayes_h1h2_marginal_boundary,measured_graph,0.20666264505193802,6.239326093853231,0.005036117245716402,53,h1:h1_z;h2:h2_z
1.2589254117941661e-05,1.0000000000586147,0.9999999997959395,0.30812870397858205,H1+H2,10518.367439483338,10516.212362025373,-2.155077457963703,97,89,0.30812870397858205,bayes_h1h2_marginal_boundary,measured_graph,0.17715470276689058,6.239327004735063,0.005035792005311968,53,h1:h1_z;h2:h2_z
1.584893192461114e-05,1.0000000000613454,0.9999999999815335,0.6966624618362403,H1+H2,10517.970563478502,10516.018095146444,-1.952468332058134,97,89,0.6966624618362403,bayes_h1h2_marginal_boundary,measured_graph,0.145875934803655,6.239328149754403,0.005035600359382978,53,h1:h1_z;h2:h2_z
1.9952623149688786e-05,1.0000000000630447,1.0000000000008964,1.1466452804488654,H1+H2,10517.552962943291,10515.793103737138,-1.7598592061525666,97,89,1.1466452804488654,bayes_h1h2_marginal_boundary,measured_graph,0.11648530055264184,6.239329588520533,0.005035456131269547,53,h1:h1_z;h2:h2_z
2.5118864315095822e-05,1.0000000000639957,1.0000000000002802,1.6438163032580633,H1+H2,10517.12176830598,10515.544518225734,-1.5772500802469966,97,89,1.6438163032580633,bayes_h1h2_marginal_boundary,measured_graph,0.09084725485286009,6.2393313954754746,0.005035316199016464,53,h1:h1_z;h2:h2_z
3.1622776601683795e-05,1.0000000000645026,0.9999999999981197,2.1780257279424404,H1+H2,10516.682054467732,10515.277413513391,-1.404640954341429,97,89,2.1780257279424404,bayes_h1h2_marginal_boundary,measured_graph,0.06955201332184721,6.239333663376053,0.00503515760997017,53,h1:h1_z;h2:h2_z
3.9810717055349695e-05,1.0000000000647842,1.000000000000478,2.742238052560424,H1+H2,10516.237339179519,10514.995307351082,-1.2420318284358616,97,89,2.742238052560424,bayes_h1h2_marginal_boundary,measured_graph,0.05245568424279555,6.2393365074592655,0.005034965529555565,53,h1:h1_z;h2:h2_z
5.011872336272725e-05,1.0000000000649694,0.9999999999991205,3.3315809090236144,H1+H2,10515.790058625382,10514.70063592285,-1.089422702530293,97,89,3.3315809090236144,bayes_h1h2_marginal_boundary,measured_graph,0.03906774831141482,6.2393400703332835,0.00503472738362865,53,h1:h1_z;h2:h2_z
6.309573444801929e-05,1.0000000000651303,0.9999999999602489,3.9425960974331247,H1+H2,10515.341941905272,10514.395128328646,-0.9468135766247254,97,89,3.9425960974331247,bayes_h1h2_marginal_boundary,measured_graph,0.028783136603216387,6.239344527561942,0.005034430014084111,53,h1:h1_z;h2:h2_z
7.943282347242822e-05,1.0000000000653029,0.9999999999932349,4.572695513768849,H1+H2,10514.894283071197,10514.080078620478,-0.8142044507191568,97,89,4.572695513768849,bayes_h1h2_marginal_boundary,measured_graph,0.021004568735014672,6.239350093760252,0.005034058157769105,53,h1:h1_z;h2:h2_z
0.0001,1.000000000065511,0.9999999999986893,5.2197819406756025,H1+H2,10514.448130731838,10513.756535407025,-0.6915953248135883,97,89,5.2197819406756025,bayes_h1h2_marginal_boundary,measured_graph,0.015198500313783454,6.239357028735112,0.005033593461163247,53,h1:h1_z;h2:h2_z
0.00012589254117941674,1.0000000000657745,0.9999999999997197,5.8819956939987605,H1+H2,10514.004414729272,10513.425428530363,-0.5789861989080206,97,89,5.8819956939987605,bayes_h1h2_marginal_boundary,measured_graph,0.010914474922043275,6.23936564269132,0.0050330136978282754,53,h1:h1_z;h2:h2_z
0.00015848931924611142,1.0000000000661178,0.9999999999998244,6.557548884269636,H1+H2,10513.56402900823,10513.087651935228,-0.47637707300245236,97,89,6.557548884269636,bayes_h1h2_marginal_boundary,measured_graph,0.0077858912959943025,6.239376298613747,0.005032292090981861,53,h1:h1_z;h2:h2_z
0.00019952623149688788,1.0000000000665685,1.0000000000000324,7.244634770733683,H1+H2,10513.127876939092,10512.744108991996,-0.38376794709688455,97,89,7.244634770733683,bayes_h1h2_marginal_boundary,measured_graph,0.0055221669374469875,6.2393894083642865,0.005031396774572694,53,h1:h1_z;h2:h2_z
0.0002511886431509582,1.0000000000671685,1.0000000000000333,7.941406974972779,H1+H2,10512.696881711068,10512.395722889876,-0.30115882119131615,97,89,7.941406974972779,bayes_h1h2_marginal_boundary,measured_graph,0.003897690671608682,6.239405416379689,0.005030290548115292,53,h1:h1_z;h2:h2_z
0.00031622776601683794,1.0000000000679763,0.9999999999999638,8.646044292923762,H1+H2,10512.271953926187,10512.0434042309,-0.22854969528574837,97,89,8.646044292923762,bayes_h1h2_marginal_boundary,measured_graph,0.002740295012209454,6.239424760538587,0.005028931236392839,53,h1:h1_z;h2:h2_z
0.00039810717055349735,1.0000000000690805,1.0000000000000007,9.356944435588957,H1+H2,10511.853894728949,10511.687954159568,-0.16594056938017995,97,89,9.356944435588957,bayes_h1h2_marginal_boundary,measured_graph,0.0019205575066945236,6.239447793151961,0.005027273207431126,53,h1:h1_z;h2:h2_z
0.0005011872336272725,1.0000000000706093,0.9999999999999923,10.073114157381497,H1+H2,10511.443200742146,10511.329869298672,-0.11333144347461188,97,89,10.073114157381497,bayes_h1h2_marginal_boundary,measured_graph,0.001342496111674488,6.239474636055239,0.005025270994043431,53,h1:h1_z;h2:h2_z
0.000630957344480193,1.0000000000727503,0.9999999999999979,10.79487366462854,H1+H2,10511.039711862617,10510.968989545048,-0.07072231756904392,97,89,10.79487366462854,bayes_h1h2_marginal_boundary,measured_graph,0.0009358041156493419,6.239504934915078,0.005022886597068126,53,h1:h1_z;h2:h2_z
0.0007943282347242822,1.000000000075764,1.0000000000000009,11.525056748803763,H1+H2,10510.642011194625,10510.60389800296,-0.03811319166347554,97,89,11.525056748803763,bayes_h1h2_marginal_boundary,measured_graph,0.0006495726170064085,6.239537479280458,0.005020103049021601,53,h1:h1_z;h2:h2_z
0.001,1.0000000000799738,0.9999999999999997,12.270968049415387,H1+H2,10510.246446418412,10510.230942352655,-0.015504065757907535,97,89,12.270968049415387,bayes_h1h2_marginal_boundary,measured_graph,0.00044735791728665365,6.239569695170269,0.005016948335327868,53,h1:h1_z;h2:h2_z
0.0012589254117941675,1.0000000000856706,0.9999999999999986,13.047434608542972,H1+H2,10509.845604012944,10509.842709073091,-0.0028949398523394052,97,89,13.047434608542972,bayes_h1h2_marginal_boundary,measured_graph,0.00030342234245582896,6.239597156639697,0.00501353589954563,53,h1:h1_z;h2:h2_z
0.001584893192461114,1.0000000000928093,1.0000000000000004,13.881328654664685,H1+H2,10509.426047863977,10509.42576205003,-0.0002858139467712683,97,89,13.881328654664685,bayes_h1h2_marginal_boundary,measured_graph,0.00019997226489473636,6.239613581337605,0.005010130462974654,53,h1:h1_z;h2:h2_z
0.0019952623149688807,1.0000000001004001,1.000000000000001,14.817809186130035,H1+H2,10508.965198472339,10508.957521784298,-0.007676688041203171,97,89,14.817809186130035,bayes_h1h2_marginal_boundary,measured_graph,0.0001252032498594177,6.239612235080137,0.005007249468204266,53,h1:h1_z;h2:h2_z
0.002511886431509582,1.0000000001058684,1.0000000000000007,15.928059919653606,H1+H2,10508.427463979671,10508.402396417536,-0.025067562135635053,97,89,15.928059919653606,bayes_h1h2_marginal_boundary,measured_graph,7.186670249538442e-05,6.2395897524589685,0.005005807106837363,53,h1:h1_z;h2:h2_z
0.0031622776601683794,1.0000000001055311,1.0000000000000007,17.317214983027952,H1+H2,10507.760277322079,10507.707818885849,-0.05245843623006681,97,89,17.317214983027952,bayes_h1h2_marginal_boundary,measured_graph,3.588199067881036e-05,6.239551905992093,0.005007290189654759,53,h1:h1_z;h2:h2_z
0.003981071705534973,1.0000000000971505,1.0000000000000002,19.128931142244255,H1+H2,10506.891810116565,10506.80196080624,-0.08984931032449865,97,89,19.128931142244255,bayes_h1h2_marginal_boundary,measured_graph,1.450331780826464e-05,6.239517595050341,0.005013906822571122,53,h1:h1_z;h2:h2_z
0.005011872336272725,1.0000000000824112,0.9999999999999996,21.539116674761317,H1+H2,10505.7341082244,10505.596868039982,-0.13724018441893068,97,89,21.539116674761317,bayes_h1h2_marginal_boundary,measured_graph,4.346125121067275e-06,6.239516152278036,0.005028557816656572,53,h1:h1_z;h2:h2_z
0.006309573444801936,1.0000000000656817,1.0000000000000004,24.726860488073726,H1+H2,10504.19762719184,10504.002996133326,-0.19463105851336257,97,89,24.726860488073726,bayes_h1h2_marginal_boundary,measured_graph,8.828612413425155e-07,6.239578679821765,0.005054384861274227,53,h1:h1_z;h2:h2_z
0.00794328234724282,1.0000000000505378,0.999999999999999,28.813988476791565,H1+H2,10502.221454071574,10501.959432138967,-0.26202193260779433,97,89,28.813988476791565,bayes_h1h2_marginal_boundary,measured_graph,1.1438890034979263e-07,6.239730910354332,0.005093710270108427,53,h1:h1_z;h2:h2_z
0.01,1.0000000000382998,0.9999999999999987,33.788935656841204,H1+H2,10499.811371355645,10499.471958548942,-0.3394128067022262,97,89,33.788935656841204,bayes_h1h2_marginal_boundary,measured_graph,9.50797061843624e-09,6.239992360001975,0.005146620191637328,53,h1:h1_z;h2:h2_z
0.012589254117941675,1.0000000000288451,1.0,39.465214988926164,H1+H2,10497.060622563697,10496.6338188829,-0.42680368079665804,97,89,39.465214988926164,bayes_h1h2_marginal_boundary,measured_graph,5.565439104300013e-10,6.240378230472928,0.005210081670383884,53,h1:h1_z;h2:h2_z
0.01584893192461114,1.0000000000216793,0.9999999999999996,45.518584975950944,H1+H2,10494.131328444279,10493.607133889387,-0.5241945548910899,97,89,45.518584975950944,bayes_h1h2_marginal_boundary,measured_graph,2.6979061866318238e-11,6.240897850569149,0.005278461447642496,53,h1:h1_z;h2:h2_z
0.01995262314968881,1.0000000000163927,1.0000000000000002,51.5831574159638,H1+H2,10491.206433098367,10490.57484766938,-0.6315854289855218,97,89,51.5831574159638,bayes_h1h2_marginal_boundary,measured_graph,1.3005338821253531e-12,6.24154699681323,0.005345241861498963,53,h1:h1_z;h2:h2_z
0.025118864315095822,1.0000000000126932,1.0000000000000007,57.34315050868099,H1+H2,10488.443827426103,10487.694851123022,-0.7489763030799538,97,89,57.34315050868099,bayes_h1h2_marginal_boundary,measured_graph,7.300541316494403e-14,6.2422969388350875,0.0054048390019939985,53,h1:h1_z;h2:h2_z
0.03162277660168379,1.0000000443898502,1.0000000000000002,62.58353804724538,H1+H2,10485.951024530914,10485.07465735374,-0.8763671771743852,97,89,62.58353804724538,bayes_h1h2_marginal_boundary,measured_graph,5.3139732957494715e-15,6.243088889826976,0.005453719105030965,53,h1:h1_z;h2:h2_z
0.039810717055349734,1.0000000402665943,1.0000000000000002,67.20215822524187,H1+H2,10483.77910531601,10482.765347264742,-1.0137580512688171,97,89,67.20215822524187,bayes_h1h2_marginal_boundary,measured_graph,5.27835674139348e-16,6.243845320267546,0.00549068559189511,53,h1:h1_z;h2:h2_z
0.05011872336272725,1.0000000386189032,1.0,71.19473311831462,H1+H2,10481.930208743568,10480.769059818205,-1.1611489253632492,97,89,71.19473311831462,bayes_h1h2_marginal_boundary,measured_graph,7.170048884533926e-17,6.24449596389489,0.005516498675902151,53,h1:h1_z;h2:h2_z
0.06309573444801936,1.0000000389389998,1.0000000000000002,74.62184309477743,H1+H2,10480.374044629432,10479.055504829974,-1.3185397994576809,97,89,74.62184309477743,bayes_h1h2_marginal_boundary,measured_graph,1.2922145917877351e-17,6.245004278297963,0.005533094226033196,53,h1:h1_z;h2:h2_z
0.07943282347242822,1.0000000406549379,1.0,77.57013229981021,H1+H2,10479.06729090101,10477.581360227457,-1.4859306735521132,97,89,77.57013229981021,bayes_h1h2_marginal_boundary,measured_graph,2.958841997592802e-18,6.245373753634455,0.005542769483437728,53,h1:h1_z;h2:h2_z
0.1,1.0000000432109424,1.0,80.12229615654724,H1+H2,10477.968599846736,10476.305278299089,-1.663321547646544,97,89,80.12229615654724,bayes_h1h2_marginal_boundary,measured_graph,8.25898038124879e-19,6.245634785466984,0.005547647807711144,53,h1:h1_z;h2:h2_z
