D,chi2_h1_red,chi2_h2_red,delta_chi2,harmonics,log_likelihood,log_posterior,log_prior,n_h1,n_h2,neg2_delta_logpost,objective,observation_source,posterior_prob,sigma_h1_nL_s,sigma_h2_nL_s,tile_id,weight_mode
1e-05,1.0000002645696808,0.9999994416912007,35.406974410347175,H1+H2,22720.3678561068,22718.000169522933,-2.3676865838692702,185,190,35.406974410347175,bayes_h1h2_marginal_boundary,measured_graph,4.592171837583142e-09,0.058310267097760556,0.017128346998346866,1,h1:h1_z;h2:h2_z
1.2589254117941661e-05,1.0000000033054135,0.9999996855989565,31.5978920738562,H1+H2,22722.05978814914,22719.90471069118,-2.155077457963703,185,190,31.5978920738562,bayes_h1h2_marginal_boundary,measured_graph,3.084251969835808e-08,0.05826749458078234,0.017028789391073055,1,h1:h1_z;h2:h2_z
1.584893192461114e-05,1.0000000144763281,0.9999999065247723,27.787653010847862,H1+H2,22723.762298554742,22721.809830222683,-1.952468332058134,185,190,27.787653010847862,bayes_h1h2_marginal_boundary,measured_graph,2.0726823571996803e-07,0.05820127266630386,0.01695411654469137,1,h1:h1_z;h2:h2_z
1.9952623149688786e-05,1.0000000553526427,0.9999983459854691,24.293469896321767,H1+H2,22725.316780986097,22723.556921779946,-1.7598592061525666,185,190,24.293469896321767,bayes_h1h2_marginal_boundary,measured_graph,1.189282349340882e-06,0.05810039587376275,0.016906313021941892,1,h1:h1_z;h2:h2_z
2.5118864315095822e-05,1.0000001786021198,0.9999996958746526,21.257215537239972,H1+H2,22726.652299039735,22725.075048959487,-1.5772500802469966,185,190,21.257215537239972,bayes_h1h2_marginal_boundary,measured_graph,5.427492478547147e-06,0.057950482206683585,0.016879650196743586,1,h1:h1_z;h2:h2_z
3.1622776601683795e-05,1.0000004641684679,0.9999999592217026,18.608327445101168,H1+H2,22727.804133959897,22726.399493005556,-1.404640954341429,185,190,18.608327445101168,bayes_h1h2_marginal_boundary,measured_graph,2.0407883719525586e-05,0.05773602067802576,0.016866502598929592,1,h1:h1_z;h2:h2_z
3.9810717055349695e-05,1.0000009075775398,0.9999999957011381,16.132789811985276,H1+H2,22728.87929365055,22727.637261822114,-1.2420318284358616,185,190,16.132789811985276,bayes_h1h2_marginal_boundary,measured_graph,7.036458619477473e-05,0.05744645347356819,0.016860822842604407,1,h1:h1_z;h2:h2_z
5.011872336272725e-05,1.0000012168184198,0.9999999996194915,13.586359314547735,H1+H2,22729.999899773364,22728.910477070833,-1.089422702530293,185,190,13.586359314547735,bayes_h1h2_marginal_boundary,measured_graph,0.0002513648195735414,0.057087266639454286,0.016858932249929078,1,h1:h1_z;h2:h2_z
6.309573444801929e-05,1.000001007049014,0.9999999999703502,10.818035356671317,H1+H2,22731.241452626396,22730.29463904977,-0.9468135766247254,185,190,10.818035356671317,bayes_h1h2_marginal_boundary,measured_graph,0.0010033175391594596,0.05669089816818636,0.016858931182964977,1,h1:h1_z;h2:h2_z
7.943282347242822e-05,1.0000004715079551,0.999999999998009,7.8742105408528005,H1+H2,22732.5807559084,22731.76655145768,-0.8142044507191568,185,190,7.8742105408528005,bayes_h1h2_marginal_boundary,measured_graph,0.004372016989022563,0.056313260610244824,0.016859957332321835,1,h1:h1_z;h2:h2_z
0.0001,1.0000001206850235,0.9999999955338651,5.016781405880465,H1+H2,22733.88686134998,22733.195266025166,-0.6915953248135883,185,190,5.016781405880465,bayes_h1h2_marginal_boundary,measured_graph,0.018245874937589345,0.05600783655032205,0.016861679195883193,1,h1:h1_z;h2:h2_z
0.00012589254117941674,1.0000013860725046,0.9999999992746557,2.6057436831033556,H1+H2,22734.979771085462,22734.400784886555,-0.5789861989080206,185,190,2.6057436831033556,bayes_h1h2_marginal_boundary,measured_graph,0.060913686397103685,0.05579746383182371,0.016864022621310343,1,h1:h1_z;h2:h2_z
0.00015848931924611142,1.0000002199751692,0.9999999998848799,0.9217137181840371,H1+H2,22735.719176942017,22735.242799869015,-0.47637707300245236,185,190,0.9217137181840371,bayes_h1h2_marginal_boundary,measured_graph,0.1413830491425496,0.05567156889708741,0.016867042908708982,1,h1:h1_z;h2:h2_z
0.00019952623149688788,1.0000000265284505,0.9999999999820615,0.06949218027148163,H1+H2,22736.052678585067,22735.66891063797,-0.38376794709688455,185,190,0.06949218027148163,bayes_h1h2_marginal_boundary,measured_graph,0.21649850377899835,0.055603967572152586,0.016870871267803473,1,h1:h1_z;h2:h2_z
0.0002511886431509582,1.0000000026232316,0.999999999997237,-0.0,H1+H2,22736.0048155493,22735.703656728107,-0.30115882119131615,185,190,-0.0,bayes_h1h2_marginal_boundary,measured_graph,0.22415319550550195,0.05557027581442678,0.01687569730217484,1,h1:h1_z;h2:h2_z
0.00031622776601683794,1.000000000226979,0.9999999999995779,0.587863763612404,H1+H2,22735.638274541587,22735.4097248463,-0.22854969528574837,185,190,0.587863763612404,bayes_h1h2_marginal_boundary,measured_graph,0.1670674870400064,0.05555421887891183,0.016881767716937588,1,h1:h1_z;h2:h2_z
0.00039810717055349735,1.0000000553677937,0.9999999999999324,1.698609287806903,H1+H2,22735.020292653582,22734.854352084203,-0.16594056938017995,185,190,1.698609287806903,bayes_h1h2_marginal_boundary,measured_graph,0.09587306555079356,0.05554699637318949,0.016889392556896556,1,h1:h1_z;h2:h2_z
0.0005011872336272725,1.0000000099296955,0.9999999999999862,3.225019509976846,H1+H2,22734.204478416592,22734.091146973118,-0.11333144347461188,185,190,3.225019509976846,bayes_h1h2_marginal_boundary,measured_graph,0.044693137735569474,0.055544760962443394,0.016898954379956626,1,h1:h1_z;h2:h2_z
0.000630957344480193,1.0000000017780186,0.9999999999999912,5.099772942579875,H1+H2,22733.224492574387,22733.153770256817,-0.07072231756904392,185,190,5.099772942579875,bayes_h1h2_marginal_boundary,measured_graph,0.017504242065774344,0.05554662946806105,0.016910916464600013,1,h1:h1_z;h2:h2_z
0.0007943282347242822,1.0000000003258387,0.999999999999997,7.296656611884828,H1+H2,22732.093441613826,22732.055328422164,-0.03811319166347554,185,190,7.296656611884828,bayes_h1h2_marginal_boundary,measured_graph,0.005835741996142884,0.05555372252161015,0.01692582396848711,1,h1:h1_z;h2:h2_z
0.001,1.0000000000630551,1.0000000000000004,9.828900903419708,H1+H2,22730.804710342156,22730.789206276397,-0.015504065757907535,185,190,9.828900903419708,bayes_h1h2_marginal_boundary,measured_graph,0.001645228491028807,0.05556899079103349,0.016944286151472407,1,h1:h1_z;h2:h2_z
0.0012589254117941675,1.0000000000135563,0.9999999999999951,12.74836873543245,H1+H2,22729.33236730024,22729.32947236039,-0.0028949398523394052,185,190,12.74836873543245,bayes_h1h2_marginal_boundary,measured_graph,0.0003821834151969817,0.055597630492005896,0.01696691645531264,1,h1:h1_z;h2:h2_z
0.001584893192461114,1.0000000000034457,0.9999999999999958,16.145847846899414,H1+H2,22727.631018618602,22727.630732804657,-0.0002858139467712683,185,190,16.145847846899414,bayes_h1h2_marginal_boundary,measured_graph,6.990667107771479e-05,0.05564795128186961,0.016994188736447743,1,h1:h1_z;h2:h2_z
0.0019952623149688807,1.000000000001144,1.0000000000000002,20.149665830365848,H1+H2,22725.636500500965,22725.628823812924,-0.007676688041203171,185,190,20.149665830365848,bayes_h1h2_marginal_boundary,measured_graph,9.442795694606445e-06,0.05573257037283162,0.0170261464556954,1,h1:h1_z;h2:h2_z
0.002511886431509582,1.000000000000514,1.0000000000000002,24.916775578320085,H1+H2,22723.270336501082,22723.245268938947,-0.025067562135635053,185,190,24.916775578320085,bayes_h1h2_marginal_boundary,measured_graph,8.708349772959423e-07,0.05586963006756566,0.01706190184240924,1,h1:h1_z;h2:h2_z
0.0031622776601683794,1.0000000000003162,0.999999999999997,30.60880999742949,H1+H2,22720.45171016562,22720.399251729392,-0.05245843623006681,185,190,30.60880999742949,bayes_h1h2_marginal_boundary,measured_graph,5.0573882446387464e-08,0.05608334333845573,0.017098948513648963,1,h1:h1_z;h2:h2_z
0.003981071705534973,1.000000000000264,1.0000000000000018,37.35052676471969,H1+H2,22717.11824265607,22717.028393345747,-0.08984931032449865,185,190,37.35052676471969,bayes_h1h2_marginal_boundary,measured_graph,1.7377252011096596e-09,0.05640275602784653,0.017132566432388353,1,h1:h1_z;h2:h2_z
0.005011872336272725,1.0000000000002724,1.000000000000002,45.1861564445644,H1+H2,22713.247818690244,22713.110578505824,-0.13724018441893068,185,190,45.1861564445644,bayes_h1h2_marginal_boundary,measured_graph,3.4553793489137654e-11,0.056857885844589354,0.01715597517584983,1,h1:h1_z;h2:h2_z
0.006309573444801936,1.0000000000002864,1.0000000000000018,54.075258067772666,H1+H2,22708.860658752732,22708.66602769422,-0.19463105851336257,185,190,54.075258067772666,bayes_h1h2_marginal_boundary,measured_graph,4.0574375241120366e-13,0.057474185277993285,0.01716199919896317,1,h1:h1_z;h2:h2_z
0.00794328234724282,1.0000000000003368,0.9999999999999976,63.96636627623229,H1+H2,22703.9824955226,22703.72047358999,-0.26202193260779433,185,190,63.96636627623229,bayes_h1h2_marginal_boundary,measured_graph,2.886855087018576e-15,0.0582683287313729,0.017146264640150607,1,h1:h1_z;h2:h2_z
0.01,1.0000000000004265,1.0000000000000018,74.90666579810932,H1+H2,22698.589736635753,22698.250323829052,-0.3394128067022262,185,190,74.90666579810932,bayes_h1h2_marginal_boundary,measured_graph,1.2155396438031936e-17,0.05924629575153427,0.017110449275250513,1,h1:h1_z;h2:h2_z
0.012589254117941675,1.0000000000005393,0.9999999999999992,87.04556722118286,H1+H2,22692.60767679831,22692.180873117515,-0.42680368079665804,185,190,87.04556722118286,bayes_h1h2_marginal_boundary,measured_graph,2.81086621359902e-20,0.060398494092154344,0.017063325411195412,1,h1:h1_z;h2:h2_z
0.01584893192461114,1.0000000000006923,1.0000000000000029,100.44812911093322,H1+H2,22686.00378672753,22685.47959217264,-0.5241945548910899,185,190,100.44812911093322,bayes_h1h2_marginal_boundary,measured_graph,3.455499538579811e-23,0.061687370031334114,0.01701863059626468,1,h1:h1_z;h2:h2_z
0.01995262314968881,1.0000000000008564,1.0000000000000027,114.86461180092738,H1+H2,22678.90293625663,22678.271350827643,-0.6315854289855218,185,190,114.86461180092738,bayes_h1h2_marginal_boundary,measured_graph,2.558653043146016e-26,0.0630367298951716,0.016991031211552605,1,h1:h1_z;h2:h2_z
0.025118864315095822,1.000000000000993,0.9999999999999994,129.71266171193565,H1+H2,22671.596302175218,22670.84732587214,-0.7489763030799538,185,190,129.71266171193565,bayes_h1h2_marginal_boundary,measured_graph,1.5268568691547117e-29,0.06434087545353935,0.016992410799177,1,h1:h1_z;h2:h2_z
0.03162277660168379,1.0000000000010776,1.000000000000002,144.3310234316814,H1+H2,22664.41451218944,22663.538145012266,-0.8763671771743852,185,190,144.3310234316814,bayes_h1h2_marginal_boundary,measured_graph,1.0220247488554462e-32,0.06549687017775757,0.017030056228123473,1,h1:h1_z;h2:h2_z
0.039810717055349734,1.0000000000010958,1.000000000000002,158.3040935546669,H1+H2,22657.56536800204,22656.551609950773,-1.0137580512688171,185,190,158.3040935546669,bayes_h1h2_marginal_boundary,measured_graph,9.44599666177498e-36,0.0664399393903671,0.017107102036557707,1,h1:h1_z;h2:h2_z
0.05011872336272725,1.0000000000010816,1.000000000000002,171.64941800884117,H1+H2,22651.04009664905,22649.878947723686,-1.1611489253632492,185,190,171.64941800884117,bayes_h1h2_marginal_boundary,measured_graph,1.1949435872821605e-38,0.06715925896838358,0.01722485105751016,1,h1:h1_z;h2:h2_z
0.06309573444801936,1.0000000000010179,1.0000000000000013,184.81456293037627,H1+H2,22644.614915062375,22643.29637526292,-1.3185397994576809,185,190,184.81456293037627,bayes_h1h2_marginal_boundary,measured_graph,1.6541409244660919e-41,0.06768934944751995,0.017385749745959373,1,h1:h1_z;h2:h2_z
0.07943282347242822,1.0000000000009501,0.9999999999999992,198.49829820982995,H1+H2,22637.940438296744,22636.45450762319,-1.4859306735521132,185,190,198.49829820982995,bayes_h1h2_marginal_boundary,measured_graph,1.7667989994677282e-44,0.06808857099772425,0.01759426732009499,1,h1:h1_z;h2:h2_z
0.1,1.0000000000008822,1.0000000000000002,213.31806390103156,H1+H2,22630.707946325238,22629.04462477759,-1.663321547646544,185,190,213.31806390103156,bayes_h1h2_marginal_boundary,measured_graph,1.0693402481878909e-47,0.06841926334522218,0.01785286967230491,1,h1:h1_z;h2:h2_z
1e-05,1.000000268080982,0.9999968304678483,207.55762999221042,H1+H2,39107.61970036383,39105.25201377996,-2.3676865838692702,306,337,207.55762999221042,bayes_h1h2_marginal_boundary,measured_graph,3.9958683762416264e-46,0.059555827231336,0.022897908741404287,2,h1:h1_z;h2:h2_z
1.2589254117941661e-05,1.000001111421687,0.9999986235767009,200.5852882059844,H1+H2,39110.89326213104,39108.73818467307,-2.155077457963703,306,337,200.5852882059844,bayes_h1h2_marginal_boundary,measured_graph,1.3050764592086247e-44,0.05934538065557881,0.022814626723390834,2,h1:h1_z;h2:h2_z
1.584893192461114e-05,1.0000039509945167,0.9999996251149063,193.12549438289716,H1+H2,39114.42054991667,39112.468081584615,-1.952468332058134,306,337,193.12549438289716,bayes_h1h2_marginal_boundary,measured_graph,5.4388815757612656e-43,0.059026841068338866,0.022757639502563768,2,h1:h1_z;h2:h2_z
1.9952623149688786e-05,1.0000004570829442,0.9999999318357478,185.0275826125726,H1+H2,39118.27689667593,39116.51703746978,-1.7598592061525666,306,337,185.0275826125726,bayes_h1h2_marginal_boundary,measured_graph,3.118521920730759e-41,0.05855819224661915,0.022722758570921996,2,h1:h1_z;h2:h2_z
2.5118864315095822e-05,1.0000014037581701,0.9999999910105275,175.75224744439765,H1+H2,39122.73195513411,39121.154705053865,-1.5772500802469966,306,337,175.75224744439765,bayes_h1h2_marginal_boundary,measured_graph,3.221530458514297e-39,0.05789907666744909,0.022702339475720423,2,h1:h1_z;h2:h2_z
3.1622776601683795e-05,1.0000027692360043,0.9999999990659753,164.53808355311048,H1+H2,39128.16642795385,39126.76178699951,-1.404640954341429,306,337,164.53808355311048,bayes_h1h2_marginal_boundary,measured_graph,8.773785050380065e-37,0.057038713501942666,0.022689590334317444,2,h1:h1_z;h2:h2_z
3.9810717055349695e-05,1.0000029810754414,0.9999999999179431,150.81401869142428,H1+H2,39134.865851258786,39133.62381943035,-1.2420318284358616,306,337,150.81401869142428,bayes_h1h2_marginal_boundary,measured_graph,8.381655559909962e-34,0.05603697444589473,0.022679963562586513,2,h1:h1_z;h2:h2_z
5.011872336272725e-05,1.0000015015141834,0.9999999655865607,134.7722871805745,H1+H2,39142.734107888304,39141.644685185776,-1.089422702530293,306,337,134.7722871805745,bayes_h1h2_marginal_boundary,measured_graph,2.5512178650060228e-30,0.05504064659490239,0.02267078994670484,2,h1:h1_z;h2:h2_z
6.309573444801929e-05,1.0000062353032824,0.9999999939695665,117.68860012099321,H1+H2,39151.13334229219,39150.18652871557,-0.9468135766247254,306,337,117.68860012099321,bayes_h1h2_marginal_boundary,measured_graph,1.3074438834822e-26,0.054216307071979615,0.022660507087847975,2,h1:h1_z;h2:h2_z
7.943282347242822e-05,1.0000009551072633,0.9999999989777091,101.45171756365744,H1+H2,39159.11917444495,39158.304969994235,-0.8142044507191568,306,337,101.45171756365744,bayes_h1h2_marginal_boundary,measured_graph,4.387501790042428e-23,0.053646411509864926,0.022648062841355694,2,h1:h1_z;h2:h2_z
0.0001,1.0000000871277432,0.9999999998300243,87.59293325802719,H1+H2,39165.92595747187,39165.23436214705,-0.6915953248135883,306,337,87.59293325802719,bayes_h1h2_marginal_boundary,measured_graph,4.4834680740149524e-20,0.05330615690735514,0.022632550078449207,2,h1:h1_z;h2:h2_z
0.00012589254117941674,1.0000005434157366,0.9999999999720065,76.7161406717205,H1+H2,39171.251744639114,39170.6727584402,-0.5789861989080206,306,337,76.7161406717205,bayes_h1h2_marginal_boundary,measured_graph,1.031524582231214e-17,0.053123085748554115,0.022613003772413882,2,h1:h1_z;h2:h2_z
0.00015848931924611142,1.000000053114906,0.999999999995409,68.60665507613157,H1+H2,39175.203878311004,39174.727501238,-0.47637707300245236,306,337,68.60665507613157,bayes_h1h2_marginal_boundary,measured_graph,5.948836115502888e-16,0.053029542857714586,0.02258827555681271,2,h1:h1_z;h2:h2_z
0.00019952623149688788,1.000000004483423,0.9999999999992265,62.621113837405574,H1+H2,39178.10403980446,39177.72027185736,-0.38376794709688455,306,337,62.621113837405574,bayes_h1h2_marginal_boundary,measured_graph,1.1862487568299877e-14,0.05298043048500783,0.022556940630984967,2,h1:h1_z;h2:h2_z
0.0002511886431509582,1.0000000003415368,0.9999999999998681,58.00932373912656,H1+H2,39180.32732572769,39180.0261669065,-0.30115882119131615,306,337,58.00932373912656,bayes_h1h2_marginal_boundary,measured_graph,1.1901816935259894e-13,0.05295064456773427,0.022517217263128952,2,h1:h1_z;h2:h2_z
0.00031622776601683794,1.0000000677394096,0.999999999999978,54.07811088221206,H1+H2,39182.22032303024,39181.99177333496,-0.22854969528574837,306,337,54.07811088221206,bayes_h1h2_marginal_boundary,measured_graph,8.496993606346458e-13,0.05292751706499803,0.022466901338052847,2,h1:h1_z;h2:h2_z
0.00039810717055349735,1.0000000113646472,0.9999999999999942,50.24018619893468,H1+H2,39184.076676245975,39183.910735676596,-0.16594056938017995,306,337,50.24018619893468,bayes_h1h2_marginal_boundary,measured_graph,5.789753146416543e-12,0.05290493218992824,0.02240334471444883,2,h1:h1_z;h2:h2_z
0.0005011872336272725,1.0000000018786368,0.9999999999999984,46.01218303179485,H1+H2,39186.13806870364,39186.024737260166,-0.11333144347461188,306,337,46.01218303179485,bayes_h1h2_marginal_boundary,measured_graph,4.794676053292465e-11,0.05287991029327408,0.022323547857149302,2,h1:h1_z;h2:h2_z
0.000630957344480193,1.0000000003078895,1.0000000000000007,41.00905186809541,H1+H2,39188.597025159586,39188.526302842016,-0.07072231756904392,306,337,41.00905186809541,bayes_h1h2_marginal_boundary,measured_graph,5.850263106118062e-10,0.052851011646467036,0.02222450206129944,2,h1:h1_z;h2:h2_z
0.0007943282347242822,1.000000000050684,0.9999999999999983,34.96664723425056,H1+H2,39191.585618350604,39191.54750515894,-0.03811319166347554,306,337,34.96664723425056,bayes_h1h2_marginal_boundary,measured_graph,1.2002366750696475e-08,0.052817786805362706,0.022103989995156524,2,h1:h1_z;h2:h2_z
0.001,1.00000000000869,0.9999999999999993,27.813972543212003,H1+H2,39195.13934657021,39195.12384250446,-0.015504065757907535,306,337,27.813972543212003,bayes_h1h2_marginal_boundary,measured_graph,4.289932588142498e-07,0.05278092299218403,0.0219620526681944,2,h1:h1_z;h2:h2_z
0.0012589254117941675,1.0000000000018439,0.9999999999999994,19.798518654992222,H1+H2,39199.13446438842,39199.13156944857,-0.0028949398523394052,306,337,19.798518654992222,bayes_h1h2_marginal_boundary,measured_graph,2.3603921658871537e-05,0.05274299727587078,0.021803061864446718,2,h1:h1_z;h2:h2_z
0.001584893192461114,1.0000000000006395,0.9999999999999997,11.625886006266228,H1+H2,39203.21817158688,39203.21788577293,-0.0002858139467712683,306,337,11.625886006266228,bayes_h1h2_marginal_boundary,measured_graph,0.0014049109438174464,0.052709926796237885,0.021637617008809586,2,h1:h1_z;h2:h2_z
0.0019952623149688807,1.0000000000005054,1.0000000000000002,4.518534001123044,H1+H2,39206.77923846355,39206.7715617755,-0.007676688041203171,306,337,4.518534001123044,bayes_h1h2_marginal_boundary,measured_graph,0.04908973344669225,0.052693155293289405,0.021482638943321534,2,h1:h1_z;h2:h2_z
0.002511886431509582,1.0000000000006002,0.9999999999999991,0.08796819427516311,H1+H2,39209.01191224106,39208.986844678926,-0.025067562135635053,306,337,0.08796819427516311,bayes_h1h2_marginal_boundary,measured_graph,0.44985837976053294,0.052712109920296894,0.02135821807605105,2,h1:h1_z;h2:h2_z
0.0031622776601683794,1.0000000000009515,0.9999999999999997,-0.0,H1+H2,39209.08328721229,39209.03082877606,-0.05245843623006681,306,337,-0.0,bayes_h1h2_marginal_boundary,measured_graph,0.47008659326660107,0.05279531513710584,0.021281740209388323,2,h1:h1_z;h2:h2_z
0.003981071705534973,1.0000000000014475,1.0,5.540282363610459,H1+H2,39206.35053690458,39206.26068759426,-0.08984931032449865,306,337,5.540282363610459,bayes_h1h2_marginal_boundary,measured_graph,0.02945240989855557,0.05297735967532807,0.021262188511722825,2,h1:h1_z;h2:h2_z
0.005011872336272725,1.0000000000020315,0.9999999999999997,17.261747006850783,H1+H2,39200.53719545706,39200.39995527264,-0.13724018441893068,306,337,17.261747006850783,bayes_h1h2_marginal_boundary,measured_graph,8.391452273674055e-05,0.053289678646727526,0.021298095177014847,2,h1:h1_z;h2:h2_z
0.006309573444801936,1.0000000000028983,1.0000000000000004,34.86884697136702,H1+H2,39191.79103634889,39191.59640529038,-0.19463105851336257,306,337,34.86884697136702,bayes_h1h2_marginal_boundary,measured_graph,1.2603871025343587e-08,0.05374744817360163,0.021380464728606854,2,h1:h1_z;h2:h2_z
0.00794328234724282,1.0000000000037137,0.9999999999999998,57.36106301697146,H1+H2,39180.61231920018,39180.35029726758,-0.26202193260779433,306,337,57.36106301697146,bayes_h1h2_marginal_boundary,measured_graph,1.6458160499064262e-13,0.05434016578611969,0.021498161837750083,2,h1:h1_z;h2:h2_z
0.01,1.000000000004586,0.9999999999999997,83.33147661561088,H1+H2,39167.70450327496,39167.36509046826,-0.3394128067022262,306,337,83.33147661561088,bayes_h1h2_marginal_boundary,measured_graph,3.7755274652182895e-19,0.05503335222904819,0.02164159389248084,2,h1:h1_z;h2:h2_z
0.012589254117941675,1.0000000000053064,1.0,111.2908975953469,H1+H2,39153.81218365919,39153.38537997839,-0.42680368079665804,306,337,111.2908975953469,bayes_h1h2_marginal_boundary,measured_graph,3.2038082069827845e-25,0.05578081166519065,0.021803153100564306,2,h1:h1_z;h2:h2_z
0.01584893192461114,1.0000000000059928,0.9999999999999993,139.9045524600224,H1+H2,39139.602747100944,39139.07855254605,-0.5241945548910899,306,337,139.9045524600224,bayes_h1h2_marginal_boundary,measured_graph,1.9601544919286333e-31,0.05653845490404134,0.021976021892850757,2,h1:h1_z;h2:h2_z
0.01995262314968881,1.0000000000067562,0.9999999999999991,168.09319173607219,H1+H2,39125.61581833701,39124.98423290803,-0.6315854289855218,306,337,168.09319173607219,bayes_h1h2_marginal_boundary,measured_graph,1.48321823851616e-37,0.05727144963659182,0.022153429741678957,2,h1:h1_z;h2:h2_z
0.025118864315095822,1.0000000000078215,1.0,195.06895961487317,H1+H2,39112.24532527171,39111.49634896863,-0.7489763030799538,306,337,195.06895961487317,bayes_h1h2_marginal_boundary,measured_graph,2.0582185581155977e-43,0.057954053229037364,0.02232960604082894,2,h1:h1_z;h2:h2_z
0.03162277660168379,1.0000000000091362,0.9999999999999994,220.4020775638346,H1+H2,39099.70615717132,39098.829789994146,-0.8763671771743852,306,337,220.4020775638346,bayes_h1h2_marginal_boundary,measured_graph,6.4934398572696655e-49,0.05856665861485125,0.022502376888971325,2,h1:h1_z;h2:h2_z
0.039810717055349734,1.0000000000110634,0.9999999999999997,244.1233577469393,H1+H2,39087.98290795386,39086.969149902594,-1.0137580512688171,306,337,244.1233577469393,bayes_h1h2_marginal_boundary,measured_graph,4.5863192128405546e-54,0.05909537344412079,0.022675619502046475,2,h1:h1_z;h2:h2_z
0.05011872336272725,1.0000000000136626,0.9999999999999998,266.7874121877976,H1+H2,39076.79827160753,39075.637122682165,-1.1611489253632492,306,337,266.7874121877976,bayes_h1h2_marginal_boundary,measured_graph,5.495755310195461e-59,0.05953695220606917,0.02285925124501976,2,h1:h1_z;h2:h2_z
0.06309573444801936,1.0000000000173905,1.0,289.37620102381334,H1+H2,39065.66126806362,39064.34272826416,-1.3185397994576809,306,337,289.37620102381334,bayes_h1h2_marginal_boundary,measured_graph,6.838080608457457e-64,0.05990553312260338,0.02306569728689263,2,h1:h1_z;h2:h2_z
0.07943282347242822,1.0000000000229106,1.0,312.94617608736735,H1+H2,39054.04367140593,39052.55774073238,-1.4859306735521132,306,337,312.94617608736735,bayes_h1h2_marginal_boundary,measured_graph,5.209297514732744e-69,0.06023316780810049,0.023303597010118294,2,h1:h1_z;h2:h2_z
0.1,1.0000000000308975,1.0000000000000004,338.1340258428827,H1+H2,39041.62713740227,39039.96381585462,-1.663321547646544,306,337,338.1340258428827,bayes_h1h2_marginal_boundary,measured_graph,1.7672869956338897e-74,0.060561340829732226,0.023571593531780722,2,h1:h1_z;h2:h2_z
1e-05,1.0000001287819635,0.9999997174492946,86.94043608945503,H1+H2,29827.823964951225,29825.456278367357,-2.3676865838692702,244,252,86.94043608945503,bayes_h1h2_marginal_boundary,measured_graph,3.6350384314188145e-20,0.07566109075193371,0.024315450396864,3,h1:h1_z;h2:h2_z
1.2589254117941661e-05,1.0000004154762163,0.9999995095054297,82.52878675343527,H1+H2,29829.81718049333,29827.662103035367,-2.155077457963703,244,252,82.52878675343527,bayes_h1h2_marginal_boundary,measured_graph,3.299791413849482e-19,0.075623838413454,0.024133490069321997,3,h1:h1_z;h2:h2_z
1.584893192461114e-05,1.0000000050749676,0.9999995082830881,77.10169498613686,H1+H2,29832.328117251076,29830.375648919016,-1.952468332058134,244,252,77.10169498613686,bayes_h1h2_marginal_boundary,measured_graph,4.9769639135416094e-18,0.0755657071229845,0.023943545212354235,3,h1:h1_z;h2:h2_z
1.9952623149688786e-05,1.0000000212024838,0.9999997406078531,70.9560367224476,H1+H2,29835.208337257012,29833.44847805086,-1.7598592061525666,244,252,70.9560367224476,bayes_h1h2_marginal_boundary,measured_graph,1.0751702219691413e-16,0.07547567791018073,0.02377407079491225,3,h1:h1_z;h2:h2_z
2.5118864315095822e-05,1.000000078335972,0.9999999295699386,64.60771549902711,H1+H2,29838.19988874282,29836.62263866257,-1.5772500802469966,244,252,64.60771549902711,bayes_h1h2_marginal_boundary,measured_graph,2.5703819686011305e-15,0.0753381554595186,0.023645798341134307,3,h1:h1_z;h2:h2_z
3.1622776601683795e-05,1.000000249625933,0.999999079329811,58.54197796944209,H1+H2,29841.060148381704,29839.655507427364,-1.404640954341429,244,252,58.54197796944209,bayes_h1h2_marginal_boundary,measured_graph,5.335263026374234e-14,0.07513255409694444,0.0235621761911475,3,h1:h1_z;h2:h2_z
3.9810717055349695e-05,1.0000006584223113,0.9999998465399219,52.96744271800708,H1+H2,29843.684806881516,29842.44277505308,-1.2420318284358616,244,252,52.96744271800708,bayes_h1h2_marginal_boundary,measured_graph,8.662650328459408e-13,0.07483539350576081,0.02351349265802149,3,h1:h1_z;h2:h2_z
5.011872336272725e-05,1.0000013451065073,0.9999999809340284,47.76042975731252,H1+H2,29846.13570423596,29845.04628153343,-1.089422702530293,244,252,47.76042975731252,bayes_h1h2_marginal_boundary,measured_graph,1.170413391717994e-11,0.07442774035886636,0.023486724507598013,3,h1:h1_z;h2:h2_z
6.309573444801929e-05,1.000001937617393,0.9999999980798451,42.59722024323128,H1+H2,29848.574699867095,29847.62788629047,-0.9468135766247254,244,252,42.59722024323128,bayes_h1h2_marginal_boundary,measured_graph,1.547091438315093e-10,0.07391035615823288,0.023471511463278118,3,h1:h1_z;h2:h2_z
7.943282347242822e-05,1.000001763421566,0.9999999998321251,37.173415835270134,H1+H2,29851.15399294517,29850.33978849445,-0.8142044507191568,244,252,37.173415835270134,bayes_h1h2_marginal_boundary,measured_graph,2.3295934973318585e-09,0.07332146372474084,0.023461424121100125,3,h1:h1_z;h2:h2_z
0.0001,1.0000009208587965,0.9999999999868567,31.418496339392732,H1+H2,29853.908843567202,29853.21724824239,-0.6915953248135883,244,252,31.418496339392732,bayes_h1h2_marginal_boundary,measured_graph,4.139472824438827e-08,0.07273761416433391,0.02345297424233933,3,h1:h1_z;h2:h2_z
0.00012589254117941674,1.0000002636210124,0.9999999905489474,25.58994339845958,H1+H2,29856.710510911762,29856.131524712855,-0.5789861989080206,244,252,25.58994339845958,bayes_h1h2_marginal_boundary,measured_graph,7.631312280661552e-07,0.07224029036643566,0.02344438060479378,3,h1:h1_z;h2:h2_z
0.00015848931924611142,1.000002710253208,0.9999999983290228,20.147064085111197,H1+H2,29859.32934144253,29858.85296436953,-0.47637707300245236,244,252,20.147064085111197,bayes_h1h2_marginal_boundary,measured_graph,1.160126778313247e-05,0.07187066963144627,0.023434735624884042,3,h1:h1_z;h2:h2_z
0.00019952623149688788,1.000000462125986,0.999999999704968,15.485043565866363,H1+H2,29861.567742576248,29861.18397462915,-0.38376794709688455,244,252,15.485043565866363,bayes_h1h2_marginal_boundary,measured_graph,0.00011935767333303335,0.07161816147376719,0.023423579584696732,3,h1:h1_z;h2:h2_z
0.0002511886431509582,1.0000000596455585,0.999999999947276,11.756031556862581,H1+H2,29863.349639454846,29863.048480633654,-0.30115882119131615,244,252,11.756031556862581,bayes_h1h2_marginal_boundary,measured_graph,0.0007701849246634649,0.07144338701079962,0.02341074622642481,3,h1:h1_z;h2:h2_z
0.00031622776601683794,1.0000000063182897,0.999999999990309,8.872688085786649,H1+H2,29864.718702064478,29864.49015236919,-0.22854969528574837,244,252,8.872688085786649,bayes_h1h2_marginal_boundary,measured_graph,0.00325615517270668,0.07130584824789499,0.02339638827931064,3,h1:h1_z;h2:h2_z
0.00039810717055349735,1.0000000005903609,0.9999999999980994,6.61990548036556,H1+H2,29865.78248424128,29865.616543671902,-0.16594056938017995,244,252,6.61990548036556,bayes_h1h2_marginal_boundary,measured_graph,0.010043628036237815,0.07117519905097362,0.023381148036696203,3,h1:h1_z;h2:h2_z
0.0005011872336272725,1.000000000051738,0.9999999999995866,4.768759345482977,H1+H2,29866.655448182817,29866.542116739343,-0.11333144347461188,244,252,4.768759345482977,bayes_h1h2_marginal_boundary,measured_graph,0.025343225980455457,0.07103118098283781,0.02336648584366499,3,h1:h1_z;h2:h2_z
0.000630957344480193,1.0000000217767664,0.9999999999999195,3.154299542082299,H1+H2,29867.420068958614,29867.349346641044,-0.07072231756904392,244,252,3.154299542082299,bayes_h1h2_marginal_boundary,measured_graph,0.05681164806797562,0.07085986511487526,0.023355199421644945,3,h1:h1_z;h2:h2_z
0.0007943282347242822,1.000000004381078,0.9999999999999897,1.725016691358178,H1+H2,29868.102101258068,29868.063988066406,-0.03811319166347554,244,252,1.725016691358178,bayes_h1h2_marginal_boundary,measured_graph,0.11609197927407995,0.07065050911557728,0.023352142742210216,3,h1:h1_z;h2:h2_z
0.001,1.0000000009470984,0.9999999999999901,0.580440361998626,H1+H2,29868.651780296845,29868.636276231086,-0.015504065757907535,244,252,0.580440361998626,bayes_h1h2_marginal_boundary,measured_graph,0.2057518778490565,0.07039417390263956,0.023365035501843812,3,h1:h1_z;h2:h2_z
0.0012589254117941675,1.0000000002304537,0.9999999999999966,-0.0,H1+H2,29868.929391351936,29868.926496412085,-0.0028949398523394052,244,252,-0.0,bayes_h1h2_marginal_boundary,measured_graph,0.27503301564830185,0.07008426311367275,0.023404983595583687,3,h1:h1_z;h2:h2_z
0.001584893192461114,1.0000000000660476,1.0000000000000007,0.44700875540002016,H1+H2,29868.70327784833,29868.702992034385,-0.0002858139467712683,244,252,0.44700875540002016,bayes_h1h2_marginal_boundary,measured_graph,0.21994703550495348,0.06971910969523264,0.023485961843451253,3,h1:h1_z;h2:h2_z
0.0019952623149688807,1.0000000000228781,0.9999999999999987,2.5248410427593626,H1+H2,29867.671752578746,29867.664075890705,-0.007676688041203171,244,252,2.5248410427593626,bayes_h1h2_marginal_boundary,measured_graph,0.0778256155714034,0.06930670825312281,0.023622479054247754,3,h1:h1_z;h2:h2_z
0.002511886431509582,1.0000000000095337,1.0000000000000049,6.892200032583787,H1+H2,29865.50546395793,29865.480396395793,-0.025067562135635053,244,252,6.892200032583787,bayes_h1h2_marginal_boundary,measured_graph,0.008765215732954095,0.0688706513582015,0.023825748576670604,3,h1:h1_z;h2:h2_z
0.0031622776601683794,1.0000000000046616,1.000000000000002,14.19372112750716,H1+H2,29861.88209428456,29861.82963584833,-0.05245843623006681,244,252,14.19372112750716,bayes_h1h2_marginal_boundary,measured_graph,0.00022764465047247912,0.06845388700028911,0.02410074264869796,3,h1:h1_z;h2:h2_z
0.003981071705534973,1.0000000000026232,1.0000000000000007,25.035282465869386,H1+H2,29856.498704489473,29856.40885517915,-0.08984931032449865,244,252,25.035282465869386,bayes_h1h2_marginal_boundary,measured_graph,1.0070297871725177e-06,0.06811472369716269,0.024446717256695217,3,h1:h1_z;h2:h2_z
0.005011872336272725,1.0000000000017066,0.9999999999999989,39.91023686234985,H1+H2,29849.10861816533,29848.97137798091,-0.13724018441893068,244,252,39.91023686234985,bayes_h1h2_marginal_boundary,measured_graph,5.929075906042366e-10,0.06791239895451646,0.024859896061880035,3,h1:h1_z;h2:h2_z
0.006309573444801936,1.0000000000013103,0.9999999999999998,58.97574323322624,H1+H2,29839.633255853983,29839.43862479547,-0.19463105851336257,244,252,58.97574323322624,bayes_h1h2_marginal_boundary,measured_graph,4.295017172511199e-14,0.06788914102536416,0.025333376934698403,3,h1:h1_z;h2:h2_z
0.00794328234724282,1.0000000000011668,0.9999999999999967,81.78759481711313,H1+H2,29828.294720936137,29828.03269900353,-0.26202193260779433,244,252,81.78759481711313,bayes_h1h2_marginal_boundary,measured_graph,4.780070171909474e-19,0.06806104773212819,0.02585245659368189,3,h1:h1_z;h2:h2_z
0.01,1.0000000000011862,1.000000000000001,107.23716004566086,H1+H2,29815.647329195956,29815.307916389254,-0.3394128067022262,244,252,107.23716004566086,bayes_h1h2_marginal_boundary,measured_graph,1.4227591894391393e-24,0.06842041914378426,0.026390759645797006,3,h1:h1_z;h2:h2_z
0.012589254117941675,1.0000000000013063,1.0000000000000004,133.79565390111384,H1+H2,29802.455473142323,29802.028669461528,-0.42680368079665804,244,252,133.79565390111384,bayes_h1h2_marginal_boundary,measured_graph,2.4323593388375824e-30,0.06894056920901584,0.02691407478394633,3,h1:h1_z;h2:h2_z
0.01584893192461114,1.000000000001506,0.999999999999996,159.94526821238105,H1+H2,29789.478056860786,29788.953862305894,-0.5241945548910899,244,252,159.94526821238105,bayes_h1h2_marginal_boundary,measured_graph,5.101655576915241e-36,0.0695791471262321,0.027391282945835465,3,h1:h1_z;h2:h2_z
0.01995262314968881,1.0000000000017932,0.999999999999997,184.59078212815075,H1+H2,29777.262690776995,29776.63110534801,-0.6315854289855218,244,252,184.59078212815075,bayes_h1h2_marginal_boundary,measured_graph,2.2698950956640703e-41,0.07028694027971902,0.02780423841454781,3,h1:h1_z;h2:h2_z
0.025118864315095822,1.0000000000022111,0.9999999999999983,207.2963137183542,H1+H2,29766.027315855987,29765.278339552908,-0.7489763030799538,244,252,207.2963137183542,bayes_h1h2_marginal_boundary,measured_graph,2.664171924794652e-46,0.07102463481197746,0.0281502563508058,3,h1:h1_z;h2:h2_z
0.03162277660168379,1.0000000000028093,1.000000000000001,228.29029220533994,H1+H2,29755.65771748659,29754.781350309415,-0.8763671771743852,244,252,228.29029220533994,bayes_h1h2_marginal_boundary,measured_graph,7.358304272282681e-51,0.07177698269410282,0.02843847250596607,3,h1:h1_z;h2:h2_z
0.039810717055349734,1.0000000000036182,0.9999999999999977,248.30305029522424,H1+H2,29745.78872931574,29744.774971264473,-1.0137580512688171,244,252,248.30305029522424,bayes_h1h2_marginal_boundary,measured_graph,3.319422544568386e-55,0.0725544564961017,0.02868534923223678,3,h1:h1_z;h2:h2_z
0.05011872336272725,1.0000000000046072,1.0000000000000036,268.35587428704457,H1+H2,29735.909708193925,29734.748559268563,-1.1611489253632492,244,252,268.35587428704457,bayes_h1h2_marginal_boundary,measured_graph,1.4677332612071338e-59,0.07338417091184414,0.0289122960330224,3,h1:h1_z;h2:h2_z
0.06309573444801936,1.0000000000057572,1.0000000000000024,289.5507988154641,H1+H2,29725.46963680381,29724.151097004353,-1.3185397994576809,244,252,289.5507988154641,bayes_h1h2_marginal_boundary,measured_graph,3.666297921714639e-64,0.07429664804868087,0.02914449249469807,3,h1:h1_z;h2:h2_z
0.07943282347242822,1.0000000000071352,1.0000000000000009,312.8290031895376,H1+H2,29713.99792549087,29712.511994817316,-1.4859306735521132,244,252,312.8290031895376,bayes_h1h2_marginal_boundary,measured_graph,3.231691518844226e-69,0.07531252625232672,0.02940829711883868,3,h1:h1_z;h2:h2_z
0.1,1.0000000000090272,1.0000000000000018,338.6865483325164,H1+H2,29701.246543793473,29699.583222245827,-1.663321547646544,244,252,338.6865483325164,bayes_h1h2_marginal_boundary,measured_graph,7.843958962983766e-75,0.07643365701859797,0.029725073738458303,3,h1:h1_z;h2:h2_z
1e-05,1.0000000031837981,0.9999993718534621,39.46910169383045,H1+H2,32974.58419125768,32972.21650467381,-2.3676865838692702,262,285,39.46910169383045,bayes_h1h2_marginal_boundary,measured_graph,5.70939943685679e-10,0.08870606451353923,0.021858959862220168,4,h1:h1_z;h2:h2_z
1.2589254117941661e-05,1.0000000098128807,0.9999992423186634,33.719606827799,H1+H2,32977.24632956479,32975.091252106824,-2.155077457963703,262,285,33.719606827799,bayes_h1h2_marginal_boundary,measured_graph,1.0117596956032479e-08,0.08869504254164706,0.021688361506432663,4,h1:h1_z;h2:h2_z
1.584893192461114e-05,1.0000000279314638,0.9999995053969806,27.197033387827105,H1+H2,32980.305007158866,32978.35253882681,-1.952468332058134,262,285,27.197033387827105,bayes_h1h2_marginal_boundary,measured_graph,2.6389806224261606e-07,0.08867756303609865,0.02152996364754551,4,h1:h1_z;h2:h2_z
1.9952623149688786e-05,1.0000000728347354,0.9999998333748813,20.554166556496057,H1+H2,32983.43383144863,32981.673972242475,-1.7598592061525666,262,285,20.554166556496057,bayes_h1h2_marginal_boundary,measured_graph,7.309983652172414e-06,0.08865018726681188,0.021406302172889424,4,h1:h1_z;h2:h2_z
2.5118864315095822e-05,1.0000001727893815,0.9999977481840321,14.519762285184697,H1+H2,32986.26842445838,32984.69117437813,-1.5772500802469966,262,285,14.519762285184697,bayes_h1h2_marginal_boundary,measured_graph,0.00014937249804410112,0.08860803654183999,0.021325458501408254,4,h1:h1_z;h2:h2_z
3.1622776601683795e-05,1.0000003682614749,0.9999995753473505,9.593831425198005,H1+H2,32988.55878076247,32987.154139808124,-1.404640954341429,262,285,9.593831425198005,bayes_h1h2_marginal_boundary,measured_graph,0.001753569323297756,0.08854470790747371,0.021281386705648914,4,h1:h1_z;h2:h2_z
3.9810717055349695e-05,1.0000006871649803,0.9999999424314945,5.919186728409841,H1+H2,32990.23349398495,32988.99146215652,-1.2420318284358616,262,285,5.919186728409841,bayes_h1h2_marginal_boundary,measured_graph,0.011011890818486967,0.08845292449830727,0.021262714853109797,4,h1:h1_z;h2:h2_z
5.011872336272725e-05,1.000001074578799,0.9999999938974341,3.361667646371643,H1+H2,32991.359644400065,32990.27022169754,-1.089422702530293,262,285,3.361667646371643,bayes_h1h2_marginal_boundary,measured_graph,0.03955670505506145,0.08832671094270818,0.02125950102004118,4,h1:h1_z;h2:h2_z
6.309573444801929e-05,1.0000013245432804,0.9999999994566268,1.668604030928691,H1+H2,32992.06356708188,32991.11675350526,-0.9468135766247254,262,285,1.668604030928691,bayes_h1h2_marginal_boundary,measured_graph,0.09222829965861465,0.08816561951968624,0.021265531266777028,4,h1:h1_z;h2:h2_z
7.943282347242822e-05,1.0000011986316493,0.9999999999573589,0.6067856988083804,H1+H2,32992.46186712204,32991.64766267132,-0.8142044507191568,262,285,0.6067856988083804,bayes_h1h2_marginal_boundary,measured_graph,0.15683215973799447,0.08797963927643948,0.021277769850776916,4,h1:h1_z;h2:h2_z
0.0001,1.00000074676969,0.9999999759056982,0.048675996920792386,H1+H2,32992.61831284708,32991.92671752226,-0.6915953248135883,262,285,0.048675996920792386,bayes_h1h2_marginal_boundary,measured_graph,0.20731327151334691,0.08779009812453042,0.021295211124675792,4,h1:h1_z;h2:h2_z
0.00012589254117941674,1.000000308942413,0.9999999959067853,-0.0,H1+H2,32992.530041719634,32991.95105552072,-0.5789861989080206,262,285,-0.0,bayes_h1h2_marginal_boundary,measured_graph,0.2124207625396241,0.08762193499770497,0.021318017307169777,4,h1:h1_z;h2:h2_z
0.00015848931924611142,1.0000000854828521,0.9999999993184606,0.5651643869496183,H1+H2,32992.144850400255,32991.66847332725,-0.47637707300245236,262,285,0.5651643869496183,bayes_h1h2_marginal_boundary,measured_graph,0.16013013736773318,0.0874910740043527,0.021347049705010585,4,h1:h1_z;h2:h2_z
0.00019952623149688788,1.0000000166259235,0.9999999998875154,1.874884591976297,H1+H2,32991.39738117183,32991.013613224735,-0.38376794709688455,262,285,1.874884591976297,bayes_h1h2_marginal_boundary,measured_graph,0.08318996608978382,0.08739813240450034,0.021383659096223046,4,h1:h1_z;h2:h2_z
0.0002511886431509582,1.000000002455839,0.9999999999814265,4.0285503693448845,H1+H2,32990.23793915724,32989.93678033605,-0.30115882119131615,262,285,4.0285503693448845,bayes_h1h2_marginal_boundary,measured_graph,0.028340555971784986,0.08733286892869675,0.021429616400970467,4,h1:h1_z;h2:h2_z
0.00031622776601683794,1.0000000003006242,0.9999999999968509,7.082789211242925,H1+H2,32988.638210610385,32988.4096609151,-0.22854969528574837,262,285,7.082789211242925,bayes_h1h2_marginal_boundary,measured_graph,0.006154444052590358,0.08728242927515893,0.021487092892567877,4,h1:h1_z;h2:h2_z
0.00039810717055349735,1.0000000000332556,0.9999999999994669,11.07202351122396,H1+H2,32986.58098433449,32986.41504376511,-0.16594056938017995,262,285,11.07202351122396,bayes_h1h2_marginal_boundary,measured_graph,0.0008374089656252628,0.08723633418172408,0.02155862582482082,4,h1:h1_z;h2:h2_z
0.0005011872336272725,1.0000000189854086,0.9999999999999054,16.029951336953673,H1+H2,32984.049411295724,32983.93607985225,-0.11333144347461188,262,285,16.029951336953673,bayes_h1h2_marginal_boundary,measured_graph,7.020002359658902e-05,0.08718742292891812,0.021646998870734607,4,h1:h1_z;h2:h2_z
0.000630957344480193,1.000000004490722,0.999999999999978,21.992398772461456,H1+H2,32981.02557845206,32980.95485613449,-0.07072231756904392,262,285,21.992398772461456,bayes_h1h2_marginal_boundary,measured_graph,3.5612974453597083e-06,0.08713098424664188,0.021754939250980095,4,h1:h1_z;h2:h2_z
0.0007943282347242822,1.000000001186303,0.9999999999999944,28.97543384988967,H1+H2,32977.501451787444,32977.46333859578,-0.03811319166347554,262,285,28.97543384988967,bayes_h1h2_marginal_boundary,measured_graph,1.0845796403691345e-07,0.08706375609099089,0.021884499668442827,4,h1:h1_z;h2:h2_z
0.001,1.0000000003748089,0.9999999999999982,36.929257579671685,H1+H2,32973.50193079664,32973.48642673089,-0.015504065757907535,262,285,36.929257579671685,bayes_h1h2_marginal_boundary,measured_graph,2.0328745070728227e-09,0.0869834195969199,0.022036003947329113,4,h1:h1_z;h2:h2_z
0.0012589254117941675,1.0000000001502547,0.999999999999998,45.677008857252076,H1+H2,32969.11544603195,32969.1125510921,-0.0028949398523394052,262,285,45.677008857252076,bayes_h1h2_marginal_boundary,measured_graph,2.5618902168397924e-11,0.08688864110238813,0.02220661179045312,4,h1:h1_z;h2:h2_z
0.001584893192461114,1.0000000000782798,0.9999999999999992,54.86910757383157,H1+H2,32964.51678754776,32964.51650173381,-0.0002858139467712683,262,285,54.86910757383157,bayes_h1h2_marginal_boundary,measured_graph,2.585363661985542e-13,0.08677963489806477,0.022389071730264592,4,h1:h1_z;h2:h2_z
0.0019952623149688807,1.0000000000517473,0.9999999999999996,64.0151663536526,H1+H2,32959.95114903194,32959.9434723439,-0.007676688041203171,262,285,64.0151663536526,bayes_h1h2_marginal_boundary,measured_graph,2.6698091107692018e-15,0.08665914292287465,0.02257203367387948,4,h1:h1_z;h2:h2_z
0.002511886431509582,1.0000000000410498,0.9999999999999996,72.65587115861126,H1+H2,32955.64818750355,32955.62311994142,-0.025067562135635053,262,285,72.65587115861126,bayes_h1h2_marginal_boundary,measured_graph,3.5495639298175265e-17,0.08653347068286535,0.022743515335766882,4,h1:h1_z;h2:h2_z
0.0031622776601683794,1.0000000000367535,0.9999999999999992,80.64011897158343,H1+H2,32951.68345447116,32951.63099603493,-0.05245843623006681,262,285,80.64011897158343,bayes_h1h2_marginal_boundary,measured_graph,6.552659768657398e-19,0.08641265307118419,0.022897170433194065,4,h1:h1_z;h2:h2_z
0.003981071705534973,1.0000000000352645,1.000000000000001,88.30744203137874,H1+H2,32947.88718381536,32947.797334505034,-0.08984931032449865,262,285,88.30744203137874,bayes_h1h2_marginal_boundary,measured_graph,1.4173580377507938e-20,0.08630832108198436,0.023037266058958648,4,h1:h1_z;h2:h2_z
0.005011872336272725,1.000000000034937,0.9999999999999992,96.36005777226819,H1+H2,32943.90826681901,32943.77102663459,-0.13724018441893068,262,285,96.36005777226819,bayes_h1h2_marginal_boundary,measured_graph,2.528577565139687e-22,0.08622863351172959,0.02317745466774579,4,h1:h1_z;h2:h2_z
0.006309573444801936,1.0000000000349198,1.0,105.4765245855815,H1+H2,32939.407424286444,32939.21279322793,-0.19463105851336257,262,285,105.4765245855815,bayes_h1h2_marginal_boundary,measured_graph,2.6500902519143516e-24,0.08617269237877645,0.02333366354242496,4,h1:h1_z;h2:h2_z
0.00794328234724282,1.0000000000349385,1.0000000000000004,115.99008256715024,H1+H2,32934.218036169754,32933.95601423715,-0.26202193260779433,262,285,115.99008256715024,bayes_h1h2_marginal_boundary,measured_graph,1.38124448283464e-26,0.08612965959252916,0.023517023586409672,4,h1:h1_z;h2:h2_z
0.01,1.000000000035139,1.0000000000000009,127.88349688329617,H1+H2,32928.34871988578,32928.009307079075,-0.3394128067022262,262,285,127.88349688329617,bayes_h1h2_marginal_boundary,measured_graph,3.611174309206113e-29,0.08608533735452444,0.023731925245912177,4,h1:h1_z;h2:h2_z
0.012589254117941675,1.000000000035965,1.0000000000000002,141.0387693719531,H1+H2,32921.858474515546,32921.43167083475,-0.42680368079665804,262,285,141.0387693719531,bayes_h1h2_marginal_boundary,measured_graph,5.023626320463079e-32,0.08603256499969145,0.023978905445052587,4,h1:h1_z;h2:h2_z
0.01584893192461114,1.0000000000381009,1.0000000000000004,155.48337437369628,H1+H2,32914.73356288877,32914.209368333875,-0.5241945548910899,262,285,155.48337437369628,bayes_h1h2_marginal_boundary,measured_graph,3.667846942055068e-35,0.08597916576887171,0.024258203959381514,4,h1:h1_z;h2:h2_z
0.01995262314968881,1.0000000000427371,1.0000000000000002,171.45387983397814,H1+H2,32906.85570103272,32906.224115603734,-0.6315854289855218,262,285,171.45387983397814,bayes_h1h2_marginal_boundary,measured_graph,1.2487054497429263e-38,0.08594992350697678,0.02457071031888295,4,h1:h1_z;h2:h2_z
0.025118864315095822,1.0000000000523743,1.0000000000000004,189.29012803196383,H1+H2,32898.054967807824,32897.30599150474,-0.7489763030799538,262,285,189.29012803196383,bayes_h1h2_marginal_boundary,measured_graph,1.6725069148414017e-42,0.0859823605375792,0.024916495351683676,4,h1:h1_z;h2:h2_z
0.03162277660168379,1.0000000000725995,1.0,209.2529107535811,H1+H2,32888.20096732111,32887.32460014393,-0.8763671771743852,262,285,209.2529107535811,bayes_h1h2_marginal_boundary,measured_graph,7.735791080201576e-47,0.08611806038116944,0.025292598162262744,4,h1:h1_z;h2:h2_z
0.039810717055349734,1.0000000001164475,1.0,231.33445124473656,H1+H2,32877.29758794962,32876.283829898355,-1.0137580512688171,262,285,231.33445124473656,bayes_h1h2_marginal_boundary,measured_graph,1.2403925201152296e-51,0.08639241605269773,0.025691018266982776,4,h1:h1_z;h2:h2_z
0.05011872336272725,1.0000000002169191,0.9999999999999996,255.14361139135144,H1+H2,32865.54039875041,32864.37924982505,-1.1611489253632492,262,285,255.14361139135144,bayes_h1h2_marginal_boundary,measured_graph,8.384278647576467e-57,0.08682585580186027,0.02609810416921086,4,h1:h1_z;h2:h2_z
0.06309573444801936,1.0000000004678924,1.0000000000000004,279.9626134570426,H1+H2,32853.28828859166,32851.9697487922,-1.3185397994576809,262,285,279.9626134570426,bayes_h1h2_marginal_boundary,measured_graph,3.420486508099111e-62,0.08741887828107962,0.02649712493659148,4,h1:h1_z;h2:h2_z
0.07943282347242822,1.0000000011804937,1.0000000000000002,304.9617323959974,H1+H2,32840.95611999628,32839.470189322725,-1.4859306735521132,262,285,304.9617323959974,bayes_h1h2_marginal_boundary,measured_graph,1.2752583560513359e-67,0.08815188856484257,0.02687358199315943,4,h1:h1_z;h2:h2_z
0.1,1.0000000035737655,1.0000000000000007,329.4176533123973,H1+H2,32828.90555041217,32827.242228864525,-1.663321547646544,262,285,329.4176533123973,bayes_h1h2_marginal_boundary,measured_graph,6.238244982667423e-73,0.08899015359719953,0.027219351057055058,4,h1:h1_z;h2:h2_z
1e-05,1.0000000070885524,0.9999960295695,67.66247495180869,H1+H2,27667.63861565887,27665.270929075003,-2.3676865838692702,201,255,67.66247495180869,bayes_h1h2_marginal_boundary,measured_graph,3.3101210557362493e-16,0.07848106252292374,0.017196428963239297,5,h1:h1_z;h2:h2_z
1.2589254117941661e-05,1.000000009811104,0.9999918639697666,60.71134896903095,H1+H2,27670.901569524354,27668.74649206639,-2.155077457963703,201,255,60.71134896903095,bayes_h1h2_marginal_boundary,measured_graph,1.0696992849282747e-14,0.07847790212953921,0.016981553327423137,5,h1:h1_z;h2:h2_z
1.584893192461114e-05,1.0000000138673995,0.9999900720122893,51.963400242239004,H1+H2,27675.072934761847,27673.120466429787,-1.952468332058134,201,255,51.963400242239004,bayes_h1h2_marginal_boundary,measured_graph,8.488962898881665e-13,0.07847339388626666,0.01675087070771348,5,h1:h1_z;h2:h2_z
1.9952623149688786e-05,1.00000001983793,0.9999935346559556,41.95742245254223,H1+H2,27679.883314530787,27678.123455324636,-1.7598592061525666,201,255,41.95742245254223,bayes_h1h2_marginal_boundary,measured_graph,1.2636450647894196e-10,0.07846689812012156,0.016541102394454985,5,h1:h1_z;h2:h2_z
2.5118864315095822e-05,1.0000000285965802,0.999997840513136,31.766463671883685,H1+H2,27684.796184795214,27683.218934714965,-1.5772500802469966,201,255,31.766463671883685,bayes_h1h2_marginal_boundary,measured_graph,2.0633062201393627e-08,0.07845746765061476,0.016381471161996546,5,h1:h1_z;h2:h2_z
3.1622776601683795e-05,1.0000000415478907,0.9999996143339454,22.552668180665933,H1+H2,27689.230473414915,27687.825832460574,-1.404640954341429,201,255,22.552668180665933,bayes_h1h2_marginal_boundary,measured_graph,2.066873785354122e-06,0.07844372503006469,0.01627834149205353,5,h1:h1_z;h2:h2_z
3.9810717055349695e-05,1.0000000608760096,0.9999999594573631,15.06712594714918,H1+H2,27692.810635405767,27691.568603577332,-1.2420318284358616,201,255,15.06712594714918,bayes_h1h2_marginal_boundary,measured_graph,8.725268496435577e-05,0.07842373473969792,0.016220029137562736,5,h1:h1_z;h2:h2_z
5.011872336272725e-05,1.0000000892532888,0.9999994742489777,9.498821047134697,H1+H2,27695.44217872987,27694.35275602734,-1.089422702530293,201,255,9.498821047134697,bayes_h1h2_marginal_boundary,measured_graph,0.0014122801202827045,0.07839494083200152,0.016190165657357116,5,h1:h1_z;h2:h2_z
6.309573444801929e-05,1.0000001276467967,0.9999999413467515,5.637787058076356,H1+H2,27697.230086598494,27696.28327302187,-0.9468135766247254,201,255,5.637787058076356,bayes_h1h2_marginal_boundary,measured_graph,0.00973494996777363,0.07835433257992935,0.016175814225955668,5,h1:h1_z;h2:h2_z
7.943282347242822e-05,1.0000001697391623,0.9999999944531743,3.1088503477876657,H1+H2,27698.36194582773,27697.547741377013,-0.8142044507191568,201,255,3.1088503477876657,bayes_h1h2_marginal_boundary,measured_graph,0.034473497986576125,0.07829910975685878,0.01616909615473876,5,h1:h1_z;h2:h2_z
0.0001,1.0000001961708256,0.9999999995254812,1.53479859426443,H1+H2,27699.02636257859,27698.334767253775,-0.6915953248135883,201,255,1.53479859426443,bayes_h1h2_marginal_boundary,measured_graph,0.07573320709512349,0.07822808230366138,0.016165885142164865,5,h1:h1_z;h2:h2_z
0.00012589254117941674,1.0000001826840093,0.9999999999608336,0.6132355753215961,H1+H2,27699.374534962153,27698.795548763246,-0.5789861989080206,201,255,0.6132355753215961,bayes_h1h2_marginal_boundary,measured_graph,0.12006079515370353,0.0781434984480274,0.016164260729105356,5,h1:h1_z;h2:h2_z
0.00015848931924611142,1.0000001286605122,0.9999999999967053,0.139280465155025,H1+H2,27699.508903391332,27699.03252631833,-0.47637707300245236,201,255,0.139280465155025,bayes_h1h2_marginal_boundary,measured_graph,0.15216657300621245,0.07805184219417481,0.016163451795487508,5,h1:h1_z;h2:h2_z
0.00019952623149688788,1.0000000669887907,0.9999999999996898,-0.0,H1+H2,27699.485934498003,27699.102166550907,-0.38376794709688455,201,255,-0.0,bayes_h1h2_marginal_boundary,measured_graph,0.16314119101762553,0.07796167517771367,0.016163286005574325,5,h1:h1_z;h2:h2_z
0.0002511886431509582,1.0000000270069276,0.9999999979990127,0.15157231336343102,H1+H2,27699.327539215417,27699.026380394225,-0.30115882119131615,201,255,0.15157231336343102,bayes_h1h2_marginal_boundary,measured_graph,0.15123423676591743,0.07787893883482817,0.016163965380848955,5,h1:h1_z;h2:h2_z
0.00031622776601683794,1.0000000095673929,0.9999999993630558,0.588422745509888,H1+H2,27699.03650487344,27698.807955178152,-0.22854969528574837,201,255,0.588422745509888,bayes_h1h2_marginal_boundary,measured_graph,0.12155959734877579,0.07780352605040687,0.016166032085785313,5,h1:h1_z;h2:h2_z
0.00039810717055349735,1.0000000035538488,0.9999999997273937,1.3208938543175464,H1+H2,27698.607660193127,27698.44171962375,-0.16594056938017995,201,255,1.3208938543175464,bayes_h1h2_marginal_boundary,measured_graph,0.08428206592509775,0.07772991108783826,0.0161704570408897,5,h1:h1_z;h2:h2_z
0.0005011872336272725,1.000000001602625,0.9999999998475555,2.3746773853054037,H1+H2,27698.028159301728,27697.914827858254,-0.11333144347461188,201,255,2.3746773853054037,bayes_h1h2_marginal_boundary,measured_graph,0.04976327866246219,0.07765013365538194,0.01617882791876121,5,h1:h1_z;h2:h2_z
0.000630957344480193,1.0000000009132728,0.9999999998968728,3.810134504943562,H1+H2,27697.267821616006,27697.197099298435,-0.07072231756904392,201,255,3.810134504943562,bayes_h1h2_marginal_boundary,measured_graph,0.024277470392970447,0.07755605503259494,0.016193629608469567,5,h1:h1_z;h2:h2_z
0.0007943282347242822,1.0000000006198528,0.9999999999216348,5.749862822594878,H1+H2,27696.26534833127,27696.22723513961,-0.03811319166347554,201,255,5.749862822594878,bayes_h1h2_marginal_boundary,measured_graph,0.009204427489351857,0.07743999668317812,0.01621858933839889,5,h1:h1_z;h2:h2_z
0.001,1.0000000004569152,0.9999999999362822,8.402255244422122,H1+H2,27694.916542994455,27694.901038928696,-0.015504065757907535,201,255,8.402255244422122,bayes_h1h2_marginal_boundary,measured_graph,0.0024436392064773305,0.07729462632014604,0.016258983408455312,5,h1:h1_z;h2:h2_z
0.0012589254117941675,1.0000000003374974,0.9999999999458722,12.067611615697388,H1+H2,27693.07125568291,27693.06836074306,-0.0028949398523394052,201,255,12.067611615697388,bayes_h1h2_marginal_boundary,measured_graph,0.00039094445832101797,0.07711315662078039,0.016321655889626533,5,h1:h1_z;h2:h2_z
0.001584893192461114,1.0000000002345906,0.9999999999524357,17.109371339684003,H1+H2,27690.54776669501,27690.547480881065,-0.0002858139467712683,201,255,17.109371339684003,bayes_h1h2_marginal_boundary,measured_graph,3.1427573281637144e-05,0.07689066327484397,0.016414339894677683,5,h1:h1_z;h2:h2_z
0.0019952623149688807,1.0000000001454101,0.9999999999568564,23.880535400632652,H1+H2,27687.16957553863,27687.16189885059,-0.007676688041203171,201,255,23.880535400632652,bayes_h1h2_marginal_boundary,measured_graph,1.064072584489401e-06,0.07662717085489415,0.016543947270607418,5,h1:h1_z;h2:h2_z
0.002511886431509582,1.000000000076413,0.999999999959549,32.63282373643597,H1+H2,27682.810822244825,27682.78575468269,-0.025067562135635053,201,255,32.63282373643597,bayes_h1h2_marginal_boundary,measured_graph,1.3379380031701344e-08,0.07633269799258303,0.016714167182207394,5,h1:h1_z;h2:h2_z
0.0031622776601683794,1.0000000000326073,0.9999999999603625,43.4821354452215,H1+H2,27677.413557264525,27677.361098828296,-0.05245843623006681,201,255,43.4821354452215,bayes_h1h2_marginal_boundary,measured_graph,5.895734066248457e-11,0.07603286890928611,0.0169237877064966,5,h1:h1_z;h2:h2_z
0.003981071705534973,1.0000000453818452,0.9999999999581672,56.47673769390531,H1+H2,27670.953647014278,27670.863797703954,-0.08984931032449865,201,255,56.47673769390531,bayes_h1h2_marginal_boundary,measured_graph,8.887832481234289e-14,0.07577091935350093,0.01716728653759748,5,h1:h1_z;h2:h2_z
0.005011872336272725,1.0000000197962124,0.9999999999501546,71.70359476736485,H1+H2,27663.387609351645,27663.250369167225,-0.13724018441893068,201,255,71.70359476736485,bayes_h1h2_marginal_boundary,measured_graph,4.3885985826866084e-17,0.07560076438768074,0.0174376868378347,5,h1:h1_z;h2:h2_z
0.006309573444801936,1.0000000091984524,0.9999999999304062,89.34062357572111,H1+H2,27654.626485821558,27654.431854763046,-0.19463105851336257,201,255,89.34062357572111,bayes_h1h2_marginal_boundary,measured_graph,6.493722327584971e-21,0.07557081746577367,0.017730374156539806,5,h1:h1_z;h2:h2_z
0.00794328234724282,1.0000000061013037,0.9999999998872523,109.670989514947,H1+H2,27644.528693726043,27644.266671793433,-0.26202193260779433,201,255,109.670989514947,bayes_h1h2_marginal_boundary,measured_graph,2.4992565729419105e-25,0.07570743787966541,0.018046749418217444,5,h1:h1_z;h2:h2_z
0.01,1.0000000065595642,0.9999999998012606,133.08412799837242,H1+H2,27632.899515358422,27632.56010255172,-0.3394128067022262,201,255,133.08412799837242,bayes_h1h2_marginal_boundary,measured_graph,2.0592658588513608e-30,0.07600831749810738,0.01839613916399072,5,h1:h1_z;h2:h2_z
0.012589254117941675,1.00000000913886,0.9999999996509326,159.97209512047993,H1+H2,27619.542922671462,27619.116118990667,-0.42680368079665804,201,255,159.97209512047993,bayes_h1h2_marginal_boundary,measured_graph,2.985826332955621e-36,0.07644743020101738,0.01879352550753369,5,h1:h1_z;h2:h2_z
0.01584893192461114,1.000000012828164,0.999999999436503,190.48445484742842,H1+H2,27604.384133682084,27603.859939127193,-0.5241945548910899,201,255,190.48445484742842,bayes_h1h2_marginal_boundary,measured_graph,7.069518157537781e-43,0.07698701672277751,0.019252741074803487,5,h1:h1_z;h2:h2_z
0.01995262314968881,1.0000000163054188,0.9999999992128443,224.31226273695938,H1+H2,27587.577620611413,27586.946035182427,-0.6315854289855218,201,255,224.31226273695938,bayes_h1h2_marginal_boundary,measured_graph,3.189882335433413e-50,0.07759271769545113,0.01977879647419895,5,h1:h1_z;h2:h2_z
0.025118864315095822,1.0000000184427824,0.9999999990822658,260.70615925628226,H1+H2,27569.498063225845,27568.749086922766,-0.7489763030799538,201,255,260.70615925628226,bayes_h1h2_marginal_boundary,measured_graph,3.989701894542341e-58,0.07824674534233127,0.020364412316838304,5,h1:h1_z;h2:h2_z
0.03162277660168379,1.0000000188037295,0.9999999991148573,298.7274772806268,H1+H2,27550.614795087768,27549.738427910594,-0.8763671771743852,201,255,298.7274772806268,bayes_h1h2_marginal_boundary,measured_graph,2.21164868064234e-66,0.0789519386414095,0.02099289239009923,5,h1:h1_z;h2:h2_z
0.039810717055349734,1.0000000176365036,0.9999999992767246,337.5203674243021,H1+H2,27531.355740890023,27530.341982838756,-1.0137580512688171,201,255,337.5203674243021,bayes_h1h2_marginal_boundary,measured_graph,8.335795994244357e-75,0.0797243134679622,0.021644486955255258,5,h1:h1_z;h2:h2_z
0.05011872336272725,1.0000000156390443,0.9999999994629741,376.39349868681893,H1+H2,27512.06656613286,27510.905417207498,-1.1611489253632492,201,255,376.39349868681893,bayes_h1h2_marginal_boundary,measured_graph,3.0182407379580386e-83,0.08057921406156728,0.02230102601579551,5,h1:h1_z;h2:h2_z
0.06309573444801936,1.0000000136592606,0.9999999995802631,414.6861534780255,H1+H2,27493.07762961135,27491.759089811894,-1.3185397994576809,201,255,414.6861534780255,bayes_h1h2_marginal_boundary,measured_graph,1.4608631693328937e-91,0.0815182325618788,0.022946101303687825,5,h1:h1_z;h2:h2_z
0.07943282347242822,1.0000000123621509,0.9999999995616204,451.5686029276476,H1+H2,27474.803795760636,27473.317865087083,-1.4859306735521132,201,255,451.5686029276476,bayes_h1h2_marginal_boundary,measured_graph,1.4311574064389585e-99,0.08252191310512862,0.023562323970326544,5,h1:h1_z;h2:h2_z
0.1,1.0000000120371886,0.9999999992566133,485.9776558871745,H1+H2,27457.776660154967,27456.11333860732,-1.663321547646544,201,255,485.9776558871745,bayes_h1h2_marginal_boundary,measured_graph,4.8289920289406996e-107,0.08355082520761008,0.024129707283996174,5,h1:h1_z;h2:h2_z
1e-05,1.0000000175933765,0.9999997699250326,18.029659960964636,H1+H2,22534.397695563923,22532.030008980055,-2.3676865838692702,175,195,18.029659960964636,bayes_h1h2_marginal_boundary,measured_graph,2.106677405293976e-05,0.03303780061158416,0.018467873120393555,6,h1:h1_z;h2:h2_z
1.2589254117941661e-05,1.0000000256599768,0.9999996733532256,15.337926623113162,H1+H2,22535.530953106943,22533.37587564898,-2.155077457963703,175,195,15.337926623113162,bayes_h1h2_marginal_boundary,measured_graph,8.092831629634096e-05,0.03303497340850713,0.018361911433471507,6,h1:h1_z;h2:h2_z
1.584893192461114e-05,1.0000000386376822,0.9999997370974644,12.254973275055818,H1+H2,22536.86982065507,22534.91735232301,-1.952468332058134,175,195,12.254973275055818,bayes_h1h2_marginal_boundary,measured_graph,0.0003780552892859761,0.0330304852590448,0.01825843416234731,6,h1:h1_z;h2:h2_z
1.9952623149688786e-05,1.0000000584984385,0.9999998875991379,9.04779632336431,H1+H2,22538.280800005006,22536.520940798855,-1.7598592061525666,175,195,9.04779632336431,bayes_h1h2_marginal_boundary,measured_graph,0.001879251670022503,0.03302358856452991,0.01817231439773335,6,h1:h1_z;h2:h2_z
2.5118864315095822e-05,1.0000000856411495,0.999997741923456,6.068978497612989,H1+H2,22539.58759979198,22538.01034971173,-1.5772500802469966,175,195,6.068978497612989,bayes_h1h2_marginal_boundary,measured_graph,0.008333491888299845,0.03301342704762393,0.018111315627274034,6,h1:h1_z;h2:h2_z
3.1622776601683795e-05,1.0000001150229052,0.9999994912558233,3.6127844619113603,H1+H2,22540.643087683922,22539.23844672958,-1.404640954341429,175,195,3.6127844619113603,bayes_h1h2_marginal_boundary,measured_graph,0.02845658465785233,0.03299928681137483,0.01807382424443742,6,h1:h1_z;h2:h2_z
3.9810717055349695e-05,1.0000001331788329,0.9999999200718164,1.817835141395335,H1+H2,22541.377953218274,22540.13592138984,-1.2420318284358616,175,195,1.817835141395335,bayes_h1h2_marginal_boundary,measured_graph,0.06981537381353141,0.03298108923292746,0.018053202094403715,6,h1:h1_z;h2:h2_z
5.011872336272725e-05,1.0000001251645982,0.9999999905250068,0.6765644706028979,H1+H2,22541.795979427767,22540.706556725236,-1.089422702530293,175,195,0.6765644706028979,bayes_h1h2_marginal_boundary,measured_graph,0.12353068368749603,0.03295997992633844,0.0180425337351508,6,h1:h1_z;h2:h2_z
6.309573444801929e-05,1.0000000920850103,0.9999999990879579,0.10365067530801753,H1+H2,22541.93982719951,22540.993013622883,-0.9468135766247254,175,195,0.10365067530801753,bayes_h1h2_marginal_boundary,measured_graph,0.164505906241997,0.03293848902672605,0.018036922597957413,6,h1:h1_z;h2:h2_z
7.943282347242822e-05,1.0000000539837663,0.9999999999241512,-0.0,H1+H2,22541.859043411256,22541.044838960537,-0.8142044507191568,175,195,-0.0,bayes_h1h2_marginal_boundary,measured_graph,0.17325626714650735,0.03291969921116036,0.01803352898109118,6,h1:h1_z;h2:h2_z
0.0001,1.0000000276810725,0.9999999999942419,0.28213925029558595,H1+H2,22541.595364660203,22540.90376933539,-0.6915953248135883,175,195,0.28213925029558595,bayes_h1h2_marginal_boundary,measured_graph,0.15046073998541912,0.0329057504404352,0.018030873515291278,6,h1:h1_z;h2:h2_z
0.00012589254117941674,1.0000000144256094,0.9999999920576799,0.8820627452732879,H1+H2,22541.182793786807,22540.6038075879,-0.5789861989080206,175,195,0.8820627452732879,bayes_h1h2_marginal_boundary,measured_graph,0.11146832154011302,0.032896968074754104,0.018028201797002926,6,h1:h1_z;h2:h2_z
0.00015848931924611142,1.0000000087255871,0.9999999986810146,1.7373865231420496,H1+H2,22540.65252277197,22540.176145698966,-0.47637707300245236,175,195,1.7373865231420496,bayes_h1h2_marginal_boundary,measured_graph,0.07268089442902781,0.03289229224123248,0.018025088171944974,6,h1:h1_z;h2:h2_z
0.00019952623149688788,1.0000000063923635,0.999999999785487,2.7864811156032374,H1+H2,22540.03536634983,22539.651598402736,-0.38376794709688455,175,195,2.7864811156032374,bayes_h1h2_marginal_boundary,measured_graph,0.0430142412886197,0.03289029251329476,0.018021225378883926,6,h1:h1_z;h2:h2_z
0.0002511886431509582,1.0000000054496965,0.9999999999655245,3.9700975388113875,H1+H2,22539.360949012324,22539.05979019113,-0.30115882119131615,175,195,3.9700975388113875,bayes_h1h2_marginal_boundary,measured_graph,0.023800891596554984,0.03288984867802637,0.018016315305929596,6,h1:h1_z;h2:h2_z
0.00031622776601683794,1.0000000050810922,0.9999999999944769,5.234357168446877,H1+H2,22538.6562100716,22538.427660376314,-0.22854969528574837,175,195,5.234357168446877,bayes_h1h2_marginal_boundary,measured_graph,0.012649190578008049,0.03289031324891638,0.01801000703296283,6,h1:h1_z;h2:h2_z
0.00039810717055349735,1.000000004948882,0.9999999999991072,6.531570936829667,H1+H2,22537.9449940615,22537.779053492122,-0.16594056938017995,175,195,6.531570936829667,bayes_h1h2_marginal_boundary,measured_graph,0.006612662311242064,0.03289141538106671,0.01800185048791995,6,h1:h1_z;h2:h2_z
0.0005011872336272725,1.0000000049119249,0.9999999999998462,7.818582069252443,H1+H2,22537.248879369385,22537.13554792591,-0.11333144347461188,175,195,7.818582069252443,bayes_h1h2_marginal_boundary,measured_graph,0.003474604907242476,0.03289313380243166,0.017991250768188423,6,h1:h1_z;h2:h2_z
0.000630957344480193,1.0000000049130089,0.9999999999999688,9.05374096322339,H1+H2,22536.588690796496,22536.517968478925,-0.07072231756904392,175,195,9.05374096322339,bayes_h1h2_marginal_boundary,measured_graph,0.0018736742259114632,0.0328956227821661,0.01797741654393015,6,h1:h1_z;h2:h2_z
0.0007943282347242822,1.0000000049307545,0.9999999999999946,10.193686579346831,H1+H2,22535.986108862526,22535.947995670864,-0.03811319166347554,175,195,10.193686579346831,bayes_h1h2_marginal_boundary,measured_graph,0.0010596392518419846,0.03289919898718156,0.017959303346408138,6,h1:h1_z;h2:h2_z
0.001,1.0000000049589186,0.9999999999999976,11.191068490770704,H1+H2,22535.46480878091,22535.44930471515,-0.015504065757907535,175,195,11.191068490770704,bayes_h1h2_marginal_boundary,measured_graph,0.0006435455729851991,0.03290438202845609,0.017935564122023313,6,h1:h1_z;h2:h2_z
0.0012589254117941675,1.0000000049970672,0.9999999999999996,11.994921136960329,H1+H2,22535.050273331908,22535.047378392057,-0.0028949398523394052,175,195,11.994921136960329,bayes_h1h2_marginal_boundary,measured_graph,0.0004305513178214321,0.03291199122970018,0.017904541864005426,6,h1:h1_z;h2:h2_z
0.001584893192461114,1.0000000050473332,1.0000000000000002,12.556938193069072,H1+H2,22534.766655677948,22534.766369864003,-0.0002858139467712683,175,195,12.556938193069072,bayes_h1h2_marginal_boundary,measured_graph,0.00032507567255869437,0.032923319300534146,0.017864379058385386,6,h1:h1_z;h2:h2_z
0.0019952623149688807,1.0000000051127647,1.0000000000000007,12.849343407076958,H1+H2,22534.62784394504,22534.620167257,-0.007676688041203171,175,195,12.849343407076958,bayes_h1h2_marginal_boundary,measured_graph,0.00028085973664477556,0.032940429788258944,0.01781337385005127,6,h1:h1_z;h2:h2_z
0.002511886431509582,1.0000000051973277,0.9999999999999988,12.902264787982858,H1+H2,22534.61877412868,22534.593706566546,-0.025067562135635053,175,195,12.902264787982858,bayes_h1h2_marginal_boundary,measured_graph,0.0002735254570741739,0.0329666662617058,0.01775074890460084,6,h1:h1_z;h2:h2_z
0.0031622776601683794,1.0000000053065696,0.9999999999999997,12.867190022669092,H1+H2,22534.66370238543,22534.611243949203,-0.05245843623006681,175,195,12.867190022669092,bayes_h1h2_marginal_boundary,measured_graph,0.0002783646873692551,0.033007523721328015,0.017677925037300115,6,h1:h1_z;h2:h2_z
0.003981071705534973,1.0000000054489266,0.9999999999999996,13.103858688715263,H1+H2,22534.582758926503,22534.49290961618,-0.08984931032449865,175,195,13.103858688715263,bayes_h1h2_marginal_boundary,measured_graph,0.00024729890483899905,0.03307210358076249,0.017600106928672553,6,h1:h1_z;h2:h2_z
0.005011872336272725,1.000000005639038,0.9999999999999986,14.270852627174463,H1+H2,22534.04665283137,22533.90941264695,-0.13724018441893068,175,195,14.270852627174463,bayes_h1h2_marginal_boundary,measured_graph,0.00013797890026218254,0.033175365583830385,0.01752756283149881,6,h1:h1_z;h2:h2_z
0.006309573444801936,1.0000000059029106,0.9999999999999994,17.381447939857026,H1+H2,22532.54874604912,22532.35411499061,-0.19463105851336257,175,195,17.381447939857026,bayes_h1h2_marginal_boundary,measured_graph,2.9131006444432965e-05,0.033341056206756946,0.0174757318850228,6,h1:h1_z;h2:h2_z
0.00794328234724282,1.0000000062842656,1.0,23.769456341666228,H1+H2,22529.422132722313,22529.160110789704,-0.26202193260779433,175,195,23.769456341666228,bayes_h1h2_marginal_boundary,measured_graph,1.1945850893999027e-06,0.03360417021031215,0.01746346031255648,6,h1:h1_z;h2:h2_z
0.01,1.0000000068504933,0.9999999999999997,34.90647607669234,H1+H2,22523.931013728892,22523.59160092219,-0.3394128067022262,175,195,34.90647607669234,bayes_h1h2_marginal_boundary,measured_graph,4.5587311628230895e-09,0.03401017051787033,0.017509357629815356,6,h1:h1_z;h2:h2_z
0.012589254117941675,1.0000000076964348,0.9999999999999987,52.06281836923881,H1+H2,22515.440233456713,22515.013429775918,-0.42680368079665804,175,195,52.06281836923881,bayes_h1h2_marginal_boundary,measured_graph,8.578109547317399e-13,0.03460741689722636,0.017627605007582117,6,h1:h1_z;h2:h2_z
0.01584893192461114,1.0000000089541854,0.9999999999999991,75.90922402615979,H1+H2,22503.61442150235,22503.090226947457,-0.5241945548910899,175,195,75.90922402615979,bayes_h1h2_marginal_boundary,measured_graph,5.691285772950895e-18,0.03543169263062308,0.017825448623389833,6,h1:h1_z;h2:h2_z
0.01995262314968881,1.0000000108297529,1.000000000000001,106.22479204573756,H1+H2,22488.564028366654,22487.93244293767,-0.6315854289855218,175,195,106.22479204573756,bayes_h1h2_marginal_boundary,measured_graph,1.486854391092811e-24,0.036487598298205186,0.018103252667867036,6,h1:h1_z;h2:h2_z
0.025118864315095822,1.0000000136939209,0.9999999999999996,141.84317300728435,H1+H2,22470.872228759974,22470.123252456895,-0.7489763030799538,175,195,141.84317300728435,bayes_h1h2_marginal_boundary,measured_graph,2.740534582869095e-32,0.037736983630790644,0.018455391015151295,6,h1:h1_z;h2:h2_z
0.03162277660168379,1.0000000182336461,1.0,180.859510199356,H1+H2,22451.491451038033,22450.61508386086,-0.8763671771743852,175,195,180.859510199356,bayes_h1h2_marginal_boundary,measured_graph,9.237305638051746e-41,0.039103778208052206,0.018869613430001105,6,h1:h1_z;h2:h2_z
0.039810717055349734,1.0000000256335304,0.9999999999999992,221.01730233817943,H1+H2,22431.549945842715,22430.536187791447,-1.0137580512688171,175,195,221.01730233817943,bayes_h1h2_marginal_boundary,measured_graph,1.7595092238131014e-49,0.04049559115727845,0.019325120277985896,6,h1:h1_z;h2:h2_z
0.05011872336272725,1.0000000377518956,0.9999999999999997,260.16758269656566,H1+H2,22412.122196537617,22410.961047612254,-1.1611489253632492,175,195,260.16758269656566,bayes_h1h2_marginal_boundary,measured_graph,5.546463834800667e-58,0.041831363413734085,0.019792998481287023,6,h1:h1_z;h2:h2_z
0.06309573444801936,1.0000000573411039,1.0000000000000002,296.6844362024931,H1+H2,22394.021160658747,22392.70262085929,-1.3185397994576809,175,195,296.6844362024931,bayes_h1h2_marginal_boundary,measured_graph,6.523523008922373e-66,0.04306047172916055,0.02024203870047968,6,h1:h1_z;h2:h2_z
0.07943282347242822,1.0000000886738185,1.0000000000000002,329.6888998759532,H1+H2,22377.686319696113,22376.20038902256,-1.4859306735521132,175,195,329.6888998759532,bayes_h1h2_marginal_boundary,measured_graph,4.442771453845853e-73,0.04416522365004463,0.020647564485382693,6,h1:h1_z;h2:h2_z
0.1,1.0000001395297813,1.0000000000000002,359.00934217219765,H1+H2,22363.203489422085,22361.54016787444,-1.663321547646544,175,195,359.00934217219765,bayes_h1h2_marginal_boundary,measured_graph,1.908977565805503e-79,0.04515083718366274,0.020997512274236383,6,h1:h1_z;h2:h2_z
1e-05,1.0000001000923373,0.9999943677162861,34.293507716247404,H1+H2,20182.806006559058,20180.43831997519,-2.3676865838692702,162,167,34.293507716247404,bayes_h1h2_marginal_boundary,measured_graph,7.25471573797722e-09,0.03427999294569159,0.012383688081827576,7,h1:h1_z;h2:h2_z
1.2589254117941661e-05,1.000000318369717,0.9999966508016428,28.866461744713888,H1+H2,20185.30692041892,20183.151842960957,-2.155077457963703,162,167,28.866461744713888,bayes_h1h2_marginal_boundary,measured_graph,1.0941792116738553e-07,0.03425524156993216,0.012264473273071856,7,h1:h1_z;h2:h2_z
1.584893192461114e-05,1.0000009363270217,0.9999989394376502,23.455437996875844,H1+H2,20187.809823166936,20185.857354834876,-1.952468332058134,162,167,23.455437996875844,bayes_h1h2_marginal_boundary,measured_graph,1.6371080232190397e-06,0.03421762311571447,0.012176625780901713,7,h1:h1_z;h2:h2_z
1.9952623149688786e-05,1.0000000208227167,0.9999998127307028,18.58193473906431,H1+H2,20190.053965669933,20188.29410646378,-1.7598592061525666,162,167,18.58193473906431,bayes_h1h2_marginal_boundary,measured_graph,1.872169316195135e-05,0.03416171017640057,0.012121306189886862,7,h1:h1_z;h2:h2_z
2.5118864315095822e-05,1.0000000644511564,0.9999999799261347,14.515249513453455,H1+H2,20191.904699156836,20190.327449076587,-1.5772500802469966,162,167,14.515249513453455,bayes_h1h2_marginal_boundary,measured_graph,0.00014302587049508595,0.03408129511445653,0.01209066724872187,7,h1:h1_z;h2:h2_z
3.1622776601683795e-05,1.0000001504533553,0.9999996066683188,11.235870086646173,H1+H2,20193.37177974433,20191.96713878999,-1.404640954341429,162,167,11.235870086646173,bayes_h1h2_marginal_boundary,measured_graph,0.0007370938612051548,0.033971470264905546,0.012075251965895565,7,h1:h1_z;h2:h2_z
3.9810717055349695e-05,1.0000002423375518,0.9999999542647088,8.549367465508112,H1+H2,20194.552421928995,20193.31039010056,-1.2420318284358616,162,167,8.549367465508112,bayes_h1h2_marginal_boundary,measured_graph,0.002824160836490774,0.03383241733607789,0.012067955209391102,7,h1:h1_z;h2:h2_z
5.011872336272725e-05,1.000000244508076,0.9999999956068095,6.237544795418216,H1+H2,20195.555724138136,20194.466301435605,-1.089422702530293,162,167,6.237544795418216,bayes_h1h2_marginal_boundary,measured_graph,0.008972125517612768,0.03367401807437168,0.012064563633310897,7,h1:h1_z;h2:h2_z
6.309573444801929e-05,1.0000001418327353,0.999999999634182,4.178978655705578,H1+H2,20196.442398082087,20195.49558450546,-0.9468135766247254,162,167,4.178978655705578,bayes_h1h2_marginal_boundary,measured_graph,0.02511350316900893,0.03351663782196398,0.012062894344044232,7,h1:h1_z;h2:h2_z
7.943282347242822e-05,1.000002970073122,0.9999999999726137,2.4004042921878863,H1+H2,20197.19907613794,20196.38487168722,-0.8142044507191568,162,167,2.4004042921878863,bayes_h1h2_marginal_boundary,measured_graph,0.06111105960733636,0.033383447585464,0.012061911319899709,7,h1:h1_z;h2:h2_z
0.0001,1.000000782105207,0.9999999999981053,1.0343192553991685,H1+H2,20197.759509530428,20197.067914205614,-0.6915953248135883,162,167,1.0343192553991685,bayes_h1h2_marginal_boundary,measured_graph,0.12099332472285695,0.03328869229467817,0.012061141995338283,7,h1:h1_z;h2:h2_z
0.00012589254117941674,1.000000142982946,0.9999999999999132,0.21598359325435013,H1+H2,20198.056068235594,20197.477082036687,-0.5789861989080206,162,167,0.21598359325435013,bayes_h1h2_marginal_boundary,measured_graph,0.18216323989235952,0.03323222198266158,0.012060367216844009,7,h1:h1_z;h2:h2_z
0.00015848931924611142,1.000000019896485,0.9999999989304111,-0.0,H1+H2,20198.061450906316,20197.585073833314,-0.47637707300245236,162,167,-0.0,bayes_h1h2_marginal_boundary,measured_graph,0.20293688192064666,0.033204988644011384,0.012059473388709488,7,h1:h1_z;h2:h2_z
0.00019952623149688788,1.0000000023739697,0.9999999998302024,0.3494204250528128,H1+H2,20197.794131567884,20197.410363620787,-0.38376794709688455,162,167,0.3494204250528128,bayes_h1h2_marginal_boundary,measured_graph,0.17040616471886771,0.03319664208835234,0.012058386012194512,7,h1:h1_z;h2:h2_z
0.0002511886431509582,1.00000000028442,0.9999999999734863,1.1734243714017794,H1+H2,20197.299520468805,20196.998361647613,-0.30115882119131615,162,167,1.1734243714017794,bayes_h1h2_marginal_boundary,measured_graph,0.11286391698182198,0.03319968918204782,0.01205704060977117,7,h1:h1_z;h2:h2_z
0.00031622776601683794,1.0000000000424347,0.999999999995929,2.370051120953576,H1+H2,20196.628597968123,20196.400048272837,-0.22854969528574837,162,167,2.370051120953576,bayes_h1h2_marginal_boundary,measured_graph,0.06204559039147736,0.03321000853067334,0.012055369792463926,7,h1:h1_z;h2:h2_z
0.00039810717055349735,1.0000000374899571,0.9999999999993877,3.852155479056819,H1+H2,20195.824936663164,20195.658996093785,-0.16594056938017995,162,167,3.852155479056819,bayes_h1h2_marginal_boundary,measured_graph,0.029571683491737385,0.03322591330069037,0.012053297528260494,7,h1:h1_z;h2:h2_z
0.0005011872336272725,1.0000000209450473,0.9999999999999051,5.556635127431946,H1+H2,20194.92008771307,20194.806756269598,-0.11333144347461188,162,167,5.556635127431946,bayes_h1h2_marginal_boundary,measured_graph,0.012611100781273935,0.03324718565445163,0.01205073706177213,7,h1:h1_z;h2:h2_z
0.000630957344480193,1.000000015945183,0.9999999999999859,7.444264593570551,H1+H2,20193.9336638541,20193.86294153653,-0.07072231756904392,162,167,7.444264593570551,bayes_h1h2_marginal_boundary,measured_graph,0.004907490480642377,0.033274466842571016,0.012047591942286714,7,h1:h1_z;h2:h2_z
0.0007943282347242822,1.0000000145359393,0.9999999999999977,9.49620251993474,H1+H2,20192.87508576501,20192.836972573346,-0.03811319166347554,162,167,9.49620251993474,bayes_h1h2_marginal_boundary,measured_graph,0.001759084923882321,0.033308969240738,0.012043761552439636,7,h1:h1_z;h2:h2_z
0.001,1.000000014411296,0.9999999999999993,11.710494672166533,H1+H2,20191.74533056299,20191.72982649723,-0.015504065757907535,162,167,11.710494672166533,bayes_h1h2_marginal_boundary,measured_graph,0.000581379046122143,0.0333523688763844,0.01203915476504964,7,h1:h1_z;h2:h2_z
0.0012589254117941675,1.0000000147728323,0.9999999999999997,14.099958618855453,H1+H2,20190.537989463737,20190.535094523886,-0.0028949398523394052,162,167,14.099958618855453,bayes_h1h2_marginal_boundary,measured_graph,0.00017603291132991717,0.033406788542607035,0.012033718892997564,7,h1:h1_z;h2:h2_z
0.001584893192461114,1.0000000153062187,0.9999999999999998,16.692112291348167,H1+H2,20189.239303501585,20189.23901768764,-0.0002858139467712683,162,167,16.692112291348167,bayes_h1h2_marginal_boundary,measured_graph,4.816314670874866e-05,0.033474807223232546,0.012027497165606978,7,h1:h1_z;h2:h2_z
0.0019952623149688807,1.0000000158714666,0.9999999999999997,19.531854419838055,H1+H2,20187.826823311436,20187.819146623395,-0.007676688041203171,162,167,19.531854419838055,bayes_h1h2_marginal_boundary,measured_graph,1.1643208786512391e-05,0.03355944543384956,0.01202073778784436,7,h1:h1_z;h2:h2_z
0.002511886431509582,1.0000000163879665,1.0,22.688078854327614,H1+H2,20186.266101968286,20186.24103440615,-0.025067562135635053,162,167,22.688078854327614,bayes_h1h2_marginal_boundary,measured_graph,2.4027426507003936e-06,0.033664069458166884,0.012014090547784602,7,h1:h1_z;h2:h2_z
0.0031622776601683794,1.0000000167816887,0.9999999999999997,26.26565598167508,H1+H2,20184.504704278705,20184.452245842476,-0.05245843623006681,162,167,26.26565598167508,bayes_h1h2_marginal_boundary,measured_graph,4.0164859772250803e-07,0.03379214297387376,0.01200893406540124,7,h1:h1_z;h2:h2_z
0.003981071705534973,1.0000000169552945,0.9999999999999997,30.422730352394865,H1+H2,20182.46355796744,20182.373708657116,-0.08984931032449865,162,167,30.422730352394865,bayes_h1h2_marginal_boundary,measured_graph,5.0251499433251345e-08,0.03394676135897838,0.012007848242789618,7,h1:h1_z;h2:h2_z
0.005011872336272725,1.0000000167745962,0.999999999999999,35.388020204722125,H1+H2,20180.028303915373,20179.891063730953,-0.13724018441893068,162,167,35.388020204722125,bayes_h1h2_marginal_boundary,measured_graph,4.197106921811322e-09,0.03413000530122371,0.01201512625440504,7,h1:h1_z;h2:h2_z
0.006309573444801936,1.000000016081496,0.9999999999999997,41.465550476146745,H1+H2,20177.046929653752,20176.85229859524,-0.19463105851336257,162,167,41.465550476146745,bayes_h1h2_marginal_boundary,measured_graph,2.01016220351212e-10,0.0343424823716652,0.01203699094454318,7,h1:h1_z;h2:h2_z
0.00794328234724282,1.0000000147583106,0.9999999999999987,49.01880495396472,H1+H2,20173.33769328894,20173.07567135633,-0.26202193260779433,162,167,49.01880495396472,bayes_h1h2_marginal_boundary,measured_graph,4.603230612964141e-12,0.034584088400127166,0.012081053983176854,7,h1:h1_z;h2:h2_z
0.01,1.0000000128411817,0.9999999999999991,58.460196705949784,H1+H2,20168.69438828704,20168.35497548034,-0.3394128067022262,162,167,58.460196705949784,bayes_h1h2_marginal_boundary,measured_graph,4.101007495587177e-14,0.034857622183385,0.012155009776129808,7,h1:h1_z;h2:h2_z
0.012589254117941675,1.0000000106033082,0.999999999999999,70.30446747539827,H1+H2,20162.85964377641,20162.432840095615,-0.42680368079665804,162,167,70.30446747539827,bayes_h1h2_marginal_boundary,measured_graph,1.0988536229454324e-16,0.035175807761713175,0.01226557762076849,7,h1:h1_z;h2:h2_z
0.01584893192461114,1.0000000084665235,0.999999999999999,85.27732284757803,H1+H2,20155.470606964416,20154.946412409525,-0.5241945548910899,162,167,85.27732284757803,bayes_h1h2_marginal_boundary,measured_graph,6.160636876877312e-20,0.03556753577338862,0.01241899009786547,7,h1:h1_z;h2:h2_z
0.01995262314968881,1.0000000067493633,1.0,104.3020142733294,H1+H2,20146.065652125635,20145.43406669665,-0.6315854289855218,162,167,104.3020142733294,bayes_h1h2_marginal_boundary,measured_graph,4.554769020409003e-24,0.03607363008719889,0.012622697203333713,7,h1:h1_z;h2:h2_z
0.025118864315095822,1.0000000054951645,1.0000000000000004,128.16514830483356,H1+H2,20134.251475983976,20133.502499680897,-0.7489763030799538,162,167,128.16514830483356,bayes_h1h2_marginal_boundary,measured_graph,2.996764688660595e-29,0.03672702336541167,0.012885580997796466,7,h1:h1_z;h2:h2_z
0.03162277660168379,1.000000004541449,0.999999999999999,156.96806229100184,H1+H2,20119.977409864987,20119.101042687813,-0.8763671771743852,162,167,156.96806229100184,bayes_h1h2_marginal_boundary,measured_graph,1.6679358342196898e-35,0.03753013242055497,0.01321367739008755,7,h1:h1_z;h2:h2_z
0.039810717055349734,1.0000000037165895,0.9999999999999997,189.79004572371923,H1+H2,20103.70380902272,20102.690050971454,-1.0137580512688171,162,167,189.79004572371923,bayes_h1h2_marginal_boundary,measured_graph,1.2444463959068211e-42,0.03845185322205339,0.013602051742250602,7,h1:h1_z;h2:h2_z
0.05011872336272725,1.0000000029687799,1.0000000000000004,224.8866239800409,H1+H2,20086.302910768656,20085.141761843293,-1.1611489253632492,162,167,224.8866239800409,bayes_h1h2_marginal_boundary,measured_graph,2.9774951247861053e-50,0.03944872342029222,0.014028960817445596,7,h1:h1_z;h2:h2_z
0.06309573444801936,1.00000000234521,0.9999999999999997,260.31295970108476,H1+H2,20068.747133782228,20067.42859398277,-1.3185397994576809,162,167,260.31295970108476,bayes_h1h2_marginal_boundary,measured_graph,6.041155299000262e-58,0.04048944555905669,0.014459394243217285,7,h1:h1_z;h2:h2_z
0.07943282347242822,1.0000000019019788,1.0,294.540002123882,H1+H2,20051.801003444925,20050.315072771373,-1.4859306735521132,162,167,294.540002123882,bayes_h1h2_marginal_boundary,measured_graph,2.2326064350013974e-65,0.04156097083490157,0.014857881473321686,7,h1:h1_z;h2:h2_z
0.1,1.0000000016625992,1.0000000000000004,326.6834582161973,H1+H2,20035.906666272862,20034.243344725215,-1.663321547646544,162,167,326.6834582161973,bayes_h1h2_marginal_boundary,measured_graph,2.3385645774034615e-72,0.04265574497425729,0.015201384330014738,7,h1:h1_z;h2:h2_z
1e-05,1.0000000985421698,0.9999995852170114,76.30677353691863,H1+H2,25480.461742990923,25478.094056407055,-2.3676865838692702,187,230,76.30677353691863,bayes_h1h2_marginal_boundary,measured_graph,1.2782560216833192e-17,0.04419591353907343,0.016917610678646562,8,h1:h1_z;h2:h2_z
1.2589254117941661e-05,1.0000003149695118,0.999999729745843,72.2038570484292,H1+H2,25482.300592109263,25480.1455146513,-2.155077457963703,187,230,72.2038570484292,bayes_h1h2_marginal_boundary,measured_graph,9.94385636874711e-17,0.044165556264649464,0.016825705288771385,8,h1:h1_z;h2:h2_z
1.584893192461114e-05,1.0000009136179957,0.999999906138525,68.0135227630235,H1+H2,25484.193150126062,25482.240681794003,-1.952468332058134,187,230,68.0135227630235,bayes_h1h2_marginal_boundary,measured_graph,8.081172390173945e-16,0.044119919450135034,0.016754080108344793,8,h1:h1_z;h2:h2_z
1.9952623149688786e-05,1.0000000174439363,0.999998145961347,64.11580841048999,H1+H2,25485.94939817642,25484.18953897027,-1.7598592061525666,187,230,64.11580841048999,bayes_h1h2_marginal_boundary,measured_graph,5.673516066381578e-15,0.044052494043279454,0.016706593159881638,8,h1:h1_z;h2:h2_z
2.5118864315095822e-05,1.0000000538027674,0.9999996191209882,60.73847619466687,H1+H2,25487.45545515843,25485.87820507818,-1.5772500802469966,187,230,60.73847619466687,bayes_h1h2_marginal_boundary,measured_graph,3.070652433241637e-14,0.04395555516292415,0.01667935844972416,8,h1:h1_z;h2:h2_z
3.1622776601683795e-05,1.0000001276682875,0.9999999432950638,57.89301429037732,H1+H2,25488.705576984667,25487.300936030326,-1.404640954341429,187,230,57.89301429037732,bayes_h1h2_marginal_boundary,measured_graph,1.2738399446848511e-13,0.04382231711802053,0.016665716780343006,8,h1:h1_z;h2:h2_z
3.9810717055349695e-05,1.0000002154978254,0.9999999933829747,55.43718229696242,H1+H2,25489.770883855468,25488.528852027033,-1.2420318284358616,187,230,55.43718229696242,bayes_h1h2_marginal_boundary,measured_graph,4.3490260081156317e-13,0.04365115592411996,0.01665987741373776,8,h1:h1_z;h2:h2_z
5.011872336272725e-05,1.0000002353959483,0.9999999993500394,53.193631446687505,H1+H2,25490.7400501547,25489.65062745217,-1.089422702530293,187,230,53.193631446687505,bayes_h1h2_marginal_boundary,measured_graph,1.335281653484835e-12,0.043451502828538435,0.016658111369180474,8,h1:h1_z;h2:h2_z
6.309573444801929e-05,1.0000001513813892,0.9999999999428242,51.065537280999706,H1+H2,25491.66148811164,25490.714674535015,-0.9468135766247254,187,230,51.065537280999706,bayes_h1h2_marginal_boundary,measured_graph,3.869747768567382e-12,0.04324652093847062,0.016658389401303614,8,h1:h1_z;h2:h2_z
7.943282347242822e-05,1.0000000537499767,0.999999999995294,49.10334970700205,H1+H2,25492.509972772732,25491.695768322013,-0.8142044507191568,187,230,49.10334970700205,bayes_h1h2_marginal_boundary,measured_graph,1.0322057556759104e-11,0.043065950577353754,0.01665970194457324,8,h1:h1_z;h2:h2_z
0.0001,1.0000009669348484,0.9999999912931643,47.480390158321825,H1+H2,25493.198843421167,25492.507248096354,-0.6915953248135883,187,230,47.480390158321825,bayes_h1h2_marginal_boundary,measured_graph,2.3237396294248796e-11,0.04293102984642827,0.016661534927493442,8,h1:h1_z;h2:h2_z
0.00012589254117941674,1.0000001820998088,0.9999999983363309,46.38441383741883,H1+H2,25493.634222455712,25493.055236256805,-0.5789861989080206,187,230,46.38441383741883,bayes_h1h2_marginal_boundary,measured_graph,4.019533928129194e-11,0.04284522992373547,0.016663544805738086,8,h1:h1_z;h2:h2_z
0.00015848931924611142,1.000000024758647,0.9999999996700776,45.90965790896735,H1+H2,25493.768991294033,25493.29261422103,-0.47637707300245236,187,230,45.90965790896735,bayes_h1h2_marginal_boundary,measured_graph,5.096448486024103e-11,0.04279821752548551,0.01666535400982127,8,h1:h1_z;h2:h2_z
0.00019952623149688788,1.0000000026404654,0.9999999999298996,46.02164987146534,H1+H2,25493.620386186878,25493.236618239782,-0.38376794709688455,187,230,46.02164987146534,bayes_h1h2_marginal_boundary,measured_graph,4.818910863549098e-11,0.04277611274326688,0.01666638397902262,8,h1:h1_z;h2:h2_z
0.0002511886431509582,1.0000000002400002,0.9999999999834684,46.58696619435068,H1+H2,25493.25511889953,25492.95396007834,-0.30115882119131615,187,230,46.58696619435068,bayes_h1h2_marginal_boundary,measured_graph,3.632386169059586e-11,0.04276796727447112,0.016665669657344312,8,h1:h1_z;h2:h2_z
0.00031622776601683794,1.0000000598476917,0.99999999999549,47.41510363596899,H1+H2,25492.768441052816,25492.53989135753,-0.22854969528574837,187,230,47.41510363596899,bayes_h1h2_marginal_boundary,measured_graph,2.4008457193838517e-11,0.04276716123104162,0.016661614753354786,8,h1:h1_z;h2:h2_z
0.00039810717055349735,1.000000011467224,0.9999999999985255,48.279120315964974,H1+H2,25492.27382358691,25492.107883017532,-0.16594056938017995,187,230,48.279120315964974,bayes_h1h2_marginal_boundary,measured_graph,1.5586385539017785e-11,0.04277030654218357,0.016651670603168526,8,h1:h1_z;h2:h2_z
0.0005011872336272725,1.0000000023745979,0.9999999999994093,48.912008253799286,H1+H2,25491.90477049209,25491.791439048615,-0.11333144347461188,187,230,48.912008253799286,bayes_h1h2_marginal_boundary,measured_graph,1.1358357793786989e-11,0.04277578639563827,0.016631970853045325,8,h1:h1_z;h2:h2_z
0.000630957344480193,1.0000000005779344,0.9999999999997279,48.992751548787055,H1+H2,25491.82178971869,25491.75106740112,-0.07072231756904392,187,230,48.992751548787055,bayes_h1h2_marginal_boundary,measured_graph,1.0908935182487952e-11,0.042782668257586254,0.016597067804519246,8,h1:h1_z;h2:h2_z
0.0007943282347242822,1.0000000001789056,0.9999999999998477,48.14522868889617,H1+H2,25492.21294202273,25492.174828831066,-0.03811319166347554,187,230,48.14522868889617,bayes_h1h2_marginal_boundary,measured_graph,1.6665548506319994e-11,0.04278989486202426,0.01654011529236207,8,h1:h1_z;h2:h2_z
0.001,1.0000000000727458,0.9999999999999036,45.97911703023419,H1+H2,25493.273388726157,25493.257884660397,-0.015504065757907535,187,230,45.97911703023419,bayes_h1h2_marginal_boundary,measured_graph,4.922489316682401e-11,0.042795551862069126,0.01645403387736011,8,h1:h1_z;h2:h2_z
0.0012589254117941675,1.0000000000375457,0.9999999999999352,42.19385254129884,H1+H2,25495.153411844716,25495.150516904865,-0.0028949398523394052,187,230,42.19385254129884,bayes_h1h2_marginal_boundary,measured_graph,3.2669653049064623e-10,0.042796108753567166,0.016334015557089902,8,h1:h1_z;h2:h2_z
0.001584893192461114,1.0000000000230072,0.9999999999999528,36.723429899895564,H1+H2,25497.88601403951,25497.885728225567,-0.0002858139467712683,187,230,36.723429899895564,bayes_h1h2_marginal_boundary,measured_graph,5.035373682545711e-09,0.04278589466941298,0.016180702556130577,8,h1:h1_z;h2:h2_z
0.0019952623149688807,1.0000000000158327,0.999999999999972,29.837722071039025,H1+H2,25501.336258828036,25501.328582139995,-0.007676688041203171,187,230,29.837722071039025,bayes_h1h2_marginal_boundary,measured_graph,1.5748680151272332e-07,0.04275772471685258,0.016001924001181337,8,h1:h1_z;h2:h2_z
0.002511886431509582,1.000000000011816,0.9999999999999842,22.122145295033988,H1+H2,25505.211438090133,25505.186370527997,-0.025067562135635053,187,230,22.122145295033988,bayes_h1h2_marginal_boundary,measured_graph,7.458652470032258e-06,0.042706211496136244,0.015811005758328125,8,h1:h1_z;h2:h2_z
0.0031622776601683794,1.0000000000092653,0.9999999999999895,14.370150924143672,H1+H2,25509.11482614967,25509.062367713443,-0.05245843623006681,187,230,14.370150924143672,bayes_h1h2_marginal_boundary,measured_graph,0.0003597365468725924,0.04263455046701248,0.015622387326815297,8,h1:h1_z;h2:h2_z
0.003981071705534973,1.000000000007352,0.9999999999999928,7.488901303622697,H1+H2,25512.592841834026,25512.502992523703,-0.08984931032449865,187,230,7.488901303622697,bayes_h1h2_marginal_boundary,measured_graph,0.01122610063097673,0.042561929130249525,0.015447589811783128,8,h1:h1_z;h2:h2_z
0.005011872336272725,1.0000000000057512,0.9999999999999957,2.4208508483643527,H1+H2,25515.174257935752,25515.037017751332,-0.13724018441893068,187,230,2.4208508483643527,bayes_h1h2_marginal_boundary,measured_graph,0.14149532932125092,0.0425240729512824,0.015293718868938438,8,h1:h1_z;h2:h2_z
0.006309573444801936,1.000000000004433,0.9999999999999986,-0.0,H1+H2,25516.442074234026,25516.247443175514,-0.19463105851336257,187,230,-0.0,bayes_h1h2_marginal_boundary,measured_graph,0.47470432303332255,0.04256060616187489,0.015164606124501174,8,h1:h1_z;h2:h2_z
0.00794328234724282,1.0000000000034337,0.9999999999999989,0.7482426711503649,H1+H2,25516.13534377255,25515.87332183994,-0.26202193260779433,187,230,0.7482426711503649,bayes_h1h2_marginal_boundary,measured_graph,0.3265459901429392,0.042693676048386434,0.015063292865916048,8,h1:h1_z;h2:h2_z
0.01,1.0000000000027331,0.9999999999999968,4.744387527316576,H1+H2,25514.214662218557,25513.875249411856,-0.3394128067022262,187,230,4.744387527316576,bayes_h1h2_marginal_boundary,measured_graph,0.04427846177899733,0.04291424117799099,0.01499353425042343,8,h1:h1_z;h2:h2_z
0.012589254117941675,1.000000000002273,0.9999999999999992,11.69507083962526,H1+H2,25510.826711436497,25510.399907755702,-0.42680368079665804,187,230,11.69507083962526,bayes_h1h2_marginal_boundary,measured_graph,0.0013704740646525559,0.04318968230709659,0.014958855443083308,8,h1:h1_z;h2:h2_z
0.01584893192461114,1.0000000000019835,0.9999999999999996,21.182949252564867,H1+H2,25506.180163104123,25505.655968549232,-0.5241945548910899,187,230,21.182949252564867,bayes_h1h2_marginal_boundary,measured_graph,1.1929004470873062e-05,0.043486455064397835,0.014960719175307552,8,h1:h1_z;h2:h2_z
0.01995262314968881,1.0000000000018057,0.999999999999998,32.92724965449452,H1+H2,25500.415403777253,25499.783818348267,-0.6315854289855218,187,230,32.92724965449452,bayes_h1h2_marginal_boundary,measured_graph,3.360174039531455e-08,0.04378764629892742,0.01499855134715236,8,h1:h1_z;h2:h2_z
0.025118864315095822,1.000000000001696,1.0000000000000004,46.92745354550425,H1+H2,25493.53269270584,25492.783716402762,-0.7489763030799538,187,230,46.92745354550425,bayes_h1h2_marginal_boundary,measured_graph,3.0637697542975596e-11,0.04409534548295444,0.015071958155079508,8,h1:h1_z;h2:h2_z
0.03162277660168379,1.000000000001626,0.9999999999999984,63.46367172146711,H1+H2,25485.391974491955,25484.51560731478,-0.8763671771743852,187,230,63.46367172146711,bayes_h1h2_marginal_boundary,measured_graph,7.860713572182202e-15,0.04442463298652526,0.015182698574044414,8,h1:h1_z;h2:h2_z
0.039810717055349734,1.0000000000015798,0.9999999999999992,82.9747233593007,H1+H2,25475.77383954713,25474.760081495864,-1.0137580512688171,187,230,82.9747233593007,bayes_h1h2_marginal_boundary,measured_graph,4.557124992764068e-19,0.04479873950039772,0.0153341509396536,8,h1:h1_z;h2:h2_z
0.05011872336272725,1.0000000000015465,0.9999999999999986,105.87837858518469,H1+H2,25464.469402808285,25463.308253882922,-1.1611489253632492,187,230,105.87837858518469,bayes_h1h2_marginal_boundary,measured_graph,4.844237201868616e-24,0.04524780343140808,0.015528693958963566,8,h1:h1_z;h2:h2_z
0.06309573444801936,1.0000000000015288,0.9999999999999969,132.40580034629966,H1+H2,25451.36308280182,25450.044543002365,-1.3185397994576809,187,230,132.40580034629966,bayes_h1h2_marginal_boundary,measured_graph,8.411412965840721e-30,0.04580823883420218,0.015765006277809454,8,h1:h1_z;h2:h2_z
0.07943282347242822,1.0000000000015314,0.9999999999999968,162.46240708886035,H1+H2,25436.502170304637,25435.016239631084,-1.4859306735521132,187,230,162.46240708886035,bayes_h1h2_marginal_boundary,measured_graph,2.501265132227654e-36,0.04651887383964455,0.01603640905211699,8,h1:h1_z;h2:h2_z
0.1,1.0000000000015934,0.999999999999998,195.52186413434538,H1+H2,25420.14983265599,25418.48651110834,-1.663321547646544,187,230,195.52186413434538,bayes_h1h2_marginal_boundary,measured_graph,1.6572569320262101e-43,0.04741281863636421,0.016330535477811645,8,h1:h1_z;h2:h2_z
1e-05,1.0000000001343765,1.0000000012449402,8.087046914879465,H1+H2,36739.20273325403,36736.83504667016,-2.3676865838692702,293,326,8.087046914879465,bayes_h1h2_marginal_boundary,measured_graph,0.002436912140150812,0.10084396499891528,0.03767239165739145,9,h1:h1_z;h2:h2_z
1.2589254117941661e-05,1.0000000003002,1.0000000040655301,7.565615411425824,H1+H2,36739.25083987985,36737.095762421886,-2.155077457963703,293,326,7.565615411425824,bayes_h1h2_marginal_boundary,measured_graph,0.0031627676195573762,0.10084269211723065,0.03765981996420203,9,h1:h1_z;h2:h2_z
1.584893192461114e-05,1.0000000007223873,1.0000000119364223,7.001747876754962,H1+H2,36739.33016452128,36737.37769618922,-1.952468332058134,293,326,7.001747876754962,bayes_h1h2_marginal_boundary,measured_graph,0.004192852293296189,0.10084043622695116,0.037641053648799834,9,h1:h1_z;h2:h2_z
1.9952623149688786e-05,1.0000000018376658,1.000000029936334,6.367627557905507,H1+H2,36739.4546155548,36737.69475634865,-1.7598592061525666,293,326,6.367627557905507,bayes_h1h2_marginal_boundary,measured_graph,0.005757143318411542,0.10083656902005415,0.03761431076609226,9,h1:h1_z;h2:h2_z
2.5118864315095822e-05,1.0000000048048845,1.0000000599611525,5.6330888342054095,H1+H2,36739.639275790745,36738.0620257105,-1.5772500802469966,293,326,5.6330888342054095,bayes_h1h2_marginal_boundary,measured_graph,0.008312087343549669,0.10083009415044406,0.037578611563057175,9,h1:h1_z;h2:h2_z
3.1622776601683795e-05,1.0000000125237059,1.0000000885510414,4.776805462286575,H1+H2,36739.8948083508,36738.490167396456,-1.404640954341429,293,326,4.776805462286575,bayes_h1h2_marginal_boundary,measured_graph,0.012754095654527378,0.10081945207067083,0.03753509288796816,9,h1:h1_z;h2:h2_z
3.9810717055349695e-05,1.0000000316997317,1.0000000889356386,3.806056942237774,H1+H2,36740.217573484915,36738.97554165648,-1.2420318284358616,293,326,3.806056942237774,bayes_h1h2_marginal_boundary,measured_graph,0.020722637626221032,0.10080224556394202,0.0374881271319662,9,h1:h1_z;h2:h2_z
5.011872336272725e-05,1.0000000764566295,1.0000000570895626,2.77691485908872,H1+H2,36740.57953540058,36739.490112698055,-1.089422702530293,293,326,2.77691485908872,bayes_h1h2_marginal_boundary,measured_graph,0.034667330156739416,0.10077488917766468,0.0374447883471116,9,h1:h1_z;h2:h2_z
6.309573444801929e-05,1.000000173096716,1.0000000228837411,1.7941993148851907,H1+H2,36740.92828404678,36739.98147047016,-0.9468135766247254,293,326,1.7941993148851907,bayes_h1h2_marginal_boundary,measured_graph,0.056664931171541366,0.10073224866283971,0.03741199276719951,9,h1:h1_z;h2:h2_z
7.943282347242822e-05,1.0000003611237358,1.00000000586733,0.9762753800896462,H1+H2,36741.20463688827,36740.390432437554,-0.8142044507191568,293,326,0.9762753800896462,bayes_h1h2_marginal_boundary,measured_graph,0.0852951409751705,0.10066748990793441,0.037393310269249996,9,h1:h1_z;h2:h2_z
0.0001,1.0000006740738963,1.0000000010246948,0.40319595189066604,H1+H2,36741.36856747647,36740.676972151654,-0.6915953248135883,293,326,0.40319595189066604,bayes_h1h2_marginal_boundary,measured_graph,0.1135970119888253,0.10057264682734157,0.03738834633433526,9,h1:h1_z;h2:h2_z
0.00012589254117941674,1.000001075903632,1.000000000132364,0.08919207740109414,H1+H2,36741.41296028781,36740.8339740889,-0.5789861989080206,293,326,0.08919207740109414,bayes_h1h2_marginal_boundary,measured_graph,0.1329082632547657,0.10044076539198575,0.03739471673067324,9,h1:h1_z;h2:h2_z
0.00015848931924611142,1.0000013810163366,1.0000000387824397,-0.0,H1+H2,36741.354947200605,36740.8785701276,-0.47637707300245236,293,326,-0.0,bayes_h1h2_marginal_boundary,measured_graph,0.13896959649739626,0.10027036148835751,0.03741028587695734,9,h1:h1_z;h2:h2_z
0.00019952623149688788,1.0000013276775173,1.0000000077599291,0.10370566140045412,H1+H2,36741.210485243995,36740.8267172969,-0.38376794709688455,293,326,0.10370566140045412,bayes_h1h2_marginal_boundary,measured_graph,0.13194726672649806,0.10007117256439106,0.03743425243599204,9,h1:h1_z;h2:h2_z
0.0002511886431509582,1.0000008951174724,1.0000000014818529,0.43226989181130193,H1+H2,36740.96359400288,36740.66243518169,-0.30115882119131615,293,326,0.43226989181130193,bayes_h1h2_marginal_boundary,measured_graph,0.11195760054582303,0.09986648616623743,0.03746729289795396,9,h1:h1_z;h2:h2_z
0.00031622776601683794,1.000000407122654,1.0000000002830125,1.1258248810336227,H1+H2,36740.544207382365,36740.31565768708,-0.22854969528574837,293,326,1.1258248810336227,bayes_h1h2_marginal_boundary,measured_graph,0.079149837911046,0.09968615836628446,0.037511453703273766,9,h1:h1_z;h2:h2_z
0.00039810717055349735,1.0000001258136522,1.0000000000574456,2.4300347226380836,H1+H2,36739.82949333566,36739.66355276628,-0.16594056938017995,293,326,2.4300347226380836,bayes_h1h2_marginal_boundary,measured_graph,0.04123295509847749,0.09955245208701786,0.037570153912933495,9,h1:h1_z;h2:h2_z
0.0005011872336272725,1.0000000280198793,1.0000000000135298,4.64606244416791,H1+H2,36738.66887034899,36738.555538905515,-0.11333144347461188,293,326,4.64606244416791,bayes_h1h2_marginal_boundary,measured_graph,0.013615705694106103,0.09947097119609202,0.037648414279685724,9,h1:h1_z;h2:h2_z
0.000630957344480193,1.0000000049886006,1.0000000000041196,8.0806830994552,H1+H2,36736.90895089544,36736.83822857787,-0.07072231756904392,293,326,8.0806830994552,bayes_h1h2_marginal_boundary,measured_graph,0.0024446785190812732,0.09943413735802367,0.03775329925552487,9,h1:h1_z;h2:h2_z
0.0007943282347242822,1.0000000008151633,1.0000000000017542,13.043467859344673,H1+H2,36734.39494938959,36734.35683619793,-0.03811319166347554,293,326,13.043467859344673,bayes_h1h2_marginal_boundary,measured_graph,0.00020444040773163932,0.09943091967367244,0.037894510337041686,9,h1:h1_z;h2:h2_z
0.001,1.000000000143671,1.0000000000010272,19.886839786340715,H1+H2,36730.950654300184,36730.93515023443,-0.015504065757907535,293,326,19.886839786340715,bayes_h1h2_marginal_boundary,measured_graph,6.676477744866288e-06,0.09945391995667263,0.03808497846787573,9,h1:h1_z;h2:h2_z
0.0012589254117941675,1.0000000000319733,1.000000000000758,29.04848760117602,H1+H2,36726.357221266866,36726.35432632701,-0.0028949398523394052,293,326,29.04848760117602,bayes_h1h2_marginal_boundary,measured_graph,6.841020000202686e-08,0.0995018167123061,0.03834110131712148,9,h1:h1_z;h2:h2_z
0.001584893192461114,1.000000037803463,1.000000000000635,41.05450657923939,H1+H2,36720.35160265193,36720.35131683798,-0.0002858139467712683,293,326,41.05450657923939,bayes_h1h2_marginal_boundary,measured_graph,1.690623744300756e-10,0.09957954740983631,0.038681938576761846,9,h1:h1_z;h2:h2_z
0.0019952623149688807,1.0000000216214884,1.0000000000005655,56.452139808941865,H1+H2,36712.66017691117,36712.65250022313,-0.007676688041203171,293,326,56.452139808941865,bayes_h1h2_marginal_boundary,measured_graph,7.664668765032841e-14,0.09969839441368104,0.039126362876952474,9,h1:h1_z;h2:h2_z
0.002511886431509582,1.0000000146697108,1.0000000000005111,75.65839691662404,H1+H2,36703.07443923142,36703.04937166929,-0.025067562135635053,293,326,75.65839691662404,bayes_h1h2_marginal_boundary,measured_graph,5.1749677930655305e-18,0.09987656896206247,0.03968734520808844,9,h1:h1_z;h2:h2_z
0.0031622776601683794,1.0000000111932301,1.0000000000004583,98.75030440090632,H1+H2,36691.555876363374,36691.503417927146,-0.05245843623006681,293,326,98.75030440090632,bayes_h1h2_marginal_boundary,measured_graph,5.0068393031698196e-23,0.10013972855435538,0.04036385733934995,9,h1:h1_z;h2:h2_z
0.003981071705534973,1.00000000935596,1.000000000000405,125.27480254753027,H1+H2,36678.33101816416,36678.241168853834,-0.08984931032449865,293,326,125.27480254753027,bayes_h1h2_marginal_boundary,measured_graph,8.706469091230564e-29,0.10051972725574106,0.0411330990441154,9,h1:h1_z;h2:h2_z
0.005011872336272725,1.0000000086046916,1.0000000000003575,154.17264043318573,H1+H2,36663.92949009543,36663.79224991101,-0.13724018441893068,293,326,154.17264043318573,bayes_h1h2_marginal_boundary,measured_graph,4.6212162969726813e-35,0.10104915669989809,0.04194735314065705,9,h1:h1_z;h2:h2_z
0.006309573444801936,1.0000000088735623,1.000000000000323,183.87689119836432,H1+H2,36649.13475558693,36648.94012452842,-0.19463105851336257,293,326,183.87689119836432,bayes_h1h2_marginal_boundary,measured_graph,1.6389292193483377e-41,0.10174972395468157,0.04273958953461702,9,h1:h1_z;h2:h2_z
0.00794328234724282,1.0000000103008342,1.0000000000003058,212.59231889898365,H1+H2,36634.84443261071,36634.58241067811,-0.26202193260779433,293,326,212.59231889898365,bayes_h1h2_marginal_boundary,measured_graph,9.529811274945481e-48,0.10261567616797565,0.04343948255208326,9,h1:h1_z;h2:h2_z
0.01,1.0000000130269044,1.0000000000003058,238.67059468654043,H1+H2,36621.88268559103,36621.54327278433,-0.3394128067022262,293,326,238.67059468654043,bayes_h1h2_marginal_boundary,measured_graph,2.0713746839816013e-53,0.10359890966618267,0.04399504277669399,9,h1:h1_z;h2:h2_z
0.012589254117941675,1.0000000169188183,1.0000000000003235,260.92425920438836,H1+H2,36610.843244206204,36610.416440525405,-0.42680368079665804,293,326,260.92425920438836,bayes_h1h2_marginal_boundary,measured_graph,3.0474515727945803e-58,0.10460717081528874,0.04438825282823428,9,h1:h1_z;h2:h2_z
0.01584893192461114,1.0000000214259581,1.0000000000003593,278.8015664921695,H1+H2,36602.001981436406,36601.477786881514,-0.5241945548910899,293,326,278.8015664921695,bayes_h1h2_marginal_boundary,measured_graph,3.998792415980027e-62,0.10552515524289993,0.044635913903484946,9,h1:h1_z;h2:h2_z
0.01995262314968881,1.0000000259841806,1.0000000000004154,292.44089097794495,H1+H2,36595.28971006761,36594.65812463863,-0.6315854289855218,293,326,292.44089097794495,bayes_h1h2_marginal_boundary,measured_graph,4.367040094161827e-65,0.10625403674368934,0.044777585070841855,9,h1:h1_z;h2:h2_z
0.025118864315095822,1.0000000308511359,1.0000000000004838,302.57824113525567,H1+H2,36590.338425863054,36589.58944955997,-0.7489763030799538,293,326,302.57824113525567,bayes_h1h2_marginal_boundary,measured_graph,2.7471954720719948e-67,0.10674634490928843,0.04485896735874659,9,h1:h1_z;h2:h2_z
0.03162277660168379,1.0000000377923814,1.0000000000005518,310.2897210752708,H1+H2,36586.61007676714,36585.733709589964,-0.8763671771743852,293,326,310.2897210752708,bayes_h1h2_marginal_boundary,measured_graph,5.812500046670487e-69,0.107014535448084,0.044918533311216646,9,h1:h1_z;h2:h2_z
0.039810717055349734,1.000000050722995,1.0000000000005989,316.69015040888917,H1+H2,36583.54725297442,36582.533494923155,-1.0137580512688171,293,326,316.69015040888917,bayes_h1h2_marginal_boundary,measured_graph,2.3687945691115716e-70,0.10711439822089633,0.04498179307497577,9,h1:h1_z;h2:h2_z
0.05011872336272725,1.0000000000254479,1.000000000000622,322.733002600231,H1+H2,36580.67321775285,36579.512068827484,-1.1611489253632492,293,326,322.733002600231,bayes_h1h2_marginal_boundary,measured_graph,1.1543532177027121e-71,0.10712007260008662,0.04506280369965816,9,h1:h1_z;h2:h2_z
0.06309573444801936,1.0000000000523437,1.0000000000006406,329.1091615453188,H1+H2,36577.6425291544,36576.32398935494,-1.3185397994576809,293,326,329.1091615453188,bayes_h1h2_marginal_boundary,measured_graph,4.7618246084380334e-73,0.10710362648740794,0.04516801218882799,9,h1:h1_z;h2:h2_z
0.07943282347242822,1.000000000105804,1.0000000000006972,336.16339154265006,H1+H2,36574.28280502983,36572.796874356274,-1.4859306735521132,293,326,336.16339154265006,bayes_h1h2_marginal_boundary,measured_graph,1.3994803794974518e-74,0.1071221819931551,0.04529790050558628,9,h1:h1_z;h2:h2_z
0.1,1.0000000001773963,1.0000000000008598,343.8404956438899,H1+H2,36570.6216438533,36568.958322305654,-1.663321547646544,293,326,343.8404956438899,bayes_h1h2_marginal_boundary,measured_graph,3.012345904850372e-76,0.10721083268348662,0.04544718827240542,9,h1:h1_z;h2:h2_z
1e-05,1.0000001299480523,1.0000000880479931,192.60751372121013,H1+H2,24376.743276912086,24374.375590328218,-2.3676865838692702,205,225,192.60751372121013,bayes_h1h2_marginal_boundary,measured_graph,6.951411076098583e-43,0.8418735003096797,0.10928629509081299,10,h1:h1_z;h2:h2_z
1.2589254117941661e-05,1.0000001885015097,1.0000003217344933,192.17676444442623,H1+H2,24376.746042424573,24374.59096496661,-2.155077457963703,205,225,192.17676444442623,bayes_h1h2_marginal_boundary,measured_graph,8.622019257841031e-43,0.8418530952616249,0.10925117814467722,10,h1:h1_z;h2:h2_z
1.584893192461114e-05,1.0000002652805278,1.0000000055192664,191.70339604578476,H1+H2,24376.78011749799,24374.82764916593,-1.952468332058134,205,225,191.70339604578476,bayes_h1h2_marginal_boundary,measured_graph,1.0924451231712995e-42,0.841826297334109,0.10918738852617114,10,h1:h1_z;h2:h2_z
1.9952623149688786e-05,1.0000000006148115,1.0000000285904629,191.13731722972443,H1+H2,24376.870547780112,24375.11068857396,-1.7598592061525666,205,225,191.13731722972443,bayes_h1h2_marginal_boundary,measured_graph,1.4498466964391706e-42,0.8417909573159318,0.10907711400415304,10,h1:h1_z;h2:h2_z
2.5118864315095822e-05,1.0000000008117627,1.0000001351081995,190.3983926030487,H1+H2,24377.057400967547,24375.4801508873,-1.5772500802469966,205,225,190.3983926030487,bayes_h1h2_marginal_boundary,measured_graph,2.097864951079072e-42,0.8417435450008196,0.10889365252081257,10,h1:h1_z;h2:h2_z
3.1622776601683795e-05,1.0000000010400483,1.0000005602913575,189.3627881434877,H1+H2,24377.40259407142,24375.99795311708,-1.404640954341429,205,225,189.3627881434877,bayes_h1h2_marginal_boundary,measured_graph,3.5209201699578966e-42,0.8416794516210071,0.10859884358490607,10,h1:h1_z;h2:h2_z
3.9810717055349695e-05,1.0000000013185906,1.0000019449200483,187.84808458699263,H1+H2,24377.99733672376,24376.755304895327,-1.2420318284358616,205,225,187.84808458699263,bayes_h1h2_marginal_boundary,measured_graph,7.508788583308107e-42,0.8415917892683067,0.10814288642973613,10,h1:h1_z;h2:h2_z
5.011872336272725e-05,1.0000000017046147,1.0000053292834488,185.6050561570446,H1+H2,24378.966241812832,24377.8768191103,-1.089422702530293,205,225,185.6050561570446,bayes_h1h2_marginal_boundary,measured_graph,2.3048215794986997e-41,0.8414703944911296,0.1074715694632929,10,h1:h1_z;h2:h2_z
6.309573444801929e-05,1.0000000023285212,1.000000492670903,182.33617096624948,H1+H2,24380.458075282324,24379.5112617057,-0.9468135766247254,205,225,182.33617096624948,bayes_h1h2_marginal_boundary,measured_graph,1.1815897411141313e-40,0.8413001220201928,0.10655020155793676,10,h1:h1_z;h2:h2_z
7.943282347242822e-05,1.0000000034815197,1.0000007698355518,177.78224480416975,H1+H2,24382.602429237457,24381.78822478674,-0.8142044507191568,205,225,177.78224480416975,bayes_h1h2_marginal_boundary,measured_graph,1.1516995927034818e-39,0.8410582156331453,0.10540613392526098,10,h1:h1_z;h2:h2_z
0.0001,1.0000000058638023,1.0000006270605526,171.90266936895932,H1+H2,24385.419607829157,24384.728012504343,-0.6915953248135883,205,225,171.90266936895932,bayes_h1h2_marginal_boundary,measured_graph,2.1780748333252823e-38,0.8407102661499206,0.10417432759003241,10,h1:h1_z;h2:h2_z
0.00012589254117941674,1.0000000113107332,1.0000049979348975,165.09398352698918,H1+H2,24388.711341624236,24388.13235542533,-0.5789861989080206,205,225,165.09398352698918,bayes_h1h2_marginal_boundary,measured_graph,6.554810520179431e-37,0.8402040371685133,0.1030733122800777,10,h1:h1_z;h2:h2_z
0.00015848931924611142,1.0000000249922543,1.0000012255601556,158.2092127317519,H1+H2,24392.05111789595,24391.574740822947,-0.47637707300245236,205,225,158.2092127317519,bayes_h1h2_marginal_boundary,measured_graph,2.0491281751479123e-35,0.839460155054449,0.10229352442602878,10,h1:h1_z;h2:h2_z
0.00019952623149688788,1.0000000622225373,1.0000001800027036,152.232483754844,H1+H2,24394.946873258497,24394.5631053114,-0.38376794709688455,205,225,152.232483754844,bayes_h1h2_marginal_boundary,measured_graph,4.0681722409393185e-34,0.8383584020684045,0.1018984497243731,10,h1:h1_z;h2:h2_z
0.0002511886431509582,1.0000001693724638,1.0000013788137907,147.848340658682,H1+H2,24397.056335680674,24396.755176859482,-0.30115882119131615,205,225,147.848340658682,bayes_h1h2_marginal_boundary,measured_graph,3.6425364752194424e-33,0.8367184047236963,0.10184294977901195,10,h1:h1_z;h2:h2_z
0.00031622776601683794,1.0000004845621153,1.00000020658004,145.26140332167415,H1+H2,24398.277195223272,24398.048645527986,-0.22854969528574837,205,225,145.26140332167415,bayes_h1h2_marginal_boundary,measured_graph,1.3278536588513162e-32,0.8342746711964969,0.10204784369558789,10,h1:h1_z;h2:h2_z
0.00039810717055349735,1.000001390471349,1.0000000305023566,144.27879597622814,H1+H2,24398.705889770088,24398.53994920071,-0.16594056938017995,205,225,144.27879597622814,bayes_h1h2_marginal_boundary,measured_graph,2.1703045884796823e-32,0.8306501579457438,0.10245012498617659,10,h1:h1_z;h2:h2_z
0.0005011872336272725,1.0000037849204675,1.0000000051925924,144.46396515177912,H1+H2,24398.560696056407,24398.447364612934,-0.11333144347461188,205,225,144.46396515177912,bayes_h1h2_marginal_boundary,measured_graph,1.9783891110281183e-32,0.8253439370131174,0.10301540961357616,10,h1:h1_z;h2:h2_z
0.000630957344480193,1.000000327837646,1.0000000011928536,145.23845647897542,H1+H2,24398.130841266906,24398.060118949335,-0.07072231756904392,205,225,145.23845647897542,bayes_h1h2_marginal_boundary,measured_graph,1.3431764175132702e-32,0.8177768954560066,0.10372938860739132,10,h1:h1_z;h2:h2_z
0.0007943282347242822,1.000000837757537,1.0000000004093965,145.9262071017074,H1+H2,24397.75435682963,24397.71624363797,-0.03811319166347554,205,225,145.9262071017074,bayes_h1h2_marginal_boundary,measured_graph,9.523353558409098e-33,0.8074531063780879,0.10458410819065654,10,h1:h1_z;h2:h2_z
0.001,1.0000014101777233,1.0000000002078577,145.79907984760212,H1+H2,24397.79531133078,24397.779807265022,-0.015504065757907535,205,225,145.79907984760212,bayes_h1h2_marginal_boundary,measured_graph,1.0148345409569746e-32,0.7943488081645287,0.10556321156293477,10,h1:h1_z;h2:h2_z
0.0012589254117941675,1.0000013252747597,1.0000000001402103,144.20251878927957,H1+H2,24398.580982734034,24398.578087794183,-0.0028949398523394052,205,225,144.20251878927957,bayes_h1h2_marginal_boundary,measured_graph,2.2546756225882104e-32,0.7793618971388164,0.1066259865484198,10,h1:h1_z;h2:h2_z
0.001584893192461114,1.0000006090007576,1.0000000001093814,140.73674467504316,H1+H2,24400.311260665247,24400.3109748513,-0.0002858139467712683,205,225,140.73674467504316,bayes_h1h2_marginal_boundary,measured_graph,1.2754615060620017e-31,0.7642872520886631,0.10769098314378166,10,h1:h1_z;h2:h2_z
0.0019952623149688807,1.000003147121116,1.0000000000870095,135.27243846002239,H1+H2,24403.050804646853,24403.043127958812,-0.007676688041203171,205,225,135.27243846002239,bayes_h1h2_marginal_boundary,measured_graph,1.959865979643849e-30,0.7508386085474087,0.10862506753160522,10,h1:h1_z;h2:h2_z
0.002511886431509582,1.0000005331886808,1.000000000063782,127.6296298072557,H1+H2,24406.88959984733,24406.864532285195,-0.025067562135635053,205,225,127.6296298072557,bayes_h1h2_marginal_boundary,measured_graph,8.950374066572448e-29,0.7395573432775305,0.10925040135332521,10,h1:h1_z;h2:h2_z
0.0031622776601683794,1.0000000622861789,1.0000000000399139,117.2807587847783,H1+H2,24412.091426232662,24412.038967796434,-0.05245843623006681,205,225,117.2807587847783,bayes_h1h2_marginal_boundary,measured_graph,1.5815028388806475e-26,0.7298134755274249,0.10938240008197013,10,h1:h1_z;h2:h2_z
0.003981071705534973,1.00000066476113,1.0000000624578251,103.58996489136189,H1+H2,24418.974214053465,24418.884364743142,-0.08984931032449865,205,225,103.58996489136189,bayes_h1h2_marginal_boundary,measured_graph,1.4858949141646815e-23,0.7206510961957622,0.10889636762660412,10,h1:h1_z;h2:h2_z
0.005011872336272725,1.0000001150118336,1.0000000348471139,86.48473561159335,H1+H2,24427.574219567447,24427.436979383026,-0.13724018441893068,205,225,86.48473561159335,bayes_h1h2_marginal_boundary,measured_graph,7.697353645970953e-20,0.7114916318511867,0.1077924431234135,10,h1:h1_z;h2:h2_z
0.006309573444801936,1.0000000218329115,1.0000000176303685,66.95894772589963,H1+H2,24437.394504384385,24437.199873325873,-0.19463105851336257,205,225,66.95894772589963,bayes_h1h2_marginal_boundary,measured_graph,1.3375573338812058e-15,0.7023634119815199,0.10621436731218287,10,h1:h1_z;h2:h2_z
0.00794328234724282,1.0000000048458055,1.0000000087399856,46.970124735933496,H1+H2,24447.456306753465,24447.194284820856,-0.26202193260779433,205,225,46.970124735933496,bayes_h1h2_marginal_boundary,measured_graph,2.929747343224315e-11,0.6937504184195872,0.10440385187340778,10,h1:h1_z;h2:h2_z
0.01,1.0000000013269972,1.0000000046913293,28.80411764346354,H1+H2,24456.616701173793,24456.27728836709,-0.3394128067022262,205,225,28.80411764346354,bayes_h1h2_marginal_boundary,measured_graph,2.579458163133776e-07,0.6862434604250662,0.10262015428826365,10,h1:h1_z;h2:h2_z
0.012589254117941675,1.0000000004698653,1.0000000029601905,14.345831298844132,H1+H2,24463.933235220196,24463.5064315394,-0.42680368079665804,205,225,14.345831298844132,bayes_h1h2_marginal_boundary,measured_graph,0.00035571770112154664,0.680223517267842,0.1010725843038655,10,h1:h1_z;h2:h2_z
0.01584893192461114,1.0000000002121345,1.0000000022578053,4.660213455281337,H1+H2,24468.873435016074,24468.349240461182,-0.5241945548910899,205,225,4.660213455281337,bayes_h1h2_marginal_boundary,measured_graph,0.04511393075363518,0.6757419138837824,0.09989020890227675,10,h1:h1_z;h2:h2_z
0.01995262314968881,1.0000000001118292,1.0000000020339304,-0.0,H1+H2,24471.31093261781,24470.679347188823,-0.6315854289855218,205,225,-0.0,bayes_h1h2_marginal_boundary,measured_graph,0.46372783254809413,0.6725992604730554,0.09912602990329815,10,h1:h1_z;h2:h2_z
0.025118864315095822,1.000000000062879,1.0000000020699973,0.09928007296548458,H1+H2,24471.37868345542,24470.62970715234,-0.7489763030799538,205,225,0.09928007296548458,bayes_h1h2_marginal_boundary,measured_graph,0.4412703719297336,0.67050579010379,0.09878169756478802,10,h1:h1_z;h2:h2_z
0.03162277660168379,1.0000000000362483,1.0000000022729783,4.505333788518328,H1+H2,24469.303047471738,24468.426680294564,-0.8763671771743852,205,225,4.505333788518328,bayes_h1h2_marginal_boundary,measured_graph,0.04874637901572144,0.6692117869712428,0.09883467574896519,10,h1:h1_z;h2:h2_z
0.039810717055349734,1.0000000000214575,1.0000000025827123,12.767157863563625,H1+H2,24465.30952630831,24464.29576825704,-1.0137580512688171,205,225,12.767157863563625,bayes_h1h2_marginal_boundary,measured_graph,0.0007832674116153056,0.6685698929127062,0.09925323909846943,10,h1:h1_z;h2:h2_z
0.05011872336272725,1.0000000000132097,1.0000000029331695,24.479986387596,H1+H2,24459.600502920388,24458.439353995025,-1.1611489253632492,205,225,24.479986387596,bayes_h1h2_marginal_boundary,measured_graph,2.2413086130191157e-06,0.6685512708829474,0.09999892042569844,10,h1:h1_z;h2:h2_z
0.06309573444801936,1.0000000000085654,1.0000000032319316,39.30031022104231,H1+H2,24452.34773187776,24451.029192078302,-1.3185397994576809,205,225,39.30031022104231,bayes_h1h2_marginal_boundary,measured_graph,1.3561546881068556e-09,0.6692505592853686,0.10102703655831997,10,h1:h1_z;h2:h2_z
0.07943282347242822,1.0000000000059261,1.0000000033376775,56.9847495381473,H1+H2,24443.672903093302,24442.18697241975,-1.4859306735521132,205,225,56.9847495381473,bayes_h1h2_marginal_boundary,measured_graph,1.9596658484248558e-13,0.6708952007132111,0.10229026323746579,10,h1:h1_z;h2:h2_z
0.1,1.0000000000043838,1.0000000030847294,77.38863684831449,H1+H2,24433.648350312313,24431.985028764666,-1.663321547646544,205,225,77.38863684831449,bayes_h1h2_marginal_boundary,measured_graph,7.26999630358255e-18,0.6738628649949862,0.10373658011120782,10,h1:h1_z;h2:h2_z
1e-05,1.000000000396484,1.0000005840412,44.47515585699148,H1+H2,32226.25828673483,32223.89060015096,-2.3676865838692702,292,265,44.47515585699148,bayes_h1h2_marginal_boundary,measured_graph,6.587594991484604e-11,0.23385207033717142,0.08704712555322153,11,h1:h1_z;h2:h2_z
1.2589254117941661e-05,1.0000000006487737,1.0000000133762676,43.62540066502697,H1+H2,32226.470555204905,32224.315477746943,-2.155077457963703,292,265,43.62540066502697,bayes_h1h2_marginal_boundary,measured_graph,1.0075088880759823e-10,0.23384629243088803,0.08694138914445398,11,h1:h1_z;h2:h2_z
1.584893192461114e-05,1.0000000010929686,1.0000000595862353,42.535289503241074,H1+H2,32226.813001659895,32224.860533327836,-1.952468332058134,292,265,42.535289503241074,bayes_h1h2_marginal_boundary,measured_graph,1.7376548514189178e-10,0.2338380529646386,0.08677769699900006,11,h1:h1_z;h2:h2_z
1.9952623149688786e-05,1.0000000019180741,1.000000224735861,41.06930812879,H1+H2,32227.353383221212,32225.59352401506,-1.7598592061525666,292,265,41.06930812879,bayes_h1h2_marginal_boundary,measured_graph,3.6165737683932673e-10,0.2338261639954438,0.0865311583204515,11,h1:h1_z;h2:h2_z
2.5118864315095822e-05,1.000000003535804,1.0000006738734752,39.044106352077506,H1+H2,32228.183374983666,32226.606124903417,-1.5772500802469966,292,265,39.044106352077506,bayes_h1h2_marginal_boundary,measured_graph,9.955528183206353e-10,0.23380882864024782,0.0861742993632689,11,h1:h1_z;h2:h2_z
3.1622776601683795e-05,1.000000006849939,1.00000148539445,36.24029345883173,H1+H2,32229.41267230438,32228.00803135004,-1.404640954341429,292,265,36.24029345883173,bayes_h1h2_marginal_boundary,measured_graph,4.044869738149389e-09,0.2337833371752938,0.08568735777267296,11,h1:h1_z;h2:h2_z
3.9810717055349695e-05,1.0000000138168321,1.0000021908569243,32.45594033131056,H1+H2,32231.142239742236,32229.9002079138,-1.2420318284358616,292,265,32.45594033131056,bayes_h1h2_marginal_boundary,measured_graph,2.683282390248402e-08,0.23374564151948496,0.08507801771050655,11,h1:h1_z;h2:h2_z
5.011872336272725e-05,1.0000000284875503,1.0000019546148444,27.62361829080328,H1+H2,32233.405791636585,32232.316368934054,-1.089422702530293,292,265,27.62361829080328,bayes_h1h2_marginal_boundary,measured_graph,3.00601939931474e-07,0.2336898087485958,0.08440244465148757,11,h1:h1_z;h2:h2_z
6.309573444801929e-05,1.0000000585015267,1.0000009717506146,21.9605317600508,H1+H2,32236.094725776056,32235.14791219943,-0.9468135766247254,292,265,21.9605317600508,bayes_h1h2_marginal_boundary,measured_graph,5.101705610357559e-06,0.2336074409766642,0.08376175600537038,11,h1:h1_z;h2:h2_z
7.943282347242822e-05,1.000000115763086,1.0000002613871255,16.01887832243665,H1+H2,32238.932943368956,32238.118738918238,-0.8142044507191568,292,265,16.01887832243665,bayes_h1h2_marginal_boundary,measured_graph,9.952428015261303e-05,0.23348736385605,0.08325630164287409,11,h1:h1_z;h2:h2_z
0.0001,1.00000021168493,1.0000025432645392,10.509978369795135,H1+H2,32241.564784219372,32240.87318889456,-0.6915953248135883,292,265,10.509978369795135,bayes_h1h2_marginal_boundary,measured_graph,0.0015637649347752308,0.23331630389237729,0.08293272260761377,11,h1:h1_z;h2:h2_z
0.00012589254117941674,1.0000003391797563,1.0000004176519453,6.004417291187565,H1+H2,32243.70495563277,32243.125969433862,-0.5789861989080206,292,265,6.004417291187565,bayes_h1h2_marginal_boundary,measured_graph,0.014877899736062614,0.23308182143269146,0.08277729274438655,11,h1:h1_z;h2:h2_z
0.00015848931924611142,1.0000004458439482,1.0000000522989378,2.7649172110759537,H1+H2,32245.22209654692,32244.745719473918,-0.47637707300245236,292,265,2.7649172110759537,bayes_h1h2_marginal_boundary,measured_graph,0.0751605816041115,0.2327787773201523,0.0827477032704599,11,h1:h1_z;h2:h2_z
0.00019952623149688788,1.0000004459553358,1.000000005413448,0.7950580735487165,H1+H2,32246.114416989778,32245.73064904268,-0.38376794709688455,292,265,0.7950580735487165,bayes_h1h2_marginal_boundary,measured_graph,0.20125172375258785,0.2324184116796189,0.08280550842541064,11,h1:h1_z;h2:h2_z
0.0002511886431509582,1.0000003155508377,1.0000000004971952,-0.0,H1+H2,32246.42933690065,32246.128178079456,-0.30115882119131615,292,265,-0.0,bayes_h1h2_marginal_boundary,measured_graph,0.2994913447880385,0.2320336628622807,0.08292811341075516,11,h1:h1_z;h2:h2_z
0.00031622776601683794,1.0000001500789397,1.0000000000430425,0.3269822140937322,H1+H2,32246.193236667696,32245.96468697241,-0.22854969528574837,292,265,0.3269822140937322,bayes_h1h2_marginal_boundary,measured_graph,0.2543202783831952,0.2316709273978416,0.08310829259248115,11,h1:h1_z;h2:h2_z
0.00039810717055349735,1.000000047558295,1.000000019083266,1.8260075788057293,H1+H2,32245.381114859432,32245.215174290053,-0.16594056938017995,292,265,1.8260075788057293,bayes_h1h2_marginal_boundary,measured_graph,0.12019095009357053,0.23136823204370832,0.08335024179184904,11,h1:h1_z;h2:h2_z
0.0005011872336272725,1.0000000105020665,1.0000000038369412,4.6373316377575975,H1+H2,32243.92284370405,32243.809512260577,-0.11333144347461188,292,265,4.6373316377575975,bayes_h1h2_marginal_boundary,measured_graph,0.029471382253163092,0.23113757762846493,0.08366663074326491,11,h1:h1_z;h2:h2_z
0.000630957344480193,1.000000001784874,1.0000000008329892,8.956294350726239,H1+H2,32241.720753221663,32241.650030904093,-0.07072231756904392,292,265,8.956294350726239,bayes_h1h2_marginal_boundary,measured_graph,0.0034005539434772357,0.23096735433674578,0.0840774191669741,11,h1:h1_z;h2:h2_z
0.0007943282347242822,1.0000000002723344,1.0000000002054417,15.023306556759053,H1+H2,32238.65463799274,32238.616524801077,-0.03811319166347554,292,265,15.023306556759053,bayes_h1h2_marginal_boundary,measured_graph,0.00016372488993837686,0.23083854513261767,0.08460992384872722,11,h1:h1_z;h2:h2_z
0.001,1.0000000000460136,1.0000000000609044,23.144680383222294,H1+H2,32234.571341953604,32234.555837887845,-0.015504065757907535,292,265,23.144680383222294,bayes_h1h2_marginal_boundary,measured_graph,2.8221545149580415e-06,0.23073915042253484,0.08529925700638695,11,h1:h1_z;h2:h2_z
0.0012589254117941675,1.0000000394544035,1.0000000000227507,33.716513119026786,H1+H2,32229.272816459794,32229.269921519943,-0.0028949398523394052,292,265,33.716513119026786,bayes_h1h2_marginal_boundary,measured_graph,1.4286849756332925e-08,0.23067131622870854,0.08618798725277227,11,h1:h1_z;h2:h2_z
0.001584893192461114,1.00000002038179,1.0000000000108875,47.21837950349436,H1+H2,32222.519274141654,32222.51898832771,-0.0002858139467712683,292,265,47.21837950349436,bayes_h1h2_marginal_boundary,measured_graph,1.671257789777525e-11,0.23065490095093996,0.0873231738407858,11,h1:h1_z;h2:h2_z
0.0019952623149688807,1.0000000139442915,1.0000000000065148,64.14839659213612,H1+H2,32214.06165647143,32214.053979783388,-0.007676688041203171,292,265,64.14839659213612,bayes_h1h2_marginal_boundary,measured_graph,3.5215750190450752e-15,0.2307318200625135,0.0887479647442933,11,h1:h1_z;h2:h2_z
0.002511886431509582,1.0000000114137595,1.0000000000046207,84.8806677542234,H1+H2,32203.71291176448,32203.687844202344,-0.025067562135635053,292,265,84.8806677542234,bayes_h1h2_marginal_boundary,measured_graph,1.1086168187603335e-19,0.23097265301347136,0.09048484879955605,11,h1:h1_z;h2:h2_z
0.0031622776601683794,1.0000000102239652,1.000000000003649,109.46436769881984,H1+H2,32191.448452666275,32191.395994230046,-0.05245843623006681,292,265,109.46436769881984,bayes_h1h2_marginal_boundary,measured_graph,5.087434697050203e-25,0.23148283515838464,0.0925114700587643,11,h1:h1_z;h2:h2_z
0.003981071705534973,1.0000000095101504,1.000000000003046,137.46522345199628,H1+H2,32177.48541566378,32177.395566353458,-0.08984931032449865,292,265,137.46522345199628,bayes_h1h2_marginal_boundary,measured_graph,4.228538377454925e-31,0.23240037332869265,0.09474070597052912,11,h1:h1_z;h2:h2_z
0.005011872336272725,1.000000008950091,1.00000000000262,167.9992315013078,H1+H2,32162.265802513222,32162.128562328802,-0.13724018441893068,292,265,167.9992315013078,bayes_h1h2_marginal_boundary,measured_graph,9.904092171629101e-38,0.23387070798853976,0.09702820646496536,11,h1:h1_z;h2:h2_z
0.006309573444801936,1.0000000084099245,1.0000000000023455,199.9763508650576,H1+H2,32146.33463370544,32146.140002646927,-0.19463105851336257,292,265,199.9763508650576,bayes_h1h2_marginal_boundary,measured_graph,1.127382865711464e-44,0.23598609463135176,0.09922131662353607,11,h1:h1_z;h2:h2_z
0.00794328234724282,1.000000007817404,1.0000000000022686,232.3300424306508,H1+H2,32130.22517879674,32129.96315686413,-0.26202193260779433,292,265,232.3300424306508,bayes_h1h2_marginal_boundary,measured_graph,1.0630570498660499e-51,0.23870172180211077,0.10122475323602614,11,h1:h1_z;h2:h2_z
0.01,1.0000000071254942,1.0000000000024076,264.03738245755085,H1+H2,32114.448899657382,32114.10948685068,-0.3394128067022262,292,265,264.03738245755085,bayes_h1h2_marginal_boundary,measured_graph,1.384825867313833e-58,0.2417847845201092,0.10303140600036713,11,h1:h1_z;h2:h2_z
0.012589254117941675,1.0000000063218633,1.000000000002694,294.0612393319607,H1+H2,32099.52436209427,32099.097558413476,-0.42680368079665804,292,265,294.0612393319607,bayes_h1h2_marginal_boundary,measured_graph,4.185983230470882e-65,0.24486334220187225,0.10469414285617096,11,h1:h1_z;h2:h2_z
0.01584893192461114,1.0000000054423424,1.0000000000029339,321.432912598837,H1+H2,32085.93591633493,32085.411721780038,-0.5241945548910899,292,265,321.432912598837,bayes_h1h2_marginal_boundary,measured_graph,4.7655623286092545e-71,0.24756918143811524,0.10626653891506531,11,h1:h1_z;h2:h2_z
0.01995262314968881,1.0000000045586612,1.000000000002907,345.442023226271,H1+H2,32074.038751895307,32073.40716646632,-0.6315854289855218,292,265,345.442023226271,bayes_h1h2_marginal_boundary,measured_graph,2.9147547827157165e-76,0.2496777170688315,0.10775940653065659,11,h1:h1_z;h2:h2_z
0.025118864315095822,1.0000000037480343,1.0000000000025677,365.79245373756567,H1+H2,32063.980927513752,32063.231951210673,-0.7489763030799538,292,265,365.79245373756567,bayes_h1h2_marginal_boundary,measured_graph,1.1106115505220893e-80,0.2511575305426831,0.10913861007038742,11,h1:h1_z;h2:h2_z
0.03162277660168379,1.0000000030653264,1.0000000000020932,382.67696264547703,H1+H2,32055.66606393389,32054.789696756718,-0.8763671771743852,292,265,382.67696264547703,bayes_h1h2_marginal_boundary,measured_graph,2.3940745046178653e-84,0.25213069835221336,0.11035600841647768,11,h1:h1_z;h2:h2_z
0.039810717055349734,1.0000000025289482,1.0000000000016938,396.73851536397706,H1+H2,32048.772678448735,32047.758920397468,-1.0137580512688171,292,265,396.73851536397706,bayes_h1h2_marginal_boundary,measured_graph,2.11694846358582e-87,0.2527959260131304,0.11138422869564202,11,h1:h1_z;h2:h2_z
0.05011872336272725,1.0000000021261246,1.000000000001468,408.87582700997154,H1+H2,32042.851413499833,32041.69026457447,-1.1611489253632492,292,265,408.87582700997154,bayes_h1h2_marginal_boundary,measured_graph,4.899215566162618e-90,0.2533565176508433,0.11222954660544032,11,h1:h1_z;h2:h2_z
0.06309573444801936,1.0000000018341082,1.000000000001416,419.9633660760446,H1+H2,32037.46503484089,32036.146495041434,-1.3185397994576809,292,265,419.9633660760446,bayes_h1h2_marginal_boundary,measured_graph,1.9164523772453222e-92,0.2539744906350832,0.11292029493957902,11,h1:h1_z;h2:h2_z
0.07943282347242822,1.0000000016425172,1.0000000000014977,430.6444672668076,H1+H2,32032.291875119605,32030.805944446052,-1.4859306735521132,292,265,430.6444672668076,bayes_h1h2_marginal_boundary,measured_graph,9.185998662623119e-95,0.2547564612084647,0.11348763571874941,11,h1:h1_z;h2:h2_z
0.1,1.000000001567109,1.0000000000016565,441.26074021818204,H1+H2,32027.161129518012,32025.497807970365,-1.663321547646544,292,265,441.26074021818204,bayes_h1h2_marginal_boundary,measured_graph,4.548120863467013e-97,0.25575943759549014,0.1139534463007314,11,h1:h1_z;h2:h2_z
1e-05,1.0000000012748973,1.000000002135274,17.681153903875384,H1+H2,32584.137876115732,32581.770189531864,-2.3676865838692702,284,267,17.681153903875384,bayes_h1h2_marginal_boundary,measured_graph,4.111481203151937e-05,0.08516014295101823,0.03739355801952115,12,h1:h1_z;h2:h2_z
1.2589254117941661e-05,1.0000000042432262,1.0000000067747412,17.119788421528938,H1+H2,32584.205949731,32582.050872273037,-2.155077457963703,284,267,17.119788421528938,bayes_h1h2_marginal_boundary,measured_graph,5.443738748864168e-05,0.08515339494089831,0.037377528845647226,12,h1:h1_z;h2:h2_z
1.584893192461114e-05,1.0000000138542087,1.0000000190387899,16.50181750025513,H1+H2,32584.312326065734,32582.359857733674,-1.952468332058134,284,267,16.50181750025513,bayes_h1h2_marginal_boundary,measured_graph,7.414603900277244e-05,0.0851426259237024,0.03735409496659491,12,h1:h1_z;h2:h2_z
1.9952623149688786e-05,1.0000000433021676,1.0000000447900954,15.794208883555257,H1+H2,32584.473521248176,32582.713662042024,-1.7598592061525666,284,267,15.794208883555257,bayes_h1h2_marginal_boundary,measured_graph,0.00010561928279192313,0.0851255473986211,0.037321464925073655,12,h1:h1_z;h2:h2_z
2.5118864315095822e-05,1.0000001268531062,1.0000000820650359,14.959678830979101,H1+H2,32584.70817714856,32583.130927068312,-1.5772500802469966,284,267,14.959678830979101,bayes_h1h2_marginal_boundary,measured_graph,0.00016030944571072112,0.08509866430556934,0.03727908959210074,12,h1:h1_z;h2:h2_z
3.1622776601683795e-05,1.000000342754113,1.0000001078630587,13.96636852969823,H1+H2,32585.032223173293,32583.627582218953,-1.404640954341429,284,267,13.96636852969823,bayes_h1h2_marginal_boundary,measured_graph,0.0002634230075244718,0.0850567629398494,0.03722911289442338,12,h1:h1_z;h2:h2_z
3.9810717055349695e-05,1.0000000034984038,1.0000000941191052,12.803158846472797,H1+H2,32585.451218889,32584.209187060565,-1.2420318284358616,284,267,12.803158846472797,bayes_h1h2_marginal_boundary,measured_graph,0.00047123927285931607,0.08499239409465292,0.03717716189508617,12,h1:h1_z;h2:h2_z
5.011872336272725e-05,1.0000000114969338,1.0000000517752168,11.49077025441511,H1+H2,32585.954804059125,32584.865381356594,-1.089422702530293,284,267,11.49077025441511,bayes_h1h2_marginal_boundary,measured_graph,0.0009082868759414591,0.08489546050832747,0.03713092761306991,12,h1:h1_z;h2:h2_z
6.309573444801929e-05,1.0000000322327305,1.00000001780762,10.070437393274915,H1+H2,32586.52236136379,32585.575547787164,-0.9468135766247254,284,267,10.070437393274915,bayes_h1h2_marginal_boundary,measured_graph,0.0018477550633478992,0.08475395693273428,0.037096643097600183,12,h1:h1_z;h2:h2_z
7.943282347242822e-05,1.0000000730270606,1.000000003977567,8.569078114793228,H1+H2,32587.140431877124,32586.326227426405,-0.8142044507191568,284,267,8.569078114793228,bayes_h1h2_marginal_boundary,measured_graph,0.003914356946552648,0.08455673859496682,0.03707634236211523,12,h1:h1_z;h2:h2_z
0.0001,1.000000123450574,1.0000000006191896,6.973044157297409,H1+H2,32587.815839729967,32587.124244405153,-0.6915953248135883,284,267,6.973044157297409,bayes_h1h2_marginal_boundary,measured_graph,0.008694303498742909,0.08430004149015981,0.03706828689722702,12,h1:h1_z;h2:h2_z
0.00012589254117941674,1.0000001407639592,1.0000001174275472,5.252624143053254,H1+H2,32588.563440611182,32587.984454412275,-0.5789861989080206,284,267,5.252624143053254,bayes_h1h2_marginal_boundary,measured_graph,0.020550351554431374,0.08399704377269712,0.0370694092170932,12,h1:h1_z;h2:h2_z
0.00015848931924611142,1.000000097516571,1.0000000245241252,3.4423374137986684,H1+H2,32589.365974849905,32588.889597776903,-0.47637707300245236,284,267,3.4423374137986684,bayes_h1h2_marginal_boundary,measured_graph,0.05080635334926754,0.08368392560164865,0.03707732012498642,12,h1:h1_z;h2:h2_z
0.00019952623149688788,1.00000269865429,1.0000000046904707,1.726627953852585,H1+H2,32590.13122045397,32589.747452506876,-0.38376794709688455,284,267,1.726627953852585,bayes_h1h2_marginal_boundary,measured_graph,0.11980628451181463,0.08341127238137828,0.03709099116054,12,h1:h1_z;h2:h2_z
0.0002511886431509582,1.0000008066356592,1.0000000008497316,0.4464393411108176,H1+H2,32590.68870563444,32590.387546813246,-0.30115882119131615,284,267,0.4464393411108176,bayes_h1h2_marginal_boundary,measured_graph,0.22723175618906832,0.08322114909571028,0.037110721292258994,12,h1:h1_z;h2:h2_z
0.00031622776601683794,1.0000001604939093,1.0000000001499896,-0.0,H1+H2,32590.83931617909,32590.610766483802,-0.22854969528574837,284,267,-0.0,bayes_h1h2_marginal_boundary,measured_graph,0.2840613169453108,0.08312765688313103,0.03713796845340168,12,h1:h1_z;h2:h2_z
0.00039810717055349735,1.0000000226490062,1.000000000026566,0.7139910112528014,H1+H2,32590.419711547554,32590.253770978175,-0.16594056938017995,284,267,0.7139910112528014,bayes_h1h2_marginal_boundary,measured_graph,0.19877919065454205,0.08312105291349184,0.03717537394580051,12,h1:h1_z;h2:h2_z
0.0005011872336272725,1.0000000024583997,1.0000000000049256,2.801927937034634,H1+H2,32589.32313395876,32589.209802515285,-0.11333144347461188,284,267,2.801927937034634,bayes_h1h2_marginal_boundary,measured_graph,0.06998116616604365,0.08318408572638537,0.03722705044831605,12,h1:h1_z;h2:h2_z
0.000630957344480193,1.000000000224216,1.000000000001024,6.423159639038204,H1+H2,32587.469908981853,32587.399186664283,-0.07072231756904392,284,267,6.423159639038204,bayes_h1h2_marginal_boundary,measured_graph,0.011445656351463598,0.08330513097745607,0.03729916512762304,12,h1:h1_z;h2:h2_z
0.0007943282347242822,1.000000057636947,1.0000000000002733,11.785169215741917,H1+H2,32584.756295067593,32584.71818187593,-0.03811319166347554,284,267,11.785169215741917,bayes_h1h2_marginal_boundary,measured_graph,0.000783962188870068,0.0834827302027667,0.03740086904919927,12,h1:h1_z;h2:h2_z
0.001,1.000000011483338,1.0000000000001035,19.240748988857376,H1+H2,32581.005896055132,32580.990391989373,-0.015504065757907535,284,267,19.240748988857376,bayes_h1h2_marginal_boundary,measured_graph,1.8851093147975477e-05,0.08372539917242022,0.03754563696625393,12,h1:h1_z;h2:h2_z
0.0012589254117941675,1.0000000027125988,1.0000000000000582,29.367206236434868,H1+H2,32575.930058305436,32575.927163365584,-0.0028949398523394052,284,267,29.367206236434868,bayes_h1h2_marginal_boundary,measured_graph,1.1923514590173435e-07,0.08405076649859498,0.03775302220271691,12,h1:h1_z;h2:h2_z
0.001584893192461114,1.000000000878906,1.000000000000045,43.02704666215868,H1+H2,32569.097528966668,32569.097243152723,-0.0002858139467712683,284,267,43.02704666215868,bayes_h1h2_marginal_boundary,measured_graph,1.2888655843090725e-10,0.08448572128221411,0.03805059327049943,12,h1:h1_z;h2:h2_z
0.0019952623149688807,1.0000000004214724,1.000000000000045,61.39407713065884,H1+H2,32559.921404606514,32559.913727918472,-0.007676688041203171,284,267,61.39407713065884,bayes_h1h2_marginal_boundary,measured_graph,1.3239074816947966e-14,0.08506740037426219,0.03847523537500925,12,h1:h1_z;h2:h2_z
0.002511886431509582,1.0000000002848612,1.0000000000000515,85.89481326206442,H1+H2,32547.688427414905,32547.66335985277,-0.025067562135635053,284,267,85.89481326206442,bayes_h1h2_marginal_boundary,measured_graph,6.33272142965693e-20,0.08584405457074712,0.039071962110433504,12,h1:h1_z;h2:h2_z
0.0031622776601683794,1.0000000002455056,1.0000000000000633,117.98459174019081,H1+H2,32531.670929049935,32531.618470613706,-0.05245843623006681,284,267,117.98459174019081,bayes_h1h2_marginal_boundary,measured_graph,6.813708108917689e-27,0.08687393621430224,0.039887281753429656,12,h1:h1_z;h2:h2_z
0.003981071705534973,1.0000000002521017,1.000000000000082,158.69849712547875,H1+H2,32511.351367231386,32511.261517921062,-0.08984931032449865,284,267,158.69849712547875,bayes_h1h2_marginal_boundary,measured_graph,9.828139273568344e-36,0.0882193388081426,0.040954558957857615,12,h1:h1_z;h2:h2_z
0.005011872336272725,1.0000000002998997,1.0000000000001086,208.0461932019607,H1+H2,32486.72491006724,32486.58766988282,-0.13724018441893068,284,267,208.0461932019607,bayes_h1h2_marginal_boundary,measured_graph,1.8912774824022684e-46,0.08993254498539464,0.04227307337956324,12,h1:h1_z;h2:h2_z
0.006309573444801936,1.0000000004057095,1.0000000000001354,264.5251111610778,H1+H2,32458.542841961775,32458.348210903263,-0.19463105851336257,284,267,264.5251111610778,bayes_h1h2_marginal_boundary,measured_graph,1.0292338121449293e-58,0.09203277106978995,0.04379043074758027,12,h1:h1_z;h2:h2_z
0.00794328234724282,1.0000000006030834,1.0000000000001463,325.11104314756085,H1+H2,32428.31726684263,32428.05524491002,-0.26202193260779433,284,267,325.11104314756085,bayes_h1h2_marginal_boundary,measured_graph,7.18531932913037e-72,0.09448007342769855,0.045402655887018646,12,h1:h1_z;h2:h2_z
0.01,1.0000000009345766,1.0000000000001281,385.8666204298934,H1+H2,32398.016869075556,32397.677456268855,-0.3394128067022262,284,267,385.8666204298934,bayes_h1h2_marginal_boundary,measured_graph,4.608293109297707e-85,0.09716104126823408,0.04697840267842212,12,h1:h1_z;h2:h2_z
0.012589254117941675,1.0000000014299082,1.0000000000000846,442.93229029861686,H1+H2,32369.57142501529,32369.144621334493,-0.42680368079665804,284,267,442.93229029861686,bayes_h1h2_marginal_boundary,measured_graph,1.870196885571243e-97,0.0999024648411555,0.04839686883396957,12,h1:h1_z;h2:h2_z
0.01584893192461114,1.0000000020758004,1.000000000000041,493.4674897024961,H1+H2,32344.401216187445,32343.877021632554,-0.5241945548910899,284,267,493.4674897024961,bayes_h1h2_marginal_boundary,measured_graph,1.9875048995404403e-108,0.10251519354674864,0.04958001701801527,12,h1:h1_z;h2:h2_z
0.01995262314968881,1.0000000028052431,1.0000000000000149,536.1939638739568,H1+H2,32323.14536997581,32322.513784546823,-0.6315854289855218,284,267,536.1939638739568,bayes_h1h2_marginal_boundary,measured_graph,1.0480264078766312e-117,0.10485061436332897,0.05050541767979066,12,h1:h1_z;h2:h2_z
0.025118864315095822,1.0000000035323038,1.0000000000000078,571.435598701959,H1+H2,32305.6419434359,32304.892967132822,-0.7489763030799538,284,267,571.435598701959,bayes_h1h2_marginal_boundary,measured_graph,2.3321069139235228e-125,0.10684563913966494,0.051198257889984715,12,h1:h1_z;h2:h2_z
0.03162277660168379,1.000000004220505,1.0000000000000084,600.7519205119243,H1+H2,32291.111173405014,32290.23480622784,-0.8763671771743852,284,267,600.7519205119243,bayes_h1h2_marginal_boundary,measured_graph,1.0041302730337205e-131,0.10853823511673218,0.051711073117786395,12,h1:h1_z;h2:h2_z
0.039810717055349734,1.0000000049297004,1.0000000000000229,626.3207216558367,H1+H2,32278.46416370715,32277.450405655884,-1.0137580512688171,284,267,626.3207216558367,bayes_h1h2_marginal_boundary,measured_graph,2.815758720200503e-137,0.1100458433106252,0.05210228044304355,12,h1:h1_z;h2:h2_z
0.05011872336272725,1.000000005804967,1.0000000000000573,650.2510641638582,H1+H2,32266.646383327236,32265.485234401873,-1.1611489253632492,284,267,650.2510641638582,bayes_h1h2_marginal_boundary,measured_graph,1.7913794469887516e-142,0.1115164128695437,0.05242042280069836,12,h1:h1_z;h2:h2_z
0.06309573444801936,1.000000007030322,1.000000000000116,674.0365275220101,H1+H2,32254.911042522253,32253.592502722797,-1.3185397994576809,284,267,674.0365275220101,bayes_h1h2_marginal_boundary,measured_graph,1.2252926944871262e-147,0.11307584334507481,0.05269630612239023,12,h1:h1_z;h2:h2_z
0.07943282347242822,1.000000008789998,1.0000000000001914,698.3016382178685,H1+H2,32242.94587804842,32241.459947374868,-1.4859306735521132,284,267,698.3016382178685,bayes_h1h2_marginal_boundary,measured_graph,6.59383393297419e-153,0.11479279625687908,0.05294260780715545,12,h1:h1_z;h2:h2_z
0.1,1.0000000112630631,1.0000000000002673,722.8748041686995,H1+H2,32230.8366859471,32229.173364399452,-1.663321547646544,284,267,722.8748041686995,bayes_h1h2_marginal_boundary,measured_graph,3.041885183350348e-158,0.11667108640942844,0.05315856060249896,12,h1:h1_z;h2:h2_z
1e-05,1.0000000097289408,0.9999999984270108,14.294473651854787,H1+H2,34406.12164812852,34403.75396154465,-2.3676865838692702,302,273,14.294473651854787,bayes_h1h2_marginal_boundary,measured_graph,0.00017416900353607736,0.07095130493497913,0.028639397610955793,13,h1:h1_z;h2:h2_z
1.2589254117941661e-05,1.0000000318115008,0.9999999973921307,13.898691989015788,H1+H2,34406.10692983404,34403.95185237607,-2.155077457963703,302,273,13.898691989015788,bayes_h1h2_marginal_boundary,measured_graph,0.00021228228965862686,0.07093692932587964,0.02863792778912051,13,h1:h1_z;h2:h2_z
1.584893192461114e-05,1.0000000970458296,0.9999999964212646,13.528977383422898,H1+H2,34406.08917801092,34404.13670967887,-1.952468332058134,302,273,13.528977383422898,bayes_h1h2_marginal_boundary,measured_graph,0.0002553855200299854,0.07091433072516497,0.028636115270271607,13,h1:h1_z;h2:h2_z
1.9952623149688786e-05,1.0000002712312188,0.9999999961521028,13.175480793652241,H1+H2,34406.07331717991,34404.31345797375,-1.7598592061525666,302,273,13.175480793652241,bayes_h1h2_marginal_boundary,measured_graph,0.00030475937829307773,0.07087916745200926,0.028634034482458222,13,h1:h1_z;h2:h2_z
2.5118864315095822e-05,1.0000006837277815,0.9999999969040584,12.813196829811204,H1+H2,34406.07185003592,34404.49459995567,-1.5772500802469966,302,273,12.813196829811204,bayes_h1h2_marginal_boundary,measured_graph,0.00036528012447034007,0.07082525914703212,0.028631820253849263,13,h1:h1_z;h2:h2_z
3.1622776601683795e-05,1.0000000092380543,0.9999999981798854,12.392893741722219,H1+H2,34406.10939245406,34404.70475149972,-1.404640954341429,302,273,12.392893741722219,bayes_h1h2_marginal_boundary,measured_graph,0.00045070637198870757,0.0707444778736177,0.0286295958896592,13,h1:h1_z;h2:h2_z
3.9810717055349695e-05,1.0000000254181223,0.9999999992119191,11.835134128879872,H1+H2,34406.22566313457,34404.98363130614,-1.2420318284358616,302,273,11.835134128879872,bayes_h1h2_marginal_boundary,measured_graph,0.0005956753917634313,0.07062729669050279,0.02862738972043702,13,h1:h1_z;h2:h2_z
5.011872336272725e-05,1.000000055108263,0.9999999997393908,11.033440107057686,H1+H2,34406.47390101958,34405.38447831705,-1.089422702530293,302,273,11.033440107057686,bayes_h1h2_marginal_boundary,measured_graph,0.0008893962706067088,0.07046562533729993,0.028625112517443613,13,h1:h1_z;h2:h2_z
6.309573444801929e-05,1.0000000867308418,0.9999999999305217,9.877470213599736,H1+H2,34406.9092768404,34405.96246326378,-0.9468135766247254,302,273,9.877470213599736,bayes_h1h2_marginal_boundary,measured_graph,0.001585298238401684,0.07025820226767966,0.02862260195058019,13,h1:h1_z;h2:h2_z
7.943282347242822e-05,1.0000000896356809,0.9999999999841669,8.302732320458745,H1+H2,34407.56403666107,34406.74983221035,-0.8142044507191568,302,273,8.302732320458745,bayes_h1h2_marginal_boundary,measured_graph,0.0034838621765170648,0.07001773065134122,0.028619677740912543,13,h1:h1_z;h2:h2_z
0.0001,1.0000000551767976,0.9999999999967935,6.359137482999358,H1+H2,34408.413224953896,34407.72162962908,-0.6915953248135883,302,273,6.359137482999358,bayes_h1h2_marginal_boundary,measured_graph,0.009206768480491678,0.06977353471183838,0.028616168819269573,13,h1:h1_z;h2:h2_z
0.00012589254117941674,1.0000015807559373,0.9999999999993924,4.255103266899823,H1+H2,34409.35263293604,34408.77364673713,-0.5789861989080206,302,273,4.255103266899823,bayes_h1h2_marginal_boundary,measured_graph,0.026362855374255235,0.06956213029589749,0.028611916699627767,13,h1:h1_z;h2:h2_z
0.00015848931924611142,1.0000004364146537,0.9999999999998734,2.3153450922254706,H1+H2,34410.21990289747,34409.743525824466,-0.47637707300245236,302,273,2.3153450922254706,bayes_h1h2_marginal_boundary,measured_graph,0.06953534005582557,0.06940937108421648,0.028606773605017784,13,h1:h1_z;h2:h2_z
0.00019952623149688788,1.0000000818049188,0.9999999999999705,0.8563695230113808,H1+H2,34410.85678155617,34410.47301360907,-0.38376794709688455,302,273,0.8563695230113808,bayes_h1h2_marginal_boundary,measured_graph,0.1442175463286849,0.06931940008033617,0.028600608293342034,13,h1:h1_z;h2:h2_z
0.0002511886431509582,1.0000000111437461,0.9999999999999973,0.07005836861208081,H1+H2,34411.16732800746,34410.86616918627,-0.30115882119131615,302,273,0.07005836861208081,bayes_h1h2_marginal_boundary,measured_graph,0.21367976630907637,0.06928051020175444,0.028593326928739685,13,h1:h1_z;h2:h2_z
0.00031622776601683794,1.0000000011920196,0.9999999999999954,-0.0,H1+H2,34411.12974806586,34410.90119837058,-0.22854969528574837,302,273,-0.0,bayes_h1h2_marginal_boundary,measured_graph,0.22129743567922483,0.06927716201304894,0.02858491616548428,13,h1:h1_z;h2:h2_z
0.00039810717055349735,1.0000000001078018,0.9999999999999958,0.5957320709276246,H1+H2,34410.769272904494,34410.603332335115,-0.16594056938017995,302,273,0.5957320709276246,bayes_h1h2_marginal_boundary,measured_graph,0.1642913907332331,0.06929785748625233,0.028575519150684313,13,h1:h1_z;h2:h2_z
0.0005011872336272725,1.000000034472622,1.0000000000000033,1.785888637212338,H1+H2,34410.12158549545,34410.00825405197,-0.11333144347461188,302,273,1.785888637212338,bayes_h1h2_marginal_boundary,measured_graph,0.09060988751844543,0.06933696974348377,0.028565560300886143,13,h1:h1_z;h2:h2_z
0.000630957344480193,1.0000000063162842,0.9999999999999943,3.5337122000491945,H1+H2,34409.205064588125,34409.134342270554,-0.07072231756904392,302,273,3.5337122000491945,bayes_h1h2_marginal_boundary,measured_graph,0.037812947084123805,0.06939374523069536,0.028555939168453823,13,h1:h1_z;h2:h2_z
0.0007943282347242822,1.0000000012041925,1.0000000000000018,5.87165234387794,H1+H2,34408.003485390305,34407.96537219864,-0.03811319166347554,302,273,5.87165234387794,bayes_h1h2_marginal_boundary,measured_graph,0.011747982074712966,0.06947105783798414,0.028548312301564387,13,h1:h1_z;h2:h2_z
0.001,1.0000000002612415,1.000000000000005,8.924968140359852,H1+H2,34406.454218366154,34406.4387143004,-0.015504065757907535,302,273,8.924968140359852,bayes_h1h2_marginal_boundary,measured_graph,0.0025523731904105026,0.06957486253854678,0.028545462417758828,13,h1:h1_z;h2:h2_z
0.0012589254117941675,1.0000000000730556,1.0000000000000062,12.931970836274559,H1+H2,34404.438107892296,34404.43521295244,-0.0028949398523394052,302,273,12.931970836274559,bayes_h1h2_marginal_boundary,measured_graph,0.0003442188064058451,0.0697143475313458,0.028551693106752412,13,h1:h1_z;h2:h2_z
0.001584893192461114,1.0000000000293685,1.0000000000000018,18.259112040905165,H1+H2,34401.771928164075,34401.771642350126,-0.0002858139467712683,302,273,18.259112040905165,bayes_h1h2_marginal_boundary,measured_graph,2.39916755473648e-05,0.06990258945081257,0.02857305705860469,13,h1:h1_z;h2:h2_z
0.0019952623149688807,1.0000000000170661,0.9999999999999962,25.397296326991636,H1+H2,34398.21022689513,34398.20255020708,-0.007676688041203171,302,273,25.397296326991636,bayes_h1h2_marginal_boundary,measured_graph,6.761196476365042e-07,0.07015737585641511,0.028617041534746833,13,h1:h1_z;h2:h2_z
0.002511886431509582,1.000000000013018,0.9999999999999958,34.91668131509505,H1+H2,34393.46792527517,34393.44285771303,-0.025067562135635053,302,273,34.91668131509505,bayes_h1h2_marginal_boundary,measured_graph,5.793157964289574e-09,0.07050158428474529,0.028691267383435498,13,h1:h1_z;h2:h2_z
0.0031622776601683794,1.0000000000115896,1.000000000000002,47.363168619413045,H1+H2,34387.2720724971,34387.21961406087,-0.05245843623006681,302,273,47.363168619413045,bayes_h1h2_marginal_boundary,measured_graph,1.1486692445834927e-11,0.07096197855525259,0.028801185099812755,13,h1:h1_z;h2:h2_z
0.003981071705534973,1.0000000000109974,0.9999999999999658,63.10896589675394,H1+H2,34379.436564732525,34379.3467154222,-0.08984931032449865,302,273,63.10896589675394,bayes_h1h2_marginal_boundary,measured_graph,4.375609511454214e-15,0.07156479523621491,0.028947789631340332,13,h1:h1_z;h2:h2_z
0.005011872336272725,1.0000000000103566,0.9999999999999705,82.19859283577534,H1+H2,34369.93914213711,34369.80190195269,-0.13724018441893068,302,273,82.19859283577534,bayes_h1h2_marginal_boundary,measured_graph,3.1316897949805792e-19,0.07232700962597516,0.029126922251457455,13,h1:h1_z;h2:h2_z
0.006309573444801936,1.000000000009078,0.9999999999999931,104.22478731132287,H1+H2,34358.98343577343,34358.78880471492,-0.19463105851336257,302,273,104.22478731132287,bayes_h1h2_marginal_boundary,measured_graph,5.1623967426926195e-24,0.0732447890362568,0.029330285009580678,13,h1:h1_z;h2:h2_z
0.00794328234724282,1.0000000000070195,0.9999999999999962,128.25687650351028,H1+H2,34347.03478205143,34346.77276011882,-0.26202193260779433,302,273,128.25687650351028,bayes_h1h2_marginal_boundary,measured_graph,3.121400644325237e-29,0.07428416589142503,0.029546450008760383,13,h1:h1_z;h2:h2_z
0.01,1.0000000000046687,1.00000000000001,152.87354574649362,H1+H2,34334.80383830403,34334.46442549733,-0.3394128067022262,302,273,152.87354574649362,bayes_h1h2_marginal_boundary,measured_graph,1.408989342519559e-34,0.07537913039887191,0.02976133939521685,13,h1:h1_z;h2:h2_z
0.012589254117941675,1.0000000000028086,0.9999999999999933,176.35801620350685,H1+H2,34323.148993949624,34322.722190268825,-0.42680368079665804,302,273,176.35801620350685,bayes_h1h2_marginal_boundary,measured_graph,1.1202623573288318e-39,0.07643861070968797,0.029960015038115205,13,h1:h1_z;h2:h2_z
0.01584893192461114,1.0000000000018767,1.0000000000000135,197.05322193582833,H1+H2,34312.898781957556,34312.374587402664,-0.5241945548910899,302,273,197.05322193582833,bayes_h1h2_marginal_boundary,measured_graph,3.5926335189247884e-44,0.07736246342839653,0.03013058732969009,13,h1:h1_z;h2:h2_z
0.01995262314968881,1.0000000000018687,1.0000000000000018,213.79779958349536,H1+H2,34304.63388400782,34304.00229857883,-0.6315854289855218,302,273,213.79779958349536,bayes_h1h2_marginal_boundary,measured_graph,8.305658690497797e-48,0.0780666212513491,0.030268286521985627,13,h1:h1_z;h2:h2_z
0.025118864315095822,1.0000000000026648,0.9999999999999962,226.27948216485674,H1+H2,34298.51043359123,34297.76145728815,-0.7489763030799538,302,273,226.27948216485674,bayes_h1h2_marginal_boundary,measured_graph,1.618121563472222e-50,0.0785100432981577,0.030377326644351117,13,h1:h1_z;h2:h2_z
0.03162277660168379,1.0000000000038376,1.000000000000003,235.13469167142466,H1+H2,34294.21021971204,34293.333852534866,-0.8763671771743852,302,273,235.13469167142466,bayes_h1h2_marginal_boundary,measured_graph,1.9325326188936824e-52,0.07870849596260199,0.03047017248179271,13,h1:h1_z;h2:h2_z
0.039810717055349734,1.0000000000045146,1.0000000000000013,241.7685524465487,H1+H2,34291.03068019857,34290.016922147304,-1.0137580512688171,302,273,241.7685524465487,bayes_h1h2_marginal_boundary,measured_graph,7.00813192856581e-54,0.07872762843886091,0.030565352369801162,13,h1:h1_z;h2:h2_z
0.05011872336272725,1.0000000000043765,1.0000000000000024,247.98362894557067,H1+H2,34288.070532823156,34286.90938389779,-1.1611489253632492,302,273,247.98362894557067,bayes_h1h2_marginal_boundary,measured_graph,3.1333979488328915e-55,0.07866213121388953,0.03068368509837111,13,h1:h1_z;h2:h2_z
0.06309573444801936,1.000000000003971,1.0000000000000038,255.5044716263801,H1+H2,34284.46750235685,34283.14896255739,-1.3185397994576809,302,273,255.5044716263801,bayes_h1h2_marginal_boundary,measured_graph,7.292649098048872e-57,0.07861218007514449,0.030841756812599444,13,h1:h1_z;h2:h2_z
0.07943282347242822,1.0000000000037923,1.000000000000005,265.5309741765668,H1+H2,34279.62164195585,34278.135711282295,-1.4859306735521132,302,273,265.5309741765668,bayes_h1h2_marginal_boundary,measured_graph,4.849064398629496e-59,0.07866370757973426,0.031044867207152285,13,h1:h1_z;h2:h2_z
0.1,1.0000000000038418,1.0000000000000062,278.5009495252016,H1+H2,34273.314045155625,34271.65072360798,-1.663321547646544,302,273,278.5009495252016,bayes_h1h2_marginal_boundary,measured_graph,7.400543056315091e-62,0.0788739970404655,0.03128492589068316,13,h1:h1_z;h2:h2_z
1e-05,1.000000003202373,0.9999990067632998,103.50445501740614,H1+H2,25402.804244248266,25400.436557664398,-2.3676865838692702,220,198,103.50445501740614,bayes_h1h2_marginal_boundary,measured_graph,1.9693165514467865e-23,0.0549337111399898,0.01589990523139451,14,h1:h1_z;h2:h2_z
1.2589254117941661e-05,1.000000008460511,0.9999993944672352,99.31564299081947,H1+H2,25404.686041135654,25402.53096367769,-2.155077457963703,220,198,99.31564299081947,bayes_h1h2_marginal_boundary,measured_graph,1.5992063495594832e-22,0.05492194646838161,0.015794754272664392,14,h1:h1_z;h2:h2_z
1.584893192461114e-05,1.000000021106268,0.9999998043445598,95.13505055777932,H1+H2,25406.57372822627,25404.62125989421,-1.952468332058134,220,198,95.13505055777932,bayes_h1h2_marginal_boundary,measured_graph,1.2933278149698826e-21,0.05490488524369927,0.01571488638814428,14,h1:h1_z;h2:h2_z
1.9952623149688786e-05,1.0000000478981017,0.9999999652966232,91.39884894157149,H1+H2,25408.249219908466,25406.489360702315,-1.7598592061525666,220,198,91.39884894157149,bayes_h1h2_marginal_boundary,measured_graph,8.375572271365755e-21,0.05488038714373132,0.015663220088594474,14,h1:h1_z;h2:h2_z
2.5118864315095822e-05,1.0000000953284358,0.9999993721006333,88.38086989814474,H1+H2,25409.575600304277,25407.99835022403,-1.5772500802469966,220,198,88.38086989814474,bayes_h1h2_marginal_boundary,measured_graph,3.78756690363426e-20,0.054845946773561485,0.015634229974490092,14,h1:h1_z;h2:h2_z
3.1622776601683795e-05,1.00000015957027,0.9999999103311262,86.13648690356786,H1+H2,25410.525182675658,25409.120541721317,-1.404640954341429,220,198,86.13648690356786,bayes_h1h2_marginal_boundary,measured_graph,1.163380788707817e-19,0.05479926723499325,0.015619910559005194,14,h1:h1_z;h2:h2_z
3.9810717055349695e-05,1.000000213032891,0.999999989986128,84.5661644214124,H1+H2,25411.14773479083,25409.905702962395,-1.2420318284358616,220,198,84.5661644214124,bayes_h1h2_marginal_boundary,measured_graph,2.5510154111931684e-19,0.05473947256798215,0.015613818436373486,14,h1:h1_z;h2:h2_z
5.011872336272725e-05,1.000000212744598,0.9999999990648347,83.51566266122245,H1+H2,25411.52037654502,25410.43095384249,-1.089422702530293,220,198,83.51566266122245,bayes_h1h2_marginal_boundary,measured_graph,4.3134686018801403e-19,0.054668729829312396,0.015611967618894438,14,h1:h1_z;h2:h2_z
6.309573444801929e-05,1.0000001490467316,0.9999999999228071,82.8523653833181,H1+H2,25411.709416058067,25410.76260248144,-0.9468135766247254,220,198,82.8523653833181,bayes_h1h2_marginal_boundary,measured_graph,6.009797171196493e-19,0.05459304987754086,0.015612285195428502,14,h1:h1_z;h2:h2_z
7.943282347242822e-05,1.000000070131839,0.999999999994196,82.50034536374005,H1+H2,25411.75281694195,25410.93861249123,-0.8142044507191568,220,198,82.50034536374005,bayes_h1h2_marginal_boundary,measured_graph,7.16638260532476e-19,0.05452052360635997,0.015613830304707648,14,h1:h1_z;h2:h2_z
0.0001,1.000000022140313,0.9999999999995863,82.43469077880582,H1+H2,25411.66303510851,25410.971439783698,-0.6915953248135883,220,198,82.43469077880582,bayes_h1h2_marginal_boundary,measured_graph,7.405539503233482e-19,0.054457180290117584,0.015616247782088286,14,h1:h1_z;h2:h2_z
0.00012589254117941674,1.0000000049520705,0.9999999982248426,82.64839705218765,H1+H2,25411.443572845914,25410.864586647007,-0.5789861989080206,220,198,82.64839705218765,bayes_h1h2_marginal_boundary,measured_graph,6.655044676115141e-19,0.05440379241084075,0.01561946921435271,14,h1:h1_z;h2:h2_z
0.00015848931924611142,1.0000000008778218,0.9999999996929658,83.11841323723638,H1+H2,25411.105955627485,25410.629578554483,-0.47637707300245236,220,198,83.11841323723638,bayes_h1h2_marginal_boundary,measured_graph,5.261241747014222e-19,0.05435632367669075,0.01562357078637703,14,h1:h1_z;h2:h2_z
0.00019952623149688788,1.000000000145857,0.9999999999460414,83.79236392184248,H1+H2,25410.676371159276,25410.29260321218,-0.38376794709688455,220,198,83.79236392184248,bayes_h1h2_marginal_boundary,measured_graph,3.756139608669e-19,0.05430863757351037,0.015628713528557384,14,h1:h1_z;h2:h2_z
0.0002511886431509582,1.000000000028051,0.9999999999902245,84.59505436759355,H1+H2,25410.192416810496,25409.891257989304,-0.30115882119131615,220,198,84.59505436759355,bayes_h1h2_marginal_boundary,measured_graph,2.5144309292857433e-19,0.05425457802062377,0.01563512354314324,14,h1:h1_z;h2:h2_z
0.00031622776601683794,1.000000031232752,0.9999999999981081,85.44040685920481,H1+H2,25409.697131438785,25409.4685817435,-0.22854969528574837,220,198,85.44040685920481,bayes_h1h2_marginal_boundary,measured_graph,1.6476833342578972e-19,0.05418843249067958,0.015643094227513674,14,h1:h1_z;h2:h2_z
0.00039810717055349735,1.0000000171813996,0.9999999999996021,86.23845792272914,H1+H2,25409.235496781115,25409.069556211736,-0.16594056938017995,220,198,86.23845792272914,bayes_h1h2_marginal_boundary,measured_graph,1.1055519690118174e-19,0.05410440067501137,0.015653007060824682,14,h1:h1_z;h2:h2_z
0.0005011872336272725,1.000000011896434,0.9999999999999039,86.89585760450427,H1+H2,25408.854187814322,25408.74085637085,-0.11333144347461188,220,198,86.89585760450427,bayes_h1h2_marginal_boundary,measured_graph,7.958415974105664e-20,0.05399576522435069,0.01566537988062599,14,h1:h1_z;h2:h2_z
0.000630957344480193,1.0000000094584465,0.9999999999999706,87.31289954234671,H1+H2,25408.603057719498,25408.532335401927,-0.07072231756904392,220,198,87.31289954234671,bayes_h1h2_marginal_boundary,measured_graph,6.460514850924937e-20,0.05385408619630542,0.01568096306455042,14,h1:h1_z;h2:h2_z
0.0007943282347242822,1.0000000080127613,0.9999999999999868,87.3809517859263,H1+H2,25408.5364224718,25408.498309280138,-0.03811319166347554,220,198,87.3809517859263,bayes_h1h2_marginal_boundary,measured_graph,6.244386443510968e-20,0.053668480731185714,0.01570090824590307,14,h1:h1_z;h2:h2_z
0.001,1.000000006906838,0.9999999999999976,86.98289158940315,H1+H2,25408.71284344416,25408.6973393784,-0.015504065757907535,220,198,86.98289158940315,bayes_h1h2_marginal_boundary,measured_graph,7.619517057247933e-20,0.05342511552933979,0.015727003712373625,14,h1:h1_z;h2:h2_z
0.0012589254117941675,1.0000000059032683,0.9999999999999981,85.99573889304156,H1+H2,25409.19381066643,25409.19091572658,-0.0028949398523394052,220,198,85.99573889304156,bayes_h1h2_marginal_boundary,measured_graph,1.2482021606923504e-19,0.0531072277638868,0.015761857436772764,14,h1:h1_z;h2:h2_z
0.001584893192461114,1.0000000049343887,0.9999999999999997,84.28873266833398,H1+H2,25410.04470465288,25410.044418838934,-0.0002858139467712683,220,198,84.28873266833398,bayes_h1h2_marginal_boundary,measured_graph,2.9306005178221166e-19,0.05269621112874845,0.015808708113904026,14,h1:h1_z;h2:h2_z
0.0019952623149688807,1.000000004010441,1.0,81.70592673148349,H1+H2,25411.3434984954,25411.33582180736,-0.007676688041203171,220,198,81.70592673148349,bayes_h1h2_marginal_boundary,measured_graph,1.0661192991151682e-18,0.0521742287889972,0.01587043532725913,14,h1:h1_z;h2:h2_z
0.002511886431509582,1.0000000031699006,0.9999999999999986,78.02765918181103,H1+H2,25413.20002314433,25413.174955582195,-0.025067562135635053,220,198,78.02765918181103,bayes_h1h2_marginal_boundary,measured_graph,6.707048626372381e-18,0.05152800607553076,0.015947655412931354,14,h1:h1_z;h2:h2_z
0.0031622776601683794,1.0000000024440319,0.9999999999999987,72.92324814388121,H1+H2,25415.77961953739,25415.72716110116,-0.05245843623006681,220,198,72.92324814388121,bayes_h1h2_marginal_boundary,measured_graph,8.608752628064177e-17,0.05075221423086456,0.016036575589161106,14,h1:h1_z;h2:h2_z
0.003981071705534973,1.0000000018400532,0.9999999999999991,65.94391161503154,H1+H2,25419.30667867591,25419.216829365585,-0.08984931032449865,220,198,65.94391161503154,bayes_h1h2_marginal_boundary,measured_graph,2.821524979314678e-15,0.04985129992608901,0.01612802824658944,14,h1:h1_z;h2:h2_z
0.005011872336272725,1.000000001348574,0.9999999999999979,56.65627569240314,H1+H2,25423.99788751132,25423.8606473269,-0.13724018441893068,220,198,56.65627569240314,bayes_h1h2_marginal_boundary,measured_graph,2.932705239286169e-13,0.04884229361090805,0.01620911631575504,14,h1:h1_z;h2:h2_z
0.006309573444801936,1.0000000009616934,0.9999999999999986,44.994397112794104,H1+H2,25429.886217675215,25429.691586616704,-0.19463105851336257,220,198,44.994397112794104,bayes_h1h2_marginal_boundary,measured_graph,9.991096942977234e-11,0.047763341847524676,0.016267520657183544,14,h1:h1_z;h2:h2_z
0.00794328234724282,1.0000000006785363,0.9999999999999966,31.706781028260593,H1+H2,25436.59741659158,25436.33539465897,-0.26202193260779433,220,198,31.706781028260593,bayes_h1h2_marginal_boundary,measured_graph,7.673302942337718e-08,0.04668569209958595,0.016296169114495527,14,h1:h1_z;h2:h2_z
0.01,1.0000000004948926,0.9999999999999954,18.525547237426508,H1+H2,25443.26542436109,25442.926011554388,-0.3394128067022262,220,198,18.525547237426508,bayes_h1h2_marginal_boundary,measured_graph,5.5879291952306465e-05,0.04571427974565449,0.016295267433467896,14,h1:h1_z;h2:h2_z
0.012589254117941675,1.0000000003955596,0.9999999999999962,7.72727192655293,H1+H2,25448.75195289062,25448.325149209824,-0.42680368079665804,220,198,7.72727192655293,bayes_h1h2_marginal_boundary,measured_graph,0.012361369413965304,0.044962341143760465,0.016271047551146146,14,h1:h1_z;h2:h2_z
0.01584893192461114,1.0000000003610146,0.9999999999999942,1.2445877132195164,H1+H2,25452.090685871382,25451.56649131649,-0.5241945548910899,220,198,1.2445877132195164,bayes_h1h2_marginal_boundary,measured_graph,0.31605566292429327,0.044509576002224716,0.016233021601927303,14,h1:h1_z;h2:h2_z
0.01995262314968881,1.0000000003776879,0.9999999999999912,-0.0,H1+H2,25452.820370602087,25452.1887851731,-0.6315854289855218,220,198,-0.0,bayes_h1h2_marginal_boundary,measured_graph,0.588873978985113,0.04437661182096953,0.01619163559205742,14,h1:h1_z;h2:h2_z
0.025118864315095822,1.0000000004439928,0.9999999999999922,3.9529241629861644,H1+H2,25450.961299394687,25450.212323091608,-0.7489763030799538,220,198,3.9529241629861644,bayes_h1h2_marginal_boundary,measured_graph,0.08159354240834056,0.04453456361899365,0.016157373564498142,14,h1:h1_z;h2:h2_z
0.03162277660168379,1.0000000005748846,0.9999999999999808,12.64376851634006,H1+H2,25446.743268092105,25445.86690091493,-0.8763671771743852,220,198,12.64376851634006,bayes_h1h2_marginal_boundary,measured_graph,0.00105794457449587,0.04493423958389089,0.016141421683589924,14,h1:h1_z;h2:h2_z
0.039810717055349734,1.0000000008117385,0.9999999999999717,25.70149871284957,H1+H2,25440.351793867943,25439.338035816676,-1.0137580512688171,220,198,25.70149871284957,bayes_h1h2_marginal_boundary,measured_graph,1.5453000919125684e-06,0.04553076526852334,0.0161565403764761,14,h1:h1_z;h2:h2_z
0.05011872336272725,1.0000000012485732,0.9999999999999376,43.017211499893165,H1+H2,25431.841328348517,25430.680179423154,-1.1611489253632492,220,198,43.017211499893165,bayes_h1h2_marginal_boundary,measured_graph,2.685057395790609e-10,0.04629421770726896,0.01621624784859156,14,h1:h1_z;h2:h2_z
0.06309573444801936,1.0000000020985165,0.9999999999998785,64.57974727411056,H1+H2,25421.217451335502,25419.898911536045,-1.3185397994576809,220,198,64.57974727411056,bayes_h1h2_marginal_boundary,measured_graph,5.580953735074224e-15,0.04720745596315403,0.01633187126822582,14,h1:h1_z;h2:h2_z
0.07943282347242822,1.0000000038780603,0.999999999999611,90.13812973460881,H1+H2,25408.60565097935,25407.119720305796,-1.4859306735521132,220,198,90.13812973460881,bayes_h1h2_marginal_boundary,measured_graph,1.573171926807658e-20,0.048256077804381944,0.01650872658997745,14,h1:h1_z;h2:h2_z
0.1,1.0000000079524025,0.9999999999986726,118.95732727910217,H1+H2,25394.373443081196,25392.71012153355,-1.663321547646544,220,198,118.95732727910217,bayes_h1h2_marginal_boundary,measured_graph,8.684942642641931e-27,0.04941914404170979,0.0167435518466195,14,h1:h1_z;h2:h2_z
1e-05,1.0000001638710536,0.9999991317567009,110.10664670359256,H1+H2,26187.736522801883,26185.368836218015,-2.3676865838692702,227,214,110.10664670359256,bayes_h1h2_marginal_boundary,measured_graph,3.881546255994782e-25,0.17950346630628092,0.020232999106133975,15,h1:h1_z;h2:h2_z
1.2589254117941661e-05,1.000000000850742,0.9999996724037575,104.6680064928587,H1+H2,26190.243233781344,26188.08815632338,-2.155077457963703,227,214,104.6680064928587,bayes_h1h2_marginal_boundary,measured_graph,5.888307507533966e-24,0.17944600957586737,0.020098287102440757,15,h1:h1_z;h2:h2_z
1.584893192461114e-05,1.000000003771942,0.9999999349792502,99.56501969457895,H1+H2,26192.59211805458,26190.63964972252,-1.952468332058134,227,214,99.56501969457895,bayes_h1h2_marginal_boundary,measured_graph,7.55248699516244e-23,0.17935540794752916,0.020006011232402122,15,h1:h1_z;h2:h2_z
1.9952623149688786e-05,1.0000000157232767,0.9999991379046563,95.22060132271872,H1+H2,26194.571718114603,26192.81185890845,-1.7598592061525666,227,214,95.22060132271872,bayes_h1h2_marginal_boundary,measured_graph,6.629311848946211e-22,0.17921291145126744,0.019951286429171534,15,h1:h1_z;h2:h2_z
2.5118864315095822e-05,1.0000000617983291,0.9999998765735452,91.76205481978104,H1+H2,26196.11838224017,26194.54113215992,-1.5772500802469966,227,214,91.76205481978104,bayes_h1h2_marginal_boundary,measured_graph,3.736648788056974e-21,0.178989670420838,0.019922333676538957,15,h1:h1_z;h2:h2_z
3.1622776601683795e-05,1.0000002289786083,0.9999999864264394,89.0460250599499,H1+H2,26197.303787994177,26195.899147039836,-1.404640954341429,227,214,89.0460250599499,bayes_h1h2_marginal_boundary,measured_graph,1.452983386633314e-20,0.17864216318768203,0.019908250994390697,15,h1:h1_z;h2:h2_z
3.9810717055349695e-05,1.0000007916086038,0.999999998772765,86.75881166638283,H1+H2,26198.284785565054,26197.04275373662,-1.2420318284358616,227,214,86.75881166638283,bayes_h1h2_marginal_boundary,measured_graph,4.559557810616625e-20,0.17810681375122686,0.019901735514333007,15,h1:h1_z;h2:h2_z
5.011872336272725e-05,1.000002488424947,0.99999999990768,84.495641139285,H1+H2,26199.2637617027,26198.17433900017,-1.089422702530293,227,214,84.495641139285,bayes_h1h2_marginal_boundary,measured_graph,1.4137218236423562e-19,0.17729589360553108,0.01989874037602432,15,h1:h1_z;h2:h2_z
6.309573444801929e-05,1.00000022685359,0.9999999999922494,81.79432872338657,H1+H2,26200.471808784743,26199.524995208118,-0.9468135766247254,227,214,81.79432872338657,bayes_h1h2_marginal_boundary,measured_graph,5.456906346505009e-19,0.17610143003971618,0.019897270673171274,15,h1:h1_z;h2:h2_z
7.943282347242822e-05,1.0000006827034706,0.9999999921504379,78.15071601823729,H1+H2,26202.16100601141,26201.346801560692,-0.8142044507191568,227,214,78.15071601823729,bayes_h1h2_marginal_boundary,measured_graph,3.3740145130532176e-18,0.17441778123170107,0.019896416004749194,15,h1:h1_z;h2:h2_z
0.0001,1.0000013765625477,0.9999999987155656,73.06697954645642,H1+H2,26204.580265121396,26203.888669796583,-0.6915953248135883,227,214,73.06697954645642,bayes_h1h2_marginal_boundary,measured_graph,4.286139431839534e-17,0.1722076072881787,0.01989578454183353,15,h1:h1_z;h2:h2_z
0.00012589254117941674,1.0000015800557638,0.9999999997933762,66.20554069948412,H1+H2,26207.898375418976,26207.31938922007,-0.5789861989080206,227,214,66.20554069948412,bayes_h1h2_marginal_boundary,measured_graph,1.3243683992082358e-15,0.16960220107744126,0.019895223228215624,15,h1:h1_z;h2:h2_z
0.00015848931924611142,1.0000008843239467,0.9999999999675859,57.664558266660606,H1+H2,26212.066257509483,26211.58988043648,-0.47637707300245236,227,214,57.664558266660606,bayes_h1h2_marginal_boundary,measured_graph,9.476753401026145e-14,0.16695289385545023,0.019894694195545872,15,h1:h1_z;h2:h2_z
0.00019952623149688788,1.0000046174201511,0.9999999999946957,48.19029377509287,H1+H2,26216.71078062936,26216.327012682264,-0.38376794709688455,227,214,48.19029377509287,bayes_h1h2_marginal_boundary,measured_graph,1.0813591867888191e-11,0.16469052753615213,0.019894231168275996,15,h1:h1_z;h2:h2_z
0.0002511886431509582,1.000000800022665,0.9999999999987083,38.98433218475111,H1+H2,26221.231152298627,26220.929993477435,-0.30115882119131615,227,214,38.98433218475111,bayes_h1h2_marginal_boundary,measured_graph,1.0789942587357135e-09,0.16306571510427703,0.01989393599775854,15,h1:h1_z;h2:h2_z
0.00031622776601683794,1.000000083622286,0.9999999999999761,31.143229877212434,H1+H2,26225.07909432649,26224.850544631205,-0.22854969528574837,227,214,31.143229877212434,bayes_h1h2_marginal_boundary,measured_graph,5.441177154341475e-08,0.16205225567446088,0.01989399967360769,15,h1:h1_z;h2:h2_z
0.00039810717055349735,1.0000006027129837,1.000000000000013,25.234701208450133,H1+H2,26227.970749534965,26227.804808965586,-0.16594056938017995,227,214,25.234701208450133,bayes_h1h2_marginal_boundary,measured_graph,1.044031409272529e-06,0.16147493393550558,0.019894741937664714,15,h1:h1_z;h2:h2_z
0.0005011872336272725,1.0000000689848234,1.0000000000000502,21.293116858425492,H1+H2,26229.888932584072,26229.775601140598,-0.11333144347461188,227,214,21.293116858425492,bayes_h1h2_marginal_boundary,measured_graph,7.492344377308375e-06,0.1611527705012301,0.019896664595862742,15,h1:h1_z;h2:h2_z
0.000630957344480193,1.0000000072914208,0.9999999999999912,19.050445274508093,H1+H2,26230.967659250127,26230.896936932557,-0.07072231756904392,227,214,19.050445274508093,bayes_h1h2_marginal_boundary,measured_graph,2.299363736810578e-05,0.1609588971849576,0.01990050398154555,15,h1:h1_z;h2:h2_z
0.0007943282347242822,1.000000000780455,1.0000000000000293,18.16071333394939,H1+H2,26231.3799160945,26231.341802902836,-0.03811319166347554,227,214,18.16071333394939,bayes_h1h2_marginal_boundary,measured_graph,3.587653683499406e-05,0.16082100581352768,0.019907242276676722,15,h1:h1_z;h2:h2_z
0.001,1.0000000000927178,1.000000000000008,18.32620561573276,H1+H2,26231.274560827704,26231.259056761945,-0.015504065757907535,227,214,18.32620561573276,bayes_h1h2_marginal_boundary,measured_graph,3.3027395075309545e-05,0.16070328346725424,0.019917992804019888,15,h1:h1_z;h2:h2_z
0.0012589254117941675,1.0000000485227298,0.9999999999999937,19.333099064613634,H1+H2,26230.758504977355,26230.755610037504,-0.0028949398523394052,227,214,19.333099064613634,bayes_h1h2_marginal_boundary,measured_graph,1.9963201352738453e-05,0.16059086745654244,0.01993363514058814,15,h1:h1_z;h2:h2_z
0.001584893192461114,1.0000000161382538,1.0000000000000122,21.029370288430073,H1+H2,26229.90776023954,26229.907474425596,-0.0002858139467712683,227,214,21.029370288430073,bayes_h1h2_marginal_boundary,measured_graph,8.548493208791987e-06,0.16048032543430676,0.01995413599877688,15,h1:h1_z;h2:h2_z
0.0019952623149688807,1.000000006485193,1.0000000000000022,23.276288461944205,H1+H2,26228.79169202688,26228.78401533884,-0.007676688041203171,227,214,23.276288461944205,bayes_h1h2_marginal_boundary,measured_graph,2.7795691891745044e-06,0.16037375022561975,0.01997779453303161,15,h1:h1_z;h2:h2_z
0.002511886431509582,1.0000000030958556,0.9999999999999986,25.905021688653505,H1+H2,26227.49471628762,26227.469648725484,-0.025067562135635053,227,214,25.905021688653505,bayes_h1h2_marginal_boundary,measured_graph,7.467157670033604e-07,0.1602731560733372,0.020001093201805917,15,h1:h1_z;h2:h2_z
0.0031622776601683794,1.0000000016938626,0.9999999999999981,28.697585577043355,H1+H2,26226.125825217518,26226.07336678129,-0.05245843623006681,227,214,28.697585577043355,bayes_h1h2_marginal_boundary,measured_graph,1.8482375017327963e-07,0.16017283927926285,0.02001965184406201,15,h1:h1_z;h2:h2_z
0.003981071705534973,1.0000000010255128,0.9999999999999957,31.3708236412931,H1+H2,26224.826597059488,26224.736747749164,-0.08984931032449865,227,214,31.3708236412931,bayes_h1h2_marginal_boundary,measured_graph,4.855919829691567e-08,0.1600513648606413,0.020029342764529574,15,h1:h1_z;h2:h2_z
0.005011872336272725,1.0000000006726089,1.0,33.531047307362314,H1+H2,26223.79387610055,26223.65663591613,-0.13724018441893068,227,214,33.531047307362314,bayes_h1h2_marginal_boundary,measured_graph,1.6488642392510103e-08,0.1598704642457976,0.020025615178057732,15,h1:h1_z;h2:h2_z
0.006309573444801936,1.0000000004748846,0.9999999999999972,34.64750432737492,H1+H2,26223.293038464635,26223.098407406123,-0.19463105851336257,227,214,34.64750432737492,bayes_h1h2_marginal_boundary,measured_graph,9.43516148345622e-09,0.15958876266477268,0.020001187124032087,15,h1:h1_z;h2:h2_z
0.00794328234724282,1.0000000003611202,1.0000000000000024,34.157517922329134,H1+H2,26223.605422541255,26223.343400608646,-0.26202193260779433,227,214,34.157517922329134,bayes_h1h2_marginal_boundary,measured_graph,1.2054481464453205e-08,0.15918701425695408,0.019945558925857643,15,h1:h1_z;h2:h2_z
0.01,1.0000000002956384,1.0000000000000002,31.71795755463245,H1+H2,26224.902593599196,26224.563180792495,-0.3394128067022262,227,214,31.71795755463245,bayes_h1h2_marginal_boundary,measured_graph,4.0821817470431807e-08,0.15868789090560823,0.019849015311115752,15,h1:h1_z;h2:h2_z
0.012589254117941675,1.0000000002592986,1.0000000000000002,27.448876461821783,H1+H2,26227.124525019695,26226.6977213389,-0.42680368079665804,227,214,27.448876461821783,bayes_h1h2_marginal_boundary,measured_graph,3.4507342718784385e-07,0.15815613407244375,0.01970883587716717,15,h1:h1_z;h2:h2_z
0.01584893192461114,1.0000000002412295,0.9999999999999994,21.97459887943114,H1+H2,26229.959054684987,26229.434860130095,-0.5241945548910899,227,214,21.97459887943114,bayes_h1h2_marginal_boundary,measured_graph,5.328878157606558e-06,0.15768144303631493,0.0195321693405173,15,h1:h1_z;h2:h2_z
0.01995262314968881,1.0000000002346665,1.0,16.20116213549045,H1+H2,26232.95316393105,26232.321578502066,-0.6315854289855218,227,214,16.20116213549045,bayes_h1h2_marginal_boundary,measured_graph,9.557001411757524e-05,0.15735525635082337,0.0193326903022283,15,h1:h1_z;h2:h2_z
0.025118864315095822,1.000000000235098,1.0000000000000002,10.962258557519817,H1+H2,26235.69000659413,26234.94103029105,-0.7489763030799538,227,214,10.962258557519817,bayes_h1h2_marginal_boundary,measured_graph,0.0013120038447942074,0.15724922227434787,0.01912390441787016,15,h1:h1_z;h2:h2_z
0.03162277660168379,1.0000000002397562,0.9999999999999999,6.748970910150092,H1+H2,26237.92404129191,26237.047674114736,-0.8763671771743852,227,214,6.748970910150092,bayes_h1h2_marginal_boundary,measured_graph,0.010785465542897948,0.15740174334719115,0.018914045011641522,15,h1:h1_z;h2:h2_z
0.039810717055349734,1.000000000247684,1.0,3.6585250116040697,H1+H2,26239.606655115276,26238.59289706401,-1.0137580512688171,227,214,3.6585250116040697,bayes_h1h2_marginal_boundary,measured_graph,0.05057323045748082,0.1578189788356913,0.018704998640656244,15,h1:h1_z;h2:h2_z
0.05011872336272725,1.000000000259594,0.9999999999999994,1.5551008166803513,H1+H2,26240.805758086834,26239.64460916147,-1.1611489253632492,227,214,1.5551008166803513,bayes_h1h2_marginal_boundary,measured_graph,0.1447682939324864,0.15848785547664976,0.018495103211739944,15,h1:h1_z;h2:h2_z
0.06309573444801936,1.0000000002770195,0.9999999999999998,0.3173748167100712,H1+H2,26241.582011960912,26240.263472161456,-1.3185397994576809,227,214,0.3173748167100712,bayes_h1h2_marginal_boundary,measured_graph,0.2688080326050647,0.15938950916851796,0.018283936679508145,15,h1:h1_z;h2:h2_z
0.07943282347242822,1.000000000300507,1.0,-0.0,H1+H2,26241.908090243363,26240.42215956981,-1.4859306735521132,227,214,-0.0,bayes_h1h2_marginal_boundary,measured_graph,0.31503536417958045,0.16050424435975885,0.01807580715782209,15,h1:h1_z;h2:h2_z
0.1,1.000000000327238,0.9999999999999992,0.8256497485854197,H1+H2,26241.672656243165,26240.00933469552,-1.663321547646544,227,214,0.8256497485854197,bayes_h1h2_marginal_boundary,measured_graph,0.2084835258626834,0.16180867922878547,0.017879895572272632,15,h1:h1_z;h2:h2_z
1e-05,1.0000000070362705,1.0000005897107571,21.974538254202344,H1+H2,34080.12181567529,34077.754129091416,-2.3676865838692702,305,274,21.974538254202344,bayes_h1h2_marginal_boundary,measured_graph,3.626957988627976e-06,0.1531263913189207,0.030765442268832575,16,h1:h1_z;h2:h2_z
1.2589254117941661e-05,1.0000000106592,1.000000005097705,21.20588961611793,H1+H2,34080.293530868425,34078.13845341046,-2.155077457963703,305,274,21.20588961611793,bayes_h1h2_marginal_boundary,measured_graph,5.326629085314673e-06,0.1531228300600146,0.03073592029211742,16,h1:h1_z;h2:h2_z
1.584893192461114e-05,1.0000000161772296,1.0000000104159108,20.311559606008814,H1+H2,34080.53808674757,34078.58561841551,-1.952468332058134,305,274,20.311559606008814,bayes_h1h2_marginal_boundary,measured_graph,8.330167811191997e-06,0.15311722050054333,0.030696429143451172,16,h1:h1_z;h2:h2_z
1.9952623149688786e-05,1.000000024785229,1.0000000157518716,19.261509017218486,H1+H2,34080.87050291606,34079.11064370991,-1.7598592061525666,305,274,19.261509017218486,bayes_h1h2_marginal_boundary,measured_graph,1.4082162080179725e-05,0.1531083913515118,0.03064763204817812,16,h1:h1_z;h2:h2_z
2.5118864315095822e-05,1.000000038844354,1.0000000162374325,18.05200769842486,H1+H2,34081.29264444955,34079.715394369305,-1.5772500802469966,305,274,18.05200769842486,bayes_h1h2_marginal_boundary,measured_graph,2.578156122369406e-05,0.15309452032467763,0.030593399378545362,16,h1:h1_z;h2:h2_z
3.1622776601683795e-05,1.0000000631738195,1.000000010709374,16.728362081659725,H1+H2,34081.78185813203,34080.37721717769,-1.404640954341429,305,274,16.728362081659725,bayes_h1h2_marginal_boundary,measured_graph,4.997297521219596e-05,0.15307280266975665,0.030540502752446103,16,h1:h1_z;h2:h2_z
3.9810717055349695e-05,1.0000001074526486,1.0000008561765583,15.389554329391103,H1+H2,34082.28865288226,34081.04662105382,-1.2420318284358616,305,274,15.389554329391103,bayes_h1h2_marginal_boundary,measured_graph,9.760085363937705e-05,0.1530389966805875,0.03049581056932677,16,h1:h1_z;h2:h2_z
5.011872336272725e-05,1.000000190060032,1.0000003437171037,14.154809696032316,H1+H2,34082.75341607303,34081.6639933705,-1.089422702530293,305,274,14.154809696032316,bayes_h1h2_marginal_boundary,measured_graph,0.00018095684118935308,0.15298686999859967,0.03046287612156751,16,h1:h1_z;h2:h2_z
6.309573444801929e-05,1.0000003419227081,1.000000107211066,13.107143123314017,H1+H2,34083.13464023348,34082.18782665686,-0.9468135766247254,305,274,13.107143123314017,bayes_h1h2_marginal_boundary,measured_graph,0.00030554340366943433,0.15290769687269734,0.030440822854805132,16,h1:h1_z;h2:h2_z
7.943282347242822e-05,1.000000602352456,1.0000000272865501,12.253369600250153,H1+H2,34083.42891786911,34082.61471341839,-0.8142044507191568,305,274,12.253369600250153,bayes_h1h2_marginal_boundary,measured_graph,0.0004682388852499041,0.15279024345576114,0.030426262421336107,16,h1:h1_z;h2:h2_z
0.0001,1.0000009863040733,1.0000000059516487,11.525372203148436,H1+H2,34083.67030744176,34082.97871211694,-0.6915953248135883,305,274,11.525372203148436,bayes_h1h2_marginal_boundary,measured_graph,0.0006738296288736827,0.15262217186643245,0.030415573578416115,16,h1:h1_z;h2:h2_z
0.00012589254117941674,1.0000014062370672,1.0000000011620997,10.809940908584394,H1+H2,34083.915413963136,34083.336427764225,-0.5789861989080206,305,274,10.809940908584394,bayes_h1h2_marginal_boundary,measured_graph,0.0009636160723542804,0.15239424494437373,0.030406018109082587,16,h1:h1_z;h2:h2_z
0.00015848931924611142,1.0000016182929405,1.0000000002105378,9.988457265964826,H1+H2,34084.22354665854,34083.747169585535,-0.47637707300245236,305,274,9.988457265964826,bayes_h1h2_marginal_boundary,measured_graph,0.0014530713554272098,0.15210803109024035,0.030395781274351205,16,h1:h1_z;h2:h2_z
0.00019952623149688788,1.0000013903462364,1.000000000036498,8.979575837875018,H1+H2,34084.635378246676,34084.25161029958,-0.38376794709688455,305,274,8.979575837875018,bayes_h1h2_marginal_boundary,measured_graph,0.00240637196966625,0.15178414473828522,0.030383616914493174,16,h1:h1_z;h2:h2_z
0.0002511886431509582,1.000000837547624,1.000000000006176,7.778852703078883,H1+H2,34085.153130688166,34084.85197186698,-0.30115882119131615,305,274,7.778852703078883,bayes_h1h2_marginal_boundary,measured_graph,0.004386281256285763,0.1514623813442028,0.03036850253489558,16,h1:h1_z;h2:h2_z
0.00031622776601683794,1.0000003455214557,1.000000000001063,6.472410440561362,H1+H2,34085.73374269352,34085.50519299824,-0.22854969528574837,305,274,6.472410440561362,bayes_h1h2_marginal_boundary,measured_graph,0.008429208739211151,0.151186606670206,0.030349405109780785,16,h1:h1_z;h2:h2_z
0.00039810717055349735,1.000000101273076,1.0000000000001907,5.198430982694845,H1+H2,34086.30812329655,34086.14218272717,-0.16594056938017995,305,274,5.198430982694845,bayes_h1h2_marginal_boundary,measured_graph,0.015937783867463976,0.15098296864391791,0.030325139111577793,16,h1:h1_z;h2:h2_z
0.0005011872336272725,1.0000000235145177,1.0000000000000415,4.071048961151973,H1+H2,34086.81920518142,34086.70587373794,-0.11333144347461188,305,274,4.071048961151973,bayes_h1h2_marginal_boundary,measured_graph,0.028005016219423154,0.1508511607167583,0.030294291304129608,16,h1:h1_z;h2:h2_z
0.000630957344480193,1.0000000051885616,1.000000000000008,3.1238886635546805,H1+H2,34087.25017620431,34087.17945388674,-0.07072231756904392,305,274,3.1238886635546805,bayes_h1h2_marginal_boundary,measured_graph,0.04496856965473326,0.1507740833542128,0.030255221355623245,16,h1:h1_z;h2:h2_z
0.0007943282347242822,1.0000000013682524,1.0000000000000016,2.311513088803622,H1+H2,34087.62375486578,34087.585641674115,-0.03811319166347554,305,274,2.311513088803622,bayes_h1h2_marginal_boundary,measured_graph,0.067501618879946,0.15073255832767235,0.030206203779009535,16,h1:h1_z;h2:h2_z
0.001,1.0000000005195258,0.9999999999999967,1.5579217976046493,H1+H2,34087.97794138547,34087.962437319715,-0.015504065757907535,305,274,1.5579217976046493,bayes_h1h2_marginal_boundary,measured_graph,0.09839079240863349,0.15071369956082636,0.03014585969026514,16,h1:h1_z;h2:h2_z
0.0012589254117941675,1.0000000002940914,1.0000000000000024,0.8267619124817429,H1+H2,34088.33091220213,34088.328017262276,-0.0028949398523394052,305,274,0.8267619124817429,bayes_h1h2_marginal_boundary,measured_graph,0.14181553575856065,0.15071257227681956,0.030074128015432945,16,h1:h1_z;h2:h2_z
0.001584893192461114,1.0000000002240563,1.0000000000000024,0.2048177441029111,H1+H2,34088.639275160414,34088.638989346466,-0.0002858139467712683,305,274,0.2048177441029111,bayes_h1h2_marginal_boundary,measured_graph,0.19354291161734963,0.15073118116236833,0.029994066485127382,16,h1:h1_z;h2:h2_z
0.0019952623149688807,1.0000000002022436,1.0000000000000002,-0.0,H1+H2,34088.74907490656,34088.74139821852,-0.007676688041203171,305,274,-0.0,bayes_h1h2_marginal_boundary,measured_graph,0.21441387131455583,0.1507774614470324,0.029914545274675314,16,h1:h1_z;h2:h2_z
0.002511886431509582,1.0000000001982037,1.0000000000000004,0.8382464029273251,H1+H2,34088.34734257919,34088.32227501705,-0.025067562135635053,305,274,0.8382464029273251,bayes_h1h2_marginal_boundary,measured_graph,0.14100352977578515,0.15086498879881488,0.02985318119663637,16,h1:h1_z;h2:h2_z
0.0031622776601683794,1.0000000002013825,0.9999999999999996,3.714692593435757,H1+H2,34086.93651035803,34086.8840519218,-0.05245843623006681,305,274,3.714692593435757,bayes_h1h2_marginal_boundary,measured_graph,0.033467065260116155,0.1510134311798537,0.029837970557481688,16,h1:h1_z;h2:h2_z
0.003981071705534973,1.0000000002075342,0.9999999999999986,9.957302011549473,H1+H2,34083.852596523066,34083.76274721274,-0.08984931032449865,305,274,9.957302011549473,bayes_h1h2_marginal_boundary,measured_graph,0.0014758839812866967,0.1512502686178707,0.029906198030287177,16,h1:h1_z;h2:h2_z
0.005011872336272725,1.0000000002147156,1.0000000000000004,21.11259407797479,H1+H2,34078.32234136395,34078.18510117953,-0.13724018441893068,305,274,21.11259407797479,bayes_h1h2_marginal_boundary,measured_graph,5.580991034620437e-06,0.15161532629401783,0.03010073262250167,16,h1:h1_z;h2:h2_z
0.006309573444801936,1.0000000002219744,1.0000000000000033,38.78299865723238,H1+H2,34069.54452994841,34069.3498988899,-0.19463105851336257,305,274,38.78299865723238,bayes_h1h2_marginal_boundary,measured_graph,8.121415387113771e-10,0.15216923409063945,0.030464428578744415,16,h1:h1_z;h2:h2_z
0.00794328234724282,1.0000000002289464,1.0000000000000069,64.37427874932473,H1+H2,34056.81628077646,34056.554258843855,-0.26202193260779433,305,274,64.37427874932473,bayes_h1h2_marginal_boundary,measured_graph,2.251935045122647e-15,0.1530024710681303,0.03103158777628385,16,h1:h1_z;h2:h2_z
0.01,1.0000000002357052,1.000000000000012,98.68803380787722,H1+H2,34039.73679412128,34039.39738131458,-0.3394128067022262,305,274,98.68803380787722,bayes_h1h2_marginal_boundary,measured_graph,7.96927148395757e-23,0.15423457780720257,0.0318154389080857,16,h1:h1_z;h2:h2_z
0.012589254117941675,1.0000000002425156,1.0000000000000202,141.46738785090565,H1+H2,34018.43450797386,34018.007704293064,-0.42680368079665804,305,274,141.46738785090565,bayes_h1h2_marginal_boundary,measured_graph,4.0926058600639495e-32,0.15599148229126386,0.03279610816359692,16,h1:h1_z;h2:h2_z
0.01584893192461114,1.0000000002495335,1.0000000000000284,191.22240200490342,H1+H2,33993.65439177096,33993.130197216065,-0.5241945548910899,305,274,191.22240200490342,bayes_h1h2_marginal_boundary,measured_graph,6.424448835280328e-43,0.15836196045657397,0.033919429519233796,16,h1:h1_z;h2:h2_z
0.01995262314968881,1.0000000002566267,1.000000000000033,245.61293935422145,H1+H2,33966.56651397039,33965.93492854141,-0.6315854289855218,305,274,245.61293935422145,bayes_h1h2_marginal_boundary,measured_graph,9.933007318098087e-55,0.16136055317769976,0.03511301160048219,16,h1:h1_z;h2:h2_z
0.025118864315095822,1.000000000263559,1.0000000000000357,302.2748692120076,H1+H2,33938.352939915596,33937.60396361251,-0.7489763030799538,305,274,302.2748692120076,bayes_h1h2_marginal_boundary,measured_graph,4.932862611760217e-67,0.16493658011025095,0.03631114398336172,16,h1:h1_z;h2:h2_z
0.03162277660168379,1.0000000002702905,1.000000000000033,359.58288229354366,H1+H2,33909.82632424892,33908.949957071745,-0.8763671771743852,305,274,359.58288229354366,bayes_h1h2_marginal_boundary,measured_graph,1.7734628472372912e-79,0.1690349092285908,0.037470472045758915,16,h1:h1_z;h2:h2_z
0.039810717055349734,1.000000000277261,1.000000000000029,416.9083305574022,H1+H2,33881.30099099108,33880.287232939816,-1.0137580512688171,305,274,416.9083305574022,bayes_h1h2_marginal_boundary,measured_graph,6.320612532541319e-92,0.1736612760780024,0.038568517724568804,16,h1:h1_z;h2:h2_z
0.05011872336272725,1.0000000002856624,1.0000000000000253,474.35770971556485,H1+H2,33852.7236922861,33851.562543360735,-1.1611489253632492,305,274,474.35770971556485,bayes_h1h2_marginal_boundary,measured_graph,2.1173126359480478e-104,0.17889628113589479,0.03959437620625717,16,h1:h1_z;h2:h2_z
0.06309573444801936,1.0000000002978309,1.0000000000000229,532.2260842781106,H1+H2,33823.94689587892,33822.62835607946,-1.3185397994576809,305,274,532.2260842781106,bayes_h1h2_marginal_boundary,measured_graph,5.7521091006362124e-117,0.184838996201345,0.0405431737896236,16,h1:h1_z;h2:h2_z
0.07943282347242822,1.0000000003177678,1.0000000000000229,590.3859303639474,H1+H2,33795.034363710096,33793.54843303654,-1.4859306735521132,305,274,590.3859303639474,bayes_h1h2_marginal_boundary,measured_graph,1.3507563038748906e-129,0.19150610984481564,0.04141500563649059,16,h1:h1_z;h2:h2_z
0.1,1.0000000003518017,1.0000000000000249,647.8580680109444,H1+H2,33766.47568576069,33764.812364213045,-1.663321547646544,305,274,647.8580680109444,bayes_h1h2_marginal_boundary,measured_graph,4.4736384394933025e-142,0.19874780679464024,0.04221241763408508,16,h1:h1_z;h2:h2_z
1e-05,1.000000228344748,1.0000000006289014,4.868842231611779,H1+H2,24446.913243500916,24444.545556917048,-2.3676865838692702,210,215,4.868842231611779,bayes_h1h2_marginal_boundary,measured_graph,0.01030505545507189,0.4390205487854371,0.05769443986974912,17,h1:h1_z;h2:h2_z
1.2589254117941661e-05,1.0000002670027552,1.0000000021834459,4.423102301101608,H1+H2,24446.923504340266,24444.768426882303,-2.155077457963703,210,215,4.423102301101608,bayes_h1h2_marginal_boundary,measured_graph,0.012877795651486215,0.4390162421006634,0.05768534557990859,17,h1:h1_z;h2:h2_z
1.584893192461114e-05,1.0000003167419476,1.0000000070544466,3.9827489344679634,H1+H2,24446.94107189768,24444.98860356562,-1.952468332058134,210,215,3.9827489344679634,bayes_h1h2_marginal_boundary,measured_graph,0.01604955694103549,0.439010628340718,0.05767112477013413,17,h1:h1_z;h2:h2_z
1.9952623149688786e-05,1.0000003751858395,1.0000000204615038,3.5399742665249505,H1+H2,24446.969850105743,24445.20999089959,-1.7598592061525666,210,215,3.5399742665249505,bayes_h1h2_marginal_boundary,measured_graph,0.020026743958911356,0.4390032585965937,0.057649538196789994,17,h1:h1_z;h2:h2_z
2.5118864315095822e-05,1.0000004365661905,1.0000000507792393,3.0845083920867182,H1+H2,24447.01497391706,24445.43772383681,-1.5772500802469966,210,215,3.0845083920867182,bayes_h1h2_marginal_boundary,measured_graph,0.025148582055810217,0.4389935036799311,0.05761806464340135,17,h1:h1_z;h2:h2_z
3.1622776601683795e-05,1.0000004936156521,1.000000101509749,2.604908860383148,H1+H2,24447.082164557003,24445.677523602662,-1.404640954341429,210,215,2.604908860383148,bayes_h1h2_marginal_boundary,measured_graph,0.031963712702635316,0.43898046983672767,0.057574693729387956,17,h1:h1_z;h2:h2_z
3.9810717055349695e-05,1.0000005414042163,1.000000152511262,2.0928627151442925,H1+H2,24447.175578503717,24445.933546675282,-1.2420318284358616,210,215,2.0928627151442925,bayes_h1h2_marginal_boundary,measured_graph,0.04129016574000013,0.4389628717776202,0.05751945545248878,17,h1:h1_z;h2:h2_z
5.011872336272725e-05,1.0000005801001066,1.0000001605333242,1.5519756901121582,H1+H2,24447.29341289033,24446.203990187798,-1.089422702530293,210,215,1.5519756901121582,bayes_h1h2_marginal_boundary,measured_graph,0.0541126435977146,0.4389388422481128,0.05745622198372373,17,h1:h1_z;h2:h2_z
6.309573444801929e-05,1.0000006146004272,1.0000001117385071,1.0093449178966694,H1+H2,24447.42211915053,24446.475305573906,-0.9468135766247254,210,215,1.0093449178966694,bayes_h1h2_marginal_boundary,measured_graph,0.0709789427850764,0.4389056475615545,0.05739315253375396,17,h1:h1_z;h2:h2_z
7.943282347242822e-05,1.0000006525346004,1.000000049964285,0.5213927615259308,H1+H2,24447.53348610281,24446.71928165209,-0.8142044507191568,210,215,0.5213927615259308,bayes_h1h2_marginal_boundary,measured_graph,0.09059140407117149,0.43885926622766597,0.05734008058543268,17,h1:h1_z;h2:h2_z
0.0001,1.0000007031974283,1.0000000145252343,0.16278732901992043,H1+H2,24447.590179693158,24446.898584368344,-0.6915953248135883,210,215,0.16278732901992043,bayes_h1h2_marginal_boundary,measured_graph,0.10838200254071151,0.43879377792689644,0.05730396343965214,17,h1:h1_z;h2:h2_z
0.00012589254117941674,1.0000007782412852,1.0000000028921388,-0.0,H1+H2,24447.55896423176,24446.979978032854,-0.5789861989080206,210,215,-0.0,bayes_h1h2_marginal_boundary,measured_graph,0.11757256430366614,0.43870051477566563,0.057286391051315014,17,h1:h1_z;h2:h2_z
0.00015848931924611142,1.0000008934878262,1.0000000004268286,0.06876903415104607,H1+H2,24447.42197058878,24446.94559351578,-0.47637707300245236,210,215,0.06876903415104607,bayes_h1h2_marginal_boundary,measured_graph,0.1135986013820525,0.4385669769807854,0.05728510476131822,17,h1:h1_z;h2:h2_z
0.00019952623149688788,1.00000107042877,1.0000000000510383,0.37180778932815883,H1+H2,24447.177842085286,24446.79407413819,-0.38376794709688455,210,215,0.37180778932815883,bayes_h1h2_marginal_boundary,measured_graph,0.09762677763907167,0.438375681171727,0.057297242592958215,17,h1:h1_z;h2:h2_z
0.0002511886431509582,1.0000013339041258,1.0000000244328697,0.8938115644123172,H1+H2,24446.83423107184,24446.533072250648,-0.30115882119131615,210,215,0.8938115644123172,bayes_h1h2_marginal_boundary,measured_graph,0.07519990211576742,0.4381035226625035,0.05732159106361744,17,h1:h1_z;h2:h2_z
0.00031622776601683794,1.0000000131068651,1.0000000053071825,1.6213965083225048,H1+H2,24446.39782947398,24446.169279778693,-0.22854969528574837,210,215,1.6213965083225048,bayes_h1h2_marginal_boundary,measured_graph,0.052266595484722275,0.4377234204429219,0.057359412145863445,17,h1:h1_z;h2:h2_z
0.00039810717055349735,1.000000019056298,1.000000001200643,2.5623246172617655,H1+H2,24445.864756293602,24445.698815724223,-0.16594056938017995,210,215,2.5623246172617655,bayes_h1h2_marginal_boundary,measured_graph,0.032651585103111176,0.4372086318686741,0.057414694615802876,17,h1:h1_z;h2:h2_z
0.0005011872336272725,1.0000000252315495,1.0000000003012592,3.764905950309185,H1+H2,24445.210856501173,24445.0975250577,-0.11333144347461188,210,215,3.764905950309185,bayes_h1h2_marginal_boundary,measured_graph,0.01789645657155851,0.43654761303324413,0.057494609243104386,17,h1:h1_z;h2:h2_z
0.000630957344480193,1.0000000277029546,1.0000000000887896,5.345894982980099,H1+H2,24444.377752858934,24444.307030541364,-0.07072231756904392,210,215,5.345894982980099,bayes_h1h2_marginal_boundary,measured_graph,0.008118198094624548,0.43576188389298987,0.057610503454419336,17,h1:h1_z;h2:h2_z
0.0007943282347242822,1.0000020958109472,1.0000000000316904,7.52906350709236,H1+H2,24443.25355947097,24443.215446279308,-0.03811319166347554,210,215,7.52906350709236,bayes_h1h2_marginal_boundary,measured_graph,0.002725151323036387,0.4349193832552226,0.057779589834118295,17,h1:h1_z;h2:h2_z
0.001,1.0000014366854346,1.0000000000136087,10.68719518843136,H1+H2,24441.651884504397,24441.63638043864,-0.015504065757907535,210,215,10.68719518843136,bayes_h1h2_marginal_boundary,measured_graph,0.0005618379124450901,0.4341237972661326,0.05802737242269746,17,h1:h1_z;h2:h2_z
0.0012589254117941675,1.0000008473133573,1.0000000000069744,15.370700728533848,H1+H2,24439.297522608438,24439.294627668587,-0.0028949398523394052,210,215,15.370700728533848,bayes_h1h2_marginal_boundary,measured_graph,5.40257414350758e-05,0.43346852051417994,0.05839067271181037,17,h1:h1_z;h2:h2_z
0.001584893192461114,1.0000004780691305,1.0000000000046265,22.302915945205314,H1+H2,24435.828805874196,24435.82852006025,-0.0002858139467712683,210,215,22.302915945205314,bayes_h1h2_marginal_boundary,measured_graph,1.687676984364643e-06,0.4329998849627469,0.058920654502449404,17,h1:h1_z;h2:h2_z
0.0019952623149688807,1.0000002896999878,1.0000000000049638,32.34367094095069,H1+H2,24430.81581925042,24430.80814256238,-0.007676688041203171,210,215,32.34367094095069,bayes_h1h2_marginal_boundary,measured_graph,1.1142100806579946e-08,0.43271853573842955,0.05968439569468856,17,h1:h1_z;h2:h2_z
0.002511886431509582,1.0000002018039378,1.000000000009758,46.416112329025054,H1+H2,24423.796989430477,24423.77192186834,-0.025067562135635053,210,215,46.416112329025054,bayes_h1h2_marginal_boundary,measured_graph,9.798853450086528e-12,0.4326137929594822,0.06076247664644529,17,h1:h1_z;h2:h2_z
0.0031622776601683794,1.0000001617226013,1.0000000000276055,65.36607520459802,H1+H2,24414.349398866783,24414.296940430555,-0.05245843623006681,210,215,65.36607520459802,bayes_h1h2_marginal_boundary,measured_graph,7.520437527612854e-16,0.43269577164079653,0.062239291727598275,17,h1:h1_z;h2:h2_z
0.003981071705534973,1.0000001435837402,1.0000000000806546,89.71904909134173,H1+H2,24402.210302797506,24402.120453487183,-0.08984931032449865,210,215,89.71904909134173,bayes_h1h2_marginal_boundary,measured_graph,3.873129512180854e-21,0.43300790316001525,0.06418286345065093,17,h1:h1_z;h2:h2_z
0.005011872336272725,1.0000001357669845,1.0000000001992764,119.34953382390813,H1+H2,24387.44245130532,24387.3052111209,-0.13724018441893068,210,215,119.34953382390813,bayes_h1h2_marginal_boundary,measured_graph,1.4252269032734061e-27,0.43362343034925466,0.06661267308484484,17,h1:h1_z;h2:h2_z
0.006309573444801936,1.0000001333591961,1.0000000003732186,153.19017164834804,H1+H2,24370.57952326719,24370.38489220868,-0.19463105851336257,210,215,153.19017164834804,bayes_h1h2_marginal_boundary,measured_graph,6.389735425962339e-35,0.43463440217170823,0.06946168825808668,17,h1:h1_z;h2:h2_z
0.00794328234724282,1.0000001347905203,1.000000000491481,189.24894943586696,H1+H2,24352.61752524753,24352.35550331492,-0.26202193260779433,210,215,189.24894943586696,bayes_h1h2_marginal_boundary,measured_graph,9.44971623807069e-43,0.4361383022583058,0.07255653077834165,17,h1:h1_z;h2:h2_z
0.01,1.0000001404286019,1.0000000004300382,225.14851941356756,H1+H2,24334.74513113277,24334.40571832607,-0.3394128067022262,210,215,225.14851941356756,bayes_h1h2_marginal_boundary,measured_graph,1.5133040537345033e-50,0.4382182215709322,0.07565017886033637,17,h1:h1_z;h2:h2_z
0.012589254117941675,1.0000001519239385,1.0000000002425273,258.9665933319702,H1+H2,24317.923485047664,24317.49668136687,-0.42680368079665804,210,215,258.9665933319702,bayes_h1h2_marginal_boundary,measured_graph,6.861589772809332e-58,0.44090208022102967,0.07850980147609389,17,h1:h1_z;h2:h2_z
0.01584893192461114,1.0000001718572664,1.00000000008949,289.7741278298781,H1+H2,24302.617108672806,24302.092914117915,-0.5241945548910899,210,215,289.7741278298781,bayes_h1h2_marginal_boundary,measured_graph,1.4016953512975885e-64,0.44410124427034525,0.08100413402447107,17,h1:h1_z;h2:h2_z
0.01995262314968881,1.0000002036653848,1.0000000000235605,317.5434477189265,H1+H2,24288.839839602377,24288.20825417339,-0.6315854289855218,210,215,317.5434477189265,bayes_h1h2_marginal_boundary,measured_graph,1.3080442498808313e-70,0.4475761839625084,0.08312745952010007,17,h1:h1_z;h2:h2_z
0.025118864315095822,1.0000002519227347,1.0000000000053353,342.703620658438,H1+H2,24276.377144006714,24275.628167703635,-0.7489763030799538,210,215,342.703620658438,bayes_h1h2_marginal_boundary,measured_graph,4.499459015876899e-76,0.4509889923206228,0.0849575277178729,17,h1:h1_z;h2:h2_z
0.03162277660168379,1.0000003230014096,1.000000000001406,365.77509178660694,H1+H2,24264.968799316724,24264.09243213955,-0.8763671771743852,210,215,365.77509178660694,bayes_h1h2_marginal_boundary,measured_graph,4.3979875959361265e-81,0.4540262658849308,0.08659461549299999,17,h1:h1_z;h2:h2_z
0.039810717055349734,1.0000004266015283,1.0000000000005642,387.2214233883715,H1+H2,24254.383024389936,24253.36926633867,-1.0137580512688171,210,215,387.2214233883715,bayes_h1h2_marginal_boundary,measured_graph,9.688181453854218e-86,0.4565007254807921,0.08812165831266097,17,h1:h1_z;h2:h2_z
0.05011872336272725,1.000000580218884,1.0000000000003288,407.4330449305635,H1+H2,24244.424604492935,24243.263455567572,-1.1611489253632492,210,215,407.4330449305635,bayes_h1h2_marginal_boundary,measured_graph,3.956802844640672e-90,0.45837233786824527,0.08959320776020827,17,h1:h1_z;h2:h2_z
0.06309573444801936,1.0000008193527519,1.0000000000002296,426.75353242958226,H1+H2,24234.92175161752,24233.603211818063,-1.3185397994576809,210,215,426.75353242958226,bayes_h1h2_marginal_boundary,measured_graph,2.5232126714147067e-94,0.4597115894939871,0.09104195599298226,17,h1:h1_z;h2:h2_z
0.07943282347242822,1.0000012120072306,1.0000000000001787,445.48918492137454,H1+H2,24225.72131624572,24224.235385572167,-1.4859306735521132,210,215,445.48918492137454,bayes_h1h2_marginal_boundary,measured_graph,2.155552530285209e-98,0.4606536777711364,0.09248793188246253,17,h1:h1_z;h2:h2_z
0.1,1.000001864050005,1.0000000000001537,463.8575859533594,H1+H2,24216.71450660382,24215.051185056174,-1.663321547646544,210,215,463.8575859533594,bayes_h1h2_marginal_boundary,measured_graph,2.21264125789881e-102,0.46136656454349056,0.09393970207690447,17,h1:h1_z;h2:h2_z
1e-05,1.0000000182786808,1.000000003425548,47.35503459957545,H1+H2,12747.993124789824,12745.625438205954,-2.3676865838692702,117,113,47.35503459957545,bayes_h1h2_marginal_boundary,measured_graph,9.216194946515134e-12,1.277307020068971,0.21310438186747138,18,h1:h1_z;h2:h2_z
1.2589254117941661e-05,1.0000000203128798,1.0000000128251625,46.84331560425926,H1+H2,12748.036375161577,12745.881297703612,-2.155077457963703,117,113,46.84331560425926,bayes_h1h2_marginal_boundary,measured_graph,1.1903372394189874e-11,1.2773062384154092,0.21296667827235147,18,h1:h1_z;h2:h2_z
1.584893192461114e-05,1.0000000218790868,1.0000000496188755,46.29088892750224,H1+H2,12748.109979374049,12746.15751104199,-1.952468332058134,117,113,46.29088892750224,bayes_h1h2_marginal_boundary,measured_graph,1.569018084511446e-11,1.2773040841875098,0.21274317882706936,18,h1:h1_z;h2:h2_z
1.9952623149688786e-05,1.000000022934854,1.0000001892702948,45.66072397346579,H1+H2,12748.232452725162,12746.472593519009,-1.7598592061525666,117,113,45.66072397346579,bayes_h1h2_marginal_boundary,measured_graph,2.1501389690997416e-11,1.2772995192896395,0.2123852394451278,18,h1:h1_z;h2:h2_z
2.5118864315095822e-05,1.0000000236007194,1.0000006835275304,44.895441736473,H1+H2,12748.432484717752,12746.855234637505,-1.5772500802469966,117,113,44.895441736473,bayes_h1h2_marginal_boundary,measured_graph,3.152430035706908e-11,1.2772908402448848,0.21182052293159367,18,h1:h1_z;h2:h2_z
3.1622776601683795e-05,1.0000000240638154,1.0000022546467033,43.90831277252801,H1+H2,12748.753440073819,12747.348799119478,-1.404640954341429,117,113,43.90831277252801,bayes_h1h2_marginal_boundary,measured_graph,5.16413738656585e-11,1.2772752778642027,0.21094663188256405,18,h1:h1_z;h2:h2_z
3.9810717055349695e-05,1.0000000245104745,1.0000002093314344,42.573157549435564,H1+H2,12749.25840855946,12748.016376731024,-1.2420318284358616,117,113,42.573157549435564,bayes_h1h2_marginal_boundary,measured_graph,1.0067532972253353e-10,1.2772483649995108,0.20963177759398802,18,h1:h1_z;h2:h2_z
5.011872336272725e-05,1.0000000251202659,1.000000691237909,40.71942959162334,H1+H2,12750.032663412461,12748.94324070993,-1.089422702530293,117,113,40.71942959162334,bayes_h1h2_marginal_boundary,measured_graph,2.5436360541508696e-10,1.2772029446733328,0.20773347191116373,18,h1:h1_z;h2:h2_z
6.309573444801929e-05,1.0000000261025361,1.00000161207213,38.144397216619836,H1+H2,12751.177570474058,12750.230756897432,-0.9468135766247254,117,113,38.144397216619836,bayes_h1h2_marginal_boundary,measured_graph,9.217563703690426e-10,1.2771276287725568,0.20516482406818884,18,h1:h1_z;h2:h2_z
7.943282347242822e-05,1.0000000277608454,1.0000022935300326,34.671146774173394,H1+H2,12752.781586569374,12751.967382118655,-0.8142044507191568,117,113,34.671146774173394,bayes_h1h2_marginal_boundary,measured_graph,5.233869603797099e-09,1.2770044371462936,0.20201239403239168,18,h1:h1_z;h2:h2_z
0.0001,1.0000000305971117,1.0000017199944355,30.273908219376608,H1+H2,12754.857596720867,12754.166001396054,-0.6915953248135883,117,113,30.273908219376608,bayes_h1h2_marginal_boundary,measured_graph,4.7170569373714375e-08,1.2768052630443631,0.19863724874949068,18,h1:h1_z;h2:h2_z
0.00012589254117941674,1.0000000354996126,1.0000108318521606,25.222002489987062,H1+H2,12757.270940459657,12756.691954260748,-0.5789861989080206,117,113,25.222002489987062,bayes_h1h2_marginal_boundary,measured_graph,5.897643395355658e-07,1.2764867798636814,0.19557704548267096,18,h1:h1_z;h2:h2_z
0.00015848931924611142,1.0000000441031012,1.0000027007435728,20.06985755545611,H1+H2,12759.744403801016,12759.268026728014,-0.47637707300245236,117,113,20.06985755545611,bayes_h1h2_marginal_boundary,measured_graph,7.752692643362246e-06,1.2759835863070494,0.19323726841185912,18,h1:h1_z;h2:h2_z
0.00019952623149688788,1.000000059452124,1.0000004481518012,15.414678615979938,H1+H2,12761.979384144848,12761.595616197752,-0.38376794709688455,117,113,15.414678615979938,bayes_h1h2_marginal_boundary,measured_graph,7.948987782626586e-05,1.2752001681266851,0.19168097728855069,18,h1:h1_z;h2:h2_z
0.0002511886431509582,1.0000000869797272,1.000003434149613,11.621487739783333,H1+H2,12763.793370457042,12763.49221163585,-0.30115882119131615,117,113,11.621487739783333,bayes_h1h2_marginal_boundary,measured_graph,0.0005296546173339238,1.2740044220978322,0.19073281551006083,18,h1:h1_z;h2:h2_z
0.00031622776601683794,1.0000001348542003,1.000000723438376,8.749676111237932,H1+H2,12765.15666714541,12764.928117450123,-0.22854969528574837,117,113,8.749676111237932,bayes_h1h2_marginal_boundary,measured_graph,0.002226377141163829,1.272230244041721,0.19016687197627657,18,h1:h1_z;h2:h2_z
0.00039810717055349735,1.000000209540695,1.0000001690387625,6.647669650796161,H1+H2,12766.145061249725,12765.979120680344,-0.16594056938017995,117,113,6.647669650796161,bayes_h1h2_marginal_boundary,measured_graph,0.006368595089904606,1.2697045385233159,0.189805932842738,18,h1:h1_z;h2:h2_z
0.0005011872336272725,1.0000002990332466,1.0000000477490012,5.080087146805454,H1+H2,12766.876243375813,12766.76291193234,-0.11333144347461188,117,113,5.080087146805454,bayes_h1h2_marginal_boundary,measured_graph,0.01394568506689905,1.2663201953437253,0.189539438840463,18,h1:h1_z;h2:h2_z
0.000630957344480193,1.0000003521787948,1.000000016888905,3.8229599799851712,H1+H2,12767.462197833318,12767.39147551575,-0.07072231756904392,117,113,3.8229599799851712,bayes_h1h2_marginal_boundary,measured_graph,0.026146980872242338,1.2621620538395717,0.1893042942024026,18,h1:h1_z;h2:h2_z
0.0007943282347242822,1.0000003092228162,1.0000000074065611,2.7222149252847885,H1+H2,12767.979961234763,12767.9418480431,-0.03811319166347554,117,113,2.7222149252847885,bayes_h1h2_marginal_boundary,measured_graph,0.04533621934118077,1.2576284499906827,0.1890650149406766,18,h1:h1_z;h2:h2_z
0.001,1.0000001909641911,1.000000003885436,1.7247898489877116,H1+H2,12768.456064647005,12768.440560581248,-0.015504065757907535,117,113,1.7247898489877116,bayes_h1h2_marginal_boundary,measured_graph,0.0746506174433603,1.2534043205066885,0.18880066471519993,18,h1:h1_z;h2:h2_z
0.0012589254117941675,1.0000000850422335,1.0000000023344604,0.874964399739838,H1+H2,12768.868368245725,12768.865473305872,-0.0028949398523394052,117,113,0.874964399739838,bayes_h1h2_marginal_boundary,measured_graph,0.11417490417077406,1.2501979678992967,0.1884981731984513,18,h1:h1_z;h2:h2_z
0.001584893192461114,1.0000000308937185,1.0000000015419854,0.26946336348191835,H1+H2,12769.168509637948,12769.168223824001,-0.0002858139467712683,117,113,0.26946336348191835,bayes_h1h2_marginal_boundary,measured_graph,0.15454449337383963,1.2484254551237528,0.18814997873207143,18,h1:h1_z;h2:h2_z
0.0019952623149688807,1.000001226522822,1.0000000010810581,-0.0,H1+H2,12769.310632193783,12769.302955505742,-0.007676688041203171,117,113,-0.0,bayes_h1h2_marginal_boundary,measured_graph,0.1768344032199487,1.2481423482756173,0.18775460602393138,18,h1:h1_z;h2:h2_z
0.002511886431509582,1.000000664420009,1.0000000007812724,0.13153000911188428,H1+H2,12769.262258063321,12769.237190501186,-0.025067562135635053,117,113,0.13153000911188428,bayes_h1h2_marginal_boundary,measured_graph,0.16557904847328977,1.2492419323360269,0.18731960277445125,18,h1:h1_z;h2:h2_z
0.0031622776601683794,1.0000004313543425,1.0000000005687764,0.7327505245848442,H1+H2,12768.98903867968,12768.93658024345,-0.05245843623006681,117,113,0.7327505245848442,bayes_h1h2_marginal_boundary,measured_graph,0.12258914226804539,1.2516769548575932,0.18686660497989319,18,h1:h1_z;h2:h2_z
0.003981071705534973,1.0000003296175513,1.000000000411184,1.9320462485593453,H1+H2,12768.426781691787,12768.336932381462,-0.08984931032449865,117,113,1.9320462485593453,bayes_h1h2_marginal_boundary,measured_graph,0.06730204317094893,1.2555814029865322,0.1864379441504322,18,h1:h1_z;h2:h2_z
0.005011872336272725,1.0000002804074735,1.000000000295212,3.9645998707710532,H1+H2,12767.457895754775,12767.320655570356,-0.13724018441893068,117,113,3.9645998707710532,bayes_h1h2_marginal_boundary,measured_graph,0.024359301886375726,1.2612852605836438,0.18610300189559248,18,h1:h1_z;h2:h2_z
0.006309573444801936,1.0000002498988956,1.0000000002149285,7.183021744116559,H1+H2,12765.906075692197,12765.711444633684,-0.19463105851336257,117,113,7.183021744116559,bayes_h1h2_marginal_boundary,measured_graph,0.0048729662969971945,1.2692667061554816,0.1859606933731581,18,h1:h1_z;h2:h2_z
0.00794328234724282,1.0000002205041403,1.0000000001645908,12.00698524798645,H1+H2,12763.561484814356,12763.299462881749,-0.26202193260779433,117,113,12.00698524798645,bayes_h1h2_marginal_boundary,measured_graph,0.00043680041503883397,1.2800299845830487,0.18613276758049477,18,h1:h1_z;h2:h2_z
0.01,1.0000001821826934,1.0000000001357796,18.79003092750645,H1+H2,12760.247352848692,12759.907940041989,-0.3394128067022262,117,113,18.79003092750645,bayes_h1h2_marginal_boundary,measured_graph,1.4701558886322217e-05,1.2938659136731152,0.18674164446866715,18,h1:h1_z;h2:h2_z
0.012589254117941675,1.0000001329870232,1.0000000001180114,27.612421019937756,H1+H2,12755.92354867657,12755.496744995773,-0.42680368079665804,117,113,27.612421019937756,bayes_h1h2_marginal_boundary,measured_graph,1.7848664270175e-07,1.3104953291842505,0.18786896270915607,18,h1:h1_z;h2:h2_z
0.01584893192461114,1.0000000811263021,1.0000000001012421,38.09193804633833,H1+H2,12750.781181037464,12750.256986482573,-0.5241945548910899,117,113,38.09193804633833,bayes_h1h2_marginal_boundary,measured_graph,9.46253528239181e-10,1.3287515270066743,0.18950650218193701,18,h1:h1_z;h2:h2_z
0.01995262314968881,1.0000000397017317,1.000000000079873,49.38442545239741,H1+H2,12745.24232820853,12744.610742779543,-0.6315854289855218,117,113,49.38442545239741,bayes_h1h2_marginal_boundary,measured_graph,3.3409888644485173e-12,1.3466257830705475,0.19153617175612547,18,h1:h1_z;h2:h2_z
0.025118864315095822,1.000000015410881,1.0000000000556755,60.464279589403304,H1+H2,12739.819792014121,12739.07081571104,-0.7489763030799538,117,113,60.464279589403304,bayes_h1h2_marginal_boundary,measured_graph,1.311943922819041e-14,1.361886582651002,0.19376847166200598,18,h1:h1_z;h2:h2_z
0.03162277660168379,1.0000000048920126,1.0000000000344127,70.52882713517829,H1+H2,12734.914909115327,12734.038541938153,-0.8763671771743852,117,113,70.52882713517829,bayes_h1h2_marginal_boundary,measured_graph,8.55906926869383e-17,1.3729895997618509,0.19601681662792445,18,h1:h1_z;h2:h2_z
0.039810717055349734,1.0000000013787658,1.0000000000194516,79.25015968918888,H1+H2,12730.691633712417,12729.677875661147,-1.0137580512688171,117,113,79.25015968918888,bayes_h1h2_marginal_boundary,measured_graph,1.0929825785316608e-18,1.3796393709255672,0.19815526404012224,18,h1:h1_z;h2:h2_z
0.05011872336272725,1.0000000003960907,1.0000000411995853,86.7551416757342,H1+H2,12727.086533593238,12725.925384667875,-1.1611489253632492,117,113,86.7551416757342,bayes_h1h2_marginal_boundary,measured_graph,2.5640536486590146e-20,1.3826592799246773,0.20013315283565145,18,h1:h1_z;h2:h2_z
0.06309573444801936,1.0000000001370515,1.0000000254620929,93.43350790825934,H1+H2,12723.90474135107,12722.586201551612,-1.3185397994576809,117,113,93.43350790825934,bayes_h1h2_marginal_boundary,measured_graph,9.093651497099353e-22,1.3834210288969728,0.20195673167832684,18,h1:h1_z;h2:h2_z
0.07943282347242822,1.000000000063448,1.000000014432553,99.73619671907727,H1+H2,12720.920787819756,12719.434857146203,-1.4859306735521132,117,113,99.73619671907727,bayes_h1h2_marginal_boundary,measured_graph,3.8915876863937093e-23,1.3832891549713004,0.20366102045731485,18,h1:h1_z;h2:h2_z
0.1,1.0000000000377767,1.0000000072271031,106.0452364409357,H1+H2,12717.94365883292,12716.280337285274,-1.663321547646544,117,113,106.0452364409357,bayes_h1h2_marginal_boundary,measured_graph,1.6601076539270055e-24,1.3832963004850491,0.20528868210716383,18,h1:h1_z;h2:h2_z
1e-05,1.0000006066855243,1.0000000924180752,27.652506157404787,H1+H2,6400.07432630303,6397.706639719161,-2.3676865838692702,61,58,27.652506157404787,bayes_h1h2_marginal_boundary,measured_graph,1.7180580296228067e-07,3.121540915121023,0.33573051137477167,19,h1:h1_z;h2:h2_z
1.2589254117941661e-05,1.0000006142994171,1.0000001370318572,27.194893865469567,H1+H2,6400.090523323092,6397.935445865129,-2.155077457963703,61,58,27.194893865469567,bayes_h1h2_marginal_boundary,measured_graph,2.1597678658093556e-07,3.1215642921416356,0.3356206002312555,19,h1:h1_z;h2:h2_z
1.584893192461114e-05,1.0000006228215628,1.0000002075758792,26.746986242575076,H1+H2,6400.111868008634,6398.159399676576,-1.952468332058134,61,58,26.746986242575076,bayes_h1h2_marginal_boundary,measured_graph,2.701898185957693e-07,3.1215937126222935,0.3354686024340336,19,h1:h1_z;h2:h2_z
1.9952623149688786e-05,1.0000006312037024,1.0000003207442432,26.305008416404235,H1+H2,6400.140247795814,6398.380388589661,-1.7598592061525666,61,58,26.305008416404235,bayes_h1h2_marginal_boundary,measured_graph,3.370103550086264e-07,3.1216307366887692,0.33525578024207714,19,h1:h1_z;h2:h2_z
2.5118864315095822e-05,1.0000006383286644,1.0000005084535275,25.863567985694317,H1+H2,6400.178358885263,6398.601108805016,-1.5772500802469966,61,58,25.863567985694317,bayes_h1h2_marginal_boundary,measured_graph,4.202433180676553e-07,3.1216773238759346,0.33495413309755795,19,h1:h1_z;h2:h2_z
3.1622776601683795e-05,1.0000006435552762,1.0000008382939596,25.414873306206573,H1+H2,6400.230097099102,6398.82545614476,-1.404640954341429,61,58,25.414873306206573,bayes_h1h2_marginal_boundary,measured_graph,5.259368834031052e-07,3.121735932916298,0.33452166126813504,19,h1:h1_z;h2:h2_z
3.9810717055349695e-05,1.0000006469307772,1.0000014643104258,24.947552836287286,H1+H2,6400.301148208156,6399.05911637972,-1.2420318284358616,61,58,24.947552836287286,bayes_h1h2_marginal_boundary,measured_graph,6.643714774074659e-07,3.1218096463300045,0.33389538045594364,19,h1:h1_z;h2:h2_z
5.011872336272725e-05,1.0000006489458448,1.000002752707609,24.44487922139524,H1+H2,6400.399875889696,6399.310453187166,-1.089422702530293,61,58,24.44487922139524,bayes_h1h2_marginal_boundary,measured_graph,8.542110158393486e-07,3.1219023250134894,0.3329814064955984,19,h1:h1_z;h2:h2_z
6.309573444801929e-05,1.0000006501641383,1.0000001501080795,23.88193960894023,H1+H2,6400.538736570018,6399.591922993393,-0.9468135766247254,61,58,23.88193960894023,bayes_h1h2_marginal_boundary,measured_graph,1.1318945046416578e-06,3.1220187975911156,0.3316428476827032,19,h1:h1_z;h2:h2_z
7.943282347242822e-05,1.0000006510185755,1.0000004157135716,23.222323892350687,H1+H2,6400.735935302408,6399.921730851688,-0.8142044507191568,61,58,23.222323892350687,bayes_h1h2_marginal_boundary,measured_graph,1.5741266962931644e-06,3.1221650889892434,0.3296828520062437,19,h1:h1_z;h2:h2_z
0.0001,1.0000006517883666,1.00000119023295,22.412015831740064,H1+H2,6401.018480206807,6400.3268848819935,-0.6915953248135883,61,58,22.412015831740064,bayes_h1h2_marginal_boundary,measured_graph,2.36045564486223e-06,3.122348691276246,0.3268406056175325,19,h1:h1_z;h2:h2_z
0.00012589254117941674,1.0000006526527774,1.0000031931615003,21.37296202955622,H1+H2,6401.425397981993,6400.846411783085,-0.5789861989080206,61,58,21.37296202955622,bayes_h1h2_marginal_boundary,measured_graph,3.9684737357679035e-06,3.1225788750913357,0.3228110145694366,19,h1:h1_z;h2:h2_z
0.00015848931924611142,1.0000006537511554,1.0000069725411074,19.99671029007368,H1+H2,6402.010914725829,6401.534537652827,-0.47637707300245236,61,58,19.99671029007368,bayes_h1h2_marginal_boundary,measured_graph,7.897193483423296e-06,3.1228670291334484,0.3173449100660184,19,h1:h1_z;h2:h2_z
0.00019952623149688788,1.0000006552306397,1.000010297003859,18.148153839785664,H1+H2,6402.842583825068,6402.458815877971,-0.38376794709688455,61,58,18.148153839785664,bayes_h1h2_marginal_boundary,measured_graph,1.990131213991787e-05,3.123226993356145,0.3104871838693652,19,h1:h1_z;h2:h2_z
0.0002511886431509582,1.0000006572873623,1.0000083389493186,15.708883478779171,H1+H2,6403.979609879665,6403.678451058474,-0.30115882119131615,61,58,15.708883478779171,bayes_h1h2_marginal_boundary,measured_graph,6.738489255592507e-05,3.1236753102066297,0.3028877637450819,19,h1:h1_z;h2:h2_z
0.00031622776601683794,1.0000006602133606,1.0000031288677673,12.698582036484368,H1+H2,6405.412151474907,6405.183601779621,-0.22854969528574837,61,58,12.698582036484368,bayes_h1h2_marginal_boundary,measured_graph,0.000303557657543051,3.124231244171956,0.29576965114368925,19,h1:h1_z;h2:h2_z
0.00039810717055349735,1.0000006644629174,1.0000089675981418,9.401851811478991,H1+H2,6406.997907461504,6406.831966892124,-0.16594056938017995,61,58,9.401851811478991,bayes_h1h2_marginal_boundary,measured_graph,0.0015780365768599102,3.1249162964040837,0.29021409026259914,19,h1:h1_z;h2:h2_z
0.0005011872336272725,1.0000006707538065,1.0000011913220102,6.285667296422616,H1+H2,6408.503390593127,6408.390059149652,-0.11333144347461188,61,58,6.285667296422616,bayes_h1h2_marginal_boundary,measured_graph,0.007495281272997046,3.125752759683974,0.28648688799257044,19,h1:h1_z;h2:h2_z
0.000630957344480193,1.0000006802189805,1.0000001099395595,3.739843172925248,H1+H2,6409.7336935289695,6409.662971211401,-0.07072231756904392,61,58,3.739843172925248,bayes_h1h2_marginal_boundary,measured_graph,0.02676742654027834,3.1267606612083534,0.2841667734459529,19,h1:h1_z;h2:h2_z
0.0007943282347242822,1.0000006946125801,1.000000823946522,1.9183255914085748,H1+H2,6410.611843193823,6410.573730002159,-0.03811319166347554,61,58,1.9183255914085748,bayes_h1h2_marginal_boundary,measured_graph,0.06654939883003158,3.1279524371044722,0.28267086111528816,19,h1:h1_z;h2:h2_z
0.001,1.0000007165247768,1.0000001443385562,0.7766676248284057,H1+H2,6411.1600630512075,6411.144558985449,-0.015504065757907535,61,58,0.7766676248284057,bayes_h1h2_marginal_boundary,measured_graph,0.11777470204686878,3.129325508535912,0.2815486090065407,19,h1:h1_z;h2:h2_z
0.0012589254117941675,1.0000007494230991,1.0000000339960646,0.18174811284006864,H1+H2,6411.4449136812955,6411.4420187414435,-0.0028949398523394052,61,58,0.18174811284006864,bayes_h1h2_marginal_boundary,measured_graph,0.15857588535947548,3.1308559798445907,0.2805326242975565,19,h1:h1_z;h2:h2_z
0.001584893192461114,1.0000007970730411,1.0000000109828742,-0.0,H1+H2,6411.53317861181,6411.5328927978635,-0.0002858139467712683,61,58,-0.0,bayes_h1h2_marginal_boundary,measured_graph,0.17366137930249445,3.1325038032612906,0.2794968213682294,19,h1:h1_z;h2:h2_z
0.0019952623149688807,1.0000008616731961,1.0000000046225004,0.14533889562699187,H1+H2,6411.467900038091,6411.46022335005,-0.007676688041203171,61,58,0.14533889562699187,bayes_h1h2_marginal_boundary,measured_graph,0.1614891341078361,3.1342500221653813,0.27840940171520473,19,h1:h1_z;h2:h2_z
0.002511886431509582,1.0000009407223716,1.0000000027531981,0.5982050239927048,H1+H2,6411.258857848003,6411.233790285867,-0.025067562135635053,61,58,0.5982050239927048,bayes_h1h2_marginal_boundary,measured_graph,0.1287670290354056,3.1361882693258925,0.277304477049866,19,h1:h1_z;h2:h2_z
0.0031622776601683794,1.0000010253445362,1.0000000031368548,1.4064058817402838,H1+H2,6410.8821482932235,6410.829689856993,-0.05245843623006681,61,58,1.4064058817402838,bayes_h1h2_marginal_boundary,measured_graph,0.0859619164567768,3.138661091513621,0.2762619769984944,19,h1:h1_z;h2:h2_z
0.003981071705534973,1.0000011048925215,1.0000000077458722,2.667258840538125,H1+H2,6410.2891126879185,6410.199263377594,-0.08984931032449865,61,58,2.667258840538125,bayes_h1h2_marginal_boundary,measured_graph,0.04576309072589945,3.1423684281401116,0.2753779557706481,19,h1:h1_z;h2:h2_z
0.005011872336272725,1.0000011764680152,1.000000028784445,4.4872903804007365,H1+H2,6409.426487792082,6409.289247607663,-0.13724018441893068,61,58,4.4872903804007365,bayes_h1h2_marginal_boundary,measured_graph,0.018420462092111234,3.148362900275148,0.27471822644407184,19,h1:h1_z;h2:h2_z
0.006309573444801936,1.0000012485607213,1.000000106900349,6.933307582106863,H1+H2,6408.260870065324,6408.06623900681,-0.19463105851336257,61,58,6.933307582106863,bayes_h1h2_marginal_boundary,measured_graph,0.005421939084263278,3.157948593336593,0.27427804822216184,19,h1:h1_z;h2:h2_z
0.00794328234724282,1.0000013340604428,1.000000333120497,10.01539873882939,H1+H2,6406.787215361057,6406.525193428449,-0.26202193260779433,61,58,10.01539873882939,bayes_h1h2_marginal_boundary,measured_graph,0.001161146568104691,3.1725774714408392,0.2739933020020238,19,h1:h1_z;h2:h2_z
0.01,1.0000014398999637,1.0000008593755008,13.734086471620685,H1+H2,6405.005262368755,6404.665849562053,-0.3394128067022262,61,58,13.734086471620685,bayes_h1h2_marginal_boundary,measured_graph,0.00018087738130140448,3.1937471503597257,0.2738225457221692,19,h1:h1_z;h2:h2_z
0.012589254117941675,1.0000015584606123,1.000001941564809,18.170093438498952,H1+H2,6402.874649759411,6402.447846078614,-0.42680368079665804,61,58,18.170093438498952,bayes_h1h2_marginal_boundary,measured_graph,1.9684191799382403e-05,3.2228072006597905,0.2738630581100569,19,h1:h1_z;h2:h2_z
0.01584893192461114,1.0000016612558302,1.0000000755306861,23.560695063048115,H1+H2,6400.276739821231,6399.752545266339,-0.5241945548910899,61,58,23.560695063048115,bayes_h1h2_marginal_boundary,measured_graph,1.3291173224853525e-06,3.260695699509554,0.2744501591282873,19,h1:h1_z;h2:h2_z
0.01995262314968881,1.0000016992738505,1.0000002138291268,30.332291514539975,H1+H2,6396.998332469579,6396.3667470405935,-0.6315854289855218,61,58,30.332291514539975,bayes_h1h2_marginal_boundary,measured_graph,4.499143362864724e-08,3.307879318365159,0.2762236748960592,19,h1:h1_z;h2:h2_z
0.025118864315095822,1.000001616799359,1.0000006608304641,39.08670802754568,H1+H2,6392.7385150871705,6391.989538784091,-0.7489763030799538,61,58,39.08670802754568,bayes_h1h2_marginal_boundary,measured_graph,5.651092811003124e-10,3.3647782090464804,0.28018921711456424,19,h1:h1_z;h2:h2_z
0.03162277660168379,1.000001378681296,1.0000022197825165,50.51104507662967,H1+H2,6387.153737436723,6386.277370259549,-0.8763671771743852,61,58,50.51104507662967,bayes_h1h2_marginal_boundary,measured_graph,1.867966873128741e-12,3.432402193967238,0.2877743716467909,19,h1:h1_z;h2:h2_z
0.039810717055349734,1.0000010032345592,1.000007261043206,65.10435965824036,H1+H2,6379.9944710200125,6378.980712968743,-1.0137580512688171,61,58,65.10435965824036,bayes_h1h2_marginal_boundary,measured_graph,1.2661092228263641e-15,3.5122720683136235,0.30077208466901795,19,h1:h1_z;h2:h2_z
0.05011872336272725,1.0000005831120646,1.0000012190224041,82.68095247094425,H1+H2,6371.353565487754,6370.192416562391,-1.1611489253632492,61,58,82.68095247094425,bayes_h1h2_marginal_boundary,measured_graph,1.9309122498865623e-19,3.6049649865466495,0.32079029613164745,19,h1:h1_z;h2:h2_z
0.06309573444801936,1.0000002504422392,1.0000016898429787,102.04681766092108,H1+H2,6361.8280237668605,6360.509483967403,-1.3185397994576809,61,58,102.04681766092108,bayes_h1h2_marginal_boundary,measured_graph,1.2037002288998589e-23,3.7079557811124055,0.3477614183038144,19,h1:h1_z;h2:h2_z
0.07943282347242822,1.0000030365625139,1.0000007590774176,121.47300793493741,H1+H2,6352.282319503947,6350.796388830395,-1.4859306735521132,61,58,121.47300793493741,bayes_h1h2_marginal_boundary,measured_graph,7.280726597151006e-28,3.814674524401684,0.3786068133952023,19,h1:h1_z;h2:h2_z
0.1,1.000000882670786,1.0000029864024118,139.56530427909638,H1+H2,6343.413562205962,6341.750240658315,-1.663321547646544,61,58,139.56530427909638,bayes_h1h2_marginal_boundary,measured_graph,8.579905199468535e-32,3.9162563626316724,0.40874717400497057,19,h1:h1_z;h2:h2_z
1e-05,1.0000005861925636,1.0000000831286977,28.314617422785886,H1+H2,6509.836197767178,6507.46851118331,-2.3676865838692702,62,59,28.314617422785886,bayes_h1h2_marginal_boundary,measured_graph,1.2367349498358677e-07,3.0843441243146414,0.33179228515867937,20,h1:h1_z;h2:h2_z
1.2589254117941661e-05,1.0000005935060385,1.0000001239931233,27.85718615760561,H1+H2,6509.852304273863,6507.6972268159,-2.155077457963703,62,59,27.85718615760561,bayes_h1h2_marginal_boundary,measured_graph,1.5545567154142792e-07,3.0843673404406613,0.331684632752872,20,h1:h1_z;h2:h2_z
1.584893192461114e-05,1.0000006016980785,1.000000189211478,27.409428889108312,H1+H2,6509.873573782206,6507.921105450148,-1.952468332058134,62,59,27.409428889108312,bayes_h1h2_marginal_boundary,measured_graph,1.9446248295366197e-07,3.084396558801896,0.3315354278872969,20,h1:h1_z;h2:h2_z
1.9952623149688786e-05,1.000000609762827,1.0000002951703684,26.967517242450413,H1+H2,6509.90192047963,6508.142061273477,-1.7598592061525666,62,59,26.967517242450413,bayes_h1h2_marginal_boundary,measured_graph,2.4254689620264175e-07,3.0844333290532053,0.3313260395204733,20,h1:h1_z;h2:h2_z
2.5118864315095822e-05,1.0000006166250208,1.0000004737567698,26.525964670003304,H1+H2,6509.940087639948,6508.362837559701,-1.5772500802469966,62,59,26.525964670003304,bayes_h1h2_marginal_boundary,measured_graph,3.024667530950907e-07,3.0844795977500183,0.3310285812636056,20,h1:h1_z;h2:h2_z
3.1622776601683795e-05,1.0000006216644788,1.0000007933237938,26.07681850555673,H1+H2,6509.992051596266,6508.587410641924,-1.404640954341429,62,59,26.07681850555673,bayes_h1h2_marginal_boundary,measured_graph,3.7862430983649856e-07,3.084537807634469,0.3306011640147114,20,h1:h1_z;h2:h2_z
3.9810717055349695e-05,1.0000006249231457,1.000001411107117,25.608437247061374,H1+H2,6510.063633099608,6508.821601271172,-1.2420318284358616,62,59,25.608437247061374,bayes_h1h2_marginal_boundary,measured_graph,4.785377383355459e-07,3.0846110216091733,0.3299808888032973,20,h1:h1_z;h2:h2_z
5.011872336272725e-05,1.0000006268715471,1.000002704276424,25.103647816591547,H1+H2,6510.163418688937,6509.073995986407,-1.089422702530293,62,59,25.103647816591547,bayes_h1h2_marginal_boundary,measured_graph,6.159278259557741e-07,3.08470307660081,0.32907389279759786,20,h1:h1_z;h2:h2_z
6.309573444801929e-05,1.0000006280522986,1.0000001498809723,24.53680969879497,H1+H2,6510.30422862193,6509.357415045305,-0.9468135766247254,62,59,24.53680969879497,bayes_h1h2_marginal_boundary,measured_graph,8.177436080761148e-07,3.084818772136423,0.32774317076001575,20,h1:h1_z;h2:h2_z
7.943282347242822e-05,1.0000006288830903,1.0000004239405615,23.870340468685754,H1+H2,6510.504854111079,6509.69064966036,-0.8142044507191568,62,59,23.870340468685754,bayes_h1h2_marginal_boundary,measured_graph,1.1411404829809305e-06,3.084964098178203,0.3257916109548862,20,h1:h1_z;h2:h2_z
0.0001,1.0000006296339186,1.0000012333802082,23.048372634437328,H1+H2,6510.793228902297,6510.101633577484,-0.6915953248135883,62,59,23.048372634437328,bayes_h1h2_marginal_boundary,measured_graph,1.721183444072908e-06,3.085146505369538,0.32295791373518745,20,h1:h1_z;h2:h2_z
0.00012589254117941674,1.000000630478717,1.0000033416638683,21.99000410966073,H1+H2,6511.20980403878,6510.630817839872,-0.5789861989080206,62,59,21.99000410966073,bayes_h1h2_marginal_boundary,measured_graph,2.921789775996517e-06,3.0853752161934866,0.31893669129529856,20,h1:h1_z;h2:h2_z
0.00015848931924611142,1.0000006315533394,1.0000073180314162,20.582653744259005,H1+H2,6511.810870095575,6511.334493022573,-0.47637707300245236,62,59,20.582653744259005,bayes_h1h2_marginal_boundary,measured_graph,5.9054257572721385e-06,3.0856615647994596,0.3134800738565309,20,h1:h1_z;h2:h2_z
0.00019952623149688788,1.0000006330018778,1.0000107542120045,18.686100242510292,H1+H2,6512.6665377205445,6512.282769773447,-0.38376794709688455,62,59,18.686100242510292,bayes_h1h2_marginal_boundary,measured_graph,1.5243425556838593e-05,3.0860193315590156,0.3066387941589885,20,h1:h1_z;h2:h2_z
0.0002511886431509582,1.0000006350169308,1.0000085940482744,16.178292607502954,H1+H2,6513.837832412142,6513.536673590951,-0.30115882119131615,62,59,16.178292607502954,bayes_h1h2_marginal_boundary,measured_graph,5.341289074617564e-05,3.086464997232596,0.299073972907897,20,h1:h1_z;h2:h2_z
0.00031622776601683794,1.000000637885729,1.0000031582847306,13.082314515799226,H1+H2,6515.313212332088,6515.084662636803,-0.22854969528574837,62,59,13.082314515799226,bayes_h1h2_marginal_boundary,measured_graph,0.0002511476874794238,3.0870177676203916,0.292014653474001,20,h1:h1_z;h2:h2_z
0.00039810717055349735,1.0000006420556138,1.0000088334873711,9.695480574557223,H1+H2,6516.944020176804,6516.778079607424,-0.16594056938017995,62,59,9.695480574557223,bayes_h1h2_marginal_boundary,measured_graph,0.0013657488060237336,3.087699095962389,0.2865298435746492,20,h1:h1_z;h2:h2_z
0.0005011872336272725,1.0000006482341477,1.000001146498258,6.498524103400996,H1+H2,6518.489889286477,6518.376557843002,-0.11333144347461188,62,59,6.498524103400996,bayes_h1h2_marginal_boundary,measured_graph,0.006754311823712149,3.088531248419733,0.28286520921909236,20,h1:h1_z;h2:h2_z
0.000630957344480193,1.00000065753926,1.0000001029793673,3.8874415995414893,H1+H2,6519.7528214125,6519.682099094932,-0.07072231756904392,62,59,3.8874415995414893,bayes_h1h2_marginal_boundary,measured_graph,0.024921287092784513,3.0895342596058457,0.2805902731041357,20,h1:h1_z;h2:h2_z
0.0007943282347242822,1.0000006717033105,1.00000076490341,2.01537321257274,H1+H2,6520.65624648008,6520.618133288416,-0.03811319166347554,62,59,2.01537321257274,bayes_h1h2_marginal_boundary,measured_graph,0.06354552226096101,3.0907206219807737,0.279124230521847,20,h1:h1_z;h2:h2_z
0.001,1.0000006932859637,1.000000130661918,0.8343952020586585,H1+H2,6521.2241263594315,6521.208622293673,-0.015504065757907535,62,59,0.8343952020586585,bayes_h1h2_marginal_boundary,measured_graph,0.11469145702397485,3.092087883630777,0.2780221729753539,20,h1:h1_z;h2:h2_z
0.0012589254117941675,1.00000072571485,1.000000030117367,0.20795130093756597,H1+H2,6521.524739184086,6521.521844244234,-0.0028949398523394052,62,59,0.20795130093756597,bayes_h1h2_marginal_boundary,measured_graph,0.15687785216866246,3.0936123916895353,0.2770213475069736,20,h1:h1_z;h2:h2_z
0.001584893192461114,1.000000772711029,1.0000000095834416,-0.0,H1+H2,6521.626105708649,6521.6258198947025,-0.0002858139467712683,62,59,-0.0,bayes_h1h2_marginal_boundary,measured_graph,0.17406749761895754,3.0952545452597193,0.2759982246552124,20,h1:h1_z;h2:h2_z
0.0019952623149688807,1.0000008364450435,1.0000000039897496,0.12306725669805019,H1+H2,6521.571962954395,6521.5642862663535,-0.007676688041203171,62,59,0.12306725669805019,bayes_h1h2_marginal_boundary,measured_graph,0.16367937978361538,3.096996094531924,0.2749218380520556,20,h1:h1_z;h2:h2_z
0.002511886431509582,1.0000009144594721,1.000000002361558,0.5572556291099318,H1+H2,6521.372259642283,6521.347192080148,-0.025067562135635053,62,59,0.5572556291099318,bayes_h1h2_marginal_boundary,measured_graph,0.13173802965555073,3.098931257532079,0.2738258751306996,20,h1:h1_z;h2:h2_z
0.0031622776601683794,1.000000998080726,1.0000000027106604,1.3510139250738575,H1+H2,6521.002771368396,6520.950312932166,-0.05245843623006681,62,59,1.3510139250738575,bayes_h1h2_marginal_boundary,measured_graph,0.08858266455414712,3.1014015079440838,0.2727890065299179,20,h1:h1_z;h2:h2_z
0.003981071705534973,1.000001077041033,1.0000000068377635,2.603027636425395,H1+H2,6520.414155386814,6520.32430607649,-0.08984931032449865,62,59,2.603027636425395,bayes_h1h2_marginal_boundary,measured_graph,0.04736716765218467,3.105101531229805,0.27190575012489027,20,h1:h1_z;h2:h2_z
0.005011872336272725,1.000001148828405,1.0000000259323092,4.421359565894818,H1+H2,6519.552380296174,6519.415140111755,-0.13724018441893068,62,59,4.421359565894818,bayes_h1h2_marginal_boundary,measured_graph,0.019082341114165357,3.1110734252652654,0.271240880067953,20,h1:h1_z;h2:h2_z
0.006309573444801936,1.0000012221422012,1.0000000975605416,6.873919721472703,H1+H2,6518.38349109248,6518.188860033966,-0.19463105851336257,62,59,6.873919721472703,bayes_h1h2_marginal_boundary,measured_graph,0.005598413648785611,3.120608017004951,0.2707897381368087,20,h1:h1_z;h2:h2_z
0.00794328234724282,1.0000013099688945,1.0000003062497167,9.97147895656417,H1+H2,6516.902102349029,6516.6400804164205,-0.26202193260779433,62,59,9.97147895656417,bayes_h1h2_marginal_boundary,measured_graph,0.001189702960645834,3.1351455225875027,0.2704891828771974,20,h1:h1_z;h2:h2_z
0.01,1.0000014193289362,1.0000007934565565,13.715764127744478,H1+H2,6515.107350637532,6514.76793783083,-0.3394128067022262,62,59,13.715764127744478,bayes_h1h2_marginal_boundary,measured_graph,0.0001829689298990223,3.1561762426470805,0.2702983261625321,20,h1:h1_z;h2:h2_z
0.012589254117941675,1.000001542482056,1.0000017979053963,18.19058558568031,H1+H2,6512.9573307826595,6512.530527101862,-0.42680368079665804,62,59,18.19058558568031,bayes_h1h2_marginal_boundary,measured_graph,1.9529099347902496e-05,3.185048742505147,0.2703128577019357,20,h1:h1_z;h2:h2_z
0.01584893192461114,1.0000016502085889,1.0000000684919892,23.63936512629516,H1+H2,6510.330331886446,6509.806137331555,-0.5241945548910899,62,59,23.63936512629516,bayes_h1h2_marginal_boundary,measured_graph,1.2808396727265643e-06,3.2227080742161327,0.2708630974563388,20,h1:h1_z;h2:h2_z
0.01995262314968881,1.0000016921604968,1.0000001946922454,30.498726869491293,H1+H2,6507.008041888942,6506.376456459957,-0.6315854289855218,62,59,30.498726869491293,bayes_h1h2_marginal_boundary,measured_graph,4.149571896986865e-08,3.2696349596716745,0.27258010476460603,20,h1:h1_z;h2:h2_z
0.025118864315095822,1.00000161156735,1.0000006050774506,39.38599171211354,H1+H2,6502.681800341726,6501.932824038646,-0.7489763030799538,62,59,39.38599171211354,bayes_h1h2_marginal_boundary,measured_graph,4.87706174086015e-10,3.3262636679527473,0.2764566547699373,20,h1:h1_z;h2:h2_z
0.03162277660168379,1.000001373499714,1.0000020493806874,51.00892474999273,H1+H2,6496.99772469688,6496.121357519706,-0.8763671771743852,62,59,51.00892474999273,bayes_h1h2_marginal_boundary,measured_graph,1.4597228709631706e-12,3.393605554072112,0.28390383805025526,20,h1:h1_z;h2:h2_z
0.039810717055349734,1.0000009976344166,1.0000067847646215,65.88679598932686,H1+H2,6489.696179951308,6488.682421900039,-1.0137580512688171,62,59,65.88679598932686,bayes_h1h2_marginal_boundary,measured_graph,8.581865856099987e-16,3.473157925277502,0.29669782618506596,20,h1:h1_z;h2:h2_z
0.05011872336272725,1.0000005780245182,1.0000011448426078,83.83745453005577,H1+H2,6480.8682415550375,6479.707092629675,-1.1611489253632492,62,59,83.83745453005577,bayes_h1h2_marginal_boundary,measured_graph,1.0855397885213817e-19,3.5654449342433567,0.31644327256780713,20,h1:h1_z;h2:h2_z
0.06309573444801936,1.0000002470894904,1.0000016238316625,103.63384438626599,H1+H2,6471.127437501027,6469.80889770157,-1.3185397994576809,62,59,103.63384438626599,bayes_h1h2_marginal_boundary,measured_graph,5.456501868935233e-24,3.667869923843204,0.34310649161237583,20,h1:h1_z;h2:h2_z
0.07943282347242822,1.000002989033107,1.000000742950259,123.48549989428284,H1+H2,6461.369000621114,6459.883069947561,-1.4859306735521132,62,59,123.48549989428284,bayes_h1h2_marginal_boundary,measured_graph,2.6679770312887954e-28,3.7738037537261033,0.3736677411299722,20,h1:h1_z;h2:h2_z
0.1,1.000000863789425,1.0000029429184474,141.9495581052397,H1+H2,6452.3143623897295,6450.651040842083,-1.663321547646544,62,59,141.9495581052397,bayes_h1h2_marginal_boundary,measured_graph,2.610734986075051e-32,3.8743719118623674,0.40357691833889003,20,h1:h1_z;h2:h2_z
1e-05,1.0000001070224735,1.000000016764625,161.95985157108225,H1+H2,23580.750014900834,23578.382328316966,-2.3676865838692702,182,221,161.95985157108225,bayes_h1h2_marginal_boundary,measured_graph,3.4556684882622704e-36,0.24720599860351983,0.04570039264261971,21,h1:h1_z;h2:h2_z
1.2589254117941661e-05,1.0000001280153112,1.000000064224201,161.2535591344713,H1+H2,23580.890551993234,23578.73547453527,-2.155077457963703,182,221,161.2535591344713,bayes_h1h2_marginal_boundary,measured_graph,4.9192798169007975e-36,0.24720436939571444,0.04566464456030719,21,h1:h1_z;h2:h2_z
1.584893192461114e-05,1.000000160331128,1.0000002416749374,160.42927723639878,H1+H2,23581.100083816367,23579.147615484308,-1.952468332058134,182,221,160.42927723639878,bayes_h1h2_marginal_boundary,measured_graph,7.428345013779833e-36,0.247202123579986,0.04560995349761594,21,h1:h1_z;h2:h2_z
1.9952623149688786e-05,1.0000002093115103,1.0000008826205793,159.41500868822914,H1+H2,23581.414608964544,23579.654749758392,-1.7598592061525666,182,221,159.41500868822914,bayes_h1h2_marginal_boundary,measured_graph,1.233495823685517e-35,0.24719898772189577,0.045526337449437855,21,h1:h1_z;h2:h2_z
2.5118864315095822e-05,1.0000002818356406,1.0000000420037762,158.1015412451452,H1+H2,23581.888733560183,23580.311483479934,-1.5772500802469966,182,221,158.1015412451452,bayes_h1h2_marginal_boundary,measured_graph,2.378775817075155e-35,0.24719455126731474,0.0453991926511732,21,h1:h1_z;h2:h2_z
3.1622776601683795e-05,1.0000003856548976,1.000000203794839,156.32673686480848,H1+H2,23582.603526624443,23581.198885670103,-1.404640954341429,182,221,156.32673686480848,bayes_h1h2_marginal_boundary,measured_graph,5.77759891038758e-35,0.24718819255851154,0.04520794543582149,21,h1:h1_z;h2:h2_z
3.9810717055349695e-05,1.000000527613858,1.0000008522007324,153.85686628392432,H1+H2,23583.67585278898,23582.433820960545,-1.2420318284358616,182,221,153.85686628392432,bayes_h1h2_marginal_boundary,measured_graph,1.986428654393533e-34,0.24717896353690424,0.04492632827125639,21,h1:h1_z;h2:h2_z
5.011872336272725e-05,1.0000007111396323,1.0000028379538188,150.37552671606682,H1+H2,23585.263913447005,23584.174490744474,-1.089422702530293,182,221,150.37552671606682,bayes_h1h2_marginal_boundary,measured_graph,1.1324948957843537e-33,0.2471654098488398,0.04452648053881082,21,h1:h1_z;h2:h2_z
6.309573444801929e-05,1.0000000038825458,1.000006745496753,145.50307552373852,H1+H2,23587.557529917263,23586.610716340638,-0.9468135766247254,182,221,145.50307552373852,bayes_h1h2_marginal_boundary,measured_graph,1.2944211081848967e-32,0.247145405925072,0.043991919556990416,21,h1:h1_z;h2:h2_z
7.943282347242822e-05,1.0000000051883637,1.000010007275307,138.8953915211241,H1+H2,23590.728762792663,23589.914558341945,-0.8142044507191568,182,221,138.8953915211241,bayes_h1h2_marginal_boundary,measured_graph,3.523026716614579e-31,0.247115289785209,0.043341323061991656,21,h1:h1_z;h2:h2_z
0.0001,1.0000000069769033,1.0000081347216805,130.46796230834298,H1+H2,23594.81986827315,23594.128272948336,-0.6915953248135883,182,221,130.46796230834298,bayes_h1h2_marginal_boundary,measured_graph,2.3818200045011185e-29,0.24706979551250985,0.042648119709260975,21,h1:h1_z;h2:h2_z
0.00012589254117941674,1.0000000097155353,1.0000033521161966,120.66397552211856,H1+H2,23599.609252540355,23599.030266341448,-0.5789861989080206,182,221,120.66397552211856,bayes_h1h2_marginal_boundary,measured_graph,3.204923144920319e-27,0.24700066975952623,0.04201961898634108,21,h1:h1_z;h2:h2_z
0.00015848931924611142,1.0000000144766517,1.000000707094108,110.4527743112485,H1+H2,23604.612244019885,23604.135866946883,-0.47637707300245236,182,221,110.4527743112485,bayes_h1h2_marginal_boundary,measured_graph,5.286299796622006e-25,0.24689527806267644,0.04153303981395055,21,h1:h1_z;h2:h2_z
0.00019952623149688788,1.0000000236849882,1.000003937074375,100.88760317286506,H1+H2,23609.30222046317,23608.918452516074,-0.38376794709688455,182,221,100.88760317286506,bayes_h1h2_marginal_boundary,measured_graph,6.312513372352028e-23,0.24673454010694668,0.04119572557130719,21,h1:h1_z;h2:h2_z
0.0002511886431509582,1.000000042871418,1.0000005534261274,92.60008291928534,H1+H2,23613.363371464056,23613.062212642864,-0.30115882119131615,182,221,92.60008291928534,bayes_h1h2_marginal_boundary,measured_graph,3.979371346952331e-21,0.24649032823815353,0.04096641759107519,21,h1:h1_z;h2:h2_z
0.00031622776601683794,1.0000000842641517,1.0000000608946942,85.65488445333904,H1+H2,23616.763361571124,23616.534811875837,-0.22854969528574837,182,221,85.65488445333904,bayes_h1h2_marginal_boundary,measured_graph,1.2821686482948864e-19,0.24612287825329243,0.040793842939062346,21,h1:h1_z;h2:h2_z
0.00039810717055349735,1.000000171481632,1.0000000057117202,79.70836988859082,H1+H2,23619.67400972759,23619.50806915821,-0.16594056938017995,182,221,79.70836988859082,bayes_h1h2_marginal_boundary,measured_graph,2.5073466693193942e-18,0.24557997261621414,0.040638308821111864,21,h1:h1_z;h2:h2_z
0.0005011872336272725,1.000000335298232,1.0000000004928102,74.23588867014041,H1+H2,23622.35764121091,23622.244309767437,-0.11333144347461188,182,221,74.23588867014041,bayes_h1h2_marginal_boundary,measured_graph,3.868553274959304e-17,0.24480189714136352,0.04047421045221733,21,h1:h1_z;h2:h2_z
0.000630957344480193,1.000000571328689,1.000000085703511,68.69578431369882,H1+H2,23625.085084263228,23625.014361945658,-0.07072231756904392,182,221,68.69578431369882,bayes_h1h2_marginal_boundary,measured_graph,6.174004726423939e-16,0.24373860264701883,0.040286293659853846,21,h1:h1_z;h2:h2_z
0.0007943282347242822,1.000000757584517,1.0000000174060302,62.63394660400809,H1+H2,23628.083393992165,23628.045280800503,-0.03811319166347554,182,221,62.63394660400809,bayes_h1h2_marginal_boundary,measured_graph,1.2790228148481695e-14,0.2423832963182299,0.04006617091570457,21,h1:h1_z;h2:h2_z
0.001,1.0000006982219882,1.0000000039695482,55.77295615550247,H1+H2,23631.491280090515,23631.475776024756,-0.015504065757907535,182,221,55.77295615550247,bayes_h1h2_marginal_boundary,measured_graph,3.95114927279778e-13,0.24081013063514806,0.03981091691925234,21,h1:h1_z;h2:h2_z
0.0012589254117941675,1.0000004112306853,1.0000000010859145,48.09901742077636,H1+H2,23635.31564033197,23635.31274539212,-0.0028949398523394052,182,221,48.09901742077636,bayes_h1h2_marginal_boundary,measured_graph,1.8327281940443356e-11,0.23917519392960548,0.03952323383995567,21,h1:h1_z;h2:h2_z
0.001584893192461114,1.0000001516500336,1.0000000003703184,39.89241349268559,H1+H2,23639.41633317011,23639.416047356164,-0.0002858139467712683,182,221,39.89241349268559,bayes_h1h2_marginal_boundary,measured_graph,1.1095310528700412e-09,0.23764634845863553,0.03921154127386436,21,h1:h1_z;h2:h2_z
0.0019952623149688807,1.0000026046672066,1.0000000001553475,31.623941125028068,H1+H2,23643.557960228034,23643.550283539993,-0.007676688041203171,182,221,31.623941125028068,bayes_h1h2_marginal_boundary,measured_graph,6.928120345527178e-08,0.23630574176371444,0.03888825169179491,21,h1:h1_z;h2:h2_z
0.002511886431509582,1.0000007287505757,1.000000000076268,23.743382982931507,H1+H2,23647.515630173177,23647.49056261104,-0.025067562135635053,182,221,23.743382982931507,bayes_h1h2_marginal_boundary,measured_graph,3.563336863496592e-06,0.23512002189561465,0.03856595110843646,21,h1:h1_z;h2:h2_z
0.0031622776601683794,1.0000001908855884,1.000000000041663,16.526641730619303,H1+H2,23651.151391673426,23651.098933237197,-0.05245843623006681,182,221,16.526641730619303,bayes_h1h2_marginal_boundary,measured_graph,0.00013150804825640645,0.2339878838223473,0.038254309956142964,21,h1:h1_z;h2:h2_z
0.003981071705534973,1.0000000526775923,1.000000000024561,10.122495528950822,H1+H2,23654.390855648355,23654.30100633803,-0.08984931032449865,182,221,10.122495528950822,bayes_h1h2_marginal_boundary,measured_graph,0.003232920392637363,0.2328095510071862,0.03796209301412651,21,h1:h1_z;h2:h2_z
0.005011872336272725,1.0000000168212848,1.0000000000154865,4.782298553858709,H1+H2,23657.108345009998,23656.971104825578,-0.13724018441893068,182,221,4.782298553858709,bayes_h1h2_marginal_boundary,measured_graph,0.04668786881967438,0.2315230131843231,0.03770508330189027,21,h1:h1_z;h2:h2_z
0.006309573444801936,1.0000000066376347,1.000000000010439,1.0909346684929915,H1+H2,23659.011417826772,23658.81678676826,-0.19463105851336257,182,221,1.0909346684929915,bayes_h1h2_marginal_boundary,measured_graph,0.29564703849762697,0.2301096639899124,0.037514205728564655,21,h1:h1_z;h2:h2_z
0.00794328234724282,1.000000003348111,1.0000000000075209,-0.0,H1+H2,23659.624276035116,23659.362254102507,-0.26202193260779433,182,221,-0.0,bayes_h1h2_marginal_boundary,measured_graph,0.5101136987227255,0.22858335386651712,0.03743590722542758,21,h1:h1_z;h2:h2_z
0.01,1.0000000021264794,1.00000000000581,2.58613237515965,H1+H2,23658.40860072163,23658.069187914927,-0.3394128067022262,182,221,2.58613237515965,bayes_h1h2_marginal_boundary,measured_graph,0.13998950450300882,0.22697323460105728,0.03752163161016355,21,h1:h1_z;h2:h2_z
0.012589254117941675,1.0000000015843005,1.0000000000048581,9.608488758138265,H1+H2,23654.984813404233,23654.558009723438,-0.42680368079665804,182,221,9.608488758138265,bayes_h1h2_marginal_boundary,measured_graph,0.004180326110978985,0.2253024073649597,0.03780966350439921,21,h1:h1_z;h2:h2_z
0.01584893192461114,1.000000001261879,1.0000000000044056,21.080297548527597,H1+H2,23649.346299883135,23648.822105328243,-0.5241945548910899,182,221,21.080297548527597,bayes_h1h2_marginal_boundary,measured_graph,1.3493932557916983e-05,0.2235638307409978,0.038308000725896345,21,h1:h1_z;h2:h2_z
0.01995262314968881,1.0000000010056325,1.0000000000043237,36.145231582391716,H1+H2,23641.921223740297,23641.28963831131,-0.6315854289855218,182,221,36.145231582391716,bayes_h1h2_marginal_boundary,measured_graph,7.224863971243207e-09,0.22169864434271233,0.03899021579627679,21,h1:h1_z;h2:h2_z
0.025118864315095822,1.0000000007845276,1.000000000004478,53.337040587684896,H1+H2,23633.442710111744,23632.693733808665,-0.7489763030799538,182,221,53.337040587684896,bayes_h1h2_marginal_boundary,measured_graph,1.3355980681359327e-12,0.21957861906582432,0.03980859650034666,21,h1:h1_z;h2:h2_z
0.03162277660168379,1.0000000006038947,1.0000000000047329,70.94327784966299,H1+H2,23624.76698235485,23623.890615177675,-0.8763671771743852,182,221,70.94327784966299,bayes_h1h2_marginal_boundary,measured_graph,2.0069194282343697e-16,0.21699467647270174,0.040712862986737645,21,h1:h1_z;h2:h2_z
0.039810717055349734,1.000000000466387,1.000000000004962,87.19685926661623,H1+H2,23616.777582520466,23615.7638244692,-1.0137580512688171,182,221,87.19685926661623,bayes_h1h2_marginal_boundary,measured_graph,5.930749445911252e-20,0.21366723896922193,0.04165943706318825,21,h1:h1_z;h2:h2_z
0.05011872336272725,1.0000000003662877,1.0000000000050668,100.3450549146728,H1+H2,23610.350875570533,23609.18972664517,-1.1611489253632492,182,221,100.3450549146728,bayes_h1h2_marginal_boundary,measured_graph,8.279710815208229e-23,0.2092981194094232,0.04260986188680464,21,h1:h1_z;h2:h2_z
0.06309573444801936,1.0000000002933749,1.0000000000050966,108.81849973568751,H1+H2,23606.27154403412,23604.953004234663,-1.3185397994576809,182,221,108.81849973568751,bayes_h1h2_marginal_boundary,measured_graph,1.1968232137605074e-24,0.2036632414033168,0.04352863984527961,21,h1:h1_z;h2:h2_z
0.07943282347242822,1.0000000002356604,1.0000000000051366,111.60511561451858,H1+H2,23605.0456269688,23603.559696295248,-1.4859306735521132,182,221,111.60511561451858,bayes_h1h2_marginal_boundary,measured_graph,2.9711464194568456e-25,0.1967228144083701,0.04438832074600452,21,h1:h1_z;h2:h2_z
0.1,1.000000000182605,1.000000000005536,108.7336402293513,H1+H2,23606.658755535478,23604.99543398783,-1.663321547646544,182,221,108.7336402293513,bayes_h1h2_marginal_boundary,measured_graph,1.2486968378006179e-24,0.18871497537467893,0.04517949877066467,21,h1:h1_z;h2:h2_z
1e-05,1.0000000001727203,0.9999999944098884,2.51852766131924,H1+H2,36384.36251646065,36381.99482987678,-2.3676865838692702,285,311,2.51852766131924,bayes_h1h2_marginal_boundary,measured_graph,0.03609707564829094,0.05718478222550748,0.01472965394291922,22,h1:h1_z;h2:h2_z
1.2589254117941661e-05,1.000000000539269,0.9999999846275235,2.080939006758854,H1+H2,36384.368701662024,36382.21362420406,-2.155077457963703,285,311,2.080939006758854,bayes_h1h2_marginal_boundary,measured_graph,0.04492552785817651,0.05718358864697704,0.014724289966644346,22,h1:h1_z;h2:h2_z
1.584893192461114e-05,1.0000000017717054,0.9999999648317083,1.62828363366134,H1+H2,36384.39242022266,36382.43995189061,-1.952468332058134,285,311,1.62828363366134,bayes_h1h2_marginal_boundary,measured_graph,0.05633600599985735,0.057181210563099834,0.014716997584381542,22,h1:h1_z;h2:h2_z
1.9952623149688786e-05,1.0000000059674958,0.9999999375919537,1.1604860961961094,H1+H2,36384.433709865494,36382.67385065934,-1.7598592061525666,285,311,1.1604860961961094,bayes_h1h2_marginal_boundary,measured_graph,0.0711814775387805,0.05717684362633306,0.014708168628636616,22,h1:h1_z;h2:h2_z
2.5118864315095822e-05,1.000000020071589,0.9999999203433921,0.6989428805100033,H1+H2,36384.48187234743,36382.90462226718,-1.5772500802469966,285,311,0.6989428805100033,bayes_h1h2_marginal_boundary,measured_graph,0.08965816259514116,0.05716920545027948,0.014699060925578078,22,h1:h1_z;h2:h2_z
3.1622776601683795e-05,1.0000000656513863,0.9999999315329007,0.2971338016213849,H1+H2,36384.51016776097,36383.10552680663,-1.404640954341429,285,311,0.2971338016213849,bayes_h1h2_marginal_boundary,measured_graph,0.10960782686149449,0.05715628515626778,0.014691680271425504,22,h1:h1_z;h2:h2_z
3.9810717055349695e-05,1.0000002032887592,0.9999999618729297,0.03646930340619292,H1+H2,36384.47789088417,36383.235859055734,-1.2420318284358616,285,311,0.03646930340619292,bayes_h1h2_marginal_boundary,measured_graph,0.12486598398496727,0.057134998246247896,0.014688065571508051,22,h1:h1_z;h2:h2_z
5.011872336272725e-05,1.0000005802834218,0.9999999862573059,-0.0,H1+H2,36384.343516409965,36383.25409370744,-1.089422702530293,285,311,-0.0,bayes_h1h2_marginal_boundary,measured_graph,0.12716375759563173,0.05710076433805324,0.014689471283784655,22,h1:h1_z;h2:h2_z
6.309573444801929e-05,1.0000000085105571,0.9999999966818361,0.23727703295298852,H1+H2,36384.08226876758,36383.13545519096,-0.9468135766247254,285,311,0.23727703295298852,bayes_h1h2_marginal_boundary,measured_graph,0.11293779374130129,0.05704716631437714,0.014696198926290408,22,h1:h1_z;h2:h2_z
7.943282347242822e-05,1.000000027881387,0.9999999994314499,0.7457782758428948,H1+H2,36383.695409020234,36382.881204569516,-0.8142044507191568,285,311,0.7457782758428948,bayes_h1h2_marginal_boundary,measured_graph,0.08758296782557205,0.05696583467671929,0.014708117509619138,22,h1:h1_z;h2:h2_z
0.0001,1.0000000744172504,0.9999999999260134,1.4792288395547075,H1+H2,36383.20607461248,36382.51447928766,-0.6915953248135883,285,311,1.4792288395547075,bayes_h1h2_marginal_boundary,measured_graph,0.060694996577866825,0.05684771928041227,0.014725284901522279,22,h1:h1_z;h2:h2_z
0.00012589254117941674,1.0000001518036223,0.9999999999921511,2.379967107466655,H1+H2,36382.643096352615,36382.064110153704,-0.5789861989080206,285,311,2.379967107466655,bayes_h1h2_marginal_boundary,measured_graph,0.03868655532338858,0.05668643910978755,0.014748288632649554,22,h1:h1_z;h2:h2_z
0.00015848931924611142,1.0000002171672968,0.9999999999992771,3.433379998692544,H1+H2,36382.0137807811,36381.53740370809,-0.47637707300245236,285,311,3.433379998692544,bayes_h1h2_marginal_boundary,measured_graph,0.022846220215634615,0.056484694962604984,0.014778356117632698,22,h1:h1_z;h2:h2_z
0.00019952623149688788,1.0000001972402348,0.9999999970762242,4.749942415088299,H1+H2,36381.26289044699,36380.87912249989,-0.38376794709688455,285,311,4.749942415088299,bayes_h1h2_marginal_boundary,measured_graph,0.011828412523008803,0.05626121398761063,0.014817413851184309,22,h1:h1_z;h2:h2_z
0.0002511886431509582,1.0000001041340596,0.999999999440607,6.660915107146138,H1+H2,36380.22479497505,36379.923636153864,-0.30115882119131615,285,311,6.660915107146138,bayes_h1h2_marginal_boundary,measured_graph,0.004549503618478045,0.05605073830579513,0.014868207069956285,22,h1:h1_z;h2:h2_z
0.00031622776601683794,1.0000022225727194,0.9999999998900527,9.768481671897462,H1+H2,36378.59840256677,36378.36985287149,-0.22854969528574837,285,311,9.768481671897462,bayes_h1h2_marginal_boundary,measured_graph,0.0009619766026286283,0.05589093354739276,0.014934520578353925,22,h1:h1_z;h2:h2_z
0.00039810717055349735,1.0000005558208784,0.9999999999759422,14.887288122525206,H1+H2,36375.976390215554,36375.810449646175,-0.16594056938017995,285,311,14.887288122525206,bayes_h1h2_marginal_boundary,measured_graph,7.440974418295433e-05,0.0558049763408635,0.015021510019278395,22,h1:h1_z;h2:h2_z
0.0005011872336272725,1.0000000974887926,0.9999999999934127,22.917902309942292,H1+H2,36371.90847399594,36371.795142552466,-0.11333144347461188,285,311,22.917902309942292,bayes_h1h2_marginal_boundary,measured_graph,1.342159400424575e-06,0.05579566143565603,0.015136137800259434,22,h1:h1_z;h2:h2_z
0.000630957344480193,1.000000013042766,0.9999999999974609,34.76828111066425,H1+H2,36365.940675469676,36365.869953152105,-0.07072231756904392,285,311,34.76828111066425,bayes_h1h2_marginal_boundary,measured_graph,3.585312676990707e-09,0.055855515342236324,0.015287670326556813,22,h1:h1_z;h2:h2_z
0.0007943282347242822,1.000000001469031,0.9999999999985802,51.381487420236226,H1+H2,36357.601463188985,36357.56334999732,-0.03811319166347554,285,311,51.381487420236226,bayes_h1h2_marginal_boundary,measured_graph,8.851464323072701e-13,0.05597908608589776,0.01548810151587066,22,h1:h1_z;h2:h2_z
0.001,1.000000000156193,0.9999999999989381,73.7988010400295,H1+H2,36346.37019725318,36346.35469318742,-0.015504065757907535,285,311,73.7988010400295,bayes_h1h2_marginal_boundary,measured_graph,1.1999338948439712e-17,0.05616989144116128,0.01575217932026466,22,h1:h1_z;h2:h2_z
0.0012589254117941675,1.0000000555805164,0.999999999999054,103.1472055426857,H1+H2,36331.68338587595,36331.680490936094,-0.0028949398523394052,285,311,103.1472055426857,bayes_h1h2_marginal_boundary,measured_graph,5.0843127465386344e-24,0.056442433599770504,0.016096408340939235,22,h1:h1_z;h2:h2_z
0.001584893192461114,1.0000000158186877,0.9999999999990775,140.4655974759371,H1+H2,36313.02158078342,36313.02129496947,-0.0002858139467712683,285,311,140.4655974759371,bayes_h1h2_marginal_boundary,measured_graph,4.005404782106995e-32,0.05682241988988386,0.016536089021688544,22,h1:h1_z;h2:h2_z
0.0019952623149688807,1.0000000061153023,0.9999999999990609,186.3432878209278,H1+H2,36290.09012648502,36290.08244979697,-0.007676688041203171,285,311,186.3432878209278,bayes_h1h2_marginal_boundary,measured_graph,4.3695079348578975e-42,0.05734643425683939,0.017079570478787068,22,h1:h1_z;h2:h2_z
0.002511886431509582,1.0000000033289707,0.9999999999990313,240.45686951841344,H1+H2,36263.050726510366,36263.02565894823,-0.025067562135635053,285,311,240.45686951841344,bayes_h1h2_marginal_boundary,measured_graph,7.759211120005171e-54,0.05805997201626641,0.01772028923824632,22,h1:h1_z;h2:h2_z
0.0031622776601683794,1.0000000023734528,0.9999999999990045,301.24553020381427,H1+H2,36232.68378704176,36232.63132860553,-0.05245843623006681,285,311,301.24553020381427,bayes_h1h2_marginal_boundary,measured_graph,4.894717368284856e-67,0.05901080929337002,0.01843027658124294,22,h1:h1_z;h2:h2_z
0.003981071705534973,1.000000001984585,0.9999999999989978,366.0035377846216,H1+H2,36200.34217412545,36200.25232481513,-0.08984931032449865,285,311,366.0035377846216,bayes_h1h2_marginal_boundary,measured_graph,4.243311790274202e-81,0.06023418113200842,0.019161506820498955,22,h1:h1_z;h2:h2_z
0.005011872336272725,1.0000000017877746,0.999999999999017,431.42188683770655,H1+H2,36167.680390473004,36167.543150288584,-0.13724018441893068,285,311,431.42188683770655,bayes_h1h2_marginal_boundary,measured_graph,2.6441795346315364e-95,0.061729390634708614,0.019858705107802875,22,h1:h1_z;h2:h2_z
0.006309573444801936,1.0000000016515527,0.9999999999990556,494.2670599042467,H1+H2,36136.315194813826,36136.120563755314,-0.19463105851336257,285,311,494.2670599042467,bayes_h1h2_marginal_boundary,measured_graph,5.965337243434238e-109,0.06343685677177031,0.020477940526298213,22,h1:h1_z;h2:h2_z
0.00794328234724282,1.0000000015254604,0.9999999999990993,551.8889340781607,H1+H2,36107.57164860096,36107.30962666836,-0.26202193260779433,285,311,551.8889340781607,bayes_h1h2_marginal_boundary,measured_graph,1.8331753368593536e-121,0.06523509209805255,0.02099885487115214,22,h1:h1_z;h2:h2_z
0.01,1.000000001391712,0.9999999999991347,602.5397681500617,H1+H2,36082.32362243911,36081.98420963241,-0.3394128067022262,285,311,602.5397681500617,bayes_h1h2_marginal_boundary,measured_graph,1.838718031792809e-132,0.06697209370644785,0.021423777014224665,22,h1:h1_z;h2:h2_z
0.012589254117941675,1.0000000012469799,0.9999999999991548,645.5511261927168,H1+H2,36060.90533429188,36060.47853061108,-0.42680368079665804,285,311,645.5511261927168,bayes_h1h2_marginal_boundary,measured_graph,8.408478277323861e-142,0.06851815059059353,0.021767997050282498,22,h1:h1_z;h2:h2_z
0.01584893192461114,1.0000000010938066,0.9999999999991581,681.2774347443192,H1+H2,36043.13957089017,36042.61537633528,-0.5241945548910899,285,311,681.2774347443192,bayes_h1h2_marginal_boundary,measured_graph,1.4684125079948965e-149,0.06980505538469829,0.022049735398551207,22,h1:h1_z;h2:h2_z
0.01995262314968881,1.000000000936836,0.9999999999991476,710.7807172768516,H1+H2,36028.495320498,36027.86373506901,-0.6315854289855218,285,311,710.7807172768516,bayes_h1h2_marginal_boundary,measured_graph,5.758265353282473e-156,0.07082991057816425,0.02228462248219081,22,h1:h1_z;h2:h2_z
0.025118864315095822,1.0000000007823362,0.9999999999991318,735.4212987979263,H1+H2,36016.29242061156,36015.543444308474,-0.7489763030799538,285,311,735.4212987979263,bayes_h1h2_marginal_boundary,measured_graph,2.5683687759018193e-161,0.07163220610746826,0.02248463102858935,22,h1:h1_z;h2:h2_z
0.03162277660168379,1.0000000006394407,0.9999999999991261,756.5191552501346,H1+H2,36005.870883259544,36004.99451608237,-0.8763671771743852,285,311,756.5191552501346,bayes_h1h2_marginal_boundary,measured_graph,6.734666011848935e-166,0.07226572347788672,0.02265889666075551,22,h1:h1_z;h2:h2_z
0.039810717055349734,1.0000000005213818,0.9999999999991485,775.1287478655868,H1+H2,35996.70347782591,35995.689719774644,-1.0137580512688171,285,311,775.1287478655868,bayes_h1h2_marginal_boundary,measured_graph,6.127655925637961e-170,0.0727798257876983,0.0228138671228009,22,h1:h1_z;h2:h2_z
0.05011872336272725,1.0000000004465697,0.999999999999207,791.9502179967385,H1+H2,35988.44013363443,35987.27898470907,-1.1611489253632492,285,311,791.9502179967385,bayes_h1h2_marginal_boundary,measured_graph,1.3631967545930874e-173,0.0732145850914657,0.02295244968251064,22,h1:h1_z;h2:h2_z
0.06309573444801936,1.0000000004435456,0.9999999999992828,807.4222772887151,H1+H2,35980.86149486254,35979.54295506308,-1.3185397994576809,285,311,807.4222772887151,bayes_h1h2_marginal_boundary,measured_graph,5.954476099430099e-177,0.07360679271263668,0.023074105633099893,22,h1:h1_z;h2:h2_z
0.07943282347242822,1.0000000005740861,0.9999999999992819,821.9240433120867,H1+H2,35973.77800272495,35972.292072051394,-1.4859306735521132,285,311,821.9240433120867,bayes_h1h2_marginal_boundary,measured_graph,4.22498406687165e-180,0.07399689635256597,0.023177201622654263,22,h1:h1_z;h2:h2_z
0.1,1.000000001010406,0.9999999999988903,835.8705520161748,H1+H2,35966.982139247,35965.31881769935,-1.663321547646544,285,311,835.8705520161748,bayes_h1h2_marginal_boundary,measured_graph,3.9571197176099905e-183,0.07442649820925891,0.023261902562522745,22,h1:h1_z;h2:h2_z
1e-05,1.0000000000009923,0.9999991511593949,14.195467445497343,H1+H2,28002.89300059933,28000.525314015464,-2.3676865838692702,217,242,14.195467445497343,bayes_h1h2_marginal_boundary,measured_graph,0.00012958003333377619,0.06051302750925781,0.017759813407467188,23,h1:h1_z;h2:h2_z
1.2589254117941661e-05,1.0000000000035145,0.9999982984305407,12.562579271609138,H1+H2,28003.49683556037,28001.341758102408,-2.155077457963703,217,242,12.562579271609138,bayes_h1h2_marginal_boundary,measured_graph,0.00029316711219272234,0.060512803553612375,0.017711355705427624,23,h1:h1_z;h2:h2_z
1.584893192461114e-05,1.0000000000123168,0.999997488616873,10.597140045858396,H1+H2,28004.276946047343,28002.324477715283,-1.952468332058134,217,242,10.597140045858396,bayes_h1h2_marginal_boundary,measured_graph,0.0007832582071352179,0.06051232646825617,0.017655275630441086,23,h1:h1_z;h2:h2_z
1.9952623149688786e-05,1.0000000000418232,0.9999974814996159,8.368484966325923,H1+H2,28005.1986644612,28003.43880525505,-1.7598592061525666,217,242,8.368484966325923,bayes_h1h2_marginal_boundary,measured_graph,0.0023869936064610945,0.0605114198383303,0.01759823342927586,23,h1:h1_z;h2:h2_z
2.5118864315095822e-05,1.0000000001346268,0.9999983831564173,6.058356958339573,H1+H2,28006.17111933929,28004.593869259043,-1.5772500802469966,217,242,6.058356958339573,bayes_h1h2_marginal_boundary,measured_graph,0.007576858538079322,0.06050980348875396,0.017548438163578952,23,h1:h1_z;h2:h2_z
3.1622776601683795e-05,1.0000000004020566,0.9999993488592087,3.9189436712986208,H1+H2,28007.068216856904,28005.663575902563,-1.404640954341429,217,242,3.9189436712986208,bayes_h1h2_marginal_boundary,measured_graph,0.022082938932619346,0.060507044165636015,0.017511541341204532,23,h1:h1_z;h2:h2_z
3.9810717055349695e-05,1.0000000010918524,0.999999831541648,2.176524448848795,H1+H2,28007.776817342223,28006.534785513788,-1.2420318284358616,217,242,2.176524448848795,bayes_h1h2_marginal_boundary,measured_graph,0.05277380380877232,0.06050249735256877,0.017488274500751,23,h1:h1_z;h2:h2_z
5.011872336272725e-05,1.0000000026447957,0.9999999703544732,0.9519132464047289,H1+H2,28008.23651381754,28007.14709111501,-1.089422702530293,217,242,0.9519132464047289,bayes_h1h2_marginal_boundary,measured_graph,0.09735075904212606,0.06049526096156519,0.017475707348200024,23,h1:h1_z;h2:h2_z
6.309573444801929e-05,1.0000000055863298,0.9999999961825373,0.24970984026003862,H1+H2,28008.445006394708,28007.498192818082,-0.9468135766247254,217,242,0.24970984026003862,bayes_h1h2_marginal_boundary,measured_graph,0.13829958416465807,0.06048419589090911,0.01746999554354337,23,h1:h1_z;h2:h2_z
7.943282347242822e-05,1.0000000099566395,0.9999999996127463,-0.0,H1+H2,28008.43725218893,28007.623047738212,-0.8142044507191568,217,242,-0.0,bayes_h1h2_marginal_boundary,measured_graph,0.15669122546423875,0.06046811719044604,0.01746812185760904,23,h1:h1_z;h2:h2_z
0.0001,1.0000000142760683,0.9999999999671179,0.10841405255632708,H1+H2,28008.260436036748,28007.568840711934,-0.6915953248135883,217,242,0.10841405255632708,bayes_h1h2_marginal_boundary,measured_graph,0.1484235670523257,0.06044627279439769,0.017468246523017903,23,h1:h1_z;h2:h2_z
0.00012589254117941674,1.0000000155021096,0.9999999999975256,0.48953244511358207,H1+H2,28007.957267714562,28007.378281515656,-0.5789861989080206,217,242,0.48953244511358207,bayes_h1h2_marginal_boundary,measured_graph,0.12267160777650318,0.06041907008472294,0.017469396792381114,23,h1:h1_z;h2:h2_z
0.00015848931924611142,1.0000000119954278,0.9999999952870382,1.0813198388714227,H1+H2,28007.55876489178,28007.082387818777,-0.47637707300245236,217,242,1.0813198388714227,bayes_h1h2_marginal_boundary,measured_graph,0.09125129942154896,0.06038858455970739,0.01747107516754695,23,h1:h1_z;h2:h2_z
0.00019952623149688788,1.0000000063433674,0.9999999992301308,1.8454758493462577,H1+H2,28007.084077760635,28006.70030981354,-0.38376794709688455,217,242,1.8454758493462577,bayes_h1h2_marginal_boundary,measured_graph,0.06227370258934871,0.06035806042841024,0.017472977139864475,23,h1:h1_z;h2:h2_z
0.0002511886431509582,1.000000002282008,0.9999999998769109,2.757152550628234,H1+H2,28006.54563028409,28006.2444714629,-0.30115882119131615,217,242,2.757152550628234,bayes_h1h2_marginal_boundary,measured_graph,0.039476315193795734,0.06033025376003674,0.01747481476483627,23,h1:h1_z;h2:h2_z
0.00031622776601683794,1.0000000005804475,0.9999999999802291,3.788167783372046,H1+H2,28005.957513541813,28005.728963846526,-0.22854969528574837,217,242,3.788167783372046,bayes_h1h2_marginal_boundary,measured_graph,0.02357515163082164,0.06030583519173933,0.01747620010565937,23,h1:h1_z;h2:h2_z
0.00039810717055349735,1.0000000001121876,0.9999999999966652,4.891666524315951,H1+H2,28005.343155045433,28005.177214476054,-0.16594056938017995,217,242,4.891666524315951,bayes_h1h2_marginal_boundary,measured_graph,0.013577905687480386,0.060283149791770595,0.017476565469057164,23,h1:h1_z;h2:h2_z
0.0005011872336272725,1.0000000570480942,0.9999999999993561,5.996217637999507,H1+H2,28004.738270362686,28004.624938919213,-0.11333144347461188,217,242,5.996217637999507,bayes_h1h2_marginal_boundary,measured_graph,0.007815964189458863,0.060259065390515745,0.017475139596484963,23,h1:h1_z;h2:h2_z
0.000630957344480193,1.0000000155457216,0.9999999999998357,7.013627700856887,H1+H2,28004.186956205354,28004.116233887784,-0.07072231756904392,217,242,7.013627700856887,bayes_h1h2_marginal_boundary,measured_graph,0.004699533749704558,0.06022976894046803,0.017471073393063894,23,h1:h1_z;h2:h2_z
0.0007943282347242822,1.0000000042301278,0.9999999999999382,7.866319273576664,H1+H2,28003.728001293086,28003.689888101424,-0.03811319166347554,217,242,7.866319273576664,bayes_h1h2_marginal_boundary,measured_graph,0.0030682811390579314,0.060190923288824534,0.017463926941645835,23,h1:h1_z;h2:h2_z
0.001,1.0000000012127528,0.9999999999999653,8.548485966312,H1+H2,28003.364308820815,28003.348804755056,-0.015504065757907535,217,242,8.548485966312,bayes_h1h2_marginal_boundary,measured_graph,0.0021815468052293423,0.06013744351332692,0.017454863649431974,23,h1:h1_z;h2:h2_z
0.0012589254117941675,1.0000000003865368,0.9999999999999762,9.238293014044757,H1+H2,28003.00679617104,28003.00390123119,-0.0028949398523394052,217,242,9.238293014044757,bayes_h1h2_marginal_boundary,measured_graph,0.0015451649138520796,0.06006332478701388,0.017448866300887832,23,h1:h1_z;h2:h2_z
0.001584893192461114,1.0000000001440785,0.9999999999999808,10.452537640107039,H1+H2,28002.397064732104,28002.39677891816,-0.0002858139467712683,217,242,10.452537640107039,bayes_h1h2_marginal_boundary,measured_graph,0.0008419861885509819,0.05996214543251446,0.017457692252080024,23,h1:h1_z;h2:h2_z
0.0019952623149688807,1.0000000000651603,0.999999999999984,13.167992533512006,H1+H2,28001.046728159497,28001.039051471456,-0.007676688041203171,217,242,13.167992533512006,bayes_h1h2_marginal_boundary,measured_graph,0.000216596497539674,0.059829118964685346,0.01750189449499901,23,h1:h1_z;h2:h2_z
0.002511886431509582,1.0000000000361131,0.9999999999999883,18.7756497268565,H1+H2,27998.26029043692,27998.235222874784,-0.025067562135635053,217,242,18.7756497268565,bayes_h1h2_marginal_boundary,measured_graph,1.3120915598958496e-05,0.059665816893654834,0.01760909858952007,23,h1:h1_z;h2:h2_z
0.0031622776601683794,1.0000000000240576,0.99999999999999,28.800743363208312,H1+H2,27993.275134492837,27993.222676056608,-0.05245843623006681,217,242,28.800743363208312,bayes_h1h2_marginal_boundary,measured_graph,8.730572405995709e-08,0.05948801884136527,0.017807141645082913,23,h1:h1_z;h2:h2_z
0.003981071705534973,1.0000000000185902,0.9999999999999916,44.51168012514245,H1+H2,27985.457056985964,27985.36720767564,-0.08984931032449865,217,242,44.51168012514245,bayes_h1h2_marginal_boundary,measured_graph,3.3842009873805164e-11,0.05933432758768287,0.01811472048300359,23,h1:h1_z;h2:h2_z
0.005011872336272725,1.0000000000161253,0.999999999999992,66.62440391094424,H1+H2,27974.44808596716,27974.31084578274,-0.13724018441893068,217,242,66.62440391094424,bayes_h1h2_marginal_boundary,measured_graph,5.342434273082017e-16,0.05926876741772175,0.018534604281894962,23,h1:h1_z;h2:h2_z
0.006309573444801936,1.0000000000154021,0.9999999999999925,95.15416268599802,H1+H2,27960.240597453725,27960.045966395213,-0.19463105851336257,217,242,95.15416268599802,bayes_h1h2_marginal_boundary,measured_graph,3.408637242948599e-22,0.05936962788300978,0.019052149306639295,23,h1:h1_z;h2:h2_z
0.00794328234724282,1.000000000016069,0.999999999999988,129.3187370800515,H1+H2,27943.225701130796,27942.963679198187,-0.26202193260779433,217,242,129.3187370800515,bayes_h1h2_marginal_boundary,measured_graph,1.299683833453406e-29,0.05970431258071292,0.019637938522007646,23,h1:h1_z;h2:h2_z
0.01,1.0000000000182034,0.999999999999992,167.51137099823973,H1+H2,27924.206775045794,27923.867362239092,-0.3394128067022262,217,242,167.51137099823973,bayes_h1h2_marginal_boundary,measured_graph,6.613214919460551e-38,0.06030041973016069,0.020253268331865994,23,h1:h1_z;h2:h2_z
0.012589254117941675,1.0000000000221012,0.9999999999999923,207.5407701187578,H1+H2,27904.27946635963,27903.852662678833,-0.42680368079665804,217,242,207.5407701187578,bayes_h1h2_marginal_boundary,measured_graph,1.3431949826428564e-46,0.06112700292255658,0.020859711284091347,23,h1:h1_z;h2:h2_z
0.01584893192461114,1.0000000000281124,0.9999999999999885,247.21128848657827,H1+H2,27884.541598049815,27884.017403494923,-0.5241945548910899,217,242,247.21128848657827,bayes_h1h2_marginal_boundary,measured_graph,3.264340476889941e-55,0.06209832665830895,0.02143141882952056,23,h1:h1_z;h2:h2_z
0.01995262314968881,1.000000000036548,0.9999999999999889,285.0105174750788,H1+H2,27865.74937442966,27865.117789000673,-0.6315854289855218,217,242,285.0105174750788,bayes_h1h2_marginal_boundary,measured_graph,2.0220745596687262e-63,0.06310607978079151,0.021963100328184364,23,h1:h1_z;h2:h2_z
0.025118864315095822,1.0000000000476703,0.9999999999999823,320.5832158136036,H1+H2,27848.08041613449,27847.33143983141,-0.7489763030799538,217,242,320.5832158136036,bayes_h1h2_marginal_boundary,measured_graph,3.813149807899787e-71,0.06406863829570887,0.022468893928710775,23,h1:h1_z;h2:h2_z
0.03162277660168379,1.000000000062126,1.000000000000001,354.8474650062708,H1+H2,27831.07568241225,27830.199315235077,-0.8763671771743852,217,242,354.8474650062708,bayes_h1h2_marginal_boundary,measured_graph,1.3832373027293334e-78,0.06497146035157862,0.022975525183472175,23,h1:h1_z;h2:h2_z
0.039810717055349734,1.0000000000814673,0.9999999999999722,389.80282749321486,H1+H2,27813.735392042872,27812.721633991605,-1.0137580512688171,217,242,389.80282749321486,bayes_h1h2_marginal_boundary,measured_graph,3.551699154084149e-86,0.0658825974973863,0.023514935067590437,23,h1:h1_z;h2:h2_z
0.05011872336272725,1.0000000001097125,0.9999999999999772,428.0966634689685,H1+H2,27794.73586492909,27793.574716003728,-1.1611489253632492,217,242,428.0966634689685,bayes_h1h2_marginal_boundary,measured_graph,1.718048201648572e-94,0.06694688234748909,0.024116494766614777,23,h1:h1_z;h2:h2_z
0.06309573444801936,1.0000000001562568,0.9999999999999798,472.34356186172954,H1+H2,27772.769806606804,27771.451266807348,-1.3185397994576809,217,242,472.34356186172954,bayes_h1h2_marginal_boundary,measured_graph,4.2358779449248477e-104,0.06836465015018806,0.024796855005230642,23,h1:h1_z;h2:h2_z
0.07943282347242822,1.0000000002424236,0.9999999999999861,524.2763647610773,H1+H2,27746.970796031226,27745.484865357674,-1.4859306735521132,217,242,524.2763647610773,bayes_h1h2_marginal_boundary,measured_graph,2.238095289215387e-115,0.0703518602639996,0.02555030544634474,23,h1:h1_z;h2:h2_z
0.1,1.0000000004160106,0.999999999999992,584.0318167062505,H1+H2,27717.270460932734,27715.607139385087,-1.663321547646544,217,242,584.0318167062505,bayes_h1h2_marginal_boundary,measured_graph,2.366720929711704e-128,0.07307938775898061,0.026347768645912317,23,h1:h1_z;h2:h2_z
1e-05,1.0000000168800245,1.0000025178344574,189.82212990413973,H1+H2,22557.11313666036,22554.74545007649,-2.3676865838692702,172,210,189.82212990413973,bayes_h1h2_marginal_boundary,measured_graph,4.2341470286030336e-42,0.18924268960754728,0.04011048204206189,24,h1:h1_z;h2:h2_z
1.2589254117941661e-05,1.0000000317753217,1.0000001512834997,187.9795066040897,H1+H2,22557.82183918448,22555.666761726516,-2.155077457963703,172,210,187.9795066040897,bayes_h1h2_marginal_boundary,measured_graph,1.0638649485811561e-41,0.1892233079988081,0.03994055620278199,24,h1:h1_z;h2:h2_z
1.584893192461114e-05,1.0000000631829074,1.000000468455947,185.47021016791405,H1+H2,22558.873878276663,22556.921409944604,-1.952468332058134,172,210,185.47021016791405,bayes_h1h2_marginal_boundary,measured_graph,3.730553719573987e-41,0.18919591253582402,0.039702582545107855,24,h1:h1_z;h2:h2_z
1.9952623149688786e-05,1.0000001324134453,1.0000010148480512,182.08102736359433,H1+H2,22560.375860552915,22558.616001346763,-1.7598592061525666,172,210,182.08102736359433,bayes_h1h2_marginal_boundary,measured_graph,2.031070475894168e-40,0.18915669589462245,0.03939237380286649,24,h1:h1_z;h2:h2_z
2.5118864315095822e-05,1.0000002894149025,1.000001356351397,177.66999808241962,H1+H2,22562.3987660676,22560.82151598735,-1.5772500802469966,172,210,177.66999808241962,bayes_h1h2_marginal_boundary,measured_graph,1.8431803482117577e-39,0.18909987962840094,0.03902779742045751,24,h1:h1_z;h2:h2_z
3.1622776601683795e-05,1.0000000014142323,1.0000009987386,172.30413250761922,H1+H2,22564.90908972909,22563.50444877475,-1.404640954341429,172,210,172.30413250761922,bayes_h1h2_marginal_boundary,measured_graph,2.6961915064885037e-38,0.1890167293155022,0.03865467739332787,24,h1:h1_z;h2:h2_z
3.9810717055349695e-05,1.0000000045699748,1.0000003816770886,166.3626780939885,H1+H2,22567.71720781,22566.475175981566,-1.2420318284358616,172,210,166.3626780939885,bayes_h1h2_marginal_boundary,measured_graph,5.259217954859363e-37,0.1888938153671534,0.03833051276287,24,h1:h1_z;h2:h2_z
5.011872336272725e-05,1.0000000151351638,1.0000035931318425,160.45289575104835,H1+H2,22570.519489855567,22569.430067153036,-1.089422702530293,172,210,160.45289575104835,bayes_h1h2_marginal_boundary,measured_graph,1.0097505532756947e-35,0.18871095053611828,0.038092460083371284,24,h1:h1_z;h2:h2_z
6.309573444801929e-05,1.0000000503405884,1.0000007039382628,155.1344837759898,H1+H2,22573.03608671719,22572.089273140566,-0.9468135766247254,172,210,155.1344837759898,bayes_h1h2_marginal_boundary,measured_graph,1.4424228261935559e-34,0.1884379136522819,0.037942104132461865,24,h1:h1_z;h2:h2_z
7.943282347242822e-05,1.0000001642848557,1.0000000998836098,150.67847643622372,H1+H2,22575.131481261167,22574.31727681045,-0.8142044507191568,172,210,150.67847643622372,bayes_h1h2_marginal_boundary,measured_graph,1.3387586376950501e-33,0.18803055552894302,0.03785708456326008,24,h1:h1_z;h2:h2_z
0.0001,1.0000005098135378,1.0000000112286351,147.0183181603934,H1+H2,22576.838951273177,22576.147355948364,-0.6915953248135883,172,210,147.0183181603934,bayes_h1h2_marginal_boundary,measured_graph,8.346330095539875e-33,0.18742704943908353,0.0378111107274794,24,h1:h1_z;h2:h2_z
0.00012589254117941674,1.0000014388620075,1.0000000010840024,143.84393685899704,H1+H2,22578.31353279797,22577.734546599062,-0.5789861989080206,172,210,143.84393685899704,bayes_h1h2_marginal_boundary,measured_graph,4.0813486711068486e-32,0.18654735963537938,0.03778386794105688,24,h1:h1_z;h2:h2_z
0.00015848931924611142,1.0000034660736,1.0000000000972433,140.71459179955855,H1+H2,22579.775596201784,22579.29921912878,-0.47637707300245236,172,210,140.71459179955855,bayes_h1h2_marginal_boundary,measured_graph,1.9513372897860967e-31,0.1853031583475246,0.03776199089814215,24,h1:h1_z;h2:h2_z
0.00019952623149688788,1.0000065256005317,1.000000028093727,137.139864932411,H1+H2,22581.47035050945,22581.086582562355,-0.38376794709688455,172,210,137.139864932411,bayes_h1h2_marginal_boundary,measured_graph,1.1656667812865523e-30,0.18363056887767112,0.03773635271236436,24,h1:h1_z;h2:h2_z
0.0002511886431509582,1.000008575819619,1.000000005743823,132.65030171147373,H1+H2,22583.632522994016,22583.331364172824,-0.30115882119131615,172,210,132.65030171147373,bayes_h1h2_marginal_boundary,measured_graph,1.1001975836976364e-29,0.1815542688429933,0.03769904103074101,24,h1:h1_z;h2:h2_z
0.00031622776601683794,1.0000069523619834,1.0000000012782317,126.90004567868164,H1+H2,22586.435041884506,22586.20649218922,-0.22854969528574837,172,210,126.90004567868164,bayes_h1h2_marginal_boundary,measured_graph,1.9503965456003606e-28,0.17925473616927426,0.03764089750687178,24,h1:h1_z;h2:h2_z
0.00039810717055349735,1.0000031504860372,1.0000000003260434,119.78757479048363,H1+H2,22589.928668202698,22589.76272763332,-0.16594056938017995,172,210,119.78757479048363,bayes_h1h2_marginal_boundary,measured_graph,6.83244821602613e-27,0.17704748910794724,0.03754952984571191,24,h1:h1_z;h2:h2_z
0.0005011872336272725,1.0000007728509372,1.0000000000994589,111.46175905066048,H1+H2,22594.038966946704,22593.92563550323,-0.11333144347461188,172,210,111.46175905066048,bayes_h1h2_marginal_boundary,measured_graph,4.390401776086994e-25,0.17522075815845967,0.03740768132916323,24,h1:h1_z;h2:h2_z
0.000630957344480193,1.0000001078759009,1.0000000000371887,102.09612183673744,H1+H2,22598.679176427762,22598.60845411019,-0.07072231756904392,172,210,102.09612183673744,bayes_h1h2_marginal_boundary,measured_graph,4.74489434217164e-23,0.17387114626425695,0.037192400213775005,24,h1:h1_z;h2:h2_z
0.0007943282347242822,1.0000008659371524,1.0000000000173574,91.59290684058942,H1+H2,22603.898174799928,22603.860061608266,-0.03811319166347554,172,210,91.59290684058942,bayes_h1h2_marginal_boundary,measured_graph,9.056715046940964e-21,0.1729068713772359,0.0368763646625208,24,h1:h1_z;h2:h2_z
0.001,1.000000110707582,1.0000000000105322,79.53303876199789,H1+H2,22609.90549971332,22609.88999564756,-0.015504065757907535,172,210,79.53303876199789,bayes_h1h2_marginal_boundary,measured_graph,3.764764227153569e-18,0.1721662767765678,0.036433726892056914,24,h1:h1_z;h2:h2_z
0.0012589254117941675,1.0000000131904156,1.0000000000087845,65.48409453169006,H1+H2,22616.917362702567,22616.914467762716,-0.0028949398523394052,172,210,65.48409453169006,bayes_h1h2_marginal_boundary,measured_graph,4.230846423642902e-15,0.1715128929267755,0.03585260414608055,24,h1:h1_z;h2:h2_z
0.001584893192461114,1.0000000018042958,1.0000000000098368,49.5271565706862,H1+H2,22624.893222557163,22624.892936743217,-0.0002858139467712683,172,210,49.5271565706862,bayes_h1h2_marginal_boundary,measured_graph,1.2343329240965892e-11,0.17087129487349315,0.03515235758926783,24,h1:h1_z;h2:h2_z
0.0019952623149688807,1.000000000373584,1.0000000000130886,32.72274916603783,H1+H2,22633.302817133583,22633.29514044554,-0.007676688041203171,172,210,32.72274916603783,bayes_h1h2_marginal_boundary,measured_graph,5.5012707172923265e-08,0.17023034525303357,0.0343957297895704,24,h1:h1_z;h2:h2_z
0.002511886431509582,1.000000000142181,1.000000000017932,17.170171055287938,H1+H2,22641.096497063052,22641.071429500917,-0.025067562135635053,172,210,17.170171055287938,bayes_h1h2_marginal_boundary,measured_graph,0.0001311180384610306,0.16963944515842222,0.033681867215654554,24,h1:h1_z;h2:h2_z
0.0031622776601683794,1.000000000091449,1.000000000023605,5.491755407660094,H1+H2,22646.96309576096,22646.91063732473,-0.05245843623006681,172,210,5.491755407660094,bayes_h1h2_marginal_boundary,measured_graph,0.04503997907657416,0.16919853745687963,0.033117767999910924,24,h1:h1_z;h2:h2_z
0.003981071705534973,1.0000000000770686,1.0000000000299891,-0.0,H1+H2,22649.746364338884,22649.65651502856,-0.08984931032449865,172,210,-0.0,bayes_h1h2_marginal_boundary,measured_graph,0.7016454525594431,0.16903266389033025,0.03278544847835151,24,h1:h1_z;h2:h2_z
0.005011872336272725,1.0000000000694391,1.0000000000380698,2.0531015259039123,H1+H2,22648.76720445003,22648.62996426561,-0.13724018441893068,172,210,2.0531015259039123,bayes_h1h2_marginal_boundary,measured_graph,0.2513578095705339,0.169252979927496,0.032725372573127305,24,h1:h1_z;h2:h2_z
0.006309573444801936,1.000000000060821,1.0000000000492093,11.903446957323467,H1+H2,22643.89942260841,22643.7047915499,-0.19463105851336257,172,210,11.903446957323467,bayes_h1h2_marginal_boundary,measured_graph,0.0018252276964820277,0.16992438693645673,0.0329404517835136,24,h1:h1_z;h2:h2_z
0.00794328234724282,1.0000000000507678,1.000000000064212,28.97664188399358,H1+H2,22635.430216019173,22635.168194086564,-0.26202193260779433,172,210,28.97664188399358,bayes_h1h2_marginal_boundary,measured_graph,3.5803037854686684e-07,0.1710567385151453,0.03341143177119286,24,h1:h1_z;h2:h2_z
0.01,1.0000000000411666,1.0000000000830676,52.30839927769557,H1+H2,22623.841728196414,22623.502315389713,-0.3394128067022262,172,210,52.30839927769557,bayes_h1h2_marginal_boundary,measured_graph,3.0725087835215096e-12,0.17261440867208144,0.034113169043392774,24,h1:h1_z;h2:h2_z
0.012589254117941675,1.0000000000334708,1.000000000104919,80.87329274935473,H1+H2,22609.64667233468,22609.219868653883,-0.42680368079665804,172,210,80.87329274935473,bayes_h1h2_marginal_boundary,measured_graph,1.9262175153975893e-18,0.17453250501359718,0.03502435744066797,24,h1:h1_z;h2:h2_z
0.01584893192461114,1.000000000028011,1.0000000001274891,113.68669774697628,H1+H2,22593.337360709964,22592.813166155072,-0.5241945548910899,172,210,113.68669774697628,bayes_h1h2_marginal_boundary,measured_graph,1.4433277651717223e-25,0.1767406221944652,0.03612645814015619,24,h1:h1_z;h2:h2_z
0.01995262314968881,1.0000000000244569,1.000000000146165,149.73671537124028,H1+H2,22575.419742771926,22574.78815734294,-0.6315854289855218,172,210,149.73671537124028,bayes_h1h2_marginal_boundary,measured_graph,2.1438929829855613e-33,0.17919472037655942,0.037393464310021246,24,h1:h1_z;h2:h2_z
0.025118864315095822,1.000000000022274,1.0000000001542828,187.91654974742414,H1+H2,22556.447216457927,22555.69824015485,-0.7489763030799538,172,210,187.91654974742414,bayes_h1h2_marginal_boundary,measured_graph,1.0978864068880791e-41,0.18189937826897526,0.038782224112856215,24,h1:h1_z;h2:h2_z
0.03162277660168379,1.0000000000208975,1.0000000001469447,227.09689832929143,H1+H2,22536.98443304109,22536.108065863915,-0.8763671771743852,172,210,227.09689832929143,bayes_h1h2_marginal_boundary,measured_graph,3.4092026234408027e-50,0.1848992883704511,0.04023464157933335,24,h1:h1_z;h2:h2_z
0.039810717055349734,1.0000000000198532,1.0000000001263294,266.3011591172035,H1+H2,22517.519693521226,22516.50593546996,-1.0137580512688171,172,210,266.3011591172035,bayes_h1h2_marginal_boundary,measured_graph,1.046057964166025e-58,0.188241776372553,0.04169251841041208,24,h1:h1_z;h2:h2_z
0.05011872336272725,1.000000060732141,1.0000000001024738,304.8133304059884,H1+H2,22498.41099875093,22497.249849825566,-1.1611489253632492,172,210,304.8133304059884,bayes_h1h2_marginal_boundary,measured_graph,4.5367412670415207e-67,0.19193128359010564,0.04311370834824143,24,h1:h1_z;h2:h2_z
0.06309573444801936,1.0000000570564505,1.0000000000895348,342.1177496835153,H1+H2,22479.91617998626,22478.597640186803,-1.3185397994576809,172,210,342.1177496835153,bayes_h1h2_marginal_boundary,measured_graph,3.5990865491665856e-75,0.1958969045773038,0.04447801182172821,24,h1:h1_z;h2:h2_z
0.07943282347242822,1.000000052772906,1.0000000001086695,377.74751077307155,H1+H2,22462.268690315577,22460.782759642025,-1.4859306735521132,172,210,377.74751077307155,bayes_h1h2_marginal_boundary,measured_graph,6.596111284691947e-83,0.1999923834569844,0.045780455443939605,24,h1:h1_z;h2:h2_z
0.1,1.0000000480630062,1.0000000002243064,411.20766097963497,H1+H2,22445.71600608639,22444.052684538743,-1.663321547646544,172,210,411.20766097963497,bayes_h1h2_marginal_boundary,measured_graph,3.5769154532276144e-90,0.20404340215387903,0.04701826761336966,24,h1:h1_z;h2:h2_z
1e-05,1.000000002989205,1.0000002616098247,194.51747856276052,H1+H2,28346.880945205823,28344.513258621955,-2.3676865838692702,226,252,194.51747856276052,bayes_h1h2_marginal_boundary,measured_graph,3.1286780114385227e-43,0.1449056200413758,0.03145873082069041,25,h1:h1_z;h2:h2_z
1.2589254117941661e-05,1.0000000045470996,1.0000008753159453,192.68976498771372,H1+H2,28347.58219286744,28345.42711540948,-2.155077457963703,226,252,192.68976498771372,bayes_h1h2_marginal_boundary,measured_graph,7.80268060757636e-43,0.14490108066976676,0.03133135670399403,25,h1:h1_z;h2:h2_z
1.584893192461114e-05,1.0000000070399495,1.0000026031191402,190.0800549509222,H1+H2,28348.684438759934,28346.731970427874,-1.952468332058134,226,252,190.0800549509222,bayes_h1h2_marginal_boundary,measured_graph,2.876968880020789e-42,0.14489501419550968,0.031134328255592075,25,h1:h1_z;h2:h2_z
1.9952623149688786e-05,1.0000000110585354,1.0000061786463725,186.2540331798955,H1+H2,28350.40484051954,28348.644981313388,-1.7598592061525666,226,252,186.2540331798955,bayes_h1h2_marginal_boundary,measured_graph,1.9487011236722208e-41,0.1448868206317896,0.03083499429232035,25,h1:h1_z;h2:h2_z
2.5118864315095822e-05,1.0000000176193002,1.0000082775173618,180.58134478025022,H1+H2,28353.05857559346,28351.48132551321,-1.5772500802469966,226,252,180.58134478025022,bayes_h1h2_marginal_boundary,measured_graph,3.323180037276022e-40,0.14487562667803783,0.030394189598046628,25,h1:h1_z;h2:h2_z
3.1622776601683795e-05,1.0000000285520039,0.9999892889355,172.2169509025407,H1+H2,28357.068163406406,28355.663522452065,-1.404640954341429,226,252,172.2169509025407,bayes_h1h2_marginal_boundary,measured_graph,2.17700247668116e-38,0.1448601484676056,0.029779737913600588,25,h1:h1_z;h2:h2_z
3.9810717055349695e-05,1.000000047326338,0.999990831585692,160.23056434375758,H1+H2,28362.89874755989,28361.656715731457,-1.2420318284358616,226,252,160.23056434375758,bayes_h1h2_marginal_boundary,measured_graph,8.723076744087923e-36,0.14483848360849047,0.028999272028754554,25,h1:h1_z;h2:h2_z
5.011872336272725e-05,1.0000000808356349,0.9999811137986971,144.07032090624853,H1+H2,28370.826260152742,28369.73683745021,-1.089422702530293,226,252,144.07032090624853,bayes_h1h2_marginal_boundary,measured_graph,2.817227823374567e-32,0.14480779910706967,0.028145921702211623,25,h1:h1_z;h2:h2_z
6.309573444801929e-05,1.0000001431942047,0.9999858125629206,124.4258715087417,H1+H2,28380.50587572559,28379.559062148965,-0.9468135766247254,226,252,124.4258715087417,bayes_h1h2_marginal_boundary,measured_graph,5.194693827761938e-28,0.14476387217305411,0.027379262646584464,25,h1:h1_z;h2:h2_z
7.943282347242822e-05,1.0000002635174439,0.999995683942503,103.54431299771386,H1+H2,28390.814045855197,28389.99984140448,-0.8142044507191568,226,252,103.54431299771386,bayes_h1h2_marginal_boundary,measured_graph,1.778004161094978e-23,0.14470043918118433,0.026815801047398335,25,h1:h1_z;h2:h2_z
0.0001,1.0000005005184547,0.9999993716154325,84.1031592366271,H1+H2,28400.412013609835,28399.720418285022,-0.6915953248135883,226,252,84.1031592366271,bayes_h1h2_marginal_boundary,measured_graph,2.961595033822863e-19,0.1446083359239632,0.02646060081389354,25,h1:h1_z;h2:h2_z
0.00012589254117941674,1.000000004185129,0.9999973675535246,67.78232690377627,H1+H2,28408.459820650354,28407.880834451447,-0.5789861989080206,226,252,67.78232690377627,bayes_h1h2_marginal_boundary,measured_graph,1.036452454280652e-15,0.14447459104894206,0.02625318665290952,25,h1:h1_z;h2:h2_z
0.00015848931924611142,1.0000000111060234,0.9999996826405554,54.925189338981,H1+H2,28414.785780306847,28414.309403233845,-0.47637707300245236,226,252,54.925189338981,bayes_h1h2_marginal_boundary,measured_graph,6.418615093051971e-13,0.1442815026909197,0.026129165054048324,25,h1:h1_z;h2:h2_z
0.00019952623149688788,1.0000000276021586,0.9999999683071154,44.999295745481504,H1+H2,28419.65611797769,28419.272350030595,-0.38376794709688455,226,252,44.999295745481504,bayes_h1h2_marginal_boundary,measured_graph,9.179557378313507e-11,0.1440074830531301,0.026043949163582814,25,h1:h1_z;h2:h2_z
0.0002511886431509582,1.0000000594410754,0.9999999971620143,37.14059332162287,H1+H2,28423.502860063716,28423.201701242524,-0.30115882119131615,226,252,37.14059332162287,bayes_h1h2_marginal_boundary,measured_graph,4.67000439849017e-09,0.14363070417396703,0.025971815645035937,25,h1:h1_z;h2:h2_z
0.00031622776601683794,1.0000001007730908,0.9999999997575779,30.49404467597924,H1+H2,28426.753525260632,28426.524975565346,-0.22854969528574837,226,252,30.49404467597924,bayes_h1h2_marginal_boundary,measured_graph,1.2959760921890532e-07,0.14313867042640652,0.02589950799645363,25,h1:h1_z;h2:h2_z
0.00039810717055349735,1.0000001204332611,0.9999999439136806,24.382583633923787,H1+H2,28429.746646655753,28429.580706086374,-0.16594056938017995,226,252,24.382583633923787,bayes_h1h2_marginal_boundary,measured_graph,2.752224732920393e-06,0.14254340668841947,0.025820966474915885,25,h1:h1_z;h2:h2_z
0.0005011872336272725,1.0000000908985296,0.9999999885224446,18.398447070096154,H1+H2,28432.68610581176,28432.572774368287,-0.11333144347461188,226,252,18.398447070096154,bayes_h1h2_marginal_boundary,measured_graph,5.4843181120917726e-05,0.14189343898801224,0.025734623781039908,25,h1:h1_z;h2:h2_z
0.000630957344480193,1.0000000399709095,0.9999999974684335,12.470620958367363,H1+H2,28435.607409741722,28435.53668742415,-0.07072231756904392,226,252,12.470620958367363,bayes_h1h2_marginal_boundary,measured_graph,0.0010625117039144865,0.14126493266139103,0.025642850996984174,25,h1:h1_z;h2:h2_z
0.0007943282347242822,1.0000009583530778,0.9999999993753513,6.903538435268274,H1+H2,28438.358341877363,28438.3202286857,-0.03811319166347554,226,252,6.903538435268274,bayes_h1h2_marginal_boundary,measured_graph,0.01718740586994827,0.14072703494413924,0.025553078155273856,25,h1:h1_z;h2:h2_z
0.001,1.000000224867879,0.9999999998216473,2.381034349964466,H1+H2,28440.596984794112,28440.581480728353,-0.015504065757907535,226,252,2.381034349964466,bayes_h1h2_marginal_boundary,measured_graph,0.1649147941461082,0.1403103972387066,0.02548048703268847,25,h1:h1_z;h2:h2_z
0.0012589254117941675,1.0000000406849512,0.9999999999393918,-0.0,H1+H2,28441.774892843187,28441.771997903335,-0.0028949398523394052,226,252,-0.0,bayes_h1h2_marginal_boundary,measured_graph,0.542368747683403,0.14000895221583587,0.025452320671740896,25,h1:h1_z;h2:h2_z
0.001584893192461114,1.0000000067289845,0.9999999999746547,1.4072615785480593,H1+H2,28441.068652928006,28441.06836711406,-0.0002858139467712683,226,252,1.4072615785480593,bayes_h1h2_marginal_boundary,measured_graph,0.26835623343809245,0.1398095464312372,0.02551355732442007,25,h1:h1_z;h2:h2_z
0.0019952623149688807,1.000000001339782,0.9999999999861712,8.991350747608521,H1+H2,28437.283999217572,28437.27632252953,-0.007676688041203171,226,252,8.991350747608521,bayes_h1h2_marginal_boundary,measured_graph,0.006051285583344712,0.1397206401595497,0.02573238774682839,25,h1:h1_z;h2:h2_z
0.002511886431509582,1.00000000047599,0.9999999999895237,25.895315969115472,H1+H2,28428.849407480913,28428.824339918778,-0.025067562135635053,226,252,25.895315969115472,bayes_h1h2_marginal_boundary,measured_graph,1.2918088051927001e-06,0.1397903544628095,0.026201143186643565,25,h1:h1_z;h2:h2_z
0.0031622776601683794,1.0000000004045624,0.9999999999895612,55.515833455268876,H1+H2,28414.06653961193,28414.0140811757,-0.05245843623006681,226,252,55.515833455268876,bayes_h1h2_marginal_boundary,measured_graph,4.777322861046985e-13,0.14011839813476068,0.027024983674840197,25,h1:h1_z;h2:h2_z
0.003981071705534973,1.0000000007331469,0.99999999999004,100.34363867451611,H1+H2,28391.6900278764,28391.600178566077,-0.08984931032449865,226,252,100.34363867451611,bayes_h1h2_marginal_boundary,measured_graph,8.809481978976503e-23,0.14086573091765356,0.028291731281784114,25,h1:h1_z;h2:h2_z
0.005011872336272725,1.0000000020128867,1.0000000000003033,160.6446272561443,H1+H2,28361.586924459683,28361.449684275263,-0.13724018441893068,226,252,160.6446272561443,bayes_h1h2_marginal_boundary,measured_graph,7.091809716446668e-36,0.14225605033129957,0.030028980706698516,25,h1:h1_z;h2:h2_z
0.006309573444801936,1.000000006493536,1.0000000000391978,234.01583553761157,H1+H2,28324.95871119304,28324.76408013453,-0.19463105851336257,226,252,234.01583553761157,bayes_h1h2_marginal_boundary,measured_graph,8.287081896051736e-52,0.1445522484776326,0.03217425519674415,25,h1:h1_z;h2:h2_z
0.00794328234724282,1.0000000216072082,1.0000000001240563,316.22011601350096,H1+H2,28283.923961829194,28283.661939896585,-0.26202193260779433,226,252,316.22011601350096,bayes_h1h2_marginal_boundary,measured_graph,1.1694157291035012e-69,0.14798860933777944,0.034584649944938706,25,h1:h1_z;h2:h2_z
0.01,1.0000000695378906,1.0000000002428409,402.45523733283335,H1+H2,28240.88379204362,28240.54437923692,-0.3394128067022262,226,252,402.45523733283335,bayes_h1h2_marginal_boundary,measured_graph,2.1991267603750006e-88,0.15266360232680393,0.03708230876529008,25,h1:h1_z;h2:h2_z
0.012589254117941675,1.0000002099442606,1.0000000003434908,488.2166815790915,H1+H2,28198.090460794585,28197.66365711379,-0.42680368079665804,226,252,488.2166815790915,bayes_h1h2_marginal_boundary,measured_graph,5.240699586122052e-107,0.15845148402865258,0.039505824524802814,25,h1:h1_z;h2:h2_z
0.01584893192461114,1.0000005927602067,1.0000000003704148,569.8960855772748,H1+H2,28157.34814966959,28156.823955114698,-0.5241945548910899,226,252,569.8960855772748,bayes_h1h2_marginal_boundary,measured_graph,9.61461823423359e-125,0.16501992711299462,0.041744085553994593,25,h1:h1_z;h2:h2_z
0.01995262314968881,1.0000015993585327,1.0000000003141831,645.4275354093261,H1+H2,28119.68981562766,28119.058230198672,-0.6315854289855218,226,252,645.4275354093261,bayes_h1h2_marginal_boundary,measured_graph,3.8149259140573063e-141,0.1719799233018156,0.04374832509811325,25,h1:h1_z;h2:h2_z
0.025118864315095822,1.0000000770651218,1.000000000216705,714.7436028936572,H1+H2,28085.149172759586,28084.400196456507,-0.7489763030799538,226,252,714.7436028936572,bayes_h1h2_marginal_boundary,measured_graph,3.38604948315499e-156,0.1790907105855938,0.045527901958948694,25,h1:h1_z;h2:h2_z
0.03162277660168379,1.0000002709004492,1.000000000129962,779.6745761630154,H1+H2,28052.811076999,28051.934709821828,-0.8763671771743852,226,252,779.6745761630154,bayes_h1h2_marginal_boundary,measured_graph,2.692226549687727e-170,0.1864061702856951,0.04713730756422947,25,h1:h1_z;h2:h2_z
0.039810717055349734,1.0000008551796165,1.000000000078505,843.2304291589899,H1+H2,28021.170541375108,28020.15678332384,-1.0137580512688171,226,252,843.2304291589899,bayes_h1h2_marginal_boundary,measured_graph,4.2572923891858157e-184,0.19429051209724457,0.048661240562271106,25,h1:h1_z;h2:h2_z
0.05011872336272725,1.0000020174130513,1.00000000005931,908.4717671743274,H1+H2,27988.697263241535,27987.53611431617,-1.1611489253632492,226,252,908.4717671743274,bayes_h1h2_marginal_boundary,measured_graph,2.8983907322789516e-198,0.20325085972096624,0.05020172182710354,25,h1:h1_z;h2:h2_z
0.06309573444801936,1.0000028296159775,1.0000000000617988,977.3542288615499,H1+H2,27954.413423272017,27953.09488347256,-1.3185397994576809,226,252,977.3542288615499,bayes_h1h2_marginal_boundary,measured_graph,3.195364655082569e-213,0.21357731415549464,0.05186573701788047,25,h1:h1_z;h2:h2_z
0.07943282347242822,1.0000019957947883,1.0000000000775093,1050.0623215842788,H1+H2,27918.22676778475,27916.740837111196,-1.4859306735521132,226,252,1050.0623215842788,bayes_h1h2_marginal_boundary,measured_graph,5.201860452379001e-229,0.22498467378826967,0.0537471376713166,25,h1:h1_z;h2:h2_z
0.1,1.000000685329859,1.000000000097753,1125.0180355881603,H1+H2,27880.926301656902,27879.262980109255,-1.663321547646544,226,252,1125.0180355881603,bayes_h1h2_marginal_boundary,measured_graph,2.752530930711558e-245,0.23664587768683878,0.055897969387019714,25,h1:h1_z;h2:h2_z
1e-05,1.0000003866548992,0.9999999955572855,32.474234246961714,H1+H2,20985.020118876473,20982.652432292605,-2.3676865838692702,152,199,32.474234246961714,bayes_h1h2_marginal_boundary,measured_graph,2.7521809124877858e-08,0.10419282197294026,0.02361192533212436,26,h1:h1_z;h2:h2_z
1.2589254117941661e-05,1.000000397356457,0.9999999842047634,31.890694884437835,H1+H2,20985.09927943183,20982.944201973867,-2.155077457963703,152,199,31.890694884437835,bayes_h1h2_marginal_boundary,measured_graph,3.684605033684439e-08,0.10419049264083381,0.0235966041606839,26,h1:h1_z;h2:h2_z
1.584893192461114e-05,1.0000004140902845,0.9999999470047919,31.242379602757865,H1+H2,20985.220827946767,20983.268359614707,-1.952468332058134,152,199,31.242379602757865,bayes_h1h2_marginal_boundary,measured_graph,5.0953123936408425e-08,0.10418745840407154,0.02357342600817933,26,h1:h1_z;h2:h2_z
1.9952623149688786e-05,1.0000004399696294,0.9999998378095222,30.488342375683715,H1+H2,20985.405237434396,20983.645378228244,-1.7598592061525666,152,199,30.488342375683715,bayes_h1h2_marginal_boundary,measured_graph,7.428616167817192e-08,0.10418347772661336,0.023539302880897423,26,h1:h1_z;h2:h2_z
2.5118864315095822e-05,1.0000004793613584,0.9999995685385219,29.574841607936833,H1+H2,20985.679378692366,20984.102128612118,-1.5772500802469966,152,199,29.574841607936833,bayes_h1h2_marginal_boundary,measured_graph,1.1729299895982548e-07,0.10417821263396629,0.02349110464872528,26,h1:h1_z;h2:h2_z
3.1622776601683795e-05,1.0000005379688246,0.9999990654113322,28.440666390000843,H1+H2,20986.073857175426,20984.669216221086,-1.404640954341429,152,199,28.440666390000843,bayes_h1h2_marginal_boundary,measured_graph,2.0680217871150877e-07,0.104171184692193,0.023427067639775402,26,h1:h1_z;h2:h2_z
3.9810717055349695e-05,1.0000006224490199,0.9999984796015684,27.03501519420388,H1+H2,20986.61407364742,20985.372041818984,-1.2420318284358616,152,199,27.03501519420388,bayes_h1h2_marginal_boundary,measured_graph,4.1762682717843675e-07,0.10416170944135762,0.023349022331778546,26,h1:h1_z;h2:h2_z
5.011872336272725e-05,1.000000739326151,0.9999982952790841,25.351377383776708,H1+H2,20987.30328342673,20986.213860724198,-1.089422702530293,152,199,25.351377383776708,bayes_h1h2_marginal_boundary,measured_graph,9.69138159360113e-07,0.10414879906650755,0.023264094900065778,26,h1:h1_z;h2:h2_z
6.309573444801929e-05,1.0000008936102203,0.9999987716245153,23.46406780104735,H1+H2,20988.104329092188,20987.157515515562,-0.9468135766247254,152,199,23.46406780104735,bayes_h1h2_marginal_boundary,measured_graph,2.490059718267158e-06,0.10413101945289095,0.023183279885092053,26,h1:h1_z;h2:h2_z
7.943282347242822e-05,1.0000010889557016,0.9999994480052234,21.530799840773398,H1+H2,20988.938353946418,20988.1241494957,-0.8142044507191568,152,199,21.530799840773398,bayes_h1h2_marginal_boundary,measured_graph,6.546566237037492e-06,0.10410628494645593,0.023116210646193725,26,h1:h1_z;h2:h2_z
0.0001,1.0000000083959457,0.9999998419085134,19.735931214061566,H1+H2,20989.71317913387,20989.021583809055,-0.6915953248135883,152,199,19.735931214061566,bayes_h1h2_marginal_boundary,measured_graph,1.60606950661947e-05,0.10407164569555066,0.023066279555593632,26,h1:h1_z;h2:h2_z
0.00012589254117941674,1.0000000111329657,0.9999999691842728,18.20866082469729,H1+H2,20990.364205202644,20989.785219003737,-0.5789861989080206,152,199,18.20866082469729,bayes_h1h2_marginal_boundary,measured_graph,3.446727012116189e-05,0.10402267136180657,0.023030550770932863,26,h1:h1_z;h2:h2_z
0.00015848931924611142,1.000000015365195,0.9999999955272739,16.9780817048304,H1+H2,20990.876885636673,20990.40050856367,-0.47637707300245236,152,199,16.9780817048304,bayes_h1h2_marginal_boundary,measured_graph,6.377107652385704e-05,0.1039534565624341,0.023003262836450284,26,h1:h1_z;h2:h2_z
0.00019952623149688788,1.0000000221295904,0.9999999994674538,15.985045175169944,H1+H2,20991.280794775597,20990.8970268285,-0.38376794709688455,152,199,15.985045175169944,bayes_h1h2_marginal_boundary,measured_graph,0.00010477529468601257,0.10385620034730968,0.022978947045865273,26,h1:h1_z;h2:h2_z
0.0002511886431509582,1.000000032598128,0.9999999999426205,15.119925920138485,H1+H2,20991.63074527721,20991.329586456017,-0.30115882119131615,152,199,15.119925920138485,bayes_h1h2_marginal_boundary,measured_graph,0.00016147940864493865,0.10372171653578237,0.022953533319699532,26,h1:h1_z;h2:h2_z
0.00031622776601683794,1.000000046650575,0.9999999670812255,14.256070043156797,H1+H2,20991.990064089794,20991.761514394508,-0.22854969528574837,152,199,14.256070043156797,bayes_h1h2_marginal_boundary,measured_graph,0.00024871448012468017,0.10354129983253745,0.022924133891240126,26,h1:h1_z;h2:h2_z
0.00039810717055349735,1.0000000598546002,0.9999999917830595,13.270243304294127,H1+H2,20992.420368333318,20992.25442776394,-0.16594056938017995,152,199,13.270243304294127,bayes_h1h2_marginal_boundary,measured_graph,0.00040716517634809565,0.10331073143046103,0.02288847499774546,26,h1:h1_z;h2:h2_z
0.0005011872336272725,1.0000000627996901,0.999999997541555,12.05622526544903,H1+H2,20992.974768226835,20992.86143678336,-0.11333144347461188,152,199,12.05622526544903,bayes_h1h2_marginal_boundary,measured_graph,0.0007471216036399198,0.10303567004897836,0.022844454236922968,26,h1:h1_z;h2:h2_z
0.000630957344480193,1.0000000502048458,0.9999999990455486,10.539958743254829,H1+H2,20993.69029236203,20993.61957004446,-0.07072231756904392,152,199,10.539958743254829,bayes_h1h2_marginal_boundary,measured_graph,0.0015945729275203661,0.10273416697970882,0.02278997093114957,26,h1:h1_z;h2:h2_z
0.0007943282347242822,1.0000000304097185,0.99999999951267,8.69844807186746,H1+H2,20994.578438571814,20994.540325380152,-0.03811319166347554,152,199,8.69844807186746,bayes_h1h2_marginal_boundary,measured_graph,0.004004269949104605,0.10243008764356262,0.022723208649236215,26,h1:h1_z;h2:h2_z
0.001,1.0000014927023337,0.9999999996918063,6.579395803113584,H1+H2,20995.61535558029,20995.59985151453,-0.015504065757907535,152,199,6.579395803113584,bayes_h1h2_marginal_boundary,measured_graph,0.011552333063552866,0.10213794640418146,0.022643691932697784,26,h1:h1_z;h2:h2_z
0.0012589254117941675,1.0000008982281843,0.9999999997783581,4.3243526580045,H1+H2,20996.730268026935,20996.727373087084,-0.0028949398523394052,152,199,4.3243526580045,bayes_h1h2_marginal_boundary,measured_graph,0.035673531026686134,0.10185166083488563,0.02255438518659696,26,h1:h1_z;h2:h2_z
0.001584893192461114,1.0000006135715154,0.9999999998305414,2.2018747480469756,H1+H2,20997.788897856008,20997.788612042063,-0.0002858139467712683,152,199,2.2018747480469756,bayes_h1h2_marginal_boundary,measured_graph,0.10309469563361864,0.10154580669882764,0.022464209080098312,26,h1:h1_z;h2:h2_z
0.0019952623149688807,1.0000004989169948,0.999999999867604,0.6121994146815268,H1+H2,20998.591126396786,20998.583449708745,-0.007676688041203171,152,199,0.6121994146815268,bayes_h1h2_marginal_boundary,measured_graph,0.2282600633431096,0.10118677350708276,0.022388660398269037,26,h1:h1_z;h2:h2_z
0.002511886431509582,1.0000004700245926,0.9999999998966935,-0.0,H1+H2,20998.91461697822,20998.889549416086,-0.025067562135635053,152,199,-0.0,bayes_h1h2_marginal_boundary,measured_graph,0.3100040354485349,0.10074300266057519,0.022346081565330876,26,h1:h1_z;h2:h2_z
0.0031622776601683794,1.0000004878626991,0.9999999999213601,0.7028430269347155,H1+H2,20998.590586338847,20998.53812790262,-0.05245843623006681,152,199,0.7028430269347155,bayes_h1h2_marginal_boundary,measured_graph,0.218145833796556,0.1001923960293876,0.02235108574792518,26,h1:h1_z;h2:h2_z
0.003981071705534973,1.0000005410526804,0.9999999999436069,2.8808224127060384,H1+H2,20997.538987520056,20997.449138209733,-0.08984931032449865,152,199,2.8808224127060384,bayes_h1h2_marginal_boundary,measured_graph,0.07341836499508915,0.09952750911555222,0.022410685007324602,26,h1:h1_z;h2:h2_z
0.005011872336272725,1.000000639667307,0.9999999999635494,6.5777165128456545,H1+H2,20995.737931344083,20995.600691159663,-0.13724018441893068,152,199,6.5777165128456545,bayes_h1h2_marginal_boundary,measured_graph,0.011562036997155824,0.09875553427867174,0.02252569434452435,26,h1:h1_z;h2:h2_z
0.006309573444801936,1.0000008173101322,0.9999999999795195,11.770160042688076,H1+H2,20993.199100453254,20993.004469394742,-0.19463105851336257,152,199,11.770160042688076,bayes_h1h2_marginal_boundary,measured_graph,0.0008620045702885239,0.09788740788404258,0.022693765020864256,26,h1:h1_z;h2:h2_z
0.00794328234724282,1.0000011413626508,0.9999999999900485,18.297437792483834,H1+H2,20990.002852452453,20989.740830519844,-0.26202193260779433,152,199,18.297437792483834,bayes_h1h2_marginal_boundary,measured_graph,3.297077944068418e-05,0.09691743005119824,0.02291049523376409,26,h1:h1_z;h2:h2_z
0.01,1.0000017322204358,0.9999999999956155,25.7841503793461,H1+H2,20986.336887033114,20985.997474226413,-0.3394128067022262,152,199,25.7841503793461,bayes_h1h2_marginal_boundary,measured_graph,7.805670816329937e-07,0.09580943362005515,0.023169905553058718,26,h1:h1_z;h2:h2_z
0.012589254117941675,1.000000029005387,0.999999999998065,33.74798022551113,H1+H2,20982.442362984126,20982.01555930333,-0.42680368079665804,152,199,33.74798022551113,bayes_h1h2_marginal_boundary,measured_graph,1.4557491781565041e-08,0.09451295488802462,0.02346682175217502,26,h1:h1_z;h2:h2_z
0.01584893192461114,1.0000000530204431,0.9999999999990447,41.93152295212349,H1+H2,20978.447982494916,20977.923787940024,-0.5241945548910899,152,199,41.93152295212349,bayes_h1h2_marginal_boundary,measured_graph,2.43249989002409e-10,0.09301617287221274,0.023800480442165466,26,h1:h1_z;h2:h2_z
0.01995262314968881,1.0000000911540945,0.9999999999994396,50.668620840828225,H1+H2,20974.186824424658,20973.555238995672,-0.6315854289855218,152,199,50.668620840828225,bayes_h1h2_marginal_boundary,measured_graph,3.08188286959767e-12,0.09140661877192638,0.024176370133446427,26,h1:h1_z;h2:h2_z
0.025118864315095822,1.0000001383165433,0.9999999999996096,60.96428741389536,H1+H2,20969.156382012217,20968.40740570914,-0.7489763030799538,152,199,60.96428741389536,bayes_h1h2_marginal_boundary,measured_graph,1.7911853922052364e-14,0.08987937792633745,0.02460403244097886,26,h1:h1_z;h2:h2_z
0.03162277660168379,1.000000175246386,0.9999999999996858,74.06565056797263,H1+H2,20962.733091309274,20961.8567241321,-0.8763671771743852,152,199,74.06565056797263,bayes_h1h2_marginal_boundary,measured_graph,2.5598568344909967e-17,0.08866505136581913,0.025090836759896602,26,h1:h1_z;h2:h2_z
0.039810717055349734,1.0000001768364455,0.9999999999997189,90.72803366577864,H1+H2,20954.539290634464,20953.525532583197,-1.0137580512688171,152,199,90.72803366577864,bayes_h1h2_marginal_boundary,measured_graph,6.1663072379144434e-21,0.08792601207634898,0.02563446008998829,26,h1:h1_z;h2:h2_z
0.05011872336272725,1.0000001358866806,0.9999999999997392,110.74788713450107,H1+H2,20944.6767547742,20943.515605848836,-1.1611489253632492,152,199,110.74788713450107,bayes_h1h2_marginal_boundary,measured_graph,2.771846746624591e-25,0.08770589548629673,0.026218516300657368,26,h1:h1_z;h2:h2_z
0.06309573444801936,1.0000000751073268,0.9999999999997627,133.09558429649041,H1+H2,20933.660297067298,20932.34175726784,-1.3185397994576809,152,199,133.09558429649041,bayes_h1h2_marginal_boundary,measured_graph,3.890706176634099e-30,0.08795409945723764,0.026814924287573844,26,h1:h1_z;h2:h2_z
0.07943282347242822,1.0000000276373364,0.9999999999997926,156.39340009039006,H1+H2,20922.178780044444,20920.69284937089,-1.4859306735521132,152,199,156.39340009039006,bayes_h1h2_marginal_boundary,measured_graph,3.39603388252191e-35,0.08857289084551158,0.02739242033215694,26,h1:h1_z;h2:h2_z
0.1,1.000000006210522,0.999999999999816,179.30117820003943,H1+H2,20910.902281863713,20909.238960316066,-1.663321547646544,152,199,179.30117820003943,bayes_h1h2_marginal_boundary,measured_graph,3.602559826633606e-40,0.08944441278335437,0.02792564848404584,26,h1:h1_z;h2:h2_z
1e-05,1.0000022915605153,1.000000004890051,4.437870479325284,H1+H2,4242.4305068200265,4240.062820236158,-2.3676865838692702,30,44,4.437870479325284,bayes_h1h2_marginal_boundary,measured_graph,0.010913126696264283,0.41238769507194734,0.07713751270202339,27,h1:h1_z;h2:h2_z
1.2589254117941661e-05,1.0000023752734992,1.0000000114901122,4.023200221707157,H1+H2,4242.42523282293,4240.270155364967,-2.155077457963703,30,44,4.023200221707157,bayes_h1h2_marginal_boundary,measured_graph,0.013427454813037224,0.4123811651908305,0.07713370739808387,27,h1:h1_z;h2:h2_z
1.584893192461114e-05,1.0000025035319438,1.0000000299747005,3.6305461684860347,H1+H2,4242.418950723635,4240.466482391577,-1.952468332058134,30,44,3.6305461684860347,bayes_h1h2_marginal_boundary,measured_graph,0.016340202857709252,0.41237279704578267,0.07712509571067985,27,h1:h1_z;h2:h2_z
1.9952623149688786e-05,1.0000026962589805,1.0000000849977022,3.2600093087876303,H1+H2,4242.411610027579,4240.6517508214265,-1.7598592061525666,30,44,3.2600093087876303,bayes_h1h2_marginal_boundary,measured_graph,0.0196661116567561,0.4123620296800578,0.07710830672122922,27,h1:h1_z;h2:h2_z
2.5118864315095822e-05,1.0000029774628036,1.0000002541833104,2.91146832303275,H1+H2,4242.403271394551,4240.826021314304,-1.5772500802469966,30,44,2.91146832303275,bayes_h1h2_marginal_boundary,measured_graph,0.023410097043338705,0.4123481087095231,0.07707801389963126,27,h1:h1_z;h2:h2_z
3.1622776601683795e-05,1.0000033702157634,1.0000007727822633,2.5843764624696632,H1+H2,4242.394208198927,4240.9895672445855,-1.404640954341429,30,44,2.5843764624696632,bayes_h1h2_marginal_boundary,measured_graph,0.02756959009558906,0.4123300094952553,0.07702602794206546,27,h1:h1_z;h2:h2_z
3.9810717055349695e-05,1.0000038853114144,1.000000019085312,2.277361176065824,H1+H2,4242.385106716223,4241.143074887787,-1.2420318284358616,30,44,2.277361176065824,bayes_h1h2_marginal_boundary,measured_graph,0.032143845461174374,0.4123063254030059,0.0769403287446191,27,h1:h1_z;h2:h2_z
5.011872336272725e-05,1.0000045048596342,1.00000007647063,1.9878263898408477,H1+H2,4242.37726498343,4241.2878422809,-1.089422702530293,30,44,1.9878263898408477,bayes_h1h2_marginal_boundary,measured_graph,0.03715091472993322,0.41227510243981547,0.07680407253839341,27,h1:h1_z;h2:h2_z
6.309573444801929e-05,1.0000051714463998,1.0000002641090446,1.710950790291463,H1+H2,4242.373093657299,4241.426280080675,-0.9468135766247254,30,44,1.710950790291463,bayes_h1h2_marginal_boundary,measured_graph,0.042667017302478,0.41223358994073084,0.07659646186066156,27,h1:h1_z;h2:h2_z
7.943282347242822e-05,1.0000058006284325,1.0000007252892316,1.4388082786936138,H1+H2,4242.376555787193,4241.5623513364735,-0.8142044507191568,30,44,1.4388082786936138,bayes_h1h2_marginal_boundary,measured_graph,0.04888631248629595,0.4121778611132773,0.07629693235159409,27,h1:h1_z;h2:h2_z
0.0001,1.0000063202444562,1.0000014441787735,1.1600305586089235,H1+H2,4242.393335521329,4241.701740196516,-0.6915953248135883,30,44,1.1600305586089235,bayes_h1h2_marginal_boundary,measured_graph,0.05619828885891438,0.4121022395046371,0.07589631545929475,27,h1:h1_z;h2:h2_z
0.00012589254117941674,1.0000067080480481,1.000001886872944,0.862918598089891,H1+H2,4242.429282375683,4241.850296176775,-0.5789861989080206,30,44,0.862918598089891,bayes_h1h2_marginal_boundary,measured_graph,0.06519887990053252,0.41199844557652016,0.07541480977372188,27,h1:h1_z;h2:h2_z
0.00015848931924611142,1.0000069957037592,1.0000014751569073,0.547056669707672,H1+H2,4242.484604213969,4242.0082271409665,-0.47637707300245236,30,44,0.547056669707672,bayes_h1h2_marginal_boundary,measured_graph,0.07635345276798332,0.4118543424055862,0.07491532873145983,27,h1:h1_z;h2:h2_z
0.00019952623149688788,1.000007245015842,1.0000006533247456,0.2438733505205164,H1+H2,4242.543586747657,4242.15981880056,-0.38376794709688455,30,44,0.2438733505205164,bayes_h1h2_marginal_boundary,measured_graph,0.0888513646158147,0.4116521165716213,0.07448978701158207,27,h1:h1_z;h2:h2_z
0.0002511886431509582,1.0000075256774592,1.0000001660623419,0.028540441022414598,H1+H2,4242.5686440765,4242.267485255309,-0.30115882119131615,30,44,0.028540441022414598,bayes_h1h2_marginal_boundary,measured_graph,0.09895165206622095,0.41136572023288637,0.07421578234571859,27,h1:h1_z;h2:h2_z
0.00031622776601683794,1.0000079086750644,1.0000018653813123,-0.0,H1+H2,4242.510305171106,4242.28175547582,-0.22854969528574837,30,44,-0.0,bayes_h1h2_marginal_boundary,measured_graph,0.10037383727511806,0.4109575069320025,0.07412291278391125,27,h1:h1_z;h2:h2_z
0.00039810717055349735,1.0000003560302493,1.0000003644454893,0.24021288547373842,H1+H2,4242.327589602463,4242.161649033083,-0.16594056938017995,30,44,0.24021288547373842,bayes_h1h2_marginal_boundary,measured_graph,0.08901413217889001,0.410376133390784,0.07420035901499294,27,h1:h1_z;h2:h2_z
0.0005011872336272725,1.0000004060712806,1.0000000660289046,0.7920171229397965,H1+H2,4241.999078357825,4241.88574691435,-0.11333144347461188,30,44,0.7920171229397965,bayes_h1h2_marginal_boundary,measured_graph,0.06755168623888004,0.4095468702495523,0.07442585458356303,27,h1:h1_z;h2:h2_z
0.000630957344480193,1.0000004781149907,1.0000000132292153,1.6645763109609106,H1+H2,4241.5201896379085,4241.44946732034,-0.07072231756904392,30,44,1.6645763109609106,bayes_h1h2_marginal_boundary,measured_graph,0.04366790674672841,0.4083833648795431,0.07478835723076657,27,h1:h1_z;h2:h2_z
0.0007943282347242822,1.000000569476877,1.0000000034983676,2.855403433502943,H1+H2,4240.892166950733,4240.854053759069,-0.03811319166347554,30,44,2.855403433502943,bayes_h1h2_marginal_boundary,measured_graph,0.024075623886541574,0.40679508357709177,0.07529549394244572,27,h1:h1_z;h2:h2_z
0.001,1.000000654151267,1.0000000013708006,4.369869433116037,H1+H2,4240.112324825021,4240.096820759262,-0.015504065757907535,30,44,4.369869433116037,bayes_h1h2_marginal_boundary,measured_graph,0.01129055879737067,0.40472598387142766,0.07597381317412452,27,h1:h1_z;h2:h2_z
0.0012589254117941675,1.0000006717566734,1.000000000796903,6.234871610600749,H1+H2,4239.167214610372,4239.16431967052,-0.0028949398523394052,30,44,6.234871610600749,bayes_h1h2_marginal_boundary,measured_graph,0.004443604107507967,0.4022183611562783,0.07686783045268168,27,h1:h1_z;h2:h2_z
0.001584893192461114,1.000010463761335,1.0000000006304364,8.508815410263196,H1+H2,4238.027633584636,4238.027347770689,-0.0002858139467712683,30,44,8.508815410263196,bayes_h1h2_marginal_boundary,measured_graph,0.0014254590230064704,0.399472309630596,0.07803981880552298,27,h1:h1_z;h2:h2_z
0.0019952623149688807,1.0000073423294586,1.0000000006134402,11.286679386339529,H1+H2,4236.646092470692,4236.638415782651,-0.007676688041203171,30,44,11.286679386339529,bayes_h1h2_marginal_boundary,measured_graph,0.0003554260370182504,0.39683834912220045,0.07956927020192667,27,h1:h1_z;h2:h2_z
0.002511886431509582,1.0000044601930056,1.000000000681922,14.694689396204922,H1+H2,4234.959478339853,4234.934410777718,-0.025067562135635053,30,44,14.694689396204922,bayes_h1h2_marginal_boundary,measured_graph,6.467095413602659e-05,0.3946606809868803,0.0815489582000789,27,h1:h1_z;h2:h2_z
0.0031622776601683794,1.0000026089504657,1.0000000008273213,18.856210895190088,H1+H2,4232.906108464455,4232.853650028225,-0.05245843623006681,30,44,18.856210895190088,bayes_h1h2_marginal_boundary,measured_graph,8.07321199463313e-06,0.3931179078753141,0.08407278024708624,27,h1:h1_z;h2:h2_z
0.003981071705534973,1.0000016502832014,1.0000000010605097,23.833271920200787,H1+H2,4230.454968826044,4230.36511951572,-0.08984931032449865,30,44,23.833271920200787,bayes_h1h2_marginal_boundary,measured_graph,6.703340607457018e-07,0.3921855988420598,0.08720992404580225,27,h1:h1_z;h2:h2_z
0.005011872336272725,1.0000012017894193,1.0000000013878145,29.566434811280487,H1+H2,4227.635778254599,4227.49853807018,-0.13724018441893068,30,44,29.566434811280487,bayes_h1h2_marginal_boundary,measured_graph,3.813737379069476e-08,0.39173998415741734,0.09096371924304858,27,h1:h1_z;h2:h2_z
0.006309573444801936,1.000001006338755,1.0000000017699704,35.844851779505916,H1+H2,4224.553960644581,4224.359329586067,-0.19463105851336257,30,44,35.844851779505916,bayes_h1h2_marginal_boundary,measured_graph,1.6519993086428182e-09,0.3916769839088996,0.09522586007577116,27,h1:h1_z;h2:h2_z
0.00794328234724282,1.000000938820948,1.0000000020759834,42.33252458082825,H1+H2,4221.377515118014,4221.115493185406,-0.26202193260779433,30,44,42.33252458082825,bayes_h1h2_marginal_boundary,measured_graph,6.445099289453277e-11,0.3919760200356187,0.09975463212294004,27,h1:h1_z;h2:h2_z
0.01,1.0000009460401091,1.0000000021177486,48.65873254641156,H1+H2,4218.291802009317,4217.9523892026145,-0.3394128067022262,30,44,48.65873254641156,bayes_h1h2_marginal_boundary,measured_graph,2.7259068237955118e-12,0.3927221467860376,0.10421094588568748,27,h1:h1_z;h2:h2_z
0.012589254117941675,1.0000010091144245,1.0000000018265245,54.53985802611351,H1+H2,4215.438630143561,4215.011826462764,-0.42680368079665804,30,44,54.53985802611351,bayes_h1h2_marginal_boundary,measured_graph,1.440259787459019e-13,0.3941159249473823,0.10825627570654948,27,h1:h1_z;h2:h2_z
0.01584893192461114,1.0000011247488871,1.0000000013666805,59.86307976843091,H1+H2,4212.874410146496,4212.350215591605,-0.5241945548910899,30,44,59.86307976843091,bayes_h1h2_marginal_boundary,measured_graph,1.0058145664567498e-14,0.3964756941483835,0.11166306632941231,27,h1:h1_z;h2:h2_z
0.01995262314968881,1.0000012924348798,1.0000000009749246,64.67771556814841,H1+H2,4210.574483120731,4209.942897691746,-0.6315854289855218,30,44,64.67771556814841,bayes_h1h2_marginal_boundary,measured_graph,9.058015109704645e-16,0.4002085825190465,0.11436586209104388,27,h1:h1_z;h2:h2_z
0.025118864315095822,1.0000014980984957,1.0000000007682717,69.10611083627737,H1+H2,4208.4776763607615,4207.728700057682,-0.7489763030799538,30,44,69.10611083627737,bayes_h1h2_marginal_boundary,measured_graph,9.895078102668559e-17,0.4057143568455144,0.11642877106883867,27,h1:h1_z;h2:h2_z
0.03162277660168379,1.000001693360854,1.000000000763334,73.24000664113191,H1+H2,4206.538119332428,4205.661752155254,-0.8763671771743852,30,44,73.24000664113191,bayes_h1h2_marginal_boundary,measured_graph,1.2524348914368588e-17,0.4132120829754033,0.11797478464095723,27,h1:h1_z;h2:h2_z
0.039810717055349734,1.0000017921568938,1.0000000009795995,77.08238204476947,H1+H2,4204.754322504705,4203.740564453436,-1.0137580512688171,30,44,77.08238204476947,bayes_h1h2_marginal_boundary,measured_graph,1.833977234849632e-18,0.4225536766700763,0.11913325225402854,27,h1:h1_z;h2:h2_z
0.05011872336272725,1.0000017164390542,1.0000000014833939,80.54993191338144,H1+H2,4203.167938444492,4202.00678951913,-1.1611489253632492,30,44,80.54993191338144,bayes_h1h2_marginal_boundary,measured_graph,3.239105202534012e-19,0.43315784790885514,0.12001658062024188,27,h1:h1_z;h2:h2_z
0.06309573444801936,1.0000014639573458,1.0000000023865545,83.512574769411,H1+H2,4201.844007890572,4200.525468091115,-1.3185397994576809,30,44,83.512574769411,bayes_h1h2_marginal_boundary,measured_graph,7.36368719285452e-20,0.44415122060430706,0.12070802709405305,27,h1:h1_z;h2:h2_z
0.07943282347242822,1.000001114945707,1.0000000039215529,85.8371404271893,H1+H2,4200.849115935778,4199.363185262226,-1.4859306735521132,30,44,85.8371404271893,bayes_h1h2_marginal_boundary,measured_graph,2.3031504710885397e-20,0.4546368268494828,0.12125601789745485,27,h1:h1_z;h2:h2_z
0.1,1.000000771236357,1.0000000067355825,87.42041966930992,H1+H2,4200.234867188812,4198.571545641165,-1.663321547646544,30,44,87.42041966930992,bayes_h1h2_marginal_boundary,measured_graph,1.0435604069361772e-20,0.46392209656368977,0.12168476700212699,27,h1:h1_z;h2:h2_z
1e-05,1.0000006626982312,1.0000000007153913,7.284914492042844,H1+H2,4075.6901354098336,4073.3224488259643,-2.3676865838692702,29,42,7.284914492042844,bayes_h1h2_marginal_boundary,measured_graph,0.0029526221496527436,0.5741570133249371,0.056743463653684996,28,h1:h1_z;h2:h2_z
1.2589254117941661e-05,1.00000069083569,1.0000000024502849,6.857305683681261,H1+H2,4075.691330688109,4073.536253230145,-2.155077457963703,29,42,6.857305683681261,bayes_h1h2_marginal_boundary,measured_graph,0.003656469425523475,0.5741557453484163,0.05673479785130436,28,h1:h1_z;h2:h2_z
1.584893192461114e-05,1.0000007343627317,1.0000000087221408,6.447728137645754,H1+H2,4075.693510335221,4073.741042003163,-1.952468332058134,29,42,6.447728137645754,bayes_h1h2_marginal_boundary,measured_graph,0.0044874598963745285,0.5741539581933655,0.05672081070808378,28,h1:h1_z;h2:h2_z
1.9952623149688786e-05,1.0000008008950432,1.0000000316385074,6.054892287402254,H1+H2,4075.6973191344373,4073.9374599282846,-1.7598592061525666,29,42,6.054892287402254,bayes_h1h2_marginal_boundary,measured_graph,0.005461397678956995,0.5741514061439291,0.056698393846240834,28,h1:h1_z;h2:h2_z
2.5118864315095822e-05,1.0000009006969215,1.0000001148410758,5.676735046232352,H1+H2,4075.7037886291164,4074.1265385488696,-1.5772500802469966,29,42,5.676735046232352,bayes_h1h2_marginal_boundary,measured_graph,0.006598110780912708,0.5741477152238912,0.056662727346385104,28,h1:h1_z;h2:h2_z
3.1622776601683795e-05,1.000001046164053,1.0000004093118418,5.309989238895469,H1+H2,4075.7145524068796,4074.309911452538,-1.404640954341429,29,42,5.309989238895469,bayes_h1h2_marginal_boundary,measured_graph,0.00792606159826047,0.5741423126836117,0.05660646202171143,28,h1:h1_z;h2:h2_z
3.9810717055349695e-05,1.0000012493584718,1.000001400578073,4.949548901440721,H1+H2,4075.732163449701,4074.4901316212654,-1.2420318284358616,29,42,4.949548901440721,bayes_h1h2_marginal_boundary,measured_graph,0.009491308025794365,0.5741343167818299,0.05651869119248088,28,h1:h1_z;h2:h2_z
5.011872336272725e-05,1.0000015165604668,1.000000057254976,4.58748824108261,H1+H2,4075.7605846539745,4074.6711619514444,-1.089422702530293,29,42,4.58748824108261,bayes_h1h2_marginal_boundary,measured_graph,0.011374872606150284,0.5741223639403162,0.056384070989383125,28,h1:h1_z;h2:h2_z
6.309573444801929e-05,1.0000018407653184,1.000000239443883,4.212167151317772,H1+H2,4075.8056360729515,4074.858822496327,-0.9468135766247254,29,42,4.212167151317772,bayes_h1h2_marginal_boundary,measured_graph,0.013722918388325334,0.574104336359669,0.05618233110489657,28,h1:h1_z;h2:h2_z
7.943282347242822e-05,1.0000021976610325,1.0000008162022598,3.8069333184748757,H1+H2,4075.8756438634673,4075.0614394127483,-0.8142044507191568,29,42,3.8069333184748757,bayes_h1h2_marginal_boundary,measured_graph,0.016805130498755844,0.5740769307308944,0.05589098573756497,28,h1:h1_z;h2:h2_z
0.0001,1.0000025535897743,1.0000020830933027,3.350416760275948,H1+H2,4075.9812930166613,4075.289697691848,-0.6915953248135883,29,42,3.350416760275948,bayes_h1h2_marginal_boundary,measured_graph,0.021114130445879203,0.5740349747250076,0.0554929628432958,28,h1:h1_z;h2:h2_z
0.00012589254117941674,1.0000028865234902,1.0000036321183232,2.82069747445712,H1+H2,4076.133543533665,4075.554557334757,-0.5789861989080206,29,42,2.82069747445712,bayes_h1h2_marginal_boundary,measured_graph,0.027516949179799237,0.5739703485686243,0.054991575011107255,28,h1:h1_z;h2:h2_z
0.00015848931924611142,1.0000032065626074,1.0000040381216195,2.2084472511960485,H1+H2,4076.33705951939,4075.8606824463877,-0.47637707300245236,29,42,2.2084472511960485,bayes_h1h2_marginal_boundary,measured_graph,0.03737220552143453,0.5738702936380066,0.05442557542166165,28,h1:h1_z;h2:h2_z
0.00019952623149688788,1.000003563174647,1.00000287730585,1.5398624029603525,H1+H2,4076.5787428176022,4076.1949748705056,-0.38376794709688455,29,42,1.5398624029603525,bayes_h1h2_marginal_boundary,measured_graph,0.05220716178249795,0.5737147687211794,0.05386395525519764,28,h1:h1_z;h2:h2_z
0.0002511886431509582,1.0000040469371774,1.0000014938932276,0.8916503307336825,H1+H2,4076.82023972781,4076.519080906619,-0.30115882119131615,29,42,0.8916503307336825,bayes_h1h2_marginal_boundary,measured_graph,0.07219174617726601,0.573472329281625,0.053369776404578594,28,h1:h1_z;h2:h2_z
0.00031622776601683794,1.0000001108700913,1.0000007103582984,0.36977074993865244,H1+H2,4077.0085703923023,4076.7800206970164,-0.22854969528574837,29,42,0.36977074993865244,bayes_h1h2_marginal_boundary,measured_graph,0.09371567934962105,0.5730951254293393,0.05296455930899792,28,h1:h1_z;h2:h2_z
0.00039810717055349735,1.0000001519382216,1.0000003691683073,0.06075048965522001,H1+H2,4077.1004713965385,4076.934530827158,-0.16594056938017995,29,42,0.06075048965522001,bayes_h1h2_marginal_boundary,measured_graph,0.10937426679083737,0.5725040180077727,0.05263147539927711,28,h1:h1_z;h2:h2_z
0.0005011872336272725,1.000000235439317,1.0000002003469042,-0.0,H1+H2,4077.0782375154604,4076.9649060719858,-0.11333144347461188,29,42,-0.0,bayes_h1h2_marginal_boundary,measured_graph,0.11274750909515259,0.5715814819032081,0.05234628394127536,28,h1:h1_z;h2:h2_z
0.000630957344480193,1.000000422311186,1.000000090773681,0.17949947532179067,H1+H2,4076.945878651894,4076.875156334325,-0.07072231756904392,29,42,0.17949947532179067,bayes_h1h2_marginal_boundary,measured_graph,0.10306925574933666,0.5701460521064959,0.05210057224385237,28,h1:h1_z;h2:h2_z
0.0007943282347242822,1.000000882328674,1.0000019545126717,0.5738821918484973,H1+H2,4076.716078167725,4076.6779649760615,-0.03811319166347554,29,42,0.5738821918484973,bayes_h1h2_marginal_boundary,measured_graph,0.08462331248427947,0.5679259857074587,0.05190116630072718,28,h1:h1_z;h2:h2_z
0.001,1.0000021005094362,1.0000005580583562,1.1562874644705516,H1+H2,4076.4022664055083,4076.3867623397505,-0.015504065757907535,29,42,1.1562874644705516,bayes_h1h2_marginal_boundary,measured_graph,0.06324443589009858,0.5645288093945702,0.05175490040125488,28,h1:h1_z;h2:h2_z
0.0012589254117941675,1.0000053770824897,1.0000001196938624,1.8938457471112997,H1+H2,4076.0208781382826,4076.01798319843,-0.0028949398523394052,29,42,1.8938457471112997,bayes_h1h2_marginal_boundary,measured_graph,0.0437384689978502,0.5594241447825741,0.05165712077436942,28,h1:h1_z;h2:h2_z
0.001584893192461114,1.0000134236020397,1.000000022139983,2.7332680031158816,H1+H2,4075.5985578843747,4075.598272070428,-0.0002858139467712683,29,42,2.7332680031158816,bayes_h1h2_marginal_boundary,measured_graph,0.028746524825379836,0.5519864262761961,0.05159410454190649,28,h1:h1_z;h2:h2_z
0.0019952623149688807,1.0000027859205058,1.000000004346235,3.594204735043604,H1+H2,4075.175480392505,4075.167803704464,-0.007676688041203171,29,42,3.594204735043604,bayes_h1h2_marginal_boundary,measured_graph,0.01869111950597164,0.5417078809003747,0.05155075077639653,28,h1:h1_z;h2:h2_z
0.002511886431509582,1.0000048992600619,1.0000000011371082,4.3773779898265275,H1+H2,4074.801284639208,4074.7762170770725,-0.025067562135635053,29,42,4.3773779898265275,bayes_h1h2_marginal_boundary,measured_graph,0.012634888182044526,0.5286713398280003,0.05151553887517589,28,h1:h1_z;h2:h2_z
0.0031622776601683794,1.000004502022235,1.0000000004534861,4.986298837326103,H1+H2,4074.524215089553,4074.4717566533227,-0.05245843623006681,29,42,4.986298837326103,bayes_h1h2_marginal_boundary,measured_graph,0.009318498095808096,0.5142384496847368,0.05148123663708044,28,h1:h1_z;h2:h2_z
0.003981071705534973,1.0000175747071811,1.0000000002661003,5.3881932793401575,H1+H2,4074.36065874264,4074.2708094323157,-0.08984931032449865,29,42,5.3881932793401575,bayes_h1h2_marginal_boundary,measured_graph,0.007622117713053642,0.5009392165777463,0.05144370284794971,28,h1:h1_z;h2:h2_z
0.005011872336272725,1.0000044687763252,1.000000000201338,5.685659454888082,H1+H2,4074.2593165289604,4074.1220763445417,-0.13724018441893068,29,42,5.685659454888082,bayes_h1h2_marginal_boundary,measured_graph,0.006568734253208558,0.4909509200188398,0.05140062455134021,28,h1:h1_z;h2:h2_z
0.006309573444801936,1.000000766520609,1.0000000001744216,6.091310436429012,H1+H2,4074.113881912285,4073.9192508537712,-0.19463105851336257,29,42,6.091310436429012,bayes_h1h2_marginal_boundary,measured_graph,0.005362850629878822,0.48471712751086066,0.05135077157835855,28,h1:h1_z;h2:h2_z
0.00794328234724282,1.0000033578635454,1.0000000001612204,6.7942112257351255,H1+H2,4073.829822391726,4073.567800459118,-0.26202193260779433,29,42,6.7942112257351255,bayes_h1h2_marginal_boundary,measured_graph,0.003773659698827279,0.481399305861315,0.051293718847276404,28,h1:h1_z;h2:h2_z
0.01,1.000000930504545,1.0000000001535525,7.8801631632031786,H1+H2,4073.364237297086,4073.024824490384,-0.3394128067022262,29,42,7.8801631632031786,bayes_h1h2_marginal_boundary,measured_graph,0.0021925588891275167,0.4799020657905589,0.051229808087289094,28,h1:h1_z;h2:h2_z
0.012589254117941675,1.00000034393869,1.0000000001480207,9.346714821809655,H1+H2,4072.7183523418776,4072.291548661081,-0.42680368079665804,29,42,9.346714821809655,bayes_h1h2_marginal_boundary,measured_graph,0.0010531582165000713,0.47938856498479704,0.05116010803907622,28,h1:h1_z;h2:h2_z
0.01584893192461114,1.0000001719333302,1.000000000142185,11.147840409975288,H1+H2,4071.915180421889,4071.390985866998,-0.5241945548910899,29,42,11.147840409975288,bayes_h1h2_marginal_boundary,measured_graph,0.00042794126713734164,0.47934874687023066,0.05108639747655558,28,h1:h1_z;h2:h2_z
0.01995262314968881,1.0000001068937083,1.0000000001329987,13.227410103777402,H1+H2,4070.9827864490826,4070.351201020097,-0.6315854289855218,29,42,13.227410103777402,bayes_h1h2_marginal_boundary,measured_graph,0.00015129039156822294,0.4795104576476591,0.05101207040043769,28,h1:h1_z;h2:h2_z
0.025118864315095822,1.0000000742943242,1.000000000117249,15.540311646389455,H1+H2,4069.943726551871,4069.194750248791,-0.7489763030799538,29,42,15.540311646389455,bayes_h1h2_marginal_boundary,measured_graph,4.7596076989009755e-05,0.47976164015118283,0.05094576573069525,28,h1:h1_z;h2:h2_z
0.03162277660168379,1.000000053315525,1.0000000000942362,18.072721383525277,H1+H2,4068.8049125573975,4067.928545380223,-0.8763671771743852,29,42,18.072721383525277,bayes_h1h2_marginal_boundary,measured_graph,1.341730743351499e-05,0.4801123940502681,0.05090816025498871,28,h1:h1_z;h2:h2_z
0.039810717055349734,1.000000037916166,1.0000000000678586,20.85889583051903,H1+H2,4067.549216207995,4066.5354581567262,-1.0137580512688171,29,42,20.85889583051903,bayes_h1h2_marginal_boundary,measured_graph,3.331618592045217e-06,0.48067781844259555,0.050937731911796645,28,h1:h1_z;h2:h2_z
0.05011872336272725,1.0000000264876772,1.0000000000442586,23.975303975887982,H1+H2,4066.138403009405,4064.9772540840418,-1.1611489253632492,29,42,23.975303975887982,bayes_h1h2_marginal_boundary,measured_graph,7.013516879487152e-07,0.48165168017892906,0.05108763078667918,28,h1:h1_z;h2:h2_z
0.06309573444801936,1.000000018359131,1.0000000727199765,27.496994474081475,H1+H2,4064.5349486344026,4063.216408834945,-1.3185397994576809,29,42,27.496994474081475,bayes_h1h2_marginal_boundary,measured_graph,1.2056200763748477e-07,0.4832541739938248,0.051408684592636665,28,h1:h1_z;h2:h2_z
0.07943282347242822,1.0000000127811892,1.0000000532959619,31.43006117636014,H1+H2,4062.7358061573577,4061.2498754838057,-1.4859306735521132,29,42,31.43006117636014,bayes_h1h2_marginal_boundary,measured_graph,1.687158516419285e-08,0.4856658561312447,0.05192347490709487,28,h1:h1_z;h2:h2_z
0.1,1.0000012648698193,1.0000000419603923,35.6648180538059,H1+H2,4060.795818592729,4059.132497045083,-1.663321547646544,29,42,35.6648180538059,bayes_h1h2_marginal_boundary,measured_graph,2.0304397940769763e-09,0.48897574550316597,0.05260722526778288,28,h1:h1_z;h2:h2_z
1e-05,1.000000761536412,1.0000000043014963,15.276217566821288,H1+H2,14204.011438865953,14201.643752282083,-2.3676865838692702,118,134,15.276217566821288,bayes_h1h2_marginal_boundary,measured_graph,0.00011358907455934622,0.6861712743851078,0.11593742066170389,29,h1:h1_z;h2:h2_z
1.2589254117941661e-05,1.000000883346212,1.0000000162342904,14.897246574957535,H1+H2,14203.98831523598,14201.833237778015,-2.155077457963703,118,134,14.897246574957535,bayes_h1h2_marginal_boundary,measured_graph,0.0001372868898717823,0.6861710525158868,0.11593475442033599,29,h1:h1_z;h2:h2_z
1.584893192461114e-05,1.0000010573668898,1.0000000602030892,14.541081891966314,H1+H2,14203.963788451569,14202.01132011951,-1.952468332058134,118,134,14.541081891966314,bayes_h1h2_marginal_boundary,measured_graph,0.00016404735964120753,0.6861705987677097,0.11592387847090295,29,h1:h1_z;h2:h2_z
1.9952623149688786e-05,1.0000012931234985,1.000000216258451,14.203139261986507,H1+H2,14203.940150640654,14202.1802914345,-1.7598592061525666,118,134,14.203139261986507,bayes_h1h2_marginal_boundary,measured_graph,0.0001942462102540381,0.6861697566418287,0.11589845493998369,29,h1:h1_z;h2:h2_z
2.5118864315095822e-05,1.000000010359004,1.0000007389079788,13.874588275022688,H1+H2,14203.92181700823,14202.344566927983,-1.5772500802469966,118,134,13.874588275022688,bayes_h1h2_marginal_boundary,measured_graph,0.0002289267247077213,0.6861688217833208,0.11584834938434578,29,h1:h1_z;h2:h2_z
3.1622776601683795e-05,1.0000000125694344,1.0000000150841886,13.539920194933075,H1+H2,14203.916541922368,14202.511900968027,-1.404640954341429,118,134,13.539920194933075,bayes_h1h2_marginal_boundary,measured_graph,0.0002706255180297023,0.6861664206479499,0.11575800043962098,29,h1:h1_z;h2:h2_z
3.9810717055349695e-05,1.000000014809827,1.0000000659696837,13.173036201576906,H1+H2,14203.937374793142,14202.695342964706,-1.2420318284358616,118,134,13.173036201576906,bayes_h1h2_marginal_boundary,measured_graph,0.0003251146891042883,0.6861623432243321,0.11560414175182389,29,h1:h1_z;h2:h2_z
5.011872336272725e-05,1.000000016811038,1.0000002471677505,12.732078884095245,H1+H2,14204.005244325977,14202.915821623446,-1.089422702530293,118,134,12.732078884095245,bayes_h1h2_marginal_boundary,measured_graph,0.0004053118084809597,0.6861555398390669,0.11535494656188858,29,h1:h1_z;h2:h2_z
6.309573444801929e-05,1.0000000184254527,1.000000756235146,12.154077034836519,H1+H2,14204.151636124701,14203.204822548076,-0.9468135766247254,118,134,12.154077034836519,bayes_h1h2_marginal_boundary,measured_graph,0.000541128943321339,0.686144330887862,0.11497181385561937,29,h1:h1_z;h2:h2_z
7.943282347242822e-05,1.0000000197044374,1.000001776345904,11.352290927126887,H1+H2,14204.41992005265,14203.60571560193,-0.8142044507191568,118,134,11.352290927126887,bayes_h1h2_marginal_boundary,measured_graph,0.0008079907794268345,0.6861260376537994,0.11441938219990852,29,h1:h1_z;h2:h2_z
0.0001,1.0000000208618174,1.0000029536593413,10.225008164241444,H1+H2,14204.860952308187,14204.169356983373,-0.6915953248135883,118,134,10.225008164241444,bayes_h1h2_marginal_boundary,measured_graph,0.0014196874607378743,0.6860964023988649,0.11368877420021388,29,h1:h1_z;h2:h2_z
0.00012589254117941674,1.0000000222060355,1.000003157543461,8.690906710566196,H1+H2,14205.51539390912,14204.936407710211,-0.5789861989080206,118,134,8.690906710566196,bayes_h1h2_marginal_boundary,measured_graph,0.0030571633497942065,0.6860486840045378,0.11283014202578798,29,h1:h1_z;h2:h2_z
0.00015848931924611142,1.0000000241342117,1.0000019880059885,6.760484724429261,H1+H2,14206.377995776282,14205.90161870328,-0.47637707300245236,118,134,6.760484724429261,bayes_h1h2_marginal_boundary,measured_graph,0.008026097896748702,0.6859722638527523,0.11196606577412366,29,h1:h1_z;h2:h2_z
0.00019952623149688788,1.000000027223603,1.0000007070117656,4.609028022550774,H1+H2,14207.361115001315,14206.977347054219,-0.38376794709688455,118,134,4.609028022550774,bayes_h1h2_marginal_boundary,measured_graph,0.02353354429485344,0.6858505369715605,0.11124847888699674,29,h1:h1_z;h2:h2_z
0.0002511886431509582,1.0000000324482277,1.0000001462665045,2.563920314751158,H1+H2,14208.30105972931,14207.999900908118,-0.30115882119131615,118,134,2.563920314751158,bayes_h1h2_marginal_boundary,measured_graph,0.06542998725290314,0.6856578218484983,0.11077948197106188,29,h1:h1_z;h2:h2_z
0.00031622776601683794,1.0000000416101644,1.000001474733851,0.9776307969514164,H1+H2,14209.021595362305,14208.793045667018,-0.22854969528574837,118,134,0.9776307969514164,bayes_h1h2_marginal_boundary,measured_graph,0.14462228793749315,0.685355079219151,0.11057461656133577,29,h1:h1_z;h2:h2_z
0.00039810717055349735,1.0000000581647464,1.0000002499622647,0.0921448721383058,H1+H2,14209.401729198806,14209.235788629425,-0.16594056938017995,118,134,0.0921448721383058,bayes_h1h2_marginal_boundary,measured_graph,0.22517286483274268,0.6848845891542752,0.11059388852061044,29,h1:h1_z;h2:h2_z
0.0005011872336272725,1.0000000885676683,1.0000000372403224,-0.0,H1+H2,14209.395192508968,14209.281861065494,-0.11333144347461188,118,134,-0.0,bayes_h1h2_marginal_boundary,measured_graph,0.23578982387764025,0.6841648322582187,0.11078873836400739,29,h1:h1_z;h2:h2_z
0.000630957344480193,1.0000001433191974,1.0000000053438551,0.6862789349215745,H1+H2,14209.009443915602,14208.938721598033,-0.07072231756904392,118,134,0.6862789349215745,bayes_h1h2_marginal_boundary,measured_graph,0.16730213408961245,0.6830893724440937,0.11112829949263203,29,h1:h1_z;h2:h2_z
0.0007943282347242822,1.000000233098842,1.0000000007933711,2.089458481543261,H1+H2,14208.275245016386,14208.237131824722,-0.03811319166347554,118,134,2.089458481543261,bayes_h1h2_marginal_boundary,measured_graph,0.08294780799464811,0.6815380471419452,0.11160246738921561,29,h1:h1_z;h2:h2_z
0.001,1.0000003496190009,1.0000000001267537,4.141999623650918,H1+H2,14207.226365319426,14207.210861253669,-0.015504065757907535,118,134,4.141999623650918,bayes_h1h2_marginal_boundary,measured_graph,0.02972359038577578,0.6794131338192608,0.11221552368807503,29,h1:h1_z;h2:h2_z
0.0012589254117941675,1.0000004350034073,1.0000000644884355,6.78839134982627,H1+H2,14205.890560330434,14205.88766539058,-0.0028949398523394052,118,134,6.78839134982627,bayes_h1h2_marginal_boundary,measured_graph,0.007914884941990889,0.6767073554741123,0.112977548209426,29,h1:h1_z;h2:h2_z
0.001584893192461114,1.000000404974454,1.0000000201250852,9.992239152241382,H1+H2,14204.28602730332,14204.285741489373,-0.0002858139467712683,118,134,9.992239152241382,bayes_h1h2_marginal_boundary,measured_graph,0.0015949162951280176,0.6735766722972232,0.11389587987812164,29,h1:h1_z;h2:h2_z
0.0019952623149688807,1.0000002642088717,1.0000000060583698,13.739174388367246,H1+H2,14202.419950559351,14202.41227387131,-0.007676688041203171,118,134,13.739174388367246,bayes_h1h2_marginal_boundary,measured_graph,0.00024496342562444384,0.6703373239255003,0.1149672044822425,29,h1:h1_z;h2:h2_z
0.002511886431509582,1.0000001220004076,1.0000000017846076,18.02396488399245,H1+H2,14200.294946185633,14200.269878623498,-0.025067562135635053,118,134,18.02396488399245,bayes_h1h2_marginal_boundary,measured_graph,2.875218224172378e-05,0.6673234453300162,0.11617116673340185,29,h1:h1_z;h2:h2_z
0.0031622776601683794,1.0000000441163583,1.0000000006714824,22.801678653559065,H1+H2,14197.933480174945,14197.881021738714,-0.05245843623006681,118,134,22.801678653559065,bayes_h1h2_marginal_boundary,measured_graph,2.6375666896013774e-06,0.6646931789568588,0.1174653746959012,29,h1:h1_z;h2:h2_z
0.003981071705534973,1.000001400015145,1.000000000542666,27.916032440389245,H1+H2,14195.413694155624,14195.3238448453,-0.08984931032449865,118,134,27.916032440389245,bayes_h1h2_marginal_boundary,measured_graph,2.04472842919838e-07,0.6623650309560827,0.11878123770168111,29,h1:h1_z;h2:h2_z
0.005011872336272725,1.000000659958953,1.0000000008533583,33.067585503158625,H1+H2,14192.885308498333,14192.748068313915,-0.13724018441893068,118,134,33.067585503158625,bayes_h1h2_marginal_boundary,measured_graph,1.555930166842436e-08,0.6601241888369311,0.12002440872669672,29,h1:h1_z;h2:h2_z
0.006309573444801936,1.000000351802826,1.0000000014991477,37.87594396940767,H1+H2,14190.538520139304,14190.34388908079,-0.19463105851336257,118,134,37.87594396940767,bayes_h1h2_marginal_boundary,measured_graph,1.405621290512492e-09,0.6577659054910477,0.12108820503408549,29,h1:h1_z;h2:h2_z
0.00794328234724282,1.0000002153877667,1.0000000023218358,42.00669817333619,H1+H2,14188.540533911433,14188.278511978826,-0.26202193260779433,118,134,42.00669817333619,bayes_h1h2_marginal_boundary,measured_graph,1.781912802954425e-10,0.6551878874018483,0.12187961612398937,29,h1:h1_z;h2:h2_z
0.01,1.0000001537066212,1.0000000031348506,45.277559779158764,H1+H2,14186.982493982618,14186.643081175915,-0.3394128067022262,118,134,45.277559779158764,bayes_h1h2_marginal_boundary,measured_graph,3.4723850279959715e-11,0.6524096664583542,0.12234289036654876,29,h1:h1_z;h2:h2_z
0.012589254117941675,1.000000131826379,1.000000003815958,47.68475298615158,H1+H2,14185.866288253215,14185.439484572418,-0.42680368079665804,118,134,47.68475298615158,bayes_h1h2_marginal_boundary,measured_graph,1.0421074763618973e-11,0.6495511674237454,0.1224672498118532,29,h1:h1_z;h2:h2_z
0.01584893192461114,1.000000137555036,1.0000000042255734,49.35204205652917,H1+H2,14185.13003459212,14184.60584003723,-0.5241945548910899,118,134,49.35204205652917,bayes_h1h2_marginal_boundary,measured_graph,4.527571215161559e-12,0.6467935695634878,0.12227690224576034,29,h1:h1_z;h2:h2_z
0.01995262314968881,1.0000001675642631,1.0000000042033668,50.42914830071459,H1+H2,14184.698872344123,14184.067286915137,-0.6315854289855218,118,134,50.42914830071459,bayes_h1h2_marginal_boundary,measured_graph,2.642254468361991e-12,0.6443330385242607,0.12180711076067556,29,h1:h1_z;h2:h2_z
0.025118864315095822,1.0000002204698542,1.0000000037357888,50.97580613532773,H1+H2,14184.542934300911,14183.79395799783,-0.7489763030799538,118,134,50.97580613532773,bayes_h1h2_marginal_boundary,measured_graph,2.0103394747474924e-12,0.6423355459989466,0.12107432077292075,29,h1:h1_z;h2:h2_z
0.03162277660168379,1.00000029087792,1.0000000030113336,50.875102468744444,H1+H2,14184.720677008296,14183.844309831122,-0.8763671771743852,118,134,50.875102468744444,bayes_h1h2_marginal_boundary,measured_graph,2.114155483151695e-12,0.6409066322220474,0.12005308677931474,29,h1:h1_z;h2:h2_z
0.039810717055349734,1.0000003644200912,1.0000000022667308,49.805801642829465,H1+H2,14185.392718295348,14184.37896024408,-1.0137580512688171,118,134,49.805801642829465,bayes_h1h2_marginal_boundary,measured_graph,3.6085493409395232e-12,0.6400800175306168,0.1186705573255651,29,h1:h1_z;h2:h2_z
0.05011872336272725,1.0000004176695372,1.0000000016462207,47.28266201497172,H1+H2,14186.801678983371,14185.640530058008,-1.1611489253632492,118,134,47.28266201497172,bayes_h1h2_marginal_boundary,measured_graph,1.2741643703023343e-11,0.6398145063159338,0.11682268885583746,29,h1:h1_z;h2:h2_z
0.06309573444801936,1.0000004284498112,1.0000000011972183,42.77440159797334,H1+H2,14189.213200065966,14187.894660266507,-1.3185397994576809,118,134,42.77440159797334,bayes_h1h2_marginal_boundary,measured_graph,1.213896803182617e-10,0.6399974839294106,0.11441275168056356,29,h1:h1_z;h2:h2_z
0.07943282347242822,1.0000003920056877,1.000000000927009,35.91387339333596,H1+H2,14192.810855042379,14191.324924368826,-1.4859306735521132,118,134,35.91387339333596,bayes_h1h2_marginal_boundary,measured_graph,3.749095806841767e-09,0.640465110879282,0.11141015432157843,29,h1:h1_z;h2:h2_z
0.1,1.0000003251334453,1.0000000008473626,26.769978180840553,H1+H2,14197.56019352272,14195.896871975074,-1.663321547646544,118,134,26.769978180840553,bayes_h1h2_marginal_boundary,measured_graph,3.626587461976792e-07,0.6410384407792349,0.10791370195572747,29,h1:h1_z;h2:h2_z
1e-05,1.0000000012542172,1.0000004803837304,33.58136480147368,H1+H2,19594.1760828345,19591.80839625063,-2.3676865838692702,177,162,33.58136480147368,bayes_h1h2_marginal_boundary,measured_graph,5.705495020134922e-09,0.39861602767834764,0.03548335385218316,30,h1:h1_z;h2:h2_z
1.2589254117941661e-05,1.0000000017883266,1.000001467461666,32.547428976526135,H1+H2,19594.480441621068,19592.325364163105,-2.155077457963703,177,162,32.547428976526135,bayes_h1h2_marginal_boundary,measured_graph,9.567746110167653e-09,0.3986178805808857,0.03537773495701657,30,h1:h1_z;h2:h2_z
1.584893192461114e-05,1.0000000024745013,1.0000039929678524,31.212908655586943,H1+H2,19594.945092655635,19592.992624323575,-1.952468332058134,177,162,31.212908655586943,bayes_h1h2_marginal_boundary,measured_graph,1.8646488086745564e-08,0.3986199746074686,0.035223352699443766,30,h1:h1_z;h2:h2_z
1.9952623149688786e-05,1.0000000032967278,1.0000002743411065,29.440086427814094,H1+H2,19595.638894643613,19593.87903543746,-1.7598592061525666,177,162,29.440086427814094,bayes_h1h2_marginal_boundary,measured_graph,4.524394893016386e-08,0.3986222326205435,0.0350079867004417,30,h1:h1_z;h2:h2_z
2.5118864315095822e-05,1.000000004225882,1.000000592280957,27.076543715382286,H1+H2,19596.638056873926,19595.060806793677,-1.5772500802469966,177,162,27.076543715382286,bayes_h1h2_marginal_boundary,measured_graph,1.4750178717093174e-07,0.3986244761024182,0.03472773152219118,30,h1:h1_z;h2:h2_z
3.1622776601683795e-05,1.0000000052637414,1.0000007944299507,24.007601207937114,H1+H2,19597.99991900174,19596.5952780474,-1.404640954341429,177,162,24.007601207937114,bayes_h1h2_marginal_boundary,measured_graph,6.842419244753484e-07,0.39862635186622125,0.03439875021241779,30,h1:h1_z;h2:h2_z
3.9810717055349695e-05,1.0000000065082046,1.0000005913702077,20.258745543389523,H1+H2,19599.71173770811,19598.469705879674,-1.2420318284358616,177,162,20.258745543389523,bayes_h1h2_marginal_boundary,measured_graph,4.4592656460977534e-06,0.3986272133972546,0.03406210860805721,30,h1:h1_z;h2:h2_z
5.011872336272725e-05,1.0000000082235638,1.0000002316143348,16.089920366968727,H1+H2,19601.643541170415,19600.554118467884,-1.089422702530293,177,162,16.089920366968727,bayes_h1h2_marginal_boundary,measured_graph,3.585190441328519e-05,0.39862593154591885,0.03376912791760239,30,h1:h1_z;h2:h2_z
6.309573444801929e-05,1.0000000109447191,1.000002207060925,11.96080448689463,H1+H2,19603.565489984547,19602.61867640792,-0.9468135766247254,177,162,11.96080448689463,bayes_h1h2_marginal_boundary,measured_graph,0.0002825780024613598,0.39862059785156184,0.03355272884664641,30,h1:h1_z;h2:h2_z
7.943282347242822e-05,1.0000000157103028,1.0000004743317654,8.335376868802996,H1+H2,19605.245594667686,19604.431390216967,-0.8142044507191568,177,162,8.335376868802996,bayes_h1h2_marginal_boundary,measured_graph,0.0017313702680405345,0.39860807108348634,0.03341392667287436,30,h1:h1_z;h2:h2_z
0.0001,1.00000002458486,1.000000081718567,5.490465171111282,H1+H2,19606.545441390626,19605.853846065813,-0.6915953248135883,177,162,5.490465171111282,bayes_h1h2_marginal_boundary,measured_graph,0.00718049991219871,0.3985833107175403,0.033332721419176814,30,h1:h1_z;h2:h2_z
0.00012589254117941674,1.0000000416991428,1.000000013647667,3.4697777894616593,H1+H2,19607.443175955545,19606.864189756638,-0.5789861989080206,177,162,3.4697777894616593,bayes_h1h2_marginal_boundary,measured_graph,0.01972156480347999,0.39853846096899154,0.03328590000961442,30,h1:h1_z;h2:h2_z
0.00015848931924611142,1.0000000749745537,1.0000000027863494,2.158494112889457,H1+H2,19607.996208667926,19607.519831594924,-0.47637707300245236,177,162,2.158494112889457,bayes_h1h2_marginal_boundary,measured_graph,0.037991199294930285,0.3984617470756417,0.03325604626082683,30,h1:h1_z;h2:h2_z
0.00019952623149688788,1.000000137877376,1.000000000853959,1.3785086814314127,H1+H2,19608.29359225775,19607.909824310653,-0.38376794709688455,177,162,1.3785086814314127,bayes_h1h2_marginal_boundary,measured_graph,0.05611186295967628,0.3983365267897801,0.03323259038347699,30,h1:h1_z;h2:h2_z
0.0002511886431509582,1.0000002475507246,1.000000000415428,0.9511702444870025,H1+H2,19608.424652350317,19608.123493529125,-0.30115882119131615,177,162,0.9511702444870025,bayes_h1h2_marginal_boundary,measured_graph,0.06947843867896547,0.39814146062900396,0.0332097571566545,30,h1:h1_z;h2:h2_z
0.00031622776601683794,1.0000004102200433,1.0000000002865523,0.7244923025282333,H1+H2,19608.46538219539,19608.236832500104,-0.22854969528574837,177,162,0.7244923025282333,bayes_h1h2_marginal_boundary,measured_graph,0.07781665171291037,0.3978537719825077,0.03318446115501106,30,h1:h1_z;h2:h2_z
0.00039810717055349735,1.0000005875573679,1.0000000002424083,0.5808118592976825,H1+H2,19608.4746132911,19608.30867272172,-0.16594056938017995,177,162,0.5808118592976825,bayes_h1h2_marginal_boundary,measured_graph,0.08361272004774305,0.39745829811915623,0.03315498685059612,30,h1:h1_z;h2:h2_z
0.0005011872336272725,1.0000006768572773,1.0000000002270217,0.44035331305349246,H1+H2,19608.492233438315,19608.37890199484,-0.11333144347461188,177,162,0.44035331305349246,bayes_h1h2_marginal_boundary,measured_graph,0.08969588880728453,0.3969630794682065,0.033120372155177685,30,h1:h1_z;h2:h2_z
0.000630957344480193,1.0000005858947354,1.0000000002228493,0.2694586628713296,H1+H2,19608.535071637503,19608.464349319933,-0.07072231756904392,177,162,0.2694586628713296,bayes_h1h2_marginal_boundary,measured_graph,0.09769713756500374,0.39641434318055735,0.03308027063971859,30,h1:h1_z;h2:h2_z
0.0007943282347242822,1.0000003645616335,1.000000000223504,0.09283622114162426,H1+H2,19608.59077373246,19608.552660540798,-0.03811319166347554,177,162,0.09283622114162426,bayes_h1h2_marginal_boundary,measured_graph,0.1067173212664584,0.3958938089198306,0.03303516205378916,30,h1:h1_z;h2:h2_z
0.001,1.0000001636352944,1.0000000002268283,-0.0,H1+H2,19608.614582717128,19608.59907865137,-0.015504065757907535,177,162,-0.0,bayes_h1h2_marginal_boundary,measured_graph,0.11178770615580647,0.39548795625391864,0.03298689390102004,30,h1:h1_z;h2:h2_z
0.0012589254117941675,1.000000056711466,1.000000000232305,0.13855755244730972,H1+H2,19608.532694814996,19608.529799875145,-0.0028949398523394052,177,162,0.13855755244730972,bayes_h1h2_marginal_boundary,measured_graph,0.10430536675022273,0.3952495864717727,0.03293961487030792,30,h1:h1_z;h2:h2_z
0.001584893192461114,1.000000017279253,1.0000000002395582,0.7057931344315875,H1+H2,19608.246467898098,19608.246182084153,-0.0002858139467712683,177,162,0.7057931344315875,bayes_h1h2_marginal_boundary,measured_graph,0.07854761682357703,0.39518655304061007,0.03290118074948418,30,h1:h1_z;h2:h2_z
0.0019952623149688807,1.0000000054456335,1.0000000002488074,1.9608303721543052,H1+H2,19607.626340153332,19607.61866346529,-0.007676688041203171,177,162,1.9608303721543052,bayes_h1h2_marginal_boundary,measured_graph,0.0419377512498829,0.3952820048129361,0.032885015075698916,30,h1:h1_z;h2:h2_z
0.002511886431509582,1.0000000020454376,1.000000000259471,4.260370557392889,H1+H2,19606.493960934808,19606.468893372672,-0.025067562135635053,177,162,4.260370557392889,bayes_h1h2_marginal_boundary,measured_graph,0.013282087369701347,0.3955206767948875,0.0329120641772651,30,h1:h1_z;h2:h2_z
0.0031622776601683794,1.0000000009807442,1.0000000002698797,8.088232176967722,H1+H2,19604.607420999113,19604.554962562885,-0.05245843623006681,177,162,8.088232176967722,bayes_h1h2_marginal_boundary,measured_graph,0.0019591006254441982,0.3959028524871486,0.03301175386362912,30,h1:h1_z;h2:h2_z
0.003981071705534973,1.0000000005926415,1.0000000002764093,14.027478243682708,H1+H2,19601.67518883985,19601.585339529527,-0.08984931032449865,177,162,14.027478243682708,bayes_h1h2_marginal_boundary,measured_graph,0.00010054624279507718,0.39644602582677485,0.03321982398736859,30,h1:h1_z;h2:h2_z
0.005011872336272725,1.0000000004264784,1.0000000002731675,22.626249268760148,H1+H2,19597.42319420141,19597.28595401699,-0.13724018441893068,177,162,22.626249268760148,bayes_h1h2_marginal_boundary,measured_graph,1.3651062117948024e-06,0.39718009137026933,0.033570459686487884,30,h1:h1_z;h2:h2_z
0.006309573444801936,1.0000000003446923,1.0000000002548177,34.15805691285641,H1+H2,19591.714681253452,19591.52005019494,-0.19463105851336257,177,162,34.15805691285641,bayes_h1h2_marginal_boundary,measured_graph,4.276280943368389e-09,0.3981392768138943,0.03408221270805983,30,h1:h1_z;h2:h2_z
0.00794328234724282,1.0000000003006857,1.0000000002207652,48.38887895644439,H1+H2,19584.666661105755,19584.404639173146,-0.26202193260779433,177,162,48.38887895644439,bayes_h1h2_marginal_boundary,measured_graph,3.474421361830994e-12,0.3993523080103057,0.0347432517097021,30,h1:h1_z;h2:h2_z
0.01,1.0000000002783254,1.0000000001770937,64.55460430436506,H1+H2,19576.661189305887,19576.321776499186,-0.3394128067022262,177,162,64.55460430436506,bayes_h1h2_marginal_boundary,measured_graph,1.0728520348588263e-15,0.40083404136212913,0.03550777168071194,30,h1:h1_z;h2:h2_z
0.012589254117941675,1.0000000002734786,1.0000000001327487,81.65064242534572,H1+H2,19568.20056111949,19567.773757438696,-0.42680368079665804,177,162,81.65064242534572,bayes_h1h2_marginal_boundary,measured_graph,2.0805699426703568e-19,0.4025841543025752,0.03631161815556572,30,h1:h1_z;h2:h2_z
0.01584893192461114,1.000000000286146,1.000000000094414,98.85514724915993,H1+H2,19559.69569958168,19559.17150502679,-0.5241945548910899,177,162,98.85514724915993,bayes_h1h2_marginal_boundary,measured_graph,3.8218317643433887e-23,0.4045970221479813,0.037098703942935296,30,h1:h1_z;h2:h2_z
0.01995262314968881,1.0000000003146794,1.0000000000645601,115.78242396578571,H1+H2,19551.33945209746,19550.707866668476,-0.6315854289855218,177,162,115.78242396578571,bayes_h1h2_marginal_boundary,measured_graph,8.064178454114688e-27,0.4068798885020624,0.037839084297043996,30,h1:h1_z;h2:h2_z
0.025118864315095822,1.0000000003500222,1.0000000000428164,132.45118303599884,H1+H2,19543.122463436448,19542.37348713337,-0.7489763030799538,177,162,132.45118303599884,bayes_h1h2_marginal_boundary,measured_graph,1.9363554741612812e-30,0.4094656265575291,0.03852927295281453,30,h1:h1_z;h2:h2_z
0.03162277660168379,1.0000000003708749,1.0000000000277618,149.07292878937005,H1+H2,19534.938981433857,19534.062614256683,-0.8763671771743852,177,162,149.07292878937005,bayes_h1h2_marginal_boundary,measured_graph,4.760130481639805e-34,0.41240203669428555,0.039180926597858094,30,h1:h1_z;h2:h2_z
0.039810717055349734,1.0000000003491512,1.0000000000179696,165.81396139568096,H1+H2,19526.705856004795,19525.692097953528,-1.0137580512688171,177,162,165.81396139568096,bayes_h1h2_marginal_boundary,measured_graph,1.1024269369508343e-37,0.41571963632337167,0.03980765575972062,30,h1:h1_z;h2:h2_z
0.05011872336272725,1.0000000002738108,1.0000000481552362,182.649766873903,H1+H2,19518.43534413978,19517.274195214417,-1.1611489253632492,177,162,182.649766873903,bayes_h1h2_marginal_boundary,measured_graph,2.43501200977621e-41,0.4194126452878465,0.04041535934881082,30,h1:h1_z;h2:h2_z
0.06309573444801936,1.0000000001711307,1.0000000402629088,199.3777451236383,H1+H2,19510.228745889006,19508.91020608955,-1.3185397994576809,177,162,199.3777451236383,bayes_h1h2_marginal_boundary,measured_graph,5.676318866653429e-45,0.42346016326836694,0.04099906276809879,30,h1:h1_z;h2:h2_z
0.07943282347242822,1.0000000000844833,1.000000037341812,215.7404131574949,H1+H2,19502.214802746174,19500.72887207262,-1.4859306735521132,177,162,215.7404131574949,bayes_h1h2_marginal_boundary,measured_graph,1.588395199157327e-48,0.427852622429845,0.04154762326010595,30,h1:h1_z;h2:h2_z
0.1,1.0000000000347664,1.000000039102702,231.51075221946667,H1+H2,19494.507024089282,19492.843702541635,-1.663321547646544,177,162,231.51075221946667,bayes_h1h2_marginal_boundary,measured_graph,5.97685816137182e-52,0.4325579363301852,0.042052979790099254,30,h1:h1_z;h2:h2_z
1e-05,1.0000000026682294,0.9999998800320782,54.17799746883247,H1+H2,26081.799422244057,26079.43173566019,-2.3676865838692702,236,209,54.17799746883247,bayes_h1h2_marginal_boundary,measured_graph,5.114001230819315e-13,0.2027242220562385,0.024471781892733035,31,h1:h1_z;h2:h2_z
1.2589254117941661e-05,1.0000000074242543,0.9999997309053966,53.18153784952301,H1+H2,26082.085042927807,26079.929965469844,-2.155077457963703,236,209,53.18153784952301,bayes_h1h2_marginal_boundary,measured_graph,8.416650339585393e-13,0.20270999049913496,0.02442399282517911,31,h1:h1_z;h2:h2_z
1.584893192461114e-05,1.000000020857543,0.9999995398052353,52.00088534520182,H1+H2,26082.472760054065,26080.520291722005,-1.952468332058134,236,209,52.00088534520182,bayes_h1h2_marginal_boundary,measured_graph,1.518849417986149e-12,0.20268841890864797,0.024365244962315194,31,h1:h1_z;h2:h2_z
1.9952623149688786e-05,1.0000000576201433,0.9999994499168053,50.62543197328341,H1+H2,26082.967877614115,26081.208018407964,-1.7598592061525666,236,209,50.62543197328341,bayes_h1h2_marginal_boundary,measured_graph,3.0212775517815516e-12,0.20265550732139323,0.02430034422131262,31,h1:h1_z;h2:h2_z
2.5118864315095822e-05,1.0000001539706038,0.9999995748295232,49.098266845299804,H1+H2,26083.548851052205,26081.971600971956,-1.5772500802469966,236,209,49.098266845299804,bayes_h1h2_marginal_boundary,measured_graph,6.483511983534749e-12,0.20260504866783266,0.024237525923261904,31,h1:h1_z;h2:h2_z
3.1622776601683795e-05,1.000000000758668,0.9999997968775096,47.52406478009652,H1+H2,26084.1633429589,26082.758702004558,-1.404640954341429,236,209,47.52406478009652,bayes_h1h2_marginal_boundary,measured_graph,1.4244393189734865e-11,0.20252749552755459,0.024184958970194084,31,h1:h1_z;h2:h2_z
3.9810717055349695e-05,1.0000000028984475,0.9999999398050684,46.03268722570647,H1+H2,26084.746422610187,26083.504390781753,-1.2420318284358616,236,209,46.03268722570647,bayes_h1h2_marginal_boundary,measured_graph,3.002565389602347e-11,0.20240815110260016,0.024146575288549174,31,h1:h1_z;h2:h2_z
5.011872336272725e-05,1.0000000106370976,0.9999999883748716,44.71145117239212,H1+H2,26085.25443151094,26084.16500880841,-1.089422702530293,236,209,44.71145117239212,bayes_h1h2_marginal_boundary,measured_graph,5.8129319363202546e-11,0.20222496723889793,0.02412106596823761,31,h1:h1_z;h2:h2_z
6.309573444801929e-05,1.0000000370613138,0.9999999984204277,43.55494426785299,H1+H2,26085.690075837305,26084.74326226068,-0.9468135766247254,236,209,43.55494426785299,bayes_h1h2_marginal_boundary,measured_graph,1.0364002791514688e-10,0.2019456386385489,0.024104254720775643,31,h1:h1_z;h2:h2_z
7.943282347242822e-05,1.0000001197705959,0.999999999836245,42.458845899156586,H1+H2,26086.105515895746,26085.291311445028,-0.8142044507191568,236,209,42.458845899156586,bayes_h1h2_marginal_boundary,measured_graph,1.7928429916741485e-10,0.20152508619837203,0.024091856192134838,31,h1:h1_z;h2:h2_z
0.0001,1.000000345322429,0.99999994933668,41.24157102254685,H1+H2,26086.591544208146,26085.899948883332,-0.6915953248135883,236,209,41.24157102254685,bayes_h1h2_marginal_boundary,measured_graph,3.295111681804201e-10,0.20090563358506708,0.024080729147719256,31,h1:h1_z;h2:h2_z
0.00012589254117941674,1.000000837321812,0.9999999909638683,39.669737209173036,H1+H2,26087.264851988926,26086.68586579002,-0.5789861989080206,236,209,39.669737209173036,bayes_h1h2_marginal_boundary,measured_graph,7.230852700246761e-10,0.20002523197351255,0.024068871105443913,31,h1:h1_z;h2:h2_z
0.00015848931924611142,1.0000015711202872,0.999999998483274,37.4854954797629,H1+H2,26088.254363727727,26087.777986654724,-0.47637707300245236,236,209,37.4854954797629,bayes_h1h2_marginal_boundary,measured_graph,2.155219856875909e-09,0.19884203623723024,0.024055000906864535,31,h1:h1_z;h2:h2_z
0.00019952623149688788,1.0000020515444212,0.9999999997530795,34.457080882028094,H1+H2,26089.675961900688,26089.29219395359,-0.38376794709688455,236,209,34.457080882028094,bayes_h1h2_marginal_boundary,measured_graph,9.797233392879467e-09,0.19737936463253933,0.024038175820162152,31,h1:h1_z;h2:h2_z
0.0002511886431509582,1.0000016621343069,0.9999999999595109,30.476737591598067,H1+H2,26091.58352442,26091.282365598807,-0.30115882119131615,236,209,30.476737591598067,bayes_h1h2_marginal_boundary,measured_graph,7.168429487311929e-08,0.19576959533236374,0.024017567655214598,31,h1:h1_z;h2:h2_z
0.00031622776601683794,1.0000007620642246,0.9999999999929027,25.68506880676432,H1+H2,26093.90674968651,26093.678199991224,-0.22854969528574837,236,209,25.68506880676432,bayes_h1h2_marginal_boundary,measured_graph,7.869038566554235e-07,0.1942380491910085,0.023992361432848337,31,h1:h1_z;h2:h2_z
0.00039810717055349735,1.000000191176069,0.9999999999985673,20.51016497368255,H1+H2,26096.431592477144,26096.265651907765,-0.16594056938017995,236,209,20.51016497368255,bayes_h1h2_marginal_boundary,measured_graph,1.0462555224845527e-05,0.1929951719860381,0.023961742883184485,31,h1:h1_z;h2:h2_z
0.0005011872336272725,1.0000019456800227,0.9999999999995938,15.51397842305596,H1+H2,26098.87707662655,26098.763745183078,-0.11333144347461188,236,209,15.51397842305596,bayes_h1h2_marginal_boundary,measured_graph,0.0001272172162310014,0.1921235859280052,0.02392496390592771,31,h1:h1_z;h2:h2_z
0.000630957344480193,1.00000030969149,0.9999999999998422,11.135842969968508,H1+H2,26101.023535227192,26100.95281290962,-0.07072231756904392,236,209,11.135842969968508,bayes_h1h2_marginal_boundary,measured_graph,0.0011356537054067316,0.19157232014334544,0.023881504684291028,31,h1:h1_z;h2:h2_z
0.0007943282347242822,1.0000000383871686,0.9999999999999092,7.552766300563235,H1+H2,26102.782464435986,26102.744351244324,-0.03811319166347554,236,209,7.552766300563235,bayes_h1h2_marginal_boundary,measured_graph,0.006812415605571028,0.19123081334961517,0.02383138131156031,31,h1:h1_z;h2:h2_z
0.001,1.0000000040838868,0.9999999999999322,4.723763867063099,H1+H2,26104.174356526833,26104.158852461074,-0.015504065757907535,236,209,4.723763867063099,bayes_h1h2_marginal_boundary,measured_graph,0.028029232641965603,0.1909974220601984,0.02377568122615981,31,h1:h1_z;h2:h2_z
0.0012589254117941675,1.0000000004134864,0.9999999999999458,2.530741021371796,H1+H2,26105.25825882377,26105.25536388392,-0.0028949398523394052,236,209,2.530741021371796,bayes_h1h2_marginal_boundary,measured_graph,0.08391122639164933,0.19080195999296687,0.02371744275094825,31,h1:h1_z;h2:h2_z
0.001584893192461114,1.000000000044818,0.9999999999999554,0.9178328247216996,H1+H2,26106.06210379619,26106.061817982245,-0.0002858139467712683,236,209,0.9178328247216996,bayes_h1h2_marginal_boundary,measured_graph,0.1879570557096791,0.19060153931101312,0.023663010498287528,31,h1:h1_z;h2:h2_z
0.0019952623149688807,1.0000000276124863,0.9999999999999671,-0.0,H1+H2,26106.528411082647,26106.520734394606,-0.007676688041203171,236,209,-0.0,bayes_h1h2_marginal_boundary,measured_graph,0.29741543189011344,0.19036967672023322,0.023623943688950436,31,h1:h1_z;h2:h2_z
0.002511886431509582,1.000000009125646,0.9999999999999704,0.1465032563355635,H1+H2,26106.472550328574,26106.447482766438,-0.025067562135635053,236,209,0.1465032563355635,bayes_h1h2_marginal_boundary,measured_graph,0.2764080715395652,0.19008802327125826,0.0236193340663266,31,h1:h1_z;h2:h2_z
0.0031622776601683794,1.0000000039161838,0.9999999999999776,2.037245897197863,H1+H2,26105.554569882235,26105.502111446007,-0.05245843623006681,236,209,2.037245897197863,bayes_h1h2_marginal_boundary,measured_graph,0.10739428554275104,0.1897424965567402,0.023677895269125754,31,h1:h1_z;h2:h2_z
0.003981071705534973,1.0000000021055926,0.9999999999999842,6.659547342613223,H1+H2,26103.280810033622,26103.1909607233,-0.08984931032449865,236,209,6.659547342613223,bayes_h1h2_marginal_boundary,measured_graph,0.010647831439466732,0.1893238191610837,0.023838399576322947,31,h1:h1_z;h2:h2_z
0.005011872336272725,1.0000000013148544,0.999999999999988,15.183622732722142,H1+H2,26099.066163212665,26098.928923028245,-0.13724018441893068,236,209,15.183622732722142,bayes_h1h2_marginal_boundary,measured_graph,0.00015006579550784385,0.18883298296771442,0.02414615416425878,31,h1:h1_z;h2:h2_z
0.006309573444801936,1.0000000008921481,0.9999999999999891,28.658141262589197,H1+H2,26092.386294821823,26092.19166376331,-0.19463105851336257,236,209,28.658141262589197,bayes_h1h2_marginal_boundary,measured_graph,1.7796196517917793e-07,0.1882930713442082,0.024642833621586438,31,h1:h1_z;h2:h2_z
0.00794328234724282,1.0000000006386762,0.9999999999999877,47.558510203132755,H1+H2,26083.00350122565,26082.74147929304,-0.26202193260779433,236,209,47.558510203132755,bayes_h1h2_marginal_boundary,measured_graph,1.400116663760944e-11,0.18776728946946306,0.025348994665912335,31,h1:h1_z;h2:h2_z
0.01,1.0000000004890437,0.9999999999999899,71.42172256514459,H1+H2,26071.149285918735,26070.809873112034,-0.3394128067022262,236,209,71.42172256514459,bayes_h1h2_marginal_boundary,measured_graph,9.211566672250197e-17,0.18737578725421616,0.026245593409315888,31,h1:h1_z;h2:h2_z
0.012589254117941675,1.0000000004184364,0.9999999999999886,98.90047233364021,H1+H2,26057.49730190858,26057.070498227786,-0.42680368079665804,236,209,98.90047233364021,bayes_h1h2_marginal_boundary,measured_graph,9.940284232534021e-23,0.18729130238355346,0.027268882681772588,31,h1:h1_z;h2:h2_z
0.01584893192461114,1.0000000004142486,0.9999999999999878,128.26891363150935,H1+H2,26042.910472133743,26042.38627757885,-0.5241945548910899,236,209,128.26891363150935,bayes_h1h2_marginal_boundary,measured_graph,4.169872768156163e-29,0.18769050491029265,0.028329329179691023,31,h1:h1_z;h2:h2_z
0.01995262314968881,1.0000000004626481,0.9999999999999928,157.99443273373618,H1+H2,26028.155103456724,26027.523518027738,-0.6315854289855218,236,209,157.99443273373618,bayes_h1h2_marginal_boundary,measured_graph,1.46321567515248e-35,0.1886657839992747,0.02934733429182282,31,h1:h1_z;h2:h2_z
0.025118864315095822,1.000000000527843,1.0000000000000044,187.01638654244016,H1+H2,26013.761517426465,26013.012541123386,-0.7489763030799538,236,209,187.01638654244016,bayes_h1h2_marginal_boundary,measured_graph,7.29913083647309e-42,0.1901485307648758,0.030283811894174954,31,h1:h1_z;h2:h2_z
0.03162277660168379,1.000000000539894,1.0000000000000202,214.72582657653402,H1+H2,26000.034188283513,25999.15782110634,-0.8763671771743852,236,209,214.72582657653402,bayes_h1h2_marginal_boundary,measured_graph,7.018474021028141e-48,0.1919087014777988,0.03114663429547403,31,h1:h1_z;h2:h2_z
0.039810717055349734,1.000000000444474,1.0000000000000324,240.85028020130994,H1+H2,25987.10935234522,25986.09559429395,-1.0137580512688171,236,209,240.85028020130994,bayes_h1h2_marginal_boundary,measured_graph,1.490698006598909e-53,0.1936538041376251,0.03197131351926401,31,h1:h1_z;h2:h2_z
0.05011872336272725,1.0000000002831402,1.0000000000000286,265.40259452959435,H1+H2,25974.98058605517,25973.81943712981,-1.1611489253632492,236,209,265.40259452959435,bayes_h1h2_marginal_boundary,measured_graph,6.949000698780199e-59,0.19518056345420415,0.03279175418263376,31,h1:h1_z;h2:h2_z
0.06309573444801936,1.0000000001576421,1.0000000000000147,288.73845656969934,H1+H2,25963.470045909213,25962.151506109756,-1.3185397994576809,236,209,288.73845656969934,bayes_h1h2_marginal_boundary,measured_graph,5.951196607301052e-64,0.19648950328019665,0.03362229894966506,31,h1:h1_z;h2:h2_z
0.07943282347242822,1.0000000001178035,1.0000000000000053,311.6776017072334,H1+H2,25952.16786421454,25950.68193354099,-1.4859306735521132,236,209,311.6776017072334,bayes_h1h2_marginal_boundary,measured_graph,6.214872476026768e-69,0.19780774131076734,0.03446001007411846,31,h1:h1_z;h2:h2_z
0.1,1.0000000001710925,1.0000000000000022,335.56463627474295,H1+H2,25940.40173780488,25938.738416257234,-1.663321547646544,236,209,335.56463627474295,bayes_h1h2_marginal_boundary,measured_graph,4.040439152692208e-74,0.1995429338544636,0.03529696335968912,31,h1:h1_z;h2:h2_z
1e-05,1.000000000018069,0.999998927049057,69.07496667692612,H1+H2,21656.677839177923,21654.310152594055,-2.3676865838692702,200,170,69.07496667692612,bayes_h1h2_marginal_boundary,measured_graph,4.446877264407968e-16,0.293299637767314,0.025943979913769878,32,h1:h1_z;h2:h2_z
1.2589254117941661e-05,1.000000000037315,0.9999976485678364,64.70739377223072,H1+H2,21658.649016504365,21656.493939046402,-2.155077457963703,200,170,64.70739377223072,bayes_h1h2_marginal_boundary,measured_graph,3.948767365569655e-15,0.2933003194061251,0.025626817998780728,32,h1:h1_z;h2:h2_z
1.584893192461114e-05,1.0000000000805176,0.9999969563093948,59.173592077189824,H1+H2,21661.213308225982,21659.260839893923,-1.952468332058134,200,170,59.173592077189824,bayes_h1h2_marginal_boundary,measured_graph,6.282193641066584e-14,0.2933005913344171,0.025277234603491374,32,h1:h1_z;h2:h2_z
1.9952623149688786e-05,1.0000000001795875,0.9999979556130273,52.72745325206051,H1+H2,21664.24376851264,21662.483909306487,-1.7598592061525666,200,170,52.72745325206051,bayes_h1h2_marginal_boundary,measured_graph,1.5771484720530925e-12,0.2933000047780256,0.024948202768847634,32,h1:h1_z;h2:h2_z
2.5118864315095822e-05,1.0000000004100302,0.9999993247910105,45.99519130365661,H1+H2,21667.427290360938,21665.85004028069,-1.5772500802469966,200,170,45.99519130365661,bayes_h1h2_marginal_boundary,measured_graph,4.568405934261712e-11,0.2932977970376397,0.024687119617260264,32,h1:h1_z;h2:h2_z
3.1622776601683795e-05,1.0000000009513252,0.9999998855742886,39.73768924899923,H1+H2,21670.38343226236,21668.978791308018,-1.404640954341429,200,170,39.73768924899923,bayes_h1h2_marginal_boundary,measured_graph,1.0436719067613257e-09,0.29329270103128285,0.024508978028669665,32,h1:h1_z;h2:h2_z
3.9810717055349695e-05,1.0000000022285926,0.9999990704513253,34.50224328328477,H1+H2,21672.83854611931,21671.596514290875,-1.2420318284358616,200,170,34.50224328328477,bayes_h1h2_marginal_boundary,measured_graph,1.4302983578718842e-08,0.29328265360519806,0.024398816748513318,32,h1:h1_z;h2:h2_z
5.011872336272725e-05,1.0000000052297915,0.9999998810561801,30.465686057388666,H1+H2,21674.704215606354,21673.614792903823,-1.089422702530293,200,170,30.465686057388666,bayes_h1h2_marginal_boundary,measured_graph,1.0763509651347028e-07,0.2932643654864202,0.024331332255641203,32,h1:h1_z;h2:h2_z
6.309573444801929e-05,1.000000012156528,0.9999999880241558,27.508345884401933,H1+H2,21676.040276566942,21675.093462990317,-0.9468135766247254,200,170,27.508345884401933,bayes_h1h2_marginal_boundary,measured_graph,4.7220672047454516e-07,0.29323272823412755,0.024285040995789847,32,h1:h1_z;h2:h2_z
7.943282347242822e-05,1.0000000275454732,0.9999999989821491,25.367105359051493,H1+H2,21676.97828770371,21676.164083252992,-0.8142044507191568,200,170,25.367105359051493,bayes_h1h2_marginal_boundary,measured_graph,1.3775159494226287e-06,0.2931800975869919,0.02424581683683636,32,h1:h1_z;h2:h2_z
0.0001,1.0000000594787235,0.9999999999206627,23.751165221139672,H1+H2,21677.66364864676,21676.972053321948,-0.6915953248135883,200,170,23.751165221139672,bayes_h1h2_marginal_boundary,measured_graph,3.090249739418514e-06,0.29309567823109856,0.0242053357996095,32,h1:h1_z;h2:h2_z
0.00012589254117941674,1.0000001185462914,0.9999999727846126,22.39738748592208,H1+H2,21678.227928388464,21677.648942189557,-0.5789861989080206,200,170,22.39738748592208,bayes_h1h2_marginal_boundary,measured_graph,6.080827429341424e-06,0.29296564490000454,0.024158594072435653,32,h1:h1_z;h2:h2_z
0.00015848931924611142,1.0000002087133963,0.9999999954756676,21.084684230358107,H1+H2,21678.78167089034,21678.30529381734,-0.47637707300245236,200,170,21.084684230358107,bayes_h1h2_marginal_boundary,measured_graph,1.1722292898912258e-05,0.2927752911698067,0.024102121657857755,32,h1:h1_z;h2:h2_z
0.00019952623149688788,1.0000003065199952,0.9999999992638637,19.631794214219553,H1+H2,21679.415506772504,21679.031738825408,-0.38376794709688455,200,170,19.631794214219553,bayes_h1h2_marginal_boundary,measured_graph,2.4238382075714035e-05,0.29251493117090277,0.024033010524063803,32,h1:h1_z;h2:h2_z
0.0002511886431509582,1.000000350923843,0.9999999998813781,17.895291249544243,H1+H2,21680.201149128938,21679.899990307746,-0.30115882119131615,200,170,17.895291249544243,bayes_h1h2_marginal_boundary,measured_graph,5.7753785397347914e-05,0.29218988615935465,0.0239485066632926,32,h1:h1_z;h2:h2_z
0.00031622776601683794,1.0000002927691605,0.9999999999810262,15.776149215525948,H1+H2,21681.18811102004,21680.959561324755,-0.22854969528574837,200,170,15.776149215525948,bayes_h1h2_marginal_boundary,measured_graph,0.0001666273550560734,0.29182972575442734,0.023845999059702513,32,h1:h1_z;h2:h2_z
0.00039810717055349735,1.0000001695580907,0.999999999996975,13.234640447633865,H1+H2,21682.39625627808,21682.2303157087,-0.16594056938017995,200,170,13.234640447633865,bayes_h1h2_marginal_boundary,measured_graph,0.0005937832158182925,0.29148610495808663,0.02372336843214005,32,h1:h1_z;h2:h2_z
0.0005011872336272725,1.000000067517704,0.9999999999994252,10.307301016771817,H1+H2,21683.807316867606,21683.693985424132,-0.11333144347461188,200,170,10.307301016771817,bayes_h1h2_marginal_boundary,measured_graph,0.0025662064852704602,0.29121398372225166,0.023579801837394807,32,h1:h1_z;h2:h2_z
0.000630957344480193,1.0000000192268603,0.9999999999998879,7.1265044206011225,H1+H2,21685.355106039788,21685.284383722217,-0.07072231756904392,200,170,7.1265044206011225,bayes_h1h2_marginal_boundary,measured_graph,0.012589045496288248,0.2910502308879663,0.02341728847157028,32,h1:h1_z;h2:h2_z
0.0007943282347242822,1.0000000042517392,0.9999999999999863,3.9621293507152586,H1+H2,21686.904684448822,21686.86657125716,-0.03811319166347554,200,170,3.9621293507152586,bayes_h1h2_marginal_boundary,measured_graph,0.061253106450143376,0.29101042135882305,0.02324304487930843,32,h1:h1_z;h2:h2_z
0.001,1.0000000008140826,0.999999999999995,1.3079710647871252,H1+H2,21688.209154465883,21688.193650400124,-0.015504065757907535,200,170,1.3079710647871252,bayes_h1h2_marginal_boundary,measured_graph,0.23092516769259985,0.29110486655886075,0.023072905951978598,32,h1:h1_z;h2:h2_z
0.0012589254117941675,1.0000000001516174,1.000000000000008,-0.0,H1+H2,21688.85053087237,21688.847635932518,-0.0028949398523394052,200,170,-0.0,bayes_h1h2_marginal_boundary,measured_graph,0.44411309170658314,0.2913582931856663,0.02293496636128016,32,h1:h1_z;h2:h2_z
0.001584893192461114,1.0000000000305598,0.9999999999999984,1.2928728811602923,H1+H2,21688.201485305883,21688.201199491938,-0.0002858139467712683,200,170,1.2928728811602923,bayes_h1h2_marginal_boundary,measured_graph,0.23267503964731498,0.2918224410035926,0.022871368896989496,32,h1:h1_z;h2:h2_z
0.0019952623149688807,1.000000030410257,0.9999999999999997,6.781219223965309,H1+H2,21685.464703008576,21685.457026320535,-0.007676688041203171,200,170,6.781219223965309,bayes_h1h2_marginal_boundary,measured_graph,0.014961341321678636,0.29258017237723033,0.022935217644336002,32,h1:h1_z;h2:h2_z
0.002511886431509582,1.0000000132253941,0.9999999999999971,18.11569138502091,H1+H2,21679.814857802143,21679.789790240007,-0.025067562135635053,200,170,18.11569138502091,bayes_h1h2_marginal_boundary,measured_graph,5.1727462369809196e-05,0.29374111519122464,0.023181929715872747,32,h1:h1_z;h2:h2_z
0.0031622776601683794,1.0000000066761559,1.0000000000000004,36.653882026505016,H1+H2,21670.573153355494,21670.520694919265,-0.05245843623006681,200,170,36.653882026505016,bayes_h1h2_marginal_boundary,measured_graph,4.877578002805398e-09,0.2954278339482816,0.023660334437988286,32,h1:h1_z;h2:h2_z
0.003981071705534973,1.0000000040008037,0.9999999999999984,63.269212689650885,H1+H2,21657.302878898015,21657.213029587692,-0.08984931032449865,200,170,63.269212689650885,bayes_h1h2_marginal_boundary,measured_graph,8.105104206372845e-15,0.2977576649514002,0.024410173619168793,32,h1:h1_z;h2:h2_z
0.005011872336272725,1.0000000029579428,1.000000000000003,98.28378505144065,H1+H2,21639.842983591217,21639.705743406797,-0.13724018441893068,200,170,98.28378505144065,bayes_h1h2_marginal_boundary,measured_graph,2.020416103873551e-22,0.3008368553198188,0.025461612644192052,32,h1:h1_z;h2:h2_z
0.006309573444801936,1.0000000027512095,1.0000000000000069,141.2602861485866,H1+H2,21618.412123916736,21618.217492858224,-0.19463105851336257,200,170,141.2602861485866,bayes_h1h2_marginal_boundary,measured_graph,9.401825415712011e-32,0.3047822433488232,0.026822426141232713,32,h1:h1_z;h2:h2_z
0.00794328234724282,1.0000000030975962,1.0000000000000029,190.68473258985614,H1+H2,21593.7672915702,21593.50526963759,-0.26202193260779433,200,170,190.68473258985614,bayes_h1h2_marginal_boundary,measured_graph,1.74112520347378e-42,0.30975461936148163,0.02845105071386924,32,h1:h1_z;h2:h2_z
0.01,1.0000000038879164,1.0000000000000047,244.00285060040915,H1+H2,21567.185623439014,21566.846210632313,-0.3394128067022262,200,170,244.00285060040915,bayes_h1h2_marginal_boundary,measured_graph,4.602012388270792e-54,0.31595305050361866,0.030239922676991014,32,h1:h1_z;h2:h2_z
0.012589254117941675,1.0000000049893063,0.9999999999999826,298.2347447714419,H1+H2,21540.157067227592,21539.730263546797,-0.42680368079665804,200,170,298.2347447714419,bayes_h1h2_marginal_boundary,measured_graph,7.702675329881911e-66,0.3235265826123618,0.03203684642275361,32,h1:h1_z;h2:h2_z
0.01584893192461114,1.0000000060812062,1.0000000000000007,350.7025002034861,H1+H2,21514.020580385666,21513.496385830775,-0.5241945548910899,200,170,350.7025002034861,bayes_h1h2_marginal_boundary,measured_graph,3.1146787623371006e-77,0.33241677615652077,0.033697818481776186,32,h1:h1_z;h2:h2_z
0.01995262314968881,1.0000000066120815,1.00000000000001,399.3314971209693,H1+H2,21489.81347280102,21489.181887372033,-0.6315854289855218,200,170,399.3314971209693,bayes_h1h2_marginal_boundary,measured_graph,8.585404283260279e-88,0.3422242575403319,0.035132170461349574,32,h1:h1_z;h2:h2_z
0.025118864315095822,1.0000000060750271,0.9999999999999993,442.6159367892178,H1+H2,21468.288643840988,21467.53966753791,-0.7489763030799538,200,170,442.6159367892178,bayes_h1h2_marginal_boundary,measured_graph,3.4250277979845576e-97,0.3522338724575129,0.03631201854117748,32,h1:h1_z;h2:h2_z
0.03162277660168379,1.000000004503608,0.9999999999999974,479.6427494374875,H1+H2,21449.902628390948,21449.026261213774,-0.8763671771743852,200,170,479.6427494374875,bayes_h1h2_marginal_boundary,measured_graph,3.121719612051684e-105,0.36164574383388426,0.03725327781372988,32,h1:h1_z;h2:h2_z
0.039810717055349734,1.0000000025810498,0.9999999999999983,510.22553527082346,H1+H2,21434.748626348373,21433.734868297106,-1.0137580512688171,200,170,510.22553527082346,bayes_h1h2_marginal_boundary,measured_graph,7.135531513510689e-112,0.3698744778403524,0.03799164784898863,32,h1:h1_z;h2:h2_z
0.05011872336272725,1.0000000010857384,1.000000000000001,534.9210157007838,H1+H2,21422.54827700749,21421.387128082126,-1.1611489253632492,200,170,534.9210157007838,bayes_h1h2_marginal_boundary,measured_graph,3.096498608380842e-117,0.3767104764644436,0.03856826273089559,32,h1:h1_z;h2:h2_z
0.06309573444801936,1.0000000003095855,1.0000000000000004,554.8334664662616,H1+H2,21412.749442498844,21411.430902699387,-1.3185397994576809,200,170,554.8334664662616,bayes_h1h2_marginal_boundary,measured_graph,1.4687136963356036e-121,0.3822756910067106,0.03902567695853644,32,h1:h1_z;h2:h2_z
0.07943282347242822,1.0000000000533456,1.0000000000000004,571.3019619642364,H1+H2,21404.682585623952,21403.1966549504,-1.4859306735521132,200,170,571.3019619642364,bayes_h1h2_marginal_boundary,measured_graph,3.898062380659891e-125,0.386863652499149,0.03940763355537492,32,h1:h1_z;h2:h2_z
0.1,1.0000000000058291,1.0000000000000004,585.5830075849881,H1+H2,21397.71945368767,21396.056132140024,-1.663321547646544,200,170,585.5830075849881,bayes_h1h2_marginal_boundary,measured_graph,3.088581959554423e-128,0.39077922830073847,0.03975659436438427,32,h1:h1_z;h2:h2_z
1e-05,1.000000032386725,1.0000001347880703,125.05974250662257,H1+H2,16567.742968246388,16565.37528166252,-2.3676865838692702,152,133,125.05974250662257,bayes_h1h2_marginal_boundary,measured_graph,4.972909414759936e-28,0.33094927701164456,0.03248052631436355,33,h1:h1_z;h2:h2_z
1.2589254117941661e-05,1.0000000469856591,1.0000000003822545,124.6232732330609,H1+H2,16567.748593757264,16565.5935162993,-2.155077457963703,152,133,124.6232732330609,bayes_h1h2_marginal_boundary,measured_graph,6.185697058419882e-28,0.3309437118562162,0.03247192034844437,33,h1:h1_z;h2:h2_z
1.584893192461114e-05,1.000000066578291,1.000000001086069,124.20418310203968,H1+H2,16567.75552969687,16565.80306136481,-1.952468332058134,152,133,124.20418310203968,bayes_h1h2_marginal_boundary,measured_graph,7.6276878587769115e-28,0.3309356744766381,0.03245949499204829,33,h1:h1_z;h2:h2_z
1.9952623149688786e-05,1.0000000917555547,1.0000000025996738,123.80305591854994,H1+H2,16567.763484162708,16566.003624956556,-1.7598592061525666,152,133,123.80305591854994,bayes_h1h2_marginal_boundary,measured_graph,9.321731159645401e-28,0.33092392289058853,0.03244231843746298,33,h1:h1_z;h2:h2_z
2.5118864315095822e-05,1.0000001234399933,1.0000000048895707,123.42253439056367,H1+H2,16567.7711358008,16566.19388572055,-1.5772500802469966,152,133,123.42253439056367,bayes_h1h2_marginal_boundary,measured_graph,1.1275239447419397e-27,0.3309065438241685,0.03242003132291949,33,h1:h1_z;h2:h2_z
3.1622776601683795e-05,1.000000164450417,1.0000000066503651,123.06946017403243,H1+H2,16567.775063783156,16566.370422828815,-1.404640954341429,152,133,123.06946017403243,bayes_h1h2_marginal_boundary,measured_graph,1.3452248011059673e-27,0.33088057852862907,0.03239352967610833,33,h1:h1_z;h2:h2_z
3.9810717055349695e-05,1.0000002222672209,1.000000006047796,122.75727766714408,H1+H2,16567.768545910694,16566.52651408226,-1.2420318284358616,152,133,122.75727766714408,bayes_h1h2_marginal_boundary,measured_graph,1.5724774840183535e-27,0.3308414418998669,0.032365325566209295,33,h1:h1_z;h2:h2_z
5.011872336272725e-05,1.0000003134986524,1.000000003484613,122.50609253388393,H1+H2,16567.74152935142,16566.65210664889,-1.089422702530293,152,133,122.50609253388393,bayes_h1h2_marginal_boundary,measured_graph,1.7829066064985402e-27,0.3307820289352621,0.032338866595352615,33,h1:h1_z;h2:h2_z
6.309573444801929e-05,1.0000004723881375,1.0000000012573003,122.33663965424785,H1+H2,16567.683646665333,16566.736833088707,-0.9468135766247254,152,133,122.33663965424785,bayes_h1h2_marginal_boundary,measured_graph,1.9405499210174774e-27,0.3306913621316058,0.0323168642584483,33,h1:h1_z;h2:h2_z
7.943282347242822e-05,1.000000002409151,1.0000002272628783,122.25803819240537,H1+H2,16567.590338270347,16566.77613381963,-0.8142044507191568,152,133,122.25803819240537,bayes_h1h2_marginal_boundary,measured_graph,2.0183334139315935e-27,0.3305527281974554,0.03229996277432607,33,h1:h1_z;h2:h2_z
0.0001,1.000000005566689,1.0000000675862117,122.25598802718014,H1+H2,16567.468754227055,16566.77715890224,-0.6915953248135883,152,133,122.25598802718014,bayes_h1h2_marginal_boundary,measured_graph,2.0204034332097935e-27,0.3303404822602024,0.03228689882857828,33,h1:h1_z;h2:h2_z
0.00012589254117941674,1.0000000139757956,1.0000000168419674,122.28796551953565,H1+H2,16567.34015635497,16566.761170156064,-0.5789861989080206,152,133,122.28796551953565,bayes_h1h2_marginal_boundary,measured_graph,1.9883565926409952e-27,0.3300170956222649,0.032275569438067475,33,h1:h1_z;h2:h2_z
0.00015848931924611142,1.0000000363295245,1.0000000037493992,122.28486063198216,H1+H2,16567.239099672843,16566.76272259984,-0.47637707300245236,152,133,122.28486063198216,bayes_h1h2_marginal_boundary,measured_graph,1.991445801750483e-27,0.3295293005836147,0.03226394795712431,33,h1:h1_z;h2:h2_z
0.00019952623149688788,1.0000000918705774,1.0000000008003014,122.15357211363153,H1+H2,16567.212134806112,16566.828366859016,-0.38376794709688455,152,133,122.15357211363153,bayes_h1h2_marginal_boundary,measured_graph,2.1265589727995843e-27,0.3288070157371854,0.03225032343116595,33,h1:h1_z;h2:h2_z
0.0002511886431509582,1.0000002093061389,1.0000000001794467,121.7781745768225,H1+H2,16567.317224448612,16567.01606562742,-0.30115882119131615,152,133,121.7781745768225,bayes_h1h2_marginal_boundary,measured_graph,2.5656296756064487e-27,0.32777000438496967,0.032233143585746145,33,h1:h1_z;h2:h2_z
0.00031622776601683794,1.0000003911867448,1.0000000000478986,121.02389137494902,H1+H2,16567.621756923643,16567.393207228357,-0.22854969528574837,152,133,121.02389137494902,bayes_h1h2_marginal_boundary,measured_graph,3.740972247988949e-27,0.3263512313827109,0.03221074016314296,33,h1:h1_z;h2:h2_z
0.00039810717055349735,1.0000005370871659,1.0000000000174538,119.75381222549186,H1+H2,16568.194187372465,16568.028246803085,-0.16594056938017995,152,133,119.75381222549186,bayes_h1h2_marginal_boundary,measured_graph,7.059576837846927e-27,0.3245429922540951,0.0321810615484821,33,h1:h1_z;h2:h2_z
0.0005011872336272725,1.0000004820891637,1.0000000000092821,117.86783580343763,H1+H2,16569.084566457586,16568.971235014113,-0.11333144347461188,152,133,117.86783580343763,bayes_h1h2_marginal_boundary,measured_graph,1.8126470396128316e-26,0.3224489568895445,0.032141438881377805,33,h1:h1_z;h2:h2_z
0.000630957344480193,1.0000002568138535,1.0000000000066056,115.35542779465322,H1+H2,16570.298161336075,16570.227439018505,-0.07072231756904392,152,133,115.35542779465322,bayes_h1h2_marginal_boundary,measured_graph,6.366133084480881e-26,0.3202846567669726,0.032088413013587766,33,h1:h1_z;h2:h2_z
0.0007943282347242822,1.0000000778696898,1.0000000000056597,112.31812733086554,H1+H2,16571.78420244206,16571.7460892504,-0.03811319166347554,152,133,112.31812733086554,bayes_h1h2_marginal_boundary,measured_graph,2.9068132355378687e-25,0.3182768086740883,0.03201772543517552,33,h1:h1_z;h2:h2_z
0.001,1.0000012039907717,1.0000000000053157,108.91423201980797,H1+H2,16573.463540971687,16573.448036905927,-0.015504065757907535,152,133,108.91423201980797,bayes_h1h2_marginal_boundary,measured_graph,1.5942763521712378e-24,0.3165237444765677,0.03192471526597458,33,h1:h1_z;h2:h2_z
0.0012589254117941675,1.0000002391504363,1.0000000000050313,105.25540638367966,H1+H2,16575.280344663843,16575.27744972399,-0.0028949398523394052,152,133,105.25540638367966,bayes_h1h2_marginal_boundary,measured_graph,9.932704064753741e-24,0.3149507960534888,0.031805520344515,33,h1:h1_z;h2:h2_z
0.001584893192461114,1.0000000415948638,1.0000000000048308,101.35717885975464,H1+H2,16577.2268492999,16577.226563485954,-0.0002858139467712683,152,133,101.35717885975464,bayes_h1h2_marginal_boundary,measured_graph,6.975202939961859e-23,0.31337799880642486,0.03165944447916402,33,h1:h1_z;h2:h2_z
0.0019952623149688807,1.0000000078966138,1.0000000000045146,97.19332328209566,H1+H2,16579.316167962825,16579.308491274784,-0.007676688041203171,152,133,97.19332328209566,bayes_h1h2_marginal_boundary,measured_graph,5.594053275690953e-22,0.31161620014265956,0.031492175532815046,33,h1:h1_z;h2:h2_z
0.002511886431509582,1.0000000020822177,1.0000000000041291,92.80472964467481,H1+H2,16581.52785565563,16581.502788093494,-0.025067562135635053,152,133,92.80472964467481,bayes_h1h2_marginal_boundary,measured_graph,5.019929271044562e-21,0.3095275304559394,0.03131797457016235,33,h1:h1_z;h2:h2_z
0.0031622776601683794,1.0000000008627608,1.000000000003706,88.36598899222008,H1+H2,16583.77461685595,16583.72215841972,-0.05245843623006681,152,133,88.36598899222008,bayes_h1h2_marginal_boundary,measured_graph,4.619105526675614e-20,0.3070559856213309,0.031157714740206417,33,h1:h1_z;h2:h2_z
0.003981071705534973,1.0000000005169345,1.0000000000033575,84.1431762772263,H1+H2,16585.92341408754,16585.83356477722,-0.08984931032449865,152,133,84.1431762772263,bayes_h1h2_marginal_boundary,measured_graph,3.8153116111320625e-19,0.30423543371626716,0.03103141230497118,33,h1:h1_z;h2:h2_z
0.005011872336272725,1.00000000037547,1.000000000003093,80.35193236985651,H1+H2,16587.866426915323,16587.729186730903,-0.13724018441893068,152,133,80.35193236985651,bayes_h1h2_marginal_boundary,measured_graph,2.5397336227505416e-18,0.30116415214106984,0.030948768710373283,33,h1:h1_z;h2:h2_z
0.006309573444801936,1.000000000291249,1.0000000000029143,77.00200464805675,H1+H2,16589.598781650315,16589.404150591803,-0.19463105851336257,152,133,77.00200464805675,bayes_h1h2_marginal_boundary,measured_graph,1.3558627539626356e-17,0.29794410146901745,0.030904149496374673,33,h1:h1_z;h2:h2_z
0.00794328234724282,1.0000000002304432,1.0000000000028024,73.8363217932856,H1+H2,16591.249013951798,16590.98699201919,-0.26202193260779433,152,133,73.8363217932856,bayes_h1h2_marginal_boundary,measured_graph,6.601384487648903e-17,0.29461805574434885,0.030879504369696702,33,h1:h1_z;h2:h2_z
0.01,1.0000000001878189,1.0000000000026998,70.40383358830877,H1+H2,16593.04264892838,16592.703236121677,-0.3394128067022262,152,133,70.40383358830877,bayes_h1h2_marginal_boundary,measured_graph,3.6727415788178027e-16,0.2911440775302605,0.030852881104208762,33,h1:h1_z;h2:h2_z
0.012589254117941675,1.0000000001638678,1.000000000002482,66.19709814445378,H1+H2,16595.2334075244,16594.806603843605,-0.42680368079665804,152,133,66.19709814445378,bayes_h1h2_marginal_boundary,measured_graph,3.009340754449032e-15,0.28740978700691433,0.030806895683006114,33,h1:h1_z;h2:h2_z
0.01584893192461114,1.0000000001601688,1.0000000000022042,60.75845600607863,H1+H2,16598.050119467684,16597.525924912792,-0.5241945548910899,152,133,60.75845600607863,bayes_h1h2_marginal_boundary,measured_graph,4.565175748870544e-14,0.2832623296154116,0.03073305099067286,33,h1:h1_z;h2:h2_z
0.01995262314968881,1.0000000001812177,1.0000000000019524,53.72894577210536,H1+H2,16601.672265458765,16601.04068002978,-0.6315854289855218,152,133,53.72894577210536,bayes_h1h2_marginal_boundary,measured_graph,1.534250431465327e-12,0.2785409548124904,0.03063158342678329,33,h1:h1_z;h2:h2_z
0.025118864315095822,1.0000000002395009,1.0000000000016553,44.887084693982615,H1+H2,16606.21058687192,16605.46161056884,-0.7489763030799538,152,133,44.887084693982615,bayes_h1h2_marginal_boundary,measured_graph,1.2760920177959266e-10,0.27311765671419636,0.030509302144590102,33,h1:h1_z;h2:h2_z
0.03162277660168379,1.0000000003645375,1.0000000000013978,34.25706448901474,H1+H2,16611.652987848498,16610.776620671324,-0.8763671771743852,152,133,34.25706448901474,bayes_h1h2_marginal_boundary,measured_graph,2.595144536340342e-08,0.2669581679409515,0.030379067816431238,33,h1:h1_z;h2:h2_z
0.039810717055349734,1.0000000006225536,1.0000000000011777,22.3664290401357,H1+H2,16617.73569644703,16616.721938395764,-1.0137580512688171,152,133,22.3664290401357,bayes_h1h2_marginal_boundary,measured_graph,9.91243224402108e-06,0.26021526962543245,0.030264110551772163,33,h1:h1_z;h2:h2_z
0.05011872336272725,1.0000000011511219,1.00000000000129,10.664049067010637,H1+H2,16623.73427730769,16622.573128382326,-1.1611489253632492,152,133,10.664049067010637,bayes_h1h2_marginal_boundary,measured_graph,0.0034460355663652248,0.2533411852416874,0.0302084528338427,33,h1:h1_z;h2:h2_z
0.06309573444801936,1.000000002192347,1.0000000000028666,1.9021348984970246,H1+H2,16628.27262526604,16626.954085466583,-1.3185397994576809,152,133,1.9021348984970246,bayes_h1h2_marginal_boundary,measured_graph,0.27538814623289015,0.24713237987387401,0.03029206242626805,33,h1:h1_z;h2:h2_z
0.07943282347242822,1.0000000040467865,1.0000000000112008,-0.0,H1+H2,16629.391083589384,16627.90515291583,-1.4859306735521132,152,133,-0.0,bayes_h1h2_marginal_boundary,measured_graph,0.7128342982371296,0.2425629372857784,0.030644077344339313,33,h1:h1_z;h2:h2_z
0.1,1.0000000068702994,1.0000000000481704,8.900793355263886,H1+H2,16625.118077785846,16623.4547562382,-1.663321547646544,152,133,8.900793355263886,bayes_h1h2_marginal_boundary,measured_graph,0.00832158145073318,0.24038647625662032,0.03143497380133167,33,h1:h1_z;h2:h2_z
1e-05,1.0000000006313725,1.0000000007155436,5.656528151157545,H1+H2,25795.129161318888,25792.76147473502,-2.3676865838692702,210,229,5.656528151157545,bayes_h1h2_marginal_boundary,measured_graph,0.007985180895630979,0.17921517982028715,0.03699911645900669,34,h1:h1_z;h2:h2_z
1.2589254117941661e-05,1.0000000007562215,1.0000000024176772,5.170297901844606,H1+H2,25795.15966731764,25793.004589859676,-2.155077457963703,210,229,5.170297901844606,bayes_h1h2_marginal_boundary,measured_graph,0.01018282584477907,0.17921579707859314,0.036987818684434286,34,h1:h1_z;h2:h2_z
1.584893192461114e-05,1.0000000009362429,1.0000000074772766,4.668527799156436,H1+H2,25795.20794324308,25793.25547491102,-1.952468332058134,210,229,4.668527799156436,bayes_h1h2_marginal_boundary,measured_graph,0.013086584373537503,0.17921653593882733,0.036970885881916146,34,h1:h1_z;h2:h2_z
1.9952623149688786e-05,1.0000000011836108,1.000000020241094,4.135552002495388,H1+H2,25795.281822015502,25793.52196280935,-1.7598592061525666,210,229,4.135552002495388,bayes_h1h2_marginal_boundary,measured_graph,0.017082858095652367,0.17921740587579682,0.03694641849164636,34,h1:h1_z;h2:h2_z
2.5118864315095822e-05,1.0000000015020192,1.0000000451575064,3.5538714642534615,H1+H2,25795.39005315872,25793.812803078472,-1.5772500802469966,210,229,3.5538714642534615,bayes_h1h2_marginal_boundary,measured_graph,0.022849192539896052,0.1792184063528064,0.03691289371764758,34,h1:h1_z;h2:h2_z
3.1622776601683795e-05,1.0000000018797757,1.0000000769808646,2.910197445729864,H1+H2,25795.539281042074,25794.134640087734,-1.404640954341429,210,229,2.910197445729864,bayes_h1h2_marginal_boundary,measured_graph,0.03152411437128868,0.17921951744342068,0.036870306286854386,34,h1:h1_z;h2:h2_z
3.9810717055349695e-05,1.000000002290442,1.0000000922852628,2.207581633927475,H1+H2,25795.72797982207,25794.485947993635,-1.2420318284358616,210,229,2.207581633927475,bayes_h1h2_marginal_boundary,measured_graph,0.044793394952538104,0.1792206846991656,0.03682152563481543,34,h1:h1_z;h2:h2_z
5.011872336272725e-05,1.000000002708101,1.0000000722622557,1.4811307899508392,H1+H2,25795.938596118154,25794.849173415623,-1.089422702530293,210,229,1.4811307899508392,bayes_h1h2_marginal_boundary,measured_graph,0.0644111088847529,0.17922179566729457,0.03677264830174841,34,h1:h1_z;h2:h2_z
6.309573444801929e-05,1.0000000031315186,1.0000000353923633,0.8058313739893492,H1+H2,25796.13363670023,25795.186823123604,-0.9468135766247254,210,229,0.8058313739893492,bayes_h1h2_marginal_boundary,measured_graph,0.09028179410496541,0.1792226452351239,0.036731025295317306,34,h1:h1_z;h2:h2_z
7.943282347242822e-05,1.0000000035996552,1.0000000108675344,0.28189811664196895,H1+H2,25796.262994202996,25795.448789752278,-0.8142044507191568,210,229,0.28189811664196895,bayes_h1h2_marginal_boundary,measured_graph,0.11731967255914451,0.1792228883032584,0.03670176060828602,34,h1:h1_z;h2:h2_z
0.0001,1.0000000041897585,1.0000000021924924,-0.0,H1+H2,25796.281334135412,25795.5897388106,-0.6915953248135883,210,229,-0.0,bayes_h1h2_marginal_boundary,measured_graph,0.13507788140875138,0.1792219839739719,0.036685733903621676,34,h1:h1_z;h2:h2_z
0.00012589254117941674,1.0000000050023483,1.0000000003129574,0.011591559232329018,H1+H2,25796.16292922989,25795.583943030982,-0.5789861989080206,210,229,0.011591559232329018,bayes_h1h2_marginal_boundary,measured_graph,0.13429726410516168,0.17921915135566396,0.03668069129963341,34,h1:h1_z;h2:h2_z
0.00015848931924611142,1.000000006126385,1.0000000699872997,0.3252884480461944,H1+H2,25795.903471659578,25795.427094586576,-0.47637707300245236,210,229,0.3252884480461944,bayes_h1h2_marginal_boundary,measured_graph,0.11480181425745685,0.1792133931134871,0.03668365333152763,34,h1:h1_z;h2:h2_z
0.00019952623149688788,1.000000007546444,1.0000000140438525,0.9248163718802971,H1+H2,25795.511098571755,25795.12733062466,-0.38376794709688455,210,229,0.9248163718802971,bayes_h1h2_marginal_boundary,measured_graph,0.08506735253452222,0.179203708232394,0.03669250983751132,34,h1:h1_z;h2:h2_z
0.0002511886431509582,1.0000000089552465,1.0000000025976152,1.7916715782921528,H1+H2,25794.995061842645,25794.693903021453,-0.30115882119131615,210,229,1.7916715782921528,bayes_h1h2_marginal_boundary,measured_graph,0.055147737604488656,0.17918969356740036,0.03670639616504322,34,h1:h1_z;h2:h2_z
0.00031622776601683794,1.0000000095980788,1.0000000004602758,2.921942030217906,H1+H2,25794.357317490776,25794.12876779549,-0.22854969528574837,210,229,2.921942030217906,bayes_h1h2_marginal_boundary,measured_graph,0.03133953803247569,0.17917271864706777,0.036725515524390004,34,h1:h1_z;h2:h2_z
0.00039810717055349735,1.0000000086166314,1.0000000000822993,4.336461658553162,H1+H2,25793.5874485507,25793.421507981322,-0.16594056938017995,210,229,4.336461658553162,bayes_h1h2_marginal_boundary,measured_graph,0.015450180438509561,0.17915750360805513,0.03675089222621885,34,h1:h1_z;h2:h2_z
0.0005011872336272725,1.0000000060790082,1.0000000000159048,6.086466939726961,H1+H2,25792.65983678421,25792.546505340735,-0.11333144347461188,210,229,6.086466939726961,bayes_h1h2_marginal_boundary,measured_graph,0.006440576415070318,0.17915310043172192,0.036784252569916284,34,h1:h1_z;h2:h2_z
0.000630957344480193,1.0000000033172687,1.0000000000037672,8.25538644525659,H1+H2,25791.53276790554,25791.46204558797,-0.07072231756904392,210,229,8.25538644525659,bayes_h1h2_marginal_boundary,measured_graph,0.002177458320974287,0.17917176227950904,0.036828017800126595,34,h1:h1_z;h2:h2_z
0.0007943282347242822,1.0000000015101485,1.0000000000011198,10.955506274753134,H1+H2,25790.150098864884,25790.111985673222,-0.03811319166347554,210,229,10.955506274753134,bayes_h1h2_marginal_boundary,measured_graph,0.0005644510427196561,0.17922569321593576,0.03688533728781379,34,h1:h1_z;h2:h2_z
0.001,1.000000000688455,1.0000000000007752,14.319995514350012,H1+H2,25788.445245119183,25788.429741053424,-0.015504065757907535,210,229,14.319995514350012,bayes_h1h2_marginal_boundary,measured_graph,0.00010496311820129573,0.1793246123686782,0.036960066213316906,34,h1:h1_z;h2:h2_z
0.0012589254117941675,1.000000000388655,1.0000000000003786,18.494829276562086,H1+H2,25786.34521911217,25786.342324172318,-0.0028949398523394052,210,229,18.494829276562086,bayes_h1h2_marginal_boundary,measured_graph,1.3016166374236149e-05,0.17947704334600242,0.037056583266833414,34,h1:h1_z;h2:h2_z
0.001584893192461114,1.0000000002970026,1.0000000000002487,23.635631391080096,H1+H2,25783.772208929004,25783.77192311506,-0.0002858139467712683,210,229,23.635631391080096,bayes_h1h2_marginal_boundary,measured_graph,9.957999398897441e-07,0.1796944140697945,0.037179408601746435,34,h1:h1_z;h2:h2_z
0.0019952623149688807,1.0000000002850935,1.0000000000002847,29.912599541945383,H1+H2,25780.641115727667,25780.633439039626,-0.007676688041203171,210,229,29.912599541945383,bayes_h1h2_marginal_boundary,measured_graph,4.316639497393906e-08,0.17999493610857806,0.03733283733278051,34,h1:h1_z;h2:h2_z
0.002511886431509582,1.0000000003052785,1.0000000000001426,37.530011605536856,H1+H2,25776.849800569966,25776.82473300783,-0.025067562135635053,210,229,37.530011605536856,bayes_h1h2_marginal_boundary,measured_graph,9.572949489593986e-10,0.18040571462642513,0.037521237828498505,34,h1:h1_z;h2:h2_z
0.0031622776601683794,1.000000000339178,1.000000000000179,46.76731839833519,H1+H2,25772.25853804766,25772.20607961143,-0.05245843623006681,210,229,46.76731839833519,bayes_h1h2_marginal_boundary,measured_graph,9.444741666210884e-12,0.18096298156685778,0.03775072580055502,34,h1:h1_z;h2:h2_z
0.003981071705534973,1.000000000381628,1.0000000000000182,58.02277072470315,H1+H2,25766.66820275857,25766.578353448247,-0.08984931032449865,210,229,58.02277072470315,bayes_h1h2_marginal_boundary,measured_graph,3.3970322133077375e-14,0.18171001459058964,0.03803164562925882,34,h1:h1_z;h2:h2_z
0.005011872336272725,1.0000000004349685,1.0000000000001266,71.79579345922684,H1+H2,25759.829082265405,25759.691842080985,-0.13724018441893068,210,229,71.79579345922684,bayes_h1h2_marginal_boundary,measured_graph,3.469970469608544e-17,0.18269157284713017,0.03837907303578376,34,h1:h1_z;h2:h2_z
0.006309573444801936,1.0000000005064908,1.000000000000048,88.54798909094097,H1+H2,25751.51037532364,25751.315744265128,-0.19463105851336257,210,229,88.54798909094097,bayes_h1h2_marginal_boundary,measured_graph,7.99158121815376e-21,0.1839440874256054,0.03880839932297705,34,h1:h1_z;h2:h2_z
0.00794328234724282,1.000000000608233,1.0000000000000038,108.4757532653166,H1+H2,25741.61388411055,25741.35186217794,-0.26202193260779433,210,229,108.4757532653166,bayes_h1h2_marginal_boundary,measured_graph,3.761609501163252e-25,0.1854829894939553,0.03932686913803927,34,h1:h1_z;h2:h2_z
0.01,1.0000000007599752,1.000000000000045,131.33054333458858,H1+H2,25730.263879950006,25729.924467143304,-0.3394128067022262,210,229,131.33054333458858,bayes_h1h2_marginal_boundary,measured_graph,4.097501324841468e-30,0.18729222630559386,0.03992627445465187,34,h1:h1_z;h2:h2_z
0.012589254117941675,1.0000000009961132,1.0000000000000717,156.41914085080498,H1+H2,25717.80697206599,25717.380168385196,-0.42680368079665804,210,229,156.41914085080498,bayes_h1h2_marginal_boundary,measured_graph,1.4608289693659945e-35,0.18932404077602955,0.040581894941369843,34,h1:h1_z;h2:h2_z
0.01584893192461114,1.0000000013760122,1.0000000000000966,182.80487258060748,H1+H2,25704.711497075186,25704.187302520295,-0.5241945548910899,210,229,182.80487258060748,bayes_h1h2_marginal_boundary,measured_graph,2.7227673056263966e-41,0.19151352820999207,0.041258796479390986,34,h1:h1_z;h2:h2_z
0.01995262314968881,1.0000000019922157,1.0000000000001634,209.59961762699095,H1+H2,25691.42151542609,25690.789929997103,-0.6315854289855218,210,229,209.59961762699095,bayes_h1h2_marginal_boundary,measured_graph,4.1362384574337584e-47,0.1937995339086604,0.0419225966098966,34,h1:h1_z;h2:h2_z
0.025118864315095822,1.000000002964201,1.000000000000229,236.15684401966428,H1+H2,25678.260293103845,25677.511316800767,-0.7489763030799538,210,229,236.15684401966428,bayes_h1h2_marginal_boundary,measured_graph,7.075825755593582e-53,0.19613396492678292,0.04254848226950527,34,h1:h1_z;h2:h2_z
0.03162277660168379,1.0000000044054034,1.0000000000002607,262.0393775999255,H1+H2,25665.44641718781,25664.570050010636,-0.8763671771743852,210,229,262.0393775999255,bayes_h1h2_marginal_boundary,measured_graph,1.6961192139268165e-58,0.19847306244657498,0.04312204241051542,34,h1:h1_z;h2:h2_z
0.039810717055349734,1.000000006373014,1.0000000000002423,286.85352885858447,H1+H2,25653.176732432574,25652.162974381306,-1.0137580512688171,210,229,286.85352885858447,bayes_h1h2_marginal_boundary,measured_graph,6.936364255590762e-64,0.20076615920165472,0.04363282265545215,34,h1:h1_z;h2:h2_z
0.05011872336272725,1.000000008852932,1.000000000000217,310.17151229468436,H1+H2,25641.66513158862,25640.503982663256,-1.1611489253632492,210,229,310.17151229468436,bayes_h1h2_marginal_boundary,measured_graph,5.993715488298399e-69,0.20295713357195533,0.04406986160866228,34,h1:h1_z;h2:h2_z
0.06309573444801936,1.000000011876633,1.00000000000023,331.62009276015306,H1+H2,25631.09823222998,25629.779692430522,-1.3185397994576809,210,229,331.62009276015306,bayes_h1h2_marginal_boundary,measured_graph,1.3188519732325568e-73,0.204992615188519,0.04442534416790085,34,h1:h1_z;h2:h2_z
0.07943282347242822,1.0000000159139424,1.0000000000003109,351.0077801245425,H1+H2,25621.57177942188,25620.085848748327,-1.4859306735521132,210,229,351.0077801245425,bayes_h1h2_marginal_boundary,measured_graph,8.132297050602126e-78,0.20682638655025998,0.04470145752347566,34,h1:h1_z;h2:h2_z
0.1,1.000000022806,1.000000000000487,368.3636860547267,H1+H2,25613.071217330882,25611.407895783235,-1.663321547646544,210,229,368.3636860547267,bayes_h1h2_marginal_boundary,measured_graph,1.3849246552143452e-81,0.20842533514578943,0.04491211943539838,34,h1:h1_z;h2:h2_z
1e-05,1.0000001412687647,1.000000001180704,8.98597811293439,H1+H2,20330.01804868249,20327.650362098622,-2.3676865838692702,155,193,8.98597811293439,bayes_h1h2_marginal_boundary,measured_graph,0.0015690655700221902,0.22107104732031907,0.04756298981254037,35,h1:h1_z;h2:h2_z
1.2589254117941661e-05,1.0000001456961989,1.0000000042583685,8.52368222142104,H1+H2,20330.03658750234,20327.88151004438,-2.155077457963703,155,193,8.52368222142104,bayes_h1h2_marginal_boundary,measured_graph,0.0019770942367608063,0.2210706519791659,0.047551542952240844,35,h1:h1_z;h2:h2_z
1.584893192461114e-05,1.0000001522476465,1.0000000147529713,8.055484390773927,H1+H2,20330.068077291762,20328.115608959703,-1.952468332058134,155,193,8.055484390773927,bayes_h1h2_marginal_boundary,measured_graph,0.002498591379610276,0.2210701174542019,0.047533484899209,35,h1:h1_z;h2:h2_z
1.9952623149688786e-05,1.000000161611553,1.0000000476843698,7.566558490609168,H1+H2,20330.119931115936,20328.360071909785,-1.7598592061525666,155,193,7.566558490609168,bayes_h1h2_marginal_boundary,measured_graph,0.003190539660324075,0.22106938616901933,0.04750560868569865,35,h1:h1_z;h2:h2_z
2.5118864315095822e-05,1.000000174332696,1.0000001382206631,7.035548505511542,H1+H2,20330.202826982582,20328.625576902334,-1.5772500802469966,155,193,7.035548505511542,bayes_h1h2_marginal_boundary,measured_graph,0.004160748839434654,0.22106837306421942,0.047463825878657696,35,h1:h1_z;h2:h2_z
3.1622776601683795e-05,1.000000190429767,1.000000340758439,6.433983797120163,H1+H2,20330.33100021087,20328.92635925653,-1.404640954341429,155,193,6.433983797120163,bayes_h1h2_marginal_boundary,measured_graph,0.005620819218779898,0.22106695116420105,0.04740376550824585,35,h1:h1_z;h2:h2_z
3.9810717055349695e-05,1.0000002089904672,1.0000006679821327,5.72892443692399,H1+H2,20330.520920765062,20329.278888936627,-1.2420318284358616,155,193,5.72892443692399,bayes_h1h2_marginal_boundary,measured_graph,0.007996525236177233,0.2210649291806326,0.04732245000952096,35,h1:h1_z;h2:h2_z
5.011872336272725e-05,1.0000002281706306,1.0000009636722647,4.8926531227407395,H1+H2,20330.78644729625,20329.69702459372,-1.089422702530293,155,193,4.8926531227407395,bayes_h1h2_marginal_boundary,measured_graph,0.012147735319280699,0.22106201675583792,0.04722120691787989,35,h1:h1_z;h2:h2_z
6.309573444801929e-05,1.000000245989034,1.0000009485587003,3.922416959889233,H1+H2,20331.12895625177,20330.182142675145,-0.9468135766247254,155,193,3.922416959889233,bayes_h1h2_marginal_boundary,measured_graph,0.019732378009397877,0.22105777080958744,0.0471084659746685,35,h1:h1_z;h2:h2_z
7.943282347242822e-05,1.000000261589319,1.000000602609097,2.8648301239518332,H1+H2,20331.525140543832,20330.710936093114,-0.8142044507191568,155,193,2.8648301239518332,bayes_h1h2_marginal_boundary,measured_graph,0.03348354949372254,0.22105151375786514,0.046999110545714234,35,h1:h1_z;h2:h2_z
0.0001,1.0000002759879176,1.0000002429499468,1.8244249514391413,H1+H2,20331.922734004183,20331.23113867937,-0.6915953248135883,155,193,1.8244249514391413,bayes_h1h2_marginal_boundary,measured_graph,0.05633166692413705,0.22104221160569887,0.046908338764325444,35,h1:h1_z;h2:h2_z
0.00012589254117941674,1.0000002918841595,1.000000064059169,0.9355995653604623,H1+H2,20332.254537571316,20331.67555137241,-0.5789861989080206,155,193,0.9355995653604623,bayes_h1h2_marginal_boundary,measured_graph,0.08785340188100461,0.22102829912746758,0.04684412952725905,35,h1:h1_z;h2:h2_z
0.00015848931924611142,1.0000003131297772,1.0000000118483523,0.3099801738426322,H1+H2,20332.46473814117,20331.988361068168,-0.47637707300245236,155,193,0.3099801738426322,bayes_h1h2_marginal_boundary,measured_graph,0.1201185574001616,0.22100744673553877,0.04680520521418885,35,h1:h1_z;h2:h2_z
0.00019952623149688788,1.0000003444426504,1.0000000016893655,-0.0,H1+H2,20332.527119102186,20332.14335115509,-0.38376794709688455,155,193,-0.0,bayes_h1h2_marginal_boundary,measured_graph,0.14025599944911177,0.22097629366912971,0.04678508609275775,35,h1:h1_z;h2:h2_z
0.0002511886431509582,1.0000003910776327,1.0000000002064593,0.0007904950689407997,H1+H2,20332.444114728747,20332.142955907555,-0.30115882119131615,155,193,0.0007904950689407997,bayes_h1h2_marginal_boundary,measured_graph,0.14020057456513074,0.22093025182111098,0.04677705302668668,35,h1:h1_z;h2:h2_z
0.00031622776601683794,1.0000004571928935,1.000000065544047,0.2763583122068667,H1+H2,20332.233721694272,20332.005171998986,-0.22854969528574837,155,193,0.2763583122068667,bayes_h1h2_marginal_boundary,measured_graph,0.12215493086767631,0.22086364642379955,0.04677658770002938,35,h1:h1_z;h2:h2_z
0.00039810717055349735,1.0000005409652966,1.0000000172340808,0.7871062949197949,H1+H2,20331.91573857701,20331.74979800763,-0.16594056938017995,155,193,0.7871062949197949,bayes_h1h2_marginal_boundary,measured_graph,0.09462447588220203,0.22077068466984326,0.04678163499080439,35,h1:h1_z;h2:h2_z
0.0005011872336272725,1.0000006262600183,1.000000005517304,1.508629926975118,H1+H2,20331.502367635076,20331.389036191602,-0.11333144347461188,155,193,1.508629926975118,bayes_h1h2_marginal_boundary,measured_graph,0.06596698283778757,0.22064779491846437,0.046792113482912935,35,h1:h1_z;h2:h2_z
0.000630957344480193,1.000000679212036,1.0000000023670899,2.4431033179498627,H1+H2,20330.992521813685,20330.921799496115,-0.07072231756904392,155,193,2.4431033179498627,bayes_h1h2_marginal_boundary,measured_graph,0.041343601163532945,0.22049714313334548,0.04680959479056628,35,h1:h1_z;h2:h2_z
0.0007943282347242822,1.000000666250127,1.000000001402551,3.6280793293990428,H1+H2,20330.367424682052,20330.32931149039,-0.03811319166347554,155,193,3.6280793293990428,bayes_h1h2_marginal_boundary,measured_graph,0.022860937216174576,0.22032919010536348,0.04683737695305081,35,h1:h1_z;h2:h2_z
0.001,1.000000587440863,1.0000000010968515,5.145461820029595,H1+H2,20329.586124310834,20329.570620245075,-0.015504065757907535,155,193,5.145461820029595,bayes_h1h2_marginal_boundary,measured_graph,0.010705294265784435,0.22016075707808058,0.04688101214119111,35,h1:h1_z;h2:h2_z
0.0012589254117941675,1.000000480565093,1.000000001048213,7.131103795632953,H1+H2,20328.580694197124,20328.577799257273,-0.0028949398523394052,155,193,7.131103795632953,bayes_h1h2_marginal_boundary,measured_graph,0.003966632200619568,0.22000811799733672,0.04694929784952629,35,h1:h1_z;h2:h2_z
0.001584893192461114,1.0000003854772574,1.0000000011455312,9.786255830607843,H1+H2,20327.25050905373,20327.250223239786,-0.0002858139467712683,155,193,9.786255830607843,bayes_h1h2_marginal_boundary,measured_graph,0.0010516300668633428,0.2198808532131655,0.0470557339018421,35,h1:h1_z;h2:h2_z
0.0019952623149688807,1.000000318581131,1.0000000013678783,13.394060457256273,H1+H2,20325.453997614502,20325.44632092646,-0.007676688041203171,155,193,13.394060457256273,bayes_h1h2_marginal_boundary,measured_graph,0.00017315625079566027,0.2197824714595323,0.0472203067394878,35,h1:h1_z;h2:h2_z
0.002511886431509582,1.0000002780325319,1.0000000017279198,18.338727159323753,H1+H2,20322.999055137563,20322.973987575428,-0.025067562135635053,155,193,18.338727159323753,bayes_h1h2_marginal_boundary,measured_graph,1.4612261713432066e-05,0.21971685140687394,0.04747106780120866,35,h1:h1_z;h2:h2_z
0.0031622776601683794,1.0000002571464504,1.00000000224939,25.110056437413732,H1+H2,20319.64078137261,20319.588322936383,-0.05245843623006681,155,193,25.110056437413732,bayes_h1h2_marginal_boundary,measured_graph,4.947000699171483e-07,0.21969586704358904,0.0478442717283825,35,h1:h1_z;h2:h2_z
0.003981071705534973,1.0000002515057527,1.0000000029560203,34.26287723273708,H1+H2,20315.101761849044,20315.01191253872,-0.08984931032449865,155,193,34.26287723273708,bayes_h1h2_marginal_boundary,measured_graph,5.091341042159121e-09,0.2197463341918058,0.04838101894318185,35,h1:h1_z;h2:h2_z
0.005011872336272725,1.0000002609199188,1.0000000038743515,46.30181026142236,H1+H2,20309.1296862088,20308.99244602438,-0.13724018441893068,155,193,46.30181026142236,bayes_h1h2_marginal_boundary,measured_graph,1.237687765378655e-11,0.219917364239789,0.04911795297655615,35,h1:h1_z;h2:h2_z
0.006309573444801936,1.0000002899421467,1.0000000050440676,61.48662512842566,H1+H2,20301.59466964939,20301.400038590877,-0.19463105851336257,155,193,61.48662512842566,bayes_h1h2_marginal_boundary,measured_graph,6.241233705313982e-15,0.22028871508654022,0.050070749180221405,35,h1:h1_z;h2:h2_z
0.00794328234724282,1.0000003486781628,1.000000006499542,79.61835167193203,H1+H2,20292.596197251733,20292.334175319123,-0.26202193260779433,155,193,79.61835167193203,bayes_h1h2_marginal_boundary,measured_graph,7.211341335807676e-19,0.22097708314217823,0.05121406796010588,35,h1:h1_z;h2:h2_z
0.01,1.0000004537106215,1.000000008180294,99.95482238499244,H1+H2,20282.505352769294,20282.165939962593,-0.3394128067022262,155,193,99.95482238499244,bayes_h1h2_marginal_boundary,measured_graph,2.766989725839747e-23,0.22213168927102564,0.052470594289395954,35,h1:h1_z;h2:h2_z
0.012589254117941675,1.0000006261581964,1.0000000098073474,121.39327008882537,H1+H2,20271.873519791472,20271.446716110677,-0.42680368079665804,155,193,121.39327008882537,bayes_h1h2_marginal_boundary,measured_graph,6.119384996747189e-28,0.2239068531818106,0.05372534169049677,35,h1:h1_z;h2:h2_z
0.01584893192461114,1.000000879430097,1.0000000108926177,142.84312007739936,H1+H2,20261.24598567128,20260.72179111639,-0.5241945548910899,155,193,142.84312007739936,bayes_h1h2_marginal_boundary,measured_graph,1.3456497453290917e-32,0.2264055621489046,0.05486566421990632,35,h1:h1_z;h2:h2_z
0.01995262314968881,1.0000011905634643,1.0000000110189147,163.50268967507145,H1+H2,20251.02359174654,20250.392006317554,-0.6315854289855218,155,193,163.50268967507145,bayes_h1h2_marginal_boundary,measured_graph,4.393023193242327e-37,0.22960974388730485,0.05582171103524857,35,h1:h1_z;h2:h2_z
0.025118864315095822,1.0000014735365563,1.0000000101843391,182.86704551933508,H1+H2,20241.4588046985,20240.709828395422,-0.7489763030799538,155,193,182.86704551933508,bayes_h1h2_marginal_boundary,measured_graph,2.740608824430758e-41,0.23333785961540252,0.05657927812016291,35,h1:h1_z;h2:h2_z
0.03162277660168379,1.0000000125922108,1.0000000088056193,200.59520456243627,H1+H2,20232.722116051045,20231.84574887387,-0.8763671771743852,155,193,200.59520456243627,bayes_h1h2_marginal_boundary,measured_graph,3.874594239131767e-45,0.23726818676783673,0.05716368615626095,35,h1:h1_z;h2:h2_z
0.039810717055349734,1.0000000112860137,1.0000000073684991,216.45926961936493,H1+H2,20224.927474396674,20223.913716345407,-1.0137580512688171,155,193,216.45926961936493,bayes_h1h2_marginal_boundary,measured_graph,1.3911958421272166e-48,0.24102481669744236,0.057616463837124245,35,h1:h1_z;h2:h2_z
0.05011872336272725,1.0000012319524674,1.0000000061316863,230.43325555499905,H1+H2,20218.087872302953,20216.92672337759,-1.1611489253632492,155,193,230.43325555499905,bayes_h1h2_marginal_boundary,measured_graph,1.2852149832879319e-51,0.24428595102126155,0.05798307674551128,35,h1:h1_z;h2:h2_z
0.06309573444801936,1.000000875268086,1.0000000051177207,242.79134673987573,H1+H2,20212.06621758461,20210.74767778515,-1.3185397994576809,155,193,242.79134673987573,bayes_h1h2_marginal_boundary,measured_graph,2.663485738839382e-54,0.24686331502182232,0.05831013593297841,35,h1:h1_z;h2:h2_z
0.07943282347242822,1.0000005487021324,1.00000000427365,254.05470489391155,H1+H2,20206.601929381686,20205.115998708134,-1.4859306735521132,155,193,254.05470489391155,bayes_h1h2_marginal_boundary,measured_graph,9.542083854867531e-57,0.248729917920965,0.058639634699665155,35,h1:h1_z;h2:h2_z
0.1,1.0000003126752532,1.0000000036110628,264.7867340418379,H1+H2,20201.413305681817,20199.74998413417,-1.663321547646544,155,193,264.7867340418379,bayes_h1h2_marginal_boundary,measured_graph,4.458745761359548e-59,0.2500007511146365,0.05899790372526407,35,h1:h1_z;h2:h2_z
1e-05,1.0000000180409954,1.0000000039792505,19.21249645765056,H1+H2,11145.885466927142,11143.517780343273,-2.3676865838692702,73,117,19.21249645765056,bayes_h1h2_marginal_boundary,measured_graph,1.5597739252109096e-05,0.2057611243978319,0.05346435505540259,36,h1:h1_z;h2:h2_z
1.2589254117941661e-05,1.0000000190245015,1.0000000139820555,18.724914431244542,H1+H2,11145.91664881444,11143.761571356476,-2.155077457963703,73,117,18.724914431244542,bayes_h1h2_marginal_boundary,measured_graph,1.9903925970459095e-05,0.2057564506321535,0.053444949841357996,36,h1:h1_z;h2:h2_z
1.584893192461114e-05,1.0000000205723525,1.0000000496948944,18.226979282429966,H1+H2,11145.96300726294,11144.010538930883,-1.952468332058134,73,117,18.226979282429966,bayes_h1h2_marginal_boundary,measured_graph,2.553077460149696e-05,0.2057504335600506,0.053415071451075706,36,h1:h1_z;h2:h2_z
1.9952623149688786e-05,1.0000000229827648,1.0000001747861342,17.702998040098464,H1+H2,11146.032388758202,11144.272529552049,-1.7598592061525666,73,117,17.702998040098464,bayes_h1h2_marginal_boundary,measured_graph,3.31776080746811e-05,0.20574264725687744,0.05336916901164167,36,h1:h1_z;h2:h2_z
2.5118864315095822e-05,1.0000000266807991,1.0000005935466525,17.12933440166671,H1+H2,11146.136611451511,11144.559361371264,-1.5772500802469966,73,117,17.12933440166671,bayes_h1h2_marginal_boundary,measured_graph,4.419921426028179e-05,0.20573250964883277,0.05329909271483514,36,h1:h1_z;h2:h2_z
3.1622776601683795e-05,1.000000032235445,1.0000018866925702,16.471090344381082,H1+H2,11146.293124354248,11144.888483399907,-1.404640954341429,73,117,16.471090344381082,bayes_h1h2_marginal_boundary,measured_graph,6.142574461338228e-05,0.20571921514579797,0.05319341994244373,36,h1:h1_z;h2:h2_z
3.9810717055349695e-05,1.0000000403396139,1.0000000792937036,15.678334030762926,H1+H2,11146.526893385153,11145.284861556716,-1.2420318284358616,73,117,15.678334030762926,bayes_h1h2_marginal_boundary,measured_graph,9.130515036547404e-05,0.20570163407361428,0.05303756748975198,36,h1:h1_z;h2:h2_z
5.011872336272725e-05,1.000000051733347,1.0000002686555192,14.6847341036555,H1+H2,11146.871084222801,11145.78166152027,-1.089422702530293,73,117,14.6847341036555,bayes_h1h2_marginal_boundary,measured_graph,0.0001500557904104044,0.20567816124786273,0.05281537301850799,36,h1:h1_z;h2:h2_z
6.309573444801929e-05,1.0000000671158544,1.000000675841208,13.41144576694569,H1+H2,11147.36511926525,11146.418305688625,-0.9468135766247254,73,117,13.41144576694569,bayes_h1h2_marginal_boundary,measured_graph,0.00028362454230604047,0.20564648655243115,0.052515537564296555,36,h1:h1_z;h2:h2_z
7.943282347242822e-05,1.0000000872559642,1.0000011319661355,11.787228016492008,H1+H2,11148.04461901457,11147.230414563852,-0.8142044507191568,73,117,11.787228016492008,bayes_h1h2_marginal_boundary,measured_graph,0.0006389078310376212,0.2056032463452168,0.05214266650634714,36,h1:h1_z;h2:h2_z
0.0001,1.0000001136938859,1.0000011327446736,9.792111623119126,H1+H2,11148.919568085352,11148.227972760538,-0.6915953248135883,73,117,9.792111623119126,bayes_h1h2_marginal_boundary,measured_graph,0.0017324959636585537,0.20554349481102457,0.05172895187094431,36,h1:h1_z;h2:h2_z
0.00012589254117941674,1.0000001504585863,1.0000006275132067,7.5153838595579145,H1+H2,11149.945322841228,11149.366336642319,-0.5789861989080206,73,117,7.5153838595579145,bayes_h1h2_marginal_boundary,measured_graph,0.005408257780305172,0.20545990971627617,0.05133163001093707,36,h1:h1_z;h2:h2_z
0.00015848931924611142,1.0000002073436507,1.0000001903192364,5.178360350833827,H1+H2,11151.011225469683,11150.53484839668,-0.47637707300245236,73,117,5.178360350833827,bayes_h1h2_marginal_boundary,measured_graph,0.017399452817279924,0.20534162442201545,0.05100711569640978,36,h1:h1_z;h2:h2_z
0.00019952623149688788,1.0000003064970115,1.0000021729365867,3.0703901979104558,H1+H2,11151.972601420239,11151.588833473143,-0.38376794709688455,73,117,3.0703901979104558,bayes_h1h2_marginal_boundary,measured_graph,0.049920105373431604,0.2051725824969417,0.050781901282680446,36,h1:h1_z;h2:h2_z
0.0002511886431509582,1.0000004974658343,1.0000004299130325,1.4334364016722247,H1+H2,11152.708469192454,11152.407310371262,-0.30115882119131615,73,117,1.4334364016722247,bayes_h1h2_marginal_boundary,measured_graph,0.1131710887058646,0.20492941233867745,0.050649640556467417,36,h1:h1_z;h2:h2_z
0.00031622776601683794,1.000000891625159,1.0000000716764754,0.39708212684854516,H1+H2,11153.15403720396,11152.925487508674,-0.22854969528574837,73,117,0.39708212684854516,bayes_h1h2_marginal_boundary,measured_graph,0.19001022194728492,0.20457918037532788,0.05058981011918415,36,h1:h1_z;h2:h2_z
0.00039810717055349735,1.0000017300183797,1.0000000115574428,-0.0,H1+H2,11153.289969141479,11153.124028572098,-0.16594056938017995,73,117,-0.0,bayes_h1h2_marginal_boundary,measured_graph,0.2317406674796536,0.20407831651801542,0.050586910403794975,36,h1:h1_z;h2:h2_z
0.0005011872336272725,1.000003467126869,1.0000000020748696,0.25941833540491643,H1+H2,11153.107650847869,11152.994319404395,-0.11333144347461188,73,117,0.25941833540491643,bayes_h1h2_marginal_boundary,measured_graph,0.2035496114659041,0.20337589889829674,0.05063879333832371,36,h1:h1_z;h2:h2_z
0.000630957344480193,1.0000067041668363,1.0000000004721796,1.2398704999141046,H1+H2,11152.57481563971,11152.50409332214,-0.07072231756904392,73,117,1.2398704999141046,bayes_h1h2_marginal_boundary,measured_graph,0.12467167527014324,0.20242706294597382,0.05075847429521297,36,h1:h1_z;h2:h2_z
0.0007943282347242822,1.000000520085711,1.0000000001496585,3.1027273758591036,H1+H2,11151.610778075832,11151.572664884168,-0.03811319166347554,73,117,3.1027273758591036,bayes_h1h2_marginal_boundary,measured_graph,0.049119457820937504,0.2012235752555333,0.050974006163347796,36,h1:h1_z;h2:h2_z
0.001,1.0000008837972862,1.0000000000682772,6.13395561096695,H1+H2,11150.072554832372,11150.057050766614,-0.015504065757907535,73,117,6.13395561096695,bayes_h1h2_marginal_boundary,measured_graph,0.010790230359319614,0.19983055873806801,0.05132744973672553,36,h1:h1_z;h2:h2_z
0.0012589254117941675,1.0000011621142901,1.0000000000432747,10.732420471409569,H1+H2,11147.760713276246,11147.757818336393,-0.0028949398523394052,73,117,10.732420471409569,bayes_h1h2_marginal_boundary,measured_graph,0.0010826467073753534,0.19841566783692516,0.05187050753356977,36,h1:h1_z;h2:h2_z
0.001584893192461114,1.0000012432819765,1.0000000827525461,17.33413082014158,H1+H2,11144.457248975974,11144.456963162027,-0.0002858139467712683,73,117,17.33413082014158,bayes_h1h2_marginal_boundary,measured_graph,3.989730599809193e-05,0.19721782202379892,0.052652855482500524,36,h1:h1_z;h2:h2_z
0.0019952623149688807,1.000001221684902,1.0000000775650486,26.25534056254037,H1+H2,11140.004034978869,11139.996358290828,-0.007676688041203171,73,117,26.25534056254037,bayes_h1h2_marginal_boundary,measured_graph,4.610281991064797e-07,0.1964824985188693,0.053701745722763546,36,h1:h1_z;h2:h2_z
0.002511886431509582,1.0000012611852644,1.0000000715237574,37.518795314266754,H1+H2,11134.3896984771,11134.364630914964,-0.025067562135635053,73,117,37.518795314266754,bayes_h1h2_marginal_boundary,measured_graph,1.6515790572853125e-09,0.196425534408379,0.05499960302780904,36,h1:h1_z;h2:h2_z
0.0031622776601683794,1.0000014790119245,1.0000000590957943,50.78620347865217,H1+H2,11127.783385269002,11127.730926832772,-0.05245843623006681,73,117,50.78620347865217,bayes_h1h2_marginal_boundary,measured_graph,2.1722924347606218e-12,0.19724816556072838,0.056474203803994365,36,h1:h1_z;h2:h2_z
0.003981071705534973,1.000001944697273,1.0000000403593787,65.43665115282056,H1+H2,11120.495552306013,11120.405702995688,-0.08984931032449865,73,117,65.43665115282056,bayes_h1h2_marginal_boundary,measured_graph,1.4309155345755883e-15,0.19914947857119647,0.058010700973608074,36,h1:h1_z;h2:h2_z
0.005011872336272725,1.0000026168646938,1.0000000215235816,80.69122389188124,H1+H2,11112.915656810575,11112.778416626157,-0.13724018441893068,73,117,80.69122389188124,bayes_h1h2_marginal_boundary,measured_graph,6.968280371998237e-19,0.20227975084317712,0.059479039997882434,36,h1:h1_z;h2:h2_z
0.006309573444801936,1.000003179877096,1.0000000087624497,95.71083017154888,H1+H2,11105.463244544837,11105.268613486323,-0.19463105851336257,73,117,95.71083017154888,bayes_h1h2_marginal_boundary,measured_graph,3.816449785556717e-22,0.206635836722024,0.06076420859533319,36,h1:h1_z;h2:h2_z
0.00794328234724282,1.0000031322460838,1.000000002783066,109.71740214914826,H1+H2,11098.527349430131,11098.265327497524,-0.26202193260779433,73,117,109.71740214914826,bayes_h1h2_marginal_boundary,measured_graph,3.4687347605743957e-25,0.21197336088049698,0.0617911647888472,36,h1:h1_z;h2:h2_z
0.01,1.000002372137906,1.000000000741298,122.16781469900889,H1+H2,11092.379534029296,11092.040121222593,-0.3394128067022262,73,117,122.16781469900889,bayes_h1h2_marginal_boundary,measured_graph,6.864333234842201e-28,0.217842172946529,0.06253681368558242,36,h1:h1_z;h2:h2_z
0.012589254117941675,1.0000014035753721,1.0000000001860578,132.89614700843958,H1+H2,11087.102758748675,11086.675955067878,-0.42680368079665804,73,117,132.89614700843958,bayes_h1h2_marginal_boundary,measured_graph,3.213442975825004e-30,0.22376815471614625,0.06302459078058142,36,h1:h1_z;h2:h2_z
0.01584893192461114,1.0000006994290809,1.0000000000505709,142.12958499473825,H1+H2,11082.58343062962,11082.059236074729,-0.5241945548910899,73,117,142.12958499473825,bayes_h1h2_marginal_boundary,measured_graph,3.176545016387018e-32,0.22945819153615832,0.06330778317837538,36,h1:h1_z;h2:h2_z
0.01995262314968881,1.0000003254249152,1.0000000000172549,150.359125211231,H1+H2,11078.576051395468,11077.944465966482,-0.6315854289855218,73,117,150.359125211231,bayes_h1h2_marginal_boundary,measured_graph,5.187200822175688e-34,0.2348707939824904,0.06345126518615765,36,h1:h1_z;h2:h2_z
0.025118864315095822,1.0000045568335794,1.0000000000086415,158.11751266314968,H1+H2,11074.814248543604,11074.065272240523,-0.7489763030799538,73,117,158.11751266314968,bayes_h1h2_marginal_boundary,measured_graph,1.0720638024568894e-35,0.2401175987372858,0.06351583113923873,36,h1:h1_z;h2:h2_z
0.03162277660168379,1.0000025047939807,1.000000000006925,165.7726819949894,H1+H2,11071.114054751777,11070.237687574603,-0.8763671771743852,73,117,165.7726819949894,bayes_h1h2_marginal_boundary,measured_graph,2.3330375735561995e-37,0.24529825942170458,0.06354701217734746,36,h1:h1_z;h2:h2_z
0.039810717055349734,1.0000012372787044,1.0000000000082405,173.4467230866103,H1+H2,11067.414425080062,11066.400667028793,-1.0137580512688171,73,117,173.4467230866103,bayes_h1h2_marginal_boundary,measured_graph,5.0295008185431504e-39,0.25037671117439686,0.06357183264930225,36,h1:h1_z;h2:h2_z
0.05011872336272725,1.0000004962137399,1.0000000000125773,181.07503346110389,H1+H2,11063.747660766909,11062.586511841546,-1.1611489253632492,73,117,181.07503346110389,bayes_h1h2_marginal_boundary,measured_graph,1.1093238039757938e-40,0.2551678627017504,0.0636043403511683,36,h1:h1_z;h2:h2_z
0.06309573444801936,1.0000001608222824,1.0000000000220115,188.52948436709994,H1+H2,11060.177826188006,11058.859286388548,-1.3185397994576809,73,117,188.52948436709994,bayes_h1h2_marginal_boundary,measured_graph,2.668977331360016e-42,0.25941762329204154,0.06365425969897172,36,h1:h1_z;h2:h2_z
0.07943282347242822,1.0000000441641879,1.0000000000413045,195.7059648492468,H1+H2,11056.756976821027,11055.271046147474,-1.4859306735521132,73,117,195.7059648492468,bayes_h1h2_marginal_boundary,measured_graph,7.378905504514144e-44,0.26292278941014385,0.06373077956854141,36,h1:h1_z;h2:h2_z
0.1,1.0000000104962834,1.0000000000802647,202.53167922352804,H1+H2,11053.52151050798,11051.858188960334,-1.663321547646544,73,117,202.53167922352804,bayes_h1h2_marginal_boundary,measured_graph,2.4311228476407114e-45,0.2656047394822683,0.06383923031115164,36,h1:h1_z;h2:h2_z
1e-05,1.000003347190174,1.0000000028047955,48.9698230486847,H1+H2,4912.332204108347,4909.964517524478,-2.3676865838692702,32,55,48.9698230486847,bayes_h1h2_marginal_boundary,measured_graph,7.527892112907347e-12,0.6057960752368295,0.16162338043317187,37,h1:h1_z;h2:h2_z
1.2589254117941661e-05,1.0000034642052524,1.0000000081013625,48.51197330060677,H1+H2,4912.34851985648,4910.193442398517,-2.155077457963703,32,55,48.51197330060677,bayes_h1h2_marginal_boundary,measured_graph,9.464424168018912e-12,0.6057833655661191,0.161580313556348,37,h1:h1_z;h2:h2_z
1.584893192461114e-05,1.0000036435839024,1.00000002538875,48.064071027089085,H1+H2,4912.369861867333,4910.417393535276,-1.952468332058134,32,55,48.064071027089085,bayes_h1h2_marginal_boundary,measured_graph,1.1840088232964167e-11,0.6057671268626185,0.16152089888135213,37,h1:h1_z;h2:h2_z
1.9952623149688786e-05,1.0000039155232097,1.0000000844846364,47.62257940064592,H1+H2,4912.397998554649,4910.638139348497,-1.7598592061525666,32,55,47.62257940064592,bayes_h1h2_marginal_boundary,measured_graph,1.4764666013014105e-11,0.605746307542513,0.1614378893029341,37,h1:h1_z;h2:h2_z
2.5118864315095822e-05,1.0000043200987592,1.000000291760585,47.18250525316034,H1+H2,4912.435426502487,4910.85817642224,-1.5772500802469966,32,55,47.18250525316034,bayes_h1h2_marginal_boundary,measured_graph,1.8398588845617824e-11,0.6057195050707237,0.16132043036606777,37,h1:h1_z;h2:h2_z
3.1622776601683795e-05,1.0000049043067787,1.0000000036239902,46.73668684047516,H1+H2,4912.485726582924,4911.0810856285825,-1.404640954341429,32,55,46.73668684047516,bayes_h1h2_marginal_boundary,measured_graph,2.2992847167500492e-11,0.6056848312172869,0.1611522365537749,37,h1:h1_z;h2:h2_z
3.9810717055349695e-05,1.0000057107577618,1.0000000194115797,46.27481290656215,H1+H2,4912.554054423975,4911.312022595539,-1.2420318284358616,32,55,46.27481290656215,bayes_h1h2_marginal_boundary,measured_graph,2.8965925077259934e-11,0.605639718178879,0.16090854720275288,37,h1:h1_z;h2:h2_z
5.011872336272725e-05,1.0000067544259823,1.0000001011299189,45.78177730000607,H1+H2,4912.647963101347,4911.558540398817,-1.089422702530293,32,55,45.78177730000607,bayes_h1h2_marginal_boundary,measured_graph,3.706369596391008e-11,0.6055806352188768,0.16055205565124891,37,h1:h1_z;h2:h2_z
6.309573444801929e-05,1.0000002906136176,1.000000496730274,45.23521105697,H1+H2,4912.77863709696,4911.831823520335,-0.9468135766247254,32,55,45.23521105697,bayes_h1h2_marginal_boundary,measured_graph,4.8711788604496487e-11,0.6055050854152798,0.16002663389799635,37,h1:h1_z;h2:h2_z
7.943282347242822e-05,1.0000003402003708,1.0000022259871135,44.60246566296155,H1+H2,4912.962400668059,4912.148196217339,-0.8142044507191568,32,55,44.60246566296155,bayes_h1h2_marginal_boundary,measured_graph,6.683946928402684e-11,0.605401680307393,0.15924903322527187,37,h1:h1_z;h2:h2_z
0.0001,1.0000003888233344,1.000000269922103,43.83451691733899,H1+H2,4913.223765914964,4912.532170590151,-0.6915953248135883,32,55,43.83451691733899,bayes_h1h2_marginal_boundary,measured_graph,9.812754738838883e-11,0.6052624476664783,0.15809994898984367,37,h1:h1_z;h2:h2_z
0.00012589254117941674,1.0000004336865547,1.0000013506100838,42.85975223854075,H1+H2,4913.598539128458,4913.01955292955,-0.5789861989080206,32,55,42.85975223854075,bayes_h1h2_marginal_boundary,measured_graph,1.597564512431119e-10,0.6050728404498125,0.15641652043862175,37,h1:h1_z;h2:h2_z
0.00015848931924611142,1.0000004762587251,1.0000052567751856,41.574299139345385,H1+H2,4914.13865655215,4913.662279479147,-0.47637707300245236,32,55,41.574299139345385,bayes_h1h2_marginal_boundary,measured_graph,3.038022588363542e-10,0.6048115030220588,0.15400583362887196,37,h1:h1_z;h2:h2_z
0.00019952623149688788,1.0000005225081703,1.000014254517541,39.83432900686785,H1+H2,4914.916032492483,4914.532264545386,-0.38376794709688455,32,55,39.83432900686785,bayes_h1h2_marginal_boundary,measured_graph,7.251380798218822e-10,0.6044467971134135,0.15070893091970097,37,h1:h1_z;h2:h2_z
0.0002511886431509582,1.0000005824043052,1.0000023972605125,37.461729841472334,H1+H2,4916.019722949275,4915.718564128084,-0.30115882119131615,32,55,37.461729841472334,bayes_h1h2_marginal_boundary,measured_graph,2.374783784798439e-09,0.603931530964136,0.14656881864792265,37,h1:h1_z;h2:h2_z
0.00031622776601683794,1.0000006711816534,1.0000173156258765,34.31173574600689,H1+H2,4917.522110871102,4917.293561175817,-0.22854969528574837,32,55,34.31173574600689,bayes_h1h2_marginal_boundary,measured_graph,1.1471932994976878e-08,0.6031950583747806,0.14203835672618784,37,h1:h1_z;h2:h2_z
0.00039810717055349735,1.0000008143703725,1.0000053831369276,30.439262610827427,H1+H2,4919.395738312786,4919.229797743406,-0.16594056938017995,32,55,30.439262610827427,bayes_h1h2_marginal_boundary,measured_graph,7.953045345878221e-08,0.6021317208331841,0.13792427423407524,37,h1:h1_z;h2:h2_z
0.0005011872336272725,1.0000010593337205,1.000010813829896,26.2442006925412,H1+H2,4921.440660146024,4921.3273287025495,-0.11333144347461188,32,55,26.2442006925412,bayes_h1h2_marginal_boundary,measured_graph,6.478576328539944e-07,0.6005847184958819,0.1348182916828439,37,h1:h1_z;h2:h2_z
0.000630957344480193,1.0000014989211226,1.0000010624483437,22.28226588835423,H1+H2,4923.379018422212,4923.308296104643,-0.07072231756904392,32,55,22.28226588835423,bayes_h1h2_marginal_boundary,measured_graph,4.696807830379349e-06,0.5983256670704085,0.13274339251164302,37,h1:h1_z;h2:h2_z
0.0007943282347242822,1.0000023137759224,1.0000035265785183,18.92367989480408,H1+H2,4925.025702293082,4924.987589101418,-0.03811319166347554,32,55,18.92367989480408,bayes_h1h2_marginal_boundary,measured_graph,2.5183174418543372e-05,0.595034175644281,0.13136781057542973,37,h1:h1_z;h2:h2_z
0.001,1.0000038141333887,1.0000003213088038,16.223135752556118,H1+H2,4926.3533652383,4926.337861172542,-0.015504065757907535,32,55,16.223135752556118,bayes_h1h2_marginal_boundary,measured_graph,9.716865313474156e-05,0.590292617021013,0.13033921034946402,37,h1:h1_z;h2:h2_z
0.0012589254117941675,1.0000063230354324,1.0000000242353515,14.011035232906579,H1+H2,4927.446806372219,4927.443911432367,-0.0028949398523394052,32,55,14.011035232906579,bayes_h1h2_marginal_boundary,measured_graph,0.0002936822559042285,0.5836343147075282,0.12940901616204034,37,h1:h1_z;h2:h2_z
0.001584893192461114,1.0000094537236786,1.000000001650471,12.024756345181231,H1+H2,4928.437336690176,4928.4370508762295,-0.0002858139467712683,32,55,12.024756345181231,bayes_h1h2_marginal_boundary,measured_graph,0.0007928530254346577,0.5747154697129956,0.12843491152708453,37,h1:h1_z;h2:h2_z
0.0019952623149688807,1.000010936058239,1.0000000001181955,10.007928794819236,H1+H2,4929.453141339452,4929.4454646514105,-0.007676688041203171,32,55,10.007928794819236,bayes_h1h2_marginal_boundary,measured_graph,0.0021734078222511843,0.5636684862533726,0.12734989548484918,37,h1:h1_z;h2:h2_z
0.002511886431509582,1.0000083226401728,1.0000000424951232,7.787486685365366,H1+H2,4930.580753268273,4930.555685706137,-0.025067562135635053,32,55,7.787486685365366,bayes_h1h2_marginal_boundary,measured_graph,0.0065963562645586366,0.5514844193028268,0.1261443048367953,37,h1:h1_z;h2:h2_z
0.0031622776601683794,1.0000037897307767,1.000000015978094,5.357218142726197,H1+H2,4931.823278413687,4931.770819977457,-0.05245843623006681,32,55,5.357218142726197,bayes_h1h2_marginal_boundary,measured_graph,0.022234645639380234,0.5398824247194038,0.1248675915906352,37,h1:h1_z;h2:h2_z
0.003981071705534973,1.0000010912855128,1.0000000104574165,2.944034320231367,H1+H2,4933.0672611990285,4932.977411888704,-0.08984931032449865,32,55,2.944034320231367,bayes_h1h2_marginal_boundary,measured_graph,0.07430985627342447,0.5303796215924641,0.12364399952365067,37,h1:h1_z;h2:h2_z
0.005011872336272725,1.0000053451093485,1.0000000088669843,0.984319360459267,H1+H2,4934.09450955301,4933.9572693685905,-0.13724018441893068,32,55,0.984319360459267,bayes_h1h2_marginal_boundary,measured_graph,0.19796714407402377,0.5234679102860954,0.12268555780708285,37,h1:h1_z;h2:h2_z
0.006309573444801936,1.0000017805453933,1.000000007558248,-0.0,H1+H2,4934.644060107334,4934.44942904882,-0.19463105851336257,32,55,-0.0,bayes_h1h2_marginal_boundary,measured_graph,0.3238436242677511,0.51878279056452,0.12227285286262594,37,h1:h1_z;h2:h2_z
0.00794328234724282,1.0000007700575855,1.0000000058027514,0.43317423451480863,H1+H2,4934.494863864171,4934.232841931563,-0.26202193260779433,32,55,0.43317423451480863,bayes_h1h2_marginal_boundary,measured_graph,0.2607790875015924,0.5157314081224225,0.12267636812016074,37,h1:h1_z;h2:h2_z
0.01,1.000000473391946,1.0000000039131058,2.4845108771787636,H1+H2,4933.546586416933,4933.207173610231,-0.3394128067022262,32,55,2.4845108771787636,bayes_h1h2_marginal_boundary,measured_graph,0.09350410317396646,0.5138894845439134,0.12403770940088805,37,h1:h1_z;h2:h2_z
0.012589254117941675,1.0000003856330655,1.000000002373393,6.041359728034877,H1+H2,4931.8555528656,4931.428749184803,-0.42680368079665804,32,55,6.041359728034877,bayes_h1h2_marginal_boundary,measured_graph,0.015793222528559518,0.5130567001123816,0.1262975909273546,37,h1:h1_z;h2:h2_z
0.01584893192461114,1.0000003381753393,1.0000000013806007,10.76878087822297,H1+H2,4929.5892331646,4929.065038609709,-0.5241945548910899,32,55,10.76878087822297,bayes_h1h2_marginal_boundary,measured_graph,0.0014856766410603997,0.5132175430662305,0.12924270998087278,37,h1:h1_z;h2:h2_z
0.01995262314968881,1.0000002562676265,1.0000000008471668,16.293992296592478,H1+H2,4926.934018329509,4926.302432900524,-0.6315854289855218,32,55,16.293992296592478,bayes_h1h2_marginal_boundary,measured_graph,9.378640306300693e-05,0.5145358869393653,0.13262767421197977,37,h1:h1_z;h2:h2_z
0.025118864315095822,1.0000001502269724,1.0000000005994167,22.337278774839433,H1+H2,4924.02976596448,4923.2807896614,-0.7489763030799538,32,55,22.337278774839433,bayes_h1h2_marginal_boundary,measured_graph,4.569375985302029e-06,0.5173313720153112,0.1362649058410076,37,h1:h1_z;h2:h2_z
0.03162277660168379,1.000000070774926,1.00000000050411,28.735022911154374,H1+H2,4920.958284770417,4920.081917593243,-0.8763671771743852,32,55,28.735022911154374,bayes_h1h2_marginal_boundary,measured_graph,1.8646804063682162e-07,0.521979304905949,0.1400406244097399,37,h1:h1_z;h2:h2_z
0.039810717055349734,1.000002433191295,1.0000000004860174,35.40416443675895,H1+H2,4917.76110488171,4916.747346830441,-1.0137580512688171,32,55,35.40416443675895,bayes_h1h2_marginal_boundary,measured_graph,6.643833277346173e-09,0.5288066047267256,0.14389585619844925,37,h1:h1_z;h2:h2_z
0.05011872336272725,1.000001427691208,1.0000000005063792,42.30078119067184,H1+H2,4914.460187378847,4913.299038453484,-1.1611489253632492,32,55,42.30078119067184,bayes_h1h2_marginal_boundary,measured_graph,2.1126980213158917e-10,0.5380113982081471,0.1478157335018682,37,h1:h1_z;h2:h2_z
0.06309573444801936,1.0000010106395054,1.0000000005452596,49.376330935809165,H1+H2,4911.079803380373,4909.7612635809155,-1.3185397994576809,32,55,49.376330935809165,bayes_h1h2_marginal_boundary,measured_graph,6.143294287431444e-12,0.5494861880459035,0.15182665246399302,37,h1:h1_z;h2:h2_z
0.07943282347242822,1.000000880432472,1.0000000005939595,56.52637711130228,H1+H2,4907.6721711667215,4906.186240493169,-1.4859306735521132,32,55,56.52637711130228,bayes_h1h2_marginal_boundary,measured_graph,1.7210303160169138e-13,0.5625921684248022,0.15597949606989012,37,h1:h1_z;h2:h2_z
0.1,1.0000009095042879,1.000000000651115,63.56827323848847,H1+H2,4904.328613977223,4902.665292429576,-1.663321547646544,32,55,63.56827323848847,bayes_h1h2_marginal_boundary,measured_graph,5.089325234195691e-15,0.5761552519672838,0.16031503768894909,37,h1:h1_z;h2:h2_z
1e-05,1.0000042118046761,1.000000002264267,55.16014588328653,H1+H2,4257.747022445281,4255.379335861412,-2.3676865838692702,30,46,55.16014588328653,bayes_h1h2_marginal_boundary,measured_graph,3.638092613953158e-13,0.6208912424339625,0.1676350909779175,38,h1:h1_z;h2:h2_z
1.2589254117941661e-05,1.0000042946921839,1.000000005644225,54.715127403573206,H1+H2,4257.756922559232,4255.601845101269,-2.155077457963703,30,46,54.715127403573206,bayes_h1h2_marginal_boundary,measured_graph,4.544732077331167e-13,0.6208834724597013,0.16760006762109167,38,h1:h1_z;h2:h2_z
1.584893192461114e-05,1.000004423790236,1.0000000155870885,54.284214951838294,H1+H2,4257.769769659194,4255.817301327136,-1.952468332058134,30,46,54.284214951838294,bayes_h1h2_marginal_boundary,measured_graph,5.637411480943473e-13,0.6208734820340096,0.16755199854401004,38,h1:h1_z;h2:h2_z
1.9952623149688786e-05,1.0000046232457678,1.0000000470517336,53.865434124109015,H1+H2,4257.786550947153,4256.026691741001,-1.7598592061525666,30,46,53.865434124109015,bayes_h1h2_marginal_boundary,measured_graph,6.950512631203378e-13,0.6208605749368662,0.16748518854704778,38,h1:h1_z;h2:h2_z
2.5118864315095822e-05,1.0000049273983895,1.0000001521088628,53.456038102303864,H1+H2,4257.80863983215,4256.231389751903,-1.5772500802469966,30,46,53.456038102303864,bayes_h1h2_marginal_boundary,measured_graph,8.529352308773375e-13,0.6208438047552671,0.1673911242422284,38,h1:h1_z;h2:h2_z
3.1622776601683795e-05,1.000005381777352,1.0000005143364026,53.05215728029543,H1+H2,4257.837971117249,4256.433330162908,-1.404640954341429,30,46,53.05215728029543,bayes_h1h2_marginal_boundary,measured_graph,1.0438008824576206e-12,0.6208218704748767,0.16725697343242277,38,h1:h1_z;h2:h2_z
3.9810717055349695e-05,1.0000060396422483,1.0000000074342372,52.648226350489495,H1+H2,4257.877327456246,4256.635295627811,-1.2420318284358616,30,46,52.648226350489495,bayes_h1h2_marginal_boundary,measured_graph,1.2774095146373257e-12,0.6207929630821974,0.16706341042479428,38,h1:h1_z;h2:h2_z
5.011872336272725e-05,1.000006949080842,1.0000000392233257,52.236282058340294,H1+H2,4257.930690476415,4256.841267773885,-1.089422702530293,30,46,52.236282058340294,bayes_h1h2_marginal_boundary,measured_graph,1.5695773144264087e-12,0.6207545380308946,0.16678078993166479,38,h1:h1_z;h2:h2_z
6.309573444801929e-05,1.000000289033831,1.0000002020423369,51.80446228708206,H1+H2,4258.003991236139,4257.057177659514,-0.9468135766247254,30,46,51.80446228708206,bayes_h1h2_marginal_boundary,measured_graph,1.9478306035216634e-12,0.6207054953501495,0.16636424592640242,38,h1:h1_z;h2:h2_z
7.943282347242822e-05,1.0000003398080972,1.0000009828215504,51.33575197116261,H1+H2,4258.1057372681935,4257.291532817474,-0.8142044507191568,30,46,51.33575197116261,bayes_h1h2_marginal_boundary,measured_graph,2.4622397426656614e-12,0.6206360010894069,0.1657457840928372,38,h1:h1_z;h2:h2_z
0.0001,1.0000003950099228,1.0000043641912946,50.80431880777542,H1+H2,4258.248844723981,4257.557249399168,-0.6915953248135883,30,46,50.80431880777542,bayes_h1h2_marginal_boundary,measured_graph,3.2116601428677395e-12,0.620540533893509,0.1648236916564397,38,h1:h1_z;h2:h2_z
0.00012589254117941674,1.0000004498374628,1.0000006169897797,50.1712508018627,H1+H2,4258.452769601032,4257.873783402124,-0.5789861989080206,30,46,50.1712508018627,bayes_h1h2_marginal_boundary,measured_graph,4.407563246232816e-12,0.6204077135838373,0.1634511075365964,38,h1:h1_z;h2:h2_z
0.00015848931924611142,1.0000005019673905,1.0000030715439738,49.378726291351995,H1+H2,4258.746422730382,4258.270045657379,-0.47637707300245236,30,46,49.378726291351995,bayes_h1h2_marginal_boundary,measured_graph,6.550780744166838e-12,0.6202205089812364,0.16142394994244916,38,h1:h1_z;h2:h2_z
0.00019952623149688788,1.0000005542426684,1.0000118836484844,48.3388391935714,H1+H2,4259.173757153367,4258.78998920627,-0.38376794709688455,30,46,48.3388391935714,bayes_h1h2_marginal_boundary,measured_graph,1.101797234448217e-11,0.6199532275128212,0.15849678426616456,38,h1:h1_z;h2:h2_z
0.0002511886431509582,1.0000006153470975,1.0000032906772915,46.91884253094577,H1+H2,4259.801146358774,4259.4999875375825,-0.30115882119131615,30,46,46.91884253094577,bayes_h1h2_marginal_boundary,measured_graph,2.2410422040673167e-11,0.6195668770820966,0.1544661504449899,38,h1:h1_z;h2:h2_z
0.00031622776601683794,1.0000007003294475,1.0000060366777241,44.9326911574517,H1+H2,4260.721612919615,4260.4930632243295,-0.22854969528574837,30,46,44.9326911574517,bayes_h1h2_marginal_boundary,measured_graph,6.049748579564895e-11,0.6190020681721594,0.1493875981389885,38,h1:h1_z;h2:h2_z
0.00039810717055349735,1.0000008344387028,1.0000042725615954,42.18259119057984,H1+H2,4262.034053777145,4261.868113207765,-0.16594056938017995,30,46,42.18259119057984,bayes_h1h2_marginal_boundary,measured_graph,2.392841578110581e-10,0.6181683023554071,0.1438785130124816,38,h1:h1_z;h2:h2_z
0.0005011872336272725,1.000001064413361,1.0000093416659417,38.65785570817934,H1+H2,4263.74381239244,4263.630480948966,-0.11333144347461188,30,46,38.65785570817934,bayes_h1h2_marginal_boundary,measured_graph,1.39412120017535e-09,0.6169282284706981,0.13897085152152988,38,h1:h1_z;h2:h2_z
0.000630957344480193,1.000001485349716,1.0000010208492278,34.729278131593674,H1+H2,4265.665492054827,4265.5947697372585,-0.07072231756904392,30,46,34.729278131593674,bayes_h1h2_marginal_boundary,measured_graph,9.939861043299564e-09,0.6150756291976134,0.13532816653834334,38,h1:h1_z;h2:h2_z
0.0007943282347242822,1.0000023012799222,1.0000013438473137,30.951102262621134,H1+H2,4267.521970863409,4267.483857671745,-0.03811319166347554,30,46,30.951102262621134,bayes_h1h2_marginal_boundary,measured_graph,6.573562233993065e-08,0.6123076352343725,0.13285802737759694,38,h1:h1_z;h2:h2_z
0.001,1.0000039462714223,1.0000000759694292,27.675048006041834,H1+H2,4269.137388865793,4269.121884800034,-0.015504065757907535,30,46,27.675048006041834,bayes_h1h2_marginal_boundary,measured_graph,3.382103718516942e-07,0.6081977208108582,0.1311054491736977,38,h1:h1_z;h2:h2_z
0.0012589254117941675,1.000007228465674,1.0000003550626446,24.93202365898651,H1+H2,4270.496291913414,4270.493396973562,-0.0028949398523394052,30,46,24.93202365898651,bayes_h1h2_marginal_boundary,measured_graph,1.332990611911762e-06,0.6021923173375647,0.12963790469383177,38,h1:h1_z;h2:h2_z
0.001584893192461114,1.0000130336126394,1.0000000267288869,22.5304975105646,H1+H2,4271.69444586172,4271.694160047773,-0.0002858139467712683,30,46,22.5304975105646,bayes_h1h2_marginal_boundary,measured_graph,4.429063103135387e-06,0.5936888080100646,0.128159479001725,38,h1:h1_z;h2:h2_z
0.0019952623149688807,1.0000019787858367,1.0000000018686201,20.183711788737128,H1+H2,4272.875229596728,4272.867552908687,-0.007676688041203171,30,46,20.183711788737128,bayes_h1h2_marginal_boundary,measured_graph,1.431890845574262e-05,0.582304960531454,0.12649007988879032,38,h1:h1_z;h2:h2_z
0.002511886431509582,1.0000024119695765,1.0000000001434848,17.60177122584537,H1+H2,4274.183590752268,4274.158523190133,-0.025067562135635053,30,46,17.60177122584537,bayes_h1h2_marginal_boundary,measured_graph,5.206803427696102e-05,0.5683686560961532,0.12452826972493586,38,h1:h1_z;h2:h2_z
0.0031622776601683794,1.0000153683560935,1.0000000522632748,14.570819115553604,H1+H2,4275.726457681509,4275.6739992452785,-0.05245843623006681,30,46,14.570819115553604,bayes_h1h2_marginal_boundary,measured_graph,0.00023699220968354976,0.5533922851442925,0.12223657039087954,38,h1:h1_z;h2:h2_z
0.003981071705534973,1.0000058188960603,1.0000000210125644,11.059670458143955,H1+H2,4277.5194228843075,4277.429573573983,-0.08984931032449865,30,46,11.059670458143955,bayes_h1h2_marginal_boundary,measured_graph,0.0013714194793886044,0.5396232589035729,0.1196565271235785,38,h1:h1_z;h2:h2_z
0.005011872336272725,1.0000013194027424,1.0000000137457423,7.311615448810699,H1+H2,4279.440841263069,4279.30360107865,-0.13724018441893068,30,46,7.311615448810699,bayes_h1h2_marginal_boundary,measured_graph,0.008934085780397984,0.5286059542795484,0.1169460782673169,38,h1:h1_z;h2:h2_z
0.006309573444801936,1.0000046879957825,1.000000011126968,3.8198192558375013,H1+H2,4281.24413023365,4281.049499175137,-0.19463105851336257,30,46,3.8198192558375013,bayes_h1h2_marginal_boundary,measured_graph,0.05120165833811539,0.5204526850988702,0.11441348975660592,38,h1:h1_z;h2:h2_z
0.00794328234724282,1.0000010843299252,1.0000000090544263,1.199826486166785,H1+H2,4282.62151749258,4282.359495559972,-0.26202193260779433,30,46,1.199826486166785,bayes_h1h2_marginal_boundary,measured_graph,0.18976155413379045,0.5144128166200381,0.11249471504778889,38,h1:h1_z;h2:h2_z
0.01,1.0000002810559196,1.0000000068400008,-0.0,H1+H2,4283.298821609757,4282.959408803055,-0.3394128067022262,30,46,-0.0,bayes_h1h2_marginal_boundary,measured_graph,0.3457380989059041,0.5096763722301357,0.11162262377582734,38,h1:h1_z;h2:h2_z
0.012589254117941675,1.0000000869593102,1.0000000047467856,0.47042614096426405,H1+H2,4283.15099941337,4282.724195732573,-0.42680368079665804,30,46,0.47042614096426405,bayes_h1h2_marginal_boundary,measured_graph,0.273272230151645,0.5057223858334707,0.11202552486851712,38,h1:h1_z;h2:h2_z
0.01584893192461114,1.0000024580893698,1.0000000030736,2.440186976778932,H1+H2,4282.263509869557,4281.739315314666,-0.5241945548910899,30,46,2.440186976778932,bayes_h1h2_marginal_boundary,measured_graph,0.1020627745215347,0.502273363408119,0.11361333947709479,38,h1:h1_z;h2:h2_z
0.01995262314968881,1.0000013248537607,1.0000000018982755,5.442419521668853,H1+H2,4280.869784471206,4280.238199042221,-0.6315854289855218,30,46,5.442419521668853,bayes_h1h2_marginal_boundary,measured_graph,0.022747876218846896,0.49914877798642204,0.1160649188018183,38,h1:h1_z;h2:h2_z
0.025118864315095822,1.0000008018581261,1.0000000011419292,8.97620306942008,H1+H2,4279.220283571425,4278.471307268345,-0.7489763030799538,30,46,8.97620306942008,bayes_h1h2_marginal_boundary,measured_graph,0.003886775968622724,0.49617066418312816,0.11902768170601206,38,h1:h1_z;h2:h2_z
0.03162277660168379,1.0000005351835595,1.000000000682827,12.692917256279543,H1+H2,4277.4893173520895,4276.612950174916,-0.8763671771743852,30,46,12.692917256279543,bayes_h1h2_marginal_boundary,measured_graph,0.0006060595203820153,0.4931844599489467,0.12226517026446673,38,h1:h1_z;h2:h2_z
0.039810717055349734,1.0000003864498448,1.0000000004175633,16.451263774397376,H1+H2,4275.747534967126,4274.733776915857,-1.0137580512688171,30,46,16.451263774397376,bayes_h1h2_marginal_boundary,measured_graph,9.255517383953764e-05,0.4901574187546243,0.12569835216498296,38,h1:h1_z;h2:h2_z
0.05011872336272725,1.000000302768621,1.0000000002735954,20.30187041641875,H1+H2,4273.969622520209,4272.808473594846,-1.1611489253632492,30,46,20.30187041641875,bayes_h1h2_marginal_boundary,measured_graph,1.3497461350213242e-05,0.4873252171782829,0.12938291177783762,38,h1:h1_z;h2:h2_z
0.06309573444801936,1.0000002664816163,1.000000000203235,24.453528793726946,H1+H2,4272.051184205649,4270.732644406192,-1.3185397994576809,30,46,24.453528793726946,bayes_h1h2_marginal_boundary,measured_graph,1.6932883895651576e-06,0.4853519115756228,0.13346771292002602,38,h1:h1_z;h2:h2_z
0.07943282347242822,1.0000002741853016,1.0000000001772011,29.229131649779447,H1+H2,4269.830773651718,4268.344842978166,-1.4859306735521132,30,46,29.229131649779447,bayes_h1h2_marginal_boundary,measured_graph,1.5549697560281357e-07,0.4854454420536104,0.13814865199860624,38,h1:h1_z;h2:h2_z
0.1,1.0000003251338057,1.0000000001801856,34.99204075234229,H1+H2,4267.126709974531,4265.463388426884,-1.663321547646544,30,46,34.99204075234229,bayes_h1h2_marginal_boundary,measured_graph,8.716098609605676e-09,0.48930857878686135,0.14361410507758066,38,h1:h1_z;h2:h2_z
1e-05,1.0000010721230315,1.0000000399802507,1.7684849384677364,H1+H2,20825.677989135347,20823.31030255148,-2.3676865838692702,146,209,1.7684849384677364,bayes_h1h2_marginal_boundary,measured_graph,0.04490440503857143,0.28965047650417525,0.06134852670902862,39,h1:h1_z;h2:h2_z
1.2589254117941661e-05,1.000001095118883,1.000000046561211,1.4230795042167301,H1+H2,20825.638082726568,20823.483005268605,-2.155077457963703,146,209,1.4230795042167301,bayes_h1h2_marginal_boundary,measured_graph,0.05336945693520135,0.2896500100010831,0.06135403563482108,39,h1:h1_z;h2:h2_z
1.584893192461114e-05,1.000001129672694,1.000000000015535,1.1215319809052744,H1+H2,20825.58624736232,20823.63377903026,-1.952468332058134,146,209,1.1215319809052744,bayes_h1h2_marginal_boundary,measured_graph,0.062054459372926626,0.2896494010898653,0.06136089366465487,39,h1:h1_z;h2:h2_z
1.9952623149688786e-05,1.0000011798722337,1.0000000000219353,0.8716400709163281,H1+H2,20825.518584191406,20823.758724985255,-1.7598592061525666,146,209,0.8716400709163281,bayes_h1h2_marginal_boundary,measured_graph,0.07031311446898061,0.28964860066237513,0.061369388066555175,39,h1:h1_z;h2:h2_z
2.5118864315095822e-05,1.0000012493127404,1.0000000000340246,0.68385992423282,H1+H2,20825.429865138845,20823.852615058597,-1.5772500802469966,146,209,0.68385992423282,bayes_h1h2_marginal_boundary,measured_graph,0.07723466655022995,0.2896475401602321,0.06137984514555754,39,h1:h1_z;h2:h2_z
3.1622776601683795e-05,1.0000013389452151,1.0000000000572993,0.5720499182134517,H1+H2,20825.313161015947,20823.908520061606,-1.404640954341429,146,209,0.5720499182134517,bayes_h1h2_marginal_boundary,measured_graph,0.08167544515767126,0.28964612287944697,0.0613926128709229,39,h1:h1_z;h2:h2_z
3.9810717055349695e-05,1.000001444359428,1.0000000001013365,0.5541088227619184,H1+H2,20825.159522437767,20823.917490609332,-1.2420318284358616,146,209,0.5541088227619184,bayes_h1h2_marginal_boundary,measured_graph,0.0824114147262239,0.28964421085156933,0.061408051517570644,39,h1:h1_z;h2:h2_z
5.011872336272725e-05,1.0000015546950918,1.0000000001774274,0.6521584072979749,H1+H2,20824.957888519595,20823.868465817064,-1.089422702530293,146,209,0.6521584072979749,bayes_h1h2_marginal_boundary,measured_graph,0.07846864853418577,0.28964160471784606,0.061426546903092065,39,h1:h1_z;h2:h2_z
6.309573444801929e-05,1.0000016558956784,1.0000000002844933,0.891746384302678,H1+H2,20824.695485405187,20823.74867182856,-0.9468135766247254,146,209,0.891746384302678,bayes_h1h2_marginal_boundary,measured_graph,0.06960978696596513,0.28963801293541735,0.061448590035872795,39,h1:h1_z;h2:h2_z
7.943282347242822e-05,1.0000017375328134,1.000000000386625,1.2996763740011374,H1+H2,20824.35891128443,20823.544706833713,-0.8142044507191568,146,209,1.2996763740011374,bayes_h1h2_marginal_boundary,measured_graph,0.05676614900993387,0.28963300595570257,0.06147494900016321,39,h1:h1_z;h2:h2_z
0.0001,1.0000017976840203,1.0000000004226337,1.9007518559446908,H1+H2,20823.935764417554,20823.24416909274,-0.6915953248135883,146,209,1.9007518559446908,bayes_h1h2_marginal_boundary,measured_graph,0.042030789748754946,0.2896259506486302,0.061506856674855184,39,h1:h1_z;h2:h2_z
0.00012589254117941674,1.0000018419171328,1.0000000003692346,2.7146408446278656,H1+H2,20823.416210797306,20822.8372245984,-0.5789861989080206,146,209,2.7146408446278656,bayes_h1h2_marginal_boundary,measured_graph,0.027979103965531556,0.2896159202469008,0.06154601203729556,39,h1:h1_z;h2:h2_z
0.00015848931924611142,1.0000018788195555,1.000000000269695,3.754141602497839,H1+H2,20822.793851292467,20822.317474219464,-0.47637707300245236,146,209,3.754141602497839,bayes_h1h2_marginal_boundary,measured_graph,0.016638304974381693,0.28960157865624886,0.06159425879382979,39,h1:h1_z;h2:h2_z
0.00019952623149688788,1.0000019164537788,1.000000000178592,5.024774219164101,H1+H2,20822.065925858227,20821.68215791113,-0.38376794709688455,146,209,5.024774219164101,bayes_h1h2_marginal_boundary,measured_graph,0.008814439749637817,0.28958105322730643,0.061653063808122834,39,h1:h1_z;h2:h2_z
0.0002511886431509582,1.000001960910357,1.000000000116911,6.523888022835308,H1+H2,20821.233759830488,20820.932601009295,-0.30115882119131615,146,209,6.523888022835308,bayes_h1h2_marginal_boundary,measured_graph,0.004165491831806693,0.28955185004687256,0.061722979146369365,39,h1:h1_z;h2:h2_z
0.00031622776601683794,1.0000020154656557,1.0000000000806115,8.236722582259972,H1+H2,20820.30473342487,20820.076183729583,-0.22854969528574837,146,209,8.236722582259972,bayes_h1h2_marginal_boundary,measured_graph,0.0017690047066527253,0.28951094759811047,0.061803018556335215,39,h1:h1_z;h2:h2_z
0.00039810717055349735,1.0000020785908843,1.0000000000602962,10.127347888002987,H1+H2,20819.29681164609,20819.13087107671,-0.16594056938017995,146,209,10.127347888002987,bayes_h1h2_marginal_boundary,measured_graph,0.0006873610512996138,0.28945533144322566,0.06188969425755771,39,h1:h1_z;h2:h2_z
0.0005011872336272725,1.0000021403261403,1.000000000049036,12.124127846160263,H1+H2,20818.245812541107,20818.132481097633,-0.11333144347461188,146,209,12.124127846160263,bayes_h1h2_marginal_boundary,measured_graph,0.0002532734468959625,0.28938332529593197,0.06197558405231022,39,h1:h1_z;h2:h2_z
0.000630957344480193,1.000002179549889,1.0000000000428595,14.103245617741777,H1+H2,20817.213644529413,20817.142922211842,-0.07072231756904392,146,209,14.103245617741777,bayes_h1h2_marginal_boundary,measured_graph,9.415203196169032e-05,0.2892968555898575,0.06204772159037628,39,h1:h1_z;h2:h2_z
0.0007943282347242822,1.0000021685559695,1.0000000000396525,15.881220223171113,H1+H2,20816.29204810079,20816.253934909128,-0.03811319166347554,146,209,15.881220223171113,bayes_h1h2_marginal_boundary,measured_graph,3.8703248393499886e-05,0.2892038528728866,0.062086850676396785,39,h1:h1_z;h2:h2_z
0.001,1.0000020883792777,1.0000000000382596,17.235964506813616,H1+H2,20815.592066833065,20815.576562767306,-0.015504065757907535,146,209,17.235964506813616,bayes_h1h2_marginal_boundary,measured_graph,1.9659317373191163e-05,0.2891186028746603,0.0620694394714491,39,h1:h1_z;h2:h2_z
0.0012589254117941675,1.0000019428881244,1.000000000037842,17.97366576076456,H1+H2,20815.210607080182,20815.20771214033,-0.0028949398523394052,146,209,17.97366576076456,bayes_h1h2_marginal_boundary,measured_graph,1.3594982155874488e-05,0.28905789557129635,0.0619741597783513,39,h1:h1_z;h2:h2_z
0.001584893192461114,1.0000017544462754,1.0000000000375011,18.02841020111373,H1+H2,20815.1806257341,20815.180339920156,-0.0002858139467712683,146,209,18.02841020111373,bayes_h1h2_marginal_boundary,measured_graph,1.3227904100506927e-05,0.28903364145949706,0.061791669996232236,39,h1:h1_z;h2:h2_z
0.0019952623149688807,1.0000015484091123,1.0000000000360814,17.533346028874803,H1+H2,20815.435548694317,20815.427872006276,-0.007676688041203171,146,209,17.533346028874803,bayes_h1h2_marginal_boundary,measured_graph,1.6943099325271803e-05,0.2890449721211358,0.06153205729651889,39,h1:h1_z;h2:h2_z
0.002511886431509582,1.000001346036345,1.0000000000321696,16.794475886315922,H1+H2,20815.82237463969,20815.797307077555,-0.025067562135635053,146,209,16.794475886315922,bayes_h1h2_marginal_boundary,measured_graph,2.4515258086798486e-05,0.2890718528263451,0.06122362188821064,39,h1:h1_z;h2:h2_z
0.0031622776601683794,1.0000011643203726,1.0000000687255683,16.165256634150865,H1+H2,20816.164375139866,20816.111916703638,-0.05245843623006681,146,209,16.165256634150865,bayes_h1h2_marginal_boundary,measured_graph,3.3579149670820664e-05,0.28907299117394364,0.06090252413431447,39,h1:h1_z;h2:h2_z
0.003981071705534973,1.0000010136247395,1.0000000498353778,15.894111775240162,H1+H2,20816.337338443416,20816.247489133093,-0.08984931032449865,146,209,15.894111775240162,bayes_h1h2_marginal_boundary,measured_graph,3.845457821964938e-05,0.2889949548147454,0.0605987575953603,39,h1:h1_z;h2:h2_z
0.005011872336272725,1.000000896896751,1.0000000290492435,16.012307682271057,H1+H2,20816.325631363998,20816.188391179578,-0.13724018441893068,146,209,16.012307682271057,bayes_h1h2_marginal_boundary,measured_graph,3.624784041544586e-05,0.2887965053775576,0.060323390110607736,39,h1:h1_z;h2:h2_z
0.006309573444801936,1.0000008141297676,1.0000000126572326,16.272569096050574,H1+H2,20816.2528915312,20816.058260472688,-0.19463105851336257,146,209,16.272569096050574,bayes_h1h2_marginal_boundary,measured_graph,3.182490304358217e-05,0.28847841923162154,0.060058873484953645,39,h1:h1_z;h2:h2_z
0.00794328234724282,1.0000007669384585,1.0000000039130958,16.14266310261155,H1+H2,20816.385235402016,20816.123213469407,-0.26202193260779433,146,209,16.14266310261155,bayes_h1h2_marginal_boundary,measured_graph,3.396063618428722e-05,0.2880989454757983,0.05975591366696241,39,h1:h1_z;h2:h2_z
0.01,1.0000007589335012,1.0000000008770178,14.929661512505845,H1+H2,20817.06912707116,20816.72971426446,-0.3394128067022262,146,209,14.929661512505845,bayes_h1h2_marginal_boundary,measured_graph,6.228389528094901e-05,0.2877637175728782,0.0593460778212389,39,h1:h1_z;h2:h2_z
0.012589254117941675,1.0000007925384575,1.0000000001691736,12.1214873055942,H1+H2,20818.56060504871,20818.133801367916,-0.42680368079665804,146,209,12.1214873055942,bayes_h1h2_marginal_boundary,measured_graph,0.0002536080571407561,0.2876014484889133,0.05877543349258956,39,h1:h1_z;h2:h2_z
0.01584893192461114,1.000000862626779,1.000000000039916,7.847905035428994,H1+H2,20820.79478705789,20820.270592503,-0.5241945548910899,146,209,7.847905035428994,bayes_h1h2_marginal_boundary,measured_graph,0.0021486201581916655,0.2877481158663914,0.058044768476795,39,h1:h1_z;h2:h2_z
0.01995262314968881,1.0000009459615113,1.000000000016342,3.173522144847084,H1+H2,20823.239369377276,20822.60778394829,-0.6315854289855218,146,209,3.173522144847084,bayes_h1h2_marginal_boundary,measured_graph,0.022242776284099996,0.2883470830565549,0.05722928238866642,39,h1:h1_z;h2:h2_z
0.025118864315095822,1.0000009929291638,1.0000000000126181,-0.0,H1+H2,20824.943521323792,20824.194545020713,-0.7489763030799538,146,209,-0.0,bayes_h1h2_marginal_boundary,measured_graph,0.1087202823560154,0.28955017047621856,0.05646396979873942,39,h1:h1_z;h2:h2_z
0.03162277660168379,1.0000009420641593,1.0000000000166678,0.5421755482893786,H1+H2,20824.799824423742,20823.92345724657,-0.8763671771743852,146,209,0.5421755482893786,bayes_h1h2_marginal_boundary,measured_graph,0.08290460361847016,0.291506158699799,0.05589988432358597,39,h1:h1_z;h2:h2_z
0.039810717055349734,1.0000007678859462,1.000000000034189,6.546787612358457,H1+H2,20821.9349092658,20820.921151214534,-1.0137580512688171,146,209,6.546787612358457,bayes_h1h2_marginal_boundary,measured_graph,0.004118069809538335,0.29434549972649415,0.05564837021959891,39,h1:h1_z;h2:h2_z
0.05011872336272725,1.0000005196796056,1.0000000000981868,18.67469613920548,H1+H2,20816.018345876473,20814.85719695111,-1.1611489253632492,146,209,18.67469613920548,bayes_h1h2_marginal_boundary,measured_graph,9.575287649249144e-06,0.2981772757362076,0.05574183462428605,39,h1:h1_z;h2:h2_z
0.06309573444801936,1.0000002889303146,1.000000000343241,36.40865174386272,H1+H2,20807.30875894824,20805.99021914878,-1.3185397994576809,146,209,36.40865174386272,bayes_h1h2_marginal_boundary,measured_graph,1.3498089352180986e-09,0.30308946297039924,0.056132784349121334,39,h1:h1_z;h2:h2_z
0.07943282347242822,1.000000134017134,1.0000000012665085,58.36913048042334,H1+H2,20796.495910454054,20795.0099797805,-1.4859306735521132,146,209,58.36913048042334,bayes_h1h2_marginal_boundary,measured_graph,2.2994021391752157e-14,0.3091170121679896,0.056722626966421434,39,h1:h1_z;h2:h2_z
0.1,1.0000000540174874,1.0000000044367139,82.70221241391118,H1+H2,20784.506760361404,20782.843438813758,-1.663321547646544,146,209,82.70221241391118,bayes_h1h2_marginal_boundary,measured_graph,1.1960609884101117e-19,0.31616363327642094,0.057397590372505865,39,h1:h1_z;h2:h2_z
1e-05,1.0000026698263484,1.0000000006711895,4.483965586558043,H1+H2,26018.72991456749,26016.362227983624,-2.3676865838692702,209,247,4.483965586558043,bayes_h1h2_marginal_boundary,measured_graph,0.012176553485950405,0.7301493986899192,0.09257819448898247,40,h1:h1_z;h2:h2_z
1.2589254117941661e-05,1.0000028170852908,1.0000000010463652,4.044814387329097,H1+H2,26018.7368810412,26016.581803583238,-2.155077457963703,209,247,4.044814387329097,bayes_h1h2_marginal_boundary,measured_graph,0.015166481930763044,0.7301553831214509,0.09257379168276676,40,h1:h1_z;h2:h2_z
1.584893192461114e-05,1.0000030233059771,1.0000000017586166,3.621165626907896,H1+H2,26018.74609629551,26016.79362796345,-1.952468332058134,209,247,3.621165626907896,bayes_h1h2_marginal_boundary,measured_graph,0.01874472232952402,0.7301627108409913,0.09256741229043396,40,h1:h1_z;h2:h2_z
1.9952623149688786e-05,1.0000032947289206,1.0000000031626919,3.2113683085990488,H1+H2,26018.758385828754,26016.998526622603,-1.7598592061525666,209,247,3.2113683085990488,bayes_h1h2_marginal_boundary,measured_graph,0.02300728479942369,0.7301716171980367,0.09255810911327575,40,h1:h1_z;h2:h2_z
2.5118864315095822e-05,1.0000036225603808,1.0000000059809049,2.813135311640508,H1+H2,26018.77489320133,26017.197643121082,-1.5772500802469966,209,247,2.813135311640508,bayes_h1h2_marginal_boundary,measured_graph,0.02807634465751791,0.730182337181904,0.09254451827904153,40,h1:h1_z;h2:h2_z
3.1622776601683795e-05,1.000003976600215,1.0000000115222278,2.4233882374537643,H1+H2,26018.797157612516,26017.392516658176,-1.404640954341429,209,247,2.4233882374537643,bayes_h1h2_marginal_boundary,measured_graph,0.03411717529277309,0.730195066967706,0.09252476631766991,40,h1:h1_z;h2:h2_z
3.9810717055349695e-05,1.0000043109061618,1.0000000215801246,2.0382585121988086,H1+H2,26018.827113349238,26017.585081520803,-1.2420318284358616,209,247,2.0382585121988086,bayes_h1h2_marginal_boundary,measured_graph,0.041362132749898514,0.7302098876701636,0.09249649360678391,40,h1:h1_z;h2:h2_z
5.011872336272725e-05,1.0000045842079721,1.0000000370543487,1.653612880028959,H1+H2,26018.86682703942,26017.777404336888,-1.089422702530293,209,247,1.653612880028959,bayes_h1h2_marginal_boundary,measured_graph,0.050133458046562315,0.7302266288835424,0.09245719432384412,40,h1:h1_z;h2:h2_z
6.309573444801929e-05,1.00000478045142,1.0000000546124599,1.2668548310248298,H1+H2,26018.917596938016,26017.97078336139,-0.9468135766247254,209,247,1.2668548310248298,bayes_h1h2_marginal_boundary,measured_graph,0.06082905997967151,0.7302446437913335,0.0924051489284785,40,h1:h1_z;h2:h2_z
7.943282347242822e-05,1.0000049115481469,1.000000064556979,0.8811115180651541,H1+H2,26018.97785946859,26018.16365501787,-0.8142044507191568,209,247,0.8811115180651541,bayes_h1h2_marginal_boundary,measured_graph,0.07376905180790792,0.7302624503113971,0.09234104247269458,40,h1:h1_z;h2:h2_z
0.0001,1.00000500433886,1.0000000576242039,0.5124335629152483,H1+H2,26019.03958932026,26018.347993995445,-0.6915953248135883,209,247,0.5124335629152483,bayes_h1h2_marginal_boundary,measured_graph,0.08870163029585826,0.7302771584375709,0.09226961019365759,40,h1:h1_z;h2:h2_z
0.00012589254117941674,1.0000050876011775,1.000000037542237,0.19804468256916152,H1+H2,26019.084174634525,26018.505188435618,-0.5789861989080206,209,247,0.19804468256916152,bayes_h1h2_marginal_boundary,measured_graph,0.10380069945591042,0.7302835630236839,0.09219970002310827,40,h1:h1_z;h2:h2_z
0.00015848931924611142,1.0000051877611367,1.0000000181733355,-0.0,H1+H2,26019.080587849905,26018.604210776903,-0.47637707300245236,209,247,-0.0,bayes_h1h2_marginal_boundary,measured_graph,0.11460541454349002,0.7302727439386213,0.09214176243219421,40,h1:h1_z;h2:h2_z
0.00019952623149688788,1.000005331456738,1.0000000071447335,0.0002402170212008059,H1+H2,26018.98785861549,26018.604090668392,-0.38376794709688455,209,247,0.0002402170212008059,bayes_h1h2_marginal_boundary,measured_graph,0.11459165028446133,0.7302299955123851,0.09210475657360427,40,h1:h1_z;h2:h2_z
0.0002511886431509582,1.0000055507128351,1.0000000026615188,0.29378028302744497,H1+H2,26018.75847945658,26018.45732063539,-0.30115882119131615,209,247,0.29378028302744497,bayes_h1h2_marginal_boundary,measured_graph,0.09894903394870333,0.730131960922881,0.09209608623258124,40,h1:h1_z;h2:h2_z
0.00031622776601683794,1.0000058880273206,1.0000000011157342,0.9951614436940872,H1+H2,26018.335179750342,26018.106630055056,-0.22854969528574837,209,247,0.9951614436940872,bayes_h1h2_marginal_boundary,measured_graph,0.0696800694081865,0.7299431275959021,0.09212543939240496,40,h1:h1_z;h2:h2_z
0.00039810717055349735,1.0000063985428038,1.0000000005904506,2.2676112568660756,H1+H2,26017.63634571785,26017.47040514847,-0.16594056938017995,209,247,2.2676112568660756,bayes_h1h2_marginal_boundary,measured_graph,0.03688073846922289,0.7296126704743575,0.09221047342476472,40,h1:h1_z;h2:h2_z
0.0005011872336272725,1.000007141887792,1.0000000004021015,4.374313740627258,H1+H2,26016.530385350063,26016.41705390659,-0.11333144347461188,209,247,4.374313740627258,bayes_h1h2_marginal_boundary,measured_graph,0.01286278399447993,0.7290745466668225,0.09238298848279368,40,h1:h1_z;h2:h2_z
0.000630957344480193,1.0000081459587902,1.0000000003380136,7.7498666125538875,H1+H2,26014.799999788196,26014.729277470626,-0.07072231756904392,209,247,7.7498666125538875,bayes_h1h2_marginal_boundary,measured_graph,0.0023787181358693823,0.7282571696538399,0.09269622331784504,40,h1:h1_z;h2:h2_z
0.0007943282347242822,1.0000004228765835,1.0000000003348637,13.09262048250821,H1+H2,26012.09601372731,26012.05790053565,-0.03811319166347554,209,247,13.09262048250821,bayes_h1h2_marginal_boundary,measured_graph,0.00016450485578472542,0.7271160146875112,0.09323444997322132,40,h1:h1_z;h2:h2_z
0.001,1.0000004959198654,1.0000000003813951,21.475775391772913,H1+H2,26007.881827146775,26007.866323081016,-0.015504065757907535,209,247,21.475775391772913,bayes_h1h2_marginal_boundary,measured_graph,2.4877100621623387e-06,0.7256762693618276,0.0941249122579655,40,h1:h1_z;h2:h2_z
0.0012589254117941675,1.0000005302741704,1.0000000004961287,34.434685241816624,H1+H2,26001.389763095845,26001.386868155994,-0.0028949398523394052,209,247,34.434685241816624,bayes_h1h2_marginal_boundary,measured_graph,3.817756656996324e-09,0.7241188050220204,0.09554930041679102,40,h1:h1_z;h2:h2_z
0.001584893192461114,1.0000098945149134,1.0000000007345975,53.93932121693797,H1+H2,25991.63483598238,25991.634550168434,-0.0002858139467712683,209,247,53.93932121693797,bayes_h1h2_marginal_boundary,measured_graph,2.2203955861323217e-13,0.7227859229478186,0.09774650511685701,40,h1:h1_z;h2:h2_z
0.0019952623149688807,1.0000083499987442,1.0000000012164556,82.06733792724117,H1+H2,25977.578218501323,25977.570541813282,-0.007676688041203171,209,247,82.06733792724117,bayes_h1h2_marginal_boundary,measured_graph,1.7318454512414778e-19,0.7221149135387815,0.10099059630221849,40,h1:h1_z;h2:h2_z
0.002511886431509582,1.0000066467398263,1.000000002155031,120.25273670798924,H1+H2,25958.502909985044,25958.477842422908,-0.025067562135635053,209,247,120.25273670798924,bayes_h1h2_marginal_boundary,measured_graph,8.84413052382146e-28,0.7224604366665278,0.10552387096133713,40,h1:h1_z;h2:h2_z
0.0031622776601683794,1.0000052362544878,1.0000000037997125,168.26979580303305,H1+H2,25934.521771311614,25934.469312875386,-0.05245843623006681,209,247,168.26979580303305,bayes_h1h2_marginal_boundary,measured_graph,3.3104211063694356e-38,0.724013589236167,0.11144000402349835,40,h1:h1_z;h2:h2_z
0.003981071705534973,1.000004211352536,1.0000000061175158,223.60011954809306,H1+H2,25906.89400031318,25906.804151002856,-0.08984931032449865,209,247,223.60011954809306,bayes_h1h2_marginal_boundary,measured_graph,3.199308354301786e-50,0.7268121977643673,0.11856017014897742,40,h1:h1_z;h2:h2_z
0.005011872336272725,1.0000034848777117,1.0000000083364569,281.8885277440204,H1+H2,25877.797187089313,25877.659946904892,-0.13724018441893068,209,247,281.8885277440204,bayes_h1h2_marginal_boundary,measured_graph,7.045131128197749e-63,0.7307827526708122,0.12639914734238847,40,h1:h1_z;h2:h2_z
0.006309573444801936,1.0000029513612212,1.0000000091923995,338.45499116359133,H1+H2,25849.57134625362,25849.376715195107,-0.19463105851336257,209,247,338.45499116359133,bayes_h1h2_marginal_boundary,measured_graph,3.669759630942449e-75,0.7357253504575724,0.13429917799740812,40,h1:h1_z;h2:h2_z
0.00794328234724282,1.0000025437077629,1.0000000081057112,389.8929781989864,H1+H2,25823.91974361002,25823.65772167741,-0.26202193260779433,209,247,389.8929781989864,bayes_h1h2_marginal_boundary,measured_graph,2.4832512003764805e-86,0.7412534597131343,0.14168039159488663,40,h1:h1_z;h2:h2_z
0.01,1.0000022349191575,1.000000005733866,434.77207783768245,H1+H2,25801.557584664763,25801.21817185806,-0.3394128067022262,209,247,434.77207783768245,bayes_h1h2_marginal_boundary,measured_graph,4.46321688229015e-96,0.7467807688078841,0.148240415048046,40,h1:h1_z;h2:h2_z
0.012589254117941675,1.000002021989001,1.0000000032281473,473.34963210016576,H1+H2,25782.356198407615,25781.92939472682,-0.42680368079665804,209,247,473.34963210016576,bayes_h1h2_marginal_boundary,measured_graph,1.8734345289774898e-104,0.7516444445395651,0.1539840910839069,40,h1:h1_z;h2:h2_z
0.01584893192461114,1.0000019066563104,1.0000000013959027,506.86143846527557,H1+H2,25765.697686099156,25765.173491544265,-0.5241945548910899,209,247,506.86143846527557,bayes_h1h2_marginal_boundary,measured_graph,9.90016035221799e-112,0.7553373846063601,0.15911545947014147,40,h1:h1_z;h2:h2_z
0.01995262314968881,1.0000018811538816,1.0000000004394745,536.8874669360521,H1+H2,25750.792062737863,25750.160477308877,-0.6315854289855218,209,247,536.8874669360521,bayes_h1h2_marginal_boundary,measured_graph,2.9893240056634603e-118,0.7576901764293595,0.16390203040109183,40,h1:h1_z;h2:h2_z
0.025118864315095822,1.0000019221261724,1.0000000000998002,564.9515564938993,H1+H2,25736.877408833032,25736.128432529953,-0.7489763030799538,209,247,564.9515564938993,bayes_h1h2_marginal_boundary,measured_graph,2.4073174970624287e-124,0.7588736564178991,0.16858846361316168,40,h1:h1_z;h2:h2_z
0.03162277660168379,1.0000019912865048,1.000000000019518,592.3230413522833,H1+H2,25723.319057277935,25722.44269010076,-0.8763671771743852,209,247,592.3230413522833,bayes_h1h2_marginal_boundary,measured_graph,2.740885887066347e-130,0.7592573434855161,0.17336983132257802,40,h1:h1_z;h2:h2_z
0.039810717055349734,1.0000020412407429,1.0000000273617629,619.9289061032032,H1+H2,25709.65351577657,25708.6397577253,-1.0137580512688171,209,247,619.9289061032032,bayes_h1h2_marginal_boundary,measured_graph,2.7755789806082757e-136,0.759249987892429,0.17839248379529027,40,h1:h1_z;h2:h2_z
0.05011872336272725,1.0000020252549122,1.000000016997366,648.2988696255052,H1+H2,25695.615924889513,25694.45477596415,-1.1611489253632492,209,247,648.2988696255052,bayes_h1h2_marginal_boundary,measured_graph,1.9182017601372153e-142,0.759199741296828,0.18374978960690164,40,h1:h1_z;h2:h2_z
0.06309573444801936,1.0000019091679315,1.0000000136005596,677.5129221923271,H1+H2,25681.166289480196,25679.84774968074,-1.3185397994576809,209,247,677.5129221923271,bayes_h1h2_marginal_boundary,measured_graph,8.692473457988589e-149,0.7593531758033331,0.18946290239792563,40,h1:h1_z;h2:h2_z
0.07943282347242822,1.0000016830227403,1.0000000111877463,707.1513780601817,H1+H2,25666.514452420364,25665.02852174681,-1.4859306735521132,209,247,707.1513780601817,bayes_h1h2_marginal_boundary,measured_graph,3.1859169866850278e-155,0.7598502347660961,0.19545222777117507,40,h1:h1_z;h2:h2_z
0.1,1.0000013676596406,1.000000008603948,736.3080819208553,H1+H2,25652.11349136412,25650.450169816475,-1.663321547646544,209,247,736.3080819208553,bayes_h1h2_marginal_boundary,measured_graph,1.4857189301081593e-161,0.7607480156408251,0.20151727355490362,40,h1:h1_z;h2:h2_z
1e-05,1.0000008739907087,0.9999989978276823,156.02595575562736,H1+H2,25516.765067086995,25514.397380503127,-2.3676865838692702,189,241,156.02595575562736,bayes_h1h2_marginal_boundary,measured_graph,7.456414342738474e-35,0.21723516947066498,0.028106433887776307,41,h1:h1_z;h2:h2_z
1.2589254117941661e-05,1.0000010455391042,0.9999971054445482,153.1797254000121,H1+H2,25517.975573138898,25515.820495680935,-2.155077457963703,189,241,153.1797254000121,bayes_h1h2_marginal_boundary,measured_graph,3.0944331291183352e-34,0.2172304778559929,0.027942501088183316,41,h1:h1_z;h2:h2_z
1.584893192461114e-05,1.000001257759053,0.999993133016635,149.29519779891416,H1+H2,25519.715227813544,25517.762759481484,-1.952468332058134,189,241,149.29519779891416,bayes_h1h2_marginal_boundary,measured_graph,2.1582192058629487e-33,0.2172239542048307,0.027723190302033202,41,h1:h1_z;h2:h2_z
1.9952623149688786e-05,1.0000014963840453,0.9999994939796244,144.14372992717108,H1+H2,25522.098352623507,25520.338493417355,-1.7598592061525666,189,241,144.14372992717108,bayes_h1h2_marginal_boundary,measured_graph,2.8361068458583174e-32,0.21721477128637734,0.027454546730322778,41,h1:h1_z;h2:h2_z
2.5118864315095822e-05,1.000000013169658,0.9999994010875203,137.6920217548177,H1+H2,25525.14159758378,25523.564347503532,-1.5772500802469966,189,241,137.6920217548177,bayes_h1h2_marginal_boundary,measured_graph,7.139917887870472e-31,0.21720187668348367,0.02716369227270248,41,h1:h1_z;h2:h2_z
3.1622776601683795e-05,1.000000015096212,0.9999996343845277,130.2697508272322,H1+H2,25528.680123921666,25527.275482967325,-1.404640954341429,189,241,130.2697508272322,bayes_h1h2_marginal_boundary,measured_graph,2.92024218757687e-29,0.21718304669067806,0.026892184793064246,41,h1:h1_z;h2:h2_z
3.9810717055349695e-05,1.0000000170607282,0.9999956864008253,122.55731178862334,H1+H2,25532.373734315064,25531.13170248663,-1.2420318284358616,189,241,122.55731178862334,bayes_h1h2_marginal_boundary,measured_graph,1.3808729713549913e-27,0.21715562466944224,0.026674148339377986,41,h1:h1_z;h2:h2_z
5.011872336272725e-05,1.0000000193296446,0.9999988838530448,115.30854163615004,H1+H2,25535.845510265397,25534.756087562866,-1.089422702530293,189,241,115.30854163615004,bayes_h1h2_marginal_boundary,measured_graph,5.178502233507781e-26,0.21711538991519977,0.02651777664102621,41,h1:h1_z;h2:h2_z
6.309573444801929e-05,1.0000000223952497,0.9999998075363182,109.01056532235816,H1+H2,25538.851889296388,25537.905075719762,-0.9468135766247254,189,241,109.01056532235816,bayes_h1h2_marginal_boundary,measured_graph,1.2072364734275088e-24,0.21705610565796427,0.026409391338544714,41,h1:h1_z;h2:h2_z
7.943282347242822e-05,1.0000000270068192,0.9999999755992284,103.75783381984365,H1+H2,25541.345645921738,25540.53144147102,-0.8142044507191568,189,241,103.75783381984365,bayes_h1h2_marginal_boundary,measured_graph,1.6688161778551507e-23,0.21696878403813688,0.026327881354439416,41,h1:h1_z;h2:h2_z
0.0001,1.0000000342292545,0.9999999975119114,99.34083819236548,H1+H2,25543.431534609572,25542.73993928476,-0.6915953248135883,189,241,99.34083819236548,bayes_h1h2_marginal_boundary,measured_graph,1.5189620203909715e-22,0.2168410410851059,0.02625510397773904,41,h1:h1_z;h2:h2_z
0.00012589254117941674,1.0000000453227131,0.9999999997806437,95.39955689937779,H1+H2,25545.28956613016,25544.710579931252,-0.5789861989080206,189,241,95.39955689937779,bayes_h1h2_marginal_boundary,measured_graph,1.0898965394132979e-21,0.21665713603725026,0.02617835967413201,41,h1:h1_z;h2:h2_z
0.00015848931924611142,1.0000000608007285,0.9999999514559925,91.53542416811251,H1+H2,25547.119023369887,25546.642646296885,-0.47637707300245236,189,241,91.53542416811251,bayes_h1h2_marginal_boundary,measured_graph,7.524385449047281e-21,0.21639994671133492,0.0260890106251647,41,h1:h1_z;h2:h2_z
0.00019952623149688788,1.0000000777598244,0.9999999911362729,87.36504790660547,H1+H2,25549.111602374735,25548.72783442764,-0.38376794709688455,189,241,87.36504790660547,bayes_h1h2_marginal_boundary,measured_graph,6.054199582839104e-20,0.21605674569855732,0.025980505468831523,41,h1:h1_z;h2:h2_z
0.0002511886431509582,1.0000000869705996,0.9999999984033566,82.53989313661441,H1+H2,25551.441570633826,25551.140411812634,-0.30115882119131615,189,241,82.53989313661441,bayes_h1h2_marginal_boundary,measured_graph,6.758118136739207e-19,0.21562978785262812,0.025847005829432418,41,h1:h1_z;h2:h2_z
0.00031622776601683794,1.000000077662511,0.9999999997115069,76.75849332425423,H1+H2,25554.2596614141,25554.031111718814,-0.22854969528574837,189,241,76.75849332425423,bayes_h1h2_marginal_boundary,measured_graph,1.2168605097917277e-17,0.2151478617174245,0.025682713985341856,41,h1:h1_z;h2:h2_z
0.00039810717055349735,1.0000000522547967,0.9999999999468464,69.78369340084464,H1+H2,25557.684452249898,25557.51851168052,-0.16594056938017995,189,241,69.78369340084464,bayes_h1h2_marginal_boundary,measured_graph,3.9792328842285457e-16,0.21466697307677632,0.025481825719853076,41,h1:h1_z;h2:h2_z
0.0005011872336272725,1.0000020889393555,0.9999999999898124,61.46138764813804,H1+H2,25561.792996000346,25561.679664556872,-0.11333144347461188,189,241,61.46138764813804,bayes_h1h2_marginal_boundary,measured_graph,2.552496113493644e-14,0.21424918735577295,0.02523913112883297,41,h1:h1_z;h2:h2_z
0.000630957344480193,1.0000011326491636,0.9999999999979015,51.73701051234093,H1+H2,25566.61257544234,25566.54185312477,-0.07072231756904392,189,241,51.73701051234093,bayes_h1h2_marginal_boundary,measured_graph,3.3005533305433367e-12,0.2139318182896873,0.024951514513374292,41,h1:h1_z;h2:h2_z
0.0007943282347242822,1.000000640316875,0.999999999999516,40.70108581228851,H1+H2,25572.09792866646,25572.059815474797,-0.03811319166347554,189,241,40.70108581228851,bayes_h1h2_marginal_boundary,measured_graph,8.222565741581416e-10,0.21371153104920176,0.024620799593890276,41,h1:h1_z;h2:h2_z
0.001,1.0000004165948917,0.999999999999863,28.720539830843336,H1+H2,25578.06559253128,25578.05008846552,-0.015504065757907535,189,241,28.720539830843336,bayes_h1h2_marginal_boundary,measured_graph,3.285109570310629e-07,0.21355875895398815,0.02425838772585186,41,h1:h1_z;h2:h2_z
0.0012589254117941675,1.0000003178646069,0.9999999999999502,16.68446712083096,H1+H2,25584.071019760377,25584.068124820526,-0.0028949398523394052,189,241,16.68446712083096,bayes_h1h2_marginal_boundary,measured_graph,0.0001349428382134293,0.21343886156156913,0.023891478974588494,41,h1:h1_z;h2:h2_z
0.001584893192461114,1.000000272945471,0.9999999999999766,6.274291313930007,H1+H2,25589.27349853792,25589.273212723976,-0.0002858139467712683,189,241,6.274291313930007,bayes_h1h2_marginal_boundary,measured_graph,0.024586165153383823,0.21332444284810906,0.023568604584169085,41,h1:h1_z;h2:h2_z
0.0019952623149688807,1.0000002503047245,0.9999999999999853,-0.0,H1+H2,25592.418035068982,25592.41035838094,-0.007676688041203171,189,241,-0.0,bayes_h1h2_marginal_boundary,measured_graph,0.5664164299068365,0.21319734473859467,0.023358776688762833,41,h1:h1_z;h2:h2_z
0.002511886431509582,1.0000002364227372,0.9999999999999908,0.6679318359383615,H1+H2,25592.101460025107,25592.076392462972,-0.025067562135635053,189,241,0.6679318359383615,bayes_h1h2_marginal_boundary,measured_graph,0.4055984503337415,0.2130466730482493,0.02333748127605283,41,h1:h1_z;h2:h2_z
0.0031622776601683794,1.0000002260752094,0.9999999999999931,10.313089219795074,H1+H2,25587.306272207272,25587.253813771043,-0.05245843623006681,189,241,10.313089219795074,bayes_h1h2_marginal_boundary,measured_graph,0.003263450070698679,0.2128674128608768,0.023561564231732546,41,h1:h1_z;h2:h2_z
0.003981071705534973,1.0000002180216196,0.9999999999999936,29.413101164551335,H1+H2,25577.79365710899,25577.703807798665,-0.08984931032449865,189,241,29.413101164551335,bayes_h1h2_marginal_boundary,measured_graph,2.3236037924132765e-07,0.21266079863014514,0.0240520166652333,41,h1:h1_z;h2:h2_z
0.005011872336272725,1.0000002128015704,0.9999999999999944,57.27808318511234,H1+H2,25563.908556972805,25563.771316788385,-0.13724018441893068,189,241,57.27808318511234,bayes_h1h2_marginal_boundary,measured_graph,2.0670839348173647e-13,0.21243533149225935,0.0248049730677174,41,h1:h1_z;h2:h2_z
0.006309573444801936,1.0000002114120417,0.9999999999999941,93.24628904089332,H1+H2,25545.981844919006,25545.787213860494,-0.19463105851336257,189,241,93.24628904089332,bayes_h1h2_marginal_boundary,measured_graph,3.1986111597244206e-21,0.21220635141076147,0.025823417371275983,41,h1:h1_z;h2:h2_z
0.00794328234724282,1.0000002145230766,0.9999999999999954,137.34784237796703,H1+H2,25523.998459124567,25523.736437191958,-0.26202193260779433,189,241,137.34784237796703,bayes_h1h2_marginal_boundary,measured_graph,8.480682791368153e-31,0.21199310102013708,0.027137663189554316,41,h1:h1_z;h2:h2_z
0.01,1.0000002221224367,0.9999999999999968,189.766733488701,H1+H2,25497.86640444329,25497.52699163659,-0.3394128067022262,189,241,189.766733488701,bayes_h1h2_marginal_boundary,measured_graph,3.514092919172194e-42,0.2118153735429654,0.028792985832730364,41,h1:h1_z;h2:h2_z
0.012589254117941675,1.00000023338939,1.000000000000005,249.74734398636065,H1+H2,25467.963490068556,25467.53668638776,-0.42680368079665804,189,241,249.74734398636065,bayes_h1h2_marginal_boundary,measured_graph,3.3203904853210494e-55,0.21169441030562192,0.03081352596770026,41,h1:h1_z;h2:h2_z
0.01584893192461114,1.0000002465373135,1.00000000000002,315.06765792981605,H1+H2,25435.400723970924,25434.876529416033,-0.5241945548910899,189,241,315.06765792981605,bayes_h1h2_marginal_boundary,measured_graph,2.1730174296754628e-69,0.21166011747446806,0.03317073826290504,41,h1:h1_z;h2:h2_z
0.01995262314968881,1.0000002585250145,1.000000000000054,382.43433801765786,H1+H2,25401.824774801098,25401.193189372112,-0.6315854289855218,189,241,382.43433801765786,bayes_h1h2_marginal_boundary,measured_graph,5.111807568394739e-84,0.21175778677965035,0.03577471751730989,41,h1:h1_z;h2:h2_z
0.025118864315095822,1.00000026493937,1.0000000000001092,448.2443593524222,H1+H2,25369.03715500781,25368.28817870473,-0.7489763030799538,189,241,448.2443593524222,bayes_h1h2_marginal_boundary,measured_graph,2.6188458561161838e-98,0.21203977457852666,0.03848499741851736,41,h1:h1_z;h2:h2_z
0.03162277660168379,1.0000002608318397,1.000000000000194,509.23907551159937,H1+H2,25338.667187802315,25337.79082062514,-0.8763671771743852,189,241,509.23907551159937,bayes_h1h2_marginal_boundary,measured_graph,1.4903065501024393e-111,0.21253401723991466,0.041135391688551126,41,h1:h1_z;h2:h2_z
0.039810717055349734,1.0000002430709605,1.0000000000003204,563.0451063460423,H1+H2,25311.901563259187,25310.88780520792,-1.0137580512688171,189,241,563.0451063460423,bayes_h1h2_marginal_boundary,measured_graph,3.086344978181107e-123,0.2132083611538465,0.04357379541848984,41,h1:h1_z;h2:h2_z
0.05011872336272725,1.0000002129609284,1.0000000000005205,608.5791459848406,H1+H2,25289.281934313884,25288.12078538852,-1.1611489253632492,189,241,608.5791459848406,bayes_h1h2_marginal_boundary,measured_graph,3.998097593531024e-133,0.21397569249012285,0.04570410139420538,41,h1:h1_z;h2:h2_z
0.06309573444801936,1.0000001762752284,1.0000000000008606,646.1281434609627,H1+H2,25270.664826449916,25269.34628665046,-1.3185397994576809,189,241,646.1281434609627,bayes_h1h2_marginal_boundary,measured_graph,2.8066754029171664e-141,0.21476195459507616,0.0475038479186363,41,h1:h1_z;h2:h2_z
0.07943282347242822,1.0000001400795941,1.0000000000015046,677.0248787845994,H1+H2,25255.383849662194,25253.89791898864,-1.4859306735521132,189,241,677.0248787845994,bayes_h1h2_marginal_boundary,measured_graph,5.483418067150161e-148,0.21558827384799592,0.04900791737529942,41,h1:h1_z;h2:h2_z
0.1,1.0000001095196627,1.000000000002829,703.0506310112542,H1+H2,25242.54836442296,25240.885042875314,-1.663321547646544,189,241,703.0506310112542,bayes_h1h2_marginal_boundary,measured_graph,1.2235763354962963e-153,0.21658670069321803,0.050275461927458916,41,h1:h1_z;h2:h2_z
1e-05,1.000000464620979,0.9999956721983446,119.65490425879398,H1+H2,21805.52923877976,21803.161552195892,-2.3676865838692702,166,200,119.65490425879398,bayes_h1h2_marginal_boundary,measured_graph,5.50779644931943e-27,0.17189487534218806,0.027656809714016524,42,h1:h1_z;h2:h2_z
1.2589254117941661e-05,1.000000639235267,0.999999436188677,116.36812477314379,H1+H2,21806.96001939668,21804.804941938717,-2.155077457963703,166,200,116.36812477314379,bayes_h1h2_marginal_boundary,measured_graph,2.849003473040135e-26,0.17188909993125168,0.02741595165785091,42,h1:h1_z;h2:h2_z
1.584893192461114e-05,1.000000870931769,0.999998159187673,111.75024024124286,H1+H2,21809.066352536727,21807.113884204668,-1.952468332058134,166,200,111.75024024124286,bayes_h1h2_marginal_boundary,measured_graph,2.8671727723702583e-25,0.1718798537616787,0.02708838516643876,42,h1:h1_z;h2:h2_z
1.9952623149688786e-05,1.0000000057447325,0.99999596958201,105.46350089381303,H1+H2,21812.017113084534,21810.257253878382,-1.7598592061525666,166,200,105.46350089381303,bayes_h1h2_marginal_boundary,measured_graph,6.646637104785367e-24,0.17186520331539312,0.026682432168946748,42,h1:h1_z;h2:h2_z
2.5118864315095822e-05,1.0000000078939373,0.9999949744779835,97.42784357242635,H1+H2,21815.852332619324,21814.275082539076,-1.5772500802469966,166,200,97.42784357242635,bayes_h1h2_marginal_boundary,measured_graph,3.6942202471263177e-22,0.1718417841496593,0.02624256198546295,42,h1:h1_z;h2:h2_z
3.1622776601683795e-05,1.0000000110073626,0.9999968658207823,88.08894981550839,H1+H2,21820.349170371876,21818.944529417535,-1.404640954341429,166,200,88.08894981550839,bayes_h1h2_marginal_boundary,measured_graph,3.9394699957128504e-20,0.17180468612230154,0.025840145132449966,42,h1:h1_z;h2:h2_z
3.9810717055349695e-05,1.0000000160169054,0.9999990556405115,78.42841988663713,H1+H2,21825.016826210405,21823.77479438197,-1.2420318284358616,166,200,78.42841988663713,bayes_h1h2_marginal_boundary,measured_graph,4.93395537585816e-18,0.17174621573472224,0.025532050426757404,42,h1:h1_z;h2:h2_z
5.011872336272725e-05,1.0000000250362258,0.9999998525768764,69.53677155709738,H1+H2,21829.31004124927,21828.22061854674,-1.089422702530293,166,200,69.53677155709738,bayes_h1h2_marginal_boundary,measured_graph,4.207189942040251e-16,0.17165470463574176,0.02532963074173281,42,h1:h1_z;h2:h2_z
6.309573444801929e-05,1.0000000427354332,0.9999989736455405,62.10988094081404,H1+H2,21832.880877431508,21831.934063854882,-0.9468135766247254,166,200,62.10988094081404,bayes_h1h2_marginal_boundary,measured_graph,1.7247292381805056e-14,0.1715129508651111,0.025209335460751253,42,h1:h1_z;h2:h2_z
7.943282347242822e-05,1.0000000789654715,0.9999998699182169,56.29131758506992,H1+H2,21835.657549983473,21834.843345532754,-0.8142044507191568,166,200,56.29131758506992,bayes_h1h2_marginal_boundary,measured_graph,3.163777293126107e-13,0.17129676768620147,0.025139207344603128,42,h1:h1_z;h2:h2_z
0.0001,1.0000001516457342,0.9999999865832581,51.823677737083926,H1+H2,21837.76876078156,21837.077165456747,-0.6915953248135883,166,200,51.823677737083926,bayes_h1h2_marginal_boundary,measured_graph,2.9535312567648985e-12,0.1709748461685261,0.0250942060055382,42,h1:h1_z;h2:h2_z
0.00012589254117941674,1.0000002814785238,0.9999999987871212,48.268848933621484,H1+H2,21839.433566057385,21838.85457985848,-0.5789861989080206,166,200,48.268848933621484,bayes_h1h2_marginal_boundary,measured_graph,1.7468790563226596e-11,0.1705125861363252,0.025058626372800066,42,h1:h1_z;h2:h2_z
0.00015848931924611142,1.0000004571736927,0.9999999998982492,45.16382887321379,H1+H2,21840.883466961684,21840.407089888682,-0.47637707300245236,166,200,45.16382887321379,bayes_h1h2_marginal_boundary,measured_graph,8.251053008599681e-11,0.16988401479671414,0.025023530995655845,42,h1:h1_z;h2:h2_z
0.00019952623149688788,1.0000005779218866,0.999999966876417,42.10864090094401,H1+H2,21842.318451821913,21841.934683874817,-0.38376794709688455,166,200,42.10864090094401,bayes_h1h2_marginal_boundary,measured_graph,3.801325123854164e-10,0.16909414876373724,0.024983716229644355,42,h1:h1_z;h2:h2_z
0.0002511886431509582,1.000000505860597,0.9999999937044572,38.82406752216775,H1+H2,21843.878129385397,21843.576970564205,-0.30115882119131615,166,200,38.82406752216775,bayes_h1h2_marginal_boundary,measured_graph,1.9641337710445045e-09,0.16820301219412673,0.02493565956173266,42,h1:h1_z;h2:h2_z
0.00031622776601683794,1.0000002815406512,0.9999999987597644,35.195167315025174,H1+H2,21845.619970363063,21845.391420667776,-0.22854969528574837,166,200,35.195167315025174,bayes_h1h2_marginal_boundary,measured_graph,1.2055264140972027e-08,0.16732450248356326,0.024876397028654067,42,h1:h1_z;h2:h2_z
0.00039810717055349735,1.0000000982348052,0.9999999997353473,31.27063612065831,H1+H2,21847.51962683434,21847.35368626496,-0.16594056938017995,166,200,31.27063612065831,bayes_h1h2_marginal_boundary,measured_graph,8.57783822738132e-08,0.16657927613879078,0.024802985806826904,42,h1:h1_z;h2:h2_z
0.0005011872336272725,1.0000018114057203,0.9999999999343504,27.183187034570437,H1+H2,21849.510742251477,21849.397410808004,-0.11333144347461188,166,200,27.183187034570437,bayes_h1h2_marginal_boundary,measured_graph,6.621496335452758e-07,0.16603220037302324,0.024712339694483172,42,h1:h1_z;h2:h2_z
0.000630957344480193,1.0000005249582822,0.9999999999791206,23.028947112128662,H1+H2,21851.545253086795,21851.474530769225,-0.07072231756904392,166,200,23.028947112128662,bayes_h1h2_marginal_boundary,measured_graph,5.284913463366874e-06,0.16567449901660747,0.024601373145542137,42,h1:h1_z;h2:h2_z
0.0007943282347242822,1.0000001586164837,0.9999999999907484,18.80339144449681,H1+H2,21853.625421794703,21853.58730860304,-0.03811319166347554,166,200,18.80339144449681,bayes_h1h2_marginal_boundary,measured_graph,4.371249897740802e-05,0.16545426011438022,0.0244675579221676,42,h1:h1_z;h2:h2_z
0.001,1.0000000579657984,0.9999999999942872,14.440498435920745,H1+H2,21855.784259173088,21855.76875510733,-0.015504065757907535,166,200,14.440498435920745,bayes_h1h2_marginal_boundary,measured_graph,0.00038725391278872,0.16531682667579223,0.024310158407789963,42,h1:h1_z;h2:h2_z
0.0012589254117941675,1.0000000271882876,0.9999999999954917,9.934320166088582,H1+H2,21858.024739182096,21858.021844242245,-0.0028949398523394052,166,200,9.934320166088582,bayes_h1h2_marginal_boundary,measured_graph,0.0036855303596917926,0.1652234452177958,0.02413255578791481,42,h1:h1_z;h2:h2_z
0.001584893192461114,1.0000000158428026,0.9999999999959155,5.506758470168279,H1+H2,21860.23591090415,21860.235625090205,-0.0002858139467712683,166,200,5.506758470168279,bayes_h1h2_marginal_boundary,measured_graph,0.033723512257281395,0.16515316459434543,0.023946029750436745,42,h1:h1_z;h2:h2_z
0.0019952623149688807,1.0000000106875235,0.9999999999960556,1.795705530901614,H1+H2,21862.09882824788,21862.09115155984,-0.007676688041203171,166,200,1.795705530901614,bayes_h1h2_marginal_boundary,measured_graph,0.21566402497722653,0.16509880761980816,0.023774711461252613,42,h1:h1_z;h2:h2_z
0.002511886431509582,1.0000000078699187,0.9999999999961194,-0.0,H1+H2,21863.014071887425,21862.98900432529,-0.025067562135635053,166,200,-0.0,bayes_h1h2_marginal_boundary,measured_graph,0.529310132697674,0.1650632131261571,0.023659629210796028,42,h1:h1_z;h2:h2_z
0.0031622776601683794,1.0000000061405547,0.9999999999961939,1.833221197972307,H1+H2,21862.12485216253,21862.072393726303,-0.05245843623006681,166,200,1.833221197972307,bayes_h1h2_marginal_boundary,measured_graph,0.21165634034778583,0.16505659556741364,0.023657333967559223,42,h1:h1_z;h2:h2_z
0.003981071705534973,1.0000000050533067,0.9999999999963358,9.12694184533757,H1+H2,21858.515382712943,21858.42553340262,-0.08984931032449865,166,200,9.12694184533757,bayes_h1h2_marginal_boundary,measured_graph,0.005518486288545504,0.16509345610703088,0.023828719352843104,42,h1:h1_z;h2:h2_z
0.005011872336272725,1.0000000044151856,0.9999999999965763,23.15618025126605,H1+H2,21851.548154384076,21851.410914199656,-0.13724018441893068,166,200,23.15618025126605,bayes_h1h2_marginal_boundary,measured_graph,4.959176385366023e-06,0.16518757894495292,0.024220281387618756,42,h1:h1_z;h2:h2_z
0.006309573444801936,1.000000004098268,0.9999999999969365,44.11546174249088,H1+H2,21841.125904512555,21840.931273454044,-0.19463105851336257,166,200,44.11546174249088,bayes_h1h2_marginal_boundary,measured_graph,1.393668253034772e-10,0.16534587967905606,0.024849271842039968,42,h1:h1_z;h2:h2_z
0.00794328234724282,1.0000000039733845,0.9999999999973997,71.14456607405009,H1+H2,21827.678743220873,21827.416721288264,-0.26202193260779433,166,200,71.14456607405009,bayes_h1h2_marginal_boundary,measured_graph,1.883059210895638e-16,0.16556427445804622,0.02570313301339997,42,h1:h1_z;h2:h2_z
0.01,1.0000000038904184,0.9999999999979704,102.80295060013304,H1+H2,21811.926941831924,21811.587529025222,-0.3394128067022262,166,200,102.80295060013304,bayes_h1h2_marginal_boundary,measured_graph,2.513813900266396e-23,0.16582793266293858,0.026750877140356948,42,h1:h1_z;h2:h2_z
0.012589254117941675,1.0000000036958152,0.9999999999986758,137.5910428916468,H1+H2,21794.62028656026,21794.193482879466,-0.42680368079665804,166,200,137.5910428916468,bayes_h1h2_marginal_boundary,measured_graph,7.01770106140024e-31,0.1661150586647591,0.027956586006064207,42,h1:h1_z;h2:h2_z
0.01584893192461114,1.0000000032911902,0.9999999999995325,174.27251279292977,H1+H2,21776.376942483716,21775.852747928824,-0.5241945548910899,166,200,174.27251279292977,bayes_h1h2_marginal_boundary,measured_graph,7.601772726524132e-39,0.16640251197156644,0.02928873259181182,42,h1:h1_z;h2:h2_z
0.01995262314968881,1.0000000026868474,1.0000000000004476,211.95510410309362,H1+H2,21757.643037702728,21757.011452273742,-0.6315854289855218,166,200,211.95510410309362,bayes_h1h2_marginal_boundary,measured_graph,4.991650229734283e-47,0.16667302111022927,0.030722978108853202,42,h1:h1_z;h2:h2_z
0.025118864315095822,1.0000000019806012,1.000000000001144,250.00250423991383,H1+H2,21738.73672850841,21737.987752205332,-0.7489763030799538,166,200,250.00250423991383,bayes_h1h2_marginal_boundary,measured_graph,2.731216837729473e-55,0.16692336273761083,0.032238953470625574,42,h1:h1_z;h2:h2_z
0.03162277660168379,1.0000000012888408,1.000000000001327,287.92309100870625,H1+H2,21719.90382599811,21719.027458820936,-0.8763671771743852,166,200,287.92309100870625,bayes_h1h2_marginal_boundary,measured_graph,1.5922284845208587e-63,0.1671710448701587,0.03381542444155781,42,h1:h1_z;h2:h2_z
0.039810717055349734,1.0000000007138554,1.000000000001029,325.306841049387,H1+H2,21701.349341851863,21700.335583800595,-1.0137580512688171,166,200,325.306841049387,bayes_h1h2_marginal_boundary,measured_graph,1.21402382926501e-71,0.16745612915490574,0.035427086542399,42,h1:h1_z;h2:h2_z
0.05011872336272725,1.0000000003291545,1.0000000000006153,361.7569760278784,H1+H2,21683.271665236713,21682.11051631135,-1.1611489253632492,166,200,361.7569760278784,bayes_h1h2_marginal_boundary,measured_graph,1.4763215811725455e-79,0.16783524694393476,0.03704165827590223,42,h1:h1_z;h2:h2_z
0.06309573444801936,1.0000000001353153,1.0000000000003701,396.807297704283,H1+H2,21665.903895272604,21664.585355473148,-1.3185397994576809,166,200,396.807297704283,bayes_h1h2_marginal_boundary,measured_graph,3.6149335786356495e-87,0.16836825314904966,0.03861749937990927,42,h1:h1_z;h2:h2_z
0.07943282347242822,1.000000000061425,1.0000000000003204,429.91029738949146,H1+H2,21649.519786304096,21648.033855630543,-1.4859306735521132,166,200,429.91029738949146,bayes_h1h2_marginal_boundary,measured_graph,2.3435556625215317e-94,0.16910093608145096,0.04010641675661503,42,h1:h1_z;h2:h2_z
0.1,1.0000000000367106,1.0000000000004083,460.51045193152095,H1+H2,21634.397099907175,21632.73377835953,-1.663321547646544,166,200,460.51045193152095,bayes_h1h2_marginal_boundary,measured_graph,5.3105089064526713e-101,0.17004518039431696,0.04146302421685631,42,h1:h1_z;h2:h2_z
1e-05,1.000000662952082,1.0000000079169196,19.123968429084925,H1+H2,26118.03847189486,26115.67078531099,-2.3676865838692702,199,252,19.123968429084925,bayes_h1h2_marginal_boundary,measured_graph,1.212747463072243e-05,0.4996700866264355,0.06901545832645715,43,h1:h1_z;h2:h2_z
1.2589254117941661e-05,1.000000703656133,1.0000000244982108,18.540157376235584,H1+H2,26118.11776829538,26115.962690837416,-2.155077457963703,199,252,18.540157376235584,bayes_h1h2_marginal_boundary,measured_graph,1.6238403701820795e-05,0.49967123139789504,0.06898926748018674,43,h1:h1_z;h2:h2_z
1.584893192461114e-05,1.0000007621055673,1.000000075316126,17.90124244830804,H1+H2,26118.23461663344,26116.28214830138,-1.952468332058134,199,252,17.90124244830804,bayes_h1h2_marginal_boundary,measured_graph,2.2350227492502908e-05,0.49967259901577477,0.06895009827760727,43,h1:h1_z;h2:h2_z
1.9952623149688786e-05,1.0000008418583262,1.000000220742175,17.17157731691259,H1+H2,26118.40684007323,26116.646980867077,-1.7598592061525666,199,252,17.17157731691259,bayes_h1h2_marginal_boundary,measured_graph,3.219042555558703e-05,0.49967420547532204,0.06889205044837686,43,h1:h1_z;h2:h2_z
2.5118864315095822e-05,1.0000009430789003,1.0000005881337541,16.301673779416888,H1+H2,26118.659182716074,26117.081932635825,-1.5772500802469966,199,252,16.301673779416888,bayes_h1h2_marginal_boundary,measured_graph,4.9730619707402486e-05,0.4996760474735362,0.06880757023390992,43,h1:h1_z;h2:h2_z
3.1622776601683795e-05,1.0000010596085023,1.000001347725931,15.227705982259067,H1+H2,26119.023557488745,26117.618916534404,-1.404640954341429,199,252,15.227705982259067,bayes_h1h2_marginal_boundary,measured_graph,8.50810841248287e-05,0.4996780836335769,0.06868837715119304,43,h1:h1_z;h2:h2_z
3.9810717055349695e-05,1.000001178288339,1.0000000267059874,13.877841728317435,H1+H2,26119.53588048981,26118.293848661375,-1.2420318284358616,199,252,13.877841728317435,bayes_h1h2_marginal_boundary,measured_graph,0.0001670907135146724,0.4996802018439148,0.0685283446832277,43,h1:h1_z;h2:h2_z
5.011872336272725e-05,1.0000012833196916,1.0000000448515864,12.193421212483372,H1+H2,26120.225481621823,26119.136058919292,-1.089422702530293,199,252,12.193421212483372,bayes_h1h2_marginal_boundary,measured_graph,0.0003878998227722796,0.4996821638924602,0.06832840472960712,43,h1:h1_z;h2:h2_z
6.309573444801929e-05,1.0000013640236123,1.0000000475605246,10.167832394086872,H1+H2,26121.095666905116,26120.14885332849,-0.9468135766247254,199,252,10.167832394086872,bayes_h1h2_marginal_boundary,measured_graph,0.0010679984057267778,0.499683515120849,0.06810268558910576,43,h1:h1_z;h2:h2_z
7.943282347242822e-05,1.0000014195536076,1.0000022777760005,7.893716332859185,H1+H2,26122.100115809822,26121.285911359104,-0.8142044507191568,199,252,7.893716332859185,bayes_h1h2_marginal_boundary,measured_graph,0.003329573702018436,0.49968344125468855,0.06787866478993282,43,h1:h1_z;h2:h2_z
0.0001,1.0000014570027953,1.000001005416062,5.577017303628963,H1+H2,26123.135856198533,26122.44426087372,-0.6915953248135883,199,252,5.577017303628963,bayes_h1h2_marginal_boundary,measured_graph,0.010603602405955394,0.49968054429050435,0.0676873260260535,43,h1:h1_z;h2:h2_z
0.00012589254117941674,1.0000014864495521,1.0000003082916649,3.482402048110089,H1+H2,26124.070554700385,26123.49156850148,-0.5789861989080206,199,252,3.482402048110089,bayes_h1h2_marginal_boundary,measured_graph,0.030219923359623525,0.49967249540613823,0.06754716912449936,43,h1:h1_z;h2:h2_z
0.00015848931924611142,1.0000015177584345,1.0000000729942164,1.8290339916857192,H1+H2,26124.794629602693,26124.31825252969,-0.47637707300245236,199,252,1.8290339916857192,bayes_h1h2_marginal_boundary,measured_graph,0.06907448733849757,0.4996555106140921,0.06745823540536292,43,h1:h1_z;h2:h2_z
0.00019952623149688788,1.0000015601657142,1.0000000156915496,0.7180953730057809,H1+H2,26125.257489786127,26124.87372183903,-0.38376794709688455,199,252,0.7180953730057809,bayes_h1h2_marginal_boundary,measured_graph,0.12038016277705771,0.4996235938420827,0.06740856074023814,43,h1:h1_z;h2:h2_z
0.0002511886431509582,1.0000016231118949,1.0000000037148356,0.13500061086961068,H1+H2,26125.46642804129,26125.1652692201,-0.30115882119131615,199,252,0.13500061086961068,bayes_h1h2_marginal_boundary,measured_graph,0.1611284929251026,0.4995675262843355,0.06738440608832835,43,h1:h1_z;h2:h2_z
0.00031622776601683794,1.0000000146895807,1.0000000011404835,-0.0,H1+H2,26125.46131922082,26125.232769525534,-0.22854969528574837,199,252,-0.0,bayes_h1h2_marginal_boundary,measured_graph,0.172380190065583,0.499474133116153,0.06737604768888657,43,h1:h1_z;h2:h2_z
0.00039810717055349735,1.0000000165923493,1.0000000004806529,0.22208618345757714,H1+H2,26125.287667003184,26125.121726433805,-0.16594056938017995,199,252,0.22208618345757714,bayes_h1h2_marginal_boundary,measured_graph,0.1542630640320967,0.4993236902003461,0.06737887707722999,43,h1:h1_z;h2:h2_z
0.0005011872336272725,1.0000000192281588,1.0000000002612004,0.7347310489203664,H1+H2,26124.978735444547,26124.865404001073,-0.11333144347461188,199,252,0.7347310489203664,bayes_h1h2_marginal_boundary,measured_graph,0.11938301290443197,0.49909266897090665,0.06739272669029946,43,h1:h1_z;h2:h2_z
0.000630957344480193,1.0000000223871999,1.0000000001629255,1.518088347867888,H1+H2,26124.54444766917,26124.4737253516,-0.07072231756904392,199,252,1.518088347867888,bayes_h1h2_marginal_boundary,measured_graph,0.08069351969554873,0.4987549083992872,0.06742143153352036,43,h1:h1_z;h2:h2_z
0.0007943282347242822,1.000000025216634,1.0000000001048681,2.6172786529859877,H1+H2,26123.962243390702,26123.92413019904,-0.03811319166347554,199,252,2.6172786529859877,bayes_h1h2_marginal_boundary,measured_graph,0.04657496282545619,0.49828797245736717,0.06747328581829826,43,h1:h1_z;h2:h2_z
0.001,1.0000000263009585,1.0000000000644507,4.163048893911764,H1+H2,26123.166749144337,26123.151245078578,-0.015504065757907535,199,252,4.163048893911764,bayes_h1h2_marginal_boundary,measured_graph,0.02150268901674556,0.49767896669805767,0.06756233169859775,43,h1:h1_z;h2:h2_z
0.0012589254117941675,1.0000021570491855,1.0000000000360718,6.388273934979225,H1+H2,26122.041527497895,26122.038632558044,-0.0028949398523394052,199,252,6.388273934979225,bayes_h1h2_marginal_boundary,measured_graph,0.007067914639347,0.4969205914463415,0.06770987853540211,43,h1:h1_z;h2:h2_z
0.001584893192461114,1.0000018811059217,1.0000000000180986,9.615732984828355,H1+H2,26120.425188847064,26120.42490303312,-0.0002858139467712683,199,252,9.615732984828355,bayes_h1h2_marginal_boundary,measured_graph,0.0014075293767587844,0.49599316194384213,0.06794478644767166,43,h1:h1_z;h2:h2_z
0.0019952623149688807,1.0000015910403113,1.0000000365059925,14.184937487370917,H1+H2,26118.14797746989,26118.140300781848,-0.007676688041203171,199,252,14.184937487370917,bayes_h1h2_marginal_boundary,measured_graph,0.00014330697103784537,0.49483341226313643,0.0683001079304958,43,h1:h1_z;h2:h2_z
0.002511886431509582,1.0000013474188247,1.000000022208076,20.3078349260104,H1+H2,26115.103919624664,26115.07885206253,-0.025067562135635053,199,252,20.3078349260104,bayes_h1h2_marginal_boundary,measured_graph,6.7096062003711145e-06,0.4933266123855397,0.0688044080174974,43,h1:h1_z;h2:h2_z
0.0031622776601683794,1.0000011510890352,1.0000000150696582,27.919014414030244,H1+H2,26111.325720754747,26111.27326231852,-0.05245843623006681,199,252,27.919014414030244,bayes_h1h2_marginal_boundary,measured_graph,1.4926239475576256e-07,0.4913311878652213,0.06947041068221324,43,h1:h1_z;h2:h2_z
0.003981071705534973,1.0000009681178732,1.000000012535064,36.64595648521936,H1+H2,26106.999640593247,26106.909791282924,-0.08984931032449865,199,252,36.64595648521936,bayes_h1h2_marginal_boundary,measured_graph,1.900723798424188e-09,0.48873811816083096,0.0702887204883294,43,h1:h1_z;h2:h2_z
0.005011872336272725,1.000000765529068,1.000000013368846,45.961671044329705,H1+H2,26102.38917418779,26102.25193400337,-0.13724018441893068,199,252,45.961671044329705,bayes_h1h2_marginal_boundary,measured_graph,1.803172595714292e-11,0.4855493252385556,0.07123135306494516,43,h1:h1_z;h2:h2_z
0.006309573444801936,1.0000005431504666,1.00000001746158,55.40831184725539,H1+H2,26097.723244660418,26097.528613601906,-0.19463105851336257,199,252,55.40831184725539,bayes_h1h2_marginal_boundary,measured_graph,1.6022316699253502e-13,0.48194097748561193,0.07225893550055859,43,h1:h1_z;h2:h2_z
0.00794328234724282,1.0000003387853682,1.0000000251303167,64.71320153582928,H1+H2,26093.138190690228,26092.87616875762,-0.26202193260779433,199,252,64.71320153582928,bayes_h1h2_marginal_boundary,measured_graph,1.5282492403106957e-15,0.4782602260366685,0.07332254898654537,43,h1:h1_z;h2:h2_z
0.01,1.0000001913181829,1.00000003657075,73.74819274809852,H1+H2,26088.698085958185,26088.358673151484,-0.3394128067022262,199,252,73.74819274809852,bayes_h1h2_marginal_boundary,measured_graph,1.6682870353624627e-17,0.4749276325617033,0.07436258924590529,43,h1:h1_z;h2:h2_z
0.012589254117941675,1.0000001061606383,1.000000000013371,82.42215840830613,H1+H2,26084.448494002176,26084.02169032138,-0.42680368079665804,199,252,82.42215840830613,bayes_h1h2_marginal_boundary,measured_graph,2.181438951544599e-19,0.4722906529876963,0.07531444071407453,43,h1:h1_z;h2:h2_z
0.01584893192461114,1.0000000640414584,1.000000000020883,90.60521286665607,H1+H2,26080.454357647097,26079.930163092205,-0.5241945548910899,199,252,90.60521286665607,bayes_h1h2_marginal_boundary,measured_graph,3.645989095280403e-21,0.4705238086065255,0.07612189882447688,43,h1:h1_z;h2:h2_z
0.01995262314968881,1.000000044801652,1.0000000000296307,98.11801195519365,H1+H2,26076.805348976923,26076.173763547937,-0.6315854289855218,199,252,98.11801195519365,bayes_h1h2_marginal_boundary,measured_graph,8.519846524300492e-23,0.4696286109034387,0.07674841830302766,43,h1:h1_z;h2:h2_z
0.025118864315095822,1.000000036254182,1.0000000000360882,104.75967544905143,H1+H2,26073.601908104087,26072.852931801008,-0.7489763030799538,199,252,104.75967544905143,bayes_h1h2_marginal_boundary,measured_graph,3.0776049263442144e-24,0.46950077101483245,0.07717838366007068,43,h1:h1_z;h2:h2_z
0.03162277660168379,1.0000000323323113,1.00000000003554,110.33731104721664,H1+H2,26070.9404811791,26070.064114001925,-0.8763671771743852,199,252,110.33731104721664,bayes_h1h2_marginal_boundary,measured_graph,1.8925383438509065e-25,0.4700005416378652,0.07741080739720814,43,h1:h1_z;h2:h2_z
0.039810717055349734,1.000000030072031,1.0000000000271785,114.72601733201736,H1+H2,26068.883518910792,26067.869760859525,-1.0137580512688171,199,252,114.72601733201736,bayes_h1h2_marginal_boundary,measured_graph,2.1088671712916508e-26,0.4709915708025169,0.07745618281084865,43,h1:h1_z;h2:h2_z
0.05011872336272725,1.0000000280444663,1.0000000000159617,118.05859959757072,H1+H2,26067.36461865211,26066.203469726748,-1.1611489253632492,199,252,118.05859959757072,bayes_h1h2_marginal_boundary,measured_graph,3.984631666117721e-27,0.47235066339375004,0.07734883873344076,43,h1:h1_z;h2:h2_z
0.06309573444801936,1.000000025700307,1.0000000363399473,121.07765364946681,H1+H2,26066.012482500257,26064.6939427008,-1.3185397994576809,199,252,121.07765364946681,bayes_h1h2_marginal_boundary,measured_graph,8.80661325005191e-28,0.4739624181863842,0.0771768027694963,43,h1:h1_z;h2:h2_z
0.07943282347242822,1.0000000229089892,1.0000000182084063,125.48525962589338,H1+H2,26063.97607038614,26062.490139712587,-1.4859306735521132,199,252,125.48525962589338,bayes_h1h2_marginal_boundary,measured_graph,9.720966519715642e-29,0.4757088954004152,0.07711254920293432,43,h1:h1_z;h2:h2_z
0.1,1.0000000196094834,1.0000000077366877,133.94598196556763,H1+H2,26059.923100090396,26058.25977854275,-1.663321547646544,199,252,133.94598196556763,bayes_h1h2_marginal_boundary,measured_graph,1.4141221825087297e-30,0.47746728765715074,0.07741441928516521,43,h1:h1_z;h2:h2_z
1e-05,1.0000017357070041,1.0000004315265925,103.69798207581698,H1+H2,16301.666522208734,16299.298835624864,-2.3676865838692702,115,177,103.69798207581698,bayes_h1h2_marginal_boundary,measured_graph,1.1103544942027929e-23,1.8060471065051085,0.19859803167214624,44,h1:h1_z;h2:h2_z
1.2589254117941661e-05,1.0000017564244108,1.000000555849027,103.2495401424203,H1+H2,16301.678134049527,16299.523056591563,-2.155077457963703,115,177,103.2495401424203,bayes_h1h2_marginal_boundary,measured_graph,1.389439314889027e-23,1.8060310552917138,0.19858356816252032,44,h1:h1_z;h2:h2_z
1.584893192461114e-05,1.000001786962788,1.0000007566906324,102.79723359760828,H1+H2,16301.701678196026,16299.749209863969,-1.952468332058134,115,177,102.79723359760828,bayes_h1h2_marginal_boundary,measured_graph,1.742034298852751e-23,1.8060107827924625,0.19855254360852467,44,h1:h1_z;h2:h2_z
1.9952623149688786e-05,1.0000018304824612,1.0000010860765194,102.32453394083859,H1+H2,16301.745418898507,16299.985559692353,-1.7598592061525666,115,177,102.32453394083859,bayes_h1h2_marginal_boundary,measured_graph,2.2064908347625081e-23,1.8059851598906485,0.1984932829418077,44,h1:h1_z;h2:h2_z
2.5118864315095822e-05,1.0000018894332827,1.0000016417263298,101.80471345420665,H1+H2,16301.822720015916,16300.24546993567,-1.5772500802469966,115,177,101.80471345420665,bayes_h1h2_marginal_boundary,measured_graph,2.861407507579767e-23,1.805952745929812,0.19838693517709888,44,h1:h1_z;h2:h2_z
3.1622776601683795e-05,1.0000019636976734,1.0000026225871184,101.19493859398062,H1+H2,16301.954998320123,16300.550357365782,-1.404640954341429,115,177,101.19493859398062,bayes_h1h2_marginal_boundary,measured_graph,3.8814200129666626e-23,1.8059116977560195,0.19820344117979333,44,h1:h1_z;h2:h2_z
3.9810717055349695e-05,1.0000020485502152,1.0000044647834536,100.42721403370524,H1+H2,16302.176251474357,16300.93421964592,-1.2420318284358616,115,177,100.42721403370524,bayes_h1h2_marginal_boundary,measured_graph,5.697704358194591e-23,1.8058596482389626,0.1978955688106678,44,h1:h1_z;h2:h2_z
5.011872336272725e-05,1.0000021344308767,1.000000261422817,99.39433382268544,H1+H2,16302.540082453961,16301.45065975143,-1.089422702530293,115,177,99.39433382268544,bayes_h1h2_marginal_boundary,measured_graph,9.549639977116809e-23,1.8057935408173194,0.1973913691386305,44,h1:h1_z;h2:h2_z
6.309573444801929e-05,1.0000022103892106,1.0000006119159799,97.93203238260685,H1+H2,16303.128624048095,16302.18181047147,-0.9468135766247254,115,177,97.93203238260685,bayes_h1h2_marginal_boundary,measured_graph,1.9839088833873645e-22,1.8057094018775397,0.19658126071309218,44,h1:h1_z;h2:h2_z
7.943282347242822e-05,1.0000022695849236,1.0000015612051913,95.79125069018119,H1+H2,16304.0664057684,16303.252201317682,-0.8142044507191568,115,177,95.79125069018119,bayes_h1h2_marginal_boundary,measured_graph,5.786108325088081e-22,1.8056020291049455,0.19531163268435658,44,h1:h1_z;h2:h2_z
0.0001,1.0000023120855368,1.0000040686794227,92.61119307467379,H1+H2,16305.53382545025,16304.842230125436,-0.6915953248135883,115,177,92.61119307467379,bayes_h1h2_marginal_boundary,measured_graph,2.8374439890434403e-21,1.8054645674218917,0.19338329712036842,44,h1:h1_z;h2:h2_z
0.00012589254117941674,1.0000023429602694,1.0000097289486523,87.90388052087656,H1+H2,16307.774872601243,16307.195886402335,-0.5789861989080206,115,177,87.90388052087656,bayes_h1h2_marginal_boundary,measured_graph,2.98611982418246e-20,1.8052879294316202,0.19058560450712322,44,h1:h1_z;h2:h2_z
0.00015848931924611142,1.0000023686352622,1.0000183856489577,81.09453336178194,H1+H2,16311.076937054884,16310.600559981882,-0.47637707300245236,115,177,81.09453336178194,bayes_h1h2_marginal_boundary,measured_graph,8.989554691764359e-19,1.805059999040376,0.18680356357372774,44,h1:h1_z;h2:h2_z
0.00019952623149688788,1.0000023947183512,1.000002404119769,71.70113400339324,H1+H2,16315.681027608172,16315.297259661076,-0.38376794709688455,115,177,71.70113400339324,bayes_h1h2_marginal_boundary,measured_graph,9.851195385283467e-17,1.8047645467304347,0.18221738658302403,44,h1:h1_z;h2:h2_z
0.0002511886431509582,1.000002425693212,1.0000164729668997,59.73984387732344,H1+H2,16321.579063545303,16321.277904724111,-0.30115882119131615,115,177,59.73984387732344,bayes_h1h2_marginal_boundary,measured_graph,3.8980740225535106e-14,1.8043797964949182,0.1774353099824578,44,h1:h1_z;h2:h2_z
0.00031622776601683794,1.0000024654182462,1.000006486526943,46.13796183463273,H1+H2,16328.307395440743,16328.078845745456,-0.22854969528574837,115,177,46.13796183463273,bayes_h1h2_marginal_boundary,measured_graph,3.503170211168348e-11,1.803876651847343,0.1732858374254622,44,h1:h1_z;h2:h2_z
0.00039810717055349735,1.000002517512808,1.0000016058653045,32.615531551004096,H1+H2,16335.006001456652,16334.84006088727,-0.16594056938017995,115,177,32.615531551004096,bayes_h1h2_marginal_boundary,measured_graph,3.025656812402276e-08,1.8032167965167307,0.170271740180177,44,h1:h1_z;h2:h2_z
0.0005011872336272725,1.0000025850391385,1.0000064353081484,20.84446382576425,H1+H2,16340.838926193364,16340.72559474989,-0.11333144347461188,115,177,20.84446382576425,bayes_h1h2_marginal_boundary,measured_graph,1.0886155808085237e-05,1.8023514010332415,0.16838021211032875,44,h1:h1_z;h2:h2_z
0.000630957344480193,1.0000026687948853,1.0000018853632326,11.743530342966551,H1+H2,16345.346783808858,16345.27606149129,-0.07072231756904392,115,177,11.743530342966551,bayes_h1h2_marginal_boundary,measured_graph,0.001030664082759986,1.8012222376736402,0.1673281815694851,44,h1:h1_z;h2:h2_z
0.0007943282347242822,1.000002763245176,1.0000006717939383,5.448253398186353,H1+H2,16348.461813155343,16348.42369996368,-0.03811319166347554,115,177,5.448253398186353,bayes_h1h2_marginal_boundary,measured_graph,0.023994911989122153,1.7997687710410066,0.16682543948681494,44,h1:h1_z;h2:h2_z
0.001,1.0000028497105968,1.0000003012029026,1.6602332611655584,H1+H2,16350.333214097947,16350.31771003219,-0.015504065757907535,115,177,1.6602332611655584,bayes_h1h2_marginal_boundary,measured_graph,0.15946937155706953,1.797946491151119,0.16668174750620804,44,h1:h1_z;h2:h2_z
0.0012589254117941675,1.0000028902511076,1.0000001632296667,-0.0,H1+H2,16351.150721602626,16351.147826662773,-0.0028949398523394052,115,177,-0.0,bayes_h1h2_marginal_boundary,measured_graph,0.3657567542258387,1.7957600679002625,0.16680788727684362,44,h1:h1_z;h2:h2_z
0.001584893192461114,1.0000028334934485,1.000000100143362,0.23062194489466492,H1+H2,16351.032801504272,16351.032515690325,-0.0002858139467712683,115,177,0.23062194489466492,bayes_h1h2_marginal_boundary,measured_graph,0.32592181915583945,1.7933035506493387,0.16719652068698931,44,h1:h1_z;h2:h2_z
0.0019952623149688807,1.0000026433749556,1.000000065553639,2.379476206999243,H1+H2,16349.965765247314,16349.958088559273,-0.007676688041203171,115,177,2.379476206999243,bayes_h1h2_marginal_boundary,measured_graph,0.11130012740868721,1.7907784896226215,0.1679135442383865,44,h1:h1_z;h2:h2_z
0.002511886431509582,1.0000023327497072,1.0000000437472183,6.799624954754108,H1+H2,16347.773081747531,16347.748014185396,-0.025067562135635053,115,177,6.799624954754108,bayes_h1h2_marginal_boundary,measured_graph,0.012208788107914563,1.788454782022967,0.16910420895263978,44,h1:h1_z;h2:h2_z
0.0031622776601683794,1.0000019578017925,1.000002213141493,14.175199945770146,H1+H2,16344.112685126118,16344.060226689888,-0.05245843623006681,115,177,14.175199945770146,bayes_h1h2_marginal_boundary,measured_graph,0.0003055531720131299,1.7865846004860735,0.1710044407324424,44,h1:h1_z;h2:h2_z
0.003981071705534973,1.0000015761426004,1.0000015048957682,25.440661056643876,H1+H2,16338.517345444776,16338.42749613445,-0.08984931032449865,115,177,25.440661056643876,bayes_h1h2_marginal_boundary,measured_graph,1.0935106026690854e-06,1.785340345278788,0.17393975041388662,44,h1:h1_z;h2:h2_z
0.005011872336272725,1.000001223261225,1.0000009142743003,41.57676453592285,H1+H2,16330.49668457923,16330.359444394811,-0.13724018441893068,115,177,41.57676453592285,bayes_h1h2_marginal_boundary,measured_graph,3.426988507975829e-10,1.7848234721288334,0.17828378044036028,44,h1:h1_z;h2:h2_z
0.006309573444801936,1.000000919265805,1.0000004673260237,63.260746709100204,H1+H2,16319.712084366736,16319.517453308223,-0.19463105851336257,115,177,63.260746709100204,bayes_h1h2_marginal_boundary,measured_graph,6.7034094351977255e-15,1.785107939246745,0.18436009603213122,44,h1:h1_z;h2:h2_z
0.00794328234724282,1.0000006745179684,1.0000001957369025,90.44945568807452,H1+H2,16306.185120751343,16305.923098818736,-0.26202193260779433,115,177,90.44945568807452,bayes_h1h2_marginal_boundary,measured_graph,8.362624693446466e-21,1.7862690694309638,0.19229327304737195,44,h1:h1_z;h2:h2_z
0.01,1.000000487314204,1.000000070771227,122.15700864262908,H1+H2,16290.408735148161,16290.069322341458,-0.3394128067022262,115,177,122.15700864262908,bayes_h1h2_marginal_boundary,measured_graph,1.089268551218018e-27,1.7883957838247788,0.20189177108469467,44,h1:h1_z;h2:h2_z
0.012589254117941675,1.0000003471021004,1.0000000254680914,156.73747782687133,H1+H2,16273.205891430134,16272.779087749337,-0.42680368079665804,115,177,156.73747782687133,bayes_h1h2_marginal_boundary,measured_graph,3.3735060311522706e-35,1.791590463130945,0.21269497660215658,44,h1:h1_z;h2:h2_z
0.01584893192461114,1.0000002421489111,1.0000000106032996,192.59538721011995,H1+H2,16255.374327612604,16254.850133057713,-0.5241945548910899,115,177,192.59538721011995,bayes_h1h2_marginal_boundary,measured_graph,5.5161415494554055e-43,1.7959420944424607,0.224210652478061,44,h1:h1_z;h2:h2_z
0.01995262314968881,1.0000001632953353,1.000000005111554,228.78718660788945,H1+H2,16237.385818787814,16236.754233358828,-0.6315854289855218,115,177,228.78718660788945,bayes_h1h2_marginal_boundary,measured_graph,7.632837521613293e-51,1.8014874530441736,0.23616285881164178,44,h1:h1_z;h2:h2_z
0.025118864315095822,1.0000001042248134,1.000000002425145,265.12004603903915,H1+H2,16219.336779946334,16218.587803643253,-0.7489763030799538,115,177,265.12004603903915,bayes_h1h2_marginal_boundary,measured_graph,9.842509358488017e-59,1.8082068590229632,0.24856135729748882,44,h1:h1_z;h2:h2_z
0.03162277660168379,1.0000000613258704,1.000000000953573,301.82248791235907,H1+H2,16201.112949883767,16200.236582706593,-0.8763671771743852,115,177,301.82248791235907,bayes_h1h2_marginal_boundary,measured_graph,1.0550470983928431e-66,1.8160611415853674,0.2615870060982705,44,h1:h1_z;h2:h2_z
0.039810717055349734,1.0000000325682465,1.000000000285672,339.01490929208376,H1+H2,16182.654130068,16181.64037201673,-1.0137580512688171,115,177,339.01490929208376,bayes_h1h2_marginal_boundary,measured_graph,8.851974628905e-75,1.825018501594792,0.27537303683738323,44,h1:h1_z;h2:h2_z
0.05011872336272725,1.000000015493233,1.0000000000665035,376.2024799248611,H1+H2,16164.207735625705,16163.046586700342,-1.1611489253632492,115,177,376.2024799248611,bayes_h1h2_marginal_boundary,measured_graph,7.4449502487284e-83,1.8350221398487538,0.2897584908309698,44,h1:h1_z;h2:h2_z
0.06309573444801936,1.0000000066317682,1.0000000000136013,412.1089659497229,H1+H2,16146.41188348737,16145.093343687911,-1.3185397994576809,115,177,412.1089659497229,bayes_h1h2_marginal_boundary,measured_graph,1.1881394808043376e-90,1.8458967224499583,0.30415366349428913,44,h1:h1_z;h2:h2_z
0.07943282347242822,1.0000000025811249,1.000000000003107,445.04785288811763,H1+H2,16130.109830892266,16128.623900218714,-1.4859306735521132,115,177,445.04785288811763,bayes_h1h2_marginal_boundary,measured_graph,8.361400164696476e-98,1.857242668815086,0.31766650449379963,44,h1:h1_z;h2:h2_z
0.1,1.000000362322273,1.0000000118769263,473.5699821815033,H1+H2,16116.026157119668,16114.362835572021,-1.663321547646544,115,177,473.5699821815033,bayes_h1h2_marginal_boundary,measured_graph,5.3552201178354194e-104,1.8684015941323426,0.329439042352181,44,h1:h1_z;h2:h2_z
1e-05,1.0000003915646778,1.0000000509643963,29.870281544222962,H1+H2,13790.477127750575,13788.109441166705,-2.3676865838692702,112,138,29.870281544222962,bayes_h1h2_marginal_boundary,measured_graph,5.144898013953313e-08,3.8665061494637154,0.1783962742776408,45,h1:h1_z;h2:h2_z
1.2589254117941661e-05,1.0000003926537038,1.0000001137331587,29.052710797146574,H1+H2,13790.673303998208,13788.518226540244,-2.155077457963703,112,138,29.052710797146574,bayes_h1h2_marginal_boundary,measured_graph,7.743013247217987e-08,3.8665324033463553,0.17812271280225322,45,h1:h1_z;h2:h2_z
1.584893192461114e-05,1.0000003935548512,1.0000002648888966,28.090346648790728,H1+H2,13790.95187694648,13788.999408614422,-1.952468332058134,112,138,28.090346648790728,bayes_h1h2_marginal_boundary,measured_graph,1.2528085882194178e-07,3.866565418649106,0.1777253845989302,45,h1:h1_z;h2:h2_z
1.9952623149688786e-05,1.0000003940826117,1.0000006171099332,26.912403050853754,H1+H2,13791.348239619543,13789.58838041339,-1.7598592061525666,112,138,26.912403050853754,bayes_h1h2_marginal_boundary,measured_graph,2.2577295861274247e-07,3.866606923790722,0.17715370251840332,45,h1:h1_z;h2:h2_z
2.5118864315095822e-05,1.000000394152751,1.0000013539969361,25.424585950499022,H1+H2,13791.909539043814,13790.332288963567,-1.5772500802469966,112,138,25.424585950499022,bayes_h1h2_marginal_boundary,measured_graph,4.750587290916124e-07,3.8666590805173398,0.17634819332674673,45,h1:h1_z;h2:h2_z
3.1622776601683795e-05,1.0000003937866777,1.0000025828816486,23.513029553760134,H1+H2,13792.692708116278,13791.288067161937,-1.404640954341429,112,138,23.513029553760134,bayes_h1h2_marginal_boundary,measured_graph,1.235482220696645e-06,3.8667245873020955,0.17525538064700052,45,h1:h1_z;h2:h2_z
3.9810717055349695e-05,1.0000003930558337,1.0000038713163018,21.06623120194854,H1+H2,13793.75349816628,13792.511466337843,-1.2420318284358616,112,138,21.06623120194854,bayes_h1h2_marginal_boundary,measured_graph,4.1990593330271185e-06,3.866806803792887,0.17386179815723107,45,h1:h1_z;h2:h2_z
5.011872336272725e-05,1.0000003920307239,1.0000040623172672,18.02873968226777,H1+H2,13795.119634800214,13794.030212097683,-1.089422702530293,112,138,18.02873968226777,bayes_h1h2_marginal_boundary,measured_graph,1.9174979760124376e-05,3.866909897563559,0.1722428737243971,45,h1:h1_z;h2:h2_z
6.309573444801929e-05,1.0000003907673964,1.0000026896816843,14.484716264942108,H1+H2,13796.749037382971,13795.802223806346,-0.9468135766247254,112,138,14.484716264942108,bayes_h1h2_marginal_boundary,measured_graph,0.00011280018739671916,3.867039011937341,0.17058721890047826,45,h1:h1_z;h2:h2_z
7.943282347242822e-05,1.0000003893243685,1.0000010708683333,10.718279668730247,H1+H2,13798.49964655517,13797.685442104452,-0.8142044507191568,112,138,10.718279668730247,bayes_h1h2_marginal_boundary,measured_graph,0.000741619492645069,3.8672004484068574,0.16913580902330774,45,h1:h1_z;h2:h2_z
0.0001,1.000000387797266,1.000000270120713,7.158674282800348,H1+H2,13800.15684012223,13799.465244797417,-0.6915953248135883,112,138,7.158674282800348,bayes_h1h2_marginal_boundary,measured_graph,0.00439682949763181,3.8674018469328675,0.16805320813558763,45,h1:h1_z;h2:h2_z
0.00012589254117941674,1.0000003863699947,1.0000031153418807,4.204864473154885,H1+H2,13801.521135901148,13800.94214970224,-0.5789861989080206,112,138,4.204864473154885,bayes_h1h2_marginal_boundary,measured_graph,0.019255343705310745,3.867652328792042,0.1673546264222632,45,h1:h1_z;h2:h2_z
0.00015848931924611142,1.000000385392346,1.0000008706096888,2.068193157618225,H1+H2,13802.48686243301,13802.010485360008,-0.47637707300245236,112,138,2.068193157618225,bayes_h1h2_marginal_boundary,measured_graph,0.056043281439365274,3.867962535035,0.16695053997072884,45,h1:h1_z;h2:h2_z
0.00019952623149688788,1.0000003855013297,1.000000303866739,0.7500011210577213,H1+H2,13803.053349325384,13802.669581378288,-0.38376794709688455,112,138,0.7500011210577213,bayes_h1h2_marginal_boundary,measured_graph,0.1083341349682385,3.8683444448511652,0.16672770285410526,45,h1:h1_z;h2:h2_z
0.0002511886431509582,1.0000003878071375,1.000000150074501,0.1185471177304862,H1+H2,13803.286467201144,13802.985308379952,-0.30115882119131615,112,138,0.1185471177304862,bayes_h1h2_marginal_boundary,measured_graph,0.14855381675845286,3.868810795998663,0.1665989930830886,45,h1:h1_z;h2:h2_z
0.00031622776601683794,1.0000003941572455,1.0000001023217904,-0.0,H1+H2,13803.273131634103,13803.044581938817,-0.22854969528574837,112,138,-0.0,bayes_h1h2_marginal_boundary,measured_graph,0.15762532464239537,3.869373888182669,0.16651003207214984,45,h1:h1_z;h2:h2_z
0.00039810717055349735,1.0000004074481637,1.0000000865600698,0.23461992817465216,H1+H2,13803.09321254411,13802.92727197473,-0.16594056938017995,112,138,0.23461992817465216,bayes_h1h2_marginal_boundary,measured_graph,0.14017769808252736,3.870043647715914,0.16642962511189532,45,h1:h1_z;h2:h2_z
0.0005011872336272725,1.0000004318114721,1.000000082269561,0.6976499297488772,H1+H2,13802.809088417416,13802.695756973942,-0.11333144347461188,112,138,0.6976499297488772,bayes_h1h2_marginal_boundary,measured_graph,0.11120728463690101,3.870825356286617,0.16633902859864663,45,h1:h1_z;h2:h2_z
0.000630957344480193,1.000000472150943,1.0000000825634856,1.2999762104227557,H1+H2,13802.465316151174,13802.394593833606,-0.07072231756904392,112,138,1.2999762104227557,bayes_h1h2_marginal_boundary,measured_graph,0.08228861383999293,3.8717188710667227,0.16622477575815417,45,h1:h1_z;h2:h2_z
0.0007943282347242822,1.0000005319557121,1.0000000847040544,1.9815362934714358,H1+H2,13802.091926983745,13802.053813792081,-0.03811319166347554,112,138,1.9815362934714358,bayes_h1h2_marginal_boundary,measured_graph,0.05852492355219214,3.872723640656607,0.1660748751734517,45,h1:h1_z;h2:h2_z
0.001,1.0000006084211526,1.0000000874878257,2.7049518507847097,H1+H2,13801.707610079182,13801.692106013425,-0.015504065757907535,112,138,2.7049518507847097,bayes_h1h2_marginal_boundary,measured_graph,0.04076178207117138,3.873855431685241,0.16587748740971925,45,h1:h1_z;h2:h2_z
0.0012589254117941675,1.0000006871458766,1.0000000904221753,3.453531281738833,H1+H2,13801.3207112378,13801.317816297948,-0.0028949398523394052,112,138,3.453531281738833,bayes_h1h2_marginal_boundary,measured_graph,0.028035041587847226,3.8751756513278703,0.16562185515726305,45,h1:h1_z;h2:h2_z
0.001584893192461114,1.0000000027225215,1.0000000934928537,4.236585104132246,H1+H2,13800.926575200698,13800.92628938675,-0.0002858139467712683,112,138,4.236585104132246,bayes_h1h2_marginal_boundary,measured_graph,0.0189523569632833,3.8768199895573883,0.16530196389336763,45,h1:h1_z;h2:h2_z
0.0019952623149688807,1.000000002812241,1.0000000971967375,5.103273131953756,H1+H2,13800.500622060881,13800.49294537284,-0.007676688041203171,112,138,5.103273131953756,bayes_h1h2_marginal_boundary,measured_graph,0.012287522147252818,3.8789912636140507,0.16492327830655915,45,h1:h1_z;h2:h2_z
0.002511886431509582,1.0000000026797102,1.0000001026848857,6.159214533716295,H1+H2,13799.990042234094,13799.964974671959,-0.025067562135635053,112,138,6.159214533716295,bayes_h1h2_marginal_boundary,measured_graph,0.007247188401871878,3.8819295580853477,0.16451076086434557,45,h1:h1_z;h2:h2_z
0.0031622776601683794,1.0000006916705275,1.000000111821685,7.566589853813639,H1+H2,13799.31374544814,13799.26128701191,-0.05245843623006681,112,138,7.566589853813639,bayes_h1h2_marginal_boundary,measured_graph,0.0035856003689531775,3.8858551113750175,0.16411177138588795,45,h1:h1_z;h2:h2_z
0.003981071705534973,1.0000006283907878,1.0000001269906296,9.49967626718717,H1+H2,13798.384593115548,13798.294743805223,-0.08984931032449865,112,138,9.49967626718717,bayes_h1h2_marginal_boundary,measured_graph,0.0013639470244350886,3.890935185406332,0.16378430169961042,45,h1:h1_z;h2:h2_z
0.005011872336272725,1.0000005590322834,1.0000001507895189,12.053205414806143,H1+H2,13797.155219415832,13797.017979231414,-0.13724018441893068,112,138,12.053205414806143,bayes_h1h2_marginal_boundary,measured_graph,0.00038045710033858326,3.897235885340135,0.1635683678915405,45,h1:h1_z;h2:h2_z
0.006309573444801936,1.0000004883379332,1.0000001862309502,15.157261530890537,H1+H2,13795.660582231885,13795.465951173372,-0.19463105851336257,112,138,15.157261530890537,bayes_h1h2_marginal_boundary,measured_graph,8.058764640909003e-05,3.904671243993585,0.16345651482640602,45,h1:h1_z;h2:h2_z
0.00794328234724282,1.0000004197943468,1.0000002383759679,18.568764531810302,H1+H2,13794.022221605519,13793.760199672912,-0.26202193260779433,112,138,18.568764531810302,bayes_h1h2_marginal_boundary,measured_graph,1.4637604483185704e-05,3.912942273797889,0.16338625755060626,45,h1:h1_z;h2:h2_z
0.01,1.00000035567921,1.0000003186220001,21.943398106785025,H1+H2,13792.412295692127,13792.072882885424,-0.3394128067022262,112,138,21.943398106785025,bayes_h1h2_marginal_boundary,measured_graph,2.7081806957293307e-06,3.9215210643047875,0.16325794392977377,45,h1:h1_z;h2:h2_z
0.012589254117941675,1.000000296525826,1.0000004544998922,24.93393662458402,H1+H2,13791.004417307322,13790.577613626525,-0.42680368079665804,112,138,24.93393662458402,bayes_h1h2_marginal_boundary,measured_graph,6.071422419125873e-07,3.9297195667039464,0.16296229541932236,45,h1:h1_z;h2:h2_z
0.01584893192461114,1.000000241864716,1.000000714942683,27.287069653510116,H1+H2,13789.925241666953,13789.401047112062,-0.5241945548910899,112,138,27.287069653510116,bayes_h1h2_marginal_boundary,measured_graph,1.8720356077173876e-07,3.9368399780151577,0.1624084741194391,45,h1:h1_z;h2:h2_z
0.01995262314968881,1.0000001917950796,1.0000012885035239,28.959579262391344,H1+H2,13789.196377736607,13788.564792307621,-0.6315854289855218,112,138,28.959579262391344,bayes_h1h2_marginal_boundary,measured_graph,8.11209929794211e-08,3.942359473686417,0.1615579390569907,45,h1:h1_z;h2:h2_z
0.025118864315095822,1.0000001475749307,1.0000027678380086,30.280680397620017,H1+H2,13788.653218043088,13787.904241740007,-0.7489763030799538,112,138,30.280680397620017,bayes_h1h2_marginal_boundary,measured_graph,4.190441591011031e-08,3.9460740134771504,0.16047119644892086,45,h1:h1_z;h2:h2_z
0.03162277660168379,1.0000001106884753,1.0000001675976402,32.17331539528823,H1+H2,13787.834291418347,13786.957924241173,-0.8763671771743852,112,138,32.17331539528823,bayes_h1h2_marginal_boundary,measured_graph,1.626594590662052e-08,3.9481158989579352,0.15937625115216722,45,h1:h1_z;h2:h2_z
0.039810717055349734,1.000000081675874,1.000000818425736,36.432985965559055,H1+H2,13785.841847007307,13784.828088956037,-1.0137580512688171,112,138,36.432985965559055,bayes_h1h2_marginal_boundary,measured_graph,1.9333194137129025e-09,3.9488117550190935,0.15878060759266793,45,h1:h1_z;h2:h2_z
0.05011872336272725,1.0000000599392656,1.0000049948254919,45.929357990469725,H1+H2,13781.241051868945,13780.079902943582,-1.1611489253632492,112,138,45.929357990469725,bayes_h1h2_marginal_boundary,measured_graph,1.6756859479116725e-11,3.948469736783024,0.15967067940112473,45,h1:h1_z;h2:h2_z
0.06309573444801936,1.0000000443595727,1.0000024208820553,64.07057627375616,H1+H2,13772.327833601397,13771.009293801939,-1.3185397994576809,112,138,64.07057627375616,bayes_h1h2_marginal_boundary,measured_graph,1.926979657709069e-15,3.947262959120467,0.16374419124298523,45,h1:h1_z;h2:h2_z
0.07943282347242822,1.000000033900175,1.0000126201345978,92.21778778512089,H1+H2,13758.421618719809,13756.935688046256,-1.4859306735521132,112,138,92.21778778512089,bayes_h1h2_marginal_boundary,measured_graph,1.4886335746480233e-21,3.945301840255699,0.17310423944974776,45,h1:h1_z;h2:h2_z
0.1,1.0000000278002315,1.0000179301654935,126.21762027916702,H1+H2,13741.59909334688,13739.935771799233,-1.663321547646544,112,138,126.21762027916702,bayes_h1h2_marginal_boundary,measured_graph,6.163366463808574e-29,3.94283475278193,0.18804965752345462,45,h1:h1_z;h2:h2_z
1e-05,1.0000000140768606,1.0000000478526268,36.31867405382218,H1+H2,11708.128648449292,11705.760961865422,-2.3676865838692702,93,119,36.31867405382218,bayes_h1h2_marginal_boundary,measured_graph,2.131619679874677e-09,4.213999816082637,0.1541077666842381,46,h1:h1_z;h2:h2_z
1.2589254117941661e-05,1.0000000143859322,1.000000149757973,35.53838491656643,H1+H2,11708.306183892015,11706.15110643405,-2.155077457963703,93,119,35.53838491656643,bayes_h1h2_marginal_boundary,measured_graph,3.1488165142163694e-09,4.213985643087931,0.15381270874903596,46,h1:h1_z;h2:h2_z
1.584893192461114e-05,1.0000000147131403,1.0000004650537806,34.60794528679253,H1+H2,11708.568794580995,11706.616326248937,-1.952468332058134,93,119,34.60794528679253,bayes_h1h2_marginal_boundary,measured_graph,5.01406261331366e-09,4.213967774074362,0.15337505155937795,46,h1:h1_z;h2:h2_z
1.9952623149688786e-05,1.0000000150179056,1.0000013507392456,33.44665952468495,H1+H2,11708.956828336144,11707.196969129991,-1.7598592061525666,93,119,33.44665952468495,bayes_h1h2_marginal_boundary,measured_graph,8.96106757073816e-09,4.21394523726463,0.15273397673419997,46,h1:h1_z;h2:h2_z
2.5118864315095822e-05,1.000000015268048,1.0000034429683993,31.94389169475835,H1+H2,11709.525603125201,11707.948353044954,-1.5772500802469966,93,119,31.94389169475835,bayes_h1h2_marginal_boundary,measured_graph,1.8996852040722248e-08,4.213916801085806,0.151817748708136,46,h1:h1_z;h2:h2_z
3.1622776601683795e-05,1.000000015454886,1.000007142343901,29.961467029086634,H1+H2,11710.34420633213,11708.93956537779,-1.404640954341429,93,119,29.961467029086634,bayes_h1h2_marginal_boundary,measured_graph,5.118700115951072e-08,4.213880902687157,0.15056299604402448,46,h1:h1_z;h2:h2_z
3.9810717055349695e-05,1.000000015591463,1.000000506524506,27.35703612917132,H1+H2,11711.483812656184,11710.241780827748,-1.2420318284358616,93,119,27.35703612917132,bayes_h1h2_marginal_boundary,measured_graph,1.8823686051179985e-07,4.213835556127656,0.14895991626958416,46,h1:h1_z;h2:h2_z
5.011872336272725e-05,1.000000015699559,1.0000005638543694,24.05026576594173,H1+H2,11712.984588711894,11711.895166009363,-1.089422702530293,93,119,24.05026576594173,bayes_h1h2_marginal_boundary,measured_graph,9.834691283719282e-07,4.2137782344569725,0.1471107368692601,46,h1:h1_z;h2:h2_z
6.309573444801929e-05,1.0000000157987978,1.0000069056741046,20.126296975777223,H1+H2,11714.80396398107,11713.857150404445,-0.9468135766247254,93,119,20.126296975777223,bayes_h1h2_marginal_boundary,measured_graph,6.9958377417260584e-06,4.2137057187397575,0.14525501428108273,46,h1:h1_z;h2:h2_z
7.943282347242822e-05,1.0000000159028581,1.0000024982852391,15.911214131596353,H1+H2,11716.778896277254,11715.964691826535,-0.8142044507191568,93,119,15.911214131596353,bayes_h1h2_marginal_boundary,measured_graph,5.7561663735526725e-05,4.213613906484001,0.1436753324764692,46,h1:h1_z;h2:h2_z
0.0001,1.0000000160199702,1.0000005671788028,11.898467547584005,H1+H2,11718.662660443355,11717.971065118541,-0.6915953248135883,93,119,11.898467547584005,bayes_h1h2_marginal_boundary,measured_graph,0.0004280457481101237,4.213497573214143,0.14253391089160083,46,h1:h1_z;h2:h2_z
0.00012589254117941674,1.0000000161540776,1.0000000951087233,8.529690031442442,H1+H2,11720.234440075521,11719.655453876612,-0.5789861989080206,93,119,8.529690031442442,bayes_h1h2_marginal_boundary,measured_graph,0.0023068052463772605,4.213350087118568,0.14181692401324064,46,h1:h1_z;h2:h2_z
0.00015848931924611142,1.0000000163048093,1.0000014765386942,6.02392397501535,H1+H2,11721.384713977828,11720.908336904826,-0.47637707300245236,93,119,6.02392397501535,bayes_h1h2_marginal_boundary,measured_graph,0.008074787760869305,4.213163094484579,0.141407750991052,46,h1:h1_z;h2:h2_z
0.00019952623149688788,1.0000000164654717,1.0000004357015315,4.369119626087922,H1+H2,11722.119507026386,11721.73573907929,-0.38376794709688455,93,119,4.369119626087922,bayes_h1h2_marginal_boundary,measured_graph,0.018470017833388183,4.212926236951206,0.14118114363040032,46,h1:h1_z;h2:h2_z
0.0002511886431509582,1.000000016618263,1.000000163736438,3.416355911496794,H1+H2,11722.513279757777,11722.212120936585,-0.30115882119131615,93,119,3.416355911496794,bayes_h1h2_marginal_boundary,measured_graph,0.029741120505553015,4.212627057821262,0.1410451250865451,46,h1:h1_z;h2:h2_z
0.00031622776601683794,1.0000000167254381,1.0000000823087114,2.974861023551057,H1+H2,11722.661418075844,11722.432868380558,-0.22854969528574837,93,119,2.974861023551057,bayes_h1h2_marginal_boundary,measured_graph,0.03708742862127454,4.212251452515761,0.14094341258361834,46,h1:h1_z;h2:h2_z
0.00039810717055349735,1.0000000167150551,1.0000000534659743,2.8670348492159974,H1+H2,11722.652722037106,11722.486781467725,-0.16594056938017995,93,119,2.8670348492159974,bayes_h1h2_marginal_boundary,measured_graph,0.03914180777005981,4.211785388623049,0.14084290121490725,46,h1:h1_z;h2:h2_z
0.0005011872336272725,1.0000000164621152,1.0000000411722918,2.946800756337325,H1+H2,11722.560229957639,11722.446898514165,-0.11333144347461188,93,119,2.946800756337325,bayes_h1h2_marginal_boundary,measured_graph,0.03761143756202293,4.211219214220689,0.14072208040211467,46,h1:h1_z;h2:h2_z
0.000630957344480193,1.0000000157748923,1.000000034497373,3.0981130629661493,H1+H2,11722.441964678419,11722.37124236085,-0.07072231756904392,93,119,3.0981130629661493,bayes_h1h2_marginal_boundary,measured_graph,0.03487087805915815,4.210556531109499,0.14056335730506186,46,h1:h1_z;h2:h2_z
0.0007943282347242822,1.000000014417923,1.0000000295620044,3.2265346070344094,H1+H2,11722.34514478048,11722.307031588816,-0.03811319166347554,93,119,3.2265346070344094,bayes_h1h2_marginal_boundary,measured_graph,0.03270216452933304,4.209829463334067,0.140348584846145,46,h1:h1_z;h2:h2_z
0.001,1.0000000122269466,1.0000000248866818,3.251141382716014,H1+H2,11722.310232266733,11722.294728200975,-0.015504065757907535,93,119,3.251141382716014,bayes_h1h2_marginal_boundary,measured_graph,0.03230228211439818,4.209118917491798,0.14005681431446643,46,h1:h1_z;h2:h2_z
0.0012589254117941675,1.0000000093274697,1.0000000200589214,3.101037061183888,H1+H2,11722.372675301594,11722.369780361742,-0.0028949398523394052,93,119,3.101037061183888,bayes_h1h2_marginal_boundary,measured_graph,0.034819934115584365,4.208569271064398,0.13966425512862765,46,h1:h1_z;h2:h2_z
0.001584893192461114,1.0000000062682588,1.0000000152916515,2.720736848837987,H1+H2,11722.560216281861,11722.559930467914,-0.0002858139467712683,93,119,2.720736848837987,bayes_h1h2_marginal_boundary,measured_graph,0.042112312163324644,4.2083752781717925,0.13914773906904845,46,h1:h1_z;h2:h2_z
0.0019952623149688807,1.0000008346350757,1.0000000111672127,2.090603773260227,H1+H2,11722.882673693744,11722.874997005703,-0.007676688041203171,93,119,2.090603773260227,bayes_h1h2_marginal_boundary,measured_graph,0.057708627524454735,4.208723130848495,0.1384941965698327,46,h1:h1_z;h2:h2_z
0.002511886431509582,1.000000573324484,1.000000008350496,1.2687538592399505,H1+H2,11723.310989524849,11723.285921962713,-0.025067562135635053,93,119,1.2687538592399505,bayes_h1h2_marginal_boundary,measured_graph,0.08703685443643629,4.209723255308571,0.1377183682645851,46,h1:h1_z;h2:h2_z
0.0031622776601683794,1.000000403101675,1.0000000074340714,0.4496441027513356,H1+H2,11723.747935277188,11723.695476840958,-0.05245843623006681,93,119,0.4496441027513356,bayes_h1h2_marginal_boundary,measured_graph,0.13109031608484017,4.21137110020739,0.13688604910951774,46,h1:h1_z;h2:h2_z
0.003981071705534973,1.0000003003913003,1.0000000093950525,-0.0,H1+H2,11724.010148202658,11723.920298892333,-0.08984931032449865,93,119,-0.0,bayes_h1h2_marginal_boundary,measured_graph,0.16413816994534466,4.213599870091478,0.1361283156522936,46,h1:h1_z;h2:h2_z
0.005011872336272725,1.0000002337177742,1.000000016643821,0.3971008243788674,H1+H2,11723.858988664562,11723.721748480144,-0.13724018441893068,93,119,0.3971008243788674,bayes_h1h2_marginal_boundary,measured_graph,0.1345799115591261,4.216326802661965,0.13562133703918838,46,h1:h1_z;h2:h2_z
0.006309573444801936,1.000000181321271,1.0000000317833273,2.0289647071258514,H1+H2,11723.100447597284,11722.90581653877,-0.19463105851336257,93,119,2.0289647071258514,bayes_h1h2_marginal_boundary,measured_graph,0.059514871305172884,4.219435518116995,0.13551854880640063,46,h1:h1_z;h2:h2_z
0.00794328234724282,1.0000001345701328,1.0000000492822991,4.949052542986465,H1+H2,11721.707794553447,11721.44577262084,-0.26202193260779433,93,119,4.949052542986465,bayes_h1h2_marginal_boundary,measured_graph,0.013820905004062658,4.222700741977612,0.1358639586162705,46,h1:h1_z;h2:h2_z
0.01,1.0000000939227875,1.0000000519071175,8.772899085248355,H1+H2,11719.873262156412,11719.53384934971,-0.3394128067022262,93,119,8.772899085248355,bayes_h1h2_marginal_boundary,measured_graph,0.0020426725626138276,4.225737592963406,0.13654639548474015,46,h1:h1_z;h2:h2_z
0.012589254117941675,1.0000000622776974,1.0000000337573383,12.819890319595288,H1+H2,11717.937157413333,11717.510353732536,-0.42680368079665804,93,119,12.819890319595288,bayes_h1h2_marginal_boundary,measured_graph,0.00027002611916609516,4.22806012518898,0.13733471157177007,46,h1:h1_z;h2:h2_z
0.01584893192461114,1.0000000404129052,1.0000000130644144,16.42055632359188,H1+H2,11716.234215285429,11715.710020730538,-0.5241945548910899,93,119,16.42055632359188,bayes_h1h2_marginal_boundary,measured_graph,4.4620156213515176e-05,4.229243242565176,0.1379816943852034,46,h1:h1_z;h2:h2_z
0.01995262314968881,1.0000000266099585,1.000000003098515,19.198270025870443,H1+H2,11714.952749308384,11714.321163879398,-0.6315854289855218,93,119,19.198270025870443,bayes_h1h2_marginal_boundary,measured_graph,1.1126490969849569e-05,4.2290728710625585,0.13833704264884358,46,h1:h1_z;h2:h2_z
0.025118864315095822,1.0000000183557711,1.0000000005091534,21.17885180896701,H1+H2,11714.07984929093,11713.33087298785,-0.7489763030799538,93,119,21.17885180896701,bayes_h1h2_marginal_boundary,measured_graph,4.133142226236056e-06,4.2275891391091704,0.13840292026819564,46,h1:h1_z;h2:h2_z
0.03162277660168379,1.0000000136026648,1.0000000000729043,22.73623997777031,H1+H2,11713.428546080622,11712.552178903448,-0.8763671771743852,93,119,22.73623997777031,bayes_h1h2_marginal_boundary,measured_graph,1.897133120824495e-06,4.225058308058067,0.13831764665759377,46,h1:h1_z;h2:h2_z
0.039810717055349734,1.0000000111090759,1.000000000012041,24.47755261558268,H1+H2,11712.695280635811,11711.681522584542,-1.0137580512688171,93,119,24.47755261558268,bayes_h1h2_marginal_boundary,measured_graph,7.942853844752563e-07,4.221963601658676,0.1383060225446098,46,h1:h1_z;h2:h2_z
0.05011872336272725,1.000000010307535,1.0000000231230217,27.141603975374892,H1+H2,11711.510645830009,11710.349496904646,-1.1611489253632492,93,119,27.141603975374892,bayes_h1h2_marginal_boundary,measured_graph,2.0964531845190948e-07,4.219027272040367,0.13863523595975089,46,h1:h1_z;h2:h2_z
0.06309573444801936,1.000000010960536,1.0000000111321623,31.541550230125722,H1+H2,11709.468063576729,11708.14952377727,-1.3185397994576809,93,119,31.541550230125722,bayes_h1h2_marginal_boundary,measured_graph,2.3229987662698864e-08,4.217181827739088,0.1395960896268788,46,h1:h1_z;h2:h2_z
0.07943282347242822,1.0000000128045776,1.0000000072724577,38.55810326255232,H1+H2,11706.12717793461,11704.641247261057,-1.4859306735521132,93,119,38.55810326255232,bayes_h1h2_marginal_boundary,measured_graph,6.957029536200685e-10,4.217400071306235,0.14151504218621527,46,h1:h1_z;h2:h2_z
0.1,1.0000000154767705,1.0000000050686129,49.131357485224726,H1+H2,11701.017941697368,11699.354620149721,-1.663321547646544,93,119,49.131357485224726,bayes_h1h2_marginal_boundary,measured_graph,3.5194181129407634e-12,4.2204069090298955,0.14477845601379355,46,h1:h1_z;h2:h2_z
1e-05,1.000000576354907,1.0000000078857183,24.593393026603735,H1+H2,8305.653356832336,8303.285670248466,-2.3676865838692702,70,81,24.593393026603735,bayes_h1h2_marginal_boundary,measured_graph,6.438803102061536e-07,4.499923314795186,0.12545000673919368,47,h1:h1_z;h2:h2_z
1.2589254117941661e-05,1.000000653303095,1.0000000401653664,24.015820360407815,H1+H2,8305.729534039529,8303.574456581564,-2.155077457963703,70,81,24.015820360407815,bayes_h1h2_marginal_boundary,measured_graph,8.594556194789552e-07,4.49994165903303,0.12525698969743793,47,h1:h1_z;h2:h2_z
1.584893192461114e-05,1.0000007325010438,1.000000188456413,23.380173681995075,H1+H2,8305.844748252828,8303.89227992077,-1.952468332058134,70,81,23.380173681995075,bayes_h1h2_marginal_boundary,measured_graph,1.1810067449715291e-06,4.499964801221918,0.124961736089623,47,h1:h1_z;h2:h2_z
1.9952623149688786e-05,1.0000008029817595,1.0000007846543473,22.645955862473784,H1+H2,8306.019248036684,8304.259388830531,-1.7598592061525666,70,81,22.645955862473784,bayes_h1h2_marginal_boundary,measured_graph,1.704848342667309e-06,4.4999940143557104,0.12451432129210786,47,h1:h1_z;h2:h2_z
2.5118864315095822e-05,1.0000008565162015,1.0000027774014346,21.753639140471932,H1+H2,8306.282797271779,8304.705547191532,-1.5772500802469966,70,81,21.753639140471932,bayes_h1h2_marginal_boundary,measured_graph,2.663482612257597e-06,4.500030890863819,0.1238480686469333,47,h1:h1_z;h2:h2_z
3.1622776601683795e-05,1.0000008911730578,1.0000002960767518,20.61913763080156,H1+H2,8306.677438900708,8305.272797946367,-1.404640954341429,70,81,20.61913763080156,bayes_h1h2_marginal_boundary,measured_graph,4.696818074567564e-06,4.500077420072609,0.1228859726098009,47,h1:h1_z;h2:h2_z
3.9810717055349695e-05,1.0000009103463836,1.0000008470287673,19.13395946610399,H1+H2,8307.257418857153,8306.015387028716,-1.2420318284358616,70,81,19.13395946610399,bayes_h1h2_marginal_boundary,measured_graph,9.869748347192504e-06,4.500136098532645,0.12156420541811015,47,h1:h1_z;h2:h2_z
5.011872336272725e-05,1.0000009192221562,1.0000015016387223,17.180182627173053,H1+H2,8308.081698150712,8306.992275448181,-1.089422702530293,70,81,17.180182627173053,bayes_h1h2_marginal_boundary,measured_graph,2.6215812935113478e-05,4.5002100746603,0.11988914442652147,47,h1:h1_z;h2:h2_z
6.309573444801929e-05,1.0000009221222417,1.000001412393552,14.683666246517532,H1+H2,8309.187347215135,8308.240533638509,-0.9468135766247254,70,81,14.683666246517532,bayes_h1h2_marginal_boundary,measured_graph,9.134293739716466e-05,4.500303327157233,0.11800662320757407,47,h1:h1_z;h2:h2_z
7.943282347242822e-05,1.0000009217492738,1.0000107423906106,11.71149465167764,H1+H2,8310.540823886648,8309.726619435929,-0.8142044507191568,70,81,11.71149465167764,bayes_h1h2_marginal_boundary,measured_graph,0.0004037140230602829,4.500420883472522,0.11620166393895363,47,h1:h1_z;h2:h2_z
0.0001,1.0000009195050954,1.0000027802655855,8.5414609559557,H1+H2,8312.003231608604,8311.31163628379,-0.6915953248135883,70,81,8.5414609559557,bayes_h1h2_marginal_boundary,measured_graph,0.00196987153994499,4.500569089690582,0.11475688615971437,47,h1:h1_z;h2:h2_z
0.00012589254117941674,1.0000009160171264,1.0000004033812515,5.585376773386088,H1+H2,8313.368664573984,8312.789678375075,-0.5789861989080206,70,81,5.585376773386088,bayes_h1h2_marginal_boundary,measured_graph,0.008636612410026629,4.500755942870428,0.11378032104984125,47,h1:h1_z;h2:h2_z
0.00015848931924611142,1.0000009115341042,1.0000023589627205,3.1874097111176525,H1+H2,8314.465038979211,8313.988661906209,-0.47637707300245236,70,81,3.1874097111176525,bayes_h1h2_marginal_boundary,measured_graph,0.028645431025488336,4.5009914917467295,0.11320462843428374,47,h1:h1_z;h2:h2_z
0.00019952623149688788,1.0000009061725474,1.0000003030456737,1.497126089016092,H1+H2,8315.217571664356,8314.83380371726,-0.38376794709688455,70,81,1.497126089016092,bayes_h1h2_marginal_boundary,measured_graph,0.06669538538821995,4.501288299277353,0.11289494337930606,47,h1:h1_z;h2:h2_z
0.0002511886431509582,1.0000009000860663,1.0000000345749422,0.48707368982650223,H1+H2,8315.639988738047,8315.338829916855,-0.30115882119131615,70,81,0.48707368982650223,bayes_h1h2_marginal_boundary,measured_graph,0.11051618331112782,4.501661932506513,0.11273245052255743,47,h1:h1_z;h2:h2_z
0.00031622776601683794,1.0000008936325795,1.0000000039661643,0.03571170847499161,H1+H2,8315.793060602817,8315.56451090753,-0.22854969528574837,70,81,0.03571170847499161,bayes_h1h2_marginal_boundary,measured_graph,0.13849620938816798,4.502131386381421,0.1126399913040562,47,h1:h1_z;h2:h2_z
0.00039810717055349735,1.0000008876066038,1.0000000005273684,-0.0,H1+H2,8315.748307331149,8315.582366761768,-0.16594056938017995,70,81,-0.0,bayes_h1h2_marginal_boundary,measured_graph,0.1409913879934024,4.5027192350873415,0.11257387504042848,47,h1:h1_z;h2:h2_z
0.0005011872336272725,1.0000008836023884,1.0000000000946647,0.2530216906852729,H1+H2,8315.569187359899,8315.455855916425,-0.11333144347461188,70,81,0.2530216906852729,bayes_h1h2_marginal_boundary,measured_graph,0.12423661901203853,4.503451111499366,0.11250997139562531,47,h1:h1_z;h2:h2_z
0.000630957344480193,1.0000008845620068,1.0000000703953977,0.6950330716426834,H1+H2,8315.305572543515,8315.234850225947,-0.07072231756904392,70,81,0.6950330716426834,bayes_h1h2_marginal_boundary,measured_graph,0.0996020029801197,4.504353849918546,0.11243306745051974,47,h1:h1_z;h2:h2_z
0.0007943282347242822,1.000000895484252,1.0000000393322865,1.2510554455438978,H1+H2,8314.99495223066,8314.956839038996,-0.03811319166347554,70,81,1.2510554455438978,bayes_h1h2_marginal_boundary,measured_graph,0.07542743646558006,4.505451444460295,0.11233042678936658,47,h1:h1_z;h2:h2_z
0.001,1.0000009239971464,1.0000000275964112,1.863946375051455,H1+H2,8314.66589764,8314.650393574242,-0.015504065757907535,70,81,1.863946375051455,bayes_h1h2_marginal_boundary,measured_graph,0.05551901767820524,4.506758430649523,0.11218808314450897,47,h1:h1_z;h2:h2_z
0.0012589254117941675,1.0000009798248815,1.000000022427824,2.487441722649237,H1+H2,8314.341540840296,8314.338645900443,-0.0028949398523394052,70,81,2.487441722649237,bayes_h1h2_marginal_boundary,measured_graph,0.04064915095774021,4.508272597688929,0.11198890497997445,47,h1:h1_z;h2:h2_z
0.001584893192461114,1.000000005734297,1.0000000197377352,3.0818802593057626,H1+H2,8314.041712446062,8314.041426632115,-0.0002858139467712683,70,81,3.0818802593057626,bayes_h1h2_marginal_boundary,measured_graph,0.03019748614846048,4.509976626656427,0.11171231861814034,47,h1:h1_z;h2:h2_z
0.0019952623149688807,1.0000000067458676,1.0000000179716106,3.6159337303688517,H1+H2,8313.782076584625,8313.774399896583,-0.007676688041203171,70,81,3.6159337303688517,bayes_h1h2_marginal_boundary,measured_graph,0.023120783815116487,4.511847151538746,0.1113369856583387,47,h1:h1_z;h2:h2_z
0.002511886431509582,1.0000000079081628,1.0000000164485683,4.079826093289739,H1+H2,8313.567521277258,8313.542453715123,-0.025067562135635053,70,81,4.079826093289739,bayes_h1h2_marginal_boundary,measured_graph,0.018334522604686678,4.513913018783684,0.11084897846421263,47,h1:h1_z;h2:h2_z
0.0031622776601683794,1.0000000088200673,1.0000000148569022,4.516649603308906,H1+H2,8313.376500396344,8313.324041960113,-0.05245843623006681,70,81,4.516649603308906,bayes_h1h2_marginal_boundary,measured_graph,0.01473718672731813,4.516296404761964,0.11025815055011567,47,h1:h1_z;h2:h2_z
0.003981071705534973,1.0000000090258456,1.0000000130936804,5.070067021180876,H1+H2,8313.137182561502,8313.047333251177,-0.08984931032449865,70,81,5.070067021180876,bayes_h1h2_marginal_boundary,measured_graph,0.011174845331938263,4.519223692594581,0.10962156398912398,47,h1:h1_z;h2:h2_z
0.005011872336272725,1.0000000083273761,1.00000001120575,6.024169411488401,H1+H2,8312.707522240442,8312.570282056024,-0.13724018441893068,70,81,6.024169411488401,bayes_h1h2_marginal_boundary,measured_graph,0.006935229212062654,4.52296736357535,0.10906301306839611,47,h1:h1_z;h2:h2_z
0.006309573444801936,1.0000000068905417,1.0000000093242112,7.788981477089692,H1+H2,8311.882507081737,8311.687876023223,-0.19463105851336257,70,81,7.788981477089692,bayes_h1h2_marginal_boundary,measured_graph,0.0028697016564366647,4.527747616127286,0.10876872700897254,47,h1:h1_z;h2:h2_z
0.00794328234724282,1.0000009589826067,1.0000000075757385,10.80421535570349,H1+H2,8310.442281016523,8310.180259083916,-0.26202193260779433,70,81,10.80421535570349,bayes_h1h2_marginal_boundary,measured_graph,0.0006354582623361229,4.5336316291266625,0.10894833559972335,47,h1:h1_z;h2:h2_z
0.01,1.0000007172802006,1.0000000060288399,15.401285618332622,H1+H2,8308.221136759304,8307.881723952602,-0.3394128067022262,70,81,15.401285618332622,bayes_h1h2_marginal_boundary,measured_graph,6.380370624434703e-05,4.540471936262156,0.10977843270918698,47,h1:h1_z;h2:h2_z
0.012589254117941675,1.000000500833495,1.0000000047074127,21.704607544575993,H1+H2,8305.156866670277,8304.73006298948,-0.42680368079665804,70,81,21.704607544575993,bayes_h1h2_marginal_boundary,measured_graph,2.7295870039434067e-06,4.54789641417995,0.1113607927700865,47,h1:h1_z;h2:h2_z
0.01584893192461114,1.0000003341178647,1.000000003628541,29.615578349941643,H1+H2,8301.298772141688,8300.774577586797,-0.5241945548910899,70,81,29.615578349941643,bayes_h1h2_marginal_boundary,measured_graph,5.226987458980962e-08,4.555461541748953,0.11370998741048269,47,h1:h1_z;h2:h2_z
0.01995262314968881,1.0000002211319166,1.000000002809502,38.867454213963356,H1+H2,8296.780225083772,8296.148639654786,-0.6315854289855218,70,81,38.867454213963356,bayes_h1h2_marginal_boundary,measured_graph,5.119554146144424e-10,4.56290876871159,0.1167649031977423,47,h1:h1_z;h2:h2_z
0.025118864315095822,1.0000001515084125,1.000000002242495,49.11547759966561,H1+H2,8291.773604265016,8291.024627961935,-0.7489763030799538,70,81,49.11547759966561,bayes_h1h2_marginal_boundary,measured_graph,3.04720826213809e-12,4.570378878366179,0.12041438291696717,47,h1:h1_z;h2:h2_z
0.03162277660168379,1.0000001109983423,1.0000000018754198,60.01966848135271,H1+H2,8286.448899698265,8285.572532521091,-0.8763671771743852,70,81,60.01966848135271,bayes_h1h2_marginal_boundary,measured_graph,1.3064330915779786e-14,4.5784245824374965,0.12452548054903338,47,h1:h1_z;h2:h2_z
0.039810717055349734,1.000000087785491,1.0000000016280444,71.29599031272664,H1+H2,8280.948129656674,8279.934371605405,-1.0137580512688171,70,81,71.29599031272664,bayes_h1h2_marginal_boundary,measured_graph,4.650128976076113e-17,4.58783956666441,0.1289662442995113,47,h1:h1_z;h2:h2_z
0.05011872336272725,1.000000073757316,1.000000001432484,82.75401456770123,H1+H2,8275.36650840328,8274.205359477917,-1.1611489253632492,70,81,82.75401456770123,bayes_h1h2_marginal_boundary,measured_graph,1.5114251512677714e-19,4.59943946402124,0.1336311663261988,47,h1:h1_z;h2:h2_z
0.06309573444801936,1.0000000637667132,1.000000001259619,94.3435991286533,H1+H2,8269.7291069969,8268.410567197441,-1.3185397994576809,70,81,94.3435991286533,bayes_h1h2_marginal_boundary,measured_graph,4.599814667511898e-22,4.613866425350946,0.13848123308406998,47,h1:h1_z;h2:h2_z
0.07943282347242822,1.000000055009938,1.0000000011043735,106.18893181583189,H1+H2,8263.973831527404,8262.487900853852,-1.4859306735521132,70,81,106.18893181583189,bayes_h1h2_marginal_boundary,measured_graph,1.2318533887732812e-24,4.631389430540868,0.14358768077668752,47,h1:h1_z;h2:h2_z
0.1,1.0000000467272598,1.0000000009612275,118.56653509472017,H1+H2,8257.962420762055,8256.299099214408,-1.663321547646544,70,81,118.56653509472017,bayes_h1h2_marginal_boundary,measured_graph,2.5281138097449967e-27,4.651708372939648,0.1491494203773509,47,h1:h1_z;h2:h2_z
1e-05,1.0000076711934907,1.00000000022803,3.5337959926946496,H1+H2,7864.8342848081265,7862.466598224258,-2.3676865838692702,41,98,3.5337959926946496,bayes_h1h2_marginal_boundary,measured_graph,0.01351868573024538,0.8943025414575403,0.18795084081399005,48,h1:h1_z;h2:h2_z
1.2589254117941661e-05,1.000007680340268,1.0000000003338583,3.112014022875883,H1+H2,7864.832566667131,7862.677489209167,-2.155077457963703,41,98,3.112014022875883,bayes_h1h2_marginal_boundary,measured_graph,0.016692572191008875,0.894302121699572,0.18795147563739772,48,h1:h1_z;h2:h2_z
1.584893192461114e-05,1.000007693615402,1.000000000509923,2.711222065261609,H1+H2,7864.830353520032,7862.877885187974,-1.952468332058134,41,98,2.711222065261609,bayes_h1h2_marginal_boundary,measured_graph,0.020396428669519434,0.8943016120512832,0.1879519160706579,48,h1:h1_z;h2:h2_z
1.9952623149688786e-05,1.0000077128482654,1.0000000008091237,2.3317339730419917,H1+H2,7864.827488440236,7863.067629234084,-1.7598592061525666,41,98,2.3317339730419917,bayes_h1h2_marginal_boundary,measured_graph,0.024658061027843334,0.8943010003638654,0.1879519044909716,48,h1:h1_z;h2:h2_z
2.5118864315095822e-05,1.0000077404492402,1.0000000013312202,1.9739775787038525,H1+H2,7864.8237575115,7863.246507431253,-1.5772500802469966,41,98,1.9739775787038525,bayes_h1h2_marginal_boundary,measured_graph,0.029487960564433625,0.8943002780153934,0.1879510001424814,48,h1:h1_z;h2:h2_z
3.1622776601683795e-05,1.0000077792612332,1.0000000022694018,1.638542732624046,H1+H2,7864.818865808635,7863.414224854293,-1.404640954341429,41,98,1.638542732624046,bayes_h1h2_marginal_boundary,measured_graph,0.03487253255835375,0.8942994449054239,0.1879484717307678,48,h1:h1_z;h2:h2_z
3.9810717055349695e-05,1.0000078319556924,1.0000000040015808,1.3262524812416814,H1+H2,7864.81240180842,7863.570369979984,-1.2420318284358616,41,98,1.3262524812416814,bayes_h1h2_marginal_boundary,measured_graph,0.040765845564549166,0.8942985182441135,0.18794313980623065,48,h1:h1_z;h2:h2_z
5.011872336272725e-05,1.0000078997374493,1.000000007255638,1.0382701691778493,H1+H2,7864.803783838546,7863.714361136016,-1.089422702530293,41,98,1.0382701691778493,bayes_h1h2_marginal_boundary,measured_graph,0.047079410842430586,0.8942975475213302,0.18793316122235648,48,h1:h1_z;h2:h2_z
6.309573444801929e-05,1.0000079805598436,1.0000000133603335,0.7762638761378184,H1+H2,7864.792177859161,7863.845364282536,-0.9468135766247254,41,98,0.7762638761378184,bayes_h1h2_marginal_boundary,measured_graph,0.0536691803944059,0.89429663918516,0.18791577264306222,48,h1:h1_z;h2:h2_z
7.943282347242822e-05,1.0000080680688983,1.0000000244645804,0.5426654550428793,H1+H2,7864.776367943803,7863.962163493084,-0.8142044507191568,41,98,0.5426654550428793,bayes_h1h2_marginal_boundary,measured_graph,0.06031845593118119,0.8942959962237458,0.18788707942619806,48,h1:h1_z;h2:h2_z
0.0001,1.0000081531262965,1.0000000431749017,0.34109007808547176,H1+H2,7864.754546506376,7864.062951181562,-0.6915953248135883,41,98,0.34109007808547176,bayes_h1h2_marginal_boundary,measured_graph,0.06671473305370552,0.8942959809571597,0.18784212650262522,48,h1:h1_z;h2:h2_z
0.00012589254117941674,1.0000082280427758,1.0000000702981189,0.17702759365784004,H1+H2,7864.723968622684,7864.144982423776,-0.5789861989080206,41,98,0.17702759365784004,bayes_h1h2_marginal_boundary,measured_graph,0.07241815706257677,0.8942972155752209,0.18777572540019385,48,h1:h1_z;h2:h2_z
0.00015848931924611142,1.000008290357693,1.000000099822865,0.05896042738277174,H1+H2,7864.680393079916,7864.204016006914,-0.47637707300245236,41,98,0.05896042738277174,bayes_h1h2_marginal_boundary,measured_graph,0.07682196787140573,0.8943007449790891,0.18768466795878025,48,h1:h1_z;h2:h2_z
0.00019952623149688788,1.0000083429796334,1.000000115913811,-0.0,H1+H2,7864.617264167702,7864.233496220605,-0.38376794709688455,41,98,-0.0,bayes_h1h2_marginal_boundary,measured_graph,0.07912040870500327,0.8943082994560483,0.18757146464712374,48,h1:h1_z;h2:h2_z
0.0002511886431509582,1.000008391492791,1.0000001036710728,0.01969972119513841,H1+H2,7864.524805181199,7864.2236463600075,-0.30115882119131615,41,98,0.01969972119513841,bayes_h1h2_marginal_boundary,measured_graph,0.0783449092594394,0.8943227123847914,0.18744789862021058,48,h1:h1_z;h2:h2_z
0.00031622776601683794,1.0000084416253772,1.0000000690025561,0.14469283007929334,H1+H2,7864.389699500851,7864.161149805565,-0.22854969528574837,41,98,0.14469283007929334,bayes_h1h2_marginal_boundary,measured_graph,0.07359848475065914,0.8943485760203659,0.18733448117967932,48,h1:h1_z;h2:h2_z
0.00039810717055349735,1.0000084982957593,1.0000000346663445,0.40605367326134,H1+H2,7864.196409953354,7864.030469383974,-0.16594056938017995,41,98,0.40605367326134,bayes_h1h2_marginal_boundary,measured_graph,0.06458253487770281,0.894393259823127,0.18725351322360026,48,h1:h1_z;h2:h2_z
0.0005011872336272725,1.00000856581336,1.0000000141616865,0.8330103219268494,H1+H2,7863.930322503116,7863.816991059642,-0.11333144347461188,41,98,0.8330103219268494,bayes_h1h2_marginal_boundary,measured_graph,0.052167812815359975,0.8944684692800599,0.18722029650506763,48,h1:h1_z;h2:h2_z
0.000630957344480193,1.0000086485172424,1.0000000053142843,1.4467012754157622,H1+H2,7863.580867900466,7863.510145582897,-0.07072231756904392,41,98,1.4467012754157622,bayes_h1h2_marginal_boundary,measured_graph,0.03838321348652007,0.8945925813747992,0.18724016883304317,48,h1:h1_z;h2:h2_z
0.0007943282347242822,1.0000087515795353,1.00000000208456,2.2586236177085084,H1+H2,7863.142297603415,7863.104184411751,-0.03811319166347554,41,98,2.2586236177085084,bayes_h1h2_marginal_boundary,measured_graph,0.025576118476588965,0.8947940363978278,0.187312190721247,48,h1:h1_z;h2:h2_z
0.001,1.0000088820354618,1.0000000009309105,3.2736363181029446,H1+H2,7862.612182127312,7862.596678061554,-0.015504065757907535,41,98,3.2736363181029446,bayes_h1h2_marginal_boundary,measured_graph,0.015396692196051085,0.8951160603916044,0.18743352547023448,48,h1:h1_z;h2:h2_z
0.0012589254117941675,1.0000090500702756,1.000000000479923,4.493102944463317,H1+H2,7861.989839688225,7861.986944748373,-0.0028949398523394052,41,98,4.493102944463317,bayes_h1h2_marginal_boundary,measured_graph,0.008368037433339364,0.8956229220548125,0.18760020536723532,48,h1:h1_z;h2:h2_z
0.001584893192461114,1.0000092699151677,1.0000000002736453,5.915443861267704,H1+H2,7861.276060103918,7861.275774289971,-0.0002858139467712683,41,98,5.915443861267704,bayes_h1h2_marginal_boundary,measured_graph,0.004109284485781402,0.8964079159307318,0.1878050915840591,48,h1:h1_z;h2:h2_z
0.0019952623149688807,1.000009558118074,1.0000000001618987,7.536815073895923,H1+H2,7860.472765371698,7860.465088683657,-0.007676688041203171,41,98,7.536815073895923,bayes_h1h2_marginal_boundary,measured_graph,0.0018267954579578474,0.8976037285601951,0.188036816889158,48,h1:h1_z;h2:h2_z
0.002511886431509582,1.0000099259266466,1.0000000000938858,9.357653447279517,H1+H2,7859.579737059101,7859.554669496965,-0.025067562135635053,41,98,9.357653447279517,bayes_h1h2_marginal_boundary,measured_graph,0.0007350212484700403,0.8993970897154564,0.1882830287826873,48,h1:h1_z;h2:h2_z
0.0031622776601683794,1.0000103678291288,1.000000000051467,11.396289253067152,H1+H2,7858.587810030302,7858.5353515940715,-0.05245843623006681,41,98,11.396289253067152,bayes_h1h2_marginal_boundary,measured_graph,0.0002652257911776619,0.9020498286837416,0.18853694179011427,48,h1:h1_z;h2:h2_z
0.003981071705534973,1.000010864220486,1.0000000000265536,13.701811246393845,H1+H2,7857.472439907732,7857.382590597408,-0.08984931032449865,41,98,13.701811246393845,bayes_h1h2_marginal_boundary,measured_graph,8.37486883190845e-05,0.9059225063722544,0.18880137063686842,48,h1:h1_z;h2:h2_z
0.005011872336272725,1.0000114240783484,1.0000000487442364,16.3565523327743,H1+H2,7856.192460238637,7856.055220054218,-0.13724018441893068,41,98,16.3565523327743,bayes_h1h2_marginal_boundary,measured_graph,2.220794184190408e-05,0.9114845059346365,0.18908576380900968,48,h1:h1_z;h2:h2_z
0.006309573444801936,1.0000121618674862,1.0000000337121788,19.4681258351211,H1+H2,7854.694064361558,7854.4994333030445,-0.19463105851336257,41,98,19.4681258351211,bayes_h1h2_marginal_boundary,measured_graph,4.686393051320021e-06,0.9192922827649861,0.18939960932036384,48,h1:h1_z;h2:h2_z
0.00794328234724282,1.0000133654724073,1.0000000288070787,23.161429570802284,H1+H2,7852.914803367812,7852.652781435204,-0.26202193260779433,41,98,23.161429570802284,bayes_h1h2_marginal_boundary,measured_graph,7.393464538487733e-07,0.9299385580126378,0.18975134412002295,48,h1:h1_z;h2:h2_z
0.01,1.0000155436957743,1.0000000321052105,27.579016855141163,H1+H2,7850.7834005997365,7850.4439877930345,-0.3394128067022262,41,98,27.579016855141163,bayes_h1h2_marginal_boundary,measured_graph,8.120468831167097e-08,0.9439987146341782,0.19015789676942152,48,h1:h1_z;h2:h2_z
0.012589254117941675,1.0000194987054212,1.0000000423273345,32.88053368621513,H1+H2,7848.220033058295,7847.7932293774975,-0.42680368079665804,41,98,32.88053368621513,bayes_h1h2_marginal_boundary,measured_graph,5.7328601959989895e-09,0.9620012152607004,0.1906563842761325,48,h1:h1_z;h2:h2_z
0.01584893192461114,1.0000032568369992,1.000000056604664,39.21722453912844,H1+H2,7845.149078505932,7844.624883951041,-0.5241945548910899,41,98,39.21722453912844,bayes_h1h2_marginal_boundary,measured_graph,2.4119950685861323e-10,0.9844327939577011,0.19130174539550504,48,h1:h1_z;h2:h2_z
0.01995262314968881,1.000005089104801,1.0000000000217768,46.67506186017272,H1+H2,7841.527550719504,7840.895965290519,-0.6315854289855218,41,98,46.67506186017272,bayes_h1h2_marginal_boundary,measured_graph,5.793321333188914e-12,1.0116409680447407,0.19214550951834317,48,h1:h1_z;h2:h2_z
0.025118864315095822,1.0000082400575279,1.0000000000231675,55.204685703145515,H1+H2,7837.380129672112,7836.631153369032,-0.7489763030799538,41,98,55.204685703145515,bayes_h1h2_marginal_boundary,measured_graph,8.142229397703039e-14,1.0437034986397264,0.19320979500132315,48,h1:h1_z;h2:h2_z
0.03162277660168379,1.0000133161171856,1.0000000000188058,64.58637070821896,H1+H2,7832.8166780436695,7831.940310866496,-0.8763671771743852,41,98,64.58637070821896,bayes_h1h2_marginal_boundary,measured_graph,7.473711334921725e-16,1.0800836080512124,0.19447498786552558,48,h1:h1_z;h2:h2_z
0.039810717055349734,1.0000209334244252,1.0000000457515217,74.45995579884948,H1+H2,7828.0172763724495,7827.00351832118,-1.0137580512688171,41,98,74.45995579884948,bayes_h1h2_marginal_boundary,measured_graph,5.364318539881364e-18,1.1195312103599753,0.1958884770420867,48,h1:h1_z;h2:h2_z
0.05011872336272725,1.0000317761271695,1.0000000287820543,84.42550324940203,H1+H2,7823.181893521267,7822.020744595904,-1.1611489253632492,41,98,84.42550324940203,bayes_h1h2_marginal_boundary,measured_graph,3.6772522759098717e-20,1.1605881129937614,0.1973896186081527,48,h1:h1_z;h2:h2_z
0.06309573444801936,1.0000089963260281,1.0000000170276133,94.16537008559317,H1+H2,7818.469350977266,7817.1508111778085,-1.3185397994576809,41,98,94.16537008559317,bayes_h1h2_marginal_boundary,measured_graph,2.8218778766284783e-22,1.2027046893386786,0.1989380750665615,48,h1:h1_z;h2:h2_z
0.07943282347242822,1.0000131964769483,1.0000000105226332,103.5061033654838,H1+H2,7813.966375211416,7812.480444537863,-1.4859306735521132,41,98,103.5061033654838,bayes_h1h2_marginal_boundary,measured_graph,2.643770513613285e-24,1.2470239757961734,0.20052921237432453,48,h1:h1_z;h2:h2_z
0.1,1.0000166206209529,1.0000000073351902,112.3532248155534,H1+H2,7809.720205360475,7808.056883812828,-1.663321547646544,41,98,112.3532248155534,bayes_h1h2_marginal_boundary,measured_graph,3.1702662789240043e-26,1.296070912493585,0.20218373707043452,48,h1:h1_z;h2:h2_z
1e-05,1.0000000371108317,1.000000001027107,13.229724366938171,H1+H2,18840.113711067548,18837.74602448368,-2.3676865838692702,142,182,13.229724366938171,bayes_h1h2_marginal_boundary,measured_graph,0.00018343026324516674,0.2182449644223299,0.06989445943184885,49,h1:h1_z;h2:h2_z
1.2589254117941661e-05,1.0000000386390522,1.0000000030815714,12.760111063114891,H1+H2,18840.135908593555,18837.980831135592,-2.155077457963703,142,182,12.760111063114891,bayes_h1h2_marginal_boundary,measured_graph,0.00023197769165022482,0.21824747906454528,0.06988228313472307,49,h1:h1_z;h2:h2_z
1.584893192461114e-05,1.000000040908614,1.0000000097122204,12.28839110291301,H1+H2,18840.169159447752,18838.216691115693,-1.952468332058134,142,182,12.28839110291301,bayes_h1h2_marginal_boundary,measured_graph,0.00029368306934655653,0.21825059691022622,0.06986371004338278,49,h1:h1_z;h2:h2_z
1.9952623149688786e-05,1.0000000441471069,1.0000000309995831,11.803125671453017,H1+H2,18840.219183037574,18838.459323831423,-1.7598592061525666,142,182,11.803125671453017,bayes_h1h2_marginal_boundary,measured_graph,0.00037432855691670275,0.21825444563608307,0.06983544009305993,49,h1:h1_z;h2:h2_z
2.5118864315095822e-05,1.000000048512017,1.0000000963461473,11.287262255849782,H1+H2,18840.294505619473,18838.717255539224,-1.5772500802469966,142,182,11.287262255849782,bayes_h1h2_marginal_boundary,measured_graph,0.00048447489515145105,0.21825916885592953,0.06979270809181007,49,h1:h1_z;h2:h2_z
3.1622776601683795e-05,1.0000000539496376,1.0000002791528197,10.716069276240887,H1+H2,18840.40749298337,18839.00285202903,-1.404640954341429,142,182,10.716069276240887,bayes_h1h2_marginal_boundary,measured_graph,0.0006446207141790204,0.21826491984204716,0.06972899958606445,49,h1:h1_z;h2:h2_z
3.9810717055349695e-05,1.0000000600624528,1.000000717094415,10.055352549075906,H1+H2,18840.575242221046,18839.33321039261,-1.2420318284358616,142,182,10.055352549075906,bayes_h1h2_marginal_boundary,measured_graph,0.0008969682515371279,0.21827184723018186,0.06963624142196012,49,h1:h1_z;h2:h2_z
5.011872336272725e-05,1.0000000661404598,1.0000015406374323,9.26168587039865,H1+H2,18840.81946643448,18839.73004373195,-1.089422702530293,142,182,9.26168587039865,bayes_h1h2_marginal_boundary,measured_graph,0.001333888722688852,0.21828006674828263,0.06950621744471076,49,h1:h1_z;h2:h2_z
6.309573444801929e-05,1.0000000714620911,1.0000000288146487,8.288125867940835,H1+H2,18841.163637309804,18840.21682373318,-0.9468135766247254,142,182,8.288125867940835,bayes_h1h2_marginal_boundary,measured_graph,0.002170328479130362,0.21828960932759806,0.06933427146293293,49,h1:h1_z;h2:h2_z
7.943282347242822e-05,1.0000000756978278,1.000000040954068,7.101482267913525,H1+H2,18841.62434998391,18840.810145533193,-0.8142044507191568,142,182,7.101482267913525,bayes_h1h2_marginal_boundary,measured_graph,0.003928274727992579,0.21830033056980438,0.06912483524925574,49,h1:h1_z;h2:h2_z
0.0001,1.0000000790840085,1.0000000349315732,5.711416462880152,H1+H2,18842.196773760523,18841.50517843571,-0.6915953248135883,142,182,5.711416462880152,bayes_h1h2_marginal_boundary,measured_graph,0.007871378701320965,0.2183117595284466,0.06889676083619205,49,h1:h1_z;h2:h2_z
0.00012589254117941674,1.0000000822912878,1.0000014428670445,4.201784986922576,H1+H2,18842.838980372595,18842.259994173688,-0.5789861989080206,142,182,4.201784986922576,bayes_h1h2_marginal_boundary,measured_graph,0.016744150434351155,0.21832285818950442,0.06868015261305209,49,h1:h1_z;h2:h2_z
0.00015848931924611142,1.0000000862271945,1.000000500582249,2.7312244729546364,H1+H2,18843.471651503674,18842.995274430672,-0.47637707300245236,142,182,2.7312244729546364,bayes_h1h2_marginal_boundary,measured_graph,0.0349294120506884,0.2183316647428455,0.06850315309744362,49,h1:h1_z;h2:h2_z
0.00019952623149688788,1.000000091967302,1.000000114413286,1.4835389795262017,H1+H2,18844.002885124482,18843.619117177386,-0.38376794709688455,142,182,1.4835389795262017,bayes_h1h2_marginal_boundary,measured_graph,0.0651812579708667,0.2183348246961678,0.06837742209348428,49,h1:h1_z;h2:h2_z
0.0002511886431509582,1.000000100772182,1.0000000184793032,0.5939943743942422,H1+H2,18844.365048301144,18844.063889479952,-0.30115882119131615,142,182,0.5939943743942422,bayes_h1h2_marginal_boundary,measured_graph,0.10169155647275048,0.2183271175250852,0.06829678113779634,49,h1:h1_z;h2:h2_z
0.00031622776601683794,1.0000001139574752,1.0000000023304916,0.1094780227431329,H1+H2,18844.534697351064,18844.306147655778,-0.22854969528574837,142,182,0.1094780227431329,bayes_h1h2_marginal_boundary,measured_graph,0.12956756098767724,0.21830132081965345,0.06824635045075603,49,h1:h1_z;h2:h2_z
0.00039810717055349735,1.0000001322158556,1.0000000002609366,-0.0,H1+H2,18844.52682723653,18844.36088666715,-0.16594056938017995,142,182,-0.0,bayes_h1h2_marginal_boundary,measured_graph,0.13685766757153509,0.21824910016058602,0.06821177669276889,49,h1:h1_z;h2:h2_z
0.0005011872336272725,1.0000001540381513,1.0000000000308165,0.1951398313321988,H1+H2,18844.376648194957,18844.263316751483,-0.11333144347461188,142,182,0.1951398313321988,bayes_h1h2_marginal_boundary,measured_graph,0.12413523141320831,0.2181637127813486,0.06818289544287845,49,h1:h1_z;h2:h2_z
0.000630957344480193,1.0000001740696642,1.0000000273513412,0.6157782200098154,H1+H2,18844.123719874715,18844.052997557144,-0.07072231756904392,142,182,0.6157782200098154,bayes_h1h2_marginal_boundary,measured_graph,0.1005899500859516,0.21804426168900215,0.06815332102606425,49,h1:h1_z;h2:h2_z
0.0007943282347242822,1.0000001844744368,1.000000011887627,1.1905999119553599,H1+H2,18843.803699902834,18843.76558671117,-0.03811319166347554,142,182,1.1905999119553599,bayes_h1h2_marginal_boundary,measured_graph,0.07546292733312092,0.21789860604784733,0.06811880044438448,49,h1:h1_z;h2:h2_z
0.001,1.0000001805627687,1.0000000074771762,1.8594044376877719,H1+H2,18843.446688514065,18843.431184448305,-0.015504065757907535,142,182,1.8594044376877719,bayes_h1h2_marginal_boundary,measured_graph,0.05401378242516794,0.2177405795587365,0.06807571588231581,49,h1:h1_z;h2:h2_z
0.0012589254117941675,1.0000001644402654,1.0000000063242096,2.567700705410971,H1+H2,18843.079931254295,18843.077036314444,-0.0028949398523394052,142,182,2.567700705410971,bayes_h1h2_marginal_boundary,measured_graph,0.03790530630109786,0.2175814824024478,0.06802005057709604,49,h1:h1_z;h2:h2_z
0.001584893192461114,1.000000141700132,1.0000000067051245,3.2589421651427983,H1+H2,18842.731701398523,18842.731415584578,-0.0002858139467712683,142,182,3.2589421651427983,bayes_h1h2_marginal_boundary,measured_graph,0.026828650912301442,0.2174227210104752,0.06794681652209963,49,h1:h1_z;h2:h2_z
0.0019952623149688807,1.0000001166990145,1.000000009001472,3.874767448818602,H1+H2,18842.43117963078,18842.42350294274,-0.007676688041203171,142,182,3.874767448818602,bayes_h1h2_marginal_boundary,measured_graph,0.01971850901443692,0.21725604838227242,0.0678501398470647,49,h1:h1_z;h2:h2_z
0.002511886431509582,1.0000000917693628,1.0000000159792568,4.372673189922352,H1+H2,18842.199617634324,18842.174550072188,-0.025067562135635053,142,182,4.372673189922352,bayes_h1h2_marginal_boundary,measured_graph,0.015372879230902217,0.2170714624289611,0.0677242411799278,49,h1:h1_z;h2:h2_z
0.0031622776601683794,1.0000000687138155,1.0000000362221133,4.758620212502137,H1+H2,18842.034034997127,18841.9815765609,-0.05245843623006681,142,182,4.758620212502137,bayes_h1h2_marginal_boundary,measured_graph,0.012674997556385561,0.21687035850760347,0.06756490636558392,49,h1:h1_z;h2:h2_z
0.003981071705534973,1.0000000495413588,1.0000000000325358,5.113647437698091,H1+H2,18841.893912258623,18841.8040629483,-0.08984931032449865,142,182,5.113647437698091,bayes_h1h2_marginal_boundary,measured_graph,0.010613404143406127,0.21668230356906076,0.06736983732037667,49,h1:h1_z;h2:h2_z
0.005011872336272725,1.0000000357348113,1.0000000001257003,5.585751168473507,H1+H2,18841.705251267333,18841.568011082913,-0.13724018441893068,142,182,5.585751168473507,bayes_h1h2_marginal_boundary,measured_graph,0.008381826739133139,0.21657972034702053,0.06713644890142202,49,h1:h1_z;h2:h2_z
0.006309573444801936,1.000002214506411,1.0000000003720848,6.339129034575308,H1+H2,18841.385953208373,18841.19132214986,-0.19463105851336257,142,182,6.339129034575308,bayes_h1h2_marginal_boundary,measured_graph,0.005751018362506094,0.21667551766863333,0.06685896724420445,49,h1:h1_z;h2:h2_z
0.00794328234724282,1.0000019418730455,1.0000000007593781,7.495595103755477,H1+H2,18840.87511104788,18840.61308911527,-0.26202193260779433,142,182,7.495595103755477,bayes_h1h2_marginal_boundary,measured_graph,0.0032256804203895464,0.2170906186112695,0.06653001750431774,49,h1:h1_z;h2:h2_z
0.01,1.0000018348963637,1.00000000099634,9.142536627623485,H1+H2,18840.12903116004,18839.789618353338,-0.3394128067022262,142,182,9.142536627623485,bayes_h1h2_marginal_boundary,measured_graph,0.0014157694286329229,0.21789669099644118,0.06615102769992866,49,h1:h1_z;h2:h2_z
0.012589254117941675,1.0000018025568898,1.0000000008086785,11.465036566100025,H1+H2,18839.055172064895,18838.6283683841,-0.42680368079665804,142,182,11.465036566100025,bayes_h1h2_marginal_boundary,measured_graph,0.00044326973123242556,0.21907902334316598,0.06575050041336847,49,h1:h1_z;h2:h2_z
0.01584893192461114,1.0000017913419872,1.000000000410478,14.962826410890557,H1+H2,18837.403668016595,18836.879473461704,-0.5241945548910899,142,182,14.962826410890557,bayes_h1h2_marginal_boundary,measured_graph,7.711389898298474e-05,0.22055207245961408,0.06540153112189864,49,h1:h1_z;h2:h2_z
0.01995262314968881,1.000001812670041,1.000000000143891,20.57130141367088,H1+H2,18834.7068213893,18834.075235960314,-0.6315854289855218,142,182,20.57130141367088,bayes_h1h2_marginal_boundary,measured_graph,4.669472148930924e-06,0.22221996306328176,0.06522374888679323,49,h1:h1_z;h2:h2_z
0.025118864315095822,1.000001929646352,1.0000000000442142,29.49466476993257,H1+H2,18830.362530585262,18829.613554282183,-0.7489763030799538,142,182,29.49466476993257,bayes_h1h2_marginal_boundary,measured_graph,5.3899415620512814e-08,0.22403133442658546,0.06535919967203582,49,h1:h1_z;h2:h2_z
0.03162277660168379,1.0000022403580964,1.000000000016854,42.77196639498288,H1+H2,18823.851270646832,18822.974903469658,-0.8763671771743852,142,182,42.77196639498288,bayes_h1h2_marginal_boundary,measured_graph,7.054311635570077e-11,0.22598960186222,0.06593048348267004,49,h1:h1_z;h2:h2_z
0.039810717055349734,1.0000028980953604,1.0000000416114416,60.871150649531046,H1+H2,18814.93906939365,18813.925311342384,-1.0137580512688171,142,182,60.871150649531046,bayes_h1h2_marginal_boundary,measured_graph,8.284507912314444e-15,0.22812727530158008,0.06700755202803395,49,h1:h1_z;h2:h2_z
0.05011872336272725,1.0000000707214365,1.0000000395206206,83.59206613526476,H1+H2,18803.72600252488,18802.564853599517,-1.1611489253632492,142,182,83.59206613526476,bayes_h1h2_marginal_boundary,measured_graph,9.649006688364466e-20,0.2304810462621824,0.06860220970644156,49,h1:h1_z;h2:h2_z
0.06309573444801936,1.0000001280843493,1.0000000448408004,110.22799180149013,H1+H2,18790.56543056586,18789.246890766404,-1.3185397994576809,142,182,110.22799180149013,bayes_h1h2_marginal_boundary,measured_graph,1.5869558288785792e-25,0.23308374775686155,0.07068067607583794,49,h1:h1_z;h2:h2_z
0.07943282347242822,1.0000002460108843,1.0000000545490593,139.72135327678552,H1+H2,18775.98614070231,18774.500210028757,-1.4859306735521132,142,182,139.72135327678552,bayes_h1h2_marginal_boundary,measured_graph,6.254070435052966e-32,0.23596623124596128,0.0731710796371439,49,h1:h1_z;h2:h2_z
0.1,1.0000004792420094,1.0000000000222575,170.70582597021712,H1+H2,18760.671295229688,18759.00797368204,-1.663321547646544,142,182,170.70582597021712,bayes_h1h2_marginal_boundary,measured_graph,1.1694186355452858e-38,0.23914427668954855,0.07595907005186507,49,h1:h1_z;h2:h2_z
1e-05,1.0000000896194075,1.0000000001003313,18.694583150092512,H1+H2,26221.589508146353,26219.221821562485,-2.3676865838692702,221,233,18.694583150092512,bayes_h1h2_marginal_boundary,measured_graph,3.0250218922875416e-05,0.3049069385177439,0.06529007883022739,50,h1:h1_z;h2:h2_z
1.2589254117941661e-05,1.0000001066416275,1.000000000209406,18.22947123443737,H1+H2,26221.609454978276,26219.454377520313,-2.155077457963703,221,233,18.22947123443737,bayes_h1h2_marginal_boundary,measured_graph,3.8170363099231856e-05,0.30490285584970883,0.06528483433881747,50,h1:h1_z;h2:h2_z
1.584893192461114e-05,1.0000001298479484,1.000000000475502,17.77278192914673,H1+H2,26221.635190505018,26219.682722172958,-1.952468332058134,221,233,17.77278192914673,bayes_h1h2_marginal_boundary,measured_graph,4.7961760254663006e-05,0.30489715329275474,0.06527746682290944,50,h1:h1_z;h2:h2_z
1.9952623149688786e-05,1.000000159314751,1.0000000011359713,17.321016319678165,H1+H2,26221.668464183844,26219.908604977692,-1.7598592061525666,221,233,17.321016319678165,bayes_h1h2_marginal_boundary,measured_graph,6.011664971955508e-05,0.3048890825224392,0.06526709253868294,50,h1:h1_z;h2:h2_z
2.5118864315095822e-05,1.0000001934138272,1.0000000027217033,16.869742740302172,H1+H2,26221.71149184763,26220.13424176738,-1.5772500802469966,221,233,16.869742740302172,bayes_h1h2_marginal_boundary,measured_graph,7.533340232826499e-05,0.3048775096089864,0.06525254363830606,50,h1:h1_z;h2:h2_z
3.1622776601683795e-05,1.0000002287817538,1.000000006159556,16.41363156073203,H1+H2,26221.766938311506,26220.362297357166,-1.404640954341429,221,233,16.41363156073203,bayes_h1h2_marginal_boundary,measured_graph,9.463044151911781e-05,0.30486070391819026,0.06523241490762467,50,h1:h1_z;h2:h2_z
3.9810717055349695e-05,1.0000002617294914,1.0000000122912536,15.946919869566045,H1+H2,26221.837685031183,26220.59565320275,-1.2420318284358616,221,233,15.946919869566045,bayes_h1h2_marginal_boundary,measured_graph,0.00011950223353110324,0.3048360094323435,0.0652053075898303,50,h1:h1_z;h2:h2_z
5.011872336272725e-05,1.0000002905099397,1.000000020081407,15.464737692469498,H1+H2,26221.926166993828,26220.836744291297,-1.089422702530293,221,233,15.464737692469498,bayes_h1h2_marginal_boundary,measured_graph,0.00015208295831962935,0.3047993355977526,0.06517040549010504,50,h1:h1_z;h2:h2_z
6.309573444801929e-05,1.000000316693736,1.0000000249426073,14.965673511323985,H1+H2,26222.033089958495,26221.08627638187,-0.9468135766247254,221,233,14.965673511323985,bayes_h1h2_marginal_boundary,measured_graph,0.00019518703270440593,0.3047443762162015,0.06512837110474519,50,h1:h1_z;h2:h2_z
7.943282347242822e-05,1.0000003449472727,1.0000000220756946,14.455031759418489,H1+H2,26222.15580170854,26221.341597257822,-0.8142044507191568,221,233,14.455031759418489,bayes_h1h2_marginal_boundary,measured_graph,0.0002519622102415644,0.3046614313580284,0.065082082927181,50,h1:h1_z;h2:h2_z
0.0001,1.0000003824434305,1.0000000133925901,13.94581356132403,H1+H2,26222.287801681683,26221.59620635687,-0.6915953248135883,221,233,13.94581356132403,bayes_h1h2_marginal_boundary,measured_graph,0.0003250204865737945,0.30453568403430586,0.0650362344535988,50,h1:h1_z;h2:h2_z
0.00012589254117941674,1.0000004393551867,1.0000000056313978,13.452124231618654,H1+H2,26222.42203722063,26221.843051021722,-0.5789861989080206,221,233,13.452124231618654,bayes_h1h2_marginal_boundary,measured_graph,0.0004160198106189021,0.30434481788670054,0.06499532664050804,50,h1:h1_z;h2:h2_z
0.00015848931924611142,1.0000005307477202,1.0000000017885604,12.97260754546005,H1+H2,26222.559186437804,26222.0828093648,-0.47637707300245236,221,233,12.97260754546005,bayes_h1h2_marginal_boundary,measured_graph,0.0005287370423607806,0.30405607556536574,0.06496139195652613,50,h1:h1_z;h2:h2_z
0.00019952623149688788,1.0000006785808642,1.0000000005107599,12.47086937540007,H1+H2,26222.717446396928,26222.33367844983,-0.38376794709688455,221,233,12.47086937540007,bayes_h1h2_marginal_boundary,measured_graph,0.0006795020896869134,0.30362351453822145,0.06493352765324016,50,h1:h1_z;h2:h2_z
0.0002511886431509582,1.000000908246233,1.0000000001658806,11.865134598410805,H1+H2,26222.93770465952,26222.636545838326,-0.30115882119131615,221,233,11.865134598410805,bayes_h1h2_marginal_boundary,measured_graph,0.000919865714980024,0.30298776937568045,0.06490939003253865,50,h1:h1_z;h2:h2_z
0.00031622776601683794,1.000001223423213,1.0000000000746283,11.033577553578652,H1+H2,26223.28087405603,26223.052324360742,-0.22854969528574837,221,233,11.033577553578652,bayes_h1h2_marginal_boundary,measured_graph,0.0013941026419173582,0.3020834289472348,0.06488701159223545,50,h1:h1_z;h2:h2_z
0.00039810717055349735,1.000001539488265,1.000000000048746,9.836516943782044,H1+H2,26223.81679523502,26223.65085466564,-0.16594056938017995,221,233,9.836516943782044,bayes_h1h2_marginal_boundary,measured_graph,0.0025364900257888556,0.30086193307152803,0.0648658694571638,50,h1:h1_z;h2:h2_z
0.0005011872336272725,1.000001631593533,1.0000000000425207,8.162057098961668,H1+H2,26224.601416031524,26224.48808458805,-0.11333144347461188,221,233,8.162057098961668,bayes_h1h2_marginal_boundary,measured_graph,0.00585918882449918,0.29933429096455805,0.0648473968840097,50,h1:h1_z;h2:h2_z
0.000630957344480193,1.0000013076061713,1.0000000000446678,6.005988961827825,H1+H2,26225.636840974188,26225.566118656618,-0.07072231756904392,221,233,6.005988961827825,bayes_h1h2_marginal_boundary,measured_graph,0.01721954776949624,0.2976162263780153,0.06483550670205353,50,h1:h1_z;h2:h2_z
0.0007943282347242822,1.0000007408197586,1.0000000000525797,3.5740547107780003,H1+H2,26226.820198973805,26226.782085782143,-0.03811319166347554,221,233,3.5740547107780003,bayes_h1h2_marginal_boundary,measured_graph,0.05809109385900945,0.2959250896768342,0.06483744111253499,50,h1:h1_z;h2:h2_z
0.001,1.000000303887153,1.000000000067326,1.3421962761349278,H1+H2,26227.913519065223,26227.898014999464,-0.015504065757907535,221,233,1.3421962761349278,bayes_h1h2_marginal_boundary,measured_graph,0.17731744123594834,0.29449365041791603,0.06486488934547373,50,h1:h1_z;h2:h2_z
0.0012589254117941675,1.0000001038018616,1.000000000092519,-0.0,H1+H2,26228.572008077383,26228.56911313753,-0.0028949398523394052,221,233,-0.0,bayes_h1h2_marginal_boundary,measured_graph,0.3469010974750176,0.2934641298785476,0.0649348463311035,50,h1:h1_z;h2:h2_z
0.001584893192461114,1.0000024466322441,1.000000000135236,0.2971358280046843,H1+H2,26228.420831037474,26228.42054522353,-0.0002858139467712683,221,233,0.2971358280046843,bayes_h1h2_marginal_boundary,measured_graph,0.2990084409613835,0.292867908679087,0.0650689969604058,50,h1:h1_z;h2:h2_z
0.0019952623149688807,1.0000013221458115,1.0000000002071712,2.8870605230913498,H1+H2,26227.133259564027,26227.125582875986,-0.007676688041203171,221,233,2.8870605230913498,bayes_h1h2_marginal_boundary,measured_graph,0.08190085710681631,0.2926918978767837,0.06528980069525163,50,h1:h1_z;h2:h2_z
0.002511886431509582,1.0000008773490152,1.0000000003236877,8.203711057409237,H1+H2,26224.492325170962,26224.467257608827,-0.025067562135635053,221,233,8.203711057409237,bayes_h1h2_marginal_boundary,measured_graph,0.005738421594213236,0.29293606520704907,0.06561217065030016,50,h1:h1_z;h2:h2_z
0.0031622776601683794,1.0000006835024189,1.0000000004978233,16.33391124795162,H1+H2,26220.454615949784,26220.402157513556,-0.05245843623006681,221,233,16.33391124795162,bayes_h1h2_marginal_boundary,measured_graph,9.847861053231573e-05,0.2936154654188357,0.0660332008601132,50,h1:h1_z;h2:h2_z
0.003981071705534973,1.0000005859831542,1.000000000728202,26.91438937921339,H1+H2,26215.201767758248,26215.111918447925,-0.08984931032449865,221,233,26.91438937921339,bayes_h1h2_marginal_boundary,measured_graph,4.963868617871639e-07,0.29470794011441676,0.06652709977738558,50,h1:h1_z;h2:h2_z
0.005011872336272725,1.000000526332529,1.0000000009956287,39.15323772213014,H1+H2,26209.129734460887,26208.992494276466,-0.13724018441893068,221,233,39.15323772213014,bayes_h1h2_marginal_boundary,measured_graph,1.0919132300820782e-09,0.2960993810656823,0.06705166050008875,50,h1:h1_z;h2:h2_z
0.006309573444801936,1.0000004802588902,1.0000000012787746,52.03843334728299,H1+H2,26202.7445275224,26202.54989646389,-0.19463105851336257,221,233,52.03843334728299,bayes_h1h2_marginal_boundary,measured_graph,1.7386151072421407e-12,0.2975833071699046,0.06756372950600298,50,h1:h1_z;h2:h2_z
0.00794328234724282,1.0000004368044109,1.0000000015796264,64.67147857919917,H1+H2,26196.49539578054,26196.233373847932,-0.26202193260779433,221,233,64.67147857919917,bayes_h1h2_marginal_boundary,measured_graph,3.1403100716049785e-15,0.29893339758293985,0.06803438942362904,50,h1:h1_z;h2:h2_z
0.01,1.0000003919439495,1.0000000019318303,76.57729709335399,H1+H2,26190.619877397556,26190.280464590855,-0.3394128067022262,221,233,76.57729709335399,bayes_h1h2_marginal_boundary,measured_graph,8.15937494258218e-18,0.30000159392338427,0.06845797203026094,50,h1:h1_z;h2:h2_z
0.012589254117941675,1.000000346387549,1.0000000023819016,87.8536442645127,H1+H2,26185.06909468607,26184.642291005275,-0.42680368079665804,221,233,87.8536442645127,bayes_h1h2_marginal_boundary,measured_graph,2.904218009472144e-20,0.3007750216269914,0.06885471644170024,50,h1:h1_z;h2:h2_z
0.01584893192461114,1.0000003035051654,1.000000002953875,99.09873673555558,H1+H2,26179.543939324645,26179.019744769754,-0.5241945548910899,221,233,99.09873673555558,bayes_h1h2_marginal_boundary,measured_graph,1.0499978502051929e-22,0.3013659862407853,0.06926679486105909,50,h1:h1_z;h2:h2_z
0.01995262314968881,1.000000266931489,1.0000000036168473,111.1448242995757,H1+H2,26173.62828641673,26172.996700987744,-0.6315854289855218,221,233,111.1448242995757,bayes_h1h2_marginal_boundary,measured_graph,2.543394519261921e-25,0.3019525499447288,0.06974659506348616,50,h1:h1_z;h2:h2_z
0.025118864315095822,1.0000002390373859,1.0000000043050004,124.72070725384401,H1+H2,26166.95773581369,26166.20875951061,-0.7489763030799538,221,233,124.72070725384401,bayes_h1h2_marginal_boundary,measured_graph,2.8671354077730233e-28,0.3027034386125418,0.07034107966611762,50,h1:h1_z;h2:h2_z
0.03162277660168379,1.0000002209407346,1.0000000050065072,140.21406227314583,H1+H2,26159.338449178133,26158.46208200096,-0.8763671771743852,221,233,140.21406227314583,bayes_h1h2_marginal_boundary,measured_graph,1.2391072800494667e-31,0.303720734419425,0.07108103443452683,50,h1:h1_z;h2:h2_z
0.039810717055349734,1.0000002133331305,1.000000005848697,157.62512994928693,H1+H2,26150.770306214155,26149.756548162888,-1.0137580512688171,221,233,157.62512994928693,bayes_h1h2_marginal_boundary,measured_graph,2.0527856385000718e-35,0.30502273541756464,0.07197952016190726,50,h1:h1_z;h2:h2_z
0.05011872336272725,1.0000002170089224,1.000000007095193,176.6474294405125,H1+H2,26141.406547342638,26140.245398417275,-1.1611489253632492,221,233,176.6474294405125,bayes_h1h2_marginal_boundary,measured_graph,1.519510654451219e-39,0.3065669877103301,0.07303369324328207,50,h1:h1_z;h2:h2_z
0.06309573444801936,1.0000002327071815,1.0000000090262375,196.74404761887126,H1+H2,26131.515629127553,26130.197089328096,-1.3185397994576809,221,233,196.74404761887126,bayes_h1h2_marginal_boundary,measured_graph,6.573225928892225e-44,0.3082912580077594,0.07422207897626791,50,h1:h1_z;h2:h2_z
0.07943282347242822,1.0000002603948202,1.0000000115298602,217.1886447520301,H1+H2,26121.46072143507,26119.974790761516,-1.4859306735521132,221,233,217.1886447520301,bayes_h1h2_marginal_boundary,measured_graph,2.389410126180756e-48,0.310146993031789,0.07549944248149905,50,h1:h1_z;h2:h2_z
0.1,1.0000002982250205,1.0000000132713354,237.16950359939074,H1+H2,26111.647682885483,26109.984361337836,-1.663321547646544,221,233,237.16950359939074,bayes_h1h2_marginal_boundary,measured_graph,1.0952224295482662e-52,0.3121163824266651,0.07680049768396725,50,h1:h1_z;h2:h2_z
1e-05,1.000000012982931,1.000000047310604,17.75382448756136,H1+H2,24124.340047328988,24121.97236074512,-2.3676865838692702,192,216,17.75382448756136,bayes_h1h2_marginal_boundary,measured_graph,1.806839395513671e-05,0.1791007266680799,0.03281507169805887,51,h1:h1_z;h2:h2_z
1.2589254117941661e-05,1.000000013379291,1.0000001325372878,16.76431536048767,H1+H2,24124.62219276662,24122.467115308657,-2.155077457963703,192,216,16.76431536048767,bayes_h1h2_marginal_boundary,measured_graph,2.96338943351436e-05,0.1791004063417215,0.03275683042278497,51,h1:h1_z;h2:h2_z
1.584893192461114e-05,1.000000013887951,1.000000309486175,15.534579397506604,H1+H2,24125.034451622207,24123.081983290147,-1.952468332058134,192,216,15.534579397506604,bayes_h1h2_marginal_boundary,measured_graph,5.480529243697545e-05,0.17909999129995807,0.03267608197508841,51,h1:h1_z;h2:h2_z
1.9952623149688786e-05,1.0000000144851107,1.0000005585330607,13.992103413751465,H1+H2,24125.613080488176,24123.853221282025,-1.7598592061525666,192,216,13.992103413751465,bayes_h1h2_marginal_boundary,measured_graph,0.00011851324879293087,0.17909944987816154,0.032571498457328756,51,h1:h1_z;h2:h2_z
2.5118864315095822e-05,1.0000000151142043,1.0000007149438985,12.096031038970978,H1+H2,24126.378507549663,24124.801257469415,-1.5772500802469966,192,216,12.096031038970978,bayes_h1h2_marginal_boundary,measured_graph,0.0003058396502683086,0.17909873783650043,0.032448389728560734,51,h1:h1_z;h2:h2_z
3.1622776601683795e-05,1.0000000157054474,1.000000599839366,9.885551005922025,H1+H2,24127.31113844028,24125.90649748594,-1.404640954341429,192,216,9.885551005922025,bayes_h1h2_marginal_boundary,measured_graph,0.000923620213133016,0.17909779243142027,0.03232042996047432,51,h1:h1_z;h2:h2_z
3.9810717055349695e-05,1.0000000162126819,1.0000003143600933,7.515214062463201,H1+H2,24128.333697786104,24127.09166595767,-1.2420318284358616,192,216,7.515214062463201,bayes_h1h2_marginal_boundary,measured_graph,0.0030213814336139543,0.179096523420052,0.03220553595428522,51,h1:h1_z;h2:h2_z
5.011872336272725e-05,1.0000000166374652,1.0000001028605414,5.229249744697881,H1+H2,24129.324070819082,24128.23464811655,-1.089422702530293,192,216,5.229249744697881,bayes_h1h2_marginal_boundary,measured_graph,0.009475374867422979,0.17909479955144056,0.03211685667876629,51,h1:h1_z;h2:h2_z
6.309573444801929e-05,1.0000000170218062,1.0000000219922454,3.2687091777843307,H1+H2,24130.161731976634,24129.214918400008,-0.9468135766247254,192,216,3.2687091777843307,bayes_h1h2_marginal_boundary,measured_graph,0.025253546403601664,0.17909242887461124,0.0320568401537558,51,h1:h1_z;h2:h2_z
7.943282347242822e-05,1.0000000174239212,1.0000000033091578,1.7789824371648137,H1+H2,24130.773986221036,24129.959781770318,-0.8142044507191568,192,216,1.7789824371648137,bayes_h1h2_marginal_boundary,measured_graph,0.05318784898895381,0.17908913187750766,0.03201935244218493,51,h1:h1_z;h2:h2_z
0.0001,1.0000000178975827,1.0000002559708927,0.784118366878829,H1+H2,24131.148809130274,24130.45721380546,-0.6915953248135883,192,216,0.784118366878829,bayes_h1h2_marginal_boundary,measured_graph,0.08746703704834641,0.17908450991620398,0.03199566950109557,51,h1:h1_z;h2:h2_z
0.00012589254117941674,1.0000000184758029,1.000000052954793,0.22271159873344004,H1+H2,24131.31690338844,24130.737917189534,-0.5789861989080206,192,216,0.22271159873344004,bayes_h1h2_marginal_boundary,measured_graph,0.1158116757615045,0.1790780212345453,0.03197860174400287,51,h1:h1_z;h2:h2_z
0.00015848931924611142,1.0000000191451692,1.0000000100448554,-0.0,H1+H2,24131.325650061903,24130.8492729889,-0.47637707300245236,192,216,-0.0,bayes_h1h2_marginal_boundary,measured_graph,0.1294534279048639,0.17906899741843094,0.03196346238033544,51,h1:h1_z;h2:h2_z
0.00019952623149688788,1.0000000198026624,1.0000000018027668,0.024705723095394205,H1+H2,24131.22068807445,24130.836920127353,-0.38376794709688455,192,216,0.024705723095394205,bayes_h1h2_marginal_boundary,measured_graph,0.12786414394487997,0.17905676077817978,0.03194753638399928,51,h1:h1_z;h2:h2_z
0.0002511886431509582,1.0000000202222494,1.0000000003137501,0.22599647073366214,H1+H2,24131.037433574726,24130.736274753534,-0.30115882119131615,192,216,0.22599647073366214,bayes_h1h2_marginal_boundary,measured_graph,0.11562161861707344,0.17904090439925663,0.03192928616039745,51,h1:h1_z;h2:h2_z
0.00031622776601683794,1.000000020115165,1.0000000000541105,0.5573039811715716,H1+H2,24130.7991706936,24130.570620998315,-0.22854969528574837,192,216,0.5573039811715716,bayes_h1h2_marginal_boundary,measured_graph,0.09797077263723838,0.17902169822371716,0.031907861905460314,51,h1:h1_z;h2:h2_z
0.00039810717055349735,1.0000000193378085,1.00000000000948,0.9951314738500514,H1+H2,24130.517647821354,24130.351707251975,-0.16594056938017995,192,216,0.9951314738500514,bayes_h1h2_marginal_boundary,measured_graph,0.07870883803642305,0.17900037567086827,0.031882955384737656,51,h1:h1_z;h2:h2_z
0.0005011872336272725,1.0000000180795354,1.0000000000017422,1.539203458589327,H1+H2,24130.19300270308,24130.079671259606,-0.11333144347461188,192,216,1.539203458589327,bayes_h1h2_marginal_boundary,measured_graph,0.05996250541197987,0.17897899631911374,0.03185494511001493,51,h1:h1_z;h2:h2_z
0.000630957344480193,1.0000000167643333,1.000000000000364,2.218290672826697,H1+H2,24129.810849970057,24129.740127652487,-0.07072231756904392,192,216,2.218290672826697,bayes_h1h2_marginal_boundary,measured_graph,0.0426990149108764,0.17896000022732372,0.03182527125094979,51,h1:h1_z;h2:h2_z
0.0007943282347242822,1.0000000157599687,1.0000000000000908,3.1015501758665778,H1+H2,24129.33661109263,24129.298497900967,-0.03811319166347554,192,216,3.1015501758665778,bayes_h1h2_marginal_boundary,measured_graph,0.027454939536326183,0.17894608178943355,0.031796891927779805,51,h1:h1_z;h2:h2_z
0.001,1.0000000152271573,1.0000000000000269,4.305242453221581,H1+H2,24128.71215582805,24128.69665176229,-0.015504065757907535,192,216,4.305242453221581,bayes_h1h2_marginal_boundary,measured_graph,0.015039799085688326,0.17894081134399448,0.0317743788511687,51,h1:h1_z;h2:h2_z
0.0012589254117941675,1.0000000151722495,1.0000000000000133,5.9701437809708295,H1+H2,24127.867096038266,24127.864201098415,-0.0028949398523394052,192,216,5.9701437809708295,bayes_h1h2_marginal_boundary,measured_graph,0.006542041651589752,0.1789497653351323,0.03176270346241386,51,h1:h1_z;h2:h2_z
0.001584893192461114,1.0000000155474535,1.00000000000001,8.179284252706566,H1+H2,24126.759916676492,24126.759630862547,-0.0002858139467712683,192,216,8.179284252706566,bayes_h1h2_marginal_boundary,measured_graph,0.0021677267981550655,0.17898160548393133,0.03176356427033951,51,h1:h1_z;h2:h2_z
0.0019952623149688807,1.0000000162983662,1.0000000000000095,10.821855325557408,H1+H2,24125.446022014163,24125.43834532612,-0.007676688041203171,192,216,10.821855325557408,bayes_h1h2_marginal_boundary,measured_graph,0.0005783324073469352,0.1790484960380417,0.031769622111401885,51,h1:h1_z;h2:h2_z
0.002511886431509582,1.0000000173489927,1.0000000000000067,13.504206548161164,H1+H2,24124.122237276955,24124.09716971482,-0.025067562135635053,192,216,13.504206548161164,bayes_h1h2_marginal_boundary,measured_graph,0.00015125591313897442,0.17916503106472065,0.031761039220966916,51,h1:h1_z;h2:h2_z
0.0031622776601683794,1.000000018545611,1.0000000000000049,15.670176598425314,H1+H2,24123.066643125916,24123.014184689688,-0.05245843623006681,192,216,15.670176598425314,bayes_h1h2_marginal_boundary,measured_graph,5.121273164876568e-05,0.17934481313446143,0.03171138210451652,51,h1:h1_z;h2:h2_z
0.003981071705534973,1.0000000196039565,1.0000000000000062,16.957026680109266,H1+H2,24122.46060895917,24122.370759648846,-0.08984931032449865,192,216,16.957026680109266,bayes_h1h2_marginal_boundary,measured_graph,2.69117535280041e-05,0.1795951742671879,0.031603968901942156,51,h1:h1_z;h2:h2_z
0.005011872336272725,1.000000020140785,1.0000000000000069,17.548729309688497,H1+H2,24122.212148518476,24122.074908334056,-0.13724018441893068,192,216,17.548729309688497,bayes_h1h2_marginal_boundary,measured_graph,2.0019600337316523e-05,0.17991367809418193,0.03144764501099266,51,h1:h1_z;h2:h2_z
0.006309573444801936,1.0000000198367598,1.0000000000000042,18.241240690818813,H1+H2,24121.923283702003,24121.72865264349,-0.19463105851336257,192,216,18.241240690818813,bayes_h1h2_marginal_boundary,measured_graph,1.4160496057363607e-05,0.18029149654492918,0.031278626700779,51,h1:h1_z;h2:h2_z
0.00794328234724282,1.0000000186152036,1.0000000000000064,20.19686348450341,H1+H2,24121.012863179258,24120.75084124665,-0.26202193260779433,192,216,20.19686348450341,bayes_h1h2_marginal_boundary,measured_graph,5.3262356046430106e-06,0.18072319717213112,0.03114791332576354,51,h1:h1_z;h2:h2_z
0.01,1.0000000166539558,1.0000000000000049,24.582936423452338,H1+H2,24118.897217583875,24118.557804777174,-0.3394128067022262,192,216,24.582936423452338,bayes_h1h2_marginal_boundary,measured_graph,5.942876923196958e-07,0.18121458638352564,0.031104806195531153,51,h1:h1_z;h2:h2_z
0.012589254117941675,1.0000000142565753,1.0000000000000038,32.25889260740951,H1+H2,24115.14663036599,24114.719826685196,-0.42680368079665804,192,216,32.25889260740951,bayes_h1h2_marginal_boundary,measured_graph,1.279923547515755e-08,0.1817830164062818,0.031184535912915735,51,h1:h1_z;h2:h2_z
0.01584893192461114,1.0000000117547283,1.0000000000000089,43.60813260560826,H1+H2,24109.569401240988,24109.045206686096,-0.5241945548910899,192,216,43.60813260560826,bayes_h1h2_marginal_boundary,measured_graph,4.392662905243767e-11,0.18245479447998197,0.03140248823940211,51,h1:h1_z;h2:h2_z
0.01995262314968881,1.0000000094740857,1.0000000000000047,58.60058242191735,H1+H2,24102.180567206928,24101.54898177794,-0.6315854289855218,192,216,58.60058242191735,bayes_h1h2_marginal_boundary,measured_graph,2.4387021653623048e-14,0.18326536144161973,0.03175687599283432,51,h1:h1_z;h2:h2_z
0.025118864315095822,1.000000007677033,1.0000000000000113,77.03027312971244,H1+H2,24093.083112727123,24092.334136424044,-0.7489763030799538,192,216,77.03027312971244,bayes_h1h2_marginal_boundary,measured_graph,2.427740565638727e-18,0.18425819469857077,0.032238345259850566,51,h1:h1_z;h2:h2_z
0.03162277660168379,1.0000000064806291,1.0000000000000102,98.66718876994128,H1+H2,24082.392045781104,24081.51567860393,-0.8763671771743852,192,216,98.66718876994128,bayes_h1h2_marginal_boundary,measured_graph,4.8618968556858423e-23,0.18547099289978625,0.03283811941256785,51,h1:h1_z;h2:h2_z
0.039810717055349734,1.0000000058313048,1.000000000000016,123.13571658167348,H1+H2,24070.29517274933,24069.281414698064,-1.0137580512688171,192,216,123.13571658167348,bayes_h1h2_marginal_boundary,measured_graph,2.3633739086110803e-28,0.18690517057767103,0.03354712642610747,51,h1:h1_z;h2:h2_z
0.05011872336272725,1.0000000055648448,1.0000000000000155,149.6999980357432,H1+H2,24057.16042289639,24055.99927397103,-1.1611489253632492,192,216,149.6999980357432,bayes_h1h2_marginal_boundary,measured_graph,4.028765700775286e-34,0.18850004079016652,0.034349369818903984,51,h1:h1_z;h2:h2_z
0.06309573444801936,1.000000005544372,1.0000000000000233,177.33687739257584,H1+H2,24043.49937409207,24042.180834292612,-1.3185397994576809,192,216,177.33687739257584,bayes_h1h2_marginal_boundary,measured_graph,4.016982226796869e-40,0.19015390575905317,0.03521985920106432,51,h1:h1_z;h2:h2_z
0.07943282347242822,1.000000005805314,1.000000000000023,205.1432756597933,H1+H2,24029.763565832556,24028.277635159004,-1.4859306735521132,192,216,205.1432756597933,bayes_h1h2_marginal_boundary,measured_graph,3.679740948325391e-46,0.19180377861328193,0.03613006185525989,51,h1:h1_z;h2:h2_z
0.1,1.0000000064834402,1.0000000000000282,232.65739320427383,H1+H2,24016.18389793441,24014.520576386763,-1.663321547646544,192,216,232.65739320427383,bayes_h1h2_marginal_boundary,measured_graph,3.901238789178853e-52,0.1934980255177527,0.03705341340021141,51,h1:h1_z;h2:h2_z
1e-05,1.000000469687215,1.0000064064135663,248.87511725704098,H1+H2,27940.034631356193,27937.666944772325,-2.3676865838692702,213,251,248.87511725704098,bayes_h1h2_marginal_boundary,measured_graph,3.577005855474965e-55,0.09045201703256767,0.030968632266192446,52,h1:h1_z;h2:h2_z
1.2589254117941661e-05,1.0000000037467371,1.0000253324614825,233.9084776428499,H1+H2,27947.305342037384,27945.15026457942,-2.155077457963703,213,251,233.9084776428499,bayes_h1h2_marginal_boundary,measured_graph,6.360395909705302e-52,0.09041961458743754,0.030024394239205603,52,h1:h1_z;h2:h2_z
1.584893192461114e-05,1.0000000113722187,0.9999951404867284,212.92598921059835,H1+H2,27957.593977127606,27955.641508795547,-1.952468332058134,213,251,212.92598921059835,bayes_h1h2_marginal_boundary,measured_graph,2.289673833243333e-47,0.0903674007382802,0.02888668350572526,52,h1:h1_z;h2:h2_z
1.9952623149688786e-05,1.0000000369457074,0.9999928602245378,186.12491495300492,H1+H2,27970.801905130495,27969.042045924343,-1.7598592061525666,213,251,186.12491495300492,bayes_h1h2_marginal_boundary,measured_graph,1.5120040364389173e-41,0.0902840411129657,0.027759085356420417,52,h1:h1_z;h2:h2_z
2.5118864315095822e-05,1.0000001230242528,0.9999974004657226,156.24484809147543,H1+H2,27985.559329435357,27983.982079355108,-1.5772500802469966,213,251,156.24484809147543,bayes_h1h2_marginal_boundary,measured_graph,4.655078714051328e-35,0.09015224750350895,0.02687703551737351,52,h1:h1_z;h2:h2_z
3.1622776601683795e-05,1.0000004019290467,0.9999950553626258,127.46958047516091,H1+H2,27999.774354117606,27998.369713163265,-1.404640954341429,213,251,127.46958047516091,bayes_h1h2_marginal_boundary,measured_graph,8.248918248452184e-29,0.08994646455791463,0.026316802945814833,52,h1:h1_z;h2:h2_z
3.9810717055349695e-05,1.0000012342653999,0.9999994919039035,102.84930774140958,H1+H2,28011.921881358576,28010.67984953014,-1.2420318284358616,213,251,102.84930774140958,bayes_h1h2_marginal_boundary,measured_graph,1.8307173402642868e-23,0.0896307707990263,0.026009331413733374,52,h1:h1_z;h2:h2_z
5.011872336272725e-05,1.0000033907561272,0.9999980600964034,83.23910903605429,H1+H2,28021.57437158535,28020.48494888282,-1.089422702530293,213,251,83.23910903605429,bayes_h1h2_marginal_boundary,measured_graph,3.3183473072443605e-19,0.0891591135862629,0.0258564516941392,52,h1:h1_z;h2:h2_z
6.309573444801929e-05,1.0000002938802028,0.9999997916710611,67.90159578219755,H1+H2,28029.100519086373,28028.153705509747,-0.9468135766247254,213,251,67.90159578219755,bayes_h1h2_marginal_boundary,measured_graph,7.102651804509449e-16,0.08848308670697541,0.02578580950314292,52,h1:h1_z;h2:h2_z
7.943282347242822e-05,1.000000656575441,0.9999999801337891,55.438446369087615,H1+H2,28035.19948466702,28034.385280216302,-0.8142044507191568,213,251,55.438446369087615,bayes_h1h2_marginal_boundary,measured_graph,3.612093912956714e-13,0.08757323819887822,0.025755692110021617,52,h1:h1_z;h2:h2_z
0.0001,1.0000008965312916,0.9999999981725305,44.476556965426425,H1+H2,28040.557820242946,28039.866224918133,-0.6915953248135883,213,251,44.476556965426425,bayes_h1h2_marginal_boundary,measured_graph,8.671676597898214e-11,0.0864607028725292,0.02574490887748894,52,h1:h1_z;h2:h2_z
0.00012589254117941674,1.0000006399812462,0.9999999998241976,34.12457717843063,H1+H2,28045.621201010537,28045.04221481163,-0.5789861989080206,213,251,34.12457717843063,bayes_h1h2_marginal_boundary,measured_graph,1.534641442552961e-08,0.08527051890313152,0.02574375516050462,52,h1:h1_z;h2:h2_z
0.00015848931924611142,1.0000046245449778,0.9999999470535449,24.23442435816105,H1+H2,28050.463668294768,28049.987291221765,-0.47637707300245236,213,251,24.23442435816105,bayes_h1h2_marginal_boundary,measured_graph,2.1558886173194636e-06,0.08419066877990324,0.025748350380100458,52,h1:h1_z;h2:h2_z
0.00019952623149688788,1.0000010290287467,0.9999999858724793,15.31946743682056,H1+H2,28054.82853762953,28054.444769682435,-0.38376794709688455,213,251,15.31946743682056,bayes_h1h2_marginal_boundary,measured_graph,0.00018598786890713025,0.08336799385653916,0.02575773191099514,52,h1:h1_z;h2:h2_z
0.0002511886431509582,1.0000001398003107,0.9999999952665579,8.109823762017186,H1+H2,28058.35075034103,28058.049591519837,-0.30115882119131615,213,251,8.109823762017186,bayes_h1h2_marginal_boundary,measured_graph,0.00683972830309893,0.0828326917672999,0.025772582029950517,52,h1:h1_z;h2:h2_z
0.00031622776601683794,1.0000011624277962,0.9999999979204109,3.1010476661322173,H1+H2,28060.782529263066,28060.55397956778,-0.22854969528574837,213,251,3.1010476661322173,bayes_h1h2_marginal_boundary,measured_graph,0.08369138599939648,0.0825268083302846,0.02579479260541869,52,h1:h1_z;h2:h2_z
0.00039810717055349735,1.0000001819941176,0.9999999988145726,0.4273948902336997,H1+H2,28062.056746525108,28061.89080595573,-0.16594056938017995,213,251,0.4273948902336997,bayes_h1h2_marginal_boundary,measured_graph,0.31860829883908415,0.0823705764281621,0.025827451600605743,52,h1:h1_z;h2:h2_z
0.0005011872336272725,1.0000000306475296,0.9999999991714861,-0.0,H1+H2,28062.21783484432,28062.104503400846,-0.11333144347461188,213,251,-0.0,bayes_h1h2_marginal_boundary,measured_graph,0.39451607612326467,0.08230204916906822,0.0258749807760036,52,h1:h1_z;h2:h2_z
0.000630957344480193,1.0000000066283288,0.9999999993383281,1.6943780118963332,H1+H2,28061.328036712468,28061.257314394898,-0.07072231756904392,213,251,1.6943780118963332,bayes_h1h2_marginal_boundary,measured_graph,0.16909672426580336,0.08228564815473743,0.025943185371083713,52,h1:h1_z;h2:h2_z
0.0007943282347242822,1.0000000021320727,0.9999999994316578,5.463503245147876,H1+H2,28059.410864969934,28059.37275177827,-0.03811319166347554,213,251,5.463503245147876,bayes_h1h2_marginal_boundary,measured_graph,0.02568502834577077,0.08230651577757346,0.026038897762506834,52,h1:h1_z;h2:h2_z
0.001,1.0000000010792875,0.9999999994978458,11.353769086519605,H1+H2,28056.443122923345,28056.427618857586,-0.015504065757907535,213,251,11.353769086519605,bayes_h1h2_marginal_boundary,measured_graph,0.0013509058221641331,0.08236380682079306,0.026168880571762716,52,h1:h1_z;h2:h2_z
0.0012589254117941675,1.000000000809828,0.9999999995575108,19.45166265188891,H1+H2,28052.381567014752,28052.3786720749,-0.0028949398523394052,213,251,19.45166265188891,bayes_h1h2_marginal_boundary,measured_graph,2.3560788904240757e-05,0.08246631027376276,0.026338028617369343,52,h1:h1_z;h2:h2_z
0.001584893192461114,1.000000000795373,0.9999999996186135,29.81941158497648,H1+H2,28047.195083422303,28047.194797608357,-0.0002858139467712683,213,251,29.81941158497648,bayes_h1h2_marginal_boundary,measured_graph,1.3208750974724487e-07,0.08262977493025746,0.02654792202179685,52,h1:h1_z;h2:h2_z
0.0019952623149688807,1.0000000009073573,0.9999999996812504,42.49239946807211,H1+H2,28040.86598035485,28040.85830366681,-0.007676688041203171,213,251,42.49239946807211,bayes_h1h2_marginal_boundary,measured_graph,2.3386078279694624e-10,0.08287402660709023,0.026797671117488927,52,h1:h1_z;h2:h2_z
0.002511886431509582,1.0000000010986827,0.9999999997416085,57.555532367412525,H1+H2,28033.351804779275,28033.32673721714,-0.025067562135635053,213,251,57.555532367412525,bayes_h1h2_marginal_boundary,measured_graph,1.25325558845182e-13,0.08321818786852041,0.02708772328105102,52,h1:h1_z;h2:h2_z
0.0031622776601683794,1.000000001325368,0.9999999997959744,75.19887811732042,H1+H2,28024.557522778414,28024.505064342186,-0.05245843623006681,213,251,75.19887811732042,bayes_h1h2_marginal_boundary,measured_graph,1.8485695676597784e-17,0.08367429051050419,0.027423604629696383,52,h1:h1_z;h2:h2_z
0.003981071705534973,1.000000001533813,0.999999999842966,95.62988458087057,H1+H2,28014.379410420734,28014.28956111041,-0.08984931032449865,213,251,95.62988458087057,bayes_h1h2_marginal_boundary,measured_graph,6.765487807328249e-22,0.08424328613435766,0.027814779892858833,52,h1:h1_z;h2:h2_z
0.005011872336272725,1.0000000016889221,0.9999999998836029,118.87922234257712,H1+H2,28002.802132413977,28002.664892229557,-0.13724018441893068,213,251,118.87922234257712,bayes_h1h2_marginal_boundary,measured_graph,6.050197708825411e-27,0.08491910810725796,0.028267845391679373,52,h1:h1_z;h2:h2_z
0.006309573444801936,1.0000000018060566,0.999999999920415,144.70943995395646,H1+H2,27989.94441448238,27989.749783423867,-0.19463105851336257,213,251,144.70943995395646,bayes_h1h2_marginal_boundary,measured_graph,1.4887064818633045e-32,0.08570051836321685,0.02878012993185782,52,h1:h1_z;h2:h2_z
0.00794328234724282,1.000000001944601,0.9999999999567396,172.78933943740412,H1+H2,27975.971855614753,27975.709833682144,-0.26202193260779433,213,251,172.78933943740412,bayes_h1h2_marginal_boundary,measured_graph,1.1894231315383256e-38,0.08660079111283717,0.02934174939473129,52,h1:h1_z;h2:h2_z
0.01,1.000000002173228,0.9999999999963286,203.00934921406588,H1+H2,27960.939241600514,27960.599828793813,-0.3394128067022262,213,251,203.00934921406588,bayes_h1h2_marginal_boundary,measured_graph,3.2594523445661776e-45,0.08764461552615326,0.029946201026089893,52,h1:h1_z;h2:h2_z
0.012589254117941675,1.0000000025399056,1.000000000043185,235.57754148892127,H1+H2,27944.74253633718,27944.315732656385,-0.42680368079665804,213,251,235.57754148892127,bayes_h1h2_marginal_boundary,measured_graph,2.760905490888292e-52,0.08885214923558475,0.030598636886130202,52,h1:h1_z;h2:h2_z
0.01584893192461114,1.0000000030531722,1.0000000001010196,270.7308793215125,H1+H2,27927.26325829498,27926.73906374009,-0.5241945548910899,213,251,270.7308793215125,bayes_h1h2_marginal_boundary,measured_graph,6.420978561455968e-60,0.09022120086773108,0.03131238838278002,52,h1:h1_z;h2:h2_z
0.01995262314968881,1.0000000036745598,1.0000000001717573,308.37281538110255,H1+H2,27908.54968113928,27907.918095710294,-0.6315854289855218,213,251,308.37281538110255,bayes_h1h2_marginal_boundary,measured_graph,4.30287431245434e-68,0.091722242132245,0.03209830935064811,52,h1:h1_z;h2:h2_z
0.025118864315095822,1.0000000043315116,1.000000000252784,348.0521367385154,H1+H2,27888.827411334667,27888.078435031588,-0.7489763030799538,213,251,348.0521367385154,bayes_h1h2_marginal_boundary,measured_graph,1.0411265097564742e-76,0.09331240410945746,0.032959034833391805,52,h1:h1_z;h2:h2_z
0.03162277660168379,1.0000000049443525,1.0000000003358702,389.2404764305611,H1+H2,27868.36063236274,27867.484265185565,-0.8763671771743852,213,251,389.2404764305611,bayes_h1h2_marginal_boundary,measured_graph,1.1845930528808692e-85,0.09495628843309464,0.03389165859421291,52,h1:h1_z;h2:h2_z
0.039810717055349734,1.0000000054503755,1.0000000004130742,431.5248419863419,H1+H2,27847.355840458942,27846.342082407675,-1.0137580512688171,213,251,431.5248419863419,bayes_h1h2_marginal_boundary,measured_graph,7.79176535544738e-95,0.09663588237400905,0.03489151104232237,52,h1:h1_z;h2:h2_z
0.05011872336272725,1.000000005824766,1.000000000485198,474.5537376813809,H1+H2,27825.988783485518,27824.827634560155,-1.1611489253632492,213,251,474.5537376813809,bayes_h1h2_marginal_boundary,measured_graph,3.5320747345602675e-104,0.09834928940937304,0.03595068453986762,52,h1:h1_z;h2:h2_z
0.06309573444801936,1.0000000060984924,1.0000000005554828,517.8736482063105,H1+H2,27804.486219097147,27803.16767929769,-1.3185397994576809,213,251,517.8736482063105,bayes_h1h2_marginal_boundary,measured_graph,1.3843019651027339e-113,0.10010831867768306,0.0370521980903707,52,h1:h1_z;h2:h2_z
0.07943282347242822,1.0000000063576557,1.000000000608846,560.8061653309778,H1+H2,27783.18735140891,27781.701420735357,-1.4859306735521132,213,251,560.8061653309778,bayes_h1h2_marginal_boundary,measured_graph,6.584960810715816e-123,0.10193260654560007,0.03816581271334582,52,h1:h1_z;h2:h2_z
0.1,1.0000000067196322,1.0000000006101593,602.4557607953611,H1+H2,27762.539944550812,27760.876623003165,-1.663321547646544,213,251,602.4557607953611,bayes_h1h2_marginal_boundary,measured_graph,5.949198405019587e-132,0.10383308344737742,0.03925201204464068,52,h1:h1_z;h2:h2_z
1e-05,1.000000047729079,1.0000005484823709,126.82083117016737,H1+H2,29704.958655776132,29702.590969192264,-2.3676865838692702,245,273,126.82083117016737,bayes_h1h2_marginal_boundary,measured_graph,1.502824465791447e-28,0.3227837590693217,0.11354249824366888,53,h1:h1_z;h2:h2_z
1.2589254117941661e-05,1.000000065493505,1.000001125260214,126.36879540742666,H1+H2,29704.972064531597,29702.816987073635,-2.155077457963703,245,273,126.36879540742666,bayes_h1h2_marginal_boundary,measured_graph,1.8839378665903776e-28,0.32280812625940886,0.11349700792439284,53,h1:h1_z;h2:h2_z
1.584893192461114e-05,1.0000000902057924,1.0000000185150615,125.87041046928061,H1+H2,29705.018647874767,29703.066179542708,-1.952468332058134,245,273,125.87041046928061,bayes_h1h2_marginal_boundary,measured_graph,2.41707145590335e-28,0.3228372311885005,0.11342271531907844,53,h1:h1_z;h2:h2_z
1.9952623149688786e-05,1.0000001226772515,1.0000000593650087,125.27488739589171,H1+H2,29705.123800285553,29703.363941079402,-1.7598592061525666,245,273,125.27488739589171,bayes_h1h2_marginal_boundary,measured_graph,3.255409915591618e-28,0.32287137988110715,0.1133024316096108,53,h1:h1_z;h2:h2_z
2.5118864315095822e-05,1.0000001625912027,1.000000209554818,124.49917452134832,H1+H2,29705.329047596922,29703.751797516674,-1.5772500802469966,245,273,124.49917452134832,bayes_h1h2_marginal_boundary,measured_graph,4.797882329126568e-28,0.32291041841208834,0.11310990562210257,53,h1:h1_z;h2:h2_z
3.1622776601683795e-05,1.000000208783943,1.0000007728928926,123.41087963056634,H1+H2,29705.700585916406,29704.295944962065,-1.404640954341429,245,273,123.41087963056634,bayes_h1h2_marginal_boundary,measured_graph,8.267416652858163e-28,0.3229532990647698,0.11280532504871203,53,h1:h1_z;h2:h2_z
3.9810717055349695e-05,1.0000002611285583,1.0000027929246638,121.80321648289828,H1+H2,29706.341808364334,29705.0997765359,-1.2420318284358616,245,273,121.80321648289828,bayes_h1h2_marginal_boundary,measured_graph,1.8470108311105135e-27,0.3229973531668476,0.11233054928147378,53,h1:h1_z;h2:h2_z
5.011872336272725e-05,1.000000323845224,1.0000003377879214,119.36191054493975,H1+H2,29707.40985220741,29706.320429504878,-1.089422702530293,245,273,119.36191054493975,bayes_h1h2_marginal_boundary,measured_graph,6.260258851537392e-27,0.32303709602354064,0.11160640645683448,53,h1:h1_z;h2:h2_z
6.309573444801929e-05,1.0000004095874993,1.0000013069075286,115.63388110977394,H1+H2,29709.131257799087,29708.18444422246,-0.9468135766247254,245,273,115.63388110977394,bayes_h1h2_marginal_boundary,measured_graph,4.0376028379811996e-26,0.32306229893828786,0.11053660271309215,53,h1:h1_z;h2:h2_z
7.943282347242822e-05,1.0000005459376156,1.0000037041840746,110.01623655937874,H1+H2,29711.807470948377,29710.99326649766,-0.8142044507191568,245,273,110.01623655937874,bayes_h1h2_marginal_boundary,measured_graph,6.698531619677176e-25,0.3230549429076515,0.10903703682230481,53,h1:h1_z;h2:h2_z
0.0001,1.0000007909769273,1.0000066210405885,101.83911901916144,H1+H2,29715.77342059258,29715.081825267767,-0.6915953248135883,245,273,101.83911901916144,bayes_h1h2_marginal_boundary,measured_graph,3.99593232619366e-23,0.3229845384687294,0.10710519044365673,53,h1:h1_z;h2:h2_z
0.00012589254117941674,1.0000012731781707,1.0000062805593994,90.65512958649197,H1+H2,29721.25280618301,29720.673819984102,-0.5789861989080206,245,273,90.65512958649197,bayes_h1h2_marginal_boundary,measured_graph,1.071989601607468e-20,0.32280124335288707,0.1049187851413596,53,h1:h1_z;h2:h2_z
0.00015848931924611142,1.0000022881368629,1.000002744035316,76.76862561982125,H1+H2,29728.09344904044,29727.617071967437,-0.47637707300245236,245,273,76.76862561982125,bayes_h1h2_marginal_boundary,measured_graph,1.1107251240635937e-17,0.32242649756069813,0.10284587615060274,53,h1:h1_z;h2:h2_z
0.00019952623149688788,1.0000045065808807,1.000009092839571,61.57590060497023,H1+H2,29735.59720242196,29735.213434474863,-0.38376794709688455,245,273,61.57590060497023,bayes_h1h2_marginal_boundary,measured_graph,2.2113878291047886e-14,0.3217422058924582,0.10124749145025115,53,h1:h1_z;h2:h2_z
0.0002511886431509582,1.000000333416019,1.0000013516937527,47.03335669047374,H1+H2,29742.785865253303,29742.48470643211,-0.30115882119131615,245,273,47.03335669047374,bayes_h1h2_marginal_boundary,measured_graph,3.180813474505244e-11,0.3205848336845255,0.10025651488014478,53,h1:h1_z;h2:h2_z
0.00031622776601683794,1.0000008658106463,1.0000001337531297,34.595768370782025,H1+H2,29748.932050287243,29748.703500591957,-0.22854969528574837,245,273,34.595768370782025,bayes_h1h2_marginal_boundary,measured_graph,1.5970782314434996e-08,0.3187507488970673,0.09978374822771707,53,h1:h1_z;h2:h2_z
0.00039810717055349735,1.0000019291754194,1.0000009231270697,24.647523211191583,H1+H2,29753.84356374113,29753.677623171752,-0.16594056938017995,245,273,24.647523211191583,bayes_h1h2_marginal_boundary,measured_graph,2.3097244884286736e-06,0.3160571075639507,0.0996711624571732,53,h1:h1_z;h2:h2_z
0.0005011872336272725,1.0000031508282454,1.0000001415988373,16.72860853288148,H1+H2,29757.75041195438,29757.637080510907,-0.11333144347461188,245,273,16.72860853288148,bayes_h1h2_marginal_boundary,measured_graph,0.00012109623832162743,0.31247361475951374,0.09979110594145209,53,h1:h1_z;h2:h2_z
0.000630957344480193,1.0000031951158717,1.0000000277166263,10.14239081719279,H1+H2,29761.000911686322,29760.93018936875,-0.07072231756904392,245,273,10.14239081719279,bayes_h1h2_marginal_boundary,measured_graph,0.0032606910986410094,0.3083138888727797,0.10007009100872506,53,h1:h1_z;h2:h2_z
0.0007943282347242822,1.0000017755920758,1.0000000083515939,4.621871629700763,H1+H2,29763.72856215416,29763.690448962498,-0.03811319166347554,245,273,4.621871629700763,bayes_h1h2_marginal_boundary,measured_graph,0.05153178285368318,0.3042913612332244,0.10047942042986636,53,h1:h1_z;h2:h2_z
0.001,1.0000092871494712,1.0000000040950137,0.7778178495791508,H1+H2,29765.627979918318,29765.61247585256,-0.015504065757907535,245,273,0.7778178495791508,bayes_h1h2_marginal_boundary,measured_graph,0.3522093172586882,0.30121605888332464,0.10102175955914608,53,h1:h1_z;h2:h2_z
0.0012589254117941675,1.0000023255993091,1.0000000029774236,-0.0,H1+H2,29766.0042797172,29766.001384777348,-0.0028949398523394052,245,273,-0.0,bayes_h1h2_marginal_boundary,measured_graph,0.5196391222395104,0.2995588743246522,0.10172456657427373,53,h1:h1_z;h2:h2_z
0.001584893192461114,1.0000004814702075,1.000000002795442,3.9316189771707286,H1+H2,29764.035861102708,29764.035575288763,-0.0002858139467712683,245,273,3.9316189771707286,bayes_h1h2_marginal_boundary,measured_graph,0.07277155030942188,0.2993424816363008,0.10263983226026471,53,h1:h1_z;h2:h2_z
0.0019952623149688807,1.0000001041116116,1.0000000030615213,14.04183281128644,H1+H2,29758.988145059746,29758.980468371705,-0.007676688041203171,245,273,14.04183281128644,bayes_h1h2_marginal_boundary,measured_graph,0.0004640412496091744,0.30039397984554556,0.10384494624152539,53,h1:h1_z;h2:h2_z
0.002511886431509582,1.0000020905800981,1.0000000036960548,31.555690500921628,H1+H2,29750.248607089023,29750.223539526887,-0.025067562135635053,245,273,31.555690500921628,bayes_h1h2_marginal_boundary,measured_graph,7.302485644652947e-08,0.30258499076073836,0.10543785327298225,53,h1:h1_z;h2:h2_z
0.0031622776601683794,1.0000010555610597,1.0000000047667374,57.53012584463431,H1+H2,29737.28878029126,29737.23632185503,-0.05245843623006681,245,273,57.53012584463431,bayes_h1h2_marginal_boundary,measured_graph,1.671836265573994e-13,0.3059422287066184,0.10752312401061317,53,h1:h1_z;h2:h2_z
0.003981071705534973,1.000000680765738,1.0000000064233074,92.87929443809116,H1+H2,29719.651586868626,29719.561737558302,-0.08984931032449865,245,273,92.87929443809116,bayes_h1h2_marginal_boundary,measured_graph,3.525488576080042e-21,0.31066278671531716,0.11019161587888282,53,h1:h1_z;h2:h2_z
0.005011872336272725,1.0000005259988651,1.000000008866536,138.2855787281078,H1+H2,29696.995835597714,29696.858595413294,-0.13724018441893068,245,273,138.2855787281078,bayes_h1h2_marginal_boundary,measured_graph,4.8682173104709916e-31,0.31710056482981985,0.11349677221697826,53,h1:h1_z;h2:h2_z
0.006309573444801936,1.0000004597189984,1.0000000123035193,194.00751650306483,H1+H2,29669.192257584327,29668.997626525816,-0.19463105851336257,245,273,194.00751650306483,bayes_h1h2_marginal_boundary,measured_graph,3.8681642604056624e-43,0.3257377807421336,0.11742781549555208,53,h1:h1_z;h2:h2_z
0.00794328234724282,1.0000004408528171,1.0000000169110577,259.6510169545945,H1+H2,29636.43789823266,29636.17587630005,-0.26202193260779433,245,273,259.6510169545945,bayes_h1h2_marginal_boundary,measured_graph,2.153772852435948e-57,0.3371331941235579,0.12188779638663316,53,h1:h1_z;h2:h2_z
0.01,1.0000004612310491,1.000000022952796,334.03021322168206,H1+H2,29599.325690973208,29598.986278166507,-0.3394128067022262,245,273,334.03021322168206,bayes_h1h2_marginal_boundary,measured_graph,1.5204167481571937e-73,0.3518115878465156,0.12669924409351524,53,h1:h1_z;h2:h2_z
0.012589254117941675,1.0000005318943817,1.0000000311779569,415.20819663486327,H1+H2,29558.82409014071,29558.397286459916,-0.42680368079665804,245,273,415.20819663486327,bayes_h1h2_marginal_boundary,measured_graph,3.584161089680714e-91,0.37007148943373225,0.13165626633915609,53,h1:h1_z;h2:h2_z
0.01584893192461114,1.0000006861322799,1.0000000431530038,500.7175945928466,H1+H2,29516.166782035816,29515.642587480925,-0.5241945548910899,245,273,500.7175945928466,bayes_h1h2_marginal_boundary,measured_graph,9.688525323222429e-110,0.3917602469170892,0.13660790119007482,53,h1:h1_z;h2:h2_z
0.01995262314968881,1.0000009903747975,1.000000060315936,587.9351522981087,H1+H2,29472.66539405728,29472.033808628294,-0.6315854289855218,245,273,587.9351522981087,bayes_h1h2_marginal_boundary,measured_graph,1.1148223336045436e-128,0.4161594511960042,0.14152453697339432,53,h1:h1_z;h2:h2_z
0.025118864315095822,1.0000015418068835,1.0000000802687259,674.542228258033,H1+H2,29429.47924695141,29428.73027064833,-0.7489763030799538,245,273,674.542228258033,bayes_h1h2_marginal_boundary,measured_graph,1.7406765109878275e-147,0.4421221272440465,0.1465028154779075,53,h1:h1_z;h2:h2_z
0.03162277660168379,1.0000023863122527,1.0000000926393544,758.8005625289152,H1+H2,29387.477470690064,29386.60110351289,-0.8763671771743852,245,273,758.8005625289152,bayes_h1h2_marginal_boundary,measured_graph,8.795352601591268e-166,0.4684230591588535,0.151693143753879,53,h1:h1_z;h2:h2_z
0.039810717055349734,1.000000047912306,1.0000000847988713,839.3565049525132,H1+H2,29347.33689035236,29346.32313230109,-1.0137580512688171,245,273,839.3565049525132,bayes_h1h2_marginal_boundary,measured_graph,2.829779625082214e-183,0.49408810346493737,0.1571687019177074,53,h1:h1_z;h2:h2_z
0.05011872336272725,1.0000000557468296,1.000000058179383,914.7874276881121,H1+H2,29309.768819858655,29308.607670933292,-1.1611489253632492,245,273,914.7874276881121,bayes_h1h2_marginal_boundary,measured_graph,1.180689934341306e-199,0.5185439160140988,0.1627973135081459,53,h1:h1_z;h2:h2_z
0.06309573444801936,1.0000000482567903,1.0000000295923197,983.4588343442156,H1+H2,29275.590507404697,29274.27196760524,-1.3185397994576809,245,273,983.4588343442156,bayes_h1h2_marginal_boundary,measured_graph,1.446536422109915e-214,0.5416685731705817,0.16820178527111515,53,h1:h1_z;h2:h2_z
0.07943282347242822,1.0000000313750572,1.0000000117171886,1043.8741267927471,H1+H2,29245.550252054527,29244.064321380974,-1.4859306735521132,245,273,1043.8741267927471,bayes_h1h2_marginal_boundary,measured_graph,1.099804029847069e-227,0.563758479509411,0.17285865073902737,53,h1:h1_z;h2:h2_z
0.1,1.000001649069646,1.0000000041299457,1095.1163961485072,H1+H2,29220.10650825074,29218.443186703094,-1.663321547646544,245,273,1095.1163961485072,bayes_h1h2_marginal_boundary,measured_graph,8.207254409858368e-239,0.5853204142212411,0.1762916336797991,53,h1:h1_z;h2:h2_z
1e-05,1.000001027046261,1.0000000130270157,14.478113065451907,H1+H2,21289.279365662383,21286.911679078516,-2.3676865838692702,179,198,14.478113065451907,bayes_h1h2_marginal_boundary,measured_graph,0.00012263860790722407,0.7266587238811073,0.14103174141345878,54,h1:h1_z;h2:h2_z
1.2589254117941661e-05,1.000000007480827,1.0000000248813021,13.916034568952455,H1+H2,21289.347795784728,21287.192718326765,-2.155077457963703,179,198,13.916034568952455,bayes_h1h2_marginal_boundary,measured_graph,0.00016243552140912632,0.7266419032216099,0.14099494315263333,54,h1:h1_z;h2:h2_z
1.584893192461114e-05,1.0000000092003238,1.000000050352918,13.330835252920224,H1+H2,21289.43778631684,21287.48531798478,-1.952468332058134,179,198,13.330835252920224,bayes_h1h2_marginal_boundary,measured_graph,0.0002176483723577123,0.7266199175463253,0.14094399996045825,54,h1:h1_z;h2:h2_z
1.9952623149688786e-05,1.0000000111053826,1.0000001056836458,12.707584347102966,H1+H2,21289.55680264384,21287.79694343769,-1.7598592061525666,179,198,12.707584347102966,bayes_h1h2_marginal_boundary,measured_graph,0.0002972299978444195,0.7265917038072652,0.1408731038780731,54,h1:h1_z;h2:h2_z
2.5118864315095822e-05,1.0000000130058837,1.0000002224669244,12.026325345548685,H1+H2,21289.714823018716,21288.137572938467,-1.5772500802469966,179,198,12.026325345548685,bayes_h1h2_marginal_boundary,measured_graph,0.00041785552691897565,0.7265553430512212,0.14077435590189824,54,h1:h1_z;h2:h2_z
3.1622776601683795e-05,1.0000000147488255,1.0000004504412021,11.261074588423071,H1+H2,21289.92483927137,21288.52019831703,-1.404640954341429,179,198,11.261074588423071,bayes_h1h2_marginal_boundary,measured_graph,0.0006126299737594904,0.7265082474426742,0.14063763974930715,54,h1:h1_z;h2:h2_z
3.9810717055349695e-05,1.0000000163155554,1.0000008379081906,10.379932707714033,H1+H2,21290.20280108582,21288.960769257385,-1.2420318284358616,179,198,10.379932707714033,bayes_h1h2_marginal_boundary,measured_graph,0.0009517782360388467,0.726446894397351,0.14045141932119823,54,h1:h1_z;h2:h2_z
5.011872336272725e-05,1.0000000178389292,1.0000013625812614,9.348120385599032,H1+H2,21290.566098120973,21289.476675418442,-1.089422702530293,179,198,9.348120385599032,bayes_h1h2_marginal_boundary,measured_graph,0.0015943768087867231,0.726366446704951,0.140205552874496,54,h1:h1_z;h2:h2_z
6.309573444801929e-05,1.0000000195596255,1.0000000159805058,8.136922472906008,H1+H2,21291.029087951414,21290.08227437479,-0.9468135766247254,179,198,8.136922472906008,bayes_h1h2_marginal_boundary,measured_graph,0.002921455353182223,0.7262602130926916,0.13989739787759145,54,h1:h1_z;h2:h2_z
7.943282347242822e-05,1.0000000217990885,1.0000019021868871,6.742327602696605,H1+H2,21291.59377626061,21290.779571809893,-0.8142044507191568,179,198,6.742327602696605,bayes_h1h2_marginal_boundary,measured_graph,0.005867210663702559,0.726118894861662,0.13953967096039835,54,h1:h1_z;h2:h2_z
0.0001,1.0000000249945789,1.0000014360408631,5.209239251067629,H1+H2,21292.23771131052,21291.546115985708,-0.6915953248135883,179,198,5.209239251067629,bayes_h1h2_marginal_boundary,measured_graph,0.012628087650789498,0.7259295695176217,0.1391672248347399,54,h1:h1_z;h2:h2_z
0.00012589254117941674,1.0000000298036635,1.0000007575672314,3.649807150468405,H1+H2,21292.904818234914,21292.325832036007,-0.5789861989080206,179,198,3.649807150468405,bayes_h1h2_marginal_boundary,measured_graph,0.027540001890847127,0.7256744111867627,0.13882866885929143,54,h1:h1_z;h2:h2_z
0.00015848931924611142,1.0000000372809101,1.0000002850040002,2.226800571595959,H1+H2,21293.513712398446,21293.037335325444,-0.47637707300245236,179,198,2.226800571595959,bayes_h1h2_marginal_boundary,measured_graph,0.0561003948817886,0.725329307088447,0.1385654994291046,54,h1:h1_z;h2:h2_z
0.00019952623149688788,1.0000000491130028,1.0000000854163376,1.0971202452346915,H1+H2,21293.98594343572,21293.602175488624,-0.38376794709688455,179,198,1.0971202452346915,bayes_h1h2_marginal_boundary,measured_graph,0.09868993983777107,0.7248629344517272,0.1383926082768598,54,h1:h1_z;h2:h2_z
0.0002511886431509582,1.000000067758666,1.0000000250381418,0.3516498152384884,H1+H2,21294.276069524814,21293.974910703622,-0.30115882119131615,179,198,0.3516498152384884,bayes_h1h2_marginal_boundary,measured_graph,0.14326817585046375,0.7242377351844931,0.138299213648936,54,h1:h1_z;h2:h2_z
0.00031622776601683794,1.0000000958679158,1.000000009065038,-0.0,H1+H2,21294.379285306528,21294.15073561124,-0.22854969528574837,179,198,-0.0,bayes_h1h2_marginal_boundary,measured_graph,0.17080851558948146,0.7234157712933759,0.1382655967343876,54,h1:h1_z;h2:h2_z
0.00039810717055349735,1.0000001335130753,1.0000000046033695,0.007485900467145257,H1+H2,21294.312933230387,21294.146992661008,-0.16594056938017995,179,198,0.007485900467145257,bayes_h1h2_marginal_boundary,measured_graph,0.17017038281077881,0.7223742872956564,0.13827845000163203,54,h1:h1_z;h2:h2_z
0.0005011872336272725,1.0000001722866316,1.0000000031554728,0.3566850601491751,H1+H2,21294.08572452464,21293.972393081167,-0.11333144347461188,179,198,0.3566850601491751,bayes_h1h2_marginal_boundary,measured_graph,0.14290793434014465,0.721135470361856,0.13833755856682123,54,h1:h1_z;h2:h2_z
0.000630957344480193,1.0000001921127777,1.0000000026058344,1.1110894688172266,H1+H2,21293.665913194403,21293.595190876833,-0.07072231756904392,179,198,1.1110894688172266,bayes_h1h2_marginal_boundary,measured_graph,0.0980030306100052,0.7198062594382425,0.1384576203040734,54,h1:h1_z;h2:h2_z
0.0007943282347242822,1.000000175125305,1.0000000023630806,2.475752716556599,H1+H2,21292.950972444625,21292.912859252963,-0.03811319166347554,179,198,2.475752716556599,bayes_h1h2_marginal_boundary,measured_graph,0.04953437033933564,0.7186027656068069,0.1386705670604803,54,h1:h1_z;h2:h2_z
0.001,1.0000001296153431,1.0000000022398712,4.8523059825456585,H1+H2,21291.740086685728,21291.72458261997,-0.015504065757907535,179,198,4.8523059825456585,bayes_h1h2_marginal_boundary,measured_graph,0.015095401272115084,0.7178188511838894,0.13903133065897672,54,h1:h1_z;h2:h2_z
0.0012589254117941675,1.0000000834643525,1.0000000021813042,8.881158936033898,H1+H2,21289.713051083076,21289.710156143225,-0.0028949398523394052,179,198,8.881158936033898,bayes_h1h2_marginal_boundary,measured_graph,0.0020136795475042112,0.7177366096561191,0.13962847682638918,54,h1:h1_z;h2:h2_z
0.001584893192461114,1.0000000533850744,1.0000000021956503,15.47719430889265,H1+H2,21286.41242427074,21286.412138456795,-0.0002858139467712683,179,198,15.47719430889265,bayes_h1h2_marginal_boundary,measured_graph,7.441825403874047e-05,0.7185569448400176,0.14060083182263483,54,h1:h1_z;h2:h2_z
0.0019952623149688807,1.0000000384518566,1.000000002349947,25.889964757043344,H1+H2,21281.21342992076,21281.20575323272,-0.007676688041203171,179,198,25.889964757043344,bayes_h1h2_marginal_boundary,measured_graph,4.079200978553781e-07,0.7204300853920118,0.14216091634828032,54,h1:h1_z;h2:h2_z
0.002511886431509582,1.0000000325480594,1.0000000028133726,41.80290922393033,H1+H2,21273.274348561412,21273.249280999276,-0.025067562135635053,179,198,41.80290922393033,bayes_h1h2_marginal_boundary,measured_graph,1.4292990884687078e-10,0.7235611264244006,0.1446242223910727,54,h1:h1_z;h2:h2_z
0.0031622776601683794,1.0000000311051094,1.0000000039908272,65.4090859007847,H1+H2,21261.498651097078,21261.44619266085,-0.05245843623006681,179,198,65.4090859007847,bayes_h1h2_marginal_boundary,measured_graph,1.0693182573291455e-15,0.7283063138365328,0.14843834652636928,54,h1:h1_z;h2:h2_z
0.003981071705534973,1.0000000313603328,1.00000000684641,99.31613814273442,H1+H2,21244.582515850198,21244.492666539874,-0.08984931032449865,179,198,99.31613814273442,bayes_h1h2_marginal_boundary,measured_graph,4.6375023084231933e-23,0.7352154186329929,0.1541962825414844,54,h1:h1_z;h2:h2_z
0.005011872336272725,1.0000000314018413,1.0000000133813898,146.11495029195066,H1+H2,21221.230500649686,21221.093260465266,-0.13724018441893068,179,198,146.11495029195066,bayes_h1h2_marginal_boundary,measured_graph,3.1919141409876035e-33,0.7450200369003053,0.16260593590971686,54,h1:h1_z;h2:h2_z
0.006309573444801936,1.0000000297142537,1.000000026218562,207.58275020262954,H1+H2,21190.55399156844,21190.359360509927,-0.19463105851336257,179,198,207.58275020262954,bayes_h1h2_marginal_boundary,measured_graph,1.4337982395606206e-46,0.7585792791251549,0.17438440860649482,54,h1:h1_z;h2:h2_z
0.00794328234724282,1.0000000254380126,1.0000000447970323,283.8218982903709,H1+H2,21152.501808398665,21152.239786466056,-0.26202193260779433,179,198,283.8218982903709,bayes_h1h2_marginal_boundary,measured_graph,3.9936259261252237e-63,0.7768129775679994,0.19007060938258027,54,h1:h1_z;h2:h2_z
0.01,1.0000000189871157,1.0000000599165721,372.92378527591063,H1+H2,21108.028255779987,21107.688842973286,-0.3394128067022262,179,198,372.92378527591063,bayes_h1h2_marginal_boundary,measured_graph,1.7911768210633327e-82,0.8006846292232606,0.2098105447494374,54,h1:h1_z;h2:h2_z
0.012589254117941675,1.0000000120089052,1.000000058498661,471.5199909037692,H1+H2,21058.817543840152,21058.390740159357,-0.42680368079665804,179,198,471.5199909037692,bayes_h1h2_marginal_boundary,measured_graph,6.970187167466417e-104,0.8312619247963992,0.23322550828560676,54,h1:h1_z;h2:h2_z
0.01584893192461114,1.0000000062786238,1.0000000399045508,575.8300649571393,H1+H2,21006.759897687563,21006.235703132672,-0.5241945548910899,179,198,575.8300649571393,bayes_h1h2_marginal_boundary,measured_graph,1.558115529114344e-126,0.8697335804518138,0.2594453677360707,54,h1:h1_z;h2:h2_z
0.01995262314968881,1.0000007081100664,1.0000000186008464,682.372120030479,H1+H2,20953.596261024988,20952.964675596002,-0.6315854289855218,179,198,682.372120030479,bayes_h1h2_marginal_boundary,measured_graph,1.1410018577824592e-149,0.9171752033649221,0.2872678498515261,54,h1:h1_z;h2:h2_z
0.025118864315095822,1.0000003219838431,1.0000000059625918,787.980297467373,H1+H2,20900.909563180634,20900.160586877555,-0.7489763030799538,179,198,787.980297467373,bayes_h1h2_marginal_boundary,measured_graph,1.33279083978996e-172,0.9740390155283525,0.31532361949447274,54,h1:h1_z;h2:h2_z
0.03162277660168379,1.0000001206731084,1.0000000013673918,889.5440014045744,H1+H2,20850.25510208613,20849.378734908954,-0.8763671771743852,179,198,889.5440014045744,bayes_h1h2_marginal_boundary,measured_graph,1.1762074027023345e-194,1.0395830394577972,0.34220439230877264,54,h1:h1_z;h2:h2_z
0.039810717055349734,1.0000000385889196,1.0000000002412641,984.0260766397842,H1+H2,20803.151455342617,20802.13769729135,-1.0137580512688171,179,198,984.0260766397842,bayes_h1h2_marginal_boundary,measured_graph,3.580650658341603e-215,1.1115115642088282,0.3666381664330838,54,h1:h1_z;h2:h2_z
0.05011872336272725,1.0000000113570577,1.000000000036253,1068.8899272706622,H1+H2,20760.866920901273,20759.70577197591,-1.1611489253632492,179,198,1068.8899272706622,bayes_h1h2_marginal_boundary,measured_graph,1.336629157441745e-233,1.186047652735484,0.3877528034928095,54,h1:h1_z;h2:h2_z
0.06309573444801936,1.0000000033338694,1.0000000000051783,1142.6452128895544,H1+H2,20724.14666896592,20722.828129166464,-1.3185397994576809,179,198,1142.6452128895544,bayes_h1h2_marginal_boundary,measured_graph,1.2890036672023723e-249,1.2586339209177966,0.4052848199301385,54,h1:h1_z;h2:h2_z
0.07943282347242822,1.0000000010162373,1.0000000000007643,1205.1304995048267,H1+H2,20693.07141653238,20691.585485858828,-1.4859306735521132,179,198,1205.1304995048267,bayes_h1h2_marginal_boundary,measured_graph,3.4813409959745726e-263,1.3251631897241376,0.4195509832325197,54,h1:h1_z;h2:h2_z
0.1,1.0000000003233704,1.0000000041188417,1257.3608822853494,H1+H2,20667.133616016214,20665.470294468567,-1.663321547646544,179,198,1257.3608822853494,bayes_h1h2_marginal_boundary,measured_graph,1.585123299687561e-274,1.3831595074836298,0.4311953064462767,54,h1:h1_z;h2:h2_z
1e-05,1.000021354898103,1.0000002104378276,176.5227964562837,H1+H2,11056.617155149477,11054.249468565607,-2.3676865838692702,72,128,176.5227964562837,bayes_h1h2_marginal_boundary,measured_graph,1.7104700491621385e-39,1.4264672891496868,0.36277715090273266,55,h1:h1_z;h2:h2_z
1.2589254117941661e-05,1.0000217167504775,1.0000000010746783,176.03699506733392,H1+H2,11056.647446718047,11054.492369260082,-2.155077457963703,72,128,176.03699506733392,bayes_h1h2_marginal_boundary,measured_graph,2.180750120891914e-39,1.4264518547115104,0.3626768307753566,55,h1:h1_z;h2:h2_z
1.584893192461114e-05,1.0000222343142344,1.0000000043085888,175.53903899334182,H1+H2,11056.693815629136,11054.741347297078,-1.952468332058134,72,128,175.53903899334182,bayes_h1h2_marginal_boundary,measured_graph,2.7972784063787708e-39,1.426430572550307,0.3625205075968035,55,h1:h1_z;h2:h2_z
1.9952623149688786e-05,1.0000229375331184,1.0000000184978102,175.010994378521,H1+H2,11056.765228810642,11055.005369604489,-1.7598592061525666,72,128,175.010994378521,bayes_h1h2_marginal_boundary,measured_graph,3.642496339603924e-39,1.4264008871000717,0.36227635048025236,55,h1:h1_z;h2:h2_z
2.5118864315095822e-05,1.000023825458967,1.0000000811727006,174.42473185366543,H1+H2,11056.875750947163,11055.298500866917,-1.5772500802469966,72,128,174.42473185366543,bayes_h1h2_marginal_boundary,measured_graph,4.8831988960717996e-39,1.4263590010755771,0.3618943001140136,55,h1:h1_z;h2:h2_z
3.1622776601683795e-05,1.0000248412848913,1.0000003494889174,173.73610652572097,H1+H2,11057.04745448523,11055.642813530889,-1.404640954341429,72,128,173.73610652572097,bayes_h1h2_marginal_boundary,measured_graph,6.890290044430681e-39,1.4262992103034484,0.3612959156564802,55,h1:h1_z;h2:h2_z
3.9810717055349695e-05,1.0000258698664068,1.0000014372463835,172.87591035916194,H1+H2,11057.314943442605,11056.072911614168,-1.2420318284358616,72,128,172.87591035916194,bayes_h1h2_marginal_boundary,measured_graph,1.0593189174012303e-38,1.4262128318652758,0.36035883631591953,55,h1:h1_z;h2:h2_z
5.011872336272725e-05,1.0000267813199406,1.0000001152370979,171.73575924801844,H1+H2,11057.732409872271,11056.64298716974,-1.089422702530293,72,128,171.73575924801844,bayes_h1h2_marginal_boundary,measured_graph,1.8733002715272524e-38,1.4260864836414342,0.3588947050122624,55,h1:h1_z;h2:h2_z
6.309573444801929e-05,1.000027500271836,1.000000642662716,170.14732574881782,H1+H2,11058.384017495966,11057.43720391934,-0.9468135766247254,72,128,170.14732574881782,bayes_h1h2_marginal_boundary,measured_graph,4.1450650249648737e-38,1.4258993860709406,0.3566152454663428,55,h1:h1_z;h2:h2_z
7.943282347242822e-05,1.0000280406576258,1.0000032697673436,167.8511105941434,H1+H2,11059.399515947396,11058.585311496678,-0.8142044507191568,72,128,167.8511105941434,bayes_h1h2_marginal_boundary,measured_graph,1.3066164854105837e-37,1.4256191957919409,0.3530956968020141,55,h1:h1_z;h2:h2_z
0.0001,1.0000284827600596,1.0000010419037877,164.45489023962728,H1+H2,11060.97501699875,11060.283421673936,-0.6915953248135883,72,128,164.45489023962728,bayes_h1h2_marginal_boundary,measured_graph,7.1388459928139844e-37,1.4251955464545152,0.3477466677906039,55,h1:h1_z;h2:h2_z
0.00012589254117941674,1.000028932205816,1.0000052683049163,159.39056729275035,H1+H2,11063.394569346283,11062.815583147374,-0.5789861989080206,72,128,159.39056729275035,bayes_h1h2_marginal_boundary,measured_graph,8.981146242297923e-36,1.4245499599986469,0.33985244867840225,55,h1:h1_z;h2:h2_z
0.00015848931924611142,1.000029501565766,1.0000170179160346,151.90663935658085,H1+H2,11067.033924188461,11066.557547115459,-0.47637707300245236,72,128,151.90663935658085,bayes_h1h2_marginal_boundary,measured_graph,3.7883148900176813e-34,1.4235601225774246,0.32886202162114503,55,h1:h1_z;h2:h2_z
0.00019952623149688788,1.0000303200384932,1.0000266754160625,141.22932232682797,H1+H2,11072.279973577432,11071.896205630335,-0.38376794709688455,72,128,141.22932232682797,bayes_h1h2_marginal_boundary,measured_graph,7.888528606485505e-32,1.4220356288191316,0.3151781051269194,55,h1:h1_z;h2:h2_z
0.0002511886431509582,1.0000315612831374,1.0000150164731012,127.13761831844022,H1+H2,11079.243216455721,11078.94205763453,-0.30115882119131615,72,128,127.13761831844022,bayes_h1h2_marginal_boundary,measured_graph,9.056713938092228e-29,1.4196811960004185,0.30106084443772774,55,h1:h1_z;h2:h2_z
0.00031622776601683794,1.0000334845917864,1.0000215545100377,110.80719145504554,H1+H2,11087.335820761513,11087.107271066227,-0.22854969528574837,72,128,110.80719145504554,bayes_h1h2_marginal_boundary,measured_graph,3.1847679014883873e-25,1.4160424392063773,0.28961946666508487,55,h1:h1_z;h2:h2_z
0.00039810717055349735,1.0000364902141923,1.000002121658759,94.59703315322622,H1+H2,11095.378290786517,11095.212350217136,-0.16594056938017995,72,128,94.59703315322622,bayes_h1h2_marginal_boundary,measured_graph,1.054554278611895e-21,1.4104300021800997,0.28218221100279683,55,h1:h1_z;h2:h2_z
0.0005011872336272725,1.0000411783784031,1.0000025323086938,80.50503923319047,H1+H2,11102.371678620628,11102.258347177154,-0.11333144347461188,72,128,80.50503923319047,bayes_h1h2_marginal_boundary,measured_graph,1.2108951433147083e-18,1.4018242205122098,0.27799188939316133,55,h1:h1_z;h2:h2_z
0.000630957344480193,1.0000103083502874,1.0000001792437982,69.21403735049171,H1+H2,11107.974570436072,11107.903848118503,-0.07072231756904392,72,128,69.21403735049171,bayes_h1h2_marginal_boundary,measured_graph,3.4270184593546014e-16,1.3888185436457285,0.27576281501020494,55,h1:h1_z;h2:h2_z
0.0007943282347242822,1.000013002796988,1.000000936790228,60.32522234558928,H1+H2,11112.386368812618,11112.348255620955,-0.03811319166347554,72,128,60.32522234558928,bayes_h1h2_marginal_boundary,measured_graph,2.918086069686063e-14,1.3694931572160558,0.27449917680046704,55,h1:h1_z;h2:h2_z
0.001,1.0000163236347719,1.0000001159932488,52.9057052929129,H1+H2,11116.07351821305,11116.058014147293,-0.015504065757907535,72,128,52.9057052929129,bayes_h1h2_marginal_boundary,measured_graph,1.1918613993129028e-12,1.341911704279206,0.27359578063650286,55,h1:h1_z;h2:h2_z
0.0012589254117941675,1.000018394782889,1.0000000160300726,45.91359900548923,H1+H2,11119.556962230858,11119.554067291005,-0.0028949398523394052,72,128,45.91359900548923,bayes_h1h2_marginal_boundary,measured_graph,3.931355733922136e-11,1.3050264034560282,0.27273013893288567,55,h1:h1_z;h2:h2_z
0.001584893192461114,1.000015737824219,1.0000000027447884,38.4970736239884,H1+H2,11123.262615795702,11123.262329981755,-0.0002858139467712683,72,128,38.4970736239884,bayes_h1h2_marginal_boundary,measured_graph,1.6033205807416043e-09,1.260636887516533,0.27177564144606214,55,h1:h1_z;h2:h2_z
0.0019952623149688807,1.0000379606098742,1.0000000006397842,30.306651454804523,H1+H2,11127.365217754388,11127.357541066347,-0.007676688041203171,72,128,30.306651454804523,bayes_h1h2_marginal_boundary,measured_graph,9.628262976001198e-08,1.2147912943713322,0.2707530911915513,55,h1:h1_z;h2:h2_z
0.002511886431509582,1.0000145506999525,1.0000000002143015,21.754033361350594,H1+H2,11131.65891767521,11131.633850113074,-0.025067562135635053,72,128,21.754033361350594,bayes_h1h2_marginal_boundary,measured_graph,6.929874434759105e-06,1.1756181748713448,0.2697765633385144,55,h1:h1_z;h2:h2_z
0.0031622776601683794,1.0000256664558946,1.0000000001032245,13.856585954199545,H1+H2,11135.63503225288,11135.58257381665,-0.05245843623006681,72,128,13.856585954199545,bayes_h1h2_marginal_boundary,measured_graph,0.00035944651770154475,1.1480285367424847,0.2689521232998071,55,h1:h1_z;h2:h2_z
0.003981071705534973,1.0000087681760752,1.0000000000691371,7.557603990077041,H1+H2,11138.821914109036,11138.73206479871,-0.08984931032449865,72,128,7.557603990077041,bayes_h1h2_marginal_boundary,measured_graph,0.00838379856031385,1.1322969637518094,0.2682630737288872,55,h1:h1_z;h2:h2_z
0.005011872336272725,1.0000034080794267,1.0000000000610632,3.228492740123329,H1+H2,11141.033860608106,11140.896620423688,-0.13724018441893068,72,128,3.228492740123329,bayes_h1h2_marginal_boundary,measured_graph,0.07302900752573971,1.126474769379356,0.26754189382264376,55,h1:h1_z;h2:h2_z
0.006309573444801936,1.0000163787093284,1.0000000000660496,0.7684271924154018,H1+H2,11142.321284256055,11142.126653197542,-0.19463105851336257,72,128,0.7684271924154018,bayes_h1h2_marginal_boundary,measured_graph,0.24985718620172637,1.1289483745335904,0.2665768711273971,55,h1:h1_z;h2:h2_z
0.00794328234724282,1.0000100649777337,1.000000000080305,-0.0,H1+H2,11142.772888726357,11142.51086679375,-0.26202193260779433,72,128,-0.0,bayes_h1h2_marginal_boundary,measured_graph,0.3669050501517303,1.1390542953867298,0.2652708464966761,55,h1:h1_z;h2:h2_z
0.01,1.0000066621136388,1.0000000001016893,0.9042943871827447,H1+H2,11142.39813240686,11142.058719600158,-0.3394128067022262,72,128,0.9042943871827447,bayes_h1h2_marginal_boundary,measured_graph,0.23344719409729867,1.1564745311729063,0.2637245849129359,55,h1:h1_z;h2:h2_z
0.012589254117941675,1.000004503221217,1.0000000001272586,3.5774866593492334,H1+H2,11141.148927144872,11140.722123464075,-0.42680368079665804,72,128,3.5774866593492334,bayes_h1h2_marginal_boundary,measured_graph,0.061335559591757065,1.180438484614333,0.2622059412553843,55,h1:h1_z;h2:h2_z
0.01584893192461114,1.0000029871971117,1.0000000001533385,8.095653241936816,H1+H2,11138.987234727672,11138.46304017278,-0.5241945548910899,72,128,8.095653241936816,bayes_h1h2_marginal_boundary,measured_graph,0.006406265364392692,1.2090850447745216,0.2610657462054962,55,h1:h1_z;h2:h2_z
0.01995262314968881,1.0000019159661149,1.000000000177721,14.465906012592313,H1+H2,11135.90949921644,11135.277913787453,-0.6315854289855218,72,128,14.465906012592313,bayes_h1h2_marginal_boundary,measured_graph,0.00026504652280551395,1.2394782367378805,0.2606650543751242,55,h1:h1_z;h2:h2_z
0.025118864315095822,1.0000012063164976,1.0000000002022036,22.667991922138754,H1+H2,11131.92584713576,11131.17687083268,-0.7489763030799538,72,128,22.667991922138754,bayes_h1h2_marginal_boundary,measured_graph,4.387951166870097e-06,1.2683656644617896,0.2613204232044977,55,h1:h1_z;h2:h2_z
0.03162277660168379,1.0000007743587838,1.0000000002332847,32.66388604689564,H1+H2,11127.055290947475,11126.178923770301,-0.8763671771743852,72,128,32.66388604689564,bayes_h1h2_marginal_boundary,measured_graph,2.962654144987283e-08,1.293196903891188,0.2632452819446188,55,h1:h1_z;h2:h2_z
0.039810717055349734,1.000000529615441,1.00000000028272,44.307349582955794,H1+H2,11121.37095005354,11120.357192002271,-1.0137580512688171,72,128,44.307349582955794,bayes_h1h2_marginal_boundary,measured_graph,8.77677517574946e-11,1.3126857557747342,0.26648525023343167,55,h1:h1_z;h2:h2_z
0.05011872336272725,1.0000003995044762,1.0000000003746559,57.22042333381614,H1+H2,11115.061804052204,11113.900655126841,-1.1611489253632492,72,128,57.22042333381614,bayes_h1h2_marginal_boundary,measured_graph,1.3781504666454169e-13,1.326679855323347,0.270872397045937,55,h1:h1_z;h2:h2_z
0.06309573444801936,1.000000338329695,1.0000000005727483,70.76663208629179,H1+H2,11108.446090550062,11107.127550750603,-1.3185397994576809,72,128,70.76663208629179,bayes_h1h2_marginal_boundary,measured_graph,1.576793353122035e-16,1.3356670245010247,0.2760377116702481,55,h1:h1_z;h2:h2_z
0.07943282347242822,1.0000003220867368,1.000000001068445,84.19968539239562,H1+H2,11101.896954771104,11100.411024097551,-1.4859306735521132,72,128,84.19968539239562,bayes_h1h2_marginal_boundary,measured_graph,1.9090808337571708e-19,1.3403334268298495,0.2815149740244912,55,h1:h1_z;h2:h2_z
0.1,1.000000340647731,1.0000000024722335,96.93554846614643,H1+H2,11095.706414108323,11094.043092560676,-1.663321547646544,72,128,96.93554846614643,bayes_h1h2_marginal_boundary,measured_graph,3.275418441957304e-22,1.3413582570702638,0.2869176919458623,55,h1:h1_z;h2:h2_z
1e-05,1.0000001198957855,1.0000000007030583,3.5724557160501718,H1+H2,6192.235044835905,6189.867358252036,-2.3676865838692702,52,64,3.5724557160501718,bayes_h1h2_marginal_boundary,measured_graph,0.01283424465798869,5.232115082782553,0.23558568012119233,56,h1:h1_z;h2:h2_z
1.2589254117941661e-05,1.0000001462889747,1.0000000011527215,3.1479803178426664,H1+H2,6192.234673409103,6190.07959595114,-2.155077457963703,52,64,3.1479803178426664,bayes_h1h2_marginal_boundary,measured_graph,0.015868795940860755,5.232113681173898,0.23558594269677527,56,h1:h1_z;h2:h2_z
1.584893192461114e-05,1.0000001824997198,1.0000000019437836,2.7439034073759103,H1+H2,6192.234102738431,6190.281634406373,-1.952468332058134,52,64,2.7439034073759103,bayes_h1h2_marginal_boundary,measured_graph,0.019421741156576522,5.232111838975667,0.23558624506907466,56,h1:h1_z;h2:h2_z
1.9952623149688786e-05,1.0000002287899201,1.0000000000000457,2.3604478926536103,H1+H2,6192.233221369886,6190.473362163734,-1.7598592061525666,52,64,2.3604478926536103,bayes_h1h2_marginal_boundary,measured_graph,0.02352634540127395,5.232109407380862,0.23558658120654616,56,h1:h1_z;h2:h2_z
2.5118864315095822e-05,1.0000002825291139,1.0000000000000941,1.9979639925331867,H1+H2,6192.231854194041,6190.654604113794,-1.5772500802469966,52,64,1.9979639925331867,bayes_h1h2_marginal_boundary,measured_graph,0.028201151887199842,5.2321061830733395,0.23558693261081926,56,h1:h1_z;h2:h2_z
3.1622776601683795e-05,1.0000003376888043,1.0000000000002207,1.6570007227765018,H1+H2,6192.229726703014,6190.825085748673,-1.404640954341429,52,64,1.6570007227765018,bayes_h1h2_marginal_boundary,measured_graph,0.03344306561325114,5.232101879532543,0.23558726127182242,56,h1:h1_z;h2:h2_z
3.9810717055349695e-05,1.000000386663641,1.0000000000005353,1.338418273953721,H1+H2,6192.22640880152,6190.984376973084,-1.2420318284358616,52,64,1.338418273953721,bayes_h1h2_marginal_boundary,measured_graph,0.03921799444618573,5.232096076238964,0.23558749458827538,56,h1:h1_z;h2:h2_z
5.011872336272725e-05,1.0000004238923996,1.000000000001348,1.0435597514133406,H1+H2,6192.2212289368845,6191.131806234354,-1.089422702530293,52,64,1.0435597514133406,bayes_h1h2_marginal_boundary,measured_graph,0.04544782409289161,5.232088138313017,0.235587503670918,56,h1:h1_z;h2:h2_z
6.309573444801929e-05,1.0000004482574407,1.0000000000033484,0.7745099061648943,H1+H2,6192.213144733603,6191.266331156979,-0.9468135766247254,52,64,0.7745099061648943,bayes_h1h2_marginal_boundary,measured_graph,0.051992000351766016,5.232077100690312,0.23558707084536742,56,h1:h1_z;h2:h2_z
7.943282347242822e-05,1.0000004622889973,1.0000000000081624,0.5344730027536571,H1+H2,6192.200554059404,6191.386349608684,-0.8142044507191568,52,64,0.5344730027536571,bayes_h1h2_marginal_boundary,measured_graph,0.058621898367962166,5.232061500189417,0.23558584551022543,56,h1:h1_z;h2:h2_z
0.0001,1.0000004696811868,1.0000000000192584,0.3282971721910144,H1+H2,6192.181032848779,6191.4894375239655,-0.6915953248135883,52,64,0.3282971721910144,bayes_h1h2_marginal_boundary,measured_graph,0.06498758387519135,5.232039117048686,0.23558329400487682,56,h1:h1_z;h2:h2_z
0.00012589254117941674,1.0000004735052304,1.0000000000432467,0.16313875647574605,H1+H2,6192.151002930731,6191.572016731823,-0.5789861989080206,52,64,0.16313875647574605,bayes_h1h2_marginal_boundary,measured_graph,0.0705820203076774,5.232006565477553,0.23557866679861908,56,h1:h1_z;h2:h2_z
0.00015848931924611142,1.0000004757501804,1.000000000090289,0.0491647260296304,H1+H2,6192.105380820049,6191.629003747046,-0.47637707300245236,52,64,0.0491647260296304,bayes_h1h2_marginal_boundary,measured_graph,0.0747210956651166,5.231958646545991,0.2355710403621133,56,h1:h1_z;h2:h2_z
0.00019952623149688788,1.0000004775842675,1.0000000001695422,-0.0,H1+H2,6192.037354057158,6191.653586110061,-0.38376794709688455,52,64,-0.0,bayes_h1h2_marginal_boundary,measured_graph,0.07658067960388738,5.231887331780722,0.23555953039426292,56,h1:h1_z;h2:h2_z
0.0002511886431509582,1.0000004797501219,1.0000000002746396,0.032367749692639336,H1+H2,6191.938561056406,6191.637402235215,-0.30115882119131615,52,64,0.032367749692639336,bayes_h1h2_marginal_boundary,measured_graph,0.07535128250720514,5.2317801709076175,0.2355437534017313,56,h1:h1_z;h2:h2_z
0.00031622776601683794,1.0000004828794085,1.0000000003677525,0.16426227380725322,H1+H2,6191.800004668443,6191.571454973157,-0.22854969528574837,52,64,0.16426227380725322,bayes_h1h2_marginal_boundary,measured_graph,0.07054238138092088,5.23161780116081,0.23552441199077165,56,h1:h1_z;h2:h2_z
0.00039810717055349735,1.000000487728721,1.0000000003951632,0.41147057325906644,H1+H2,6191.613791392811,6191.4478508234315,-0.16594056938017995,52,64,0.41147057325906644,bayes_h1h2_marginal_boundary,measured_graph,0.06234039021667724,5.231370061233598,0.23550350830578795,56,h1:h1_z;h2:h2_z
0.0005011872336272725,1.0000004954007908,1.0000000003430547,0.7835012355026265,H1+H2,6191.375166935784,6191.26183549231,-0.11333144347461188,52,64,0.7835012355026265,bayes_h1h2_marginal_boundary,measured_graph,0.051758786371437264,5.230989957610197,0.2354836418155298,56,h1:h1_z;h2:h2_z
0.000630957344480193,1.0000005076244838,1.0000000002595621,1.2811167203599325,H1+H2,6191.08375006745,6191.013027749881,-0.07072231756904392,52,64,1.2811167203599325,bayes_h1h2_marginal_boundary,measured_graph,0.04035787166243433,5.230404374765346,0.23546665609685583,56,h1:h1_z;h2:h2_z
0.0007943282347242822,1.0000005271815686,1.000000000201395,1.8972082678701554,H1+H2,6190.74309516779,6190.704981976126,-0.03811319166347554,52,64,1.8972082678701554,bayes_h1h2_marginal_boundary,measured_graph,0.029658260485943583,5.229499970657726,0.23545276288438438,56,h1:h1_z;h2:h2_z
0.001,1.0000005586107583,1.000000000192398,2.6206834875429195,H1+H2,6190.358748432048,6190.34324436629,-0.015504065757907535,52,64,2.6206834875429195,bayes_h1h2_marginal_boundary,measured_graph,0.02065594304249126,5.228102255422779,0.2354407956326648,56,h1:h1_z;h2:h2_z
0.0012589254117941675,1.0000006094001024,1.0000000002373874,3.441309329937212,H1+H2,6189.935826384944,6189.932931445092,-0.0028949398523394052,52,64,3.441309329937212,bayes_h1h2_marginal_boundary,measured_graph,0.01370403281357992,5.22594577116552,0.23542911343687992,56,h1:h1_z;h2:h2_z
0.001584893192461114,1.00000069197757,1.00000000033523,4.353470891552206,H1+H2,6189.477136478232,6189.476850664285,-0.0002858139467712683,52,64,4.353470891552206,bayes_h1h2_marginal_boundary,measured_graph,0.008685104003246681,5.222634549185191,0.23541650287084417,56,h1:h1_z;h2:h2_z
0.0019952623149688807,1.0000008267426865,1.0000000004615754,5.357865060481345,H1+H2,6188.9823302678615,6188.97465357982,-0.007676688041203171,52,64,5.357865060481345,bayes_h1h2_marginal_boundary,measured_graph,0.005256220804032699,5.217596888253015,0.23540300074056822,56,h1:h1_z;h2:h2_z
0.002511886431509582,1.0000010453210721,1.0000000005497456,6.4609612051590375,H1+H2,6188.448173069617,6188.4231055074815,-0.025067562135635053,52,64,6.4609612051590375,bayes_h1h2_marginal_boundary,measured_graph,0.0030278845817603866,5.210051394761216,0.23539084152832848,56,h1:h1_z;h2:h2_z
0.0031622776601683794,1.0000013886508239,1.0000000005250778,7.672493969830612,H1+H2,6187.869797561376,6187.817339125146,-0.05245843623006681,52,64,7.672493969830612,bayes_h1h2_marginal_boundary,measured_graph,0.0016521836472310038,5.19902822964075,0.2353854831453492,56,h1:h1_z;h2:h2_z
0.003981071705534973,1.0000018828189425,1.000000000386025,9.002129500000592,H1+H2,6187.242370670385,6187.152521360061,-0.08984931032449865,52,64,9.002129500000592,bayes_h1h2_marginal_boundary,measured_graph,0.0008498291671163691,5.183530655532485,0.23539638674498364,56,h1:h1_z;h2:h2_z
0.005011872336272725,1.0000024672944634,1.0000000002152716,10.458103330827726,H1+H2,6186.561774629066,6186.424534444647,-0.13724018441893068,52,64,10.458103330827726,bayes_h1h2_marginal_boundary,measured_graph,0.00041036558536139645,5.162944150558826,0.23543758443056997,56,h1:h1_z;h2:h2_z
0.006309573444801936,1.0000029086673086,1.000000000090934,12.051593517775473,H1+H2,6185.822420409687,6185.627789351173,-0.19463105851336257,52,64,12.051593517775473,bayes_h1h2_marginal_boundary,measured_graph,0.00018499029061422198,5.13769454506818,0.23552883669295585,56,h1:h1_z;h2:h2_z
0.00794328234724282,1.000002890178698,1.0000000000291502,13.807899750485376,H1+H2,6185.0116581674265,6184.749636234818,-0.26202193260779433,52,64,13.807899750485376,bayes_h1h2_marginal_boundary,measured_graph,7.687265519858766e-05,5.109794247256244,0.235698112543258,56,h1:h1_z;h2:h2_z
0.01,1.0000023568741876,1.0000000322010765,15.777706859116734,H1+H2,6184.104145487205,6183.764732680503,-0.3394128067022262,52,64,15.777706859116734,bayes_h1h2_marginal_boundary,measured_graph,2.8710033755258708e-05,5.082531432636154,0.23598532513777173,56,h1:h1_z;h2:h2_z
0.012589254117941675,1.0000016270808076,1.0000000106926608,18.03486261772923,H1+H2,6183.0629584819935,6182.636154801196,-0.42680368079665804,52,64,18.03486261772923,bayes_h1h2_marginal_boundary,measured_graph,9.287494246524725e-06,5.059002337606791,0.2364472173238193,56,h1:h1_z;h2:h2_z
0.01584893192461114,1.0000010227940743,1.0000000033016483,20.65562130037688,H1+H2,6181.849970014764,6181.325775459873,-0.5241945548910899,52,64,20.65562130037688,bayes_h1h2_marginal_boundary,measured_graph,2.505001790316966e-06,5.0405332478153575,0.23716338279006055,56,h1:h1_z;h2:h2_z
0.01995262314968881,1.0000006276783056,1.0000000010455872,23.696929447061848,H1+H2,6180.436706815515,6179.80512138653,-0.6315854289855218,52,64,23.696929447061848,bayes_h1h2_marginal_boundary,measured_graph,5.475154359852649e-07,5.026345225849834,0.23824301203565024,56,h1:h1_z;h2:h2_z
0.025118864315095822,1.0000003872976417,1.0000000003821223,27.19719779602383,H1+H2,6178.803963515129,6178.054987212049,-0.7489763030799538,52,64,27.19719779602383,bayes_h1h2_marginal_boundary,measured_graph,9.51311513819351e-08,5.014388999164407,0.23983160465596,56,h1:h1_z;h2:h2_z
0.03162277660168379,1.0000002370993581,1.0000000001777383,31.201076445458966,H1+H2,6176.9294150645055,6176.053047887332,-0.8763671771743852,52,64,31.201076445458966,bayes_h1h2_marginal_boundary,measured_graph,1.2849657479254783e-08,5.002373662269104,0.24211785258661034,56,h1:h1_z;h2:h2_z
0.039810717055349734,1.0000001393151385,1.0000000001099805,35.790079848853566,H1+H2,6174.772304236903,6173.758546185634,-1.0137580512688171,52,64,35.790079848853566,bayes_h1h2_marginal_boundary,measured_graph,1.2953947228245802e-09,4.988514989866082,0.24533943614532172,56,h1:h1_z;h2:h2_z
0.05011872336272725,1.000000076540166,1.0000000000919473,41.096495011233856,H1+H2,6172.266487529807,6171.105338604444,-1.1611489253632492,52,64,41.096495011233856,bayes_h1h2_marginal_boundary,measured_graph,9.122811716107989e-11,4.9720833005330265,0.24977975825433388,56,h1:h1_z;h2:h2_z
0.06309573444801936,1.0000000392595203,1.0000000001068279,47.28003855908173,H1+H2,6169.332106629978,6168.01356683052,-1.3185397994576809,52,64,47.28003855908173,bayes_h1h2_marginal_boundary,measured_graph,4.143709403439952e-12,4.953736077269695,0.2557416190602552,56,h1:h1_z;h2:h2_z
0.07943282347242822,1.00000189720068,1.0000000001749465,54.460786996307434,H1+H2,6165.90912328546,6164.423192611907,-1.4859306735521132,52,64,54.460786996307434,bayes_h1h2_marginal_boundary,measured_graph,1.1431667386151527e-13,4.9353568911967125,0.263488625196818,56,h1:h1_z;h2:h2_z
0.1,1.0000010671938862,1.000000000381148,62.62983853363585,H1+H2,6162.00198839089,6160.338666843243,-1.663321547646544,52,64,62.62983853363585,bayes_h1h2_marginal_boundary,measured_graph,1.92407757206313e-15,4.919352893596925,0.2731549744059393,56,h1:h1_z;h2:h2_z
1e-05,1.0000000643358917,1.0000003127022297,39.086951572247926,H1+H2,14841.913851910878,14839.546165327009,-2.3676865838692702,104,165,39.086951572247926,bayes_h1h2_marginal_boundary,measured_graph,6.698194671376517e-10,3.7082336727923835,0.22199257324146807,57,h1:h1_z;h2:h2_z
1.2589254117941661e-05,1.0000000688035664,1.0000000029205194,38.603363683065254,H1+H2,14841.943036729564,14839.7879592716,-2.155077457963703,104,165,38.603363683065254,bayes_h1h2_marginal_boundary,measured_graph,8.530363566094053e-10,3.708182134784054,0.2219013657699888,57,h1:h1_z;h2:h2_z
1.584893192461114e-05,1.0000000726061737,1.0000000122695354,38.08362723952814,H1+H2,14842.000295825426,14840.047827493368,-1.952468332058134,104,165,38.08362723952814,bayes_h1h2_marginal_boundary,measured_graph,1.1061827354968217e-09,3.708117145072623,0.2217495666658651,57,h1:h1_z;h2:h2_z
1.9952623149688786e-05,1.0000000753711071,1.0000000488300997,37.49041867514825,H1+H2,14842.104290981712,14840.344431775558,-1.7598592061525666,104,165,37.49041867514825,bayes_h1h2_marginal_boundary,measured_graph,1.4881286538746543e-09,3.708035157499776,0.22150219388116213,57,h1:h1_z;h2:h2_z
2.5118864315095822e-05,1.0000000770984443,1.0000001794144338,36.76542525816694,H1+H2,14842.284178564296,14840.706928484049,-1.5772500802469966,104,165,36.76542525816694,bayes_h1h2_marginal_boundary,measured_graph,2.138310651514311e-09,3.7079316708272674,0.22110725837853434,57,h1:h1_z;h2:h2_z
3.1622776601683795e-05,1.0000000780396432,1.0000005935071141,35.820237972027826,H1+H2,14842.58416308146,14841.179522127119,-1.404640954341429,104,165,35.820237972027826,bayes_h1h2_marginal_boundary,measured_graph,3.4301697342955177e-09,3.7078009619558,0.2204915805434803,57,h1:h1_z;h2:h2_z
3.9810717055349695e-05,1.0000000784936853,1.0000017063602662,34.526915845559415,H1+H2,14843.06821501879,14841.826183190353,-1.2420318284358616,104,165,34.526915845559415,bayes_h1h2_marginal_boundary,measured_graph,6.5487278434208334e-09,3.707635739707687,0.21956153013690585,57,h1:h1_z;h2:h2_z
5.011872336272725e-05,1.0000000786888321,1.0000040295698838,32.71422995641478,H1+H2,14843.821948837456,14842.732526134925,-1.089422702530293,104,165,32.71422995641478,bayes_h1h2_marginal_boundary,measured_graph,1.6209763615018382e-08,3.7074266933368616,0.21821857447693968,57,h1:h1_z;h2:h2_z
6.309573444801929e-05,1.0000000787654189,1.0000071842613014,30.184119745710632,H1+H2,14844.944394816903,14843.997581240277,-0.9468135766247254,104,165,30.184119745710632,bayes_h1h2_marginal_boundary,measured_graph,5.743586065453518e-08,3.7071619019726407,0.21640470584851187,57,h1:h1_z;h2:h2_z
7.943282347242822e-05,1.0000000788030992,1.0000086761524722,26.77280369440996,H1+H2,14846.517443716646,14845.703239265928,-0.8142044507191568,104,165,26.77280369440996,bayes_h1h2_marginal_boundary,measured_graph,3.161848098653104e-07,3.7068260612825528,0.21418227416886285,57,h1:h1_z;h2:h2_z
0.0001,1.0000000788516235,1.0000063522660096,22.47173243746147,H1+H2,14848.545370219215,14847.853774894402,-0.6915953248135883,104,165,22.47173243746147,bayes_h1h2_marginal_boundary,measured_graph,2.715856120385226e-06,3.7063994728001837,0.2117993904269305,57,h1:h1_z;h2:h2_z
0.00012589254117941674,1.000000078952963,1.000002621164852,17.555277215044043,H1+H2,14850.89098870452,14850.31200250561,-0.5789861989080206,104,165,17.555277215044043,bayes_h1h2_marginal_boundary,measured_graph,3.173229222897611e-05,3.705856733342581,0.2096308724088993,57,h1:h1_z;h2:h2_z
0.00015848931924611142,1.000000079155871,1.0000006107164388,12.569848075552727,H1+H2,14853.281094148359,14852.804717075356,-0.47637707300245236,104,165,12.569848075552727,bayes_h1h2_marginal_boundary,measured_graph,0.0003837723024807163,3.7051650662784024,0.207977328183861,57,h1:h1_z;h2:h2_z
0.00019952623149688788,1.0000000795260886,1.0000000871933439,8.116812013628078,H1+H2,14855.415003053415,14855.031235106318,-0.38376794709688455,104,165,8.116812013628078,bayes_h1h2_marginal_boundary,measured_graph,0.0035566253731559652,3.7042822753888944,0.20691551764004967,57,h1:h1_z;h2:h2_z
0.0002511886431509582,1.000000080153289,1.000000808748114,4.601577708337572,H1+H2,14857.090011080156,14856.788852258964,-0.30115882119131615,104,165,4.601577708337572,bayes_h1h2_marginal_boundary,measured_graph,0.02062346116079801,3.7031544241870407,0.20633983645599777,57,h1:h1_z;h2:h2_z
0.00031622776601683794,1.0000000811517649,1.0000001248704748,2.1486822082588333,H1+H2,14858.24384970429,14858.015300009003,-0.22854969528574837,104,165,2.1486822082588333,bayes_h1h2_marginal_boundary,measured_graph,0.07030740088983391,3.7017136467410827,0.20609185732112245,57,h1:h1_z;h2:h2_z
0.00039810717055349735,1.0000000826448772,1.0000000196414276,0.6772298653959297,H1+H2,14858.916966749815,14858.751026180435,-0.16594056938017995,104,165,0.6772298653959297,bayes_h1h2_marginal_boundary,measured_graph,0.14673133191873575,3.699877158531435,0.20604352158045725,57,h1:h1_z;h2:h2_z
0.0005011872336272725,1.0000000847112687,1.0000000036686285,0.018276169619639404,H1+H2,14859.193834471796,14859.080503028323,-0.11333144347461188,104,165,0.018276169619639404,bayes_h1h2_marginal_boundary,measured_graph,0.203991859453983,3.697549824546293,0.20611755477039714,57,h1:h1_z;h2:h2_z
0.000630957344480193,1.0000000872553685,1.0000000009280345,-0.0,H1+H2,14859.160363430701,14859.089641113133,-0.07072231756904392,104,165,-0.0,bayes_h1h2_marginal_boundary,measured_graph,0.20586449749767852,3.694634772046259,0.20627663852181624,57,h1:h1_z;h2:h2_z
0.0007943282347242822,1.0000000897672014,1.0000000003373604,0.4889576149034838,H1+H2,14858.883275497345,14858.84516230568,-0.03811319166347554,104,165,0.4889576149034838,bayes_h1h2_marginal_boundary,measured_graph,0.16121507865941562,3.691059027044189,0.20650854136559707,57,h1:h1_z;h2:h2_z
0.001,1.000000091033786,1.0000000001703928,1.4031889063007839,H1+H2,14858.40355072574,14858.388046659982,-0.015504065757907535,104,165,1.4031889063007839,bayes_h1h2_marginal_boundary,measured_graph,0.10206641410450479,3.6868210805506267,0.20681557540642395,57,h1:h1_z;h2:h2_z
0.0012589254117941675,1.0000000891690253,1.0000000001093532,2.712924064555409,H1+H2,14857.736074020708,14857.733179080855,-0.0028949398523394052,104,165,2.712924064555409,bayes_h1h2_marginal_boundary,measured_graph,0.05302460976352618,3.6820567669753417,0.2072086349905195,57,h1:h1_z;h2:h2_z
0.001584893192461114,1.0000000826256368,1.0000000000812737,4.436437015123374,H1+H2,14856.871708419518,14856.87142260557,-0.0002858139467712683,104,165,4.436437015123374,bayes_h1h2_marginal_boundary,measured_graph,0.022398627074346773,3.6770887706369657,0.20770388689123745,57,h1:h1_z;h2:h2_z
0.0019952623149688807,1.0000000720462092,1.0000000000651506,6.630051917527453,H1+H2,14855.78229184241,14855.774615154369,-0.007676688041203171,104,165,6.630051917527453,bayes_h1h2_marginal_boundary,measured_graph,0.007479696486236359,3.672384522198761,0.2083202257890158,57,h1:h1_z;h2:h2_z
0.002511886431509582,1.0000000607396506,1.0000000000536653,9.36609224158019,H1+H2,14854.431662554478,14854.406594992342,-0.025067562135635053,104,165,9.36609224158019,bayes_h1h2_marginal_boundary,measured_graph,0.0019044096250374412,3.668364982594124,0.20907599299506593,57,h1:h1_z;h2:h2_z
0.0031622776601683794,1.0000000523007062,1.0000000000439355,12.696078819444665,H1+H2,14852.79406013964,14852.74160170341,-0.05245843623006681,104,165,12.696078819444665,bayes_h1h2_marginal_boundary,measured_graph,0.0003602989280104603,3.6651485538944306,0.20998393650510294,57,h1:h1_z;h2:h2_z
0.003981071705534973,1.000000048163771,1.0000000000349265,16.610712076046184,H1+H2,14850.874134385434,14850.78428507511,-0.08984931032449865,104,165,16.610712076046184,bayes_h1h2_marginal_boundary,measured_graph,5.0887505106582986e-05,3.662446857442697,0.21104457485312875,57,h1:h1_z;h2:h2_z
0.005011872336272725,1.0000000476478823,1.0000000000266485,21.02109600676704,H1+H2,14848.716333294167,14848.579093109749,-0.13724018441893068,104,165,21.02109600676704,bayes_h1h2_marginal_boundary,measured_graph,5.609297275302373e-06,3.65970511640393,0.2122408132615686,57,h1:h1_z;h2:h2_z
0.006309573444801936,1.0000000492662944,1.0000000000196814,25.781632146961783,H1+H2,14846.393456098165,14846.198825039652,-0.19463105851336257,104,165,25.781632146961783,bayes_h1h2_marginal_boundary,measured_graph,5.190045540051914e-07,3.6563264985140225,0.2135401171102796,57,h1:h1_z;h2:h2_z
0.00794328234724282,1.000000051755459,1.0000000000146947,30.75451376924684,H1+H2,14843.974406161116,14843.71238422851,-0.26202193260779433,104,165,30.75451376924684,bayes_h1h2_marginal_boundary,measured_graph,4.318407731176649e-08,3.65179906782591,0.21491006628029888,57,h1:h1_z;h2:h2_z
0.01,1.0000000544956416,1.0000000000119451,35.886796558570495,H1+H2,14841.48565564055,14841.146242833847,-0.3394128067022262,104,165,35.886796558570495,bayes_h1h2_marginal_boundary,measured_graph,3.3178946887868127e-09,3.645710325623347,0.2163431226950542,57,h1:h1_z;h2:h2_z
0.012589254117941675,1.0000000574002097,1.0000000000112799,41.250979869819275,H1+H2,14838.89095485902,14838.464151178223,-0.42680368079665804,104,165,41.250979869819275,bayes_h1h2_marginal_boundary,measured_graph,2.270100013354363e-10,3.6377210276958145,0.2178737488970187,57,h1:h1_z;h2:h2_z
0.01584893192461114,1.0000000604934327,1.0000000000124614,47.024691538274055,H1+H2,14836.101489898887,14835.577295343996,-0.5241945548910899,104,165,47.024691538274055,bayes_h1h2_marginal_boundary,measured_graph,1.265608644083306e-11,3.627549387206945,0.21957543011485692,57,h1:h1_z;h2:h2_z
0.01995262314968881,1.0000000634870105,1.0000000000154827,53.44568379526754,H1+H2,14832.998384644485,14832.366799215499,-0.6315854289855218,104,165,53.44568379526754,bayes_h1h2_marginal_boundary,measured_graph,5.10503447882976e-13,3.6149904174963656,0.22154708165152706,57,h1:h1_z;h2:h2_z
0.025118864315095822,1.000000065652244,1.0000000000207643,60.79476440700091,H1+H2,14829.441235212713,14828.692258909632,-0.7489763030799538,104,165,60.79476440700091,bayes_h1h2_marginal_boundary,measured_graph,1.2946909171573172e-14,3.599987132047527,0.2239068542127399,57,h1:h1_z;h2:h2_z
0.03162277660168379,1.0000000660578858,1.000000000028977,69.39220258744172,H1+H2,14825.269906996586,14824.393539819412,-0.8763671771743852,104,165,69.39220258744172,bayes_h1h2_marginal_boundary,measured_graph,1.7589606387113058e-16,3.5827581267079167,0.22678849619709004,57,h1:h1_z;h2:h2_z
0.039810717055349734,1.0000000638392175,1.0000000000397653,79.52675436986101,H1+H2,14820.340021979471,14819.326263928202,-1.0137580512688171,104,165,79.52675436986101,bayes_h1h2_marginal_boundary,measured_graph,1.1080673627697717e-18,3.5639720934800936,0.230309568695411,57,h1:h1_z;h2:h2_z
0.05011872336272725,1.0000000582914292,1.0000000000496658,91.29289507470821,H1+H2,14814.604342501141,14813.443193575778,-1.1611489253632492,104,165,91.29289507470821,bayes_h1h2_marginal_boundary,measured_graph,3.0873166320436346e-21,3.5449114716199777,0.23450019885309936,57,h1:h1_z;h2:h2_z
0.06309573444801936,1.0000000492970986,1.000000000052875,104.4611719000568,H1+H2,14808.177594962563,14806.859055163104,-1.3185397994576809,104,165,104.4611719000568,bayes_h1h2_marginal_boundary,measured_graph,4.267034869474148e-24,3.527444465857873,0.239243300659581,57,h1:h1_z;h2:h2_z
0.07943282347242822,1.0000000381251128,1.0000000000468479,118.52252588100964,H1+H2,14801.31430884618,14799.828378172628,-1.4859306735521132,104,165,118.52252588100964,bayes_h1h2_marginal_boundary,measured_graph,3.773479290447243e-27,3.513592392846048,0.24429481646100168,57,h1:h1_z;h2:h2_z
0.1,1.0000000272562724,1.0000000000350526,132.8523882788577,H1+H2,14794.32676852135,14792.663446973704,-1.663321547646544,104,165,132.8523882788577,bayes_h1h2_marginal_boundary,measured_graph,2.917775598468326e-30,3.504778168695104,0.2493721194868248,57,h1:h1_z;h2:h2_z
1e-05,1.0000005523482602,1.0000006569497957,6.695925067553617,H1+H2,15595.450334928377,15593.082648344507,-2.3676865838692702,102,179,6.695925067553617,bayes_h1h2_marginal_boundary,measured_graph,0.004907305366447996,3.2041742549816496,0.1510590454068536,58,h1:h1_z;h2:h2_z
1.2589254117941661e-05,1.0000005829630447,1.0000006519510667,6.27488041482502,H1+H2,15595.448248128836,15593.293170670871,-2.155077457963703,102,179,6.27488041482502,bayes_h1h2_marginal_boundary,measured_graph,0.006057197972156348,3.2041695059517235,0.15106130650365884,58,h1:h1_z;h2:h2_z
1.584893192461114e-05,1.0000006261323533,1.0000006471637581,5.871821343589545,H1+H2,15595.447168538547,15593.49470020649,-1.952468332058134,102,179,5.871821343589545,bayes_h1h2_marginal_boundary,measured_graph,0.00740960289857195,3.2041635086124156,0.15106221801446432,58,h1:h1_z;h2:h2_z
1.9952623149688786e-05,1.00000068383088,1.000000643226578,5.484487034173071,H1+H2,15595.44822656735,15593.688367361197,-1.7598592061525666,102,179,5.484487034173071,bayes_h1h2_marginal_boundary,measured_graph,0.008992977568891971,3.204155935237747,0.1510603580748564,58,h1:h1_z;h2:h2_z
2.5118864315095822e-05,1.0000007552988297,1.0000006408968172,5.109118694013887,H1+H2,15595.453301611524,15593.876051531277,-1.5772500802469966,102,179,5.109118694013887,bayes_h1h2_marginal_boundary,measured_graph,0.010849599563586597,3.204146374628611,0.15105340433253323,58,h1:h1_z;h2:h2_z
3.1622776601683795e-05,1.0000008352580096,1.0000006407298796,4.73968890508695,H1+H2,15595.465407380081,15594.06076642574,-1.404640954341429,102,179,4.73968890508695,bayes_h1h2_marginal_boundary,measured_graph,0.013050716900799402,3.2041343099738797,0.15103773042002958,58,h1:h1_z;h2:h2_z
3.9810717055349695e-05,1.000000914109308,1.0000006424087442,4.366915802787844,H1+H2,15595.489184805327,15594.24715297689,-1.2420318284358616,102,179,4.366915802787844,bayes_h1h2_marginal_boundary,measured_graph,0.015724651156538823,3.204119085711147,0.15100798770304183,58,h1:h1_z;h2:h2_z
5.011872336272725e-05,1.0000009815175825,1.000000643603208,3.977257581838785,H1+H2,15595.531404789896,15594.441982087365,-1.089422702530293,102,179,3.977257581838785,bayes_h1h2_marginal_boundary,measured_graph,0.019107075831128112,3.2040998583141427,0.15095692944204855,58,h1:h1_z;h2:h2_z
6.309573444801929e-05,1.000001031375453,1.000000638188692,3.552534188838763,H1+H2,15595.60115736049,15594.654343783865,-0.9468135766247254,102,179,3.552534188838763,bayes_h1h2_marginal_boundary,measured_graph,0.02362771589547219,3.2040755302455026,0.1508760730127311,58,h1:h1_z;h2:h2_z
7.943282347242822e-05,1.0000010638343073,1.0000006142219118,3.071689695090754,H1+H2,15595.708970481457,15594.894766030739,-0.8142044507191568,102,179,3.071689695090754,bayes_h1h2_marginal_boundary,measured_graph,0.030049399342679625,3.2040446682481973,0.15075819125319295,58,h1:h1_z;h2:h2_z
0.0001,1.0000010831699837,1.0000005551746836,2.5173096104263095,H1+H2,15595.863551397884,15595.17195607307,-0.6915953248135883,102,179,2.5173096104263095,bayes_h1h2_marginal_boundary,measured_graph,0.03964769110643365,3.2040053995075475,0.15060245716974316,58,h1:h1_z;h2:h2_z
0.00012589254117941674,1.0000010944231852,1.0000004516288656,1.8894300978972751,H1+H2,15596.064882028244,15595.485895829335,-0.5789861989080206,102,179,1.8894300978972751,bayes_h1h2_marginal_boundary,measured_graph,0.054270047904503765,3.20395526842175,0.15042101308471834,58,h1:h1_z;h2:h2_z
0.00015848931924611142,1.0000011014967816,1.0000003199267544,1.224626302395336,H1+H2,15596.294674800089,15595.818297727086,-0.47637707300245236,102,179,1.224626302395336,bayes_h1h2_marginal_boundary,measured_graph,0.07566943912289999,3.203891030920903,0.15024154686558241,58,h1:h1_z;h2:h2_z
0.00019952623149688788,1.0000011068877013,1.000000198873241,0.6080159931989328,H1+H2,15596.51037082878,15596.126602881684,-0.38376794709688455,102,179,0.6080159931989328,bayes_h1h2_marginal_boundary,measured_graph,0.10299490522084849,3.203808357807771,0.1500992577740079,58,h1:h1_z;h2:h2_z
0.0002511886431509582,1.0000011121263332,1.000000116073684,0.16040900607185904,H1+H2,15596.65156519644,15596.350406375248,-0.30115882119131615,102,179,0.16040900607185904,bayes_h1h2_marginal_boundary,measured_graph,0.1288286229294608,3.2037014059153157,0.15002078378089964,58,h1:h1_z;h2:h2_z
0.00031622776601683794,1.0000011182751225,1.000000070601349,-0.0,H1+H2,15596.65916057357,15596.430610878284,-0.22854969528574837,102,179,-0.0,bayes_h1h2_marginal_boundary,measured_graph,0.1395869241969651,3.203562193768281,0.15001419170899233,58,h1:h1_z;h2:h2_z
0.00039810717055349735,1.000001126298045,1.0000000484300997,0.2058078208428924,H1+H2,15596.493647537243,15596.327706967862,-0.16594056938017995,102,179,0.2058078208428924,bayes_h1h2_marginal_boundary,measured_graph,0.1259372301373865,3.2033796863470183,0.15007355688585575,58,h1:h1_z;h2:h2_z
0.0005011872336272725,1.0000011373225142,1.000000037901041,0.8094838825381885,H1+H2,15596.139200380489,15596.025868937015,-0.11333144347461188,102,179,0.8094838825381885,bayes_h1h2_marginal_boundary,measured_graph,0.09312527022694565,3.2031384509946053,0.1501906233853772,58,h1:h1_z;h2:h2_z
0.000630957344480193,1.0000011528481392,1.0000000325662126,1.8137409766059136,H1+H2,15595.59446270755,15595.523740389981,-0.07072231756904392,102,179,1.8137409766059136,bayes_h1h2_marginal_boundary,measured_graph,0.05636323202288497,3.2028166983622257,0.15036291222433817,58,h1:h1_z;h2:h2_z
0.0007943282347242822,1.0000011749173,1.0000000292879418,3.2182701765377715,H1+H2,15594.859588981679,15594.821475790015,-0.03811319166347554,102,179,3.2182701765377715,bayes_h1h2_marginal_boundary,measured_graph,0.02792584017832785,3.2023834923155845,0.15059598873204677,58,h1:h1_z;h2:h2_z
0.001,1.000001206171243,1.0000000265675404,5.039475816578488,H1+H2,15593.926377035752,15593.910872969995,-0.015504065757907535,102,179,5.039475816578488,bayes_h1h2_marginal_boundary,measured_graph,0.01123405299462125,3.2017949722376864,0.1509029046100806,58,h1:h1_z;h2:h2_z
0.0012589254117941675,1.000001249527562,1.000000023686125,7.321470690731076,H1+H2,15592.772770472771,15592.769875532918,-0.0028949398523394052,102,179,7.321470690731076,bayes_h1h2_marginal_boundary,measured_graph,0.0035892819708098368,3.2009897486414847,0.15130341736725234,58,h1:h1_z;h2:h2_z
0.001584893192461114,1.0000013068690887,1.0000000203311525,10.140909129037027,H1+H2,15591.360442127712,15591.360156313765,-0.0002858139467712683,102,179,10.140909129037027,bayes_h1h2_marginal_boundary,measured_graph,0.0008765451670621659,3.1998845137797787,0.15182375970148979,58,h1:h1_z;h2:h2_z
0.0019952623149688807,1.0000013757463007,1.0000000164739493,13.608138937564945,H1+H2,15589.634218097543,15589.626541409501,-0.007676688041203171,102,179,13.608138937564945,bayes_h1h2_marginal_boundary,measured_graph,0.00015483705872146677,3.198372648699956,0.1524967315332296,58,h1:h1_z;h2:h2_z
0.002511886431509582,1.0000014435605495,1.0000000123484383,17.865623216879612,H1+H2,15587.52286683198,15587.497799269844,-0.025067562135635053,102,179,17.865623216879612,bayes_h1h2_marginal_boundary,measured_graph,1.842357676420868e-05,3.196330686874281,0.15336171838239282,58,h1:h1_z;h2:h2_z
0.0031622776601683794,1.0000014822767582,1.0000011683075898,23.083468966939108,H1+H2,15584.941334831045,15584.888876394814,-0.05245843623006681,102,179,23.083468966939108,bayes_h1h2_marginal_boundary,measured_graph,1.356229353877165e-06,3.1936367808030055,0.15446434748291676,58,h1:h1_z;h2:h2_z
0.003981071705534973,1.0000014537088333,1.000000775973487,29.44895963243107,H1+H2,15581.795980372393,15581.706131062068,-0.08984931032449865,102,179,29.44895963243107,bayes_h1h2_marginal_boundary,measured_graph,5.624506261390464e-08,3.1901958767680743,0.15585591943007285,58,h1:h1_z;h2:h2_z
0.005011872336272725,1.0000013336438829,1.0000004669048175,37.14036894968376,H1+H2,15577.99766658786,15577.860426403442,-0.13724018441893068,102,179,37.14036894968376,bayes_h1h2_marginal_boundary,measured_graph,1.2020321740518886e-09,3.1859490302544167,0.15758843082695276,58,h1:h1_z;h2:h2_z
0.006309573444801936,1.0000011370818003,1.000000254481168,46.26049733671971,H1+H2,15573.494993268438,15573.300362209924,-0.19463105851336257,102,179,46.26049733671971,bayes_h1h2_marginal_boundary,measured_graph,1.2574924202293542e-11,3.180843253949927,0.15970038878033152,58,h1:h1_z;h2:h2_z
0.00794328234724282,1.000000910600545,1.000000126152728,56.72099500301192,H1+H2,15568.332135309385,15568.070113376778,-0.26202193260779433,102,179,56.72099500301192,bayes_h1h2_marginal_boundary,measured_graph,6.730342548908333e-14,3.174778629562576,0.16218613301004323,58,h1:h1_z;h2:h2_z
0.01,1.0000006984040355,1.0000000572224381,68.13617179736684,H1+H2,15562.701937786303,15562.3625249796,-0.3394128067022262,102,179,68.13617179736684,bayes_h1h2_marginal_boundary,measured_graph,2.2349253565021633e-16,3.167591886907962,0.16496185401990116,58,h1:h1_z;h2:h2_z
0.012589254117941675,1.0000005221886072,1.0000000241422764,79.8554927952755,H1+H2,15556.929668161443,15556.502864480646,-0.42680368079665804,102,179,79.8554927952755,bayes_h1h2_marginal_boundary,measured_graph,6.374480579486874e-19,3.1591114437030683,0.1678643388867203,58,h1:h1_z;h2:h2_z
0.01584893192461114,1.000000385166759,1.0000000100137898,91.19493869645521,H1+H2,15551.357336084948,15550.833141530056,-0.5241945548910899,102,179,91.19493869645521,bayes_h1h2_marginal_boundary,measured_graph,2.1984440175744466e-21,3.1492511990123773,0.1707077658624363,58,h1:h1_z;h2:h2_z
0.01995262314968881,1.0000002824959016,1.0000000045655482,101.7363341348755,H1+H2,15546.194029239832,15545.562443810846,-0.6315854289855218,102,179,101.7363341348755,bayes_h1h2_marginal_boundary,measured_graph,1.1300052877901699e-23,3.1380722650071853,0.1733702541708096,58,h1:h1_z;h2:h2_z
0.025118864315095822,1.000000207409787,1.0000000025637934,111.48969309200038,H1+H2,15541.434740635365,15540.685764332284,-0.7489763030799538,102,179,111.48969309200038,bayes_h1h2_marginal_boundary,measured_graph,8.613218969241719e-26,3.125752434802542,0.17584872116765474,58,h1:h1_z;h2:h2_z
0.03162277660168379,1.0000001538936911,1.0000000018214203,120.83819263014811,H1+H2,15536.887881740384,15536.01151456321,-0.8763671771743852,102,179,120.83819263014811,bayes_h1h2_marginal_boundary,measured_graph,8.038307326591646e-28,3.1124505505942373,0.17825000797523344,58,h1:h1_z;h2:h2_z
0.039810717055349734,1.0000001176800837,1.000000001533725,130.31492388609695,H1+H2,15532.286906986505,15531.273148935235,-1.0137580512688171,102,179,130.31492388609695,bayes_h1h2_marginal_boundary,measured_graph,7.035882222890412e-30,3.0981104247190063,0.18073056949894398,58,h1:h1_z;h2:h2_z
0.05011872336272725,1.0000000955754118,1.000000001385873,140.31013846828137,H1+H2,15527.436690569506,15526.275541644143,-1.1611489253632492,102,179,140.31013846828137,bayes_h1h2_marginal_boundary,measured_graph,4.752096943484185e-32,3.0822849548736637,0.1834158119109408,58,h1:h1_z;h2:h2_z
0.06309573444801936,1.000000084327368,1.0000000012270682,150.84527126469766,H1+H2,15522.326515045394,15521.007975245935,-1.3185397994576809,102,179,150.84527126469766,bayes_h1h2_marginal_boundary,measured_graph,2.450249289500871e-34,3.064071151502826,0.18633795211559495,58,h1:h1_z;h2:h2_z
0.07943282347242822,1.0000000803354645,1.000000001016737,161.5472148660083,H1+H2,15517.142934118832,15515.65700344528,-1.4859306735521132,102,179,161.5472148660083,bayes_h1h2_marginal_boundary,measured_graph,1.162285302649382e-36,3.0422215080551043,0.18942917839704676,58,h1:h1_z;h2:h2_z
0.1,1.0000000799500504,1.000000000796366,171.84336522482772,H1+H2,15512.172249813517,15510.50892826587,-1.663321547646544,102,179,171.84336522482772,bayes_h1h2_marginal_boundary,measured_graph,6.753549747028606e-39,3.01544387779722,0.19257562220531682,58,h1:h1_z;h2:h2_z
1e-05,1.0000014221763796,1.0000000227254124,119.65522551699542,H1+H2,20413.895031745767,20411.5273451619,-2.3676865838692702,136,218,119.65522551699542,bayes_h1h2_marginal_boundary,measured_graph,4.668189119127754e-27,0.4614439615034746,0.08308077802647326,59,h1:h1_z;h2:h2_z
1.2589254117941661e-05,1.0000014685426628,1.000000080240867,119.0317448640053,H1+H2,20413.994162946357,20411.839085488395,-2.155077457963703,136,218,119.0317448640053,bayes_h1h2_marginal_boundary,measured_graph,6.375812628453254e-27,0.46144429560844963,0.08303630643560389,59,h1:h1_z;h2:h2_z
1.584893192461114e-05,1.000001537185823,1.0000002804667525,118.33610987372958,H1+H2,20414.139371315592,20412.186902983532,-1.952468332058134,136,218,118.33610987372958,bayes_h1h2_marginal_boundary,measured_graph,9.027983661440378e-27,0.46144419123344094,0.08296940476891387,59,h1:h1_z;h2:h2_z
1.9952623149688786e-05,1.0000016360276591,1.0000009477392566,117.52233826957672,H1+H2,20414.35364799176,20412.59378878561,-1.7598592061525666,136,218,117.52233826957672,bayes_h1h2_marginal_boundary,measured_graph,1.356122816790259e-26,0.461443229894528,0.08286869836830044,59,h1:h1_z;h2:h2_z
2.5118864315095822e-05,1.0000017723943788,1.0000000255542996,116.52187220853375,H1+H2,20414.67127189638,20413.09402181613,-1.5772500802469966,136,218,116.52187220853375,bayes_h1h2_marginal_boundary,measured_graph,2.23638962004641e-26,0.4614407086757754,0.08271787064101559,59,h1:h1_z;h2:h2_z
3.1622776601683795e-05,1.0000019492270174,1.0000001094874635,115.23544357172068,H1+H2,20415.141877088878,20413.737236134537,-1.404640954341429,136,218,115.23544357172068,bayes_h1h2_marginal_boundary,measured_graph,4.254924879376736e-26,0.46143546568308075,0.08249435620528123,59,h1:h1_z;h2:h2_z
3.9810717055349695e-05,1.0000021601585178,1.0000003947393938,113.52446870528365,H1+H2,20415.83475539619,20414.592723567755,-1.2420318284358616,136,218,113.52446870528365,bayes_h1h2_marginal_boundary,measured_graph,1.0009799272386585e-25,0.4614256027453683,0.08217032114341188,59,h1:h1_z;h2:h2_z
5.011872336272725e-05,1.0000023874174924,1.0000011157696975,111.21027285503078,H1+H2,20416.839244195413,20415.749821492882,-1.089422702530293,136,218,111.21027285503078,bayes_h1h2_marginal_boundary,measured_graph,3.1838061148469513e-25,0.4614080465203796,0.08171760883559606,59,h1:h1_z;h2:h2_z
6.309573444801929e-05,1.0000026078262614,1.0000022700524922,108.09455553256703,H1+H2,20418.25449373074,20417.307680154114,-0.9468135766247254,136,218,108.09455553256703,bayes_h1h2_marginal_boundary,measured_graph,1.5118755116269083e-24,0.4613778589330832,0.08112134803739485,59,h1:h1_z;h2:h2_z
7.943282347242822e-05,1.00000280599573,1.00000301741392,104.02426536825078,H1+H2,20420.15702968699,20419.342825236272,-0.8142044507191568,136,218,104.02426536825078,bayes_h1h2_marginal_boundary,measured_graph,1.157093121120633e-23,0.461327167517092,0.08040237153754276,59,h1:h1_z;h2:h2_z
0.0001,1.0000029846258136,1.0000023881720783,99.01195776624081,H1+H2,20422.54057436209,20421.848979037277,-0.6915953248135883,136,218,99.01195776624081,bayes_h1h2_marginal_boundary,measured_graph,1.4183293118044284e-22,0.4612435352232028,0.07963431722685667,59,h1:h1_z;h2:h2_z
0.00012589254117941674,1.0000031643015266,1.000001063440331,93.35639775895834,H1+H2,20425.255745239825,20424.676759040918,-0.5789861989080206,136,218,93.35639775895834,bayes_h1h2_marginal_boundary,measured_graph,2.3980947036969056e-21,0.46110753502700624,0.07892602534928438,59,h1:h1_z;h2:h2_z
0.00015848931924611142,1.0000033774186932,1.0000002699868382,87.62228102089284,H1+H2,20428.020194482953,20427.54381740995,-0.47637707300245236,136,218,87.62228102089284,bayes_h1h2_marginal_boundary,measured_graph,4.2171005761608056e-20,0.4608892780308181,0.07836476989727023,59,h1:h1_z;h2:h2_z
0.00019952623149688788,1.0000036648595052,1.000002729008702,82.4112429949746,H1+H2,20430.533104370006,20430.14933642291,-0.38376794709688455,136,218,82.4112429949746,bayes_h1h2_marginal_boundary,measured_graph,5.7092161904016445e-19,0.46054378162721643,0.07797182752019181,59,h1:h1_z;h2:h2_z
0.0002511886431509582,1.00000407743179,1.0000005354693207,78.09061317742453,H1+H2,20432.610810152877,20432.309651331685,-0.30115882119131615,136,218,78.09061317742453,bayes_h1h2_marginal_boundary,measured_graph,4.952099164853989e-18,0.4600056268658045,0.07771217840800611,59,h1:h1_z;h2:h2_z
0.00031622776601683794,1.0000046762615087,1.0000000984254307,74.69532325077307,H1+H2,20434.235845990297,20434.00729629501,-0.22854969528574837,136,218,74.69532325077307,bayes_h1h2_marginal_boundary,measured_graph,2.7043766191890494e-17,0.45918489169297394,0.0775306988500794,59,h1:h1_z;h2:h2_z
0.00039810717055349735,1.0000055169259794,1.0000000202913089,72.00464806270611,H1+H2,20435.518574458423,20435.352633889044,-0.16594056938017995,136,218,72.00464806270611,bayes_h1h2_marginal_boundary,measured_graph,1.03834067250117e-16,0.45796971490712735,0.07737903944148286,59,h1:h1_z;h2:h2_z
0.0005011872336272725,1.0000065859980884,1.0000000055913714,69.67866022997623,H1+H2,20436.628959248883,20436.51562780541,-0.11333144347461188,136,218,69.67866022997623,bayes_h1h2_marginal_boundary,measured_graph,3.3221688846060664e-16,0.45624642668843834,0.07722239884624965,59,h1:h1_z;h2:h2_z
0.000630957344480193,1.0000076617612434,1.0000000023016025,67.37015761708608,H1+H2,20437.740601429425,20437.669879111854,-0.07072231756904392,136,218,67.37015761708608,bayes_h1h2_marginal_boundary,measured_graph,1.0536750085959172e-15,0.4539524524495944,0.07703755258806018,59,h1:h1_z;h2:h2_z
0.0007943282347242822,1.0000082047636847,1.0000000014266754,64.8018956078231,H1+H2,20438.992123308148,20438.954010116486,-0.03811319166347554,136,218,64.8018956078231,bayes_h1h2_marginal_boundary,measured_graph,3.8053769986680826e-15,0.45116558461975254,0.0768093273398442,59,h1:h1_z;h2:h2_z
0.001,1.0000076480474385,1.0000000011924117,61.82547572549811,H1+H2,20440.457724123407,20440.44222005765,-0.015504065757907535,136,218,61.82547572549811,bayes_h1h2_marginal_boundary,measured_graph,1.6854623441421038e-14,0.4481831379383641,0.07652758454257916,59,h1:h1_z;h2:h2_z
0.0012589254117941675,1.0000060964864785,1.0000000010976144,58.4618416084777,H1+H2,20442.12693205601,20442.12403711616,-0.0028949398523394052,136,218,58.4618416084777,bayes_h1h2_marginal_boundary,measured_graph,9.059889947371446e-14,0.4454809842657922,0.0761847750626045,59,h1:h1_z;h2:h2_z
0.001584893192461114,1.000004349033618,1.0000000009061165,54.88490163432289,H1+H2,20443.91279291718,20443.912507103236,-0.0002858139467712683,136,218,54.88490163432289,bayes_h1h2_marginal_boundary,measured_graph,5.418081938725761e-13,0.4434999629774888,0.07577446402125691,59,h1:h1_z;h2:h2_z
0.0019952623149688807,1.0000030271020481,1.0000000005822647,51.31783736891521,H1+H2,20445.70371592398,20445.69603923594,-0.007676688041203171,136,218,51.31783736891521,bayes_h1h2_marginal_boundary,measured_graph,3.224213055538517e-12,0.44241939388982476,0.07529142480686106,59,h1:h1_z;h2:h2_z
0.002511886431509582,1.000002204741135,1.0000000002761709,47.90414285023144,H1+H2,20447.427954057417,20447.40288649528,-0.025067562135635053,136,218,47.90414285023144,bayes_h1h2_marginal_boundary,measured_graph,1.777043579434201e-11,0.44212639065012155,0.07473363891985878,59,h1:h1_z;h2:h2_z
0.0031622776601683794,1.0000017087933475,1.000000000101928,44.661182456569804,H1+H2,20449.07682512834,20449.024366692112,-0.05245843623006681,136,218,44.661182456569804,bayes_h1h2_marginal_boundary,measured_graph,8.992863064013737e-11,0.442349712358704,0.07410614872926988,59,h1:h1_z;h2:h2_z
0.003981071705534973,1.0000013724646921,1.0000000000346854,41.5317070701858,H1+H2,20450.678953695628,20450.589104385304,-0.08984931032449865,136,218,41.5317070701858,bayes_h1h2_marginal_boundary,measured_graph,4.299866045743621e-10,0.442781292577367,0.07342553555656957,59,h1:h1_z;h2:h2_z
0.005011872336272725,1.0000010977727156,1.0000000495612753,38.45089909159287,H1+H2,20452.26674855902,20452.1295083746,-0.13724018441893068,136,218,38.45089909159287,bayes_h1h2_marginal_boundary,measured_graph,2.0065217819583165e-09,0.44309797335906087,0.07272218112150701,59,h1:h1_z;h2:h2_z
0.006309573444801936,1.0000008486105325,1.0000000339422241,35.346142637426965,H1+H2,20453.876517660196,20453.681886601684,-0.19463105851336257,136,218,35.346142637426965,bayes_h1h2_marginal_boundary,measured_graph,9.476177270615926e-09,0.4429021215801351,0.07203754194103787,59,h1:h1_z;h2:h2_z
0.00794328234724282,1.0000006277901414,1.0000000288956565,32.04741151826602,H1+H2,20455.593274093873,20455.331252161264,-0.26202193260779433,136,218,32.04741151826602,bayes_h1h2_marginal_boundary,measured_graph,4.931096908866874e-08,0.4416304896913955,0.07141649693225098,59,h1:h1_z;h2:h2_z
0.01,1.0000087609473587,1.0000000274550314,28.190890337391465,H1+H2,20457.598925558403,20457.2595127517,-0.3394128067022262,136,218,28.190890337391465,bayes_h1h2_marginal_boundary,measured_graph,3.391380133188743e-07,0.4384920046223981,0.07090131776458476,59,h1:h1_z;h2:h2_z
0.012589254117941675,1.000006621858255,1.0000000262334556,23.298006074553996,H1+H2,20460.132758563916,20459.70595488312,-0.42680368079665804,136,218,23.298006074553996,bayes_h1h2_marginal_boundary,measured_graph,3.916091131209139e-06,0.4325363189644313,0.07053830430545574,59,h1:h1_z;h2:h2_z
0.01584893192461114,1.0000050276227146,1.0000000237579625,17.146636964615027,H1+H2,20463.30583399298,20462.78163943809,-0.5241945548910899,136,218,17.146636964615027,bayes_h1h2_marginal_boundary,measured_graph,8.484096897796574e-05,0.42291483648234984,0.07039690799560548,59,h1:h1_z;h2:h2_z
0.01995262314968881,1.0000038696751243,1.0000000205383643,10.24204083771474,H1+H2,20466.865522930526,20466.23393750154,-0.6315854289855218,136,218,10.24204083771474,bayes_h1h2_marginal_boundary,measured_graph,0.002678672498275707,0.4093652576301391,0.07057870019405657,59,h1:h1_z;h2:h2_z
0.025118864315095822,1.0000030292772386,1.0000000189711833,3.9709512003391865,H1+H2,20470.118458623307,20469.369482320228,-0.7489763030799538,136,218,3.9709512003391865,bayes_h1h2_marginal_boundary,measured_graph,0.06161258514823343,0.3926216651530172,0.07119031441806484,59,h1:h1_z;h2:h2_z
0.03162277660168379,1.0000024245598014,1.0000000235452282,0.11975049196917098,H1+H2,20472.171449851587,20471.295082674413,-0.8763671771743852,136,218,0.11975049196917098,bayes_h1h2_marginal_boundary,measured_graph,0.4226170746652711,0.3743424896691708,0.07228510250538557,59,h1:h1_z;h2:h2_z
0.039810717055349734,1.000002018622722,1.000000046288756,-0.0,H1+H2,20472.368715971665,20471.354957920397,-1.0137580512688171,136,218,-0.0,bayes_h1h2_marginal_boundary,measured_graph,0.44869427516936666,0.3564572249641189,0.07381807171989728,59,h1:h1_z;h2:h2_z
0.05011872336272725,1.0000018067434064,1.0000000000583453,3.9308625402481994,H1+H2,20470.550675575636,20469.389526650273,-1.1611489253632492,136,218,3.9308625402481994,bayes_h1h2_marginal_boundary,measured_graph,0.06286002845689768,0.34042614363876395,0.07565995421777541,59,h1:h1_z;h2:h2_z
0.06309573444801936,1.0000018007398181,1.0000000002860654,11.482188116693578,H1+H2,20466.932403661507,20465.61386386205,-1.3185397994576809,136,218,11.482188116693578,bayes_h1h2_marginal_boundary,measured_graph,0.0014408708616838186,0.3269588634469593,0.07766192936252307,59,h1:h1_z;h2:h2_z
0.07943282347242822,1.0000020101532916,1.0000000011386014,22.04561251006089,H1+H2,20461.81808233892,20460.332151665367,-1.4859306735521132,136,218,22.04561251006089,bayes_h1h2_marginal_boundary,measured_graph,7.324982590288659e-06,0.3161981766215967,0.07971352989629783,59,h1:h1_z;h2:h2_z
0.1,1.0000023971897338,1.000000003096436,35.10614899088978,H1+H2,20455.4652049726,20453.801883424952,-1.663321547646544,136,218,35.10614899088978,bayes_h1h2_marginal_boundary,measured_graph,1.0684326096339318e-08,0.30801853668206486,0.0817498473239299,59,h1:h1_z;h2:h2_z
1e-05,1.0000001419339797,1.0000000093466386,11.38622511241556,H1+H2,13702.893340246432,13700.525653662562,-2.3676865838692702,110,122,11.38622511241556,bayes_h1h2_marginal_boundary,measured_graph,0.0005998392146039108,0.12109464636588119,0.0320429519194042,60,h1:h1_z;h2:h2_z
1.2589254117941661e-05,1.0000002103463332,1.0000000273846903,10.824385948479176,H1+H2,13702.961650702495,13700.80657324453,-2.155077457963703,110,122,10.824385948479176,bayes_h1h2_marginal_boundary,measured_graph,0.0007943953232866977,0.121091485698204,0.03200553919897987,60,h1:h1_z;h2:h2_z
1.584893192461114e-05,1.000000315553869,1.0000000682959924,10.21609169752628,H1+H2,13703.063188702065,13701.110720370007,-1.952468332058134,110,122,10.21609169752628,bayes_h1h2_marginal_boundary,measured_graph,0.0010767778097477555,0.12108568344568568,0.03195287929122028,60,h1:h1_z;h2:h2_z
1.9952623149688786e-05,1.0000004776842248,1.000000135249282,9.53942959131382,H1+H2,13703.208910629266,13701.449051423113,-1.7598592061525666,110,122,9.53942959131382,bayes_h1h2_marginal_boundary,measured_graph,0.0015102936848790344,0.12107550834575537,0.03188306457421001,60,h1:h1_z;h2:h2_z
2.5118864315095822e-05,1.000000731283386,1.0000001958636053,8.77774223122833,H1+H2,13703.407145183402,13701.829895103156,-1.5772500802469966,110,122,8.77774223122833,bayes_h1h2_marginal_boundary,measured_graph,0.002210343216942627,0.12105819794741061,0.031798037043590736,60,h1:h1_z;h2:h2_z
3.1622776601683795e-05,1.0000000049426538,1.0000001911377188,7.933603163943189,H1+H2,13703.656605591139,13702.251964636798,-1.404640954341429,110,122,7.933603163943189,bayes_h1h2_marginal_boundary,measured_graph,0.0033710266399257,0.12102946476368939,0.03170548375018865,60,h1:h1_z;h2:h2_z
3.9810717055349695e-05,1.0000000093977373,1.0000001184603633,7.043988331752189,H1+H2,13703.93880388133,13702.696772052894,-1.2420318284358616,110,122,7.043988331752189,bayes_h1h2_marginal_boundary,measured_graph,0.0052594410402649625,0.1209824471728987,0.03161747663719203,60,h1:h1_z;h2:h2_z
5.011872336272725e-05,1.000000019355639,1.0000000458622729,6.17983596715203,H1+H2,13704.218270937725,13703.128848235194,-1.089422702530293,110,122,6.17983596715203,bayes_h1h2_marginal_boundary,measured_graph,0.008101918919747922,0.12090693105265549,0.03154494775777779,60,h1:h1_z;h2:h2_z
6.309573444801929e-05,1.0000000427528228,1.0000000114476741,5.418225168334175,H1+H2,13704.456467211228,13703.509653634603,-0.9468135766247254,110,122,5.418225168334175,bayes_h1h2_marginal_boundary,measured_graph,0.011856856842134523,0.12078788009193467,0.03149221241911431,60,h1:h1_z;h2:h2_z
7.943282347242822e-05,1.0000000978898258,1.0000000019714335,4.801040759306488,H1+H2,13704.632450289835,13703.818245839117,-0.8142044507191568,110,122,4.801040759306488,bayes_h1h2_marginal_boundary,measured_graph,0.016143194072976225,0.12060449278082769,0.03145653636898157,60,h1:h1_z;h2:h2_z
0.0001,1.0000002190613144,1.0000001777218182,4.311234209151735,H1+H2,13704.754744439007,13704.063149114194,-0.6915953248135883,110,122,4.311234209151735,bayes_h1h2_marginal_boundary,measured_graph,0.020622893966540018,0.12033079307695708,0.0314318792469386,60,h1:h1_z;h2:h2_z
0.00012589254117941674,1.000000441459829,1.000000039409983,3.878985105344327,H1+H2,13704.858259865006,13704.279273666098,-0.5789861989080206,110,122,3.878985105344327,bayes_h1h2_marginal_boundary,measured_graph,0.02559831088355625,0.1199404121693348,0.03141251291087497,60,h1:h1_z;h2:h2_z
0.00015848931924611142,1.0000007236126454,1.0000000080177815,3.4077895547816297,H1+H2,13704.991248514381,13704.514871441379,-0.47637707300245236,110,122,3.4077895547816297,bayes_h1h2_marginal_boundary,measured_graph,0.03239888936908896,0.11941903801508316,0.031394424767708144,60,h1:h1_z;h2:h2_z
0.00019952623149688788,1.0000008608330608,1.0000000015590098,2.810595194103371,H1+H2,13705.197236568814,13704.813468621718,-0.38376794709688455,110,122,2.810595194103371,bayes_h1h2_marginal_boundary,measured_graph,0.04367261837101342,0.1187847391495607,0.03137525677371547,60,h1:h1_z;h2:h2_z
0.0002511886431509582,1.0000006682777327,1.000000000300234,2.0551388879866863,H1+H2,13705.492355595969,13705.191196774776,-0.30115882119131615,110,122,2.0551388879866863,bayes_h1h2_marginal_boundary,measured_graph,0.06371687727621803,0.11810416782822616,0.03135382872590298,60,h1:h1_z;h2:h2_z
0.00031622776601683794,1.000000317617191,1.000000000059214,1.208290974755073,H1+H2,13705.843170426679,13705.614620731392,-0.22854969528574837,110,122,1.208290974755073,bayes_h1h2_marginal_boundary,measured_graph,0.0973072437000372,0.11748001776219431,0.03132986114665565,60,h1:h1_z;h2:h2_z
0.00039810717055349735,1.0000000939907094,1.000000000012395,0.4453486164638889,H1+H2,13706.162032479919,13705.996091910538,-0.16594056938017995,110,122,0.4453486164638889,bayes_h1h2_marginal_boundary,measured_graph,0.14250037234288285,0.11700340520848548,0.03130404068043475,60,h1:h1_z;h2:h2_z
0.0005011872336272725,1.0000015367176838,1.000000000002844,-0.0,H1+H2,13706.332097662244,13706.21876621877,-0.11333144347461188,110,122,-0.0,bayes_h1h2_marginal_boundary,measured_graph,0.1780419008937492,0.11671106322721544,0.03127845006860806,60,h1:h1_z;h2:h2_z
0.000630957344480193,1.0000004164209881,1.000000000000733,0.09287274125745171,H1+H2,13706.24305216571,13706.172329848141,-0.07072231756904392,110,122,0.09287274125745171,bayes_h1h2_marginal_boundary,measured_graph,0.16996330320374878,0.11658777863604963,0.03125736276805735,60,h1:h1_z;h2:h2_z
0.0007943282347242822,1.0000001243573566,1.0000000000002158,0.9055266885770834,H1+H2,13705.804116066145,13705.766002874481,-0.03811319166347554,110,122,0.9055266885770834,bayes_h1h2_marginal_boundary,measured_graph,0.1132112538633009,0.1165979908611168,0.031248310937691804,60,h1:h1_z;h2:h2_z
0.001,1.0000000480166438,1.0000000000000675,2.6077625596153666,H1+H2,13704.93038900472,13704.914884938962,-0.015504065757907535,110,122,2.6077625596153666,bayes_h1h2_marginal_boundary,measured_graph,0.04833411572629637,0.11671320588971705,0.031263009088403494,60,h1:h1_z;h2:h2_z
0.0012589254117941675,1.0000000254422534,1.0000000000000224,5.390942469792208,H1+H2,13703.526189923727,13703.523294983874,-0.0028949398523394052,110,122,5.390942469792208,bayes_h1h2_marginal_boundary,measured_graph,0.01201970860106854,0.11691986396519363,0.03131705248601895,60,h1:h1_z;h2:h2_z
0.001584893192461114,1.0000000178061814,1.0000000000000069,9.449044978435268,H1+H2,13701.494529543499,13701.494243729552,-0.0002858139467712683,110,122,9.449044978435268,bayes_h1h2_marginal_boundary,measured_graph,0.0015801131077372544,0.11721486211004782,0.03142662995659094,60,h1:h1_z;h2:h2_z
0.0019952623149688807,1.0000000153249884,1.0000000000000029,14.881187116090587,H1+H2,13698.785849348766,13698.778172660725,-0.007676688041203171,110,122,14.881187116090587,bayes_h1h2_marginal_boundary,measured_graph,0.00010449932810914027,0.11759575024714933,0.031601058249004665,60,h1:h1_z;h2:h2_z
0.002511886431509582,1.000000015333777,1.000000000000003,21.551490263405867,H1+H2,13695.468088649202,13695.443021087067,-0.025067562135635053,110,122,21.551490263405867,bayes_h1h2_marginal_boundary,measured_graph,3.7211362609918354e-06,0.11804986511903964,0.03183320619940362,60,h1:h1_z;h2:h2_z
0.0031622776601683794,1.000000017231389,1.0000000000000044,29.009680607199698,H1+H2,13691.7663843514,13691.71392591517,-0.05245843623006681,110,122,29.009680607199698,bayes_h1h2_marginal_boundary,measured_graph,8.9361431600955e-08,0.11854736008944747,0.032094140009830005,60,h1:h1_z;h2:h2_z
0.003981071705534973,1.0000000212700253,1.0000000000000202,36.570536530558456,H1+H2,13688.023347263816,13687.93349795349,-0.08984931032449865,110,122,36.570536530558456,bayes_h1h2_marginal_boundary,measured_graph,2.0385957511596442e-09,0.11904555660765066,0.032337901728405206,60,h1:h1_z;h2:h2_z
0.005011872336272725,1.0000000285384578,1.000000000000062,43.54439660479693,H1+H2,13684.58380810079,13684.446567916371,-0.13724018441893068,110,122,43.54439660479693,bayes_h1h2_marginal_boundary,measured_graph,6.23701287866775e-11,0.11950852949958124,0.032515544758824066,60,h1:h1_z;h2:h2_z
0.006309573444801936,1.0000000419752053,1.0000000000001514,49.49961886480742,H1+H2,13681.66358784488,13681.468956786366,-0.19463105851336257,110,122,49.49961886480742,bayes_h1h2_marginal_boundary,measured_graph,3.1755324701347766e-12,0.11993328723565759,0.032591191125065345,60,h1:h1_z;h2:h2_z
0.00794328234724282,1.0000000694893032,1.0000000000003033,54.41291464697133,H1+H2,13679.274330827891,13679.012308895284,-0.26202193260779433,110,122,54.41291464697133,bayes_h1h2_marginal_boundary,measured_graph,2.722124188898229e-13,0.12036350435406605,0.0325521525073671,60,h1:h1_z;h2:h2_z
0.01,1.0000001332568487,1.0000000000005334,58.635048591007944,H1+H2,13677.240654729969,13676.901241923266,-0.3394128067022262,110,122,58.635048591007944,bayes_h1h2_marginal_boundary,measured_graph,3.2967286160123706e-14,0.12087792844775196,0.032409298667803815,60,h1:h1_z;h2:h2_z
0.012589254117941675,1.0000002998299913,1.000000000000823,62.735267273114005,H1+H2,13675.27793626301,13674.851132582213,-0.42680368079665804,110,122,62.735267273114005,bayes_h1h2_marginal_boundary,measured_graph,4.243576382896867e-15,0.12156169640114656,0.03219093452884221,60,h1:h1_z;h2:h2_z
0.01584893192461114,1.000000782320393,1.0000000000010958,67.37582226010272,H1+H2,13673.05504964361,13672.530855088718,-0.5241945548910899,110,122,67.37582226010272,bayes_h1h2_marginal_boundary,measured_graph,4.1691575946902187e-16,0.12248584347829436,0.03193743309587963,60,h1:h1_z;h2:h2_z
0.01995262314968881,1.000002281564839,1.0000000000012734,73.28322943792955,H1+H2,13670.208736928791,13669.577151499805,-0.6315854289855218,110,122,73.28322943792955,bayes_h1h2_marginal_boundary,measured_graph,2.174058079452317e-17,0.12371233839771242,0.03169903805179933,60,h1:h1_z;h2:h2_z
0.025118864315095822,1.0000001462077655,1.000000000001335,81.20793517187121,H1+H2,13666.363774935915,13665.614798632834,-0.7489763030799538,110,122,81.20793517187121,bayes_h1h2_marginal_boundary,measured_graph,4.1346919306684954e-19,0.12531337287559038,0.03153193650511951,60,h1:h1_z;h2:h2_z
0.03162277660168379,1.0000006005505044,1.0000000000013431,91.73561600081666,H1+H2,13661.227325395535,13660.350958218361,-0.8763671771743852,110,122,91.73561600081666,bayes_h1h2_marginal_boundary,measured_graph,2.1398646820642615e-21,0.12737167338397387,0.03148811434775153,60,h1:h1_z;h2:h2_z
0.039810717055349734,1.0000019760098249,1.000000000001346,104.99027430980641,H1+H2,13654.737387115136,13653.723629063867,-1.0137580512688171,110,122,104.99027430980641,bayes_h1h2_marginal_boundary,measured_graph,2.8325255065549273e-24,0.1299414003764404,0.031601446740840075,60,h1:h1_z;h2:h2_z
0.05011872336272725,1.0000044299052602,1.0000000000013214,120.46351415704703,H1+H2,13647.14815806561,13645.987009140246,-1.1611489253632492,110,122,120.46351415704703,bayes_h1h2_marginal_boundary,measured_graph,1.2365238229154579e-27,0.1329718614522788,0.031876767550250346,60,h1:h1_z;h2:h2_z
0.06309573444801936,1.0000059196770226,1.0000000000012088,137.1522198841485,H1+H2,13638.961196076154,13637.642656276696,-1.3185397994576809,110,122,137.1522198841485,bayes_h1h2_marginal_boundary,measured_graph,2.9396531042248874e-31,0.13625004457181178,0.0322871437339569,60,h1:h1_z;h2:h2_z
0.07943282347242822,1.0000043712017215,1.0000000000009903,153.92058391247338,H1+H2,13630.744404936086,13629.258474262533,-1.4859306735521132,110,122,153.92058391247338,bayes_h1h2_marginal_boundary,measured_graph,6.715712569592934e-35,0.1394428019432818,0.03278148769107113,60,h1:h1_z;h2:h2_z
0.1,1.0000017612646508,1.0000000000007245,169.82619932897433,H1+H2,13622.96898810193,13621.305666554283,-1.663321547646544,110,122,169.82619932897433,bayes_h1h2_marginal_boundary,measured_graph,2.361737344613245e-38,0.14224654129664902,0.03330083400785988,60,h1:h1_z;h2:h2_z
1e-05,1.0000008201139712,0.9999928497506552,49.481418670842686,H1+H2,12168.560961390529,12166.19327480666,-2.3676865838692702,93,109,49.481418670842686,bayes_h1h2_marginal_boundary,measured_graph,3.5066320504356353e-12,0.0695341791612072,0.014394293407217944,61,h1:h1_z;h2:h2_z
1.2589254117941661e-05,1.000000931958221,0.9999861800264916,44.522814100779215,H1+H2,12170.827654549656,12168.672577091691,-2.155077457963703,93,109,44.522814100779215,bayes_h1h2_marginal_boundary,measured_graph,4.184441486833541e-11,0.0695056464882738,0.014033608145069338,61,h1:h1_z;h2:h2_z
1.584893192461114e-05,1.0000010955622505,0.9999872938149427,38.13478990958902,H1+H2,12173.819057519344,12171.866589187286,-1.952468332058134,93,109,38.13478990958902,bayes_h1h2_marginal_boundary,measured_graph,1.0204208586209478e-09,0.06946558500427556,0.013674277170820748,61,h1:h1_z;h2:h2_z
1.9952623149688786e-05,1.0000013308615805,0.9999949566400613,30.798286914407072,H1+H2,12177.29469989103,12175.534840684877,-1.7598592061525666,93,109,30.798286914407072,bayes_h1h2_marginal_boundary,measured_graph,3.998349109436485e-08,0.06940897529532562,0.013381151009629166,61,h1:h1_z;h2:h2_z
2.5118864315095822e-05,1.000001661639516,0.9999990856502883,23.45973064809732,H1+H2,12180.781368898279,12179.204118818032,-1.5772500802469966,93,109,23.45973064809732,bayes_h1h2_marginal_boundary,measured_graph,1.5682957190081172e-06,0.06932880316040285,0.013182635464903914,61,h1:h1_z;h2:h2_z
3.1622776601683795e-05,1.0000021122369234,0.9999969680958075,17.006836192034825,H1+H2,12183.835207000404,12182.430566046063,-1.404640954341429,93,109,17.006836192034825,bayes_h1h2_marginal_boundary,measured_graph,3.950537460038978e-05,0.06921574071820814,0.013066375146712654,61,h1:h1_z;h2:h2_z
3.9810717055349695e-05,1.000002692916211,0.9999996355190064,11.875317348367389,H1+H2,12186.238357296334,12184.996325467897,-1.2420318284358616,93,109,11.875317348367389,bayes_h1h2_marginal_boundary,measured_graph,0.0005139860630081059,0.06905849932991681,0.013005139121094085,61,h1:h1_z;h2:h2_z
5.011872336272725e-05,1.0000033536404342,0.9999999616276866,8.058926618930855,H1+H2,12187.993943535146,12186.904520832615,-1.089422702530293,93,109,8.058926618930855,bayes_h1h2_marginal_boundary,measured_graph,0.0034647352959325485,0.0688458724499094,0.012975703097497814,61,h1:h1_z;h2:h2_z
6.309573444801929e-05,1.000003898581061,0.9999991934195227,5.312313527705555,H1+H2,12189.224640954853,12188.277827378228,-0.9468135766247254,93,109,5.312313527705555,bayes_h1h2_marginal_boundary,measured_graph,0.013680107654796537,0.0685718404440863,0.012963272294237164,61,h1:h1_z;h2:h2_z
7.943282347242822e-05,1.0000039642383418,0.9999998213635946,3.335060352612345,H1+H2,12190.080658416493,12189.266453965774,-0.8142044507191568,93,109,3.335060352612345,bayes_h1h2_marginal_boundary,measured_graph,0.03676584794172821,0.06824401513941186,0.012959806167644004,61,h1:h1_z;h2:h2_z
0.0001,1.0000032945523156,0.999999950592239,1.8857571363041643,H1+H2,12190.682700898742,12189.991105573929,-0.6915953248135883,93,109,1.8857571363041643,bayes_h1h2_marginal_boundary,measured_graph,0.07588514728949773,0.06789120495713223,0.012961375859788227,61,h1:h1_z;h2:h2_z
0.00012589254117941674,1.0000021609362444,0.9999999823326706,0.838996531572775,H1+H2,12191.093472075203,12190.514485876294,-0.5789861989080206,93,109,0.838996531572775,bayes_h1h2_marginal_boundary,measured_graph,0.12807311089580142,0.06756005391647625,0.012966184309537948,61,h1:h1_z;h2:h2_z
0.00015848931924611142,1.0000011603651093,0.9999999918938877,0.1893112429534085,H1+H2,12191.315705593606,12190.839328520604,-0.47637707300245236,93,109,0.1893112429534085,bayes_h1h2_marginal_boundary,measured_graph,0.17722922018530898,0.06729517163590434,0.012973472486316008,61,h1:h1_z;h2:h2_z
0.00019952623149688788,1.0000005738647977,0.9999999953892275,-0.0,H1+H2,12191.317752089177,12190.93398414208,-0.38376794709688455,93,109,-0.0,bayes_h1h2_marginal_boundary,measured_graph,0.19482457640985384,0.0671165373074235,0.012982939433703109,61,h1:h1_z;h2:h2_z
0.0002511886431509582,1.0000003051493747,0.9999999968772836,0.3258219701638154,H1+H2,12191.07223197819,12190.771073156999,-0.30115882119131615,93,109,0.3258219701638154,bayes_h1h2_marginal_boundary,measured_graph,0.16553597792012717,0.06701528242526664,0.012994444999721407,61,h1:h1_z;h2:h2_z
0.00031622776601683794,1.0000001945911214,0.9999999975489404,1.1639390784112038,H1+H2,12190.580564298161,12190.352014602875,-0.22854969528574837,93,109,1.1639390784112038,bayes_h1h2_marginal_boundary,measured_graph,0.10886733232795086,0.06696768903096627,0.013007855115855206,61,h1:h1_z;h2:h2_z
0.00039810717055349735,1.000000150772758,0.999999997782766,2.4560114415871794,H1+H2,12189.871918990668,12189.705978421287,-0.16594056938017995,93,109,2.4560114415871794,bayes_h1h2_marginal_boundary,measured_graph,0.05705945673089951,0.06695038623565751,0.013022990845023659,61,h1:h1_z;h2:h2_z
0.0005011872336272725,1.0000001344824332,0.9999999976691106,4.1207759540156985,H1+H2,12188.986927608546,12188.873596165073,-0.11333144347461188,93,109,4.1207759540156985,bayes_h1h2_marginal_boundary,measured_graph,0.024821533643772695,0.06694692056491298,0.013039738931370686,61,h1:h1_z;h2:h2_z
0.000630957344480193,1.000000129583502,0.9999999971327603,6.0919634103629505,H1+H2,12187.958724754468,12187.8880024369,-0.07072231756904392,93,109,6.0919634103629505,bayes_h1h2_marginal_boundary,measured_graph,0.009263832503824964,0.06694751065485063,0.013058486870313643,61,h1:h1_z;h2:h2_z
0.0007943282347242822,1.000000128927131,0.9999999959455932,8.355281475767697,H1+H2,12186.79445659586,12186.756343404197,-0.03811319166347554,93,109,8.355281475767697,bayes_h1h2_marginal_boundary,measured_graph,0.0029875653982183088,0.0669465708059401,0.013081106930972574,61,h1:h1_z;h2:h2_z
0.001,1.0000001289564606,0.9999999937604773,10.986964521831396,H1+H2,12185.456005946922,12185.440501881165,-0.015504065757907535,93,109,10.986964521831396,bayes_h1h2_marginal_boundary,measured_graph,0.0008014099096794317,0.06694045987626944,0.013112533556979817,61,h1:h1_z;h2:h2_z
0.0012589254117941675,1.0000001276219095,0.999999990422473,14.182824461706332,H1+H2,12183.84546685108,12183.842571911227,-0.0028949398523394052,93,109,14.182824461706332,bayes_h1h2_marginal_boundary,measured_graph,0.00016213715188809165,0.06692599654951771,0.013162292466166415,61,h1:h1_z;h2:h2_z
0.001584893192461114,1.0000001235569924,0.9999999866999026,18.2427845798411,H1+H2,12181.812877666107,12181.81259185216,-0.0002858139467712683,93,109,18.2427845798411,bayes_h1h2_marginal_boundary,measured_graph,2.129479197453292e-05,0.06689962236899599,0.013244374038203728,61,h1:h1_z;h2:h2_z
0.0019952623149688807,1.0000001158604153,0.9999999846028425,23.47785593970184,H1+H2,12179.20273286027,12179.19505617223,-0.007676688041203171,93,109,23.47785593970184,bayes_h1h2_marginal_boundary,measured_graph,1.5541470195571402e-06,0.06685713636834269,0.013373881698198947,61,h1:h1_z;h2:h2_z
0.002511886431509582,1.0000001042415159,0.9999999858348342,30.05944684338465,H1+H2,12175.929328282524,12175.904260720388,-0.025067562135635053,93,109,30.05944684338465,bayes_h1h2_marginal_boundary,measured_graph,5.785192228048092e-08,0.06679418123027574,0.013560957835668538,61,h1:h1_z;h2:h2_z
0.0031622776601683794,1.0000000893022183,0.99999998971252,37.89191538304658,H1+H2,12172.040484886787,12171.988026450557,-0.05245843623006681,93,109,37.89191538304658,bayes_h1h2_marginal_boundary,measured_graph,1.1521760962962604e-09,0.06670781579803947,0.01380498712136594,61,h1:h1_z;h2:h2_z
0.003981071705534973,1.000000072615813,0.9999999938746879,46.59200680635331,H1+H2,12167.727830049229,12167.637980738904,-0.08984931032449865,93,109,46.59200680635331,bayes_h1h2_marginal_boundary,measured_graph,1.487024117575834e-11,0.06659918426339059,0.014092465972850214,61,h1:h1_z;h2:h2_z
0.005011872336272725,1.000000056314422,0.9999999966917217,55.60214413564245,H1+H2,12163.270152258678,12163.13291207426,-0.13724018441893068,93,109,55.60214413564245,bayes_h1h2_marginal_boundary,measured_graph,1.6435826594721212e-13,0.06647621831666407,0.014400276658399576,61,h1:h1_z;h2:h2_z
0.006309573444801936,1.0000000422823163,0.9999999980408392,64.38176016807483,H1+H2,12158.937735116557,12158.743104058043,-0.19463105851336257,93,109,64.38176016807483,bayes_h1h2_marginal_boundary,measured_graph,2.0385536828366548e-15,0.06635410272145262,0.014703319369810171,61,h1:h1_z;h2:h2_z
0.00794328234724282,1.000000031477236,0.9999999984165199,72.56302425670583,H1+H2,12154.914493946335,12154.652472013728,-0.26202193260779433,93,109,72.56302425670583,bayes_h1h2_marginal_boundary,measured_graph,3.410226526278046e-17,0.06625171816923874,0.014982482585350105,61,h1:h1_z;h2:h2_z
0.01,1.0000000238246165,0.9999999981302249,79.9982695909166,H1+H2,12151.274262153325,12150.934849346622,-0.3394128067022262,93,109,79.9982695909166,bayes_h1h2_marginal_boundary,measured_graph,8.284002439074868e-19,0.06618538014214359,0.015228929031729717,61,h1:h1_z;h2:h2_z
0.012589254117941675,1.000000018576252,0.9999999971422213,86.72943981207573,H1+H2,12147.99606791684,12147.569264236043,-0.42680368079665804,93,109,86.72943981207573,bayes_h1h2_marginal_boundary,measured_graph,2.8614435074304817e-20,0.06616407938631695,0.015444227390690676,61,h1:h1_z;h2:h2_z
0.01584893192461114,1.0000016189230396,0.9999999950797862,92.94611997446191,H1+H2,12144.985118709741,12144.46092415485,-0.5241945548910899,93,109,92.94611997446191,bayes_h1h2_marginal_boundary,measured_graph,1.2783513401013872e-21,0.06618921448276034,0.015638426951960053,61,h1:h1_z;h2:h2_z
0.01995262314968881,1.0000013464249267,0.9999999913715829,98.95217924410099,H1+H2,12142.089479949016,12141.45789452003,-0.6315854289855218,93,109,98.95217924410099,bayes_h1h2_marginal_boundary,measured_graph,6.345283514784843e-23,0.06625837170805554,0.015827546427938266,61,h1:h1_z;h2:h2_z
0.025118864315095822,1.000001102567606,0.9999999858075276,105.12420235034006,H1+H2,12139.120859269991,12138.37188296691,-0.7489763030799538,93,109,105.12420235034006,bayes_h1h2_marginal_boundary,measured_graph,2.8987665624502957e-24,0.06636958072485083,0.016030646078580124,61,h1:h1_z;h2:h2_z
0.03162277660168379,1.00000090143644,0.9999999797103236,111.85817990615033,H1+H2,12135.88126136618,12135.004894189005,-0.8763671771743852,93,109,111.85817990615033,bayes_h1h2_marginal_boundary,measured_graph,9.998816453171987e-26,0.06652531775468917,0.016266791733653297,61,h1:h1_z;h2:h2_z
0.039810717055349734,1.0000007753336033,0.9999999758546231,119.53268073345316,H1+H2,12132.181401826623,12131.167643775354,-1.0137580512688171,93,109,119.53268073345316,bayes_h1h2_marginal_boundary,measured_graph,2.155023030809974e-27,0.0667346531129779,0.016553071555062384,61,h1:h1_z;h2:h2_z
0.05011872336272725,1.000000754533651,0.9999999753048923,128.49870080527035,H1+H2,12127.845782664808,12126.684633739445,-1.1611489253632492,93,109,128.49870080527035,bayes_h1h2_marginal_boundary,measured_graph,2.435036048480077e-29,0.06701356070084027,0.016904270983686836,61,h1:h1_z;h2:h2_z
0.06309573444801936,1.0000008766398223,0.9999999747851862,139.04729531708654,H1+H2,12122.728876282996,12121.410336483537,-1.3185397994576809,93,109,139.04729531708654,bayes_h1h2_marginal_boundary,measured_graph,1.2471170041552365e-31,0.06738341701136914,0.01733218804206292,61,h1:h1_z;h2:h2_z
0.07943282347242822,1.0000012073041433,0.9999999670887412,151.2897931327352,H1+H2,12116.775018249265,12115.289087575713,-1.4859306735521132,93,109,151.2897931327352,bayes_h1h2_marginal_boundary,measured_graph,2.7383097814282543e-34,0.06786856773271338,0.017841246635128944,61,h1:h1_z;h2:h2_z
0.1,1.000001818599171,0.9999999389418086,164.9934996267948,H1+H2,12110.10055587633,12108.437234328683,-1.663321547646544,93,109,164.9934996267948,bayes_h1h2_marginal_boundary,measured_graph,2.8957463776759353e-37,0.06849331097571422,0.01842187507275862,61,h1:h1_z;h2:h2_z
1e-05,1.0000048262042802,1.000000021517593,2.939822199710761,H1+H2,20162.71172961485,20160.344043030982,-2.3676865838692702,128,218,2.939822199710761,bayes_h1h2_marginal_boundary,measured_graph,0.017802491442097113,0.46585564749611347,0.04006829988394864,62,h1:h1_z;h2:h2_z
1.2589254117941661e-05,1.0000048399245522,1.000000050170334,2.5088636532236706,H1+H2,20162.71459976219,20160.559522304226,-2.155077457963703,128,218,2.5088636532236706,bayes_h1h2_marginal_boundary,measured_graph,0.022083212166960613,0.46585614231753736,0.040065891118000324,62,h1:h1_z;h2:h2_z
1.584893192461114e-05,1.0000048609882397,1.0000000000442202,2.097569715224381,H1+H2,20162.717637605285,20160.765169273225,-1.952468332058134,128,218,2.097569715224381,bayes_h1h2_marginal_boundary,measured_graph,0.027125239963541613,0.46585674844602587,0.0400623430894431,62,h1:h1_z;h2:h2_z
1.9952623149688786e-05,1.0000048924253444,1.0000000001410667,1.7066404508368578,H1+H2,20162.72049311157,20160.96063390542,-1.7598592061525666,128,218,1.7066404508368578,bayes_h1h2_marginal_boundary,measured_graph,0.03298092257781184,0.4658574851776393,0.04005716572486843,62,h1:h1_z;h2:h2_z
2.5118864315095822e-05,1.0000049374946032,1.000000000402955,1.3375119386982988,H1+H2,20162.722448241737,20161.14519816149,-1.5772500802469966,128,218,1.3375119386982988,bayes_h1h2_marginal_boundary,measured_graph,0.039665966247707914,0.465858371578217,0.04004976691005516,62,h1:h1_z;h2:h2_z
3.1622776601683795e-05,1.000004998504881,1.0000000009769914,0.9930178480281029,H1+H2,20162.722086161164,20161.317445206823,-1.404640954341429,128,218,0.9930178480281029,bayes_h1h2_marginal_boundary,measured_graph,0.0471220286849374,0.4658594236416753,0.040039556477179876,62,h1:h1_z;h2:h2_z
3.9810717055349695e-05,1.000005074747176,1.0000000018770308,0.6785027212245041,H1+H2,20162.71673459866,20161.474702770225,-1.2420318284358616,128,218,0.6785027212245041,bayes_h1h2_marginal_boundary,measured_graph,0.05514676883983931,0.4658606491117549,0.04002620349619664,62,h1:h1_z;h2:h2_z
5.011872336272725e-05,1.000005160382035,1.0000000026394142,0.403519288636744,H1+H2,20162.70161718905,20161.61219448652,-1.089422702530293,128,218,0.403519288636744,bayes_h1h2_marginal_boundary,measured_graph,0.0632749724922313,0.46586203815245614,0.04001002480948988,62,h1:h1_z;h2:h2_z
6.309573444801929e-05,1.0000052445359295,1.000000002512107,0.18368276955152396,H1+H2,20162.668926322687,20161.72211274606,-0.9468135766247254,128,218,0.18368276955152396,bayes_h1h2_marginal_boundary,measured_graph,0.07062669090799473,0.4658635468226845,0.03999227623121066,62,h1:h1_z;h2:h2_z
7.943282347242822e-05,1.0000053154399802,1.000000001527413,0.040996435105626006,H1+H2,20162.607660364003,20161.793455913285,-0.8142044507191568,128,218,0.040996435105626006,bayes_h1h2_marginal_boundary,measured_graph,0.07584951400546333,0.46586506911931624,0.03997492091569316,62,h1:h1_z;h2:h2_z
0.0001,1.0000053664898998,1.0000000005823069,-0.0,H1+H2,20162.50554945565,20161.813954130837,-0.6915953248135883,128,218,-0.0,bayes_h1h2_marginal_boundary,measured_graph,0.07742033839321318,0.46586639253748674,0.03995973297050534,62,h1:h1_z;h2:h2_z
0.00012589254117941674,1.00000539902737,1.0000000001431102,0.07926552026037825,H1+H2,20162.353307569614,20161.774321370707,-0.5789861989080206,128,218,0.07926552026037825,bayes_h1h2_marginal_boundary,measured_graph,0.07441196552715572,0.46586713067408414,0.03994736667533054,62,h1:h1_z;h2:h2_z
0.00015848931924611142,1.0000054200611033,1.000000061295705,0.28298405634996016,H1+H2,20162.148839175665,20161.672462102662,-0.47637707300245236,128,218,0.28298405634996016,bayes_h1h2_marginal_boundary,measured_graph,0.06720566118739828,0.46586662359948716,0.03993720800428782,62,h1:h1_z;h2:h2_z
0.00019952623149688788,1.0000054384311996,1.0000000154119177,0.5988341170013882,H1+H2,20161.898305019433,20161.514537072337,-0.38376794709688455,128,218,0.5988341170013882,bayes_h1h2_marginal_boundary,measured_graph,0.057387841338412016,0.4658637955687165,0.03992796483871357,62,h1:h1_z;h2:h2_z
0.0002511886431509582,1.0000054628488497,1.0000000034741323,1.0028856577264378,H1+H2,20161.613670123166,20161.312511301974,-0.30115882119131615,128,218,1.0028856577264378,bayes_h1h2_marginal_boundary,measured_graph,0.04689010569257749,0.46585696683078687,0.03991827070475522,62,h1:h1_z;h2:h2_z
0.00031622776601683794,1.0000055020310452,1.0000000007601628,1.4667000733825262,H1+H2,20161.309153789432,20161.080604094146,-0.22854969528574837,128,218,1.4667000733825262,bayes_h1h2_marginal_boundary,measured_graph,0.03718477782658549,0.465843642382539,0.03990693368544801,62,h1:h1_z;h2:h2_z
0.00039810717055349735,1.0000055654898266,1.0000000001780123,1.9624707634502556,H1+H2,20160.99865931849,20160.832718749112,-0.16594056938017995,128,218,1.9624707634502556,bayes_h1h2_marginal_boundary,measured_graph,0.02902083830805077,0.46582036535841453,0.03989287220788049,62,h1:h1_z;h2:h2_z
0.0005011872336272725,1.000005663559514,1.0000000000502138,2.4650299931599875,H1+H2,20160.69477057773,20160.581439134257,-0.11333144347461188,128,218,2.4650299931599875,bayes_h1h2_marginal_boundary,measured_graph,0.02257254894256856,0.46578285492624294,0.03987494462475828,62,h1:h1_z;h2:h2_z
0.000630957344480193,1.0000058055119971,1.0000000000189746,2.9515643072882085,H1+H2,20160.408894294764,20160.338171977193,-0.07072231756904392,128,218,2.9515643072882085,bayes_h1h2_marginal_boundary,measured_graph,0.01769827827716151,0.4657268522186697,0.0398517651918226,62,h1:h1_z;h2:h2_z
0.0007943282347242822,1.0000059952129876,1.0000000000099385,3.4000566998292925,H1+H2,20160.152038972585,20160.113925780923,-0.03811319166347554,128,218,3.4000566998292925,bayes_h1h2_marginal_boundary,measured_graph,0.014143019291954096,0.46565023932770433,0.03982152394266563,62,h1:h1_z;h2:h2_z
0.001,1.0000062264900478,1.0000000000068456,3.787045390199637,H1+H2,20159.935935501497,20159.920431435738,-0.015504065757907535,128,218,3.787045390199637,bayes_h1h2_marginal_boundary,measured_graph,0.011654901497348364,0.46555660889566786,0.0397818157472426,62,h1:h1_z;h2:h2_z
0.0012589254117941675,1.0000064862092404,1.0000000000057252,4.08520954339474,H1+H2,20159.77424429899,20159.77134935914,-0.0028949398523394052,128,218,4.08520954339474,bayes_h1h2_marginal_boundary,measured_graph,0.01004067902871241,0.46545883880210775,0.03972953086043626,62,h1:h1_z;h2:h2_z
0.001584893192461114,1.0000067752287884,1.0000000000054574,4.262270588493266,H1+H2,20159.683104650536,20159.68281883659,-0.0002858139467712683,128,218,4.262270588493266,bayes_h1h2_marginal_boundary,measured_graph,0.009189984242854526,0.4653787599863045,0.03966096274223063,62,h1:h1_z;h2:h2_z
0.0019952623149688807,1.0000071427634925,1.0000000000057676,4.2851253168119,H1+H2,20159.679068160473,20159.67139147243,-0.007676688041203171,128,218,4.2851253168119,bayes_h1h2_marginal_boundary,measured_graph,0.009085564702645333,0.4653391149467763,0.039572419247270486,62,h1:h1_z;h2:h2_z
0.002511886431509582,1.0000077119373292,1.0000000000066356,4.13582473401766,H1+H2,20159.771109325964,20159.74604176383,-0.025067562135635053,128,218,4.13582473401766,bayes_h1h2_marginal_boundary,measured_graph,0.009789762032120784,0.4653497680898392,0.03946165371339185,62,h1:h1_z;h2:h2_z
0.0031622776601683794,1.0000003635248247,1.0000000000082665,3.8440668725816067,H1+H2,20159.944379130775,20159.891920694547,-0.05245843623006681,128,218,3.8440668725816067,bayes_h1h2_marginal_boundary,measured_graph,0.011327303833932857,0.465397473192768,0.03933016749945241,62,h1:h1_z;h2:h2_z
0.003981071705534973,1.0000004519463586,1.0000000000109854,3.5336269050458213,H1+H2,20160.136989988638,20160.047140678314,-0.08984931032449865,128,218,3.5336269050458213,bayes_h1h2_marginal_boundary,measured_graph,0.013229326416541114,0.46543063025411113,0.0391858448147538,62,h1:h1_z;h2:h2_z
0.005011872336272725,1.0000006250346183,1.0000000000153138,3.455526921992714,H1+H2,20160.22343085426,20160.08619066984,-0.13724018441893068,128,218,3.455526921992714,bayes_h1h2_marginal_boundary,measured_graph,0.013756150800281697,0.4653644439081843,0.039044785883967016,62,h1:h1_z;h2:h2_z
0.006309573444801936,1.0000009842705,1.0000000000219533,3.9905993626234704,H1+H2,20160.013285508037,20159.818654449526,-0.19463105851336257,128,218,3.9905993626234704,bayes_h1h2_marginal_boundary,measured_graph,0.010527067893420547,0.4650710743142484,0.03893105361651584,62,h1:h1_z;h2:h2_z
0.00794328234724282,1.0000017733077406,1.0000000000317508,5.598876030162501,H1+H2,20159.276538048365,20159.014516115756,-0.26202193260779433,128,218,5.598876030162501,bayes_h1h2_marginal_boundary,measured_graph,0.0047105821585631995,0.46439913391988197,0.038873445891867704,62,h1:h1_z;h2:h2_z
0.01,1.0000035414279442,1.0000000000455513,8.720570554614824,H1+H2,20157.79308166023,20157.45366885353,-0.3394128067022262,128,218,8.720570554614824,bayes_h1h2_marginal_boundary,measured_graph,0.000989024909334812,0.4632364056149276,0.03889919541232825,62,h1:h1_z;h2:h2_z
0.012589254117941675,1.000007307952664,1.0000000000636569,13.659295292229217,H1+H2,20155.411110165518,20154.984306484723,-0.42680368079665804,128,218,13.659295292229217,bayes_h1h2_marginal_boundary,measured_graph,8.370989152960876e-05,0.4616219131774487,0.039026120887031335,62,h1:h1_z;h2:h2_z
0.01584893192461114,1.0000143348457085,1.000000000084263,20.509572553746693,H1+H2,20152.083362408855,20151.559167853964,-0.5241945548910899,128,218,20.509572553746693,bayes_h1h2_marginal_boundary,measured_graph,2.724319080363593e-06,0.4598540213272553,0.0392569444820531,62,h1:h1_z;h2:h2_z
0.01995262314968881,1.000002512557729,1.000000000101846,29.165777285357763,H1+H2,20147.862650917144,20147.23106548816,-0.6315854289855218,128,218,29.165777285357763,bayes_h1h2_marginal_boundary,measured_graph,3.594073857264237e-08,0.45850264461245044,0.039578970936039126,62,h1:h1_z;h2:h2_z
0.025118864315095822,1.0000042276220964,1.000000000108137,39.37169769506727,H1+H2,20142.877081586383,20142.128105283304,-0.7489763030799538,128,218,39.37169769506727,bayes_h1h2_marginal_boundary,measured_graph,2.1847388882041228e-10,0.45825344780186333,0.03996758254845513,62,h1:h1_z;h2:h2_z
0.03162277660168379,1.000005988848093,1.00000000009808,50.700185423767834,H1+H2,20137.340228596127,20136.463861418953,-0.8763671771743852,128,218,50.700185423767834,bayes_h1h2_marginal_boundary,measured_graph,7.576169539054006e-13,0.459740961585659,0.04038825525021818,62,h1:h1_z;h2:h2_z
0.039810717055349734,1.00000715146973,1.000000000075208,62.45932921455096,H1+H2,20131.59804757483,20130.584289523562,-1.0137580512688171,128,218,62.45932921455096,bayes_h1h2_marginal_boundary,measured_graph,2.118283359676367e-15,0.463397073332163,0.04079456248617568,62,h1:h1_z;h2:h2_z
0.05011872336272725,1.0000070588535737,1.0000000000501044,73.62934099430277,H1+H2,20126.16043255905,20124.999283633686,-1.1611489253632492,128,218,73.62934099430277,bayes_h1h2_marginal_boundary,measured_graph,7.951458840449607e-18,0.4693800203686502,0.041128010113367384,62,h1:h1_z;h2:h2_z
0.06309573444801936,1.0000054883771294,1.0000000000312859,83.0391023344855,H1+H2,20121.61294276305,20120.294402963595,-1.3185397994576809,128,218,83.0391023344855,bayes_h1h2_marginal_boundary,measured_graph,7.196860790827696e-20,0.47750653072606064,0.041331019876047814,62,h1:h1_z;h2:h2_z
0.07943282347242822,1.0000031529998232,1.000000000020453,89.81555532400671,H1+H2,20118.392107142387,20116.906176468834,-1.4859306735521132,128,218,89.81555532400671,bayes_h1h2_marginal_boundary,measured_graph,2.4302728327587374e-21,0.48721128107409734,0.04137382226556542,62,h1:h1_z;h2:h2_z
0.1,1.000001269229684,1.0000000000153004,93.77754618253675,H1+H2,20116.588502587216,20114.92518103957,-1.663321547646544,128,218,93.77754618253675,bayes_h1h2_marginal_boundary,measured_graph,3.352120704389873e-22,0.4976528465788095,0.04127407022110206,62,h1:h1_z;h2:h2_z
1e-05,1.000000076983273,1.0000000338389938,116.87183814937453,H1+H2,17406.78435043025,17404.416663846383,-2.3676865838692702,114,190,116.87183814937453,bayes_h1h2_marginal_boundary,measured_graph,4.181452563711675e-26,0.7324633500626219,0.0860824110277831,63,h1:h1_z;h2:h2_z
1.2589254117941661e-05,1.00000007742405,1.000000116307874,116.3224548979415,H1+H2,17406.846432930062,17404.6913554721,-2.155077457963703,114,190,116.3224548979415,bayes_h1h2_marginal_boundary,measured_graph,5.503313223663276e-26,0.7324633429826048,0.08603959746887506,63,h1:h1_z;h2:h2_z
1.584893192461114e-05,1.0000000780508893,1.0000003816894374,115.72382506615395,H1+H2,17406.943138720053,17404.990670387993,-1.952468332058134,114,190,115.72382506615395,bayes_h1h2_marginal_boundary,measured_graph,7.423608287265989e-26,0.7324633298755351,0.08597340565111398,63,h1:h1_z;h2:h2_z
1.9952623149688786e-05,1.00000007890232,1.000001158920377,115.03911719559255,H1+H2,17407.092883529425,17405.333024323274,-1.7598592061525666,114,190,115.03911719559255,bayes_h1h2_marginal_boundary,measured_graph,1.0454360523403518e-25,0.7324633067489684,0.08587231563721336,63,h1:h1_z;h2:h2_z
2.5118864315095822e-05,1.0000000799839959,1.0000000285370774,114.21465366726625,H1+H2,17407.322506167686,17405.745256087437,-1.5772500802469966,114,190,114.21465366726625,bayes_h1h2_marginal_boundary,measured_graph,1.5788012199474844e-25,0.7324632671705819,0.08572106160547938,63,h1:h1_z;h2:h2_z
3.1622776601683795e-05,1.0000000812384215,1.0000000932963748,113.17703222423006,H1+H2,17407.668707763296,17406.264066808955,-1.404640954341429,114,190,113.17703222423006,bayes_h1h2_marginal_boundary,measured_graph,2.6524309497558564e-25,0.7324632008161728,0.08550141468174116,63,h1:h1_z;h2:h2_z
3.9810717055349695e-05,1.0000000825357545,1.000000232850524,111.83459297276568,H1+H2,17408.177318263122,17406.935286434687,-1.2420318284358616,114,190,111.83459297276568,bayes_h1h2_marginal_boundary,measured_graph,5.189805314213956e-25,0.7324630911511623,0.08519731887453019,63,h1:h1_z;h2:h2_z
5.011872336272725e-05,1.0000000837154384,1.0000004069646826,110.09376309023355,H1+H2,17408.895124078485,17407.805701375954,-1.089422702530293,114,190,110.09376309023355,bayes_h1h2_marginal_boundary,measured_graph,1.2392743826267962e-24,0.732462911738162,0.08480498575731601,63,h1:h1_z;h2:h2_z
6.309573444801929e-05,1.0000000846656867,1.000000452321406,107.89974476427597,H1+H2,17409.849524115558,17408.902710538932,-0.9468135766247254,114,190,107.89974476427597,bayes_h1h2_marginal_boundary,measured_graph,3.7118677849567774e-24,0.7324626203986017,0.08434691015022354,63,h1:h1_z;h2:h2_z
7.943282347242822e-05,1.000000085375458,1.0000002922851359,105.30048862790863,H1+H2,17411.016543057834,17410.202338607116,-0.8142044507191568,114,190,105.30048862790863,bayes_h1h2_marginal_boundary,measured_graph,1.3614879345368834e-23,0.7324621500482179,0.08387770822612745,63,h1:h1_z;h2:h2_z
0.0001,1.0000000859175582,1.0000001041053619,102.49484671613027,H1+H2,17412.29675488782,17411.605159563005,-0.6915953248135883,114,190,102.49484671613027,bayes_h1h2_marginal_boundary,measured_graph,5.536702611568508e-23,0.7324613943778918,0.0834661140832977,63,h1:h1_z;h2:h2_z
0.00012589254117941674,1.0000000863961267,1.000001592651182,99.79863438212487,H1+H2,17413.532251928915,17412.953265730008,-0.5789861989080206,114,190,99.79863438212487,bayes_h1h2_marginal_boundary,measured_graph,2.131700890290453e-22,0.7324601856066251,0.08315935872609964,63,h1:h1_z;h2:h2_z
0.00015848931924611142,1.0000000869102637,1.0000003111709335,97.52064603454346,H1+H2,17414.5686369768,17414.0922599038,-0.47637707300245236,114,190,97.52064603454346,bayes_h1h2_marginal_boundary,measured_graph,6.65863410973945e-22,0.7324582603043956,0.08296340791257105,63,h1:h1_z;h2:h2_z
0.00019952623149688788,1.0000000875474215,1.0000000454249647,95.8447568724514,H1+H2,17415.31397243194,17414.930204484845,-0.38376794709688455,114,190,95.8447568724514,bayes_h1h2_marginal_boundary,measured_graph,1.5392170267456917e-21,0.732455207918271,0.08285365543461227,63,h1:h1_z;h2:h2_z
0.0002511886431509582,1.0000000883926732,1.0000000054761184,94.80068786234187,H1+H2,17415.75339781109,17415.4522389899,-0.30115882119131615,114,190,94.80068786234187,bayes_h1h2_marginal_boundary,measured_graph,2.5942783047048582e-21,0.7324503957759242,0.08279855189263759,63,h1:h1_z;h2:h2_z
0.00031622776601683794,1.000000089538826,1.0000000006095588,94.31285143909918,H1+H2,17415.924706896807,17415.69615720152,-0.22854969528574837,114,190,94.31285143909918,bayes_h1h2_marginal_boundary,measured_graph,3.3109215999380995e-21,0.7324428659554746,0.08277343624391299,63,h1:h1_z;h2:h2_z
0.00039810717055349735,1.0000000910868783,1.000000000071507,94.26517373442766,H1+H2,17415.885936623235,17415.719996053856,-0.16594056938017995,114,190,94.26517373442766,bayes_h1h2_marginal_boundary,measured_graph,3.390798474827926e-21,0.7324312083587718,0.08276319469831969,63,h1:h1_z;h2:h2_z
0.0005011872336272725,1.0000000931236201,1.0000000382960235,94.54502001933724,H1+H2,17415.693404354875,17415.5800729114,-0.11333144347461188,114,190,94.54502001933724,bayes_h1h2_marginal_boundary,measured_graph,2.9480451494757734e-21,0.732413440646842,0.08275972987930671,63,h1:h1_z;h2:h2_z
0.000630957344480193,1.0000000956527917,1.0000000137296605,95.06193261088629,H1+H2,17415.392338933198,17415.321616615627,-0.07072231756904392,114,190,95.06193261088629,bayes_h1h2_marginal_boundary,measured_graph,2.276606583519192e-21,0.7323869851132612,0.08275888941182977,63,h1:h1_z;h2:h2_z
0.0007943282347242822,1.0000000984489126,1.0000000068331838,95.7503654641987,H1+H2,17415.015513380633,17414.97740018897,-0.03811319166347554,114,190,95.7503654641987,bayes_h1h2_marginal_boundary,measured_graph,1.6136030003492047e-21,0.7323489343285483,0.08275830320586937,63,h1:h1_z;h2:h2_z
0.001,1.0000001008374861,1.0000000045819895,96.56504514675908,H1+H2,17414.58556441345,17414.57006034769,-0.015504065757907535,114,190,96.56504514675908,bayes_h1h2_marginal_boundary,measured_graph,1.0737205060740603e-21,0.7322968939374956,0.08275612332441937,63,h1:h1_z;h2:h2_z
0.0012589254117941675,1.000000101551867,1.000000003781583,97.4736049711064,H1+H2,17414.11867537537,17414.115780435517,-0.0028949398523394052,114,190,97.4736049711064,bayes_h1h2_marginal_boundary,measured_graph,6.817105079608424e-22,0.7322305794083039,0.08275024770880003,63,h1:h1_z;h2:h2_z
0.001584893192461114,1.0000000990393045,1.0000000035233032,98.4478949128461,H1+H2,17413.628921278592,17413.628635464647,-0.0002858139467712683,114,190,98.4478949128461,bayes_h1h2_marginal_boundary,measured_graph,4.188279109059426e-22,0.7321536799512324,0.08273775206098485,63,h1:h1_z;h2:h2_z
0.0019952623149688807,1.0000000924346362,1.0000000035026142,99.45420709761675,H1+H2,17413.133156060303,17413.125479372262,-0.007676688041203171,114,190,99.45420709761675,bayes_h1h2_marginal_boundary,measured_graph,2.5323148461049173e-22,0.732074393927612,0.08271436357744409,63,h1:h1_z;h2:h2_z
0.002511886431509582,1.000000082463734,1.0000000035996859,100.44324797091394,H1+H2,17412.65602649775,17412.630958935613,-0.025067562135635053,114,190,100.44324797091394,bayes_h1h2_marginal_boundary,measured_graph,1.544365902028825e-22,0.7320029930447468,0.0826739152950827,63,h1:h1_z;h2:h2_z
0.0031622776601683794,1.00000007105258,1.0000000037555896,101.3418933970679,H1+H2,17412.234094658765,17412.181636222536,-0.05245843623006681,114,190,101.3418933970679,bayes_h1h2_marginal_boundary,measured_graph,9.853983469939611e-23,0.7319473170131133,0.08260776726113303,63,h1:h1_z;h2:h2_z
0.003981071705534973,1.0000000599521555,1.0000000039287635,102.04811823110504,H1+H2,17411.91837311584,17411.828523805518,-0.08984931032449865,114,190,102.04811823110504,bayes_h1h2_marginal_boundary,measured_graph,6.922405809930565e-23,0.7319096864000618,0.08250414700132948,63,h1:h1_z;h2:h2_z
0.005011872336272725,1.0000000499572348,1.0000000040854207,102.42685591555346,H1+H2,17411.776395147714,17411.639154963294,-0.13724018441893068,114,190,102.42685591555346,bayes_h1h2_marginal_boundary,measured_graph,5.728160946011226e-23,0.7318869274623115,0.08234727023262668,63,h1:h1_z;h2:h2_z
0.006309573444801936,1.0000000411757137,1.0000000042214643,102.30218250340113,H1+H2,17411.89612272788,17411.70149166937,-0.19463105851336257,114,190,102.30218250340113,bayes_h1h2_marginal_boundary,measured_graph,6.096599967800793e-23,0.7318711578517811,0.08211620915359995,63,h1:h1_z;h2:h2_z
0.00794328234724282,1.000000033584003,1.000000004407627,101.44681141620822,H1+H2,17412.391199145575,17412.129177212966,-0.26202193260779433,114,190,101.44681141620822,bayes_h1h2_marginal_boundary,measured_graph,9.350378063225427e-23,0.731848619303795,0.08178413400143082,63,h1:h1_z;h2:h2_z
0.01,1.0000000272819662,1.00000000482085,99.58063439637772,H1+H2,17413.401678529583,17413.06226572288,-0.3394128067022262,114,190,99.58063439637772,bayes_h1h2_marginal_boundary,measured_graph,2.3771925581003803e-22,0.7317979515113351,0.08131935358438994,63,h1:h1_z;h2:h2_z
0.012589254117941675,1.0000000224411127,1.0000000057532756,96.39254664996406,H1+H2,17415.083113276884,17414.65630959609,-0.42680368079665804,114,190,96.39254664996406,bayes_h1h2_marginal_boundary,measured_graph,1.170439096065965e-21,0.7316936132910609,0.08068926003308546,63,h1:h1_z;h2:h2_z
0.01584893192461114,1.0000000191796299,1.000000007685279,91.58913999998185,H1+H2,17417.58220747597,17417.05801292108,-0.5241945548910899,114,190,91.58913999998185,bayes_h1h2_marginal_boundary,measured_graph,1.292395155080052e-20,0.731517951898748,0.07986681629857922,63,h1:h1_z;h2:h2_z
0.01995262314968881,1.0000000175197057,1.0000000115834036,84.96147192639182,H1+H2,17421.00343238686,17420.371846957874,-0.6315854289855218,114,190,84.96147192639182,bayes_h1h2_marginal_boundary,measured_graph,3.552835972242905e-19,0.7312745269328225,0.0788383437548808,63,h1:h1_z;h2:h2_z
0.025118864315095822,1.0000000174418975,1.0000000197466028,76.45649886657338,H1+H2,17425.373309790863,17424.624333487784,-0.7489763030799538,114,190,76.45649886657338,bayes_h1h2_marginal_boundary,measured_graph,2.4969312900180718e-17,0.7309886958165689,0.07761136872138004,63,h1:h1_z;h2:h2_z
0.03162277660168379,1.0000000190185776,1.0000000381692506,66.22898915252881,H1+H2,17430.61445552198,17429.738088344806,-0.8763671771743852,114,190,66.22898915252881,bayes_h1h2_marginal_boundary,measured_graph,4.152236749955015e-15,0.7306929761031351,0.07621947286338242,63,h1:h1_z;h2:h2_z
0.039810717055349734,1.000000022693136,1.000000000032631,54.620442183811974,H1+H2,17436.55611988043,17435.542361829164,-1.0137580512688171,114,190,54.620442183811974,bayes_h1h2_marginal_boundary,measured_graph,1.3773555192213955e-12,0.7304120979927571,0.07471728630862125,63,h1:h1_z;h2:h2_z
0.05011872336272725,1.000000029928161,1.0000000001221763,42.02516143216053,H1+H2,17443.001151130353,17441.84000220499,-1.1611489253632492,114,190,42.02516143216053,bayes_h1h2_marginal_boundary,measured_graph,7.483013312685904e-10,0.7301626587225166,0.07316202049236818,63,h1:h1_z;h2:h2_z
0.06309573444801936,1.0000000446647659,1.000000000505226,28.709316572058015,H1+H2,17449.816464434498,17448.49792463504,-1.3185397994576809,114,190,28.709316572058015,bayes_h1h2_marginal_boundary,measured_graph,5.828750828164499e-07,0.7299647617911806,0.07159213116413918,63,h1:h1_z;h2:h2_z
0.07943282347242822,1.0000000765550547,1.0000000021012918,14.726068039031816,H1+H2,17456.975479575107,17455.489548901554,-1.4859306735521132,114,190,14.726068039031816,bayes_h1h2_marginal_boundary,measured_graph,0.0006338687314046527,0.7298493676837929,0.07002088801158805,63,h1:h1_z;h2:h2_z
0.1,1.0000001478376825,1.0000000077115163,-0.0,H1+H2,17464.515904468717,17462.85258292107,-1.663321547646544,114,190,-0.0,bayes_h1h2_marginal_boundary,measured_graph,0.9993655476438296,0.7298509064288288,0.06845036505199464,63,h1:h1_z;h2:h2_z
1e-05,1.000000132649138,1.0000000002339928,43.274664547028806,H1+H2,10832.546182453287,10830.178495869417,-2.3676865838692702,66,126,43.274664547028806,bayes_h1h2_marginal_boundary,measured_graph,3.7554472168456476e-10,1.4722759758862443,0.08730893948204753,64,h1:h1_z;h2:h2_z
1.2589254117941661e-05,1.000000132775411,1.0000000008931815,42.8411210958584,H1+H2,10832.550345052967,10830.395267595002,-2.155077457963703,66,126,42.8411210958584,bayes_h1h2_marginal_boundary,measured_graph,4.664492794834048e-10,1.4722763514334076,0.08730103953922615,64,h1:h1_z;h2:h2_z
1.584893192461114e-05,1.0000001329770627,1.000000003330548,42.42239486624385,H1+H2,10832.557099041867,10830.60463070981,-1.952468332058134,66,126,42.42239486624385,bayes_h1h2_marginal_boundary,measured_graph,5.750818643993588e-10,1.472276823626537,0.0872885388564919,64,h1:h1_z;h2:h2_z
1.9952623149688786e-05,1.0000001332868764,1.000000011981794,42.015441827403265,H1+H2,10832.567966435383,10830.80810722923,-1.7598592061525666,66,126,42.015441827403265,bayes_h1h2_marginal_boundary,measured_graph,7.048527550773218e-10,1.4722774171516229,0.08726887560830249,64,h1:h1_z;h2:h2_z
2.5118864315095822e-05,1.000000133740578,1.0000000408493237,41.61553901669686,H1+H2,10832.58530871483,10831.008058634583,-1.5772500802469966,66,126,41.61553901669686,bayes_h1h2_marginal_boundary,measured_graph,8.608672645911148e-10,1.4722781628985118,0.0872382033333261,64,h1:h1_z;h2:h2_z
3.1622776601683795e-05,1.0000001343640113,1.0000001287660278,41.21548474801966,H1+H2,10832.612726723262,10831.208085768922,-1.404640954341429,66,126,41.21548474801966,bayes_h1h2_marginal_boundary,measured_graph,1.0514941825934828e-09,1.4722790994648842,0.08719094429203735,64,h1:h1_z;h2:h2_z
3.9810717055349695e-05,1.0000001351498988,1.000000363424514,40.80459999838786,H1+H2,10832.655559972174,10831.413528143737,-1.2420318284358616,66,126,40.80459999838786,bayes_h1h2_marginal_boundary,measured_graph,1.2913065799742584e-09,1.4722802749890866,0.08711947106517218,64,h1:h1_z;h2:h2_z
5.011872336272725e-05,1.0000001360326018,1.0000008827241134,40.36777262299802,H1+H2,10832.721364533963,10831.631941831432,-1.089422702530293,66,126,40.36777262299802,bayes_h1h2_marginal_boundary,measured_graph,1.6065166218968782e-09,1.472281749350247,0.08701438892649262,64,h1:h1_z;h2:h2_z
6.309573444801929e-05,1.000000136885336,1.0000000150567878,39.8852270752468,H1+H2,10832.820028181934,10831.873214605308,-0.9468135766247254,66,126,39.8852270752468,bayes_h1h2_marginal_boundary,measured_graph,2.0448839097768543e-09,1.4722835967511352,0.0868664065465219,64,h1:h1_z;h2:h2_z
7.943282347242822e-05,1.0000001375619294,1.0000000297305482,39.33532668411135,H1+H2,10832.962369251594,10832.148164800876,-0.8142044507191568,66,126,39.33532668411135,bayes_h1h2_marginal_boundary,measured_graph,2.692018315981758e-09,1.4722859086739866,0.0866704891038448,64,h1:h1_z;h2:h2_z
0.0001,1.0000001379631693,1.0000000387859953,38.70231892741867,H1+H2,10833.156264004036,10832.464668679222,-0.6915953248135883,66,126,38.70231892741867,bayes_h1h2_marginal_boundary,measured_graph,3.6943147872236004e-09,1.4722887971755503,0.08643305228092152,64,h1:h1_z;h2:h2_z
0.00012589254117941674,1.0000001380705195,1.0000024171477626,37.99243604930598,H1+H2,10833.398596317187,10832.819610118278,-0.5789861989080206,66,126,37.99243604930598,bayes_h1h2_marginal_boundary,measured_graph,5.268451745824526e-09,1.4722923984128533,0.08617689981175632,64,h1:h1_z;h2:h2_z
0.00015848931924611142,1.0000001379227097,1.0000012366650803,37.251147479677456,H1+H2,10833.666631476095,10833.190254403093,-0.47637707300245236,66,126,37.251147479677456,bayes_h1h2_marginal_boundary,measured_graph,7.632235707937552e-09,1.4722968760860218,0.08593734026158432,64,h1:h1_z;h2:h2_z
0.00019952623149688788,1.0000001375701884,1.0000004096701258,36.566414898679795,H1+H2,10833.916388640688,10833.532620693592,-0.38376794709688455,66,126,36.566414898679795,bayes_h1h2_marginal_boundary,measured_graph,1.074829468817234e-08,1.4723024241307756,0.0857452728316531,64,h1:h1_z;h2:h2_z
0.0002511886431509582,1.0000001370466924,1.0000000904662494,36.04035790629132,H1+H2,10834.096808010978,10833.795649189786,-0.30115882119131615,66,126,36.04035790629132,bayes_h1h2_marginal_boundary,measured_graph,1.3982067343571445e-08,1.4723092674727833,0.08561250501926383,64,h1:h1_z;h2:h2_z
0.00031622776601683794,1.0000001363641056,1.00000001417754,35.74716100187652,H1+H2,10834.17079733728,10833.942247641993,-0.22854969528574837,66,126,35.74716100187652,bayes_h1h2_marginal_boundary,measured_graph,1.6189680882763036e-08,1.4723176588330602,0.08553105144495987,64,h1:h1_z;h2:h2_z
0.00039810717055349735,1.0000001355189687,1.0000000017043362,35.709445481872535,H1+H2,10834.127045971376,10833.961105401995,-0.16594056938017995,66,126,35.709445481872535,bayes_h1h2_marginal_boundary,measured_graph,1.6497878827530362e-08,1.4723278682239929,0.08548401649786729,64,h1:h1_z;h2:h2_z
0.0005011872336272725,1.000000134501616,1.0000000001696356,35.90490069496809,H1+H2,10833.976709238921,10833.863377795447,-0.11333144347461188,66,126,35.90490069496809,bayes_h1h2_marginal_boundary,measured_graph,1.4961858710570212e-08,1.4723401596251904,0.08545557921520082,64,h1:h1_z;h2:h2_z
0.000630957344480193,1.0000001333057107,1.000000048852034,36.28775463287093,H1+H2,10833.742673144065,10833.671950826496,-0.07072231756904392,66,126,36.28775463287093,bayes_h1h2_marginal_boundary,measured_graph,1.2355202645845217e-08,1.4723547460194202,0.08543464432930767,64,h1:h1_z;h2:h2_z
0.0007943282347242822,1.0000001319397227,1.000000009171806,36.80740411040097,H1+H2,10833.450239279395,10833.412126087731,-0.03811319166347554,66,126,36.80740411040097,bayes_h1h2_marginal_boundary,measured_graph,9.528168365230724e-09,1.4723717090529898,0.08541420575820287,64,h1:h1_z;h2:h2_z
0.001,1.000000130443395,1.0000000017000326,37.41797656755443,H1+H2,10833.122343924912,10833.106839859154,-0.015504065757907535,66,126,37.41797656755443,bayes_h1h2_marginal_boundary,measured_graph,7.021425596846304e-09,1.4723908626332711,0.08538947357141564,64,h1:h1_z;h2:h2_z
0.0012589254117941675,1.0000001289128673,1.0000000003195233,38.0804542070764,H1+H2,10832.778495979246,10832.775601039393,-0.0028949398523394052,66,126,38.0804542070764,bayes_h1h2_marginal_boundary,measured_graph,5.04161997542575e-09,1.4724115307238708,0.08535626641533421,64,h1:h1_z;h2:h2_z
0.001584893192461114,1.000000127538308,1.0000000000625904,38.760869558900595,H1+H2,10832.435679177428,10832.435393363481,-0.0002858139467712683,66,126,38.760869558900595,bayes_h1h2_marginal_boundary,measured_graph,3.5877303146162823e-09,1.4724321997072325,0.08530982449628526,64,h1:h1_z;h2:h2_z
0.0019952623149688807,1.0000001266561491,1.0000000000131668,39.42690278082591,H1+H2,10832.11005344056,10832.102376752518,-0.007676688041203171,66,126,39.42690278082591,bayes_h1h2_marginal_boundary,measured_graph,2.5715354381518845e-09,1.4724500005009231,0.08524390211150655,64,h1:h1_z;h2:h2_z
0.002511886431509582,1.0000001268104146,1.0000000000030673,40.043952952757536,H1+H2,10831.818919228688,10831.793851666553,-0.025067562135635053,66,126,40.043952952757536,bayes_h1h2_marginal_boundary,measured_graph,1.8888687054119527e-09,1.4724599946849903,0.08514996463931995,64,h1:h1_z;h2:h2_z
0.0031622776601683794,1.0000001287960407,1.0000000000008136,40.57088368951736,H1+H2,10831.582844734403,10831.530386298173,-0.05245843623006681,66,126,40.57088368951736,bayes_h1h2_marginal_boundary,measured_graph,1.4513769302543011e-09,1.472454343617188,0.08501643089751725,64,h1:h1_z;h2:h2_z
0.003981071705534973,1.0000001336107067,1.0000000000002507,40.95518754831937,H1+H2,10831.428083679097,10831.338234368772,-0.08984931032449865,66,126,40.95518754831937,bayes_h1h2_marginal_boundary,measured_graph,1.1976493773336373e-09,1.4724217783002513,0.08482800111874952,64,h1:h1_z;h2:h2_z
0.005011872336272725,1.000000142177858,1.0000000000000904,41.12739231014348,H1+H2,10831.389372172278,10831.25213198786,-0.13724018441893068,66,126,41.12739231014348,bayes_h1h2_marginal_boundary,measured_graph,1.09884365329117e-09,1.4723485304588295,0.08456519361402991,64,h1:h1_z;h2:h2_z
0.006309573444801936,1.000000154713095,1.0000000000000389,40.99613576255433,H1+H2,10831.512391320168,10831.317760261654,-0.19463105851336257,66,126,40.99613576255433,bayes_h1h2_marginal_boundary,measured_graph,1.1733778920436294e-09,1.4722226570708166,0.08420443260923251,64,h1:h1_z;h2:h2_z
0.00794328234724282,1.000000169915969,1.0000000000000195,40.450004001148045,H1+H2,10831.852848074965,10831.590826142357,-0.26202193260779433,66,126,40.450004001148045,bayes_h1h2_marginal_boundary,measured_graph,1.5418030713526651e-09,1.4720426300123175,0.08371975420575149,64,h1:h1_z;h2:h2_z
0.01,1.0000001848237794,1.0000000000000115,39.37781588256257,H1+H2,10832.466333008353,10832.12692020165,-0.3394128067022262,66,126,39.37781588256257,bayes_h1h2_marginal_boundary,measured_graph,2.635430684829286e-09,1.471826153983946,0.08308818416924374,64,h1:h1_z;h2:h2_z
0.012589254117941675,1.0000001961950082,1.0000000000000082,37.71264974553196,H1+H2,10833.386306950963,10832.959503270165,-0.42680368079665804,66,126,37.71264974553196,bayes_h1h2_marginal_boundary,measured_graph,6.0595145214827905e-09,1.4716100779535277,0.08229947796975817,64,h1:h1_z;h2:h2_z
0.01584893192461114,1.0000002025740062,1.0000000000000058,35.47248094778115,H1+H2,10834.603782223932,10834.07958766904,-0.5241945548910899,66,126,35.47248094778115,bayes_h1h2_marginal_boundary,measured_graph,1.8573096033351735e-08,1.4714372408494536,0.08136418074419181,64,h1:h1_z;h2:h2_z
0.01995262314968881,1.0000002048919892,1.0000000000000042,32.73829217195089,H1+H2,10836.078267485942,10835.446682056956,-0.6315854289855218,66,126,32.73829217195089,bayes_h1h2_marginal_boundary,measured_graph,7.287957866330877e-08,1.4713411876573959,0.08030774956032354,64,h1:h1_z;h2:h2_z
0.025118864315095822,1.0000002053561445,1.0000000000000027,29.55341485905592,H1+H2,10837.788097016484,10837.039120713403,-0.7489763030799538,66,126,29.55341485905592,bayes_h1h2_marginal_boundary,measured_graph,3.5825575405540234e-07,1.4713443865557827,0.07914844933389299,64,h1:h1_z;h2:h2_z
0.03162277660168379,1.0000002063393036,1.0000000000000036,25.845181197219063,H1+H2,10839.769604721496,10838.893237544322,-0.8763671771743852,66,126,25.845181197219063,bayes_h1h2_marginal_boundary,measured_graph,2.287841233323319e-06,1.4714704614660583,0.0778810632640312,64,h1:h1_z;h2:h2_z
0.039810717055349734,1.0000002101656613,1.0000000000000022,21.49405489930723,H1+H2,10842.082558744547,10841.068800693278,-1.0137580512688171,66,126,21.49405489930723,bayes_h1h2_marginal_boundary,measured_graph,2.014934595457325e-05,1.4717581649277347,0.07649131377789864,64,h1:h1_z;h2:h2_z
0.05011872336272725,1.0000002194364577,1.000000000000004,16.505868295862456,H1+H2,10844.724042920363,10843.562893995,-1.1611489253632492,66,126,16.505868295862456,bayes_h1h2_marginal_boundary,measured_graph,0.00024402364607915036,1.4722687961137941,0.07498968940113154,64,h1:h1_z;h2:h2_z
0.06309573444801936,1.0000002373557888,1.000000000000004,11.086489180685021,H1+H2,10847.591123352047,10846.272583552589,-1.3185397994576809,66,126,11.086489180685021,bayes_h1h2_marginal_boundary,measured_graph,0.00366636023866479,1.4730867117876365,0.07342398823284119,64,h1:h1_z;h2:h2_z
0.07943282347242822,1.000000267648106,1.0000000000000075,5.519981306075351,H1+H2,10850.541768163446,10849.055837489894,-1.4859306735521132,66,126,5.519981306075351,bayes_h1h2_marginal_boundary,measured_graph,0.05929075233263684,1.4743136157111643,0.07185444059617002,64,h1:h1_z;h2:h2_z
0.1,1.0000003134597164,1.0000000000000153,-0.0,H1+H2,10853.479149690578,10851.815828142931,-1.663321547646544,66,126,-0.0,bayes_h1h2_marginal_boundary,measured_graph,0.9367758190906573,1.4760547503569719,0.07032375734895993,64,h1:h1_z;h2:h2_z
1e-05,1.0000000028773084,1.0000003075017891,42.47838220646008,H1+H2,16010.554920773811,16008.187234189942,-2.3676865838692702,121,159,42.47838220646008,bayes_h1h2_marginal_boundary,measured_graph,1.1270860729270531e-10,0.9890139490122035,0.05618963499860865,65,h1:h1_z;h2:h2_z
1.2589254117941661e-05,1.0000000038390773,1.000001109375224,41.748958578751626,H1+H2,16010.70702346176,16008.551946003796,-2.155077457963703,121,159,41.748958578751626,bayes_h1h2_marginal_boundary,measured_graph,1.623115449648371e-10,0.9890151316573067,0.056105640301444534,65,h1:h1_z;h2:h2_z
1.584893192461114e-05,1.000000005139663,1.0000000454038316,40.871054472048854,H1+H2,16010.943366389205,16008.990898057147,-1.952468332058134,121,159,40.871054472048854,bayes_h1h2_marginal_boundary,measured_graph,2.5175833991823016e-10,0.9890165799608376,0.05597646042361685,65,h1:h1_z;h2:h2_z
1.9952623149688786e-05,1.0000000067700903,1.000000213340399,39.75591654991513,H1+H2,16011.308326224367,16009.548467018214,-1.7598592061525666,121,159,39.75591654991513,bayes_h1h2_marginal_boundary,measured_graph,4.396762320910486e-10,0.9890183390584298,0.055780631273443036,65,h1:h1_z;h2:h2_z
2.5118864315095822e-05,1.0000000086170717,1.000000852799684,38.27523123659557,H1+H2,16011.86605975512,16010.288809674874,-1.5772500802469966,121,159,38.27523123659557,bayes_h1h2_marginal_boundary,measured_graph,9.218488532549622e-10,0.9890204519657317,0.05549110773071578,65,h1:h1_z;h2:h2_z
3.1622776601683795e-05,1.000000010461462,1.0000026796524688,36.2556809886446,H1+H2,16012.70322575319,16011.29858479885,-1.404640954341429,121,159,36.2556809886446,bayes_h1h2_marginal_boundary,measured_graph,2.530460043407755e-09,0.9890229509232377,0.05507987204912501,65,h1:h1_z;h2:h2_z
3.9810717055349695e-05,1.0000000120580481,1.000005961835766,33.49085869840928,H1+H2,16013.923027772404,16012.680995943967,-1.2420318284358616,121,159,33.49085869840928,bayes_h1h2_marginal_boundary,measured_graph,1.0082611098678324e-08,0.9890258417487119,0.054531698737035963,65,h1:h1_z;h2:h2_z
5.011872336272725e-05,1.0000000132576248,1.0000083080538533,29.79771242149218,H1+H2,16015.616991784957,16014.527569082426,-1.089422702530293,121,159,29.79771242149218,bayes_h1h2_marginal_boundary,measured_graph,6.390422033442078e-08,0.9890290767017845,0.0538682193529431,65,h1:h1_z;h2:h2_z
6.309573444801929e-05,1.0000000140674614,1.0000064550226033,25.143687434188905,H1+H2,16017.801395152703,16016.854581576077,-0.9468135766247254,121,159,25.143687434188905,bayes_h1h2_marginal_boundary,measured_graph,6.548445628035831e-07,0.9890325087077615,0.053166705390463156,65,h1:h1_z;h2:h2_z
7.943282347242822e-05,1.0000000146096655,1.0000026058987597,19.801204896488343,H1+H2,16020.340027295646,16019.525822844927,-0.8142044507191568,121,159,19.801204896488343,bayes_h1h2_marginal_boundary,measured_graph,9.467679958535851e-06,0.9890358155873699,0.052538964633898545,65,h1:h1_z;h2:h2_z
0.0001,1.0000000150441222,1.000000549949101,14.358261949055304,H1+H2,16022.938889643458,16022.247294318644,-0.6915953248135883,121,159,14.358261949055304,bayes_h1h2_marginal_boundary,measured_graph,0.00014393407213759299,0.9890383765618574,0.0520683097500189,65,h1:h1_z;h2:h2_z
0.00012589254117941674,1.0000000155274713,1.0000035283033164,9.478654643189657,H1+H2,16025.266084170486,16024.687097971577,-0.5789861989080206,121,159,9.478654643189657,bayes_h1h2_marginal_boundary,measured_graph,0.0016510372657584263,0.9890390740452697,0.05176824838432407,65,h1:h1_z;h2:h2_z
0.00015848931924611142,1.0000000162197111,1.0000004997190435,5.6067305215401575,H1+H2,16027.099437105404,16026.623060032402,-0.47637707300245236,121,159,5.6067305215401575,bayes_h1h2_marginal_boundary,measured_graph,0.011442858196943066,0.9890359810812133,0.05160128835320404,65,h1:h1_z;h2:h2_z
0.00019952623149688788,1.0000000173204908,1.0000000553345847,2.8686234805354616,H1+H2,16028.3758815,16027.992113552904,-0.38376794709688455,121,159,2.8686234805354616,bayes_h1h2_marginal_boundary,measured_graph,0.0449890585844554,0.9890258796538358,0.051517977375385125,65,h1:h1_z;h2:h2_z
0.0002511886431509582,1.0000000191251126,1.0000000051857292,1.1576860948480316,H1+H2,16029.14874106694,16028.847582245748,-0.30115882119131615,121,159,1.1576860948480316,bayes_h1h2_marginal_boundary,measured_graph,0.10583571257996012,0.9890035431217243,0.051480646904984516,65,h1:h1_z;h2:h2_z
0.00031622776601683794,1.000000022104412,1.000000000439705,0.27009449173056055,H1+H2,16029.519927742593,16029.291378047306,-0.22854969528574837,121,159,0.27009449173056055,bayes_h1h2_marginal_boundary,measured_graph,0.16495683144122558,0.9889607250343584,0.05146694552730272,65,h1:h1_z;h2:h2_z
0.00039810717055349735,1.0000000270115807,1.0000000834312248,-0.0,H1+H2,16029.592365862552,16029.426425293172,-0.16594056938017995,121,159,-0.0,bayes_h1h2_marginal_boundary,measured_graph,0.18880808160498677,0.9888848721975891,0.05146587805286946,65,h1:h1_z;h2:h2_z
0.0005011872336272725,1.000000034971712,1.0000000156842375,0.18355531692577642,H1+H2,16029.447979078182,16029.334647634709,-0.11333144347461188,121,159,0.18355531692577642,bayes_h1h2_marginal_boundary,measured_graph,0.17225111782857846,0.9887578201039552,0.05147330187374652,65,h1:h1_z;h2:h2_z
0.000630957344480193,1.00000004733894,1.0000000030770138,0.7107963335038221,H1+H2,16029.141749443988,16029.07102712642,-0.07072231756904392,121,159,0.7107963335038221,bayes_h1h2_marginal_boundary,measured_graph,0.13233451099083188,0.9885552975365671,0.051489068268678786,65,h1:h1_z;h2:h2_z
0.0007943282347242822,1.00000006474422,1.000000000655891,1.5244941685559752,H1+H2,16028.702291400557,16028.664178208894,-0.03811319166347554,121,159,1.5244941685559752,bayes_h1h2_marginal_boundary,measured_graph,0.08810100793023092,0.9882490962152759,0.05151581219566401,65,h1:h1_z;h2:h2_z
0.001,1.0000000846304138,1.0000000001591547,2.617936493432353,H1+H2,16028.132961112213,16028.117457046455,-0.015504065757907535,121,159,2.617936493432353,bayes_h1h2_marginal_boundary,measured_graph,0.05099679620239794,0.9878148826136022,0.05155882191206648,65,h1:h1_z;h2:h2_z
0.0012589254117941675,1.0000000985003104,1.000000000046151,4.037383236627647,H1+H2,16027.41062861471,16027.407733674858,-0.0028949398523394052,121,159,4.037383236627647,bayes_h1h2_marginal_boundary,measured_graph,0.025079215605870286,0.9872479341001322,0.051626657852091966,65,h1:h1_z;h2:h2_z
0.001584893192461114,1.000000094857603,1.0000000000166098,5.891234950893704,H1+H2,16026.481093631672,16026.480807817725,-0.0002858139467712683,121,159,5.891234950893704,bayes_h1h2_marginal_boundary,measured_graph,0.009925563318157585,0.9865828691992298,0.05173231569711391,65,h1:h1_z;h2:h2_z
0.0019952623149688807,1.0000000713730937,1.0000000000075,8.36417532962514,H1+H2,16025.2520143164,16025.244337628359,-0.007676688041203171,121,159,8.36417532962514,bayes_h1h2_marginal_boundary,measured_graph,0.00288245797326267,0.9859016530832044,0.051894763137989484,65,h1:h1_z;h2:h2_z
0.002511886431509582,1.0000000410874237,1.0000000000041438,11.729071057499823,H1+H2,16023.586957326557,16023.561889764422,-0.025067562135635053,121,159,11.729071057499823,bayes_h1h2_marginal_boundary,measured_graph,0.0005359017318375315,0.9853113732459523,0.052140486769049574,65,h1:h1_z;h2:h2_z
0.0031622776601683794,1.0000000185969578,1.0000000000026559,16.34314691425243,H1+H2,16021.307310272276,16021.254851836045,-0.05245843623006681,121,159,16.34314691425243,bayes_h1h2_marginal_boundary,measured_graph,5.335207546284883e-05,0.9848981729087649,0.05250417377879443,65,h1:h1_z;h2:h2_z
0.003981071705534973,1.0000000070953279,1.000000000001847,22.610059990929585,H1+H2,16018.211244608032,16018.121395297707,-0.08984931032449865,121,159,22.610059990929585,bayes_h1h2_marginal_boundary,measured_graph,2.3243869838728933e-06,0.9846941036652046,0.05302673013374616,65,h1:h1_z;h2:h2_z
0.005011872336272725,1.0000000024993372,1.0000000000013016,30.88636583654079,H1+H2,16014.12048255932,16013.983242374901,-0.13724018441893068,121,159,30.88636583654079,bayes_h1h2_marginal_boundary,measured_graph,3.707929388867433e-08,0.984680686088547,0.05374777046752952,65,h1:h1_z;h2:h2_z
0.006309573444801936,1.000000000890797,1.0000000000008766,41.32049889279733,H1+H2,16008.960806905287,16008.766175846773,-0.19463105851336257,121,159,41.32049889279733,bayes_h1h2_marginal_boundary,measured_graph,2.0108897030444311e-10,0.9848129715429422,0.05469009774682754,65,h1:h1_z;h2:h2_z
0.00794328234724282,1.000000000348765,1.0000000000005431,53.66683175128492,H1+H2,16002.855031350136,16002.59300941753,-0.26202193260779433,121,159,53.66683175128492,bayes_h1h2_marginal_boundary,measured_graph,4.19195038875204e-13,0.9850381883182923,0.05583890831331385,65,h1:h1_z;h2:h2_z
0.01,1.0000000001600249,1.0000000000003075,67.21006264369134,H1+H2,15996.160806778029,15995.821393971326,-0.3394128067022262,121,159,67.21006264369134,bayes_h1h2_marginal_boundary,measured_graph,4.8033132729262495e-16,0.9853025639663824,0.0571289388413101,65,h1:h1_z;h2:h2_z
0.012589254117941675,1.0000000000884754,1.0000000000001625,80.9367501782508,H1+H2,15989.384853884843,15988.958050204046,-0.42680368079665804,121,159,80.9367501782508,bayes_h1h2_marginal_boundary,measured_graph,5.021443572890575e-19,0.9855541623278773,0.058456527308935635,65,h1:h1_z;h2:h2_z
0.01584893192461114,1.0000000000576708,1.0000000000000844,93.8908426386406,H1+H2,15983.005198528743,15982.481003973851,-0.5241945548910899,121,159,93.8908426386406,bayes_h1h2_marginal_boundary,measured_graph,7.724727178591774e-22,0.9857491401649976,0.05971529897087115,65,h1:h1_z;h2:h2_z
0.01995262314968881,1.0000000000421607,1.000000000000046,105.4525590176454,H1+H2,15977.331731213335,15976.700145784349,-0.6315854289855218,121,159,105.4525590176454,bayes_h1h2_marginal_boundary,measured_graph,2.3839016685973213e-24,0.9858622733523141,0.06082935025385802,65,h1:h1_z;h2:h2_z
0.025118864315095822,1.000000000033116,1.0000000000000275,115.3791107717625,H1+H2,15972.485846210371,15971.73686990729,-0.7489763030799538,121,159,115.3791107717625,bayes_h1h2_marginal_boundary,measured_graph,1.6663453428491094e-26,0.9858967938717393,0.061762386663127486,65,h1:h1_z;h2:h2_z
0.03162277660168379,1.0000000000273748,1.0000000000000198,123.6957957049417,H1+H2,15968.454894617875,15967.5785274407,-0.8763671771743852,121,159,123.6957957049417,bayes_h1h2_marginal_boundary,measured_graph,2.6050725634976926e-28,0.985886451760769,0.06250897006044008,65,h1:h1_z;h2:h2_z
0.039810717055349734,1.000000000023814,1.0000000000000158,130.5846905035287,H1+H2,15965.147838092676,15964.134080041407,-1.0137580512688171,121,159,130.5846905035287,bayes_h1h2_marginal_boundary,measured_graph,8.316016191147744e-30,0.9858870055601381,0.0630844748918846,65,h1:h1_z;h2:h2_z
0.05011872336272725,1.0000000000221372,1.0000000000000155,136.3008579196976,H1+H2,15962.437145258686,15961.275996333323,-1.1611489253632492,121,159,136.3008579196976,bayes_h1h2_marginal_boundary,measured_graph,4.77161442678872e-31,0.9859625560085261,0.06351771730248691,65,h1:h1_z;h2:h2_z
0.06309573444801936,1.000000000022491,1.0000000000000175,141.08687057483985,H1+H2,15960.20152980521,15958.882990005752,-1.3185397994576809,121,159,141.08687057483985,bayes_h1h2_marginal_boundary,measured_graph,4.3590906422394447e-32,0.9861739080933518,0.06384197314672167,65,h1:h1_z;h2:h2_z
0.07943282347242822,1.0000000000255467,1.0000000000000224,145.10259762436908,H1+H2,15958.36105715454,15956.875126480987,-1.4859306735521132,121,159,145.10259762436908,bayes_h1h2_marginal_boundary,measured_graph,5.8531796034312986e-33,0.9865694540059454,0.0640857614978854,65,h1:h1_z;h2:h2_z
0.1,1.000000000033242,1.0000000000000369,148.41092211000796,H1+H2,15956.884285785814,15955.220964238168,-1.663321547646544,121,159,148.41092211000796,bayes_h1h2_marginal_boundary,measured_graph,1.1194335436019804e-33,0.9871749932243701,0.06426920848072021,65,h1:h1_z;h2:h2_z
1e-05,1.000000002641367,1.0000000748100113,35.994787844028906,H1+H2,23180.799314452976,23178.431627869108,-2.3676865838692702,184,212,35.994787844028906,bayes_h1h2_marginal_boundary,measured_graph,5.87963033826216e-09,0.1550039272484144,0.0666625702606079,66,h1:h1_z;h2:h2_z
1.2589254117941661e-05,1.0000000040424513,1.0000002754817832,35.46913905029942,H1+H2,23180.849529723935,23178.694452265972,-2.155077457963703,184,212,35.46913905029942,bayes_h1h2_marginal_boundary,measured_graph,7.64703727993812e-09,0.155010240732025,0.06661849802881334,66,h1:h1_z;h2:h2_z
1.584893192461114e-05,1.000000006266132,1.0000009778549854,34.863051774293126,H1+H2,23180.949964236035,23178.997495903976,-1.952468332058134,184,212,34.863051774293126,bayes_h1h2_marginal_boundary,measured_graph,1.035388619649787e-08,0.15501765668547013,0.06654692692726903,66,h1:h1_z;h2:h2_z
1.9952623149688786e-05,1.0000000098353439,1.000000032854194,34.111029541294556,H1+H2,23181.133366226626,23179.373507020475,-1.7598592061525666,184,212,34.111029541294556,bayes_h1h2_marginal_boundary,measured_graph,1.5080055510775867e-08,0.15502615072790218,0.06643315150162654,66,h1:h1_z;h2:h2_z
2.5118864315095822e-05,1.0000000156920676,1.0000001507584368,33.11392263664311,H1+H2,23181.44931055305,23179.8720604728,-1.5772500802469966,184,212,33.11392263664311,bayes_h1h2_marginal_boundary,measured_graph,2.482686904663269e-08,0.15503551418154407,0.0662564053425197,66,h1:h1_z;h2:h2_z
3.1622776601683795e-05,1.0000000256523358,1.000000587514577,31.727813047225936,H1+H2,23181.96975622185,23180.56511526751,-1.404640954341429,184,212,31.727813047225936,bayes_h1h2_marginal_boundary,measured_graph,4.964915100229293e-08,0.15504520810891564,0.06599046326690736,66,h1:h1_z;h2:h2_z
3.9810717055349695e-05,1.0000000434138943,1.0000018051475077,29.760180926030444,H1+H2,23182.79096315654,23181.548931328107,-1.2420318284358616,184,212,29.760180926030444,bayes_h1h2_marginal_boundary,measured_graph,1.327937737181892e-07,0.15505413176302021,0.06560803520090384,66,h1:h1_z;h2:h2_z
5.011872336272725e-05,1.000000076720432,1.0000039778921155,26.988778860279126,H1+H2,23184.024055063514,23182.934632360983,-1.089422702530293,184,212,26.988778860279126,bayes_h1h2_marginal_boundary,measured_graph,5.308600271648642e-07,0.15506027030210365,0.06509385486047822,66,h1:h1_z;h2:h2_z
6.309573444801929e-05,1.0000001417554398,1.0000056375680444,23.23290447249019,H1+H2,23185.759383131503,23184.812569554877,-0.9468135766247254,184,212,23.23290447249019,bayes_h1h2_marginal_boundary,measured_graph,3.471824676346078e-06,0.15506019151606448,0.0644677702125417,66,h1:h1_z;h2:h2_z
7.943282347242822e-05,1.0000002710753024,1.0000046273915504,18.4997613156811,H1+H2,23187.993345584,23187.17914113328,-0.8142044507191568,184,212,18.4997613156811,bayes_h1h2_marginal_boundary,measured_graph,3.7012358762636614e-05,0.15504840334465916,0.06380459576020352,66,h1:h1_z;h2:h2_z
0.0001,1.0000005242747976,1.0000020567147059,13.151850208028918,H1+H2,23190.54469201192,23189.853096687108,-0.6915953248135883,184,212,13.151850208028918,bayes_h1h2_marginal_boundary,measured_graph,0.0005365755816701092,0.15501672026330932,0.06321902029090705,66,h1:h1_z;h2:h2_z
0.00012589254117941674,1.000000990002885,1.000000495782792,7.916914606845239,H1+H2,23193.049550686606,23192.4705644877,-0.5789861989080206,184,212,7.916914606845239,bayes_h1h2_marginal_boundary,measured_graph,0.007351614529056204,0.15495411781734222,0.06280757156005452,66,h1:h1_z;h2:h2_z
0.00015848931924611142,1.0000000124311033,1.0000000697763125,3.6289387204233208,H1+H2,23195.090929503913,23194.61455243091,-0.47637707300245236,184,212,3.6289387204233208,bayes_h1h2_marginal_boundary,measured_graph,0.06273427168341508,0.15484831200792004,0.06260189606283331,66,h1:h1_z;h2:h2_z
0.00019952623149688788,1.0000000252243804,1.0000006361118923,0.8997640952875372,H1+H2,23196.362907690575,23195.97913974348,-0.38376794709688455,184,212,0.8997640952875372,bayes_h1h2_marginal_boundary,measured_graph,0.2455486780146484,0.15469016081029627,0.06257840188613874,66,h1:h1_z;h2:h2_z
0.0002511886431509582,1.000000039123443,1.000000085443737,-0.0,H1+H2,23196.730180612314,23196.429021791122,-0.30115882119131615,184,212,-0.0,bayes_h1h2_marginal_boundary,measured_graph,0.38505156344352626,0.15448404531999085,0.06269720770779284,66,h1:h1_z;h2:h2_z
0.00031622776601683794,1.0000000420855806,1.0000000102741964,0.9731081072168308,H1+H2,23196.1710174328,23195.942467737514,-0.22854969528574837,184,212,0.9731081072168308,bayes_h1h2_marginal_boundary,measured_graph,0.23670702683106284,0.15426000053000033,0.06292889072463792,66,h1:h1_z;h2:h2_z
0.00039810717055349735,1.0000023646851859,1.0000000012024148,3.8261951162930927,H1+H2,23194.681864802355,23194.515924232976,-0.16594056938017995,184,212,3.8261951162930927,bayes_h1h2_marginal_boundary,measured_graph,0.05684223925400469,0.1540789378597816,0.06326183809736614,66,h1:h1_z;h2:h2_z
0.0005011872336272725,1.00000120825574,1.0000000001471154,8.671559707712731,H1+H2,23192.20657338074,23192.093241937266,-0.11333144347461188,184,212,8.671559707712731,bayes_h1h2_marginal_boundary,measured_graph,0.00504096434707443,0.15402037804962213,0.06369943666816645,66,h1:h1_z;h2:h2_z
0.000630957344480193,1.0000004707225998,1.0000000616965614,15.773055679419485,H1+H2,23188.613216268983,23188.542493951412,-0.07072231756904392,184,212,15.773055679419485,bayes_h1h2_marginal_boundary,measured_graph,0.0001446916166109223,0.15415566079764229,0.06425544573787462,66,h1:h1_z;h2:h2_z
0.0007943282347242822,1.000000159802584,1.0000000182322513,25.510686763183912,H1+H2,23183.711791601192,23183.67367840953,-0.03811319166347554,184,212,25.510686763183912,bayes_h1h2_marginal_boundary,measured_graph,1.1115874777252807e-06,0.1545362521736454,0.06495004096920581,66,h1:h1_z;h2:h2_z
0.001,1.0000000575328347,1.0000000061552465,38.32144091853115,H1+H2,23177.283805397616,23177.268301331856,-0.015504065757907535,184,212,38.32144091853115,bayes_h1h2_marginal_boundary,measured_graph,1.8370616301935138e-09,0.1552060673590682,0.06580603478709388,66,h1:h1_z;h2:h2_z
0.0012589254117941675,1.0000000269548308,1.0000000024168223,54.65239246148121,H1+H2,23169.105720500233,23169.10282556038,-0.0028949398523394052,184,212,54.65239246148121,bayes_h1h2_marginal_boundary,measured_graph,5.222791115972922e-13,0.156226024671232,0.06684379561794271,66,h1:h1_z;h2:h2_z
0.001584893192461114,1.000000018589796,1.0000000011016847,74.91310045144928,H1+H2,23158.972757379343,23158.972471565397,-0.0002858139467712683,184,212,74.91310045144928,bayes_h1h2_marginal_boundary,measured_graph,2.0813533528360452e-17,0.1576939105164898,0.06807303114676791,66,h1:h1_z;h2:h2_z
0.0019952623149688807,1.0000000186985902,1.0000000005666085,99.39032252986362,H1+H2,23146.74153721423,23146.73386052619,-0.007676688041203171,184,212,99.39032252986362,bayes_h1h2_marginal_boundary,measured_graph,1.0073597088027241e-22,0.15975455771463654,0.06948021847498204,66,h1:h1_z;h2:h2_z
0.002511886431509582,1.0000000248000245,1.0000000003136744,128.1104425071244,H1+H2,23132.398868099695,23132.37380053756,-0.025067562135635053,184,212,128.1104425071244,bayes_h1h2_marginal_boundary,measured_graph,5.84372491032291e-29,0.16259979693741305,0.07101303383452065,66,h1:h1_z;h2:h2_z
0.0031622776601683794,1.0000000382870287,1.0000000001793328,160.69079246113688,H1+H2,23116.136083996782,23116.083625560554,-0.05245843623006681,184,212,160.69079246113688,bayes_h1h2_marginal_boundary,measured_graph,4.919904376167559e-36,0.16645254727034278,0.0725696054255956,66,h1:h1_z;h2:h2_z
0.003981071705534973,1.0000000610729836,1.0000000001041796,196.2791915869093,H1+H2,23098.37927530799,23098.289425997667,-0.08984931032449865,184,212,196.2791915869093,bayes_h1h2_marginal_boundary,measured_graph,9.205215960653152e-44,0.17152268597592915,0.07400849079614623,66,h1:h1_z;h2:h2_z
0.005011872336272725,1.0000000899564796,1.0000000000615417,233.66379820020666,H1+H2,23079.73436287544,23079.59712269102,-0.13724018441893068,184,212,233.66379820020666,bayes_h1h2_marginal_boundary,measured_graph,7.015680483740812e-52,0.17792370486083914,0.07519210124024063,66,h1:h1_z;h2:h2_z
0.006309573444801936,1.0000001100962972,1.0000000000367872,271.50965749721945,H1+H2,23060.868824101024,23060.674193042512,-0.19463105851336257,184,212,271.50965749721945,bayes_h1h2_marginal_boundary,measured_graph,4.2456664690450595e-60,0.18556268409379295,0.0760494451751361,66,h1:h1_z;h2:h2_z
0.00794328234724282,1.0000001023925493,1.000000000022119,308.61041435918014,H1+H2,23042.38583654414,23042.123814611532,-0.26202193260779433,184,212,308.61041435918014,bayes_h1h2_marginal_boundary,measured_graph,3.729227551149704e-68,0.19406745606448197,0.07661515298708384,66,h1:h1_z;h2:h2_z
0.01,1.000000068313516,1.000000000013642,344.14430219612404,H1+H2,23024.69628349976,23024.35687069306,-0.3394128067022262,184,212,344.14430219612404,bayes_h1h2_marginal_boundary,measured_graph,7.170231539054462e-76,0.20284764707014014,0.07701448371262494,66,h1:h1_z;h2:h2_z
0.012589254117941675,1.0000000322436706,1.0000000000090798,377.92983970980276,H1+H2,23007.890905617016,23007.46410193622,-0.42680368079665804,184,212,377.92983970980276,bayes_h1h2_marginal_boundary,measured_graph,3.304432803794265e-83,0.2113103224652047,0.07741008816694656,66,h1:h1_z;h2:h2_z
0.01584893192461114,1.0000000110869514,1.000000000006891,410.5078620399072,H1+H2,22991.69928532606,22991.17509077117,-0.5241945548910899,184,212,410.5078620399072,bayes_h1h2_marginal_boundary,measured_graph,2.785282562305941e-90,0.2190964109349569,0.07794958331749001,66,h1:h1_z;h2:h2_z
0.01995262314968881,1.000000002951468,1.0000000000061156,442.9156304269927,H1+H2,22975.60279200661,22974.971206577626,-0.6315854289855218,184,212,442.9156304269927,bayes_h1h2_marginal_boundary,measured_graph,2.5562997028711015e-97,0.22617223820232454,0.07873694282958595,66,h1:h1_z;h2:h2_z
0.025118864315095822,1.0000000006609842,1.0000000000063265,476.28146262058,H1+H2,22959.03726678391,22958.288290480832,-0.7489763030799538,184,212,476.28146262058,bayes_h1h2_marginal_boundary,measured_graph,1.453159771745734e-104,0.23275434528881395,0.079826424861708,66,h1:h1_z;h2:h2_z
0.03162277660168379,1.0000000001394305,1.000000000007766,511.473897060554,H1+H2,22941.56844043802,22940.692073260845,-0.8763671771743852,184,212,511.473897060554,bayes_h1h2_marginal_boundary,measured_graph,3.3141588882747543e-112,0.2391666549923502,0.0812286648863711,66,h1:h1_z;h2:h2_z
0.039810717055349734,1.000000000032276,1.0000000000122133,548.9187727184326,H1+H2,22922.983393483173,22921.969635431906,-1.0137580512688171,184,212,548.9187727184326,bayes_h1h2_marginal_boundary,measured_graph,2.4508791022181373e-120,0.24572223594879797,0.08291968573220884,66,h1:h1_z;h2:h2_z
0.05011872336272725,1.0000000000095992,1.0000000000267084,588.5407984665726,H1+H2,22903.3197714832,22902.158622557836,-1.1611489253632492,184,212,588.5407984665726,bayes_h1h2_marginal_boundary,measured_graph,6.102507426871826e-129,0.25266393618667643,0.08484389064603078,66,h1:h1_z;h2:h2_z
0.06309573444801936,1.000000000004031,1.0000000000799136,629.7672375595139,H1+H2,22882.86394281082,22881.545403011365,-1.3185397994576809,184,212,629.7672375595139,bayes_h1h2_marginal_boundary,measured_graph,6.812410557856515e-138,0.26015033832447515,0.08691059907822371,66,h1:h1_z;h2:h2_z
0.07943282347242822,1.0000000199223686,1.0000000002799838,671.6252068351969,H1+H2,22862.102349047076,22860.616418373524,-1.4859306735521132,184,212,671.6252068351969,bayes_h1h2_marginal_boundary,measured_graph,5.545724274666961e-147,0.26824364393031014,0.08900158738806004,66,h1:h1_z;h2:h2_z
0.1,1.0000000163182436,1.0000000008696452,712.9283286405625,H1+H2,22841.628179018488,22839.96485747084,-1.663321547646544,184,212,712.9283286405625,bayes_h1h2_marginal_boundary,measured_graph,5.9579839721591e-156,0.2768588298506464,0.09100300075000671,66,h1:h1_z;h2:h2_z
1e-05,1.0000001551107247,1.0000000216671747,42.10109943240968,H1+H2,29025.202208824943,29022.834522241075,-2.3676865838692702,227,260,42.10109943240968,bayes_h1h2_marginal_boundary,measured_graph,2.6870124324460086e-10,0.0854426890941334,0.04196541273090769,67,h1:h1_z;h2:h2_z
1.2589254117941661e-05,1.0000001783472001,1.000000046927951,41.491206357888586,H1+H2,29025.2945462363,29023.139468778336,-2.155077457963703,227,260,41.491206357888586,bayes_h1h2_marginal_boundary,measured_graph,3.645073368427665e-10,0.08544688279072646,0.04194236077907901,67,h1:h1_z;h2:h2_z
1.584893192461114e-05,1.0000002149312375,1.000000107726886,40.800119854357035,H1+H2,29025.43748036216,29023.4850120301,-1.952468332058134,227,260,40.800119854357035,bayes_h1h2_marginal_boundary,measured_graph,5.14960362418647e-10,0.08544929501062097,0.04190858407076977,67,h1:h1_z;h2:h2_z
1.9952623149688786e-05,1.0000002719188867,1.0000002472759875,39.978654720624036,H1+H2,29025.65560380312,29023.895744596968,-1.7598592061525666,227,260,39.978654720624036,bayes_h1h2_marginal_boundary,measured_graph,7.765200772898568e-10,0.08544781928848554,0.04186003689492942,67,h1:h1_z;h2:h2_z
2.5118864315095822e-05,1.0000003611088433,1.0000005273369166,38.961416113292216,H1+H2,29025.981613980883,29024.404363900634,-1.5772500802469966,227,260,38.961416113292216,bayes_h1h2_marginal_boundary,measured_graph,1.291347856728348e-09,0.08543889218391713,0.04179253929566794,67,h1:h1_z;h2:h2_z
3.1622776601683795e-05,1.0000005046906848,1.0000009583635994,37.67067113752273,H1+H2,29026.45437734286,29025.04973638852,-1.404640954341429,227,260,37.67067113752273,bayes_h1h2_marginal_boundary,measured_graph,2.4622092375218643e-09,0.08541666083485767,0.041703503526080384,67,h1:h1_z;h2:h2_z
3.9810717055349695e-05,1.0000007490708103,1.000001350695813,36.03149674696033,H1+H2,29027.111355412235,29025.8693235838,-1.2420318284358616,227,260,36.03149674696033,bayes_h1h2_marginal_boundary,measured_graph,5.5881383876719214e-09,0.0853717845979894,0.04159488333980154,67,h1:h1_z;h2:h2_z
5.011872336272725e-05,1.000001196704612,1.000001349084882,34.00090202331921,H1+H2,29027.97404364815,29026.88462094562,-1.089422702530293,227,260,34.00090202331921,bayes_h1h2_marginal_boundary,measured_graph,1.5424290439629607e-08,0.08528985187567156,0.04147599463360904,67,h1:h1_z;h2:h2_z
6.309573444801929e-05,1.0000020723339884,1.0000008954708601,31.598091852829384,H1+H2,29029.03283960749,29028.086026030865,-0.9468135766247254,227,260,31.598091852829384,bayes_h1h2_marginal_boundary,measured_graph,5.128245332945067e-08,0.08514964240944334,0.04136280108712886,67,h1:h1_z;h2:h2_z
7.943282347242822e-05,1.00000382860715,1.000000390527845,28.90033339454385,H1+H2,29030.249109710727,29029.43490526001,-0.8142044507191568,227,260,28.90033339454385,bayes_h1h2_marginal_boundary,measured_graph,1.9759666002210203e-07,0.08492213407676201,0.04127144347613562,67,h1:h1_z;h2:h2_z
0.0001,1.000000247151648,1.0000001195517667,25.9770234848329,H1+H2,29031.588155539677,29030.896560214864,-0.6915953248135883,227,260,25.9770234848329,bayes_h1h2_marginal_boundary,measured_graph,8.52252493931082e-07,0.08457287830260476,0.0412102005650096,67,h1:h1_z;h2:h2_z
0.00012589254117941674,1.0000005331998039,1.0000000301731817,22.80311015717598,H1+H2,29033.0625030776,29032.483516878692,-0.5789861989080206,227,260,22.80311015717598,bayes_h1h2_marginal_boundary,measured_graph,4.166532779277862e-06,0.08407056511986528,0.041177310829175084,67,h1:h1_z;h2:h2_z
0.00015848931924611142,1.0000009178192308,1.0000000080738747,19.240457757965487,H1+H2,29034.7412201513,29034.264843078297,-0.47637707300245236,227,260,19.240457757965487,bayes_h1h2_marginal_boundary,measured_graph,2.473972921702265e-05,0.08340993719165131,0.04116544722478769,67,h1:h1_z;h2:h2_z
0.00019952623149688788,1.000001091754758,1.0000000029756249,15.156203224622004,H1+H2,29036.690738292065,29036.30697034497,-0.38376794709688455,227,260,15.156203224622004,bayes_h1h2_marginal_boundary,measured_graph,0.00019066876128799544,0.08264044012134708,0.041167165803314185,67,h1:h1_z;h2:h2_z
0.0002511886431509582,1.0000008205569684,1.0000000016843071,10.638382559780439,H1+H2,29038.867039498582,29038.56588067739,-0.30115882119131615,227,260,10.638382559780439,bayes_h1h2_marginal_boundary,measured_graph,0.001825205789169561,0.08187589148178494,0.041177476488253394,67,h1:h1_z;h2:h2_z
0.00031622776601683794,1.0000084596231325,1.0000000013367696,6.153690267819911,H1+H2,29041.036776518657,29040.80822682337,-0.22854969528574837,227,260,6.153690267819911,bayes_h1h2_marginal_boundary,measured_graph,0.017185033984138533,0.0812507173262445,0.0411939116980936,67,h1:h1_z;h2:h2_z
0.00039810717055349735,1.0000038436175689,1.0000000012756876,2.4505807381210616,H1+H2,29042.8257221576,29042.65978158822,-0.16594056938017995,227,260,2.4505807381210616,bayes_h1h2_marginal_boundary,measured_graph,0.109463772820661,0.08085026776097072,0.041215731299985056,67,h1:h1_z;h2:h2_z
0.0005011872336272725,1.0000017160442136,1.0000000013149692,0.25131697516917484,H1+H2,29043.87274491317,29043.759413469696,-0.11333144347461188,227,260,0.25131697516917484,bayes_h1h2_marginal_boundary,measured_graph,0.32872631463926744,0.08068193871780566,0.04124320183012747,67,h1:h1_z;h2:h2_z
0.000630957344480193,1.0000008770220514,1.0000000013896242,-0.0,H1+H2,29043.95579427485,29043.88507195728,-0.07072231756904392,227,260,-0.0,bayes_h1h2_marginal_boundary,measured_graph,0.3727410794953275,0.08070956410289801,0.041277160929268066,67,h1:h1_z;h2:h2_z
0.0007943282347242822,1.0000005440792643,1.0000000014740487,1.8468774565990316,H1+H2,29042.999746420643,29042.96163322898,-0.03811319166347554,227,260,1.8468774565990316,bayes_h1h2_marginal_boundary,measured_graph,0.14803449093290852,0.080893983492106,0.0413187968424999,67,h1:h1_z;h2:h2_z
0.001,1.0000003987812518,1.0000000015595232,5.777908278374525,H1+H2,29041.011621883852,29040.996117818093,-0.015504065757907535,227,260,5.777908278374525,bayes_h1h2_marginal_boundary,measured_graph,0.02073721438546985,0.08121272892541133,0.041369539219728406,67,h1:h1_z;h2:h2_z
0.0012589254117941675,1.0000003256394225,1.000000001645054,11.749814713992237,H1+H2,29038.013059540135,29038.010164600284,-0.0028949398523394052,227,260,11.749814713992237,bayes_h1h2_marginal_boundary,measured_graph,0.0010470499775096461,0.0816617410039328,0.04143098458749977,67,h1:h1_z;h2:h2_z
0.001584893192461114,1.0000002814631437,1.0000000017337547,19.766831899891258,H1+H2,29034.00194182128,29034.001656007335,-0.0002858139467712683,227,260,19.766831899891258,bayes_h1h2_marginal_boundary,measured_graph,1.9014908907200586e-05,0.08225054973934766,0.041504798081428214,67,h1:h1_z;h2:h2_z
0.0019952623149688807,1.0000002487172936,1.0000000018328687,29.898269968900422,H1+H2,29028.94361366087,29028.93593697283,-0.007676688041203171,227,260,29.898269968900422,bayes_h1h2_marginal_boundary,measured_graph,1.1997214553190906e-07,0.0829970082841184,0.041592540230685995,67,h1:h1_z;h2:h2_z
0.002511886431509582,1.0000002195466768,1.0000000019515076,42.255255821262836,H1+H2,29022.782511608784,29022.75744404665,-0.025067562135635053,227,260,42.255255821262836,bayes_h1h2_marginal_boundary,measured_graph,2.487683017163734e-10,0.0839229764538922,0.04169539522638725,67,h1:h1_z;h2:h2_z
0.0031622776601683794,1.000000190106083,1.000000002100134,56.94595327154093,H1+H2,29015.464553757738,29015.41209532151,-0.05245843623006681,227,260,56.94595327154093,bayes_h1h2_marginal_boundary,measured_graph,1.6060187909552728e-13,0.08505074244341981,0.04181384704388773,67,h1:h1_z;h2:h2_z
0.003981071705534973,1.0000001586752816,1.000000002286363,74.02408432509401,H1+H2,29006.962879105056,29006.873029794733,-0.08984931032449865,227,260,74.02408432509401,bayes_h1h2_marginal_boundary,measured_graph,3.1425455654609184e-17,0.08639951534158873,0.04194742022223612,67,h1:h1_z;h2:h2_z
0.005011872336272725,1.0000001253590183,1.0000000025070104,93.4279607723438,H1+H2,28997.30833175553,28997.17109157111,-0.13724018441893068,227,260,93.4279607723438,bayes_h1h2_marginal_boundary,measured_graph,1.9221326205172722e-21,0.08797986135089787,0.0420945845743352,67,h1:h1_z;h2:h2_z
0.006309573444801936,1.0000000921615948,1.000000002736716,114.88341746193328,H1+H2,28986.637994284825,28986.443363226314,-0.19463105851336257,227,260,114.88341746193328,bayes_h1h2_marginal_boundary,measured_graph,4.2149276636295123e-26,0.0897818320231607,0.042252805296477076,67,h1:h1_z;h2:h2_z
0.00794328234724282,1.0000000623296117,1.0000000029188758,137.77198314767884,H1+H2,28975.26110231605,28974.99908038344,-0.26202193260779433,227,260,137.77198314767884,bayes_h1h2_marginal_boundary,measured_graph,4.514412478168605e-31,0.09175522756042874,0.04241892279157834,67,h1:h1_z;h2:h2_z
0.01,1.000000038710292,1.0000000029719152,161.0880382090254,H1+H2,28963.68046565947,28963.341052852767,-0.3394128067022262,227,260,161.0880382090254,bayes_h1h2_marginal_boundary,measured_graph,3.904668880799692e-36,0.09379283058239182,0.0425912028869056,67,h1:h1_z;h2:h2_z
0.012589254117941675,1.0000000222927614,1.0000000028262503,183.6875302821063,H1+H2,28952.468110497022,28952.041306816227,-0.42680368079665804,227,260,183.6875302821063,bayes_h1h2_marginal_boundary,measured_graph,4.832444341405653e-41,0.095739679195501,0.04277480409311559,67,h1:h1_z;h2:h2_z
0.01584893192461114,1.0000000121352215,1.000000002464833,204.82595900431625,H1+H2,28941.996287010013,28941.472092455122,-0.5241945548910899,227,260,204.82595900431625,bayes_h1h2_marginal_boundary,measured_graph,1.2416962958996249e-45,0.09744112939871363,0.04298836112022554,67,h1:h1_z;h2:h2_z
0.01995262314968881,1.0000009998040162,1.0000000019397695,224.60568658972625,H1+H2,28932.213814091403,28931.582228662417,-0.6315854289855218,227,260,224.60568658972625,bayes_h1h2_marginal_boundary,measured_graph,6.293643133842284e-50,0.0988061481283264,0.043264194513848886,67,h1:h1_z;h2:h2_z
0.025118864315095822,1.0000006197179803,1.0000000013516561,243.9259855256969,H1+H2,28922.67105549751,28921.92207919443,-0.7489763030799538,227,260,243.9259855256969,bayes_h1h2_marginal_boundary,measured_graph,4.01377021001548e-54,0.09983904641710441,0.04363862275578195,67,h1:h1_z;h2:h2_z
0.03162277660168379,1.0000003882006763,1.0000000008170107,264.0148405145301,H1+H2,28912.75401887719,28911.877651700015,-0.8763671771743852,227,260,264.0148405145301,bayes_h1h2_marginal_boundary,measured_graph,1.743062945443673e-58,0.10061868241203571,0.044140299546575744,67,h1:h1_z;h2:h2_z
0.039810717055349734,1.000000250973148,1.0000000004208867,285.9975346966821,H1+H2,28901.900062660206,28900.88630460894,-1.0137580512688171,227,260,285.9975346966821,bayes_h1h2_marginal_boundary,measured_graph,2.9365113263303683e-63,0.10125513731004127,0.044786794237157035,67,h1:h1_z;h2:h2_z
0.05011872336272725,1.0000001726831953,1.0000000001839986,310.7568708521794,H1+H2,28889.667785456553,28888.50663653119,-1.1611489253632492,227,260,310.7568708521794,bayes_h1h2_marginal_boundary,measured_graph,1.2342699235759133e-68,0.1018618237097621,0.04558839712952262,67,h1:h1_z;h2:h2_z
0.06309573444801936,1.000000130991307,1.0000000000683336,338.9348080460986,H1+H2,28875.736207733687,28874.41766793423,-1.3185397994576809,227,260,338.9348080460986,bayes_h1h2_marginal_boundary,measured_graph,9.389637562931535e-75,0.10254960912856009,0.04655025791916637,67,h1:h1_z;h2:h2_z
0.07943282347242822,1.0000001113262613,1.0000000615360793,370.8418420697999,H1+H2,28859.950081595933,28858.46415092238,-1.4859306735521132,227,260,370.8418420697999,bayes_h1h2_marginal_boundary,measured_graph,1.1069408730178358e-81,0.10342381498773279,0.047667743030262735,67,h1:h1_z;h2:h2_z
0.1,1.0000001027991898,1.0000000255196775,406.22612844042305,H1+H2,28842.435329284715,28840.77200773707,-1.663321547646544,227,260,406.22612844042305,bayes_h1h2_marginal_boundary,measured_graph,2.2936347791429464e-89,0.1045742200821953,0.04891537890594971,67,h1:h1_z;h2:h2_z
1e-05,1.000000000067649,0.9999996171564455,18.07078832424304,H1+H2,27813.82561682068,27811.45793023681,-2.3676865838692702,215,245,18.07078832424304,bayes_h1h2_marginal_boundary,measured_graph,1.8006773000100175e-05,0.07799580078891631,0.02395376668765892,68,h1:h1_z;h2:h2_z
1.2589254117941661e-05,1.0000000001295453,0.9999991140025283,16.560359135335602,H1+H2,27814.368222289228,27812.213144831265,-2.155077457963703,215,245,16.560359135335602,bayes_h1h2_marginal_boundary,measured_graph,3.831964003341432e-05,0.07799473067621637,0.023890438459995902,68,h1:h1_z;h2:h2_z
1.584893192461114e-05,1.0000000002633027,0.9999984232680492,14.661137344839517,H1+H2,27815.115224058572,27813.162755726513,-1.952468332058134,215,245,14.661137344839517,bayes_h1h2_marginal_boundary,measured_graph,9.90449170292353e-05,0.0779930195814192,0.02381132318945809,68,h1:h1_z;h2:h2_z
1.9952623149688786e-05,1.0000000005624845,0.9999980211883707,12.365154814819107,H1+H2,27816.070606197674,27814.310746991523,-1.7598592061525666,215,245,12.365154814819107,bayes_h1h2_marginal_boundary,measured_graph,0.00031217524712267707,0.0779902994724546,0.02372281622520957,68,h1:h1_z;h2:h2_z
2.5118864315095822e-05,1.0000000012381596,0.9999983792754169,9.78025848184916,H1+H2,27817.180445238257,27815.603195158008,-1.5772500802469966,215,245,9.78025848184916,bayes_h1h2_marginal_boundary,measured_graph,0.0011368458245572127,0.07798600589095361,0.02363656487072517,68,h1:h1_z;h2:h2_z
3.1622776601683795e-05,1.0000000027348657,0.9999991704149156,7.139863442556816,H1+H2,27818.328033631995,27816.923392677654,-1.404640954341429,215,245,7.139863442556816,bayes_h1h2_marginal_boundary,measured_graph,0.004256533628286642,0.0779792932174036,0.023564632512062728,68,h1:h1_z;h2:h2_z
3.9810717055349695e-05,1.0000000058908467,0.999999732441569,4.731318807323987,H1+H2,27819.369696823705,27818.12766499527,-1.2420318284358616,215,245,4.731318807323987,bayes_h1h2_marginal_boundary,measured_graph,0.014192695692072514,0.07796894233658076,0.023513338165835465,68,h1:h1_z;h2:h2_z
5.011872336272725e-05,1.000000012013013,0.9999999424222102,2.7810633433036855,H1+H2,27820.19221542981,27819.10279272728,-1.089422702530293,215,245,2.7810633433036855,bayes_h1h2_marginal_boundary,measured_graph,0.03763201596034251,0.07795330546890618,0.023481533836583867,68,h1:h1_z;h2:h2_z
6.309573444801929e-05,1.0000000224080297,0.99999999097197,1.3844949521007948,H1+H2,27820.747890499508,27819.801076922882,-0.9468135766247254,215,245,1.3844949521007948,bayes_h1h2_marginal_boundary,measured_graph,0.07565165915579239,0.07793039605172691,0.02346385981056068,68,h1:h1_z;h2:h2_z
7.943282347242822e-05,1.0000000365612831,0.9999999988618291,0.5167223524185829,H1+H2,27821.049167673442,27820.234963222723,-0.8142044507191568,215,245,0.5167223524185829,bayes_h1h2_marginal_boundary,measured_graph,0.11674892301959167,0.07789831236253565,0.023454689397198396,68,h1:h1_z;h2:h2_z
0.0001,1.000000049282697,0.9999999998728751,0.08834994075004943,H1+H2,27821.14074475337,27820.449149428558,-0.6915953248135883,215,245,0.08834994075004943,bayes_h1h2_marginal_boundary,measured_graph,0.14463479030931917,0.07785617961025006,0.023449995840456477,68,h1:h1_z;h2:h2_z
0.00012589254117941674,1.000000051448838,0.9999999999862542,-0.0,H1+H2,27821.07231059784,27820.493324398933,-0.5789861989080206,215,245,-0.0,bayes_h1h2_marginal_boundary,measured_graph,0.15116725125304187,0.0778054637047944,0.023447441992421422,68,h1:h1_z;h2:h2_z
0.00015848931924611142,1.0000000392644182,0.9999999873779056,0.17585929616325302,H1+H2,27820.881771823853,27820.40539475085,-0.47637707300245236,215,245,0.17585929616325302,bayes_h1h2_marginal_boundary,measured_graph,0.1384427939128818,0.07775073151227739,0.023445847450078865,68,h1:h1_z;h2:h2_z
0.00019952623149688788,1.000000021282427,0.9999999966816362,0.5753913563894457,H1+H2,27820.589396667834,27820.205628720738,-0.38376794709688455,215,245,0.5753913563894457,bayes_h1h2_marginal_boundary,measured_graph,0.11337389589320383,0.07769849259356455,0.02344469295178477,68,h1:h1_z;h2:h2_z
0.0002511886431509582,1.0000000083701381,0.9999999989800559,1.1871632548281923,H1+H2,27820.20090159271,27819.89974277152,-0.30115882119131615,215,245,1.1871632548281923,bayes_h1h2_marginal_boundary,measured_graph,0.0834965422341623,0.07765414705616072,0.023443828369160796,68,h1:h1_z;h2:h2_z
0.00031622776601683794,1.0000000025908395,0.9999999996194844,2.0126253926428035,H1+H2,27819.715561397898,27819.48701170261,-0.22854969528574837,215,245,2.0126253926428035,bayes_h1h2_marginal_boundary,measured_graph,0.05526137224592881,0.07761945130657955,0.023443350854233682,68,h1:h1_z;h2:h2_z
0.00039810717055349735,1.0000000007205032,0.9999999998264838,3.0530461973758065,H1+H2,27819.132741869624,27818.966801300245,-0.16594056938017995,215,245,3.0530461973758065,bayes_h1h2_marginal_boundary,measured_graph,0.03284710947256082,0.07759263312333284,0.02344360828985547,68,h1:h1_z;h2:h2_z
0.0005011872336272725,1.000000000210232,0.9999999999054611,4.310146441377583,H1+H2,27818.451582621718,27818.338251178244,-0.11333144347461188,215,245,4.310146441377583,bayes_h1h2_marginal_boundary,measured_graph,0.017519483900763282,0.07757035134501922,0.02344530861244175,68,h1:h1_z;h2:h2_z
0.000630957344480193,1.0000000000735065,0.9999999999408211,5.8009541934516164,H1+H2,27817.663569619777,27817.592847302207,-0.07072231756904392,215,245,5.8009541934516164,bayes_h1h2_marginal_boundary,measured_graph,0.008313741525814381,0.07754942478595835,0.023449756961064997,68,h1:h1_z;h2:h2_z
0.0007943282347242822,1.0000000000329217,0.9999999999590985,7.582361420601956,H1+H2,27816.740256880294,27816.70214368863,-0.03811319166347554,215,245,7.582361420601956,bayes_h1h2_marginal_boundary,measured_graph,0.0034116844322780618,0.0775275033053642,0.023459280438385032,68,h1:h1_z;h2:h2_z
0.001,1.0000000578522255,0.9999999999698553,9.783996559934167,H1+H2,27815.616830184725,27815.601326118966,-0.015504065757907535,215,245,9.783996559934167,bayes_h1h2_marginal_boundary,measured_graph,0.0011347229997649899,0.07750305340468007,0.02347793232862255,68,h1:h1_z;h2:h2_z
0.0012589254117941675,1.0000000448473942,0.9999999999769703,12.651571370384772,H1+H2,27814.17043365359,27814.16753871374,-0.0028949398523394052,215,245,12.651571370384772,bayes_h1h2_marginal_boundary,measured_graph,0.00027052281589173767,0.07747519435846595,0.023512559939326404,68,h1:h1_z;h2:h2_z
0.001584893192461114,1.000000037814485,0.999999999982169,16.598511551259435,H1+H2,27812.194354437248,27812.194068623303,-0.0002858139467712683,215,245,16.598511551259435,bayes_h1h2_marginal_boundary,measured_graph,3.759557477805464e-05,0.07744358634522332,0.023574171771770302,68,h1:h1_z;h2:h2_z
0.0019952623149688807,1.0000000335400479,0.9999999999862531,22.243710738432128,H1+H2,27809.379145717758,27809.371469029717,-0.007676688041203171,215,245,22.243710738432128,bayes_h1h2_marginal_boundary,measured_graph,2.2351017612959698e-06,0.07740842075412657,0.02367905546397906,68,h1:h1_z;h2:h2_z
0.002511886431509582,1.0000000305397936,0.9999999999895685,30.374822400895937,H1+H2,27805.33098076062,27805.305913198485,-0.025067562135635053,215,245,30.374822400895937,bayes_h1h2_marginal_boundary,measured_graph,3.833971122202087e-08,0.07737030317258113,0.02384813976386799,68,h1:h1_z;h2:h2_z
0.0031622776601683794,1.0000000280202608,0.9999999999922032,41.74462527791184,H1+H2,27799.673470196205,27799.621011759977,-0.05245843623006681,215,245,41.74462527791184,bayes_h1h2_marginal_boundary,measured_graph,1.3023493946427938e-10,0.07732969524838784,0.024102208845076408,68,h1:h1_z;h2:h2_z
0.003981071705534973,1.0000000254735875,0.9999999999941765,56.664140932691225,H1+H2,27792.25110324291,27792.161253932587,-0.08984931032449865,215,245,56.664140932691225,bayes_h1h2_marginal_boundary,measured_graph,7.498870465745931e-14,0.07728543727099414,0.02445172414647305,68,h1:h1_z;h2:h2_z
0.005011872336272725,1.0000000225401775,0.9999999999955321,74.55998138863652,H1+H2,27783.350573889034,27783.213333704614,-0.13724018441893068,215,245,74.55998138863652,bayes_h1h2_marginal_boundary,measured_graph,9.749076364113247e-18,0.07723223393626405,0.024884905803206073,68,h1:h1_z;h2:h2_z
0.006309573444801936,1.0000000190376814,0.9999999999964001,93.85138323927822,H1+H2,27773.762263837805,27773.567632779293,-0.19463105851336257,215,245,93.85138323927822,bayes_h1h2_marginal_boundary,measured_graph,6.307957901754092e-22,0.07715838484326962,0.02536292081315131,68,h1:h1_z;h2:h2_z
0.00794328234724282,1.0000000150819714,0.9999999999969313,112.37115269440255,H1+H2,27764.56976998434,27764.30774805173,-0.26202193260779433,215,245,112.37115269440255,bayes_h1h2_marginal_boundary,measured_graph,6.003049797710215e-26,0.07704682063791093,0.025828921262629406,68,h1:h1_z;h2:h2_z
0.01,1.0000000111179093,0.9999999999972545,128.16059414030315,H1+H2,27756.752440135482,27756.41302732878,-0.3394128067022262,215,245,128.16059414030315,bayes_h1h2_marginal_boundary,measured_graph,2.2373725211090056e-29,0.07688170028870797,0.026228218206950718,68,h1:h1_z;h2:h2_z
0.012589254117941675,1.000000007695651,0.9999999999974353,140.20455687562935,H1+H2,27750.817849641913,27750.391045961118,-0.42680368079665804,215,245,140.20455687562935,bayes_h1h2_marginal_boundary,measured_graph,5.425315785584774e-32,0.07665790454873038,0.026528917851187404,68,h1:h1_z;h2:h2_z
0.01584893192461114,1.0000000051431674,0.9999999999974997,148.71340332774707,H1+H2,27746.66081728995,27746.13662273506,-0.5241945548910899,215,245,148.71340332774707,bayes_h1h2_marginal_boundary,measured_graph,7.704642482533346e-34,0.07638679551736895,0.026731412342046314,68,h1:h1_z;h2:h2_z
0.01995262314968881,1.0000000034570626,0.9999999999974543,154.8403462981587,H1+H2,27743.70473667884,27743.073151249853,-0.6315854289855218,215,245,154.8403462981587,bayes_h1h2_marginal_boundary,measured_graph,3.600010185538366e-35,0.0760942296379041,0.02686192938083128,68,h1:h1_z;h2:h2_z
0.025118864315095822,1.0000000024490943,0.9999999999973195,160.06182394608913,H1+H2,27741.211388728967,27740.462412425888,-0.7489763030799538,215,245,160.06182394608913,bayes_h1h2_marginal_boundary,measured_graph,2.645295935167634e-36,0.07581261815761535,0.026955919184718607,68,h1:h1_z;h2:h2_z
0.03162277660168379,1.000000001936595,0.9999999999971434,165.57192398324696,H1+H2,27738.583729584483,27737.70736240731,-0.8763671771743852,215,245,165.57192398324696,bayes_h1h2_marginal_boundary,measured_graph,1.682562650200504e-37,0.07557114052686574,0.027041876511586998,68,h1:h1_z;h2:h2_z
0.039810717055349734,1.000000001859925,0.999999999996978,171.93895495328616,H1+H2,27735.537604973557,27734.52384692229,-1.0137580512688171,215,245,171.93895495328616,bayes_h1h2_marginal_boundary,measured_graph,6.972492181511563e-39,0.0753875051403719,0.027133032577004678,68,h1:h1_z;h2:h2_z
0.05011872336272725,1.0000000024049727,0.9999999999968625,179.1350310868511,H1+H2,27732.08695778087,27730.925808855507,-1.1611489253632492,215,245,179.1350310868511,bayes_h1h2_marginal_boundary,measured_graph,1.9088858464630015e-40,0.07526502710179346,0.027229167382430634,68,h1:h1_z;h2:h2_z
0.06309573444801936,1.0000000043850825,0.9999999999968241,186.86962090036104,H1+H2,27728.37705374821,27727.058513948752,-1.3185397994576809,215,245,186.86962090036104,bayes_h1h2_marginal_boundary,measured_graph,3.992409864438599e-42,0.07519769963387438,0.02732540002371157,68,h1:h1_z;h2:h2_z
0.07943282347242822,1.000000010455692,0.9999999999969009,194.9465457978731,H1+H2,27724.50598217355,27723.020051499996,-1.4859306735521132,215,245,194.9465457978731,bayes_h1h2_marginal_boundary,measured_graph,7.036442824511149e-44,0.075179523084793,0.027420421734475463,68,h1:h1_z;h2:h2_z
0.1,1.0000000282719745,0.9999999999971574,203.3736650342762,H1+H2,27720.46981342944,27718.806491881794,-1.663321547646544,215,245,203.3736650342762,bayes_h1h2_marginal_boundary,measured_graph,1.040944252843821e-45,0.07520938101323095,0.027518447315407958,68,h1:h1_z;h2:h2_z
1e-05,1.000000133166546,0.9999907404621918,151.2886963035562,H1+H2,20022.508459777186,20020.140773193318,-2.3676865838692702,162,178,151.2886963035562,bayes_h1h2_marginal_boundary,measured_graph,3.909836365810361e-34,0.33047507196913817,0.02334728913154975,69,h1:h1_z;h2:h2_z
1.2589254117941661e-05,1.0000001355273618,0.9999949065575556,139.77755793467804,H1+H2,20028.05141983572,20025.896342377757,-2.155077457963703,162,178,139.77755793467804,bayes_h1h2_marginal_boundary,measured_graph,1.23529453114317e-31,0.3304768587202553,0.022503218615399927,69,h1:h1_z;h2:h2_z
1.584893192461114e-05,1.000000138317364,0.9999902908478658,123.74783115570608,H1+H2,20035.863674099302,20033.911205767243,-1.952468332058134,162,178,123.74783115570608,bayes_h1h2_marginal_boundary,measured_graph,3.7375022432075745e-28,0.33047914910425596,0.021534110497251065,69,h1:h1_z;h2:h2_z
1.9952623149688786e-05,1.0000001412525317,0.9999944186841536,103.60372208968329,H1+H2,20045.743119506405,20043.983260300254,-1.7598592061525666,162,178,103.60372208968329,bayes_h1h2_marginal_boundary,measured_graph,8.847471393457009e-24,0.3304820973637184,0.020642556176769373,69,h1:h1_z;h2:h2_z
2.5118864315095822e-05,1.0000001439467858,0.9999907844838611,81.81318538841879,H1+H2,20056.455778731135,20054.878528650886,-1.5772500802469966,162,178,81.81318538841879,bayes_h1h2_marginal_boundary,measured_graph,4.770611938202058e-19,0.3304859114189451,0.019997225958776937,69,h1:h1_z;h2:h2_z
3.1622776601683795e-05,1.0000001460902206,0.9999991256726967,61.63528255856363,H1+H2,20066.372121020155,20064.967480065814,-1.404640954341429,162,178,61.63528255856363,bayes_h1h2_marginal_boundary,measured_graph,1.1485502966882168e-14,0.33049087462533466,0.0196083447712428,69,h1:h1_z;h2:h2_z
3.9810717055349695e-05,1.0000001475899547,0.9999985838979332,45.14188023786846,H1+H2,20074.456213054596,20073.21418122616,-1.2420318284358616,162,178,45.14188023786846,bayes_h1h2_marginal_boundary,measured_graph,4.3817422397296814e-11,0.33049737769770543,0.01939772124529272,69,h1:h1_z;h2:h2_z
5.011872336272725e-05,1.000000148553318,0.9999999062884674,32.7932443530226,H1+H2,20080.477921871116,20079.388499168585,-1.089422702530293,162,178,32.7932443530226,bayes_h1h2_marginal_boundary,measured_graph,2.1043551546453382e-08,0.3305059660661134,0.019287388681953812,69,h1:h1_z;h2:h2_z
6.309573444801929e-05,1.000000149165137,0.9999992884619037,24.06419162783277,H1+H2,20084.699839107805,20083.75302553118,-0.9468135766247254,162,178,24.06419162783277,bayes_h1h2_marginal_boundary,measured_graph,1.654278987781872e-06,0.33051741085894054,0.01922642643901248,69,h1:h1_z;h2:h2_z
7.943282347242822e-05,1.000000149583046,0.999999923988888,18.095572374309995,H1+H2,20087.55153960866,20086.73733515794,-0.8142044507191568,162,178,18.095572374309995,bayes_h1h2_marginal_boundary,measured_graph,3.270980512044165e-05,0.3305328165762208,0.019186590824872722,69,h1:h1_z;h2:h2_z
0.0001,1.0000001498962152,0.9999999917910068,14.05518916391884,H1+H2,20089.44912208795,20088.757526763136,-0.6915953248135883,162,178,14.05518916391884,bayes_h1h2_marginal_boundary,measured_graph,0.0002466243895022164,0.3305537868825831,0.019153417406221684,69,h1:h1_z;h2:h2_z
0.00012589254117941674,1.0000001501174107,0.9999999990431145,11.270699677050288,H1+H2,20090.728757705478,20090.14977150657,-0.5789861989080206,162,178,11.270699677050288,bayes_h1h2_marginal_boundary,measured_graph,0.0009923850948069632,0.3305826848108225,0.019119509043980777,69,h1:h1_z;h2:h2_z
0.00015848931924611142,1.0000001501657452,0.9999999998733599,9.24455757396936,H1+H2,20091.639219631114,20091.16284255811,-0.47637707300245236,162,178,9.24455757396936,bayes_h1h2_marginal_boundary,measured_graph,0.0027330740597751994,0.3306230505361813,0.01908078383698386,69,h1:h1_z;h2:h2_z
0.00019952623149688788,1.000000149808849,0.9999999999803539,7.626635018466914,H1+H2,20092.35557178296,20091.971803835862,-0.38376794709688455,162,178,7.626635018466914,bayes_h1h2_marginal_boundary,measured_graph,0.006137320723504495,0.33068028680430817,0.01903461281944281,69,h1:h1_z;h2:h2_z
0.0002511886431509582,1.0000001485477419,0.999999999996353,6.181715533020906,H1+H2,20092.995422399777,20092.694263578585,-0.30115882119131615,162,178,6.181715533020906,bayes_h1h2_marginal_boundary,measured_graph,0.012639767889749631,0.3307627930883513,0.018979054227946834,69,h1:h1_z;h2:h2_z
0.00031622776601683794,1.000000145474076,0.9999999892647166,4.7673610995552735,H1+H2,20093.629990490605,20093.40144079532,-0.22854969528574837,162,178,4.7673610995552735,bayes_h1h2_marginal_boundary,measured_graph,0.02563670829370859,0.33088379904174187,0.018912721331330307,69,h1:h1_z;h2:h2_z
0.00039810717055349735,1.0000001392464308,0.9999999956755395,3.3280711425759364,H1+H2,20094.287026343187,20094.121085773808,-0.16594056938017995,162,178,3.3280711425759364,bayes_h1h2_marginal_boundary,measured_graph,0.05265020965481752,0.33106411450476014,0.018835108288700622,69,h1:h1_z;h2:h2_z
0.0005011872336272725,1.0000001284304643,0.9999999980819113,1.9082449137640651,H1+H2,20094.944330331688,20094.830998888214,-0.11333144347461188,162,178,1.9082449137640651,bayes_h1h2_marginal_boundary,measured_graph,0.10708076202400253,0.33133571089095454,0.01874735366708379,69,h1:h1_z;h2:h2_z
0.000630957344480193,1.0000001122210151,0.9999999990758913,0.6834534770241589,H1+H2,20095.514116924154,20095.443394606584,-0.07072231756904392,162,178,0.6834534770241589,bayes_h1h2_marginal_boundary,measured_graph,0.1975474983489931,0.33174545536472294,0.018653405739348657,69,h1:h1_z;h2:h2_z
0.0007943282347242822,1.0000000910608386,0.9999999995239472,-0.0,H1+H2,20095.823234536758,20095.785121345096,-0.03811319166347554,162,178,-0.0,bayes_h1h2_marginal_boundary,measured_graph,0.2780235415410964,0.3323576848705688,0.018561295507276473,69,h1:h1_z;h2:h2_z
0.001,1.0000000667846758,0.9999999997427745,0.3913110831344966,H1+H2,20095.604969869288,20095.58946580353,-0.015504065757907535,162,178,0.3913110831344966,bayes_h1h2_marginal_boundary,measured_graph,0.2286174883357124,0.33325341945252107,0.018483658126156276,69,h1:h1_z;h2:h2_z
0.0012589254117941675,1.0000000425483464,0.999999999858001,2.5169624143090914,H1+H2,20094.529535077792,20094.52664013794,-0.0028949398523394052,162,178,2.5169624143090914,bayes_h1h2_marginal_boundary,measured_graph,0.07898236381948372,0.3345218277605107,0.018436174561983713,69,h1:h1_z;h2:h2_z
0.001584893192461114,1.00000002232597,0.9999999999227888,6.9893035873246845,H1+H2,20092.29075536538,20092.290469551433,-0.0002858139467712683,162,178,6.9893035873246845,bayes_h1h2_marginal_boundary,measured_graph,0.008440605082230422,0.3362371004300697,0.018433366383391162,69,h1:h1_z;h2:h2_z
0.0019952623149688807,1.000000009096127,0.9999999999603183,14.147579587224755,H1+H2,20088.719008239525,20088.711331551483,-0.007676688041203171,162,178,14.147579587224755,bayes_h1h2_marginal_boundary,measured_graph,0.00023549066586486158,0.33841740396957304,0.018483784354093785,69,h1:h1_z;h2:h2_z
0.002511886431509582,1.0000000027500857,0.9999999999809279,23.928402016783366,H1+H2,20083.84598789884,20083.820920336704,-0.025067562135635053,162,178,23.928402016783366,bayes_h1h2_marginal_boundary,measured_graph,1.7704965828116597e-06,0.3409792434885287,0.018588440805437968,69,h1:h1_z;h2:h2_z
0.0031622776601683794,1.0000000006151482,0.999999999990685,35.92148494192952,H1+H2,20077.87683731036,20077.82437887413,-0.05245843623006681,162,178,35.92148494192952,bayes_h1h2_marginal_boundary,measured_graph,4.403826750254481e-09,0.3437232276409227,0.018743591684311195,69,h1:h1_z;h2:h2_z
0.003981071705534973,1.0000000001083194,0.999999999994554,49.54374017133523,H1+H2,20071.10310056975,20071.01325125943,-0.08984931032449865,162,178,49.54374017133523,bayes_h1h2_marginal_boundary,measured_graph,4.850595802043525e-12,0.346383312144223,0.018944372908624794,69,h1:h1_z;h2:h2_z
0.005011872336272725,1.0000000000168527,0.9999999999961572,64.1978698165185,H1+H2,20063.823426621257,20063.686186436837,-0.13724018441893068,162,178,64.1978698165185,bayes_h1h2_marginal_boundary,measured_graph,3.1892698376459786e-15,0.3487208234895138,0.019185594875679546,69,h1:h1_z;h2:h2_z
0.006309573444801936,1.0000000173220227,0.9999999999972958,79.33047981431446,H1+H2,20056.31451249645,20056.11988143794,-0.19463105851336257,162,178,79.33047981431446,bayes_h1h2_marginal_boundary,measured_graph,1.6507707163306095e-18,0.3505985503222489,0.019459595845925676,69,h1:h1_z;h2:h2_z
0.00794328234724282,1.0000000053743971,0.9999999999983221,94.41183981683571,H1+H2,20048.841223369287,20048.579201436678,-0.26202193260779433,162,178,94.41183981683571,bayes_h1h2_marginal_boundary,measured_graph,8.766193278231881e-22,0.35199290830659485,0.019754067638225386,69,h1:h1_z;h2:h2_z
0.01,1.0000000019723745,0.9999999999990389,108.94638102565659,H1+H2,20041.65134363897,20041.311930832268,-0.3394128067022262,162,178,108.94638102565659,bayes_h1h2_marginal_boundary,measured_graph,6.118930491419379e-25,0.35295918098605317,0.020053239799095467,69,h1:h1_z;h2:h2_z
0.012589254117941675,1.0000000009160006,0.9999999999994329,122.56745119357947,H1+H2,20034.9281994291,20034.501395748306,-0.42680368079665804,162,178,122.56745119357947,bayes_h1h2_marginal_boundary,measured_graph,6.743691801317309e-28,0.3535867704928404,0.020342769909919872,69,h1:h1_z;h2:h2_z
0.01584893192461114,1.0000000005263445,0.9999999999996287,135.1259622594589,H1+H2,20028.746334770258,20028.222140215366,-0.5241945548910899,162,178,135.1259622594589,bayes_h1h2_marginal_boundary,measured_graph,1.2643045055710647e-30,0.35396684684380997,0.020614342991792867,69,h1:h1_z;h2:h2_z
0.01995262314968881,1.000000000346059,0.9999999999997273,146.67078099420905,H1+H2,20023.081316276977,20022.44973084799,-0.6315854289855218,162,178,146.67078099420905,bayes_h1h2_marginal_boundary,measured_graph,3.934831596445805e-33,0.35417682521751315,0.020866131965229726,69,h1:h1_z;h2:h2_z
0.025118864315095822,1.0000000002417755,0.9999999999997773,157.3584997471553,H1+H2,20017.854847774597,20017.10587147152,-0.7489763030799538,162,178,157.3584997471553,bayes_h1h2_marginal_boundary,measured_graph,1.8798253886291745e-35,0.3542769897422626,0.02110027372777778,69,h1:h1_z;h2:h2_z
0.03162277660168379,1.0000000001691565,0.9999999999998017,167.40279722376,H1+H2,20012.96008991039,20012.083722733216,-0.8763671771743852,162,178,167.40279722376,bayes_h1h2_marginal_boundary,measured_graph,1.2388708275759582e-37,0.3543125110322153,0.021321347895360103,69,h1:h1_z;h2:h2_z
0.039810717055349734,1.0000000001131801,0.9999999999998109,177.0889144487519,H1+H2,20008.254422171987,20007.24066412072,-1.0137580512688171,162,178,177.0889144487519,bayes_h1h2_marginal_boundary,measured_graph,9.765902757220022e-40,0.35431584333333305,0.021537167431759225,69,h1:h1_z;h2:h2_z
0.05011872336272725,1.0000000000709444,0.999999999999806,186.7856276367529,H1+H2,20003.553456452082,20002.39230752672,-1.1611489253632492,162,178,186.7856276367529,bayes_h1h2_marginal_boundary,measured_graph,7.657691750599045e-42,0.3543080359405466,0.021759712370315334,69,h1:h1_z;h2:h2_z
0.06309573444801936,1.0000000000424634,0.9999999999997836,196.89701444366074,H1+H2,19998.655153922722,19997.336614123265,-1.3185397994576809,162,178,196.89701444366074,bayes_h1h2_marginal_boundary,measured_graph,4.880205759622939e-44,0.3543002719948393,0.022003906804324878,69,h1:h1_z;h2:h2_z
0.07943282347242822,1.0000000000257168,0.9999999999997407,207.7504857474487,H1+H2,19993.395809144924,19991.90987847137,-1.4859306735521132,162,178,207.7504857474487,bayes_h1h2_marginal_boundary,measured_graph,2.1460349215390042e-46,0.35429671078603964,0.02228374702390867,69,h1:h1_z;h2:h2_z
0.1,1.0000000000169376,0.9999999999996579,219.4564257627353,H1+H2,19987.720230011375,19986.056908463728,-1.663321547646544,162,178,219.4564257627353,bayes_h1h2_marginal_boundary,measured_graph,6.162035666324967e-49,0.354297979125392,0.02260693312746411,69,h1:h1_z;h2:h2_z
1e-05,1.000000286729852,0.9999988692049597,48.25777566176839,H1+H2,33627.98903349434,33625.62134691047,-2.3676865838692702,271,286,48.25777566176839,bayes_h1h2_marginal_boundary,measured_graph,1.0935422957303308e-11,0.06595845350523866,0.01859623256797643,70,h1:h1_z;h2:h2_z
1.2589254117941661e-05,1.000000426370106,0.9999969420576605,46.57629635359626,H1+H2,33628.61716402252,33626.462086564556,-2.155077457963703,271,286,46.57629635359626,bayes_h1h2_marginal_boundary,measured_graph,2.534919531891419e-11,0.06595233463979894,0.0185381434264079,70,h1:h1_z;h2:h2_z
1.584893192461114e-05,1.000000659639474,0.9999998579841561,44.310128062963486,H1+H2,33629.54763904193,33627.59517070987,-1.952468332058134,271,286,44.310128062963486,bayes_h1h2_marginal_boundary,measured_graph,7.871479514759239e-11,0.06594242433545544,0.01846058463292816,70,h1:h1_z;h2:h2_z
1.9952623149688786e-05,1.0000010575036171,0.9999997255343084,41.3206199715205,H1+H2,33630.84978396175,33629.08992475559,-1.7598592061525666,271,286,41.3206199715205,bayes_h1h2_marginal_boundary,measured_graph,3.5092944003900905e-10,0.0659264998604745,0.018366419680827948,70,h1:h1_z;h2:h2_z
2.5118864315095822e-05,1.0000000116822219,0.9999996771360489,37.58079908975924,H1+H2,33632.53708527672,33630.959835196474,-1.5772500802469966,271,286,37.58079908975924,bayes_h1h2_marginal_boundary,measured_graph,2.2767303111161865e-09,0.06590117458876514,0.018265572393588968,70,h1:h1_z;h2:h2_z
3.1622776601683795e-05,1.000000023256412,0.9999997890993653,33.2677509450732,H1+H2,33634.52100022316,33633.11635926882,-1.404640954341429,271,286,33.2677509450732,bayes_h1h2_marginal_boundary,measured_graph,1.9673339847617035e-08,0.06586113478377587,0.018173063892180933,70,h1:h1_z;h2:h2_z
3.9810717055349695e-05,1.000000049045186,0.9999999261819517,28.76230079776724,H1+H2,33636.611116170905,33635.36908434247,-1.2420318284358616,271,286,28.76230079776724,bayes_h1h2_marginal_boundary,measured_graph,1.8716479503027255e-07,0.06579869735338062,0.01810173533496725,70,h1:h1_z;h2:h2_z
5.011872336272725e-05,1.0000001067422237,0.9999985094338858,24.494849083785084,H1+H2,33638.59223290199,33637.50281019946,-1.089422702530293,271,286,24.494849083785084,bayes_h1h2_marginal_boundary,measured_graph,1.5808458685569203e-06,0.06570303430499465,0.018056023267903,70,h1:h1_z;h2:h2_z
6.309573444801929e-05,1.0000002287142555,0.999999687711775,20.73737653438002,H1+H2,33640.328360050786,33639.381546474164,-0.9468135766247254,271,286,20.73737653438002,bayes_h1h2_marginal_boundary,measured_graph,1.0346997058459964e-05,0.06556024165345664,0.018032429342273452,70,h1:h1_z;h2:h2_z
7.943282347242822e-05,1.0000004497264567,0.9999999513944813,17.502469776824,H1+H2,33641.81320430366,33640.99899985294,-0.8142044507191568,271,286,17.502469776824,bayes_h1h2_marginal_boundary,measured_graph,5.215133170192384e-05,0.06535528812099828,0.01802452865535915,70,h1:h1_z;h2:h2_z
0.0001,1.0000007391913641,0.9999999938316141,14.594285869767191,H1+H2,33643.14468713129,33642.45309180647,-0.6915953248135883,271,286,14.594285869767191,bayes_h1h2_marginal_boundary,measured_graph,0.00022323871519494196,0.06507773219877153,0.01802678717715541,70,h1:h1_z;h2:h2_z
0.00012589254117941674,1.0000009094448443,0.9999999992988178,11.74371527551557,H1+H2,33644.45736330251,33643.878377103596,-0.5789861989080206,271,286,11.74371527551557,bayes_h1h2_marginal_boundary,measured_graph,0.0009284596918794486,0.06473190746570409,0.018035880655644227,70,h1:h1_z;h2:h2_z
0.00015848931924611142,1.0000007513998141,0.9999999999213116,8.770534150113235,H1+H2,33645.8413447393,33645.3649676663,-0.47637707300245236,271,286,8.770534150113235,bayes_h1h2_marginal_boundary,measured_graph,0.004105642518001295,0.06434661163327988,0.0180504149946351,70,h1:h1_z;h2:h2_z
0.00019952623149688788,1.0000003881490551,0.9999999999902845,5.726392574273632,H1+H2,33647.27080640131,33646.88703845422,-0.38376794709688455,271,286,5.726392574273632,bayes_h1h2_marginal_boundary,measured_graph,0.01881083510902292,0.06397171649334638,0.018070309905300518,70,h1:h1_z;h2:h2_z
0.0002511886431509582,1.0000001262819214,0.999999999998533,2.9379051360010635,H1+H2,33648.58244099454,33648.28128217335,-0.30115882119131615,271,286,2.9379051360010635,bayes_h1h2_marginal_boundary,measured_graph,0.07584386039930992,0.06365508304515469,0.018096351503959652,70,h1:h1_z;h2:h2_z
0.00031622776601683794,1.000002030317805,0.9999999931466513,0.8860537664440926,H1+H2,33649.535757553414,33649.30720785813,-0.22854969528574837,271,286,0.8860537664440926,bayes_h1h2_marginal_boundary,measured_graph,0.21157984464972734,0.06341734396759645,0.018129975454802483,70,h1:h1_z;h2:h2_z
0.00039810717055349735,1.000000594787642,0.9999999967224852,-0.0,H1+H2,33649.91617531073,33649.750234741354,-0.16594056938017995,271,286,-0.0,bayes_h1h2_marginal_boundary,measured_graph,0.3295174549336547,0.06324891232560413,0.018173207201592573,70,h1:h1_z;h2:h2_z
0.0005011872336272725,1.0000001936816447,0.9999999979360016,0.5346040743897902,H1+H2,33649.596264147636,33649.48293270416,-0.11333144347461188,271,286,0.5346040743897902,bayes_h1h2_marginal_boundary,measured_graph,0.25222644854548504,0.06312512133416084,0.018228678491239627,70,h1:h1_z;h2:h2_z
0.000630957344480193,1.000000081500963,0.9999999983727335,2.585213885002304,H1+H2,33648.52835011642,33648.45762779885,-0.07072231756904392,271,286,2.585213885002304,bayes_h1h2_marginal_boundary,measured_graph,0.09047036911859489,0.0630222036445915,0.018299647590067167,70,h1:h1_z;h2:h2_z
0.0007943282347242822,1.000000045949633,0.9999999984871363,6.173459602970979,H1+H2,33646.701618131534,33646.66350493987,-0.03811319166347554,271,286,6.173459602970979,bayes_h1h2_marginal_boundary,measured_graph,0.015042800807031954,0.06292345767513852,0.018389958144877122,70,h1:h1_z;h2:h2_z
0.001,1.0000000326036187,0.9999999984160132,11.320722118252888,H1+H2,33644.10537774798,33644.08987368223,-0.015504065757907535,271,286,11.320722118252888,bayes_h1h2_marginal_boundary,measured_graph,0.0011471358464141014,0.06281919108649818,0.01850388479175973,70,h1:h1_z;h2:h2_z
0.0012589254117941675,1.0000000266428637,0.9999999981869754,18.08109199840692,H1+H2,33640.712583682005,33640.70968874215,-0.0028949398523394052,271,286,18.08109199840692,bayes_h1h2_marginal_boundary,measured_graph,3.90498332582016e-05,0.0627047368194125,0.01864587948627602,70,h1:h1_z;h2:h2_z
0.001584893192461114,1.000000023421256,0.9999999977766507,26.543007831671275,H1+H2,33636.47901663947,33636.47873082552,-0.0002858139467712683,271,286,26.543007831671275,bayes_h1h2_marginal_boundary,measured_graph,5.677243312881187e-07,0.06257852338457008,0.018820345546356813,70,h1:h1_z;h2:h2_z
0.0019952623149688807,1.0000000212545392,0.9999999971323051,36.81138490480953,H1+H2,33631.352218976994,33631.34454228895,-0.007676688041203171,271,286,36.81138490480953,bayes_h1h2_marginal_boundary,measured_graph,3.3449355709725565e-09,0.06244016177989422,0.019031542739822754,70,h1:h1_z;h2:h2_z
0.002511886431509582,1.000000019451706,0.9999999961989418,48.95208501824527,H1+H2,33625.29925979437,33625.27419223223,-0.025067562135635053,271,286,48.95208501824527,bayes_h1h2_marginal_boundary,measured_graph,7.728019764037783e-12,0.06228787020264545,0.019283239969099444,70,h1:h1_z;h2:h2_z
0.0031622776601683794,1.000000017686678,0.9999999949849154,62.856441278912826,H1+H2,33618.374472538126,33618.3220141019,-0.05245843623006681,271,286,62.856441278912826,bayes_h1h2_marginal_boundary,measured_graph,7.3922326201e-15,0.06211505676965839,0.01957712499695626,70,h1:h1_z;h2:h2_z
0.003981071705534973,1.00000001579774,0.9999999936769903,78.0546161991515,H1+H2,33610.8127759521,33610.72292664178,-0.08984931032449865,271,286,78.0546161991515,bayes_h1h2_marginal_boundary,measured_graph,3.702830850619509e-18,0.061907267571346764,0.019909891567046988,70,h1:h1_z;h2:h2_z
0.005011872336272725,1.0000000137734524,0.9999999927239247,93.6613669966464,H1+H2,33603.05679142745,33602.91955124303,-0.13724018441893068,271,286,93.6613669966464,bayes_h1h2_marginal_boundary,measured_graph,1.5120668687014875e-21,0.061642356976619336,0.020271618083973618,70,h1:h1_z;h2:h2_z
0.006309573444801936,1.0000000117818881,0.9999999926978924,108.63351691098069,H1+H2,33595.628107344375,33595.43347628586,-0.19463105851336257,271,286,108.63351691098069,bayes_h1h2_marginal_boundary,measured_graph,8.480275325615926e-25,0.061297011775913325,0.020648441542262665,70,h1:h1_z;h2:h2_z
0.00794328234724282,1.00000001012384,0.9999999938686858,122.23742517418577,H1+H2,33588.893544086866,33588.63152215426,-0.26202193260779433,271,286,122.23742517418577,bayes_h1h2_marginal_boundary,measured_graph,9.426680919226835e-28,0.06085972000091284,0.02102809417529503,70,h1:h1_z;h2:h2_z
0.01,1.0000000091170933,0.9999999958436788,134.40964527962205,H1+H2,33582.884824908244,33582.54541210154,-0.3394128067022262,271,286,134.40964527962205,bayes_h1h2_marginal_boundary,measured_graph,2.1438519712606836e-30,0.06034562628550671,0.02140323343997851,70,h1:h1_z;h2:h2_z
0.012589254117941675,1.0000000090362204,0.9999999977826333,145.8247938047134,H1+H2,33577.264641519796,33576.837837839,-0.42680368079665804,271,286,145.8247938047134,bayes_h1h2_marginal_boundary,measured_graph,7.119127772135704e-33,0.05980725017685455,0.021769798557979968,70,h1:h1_z;h2:h2_z
0.01584893192461114,1.0000000101962518,0.9999999990746963,157.73139983479632,H1+H2,33571.40872937885,33570.884534823956,-0.5241945548910899,271,286,157.73139983479632,bayes_h1h2_marginal_boundary,measured_graph,1.8490137428319353e-35,0.05933656624914902,0.02212247359699797,70,h1:h1_z;h2:h2_z
0.01995262314968881,1.00000001317319,0.9999999996896111,171.7084120540385,H1+H2,33564.52761414332,33563.896028714335,-0.6315854289855218,271,286,171.7084120540385,bayes_h1h2_marginal_boundary,measured_graph,1.705573732810034e-38,0.059055366950464934,0.022451953867643083,70,h1:h1_z;h2:h2_z
0.025118864315095822,1.0000000191554401,0.9999999999094158,189.41894171568856,H1+H2,33555.78974018659,33555.04076388351,-0.7489763030799538,271,286,189.41894171568856,bayes_h1h2_marginal_boundary,measured_graph,2.4326400196710202e-42,0.0590934074962881,0.02274726280427838,70,h1:h1_z;h2:h2_z
0.03162277660168379,1.0000000304606762,0.9999999999734923,212.31291518727085,H1+H2,33544.47014432489,33543.59377714772,-0.8763671771743852,271,286,212.31291518727085,bayes_h1h2_marginal_boundary,measured_graph,2.598451848104411e-47,0.05955885624234587,0.02300149152911231,70,h1:h1_z;h2:h2_z
0.039810717055349734,1.0000000511205027,0.99999999999078,241.286526878539,H1+H2,33530.12072935335,33529.106971302084,-1.0137580512688171,271,286,241.286526878539,bayes_h1h2_marginal_boundary,measured_graph,1.3279289352032798e-53,0.06051106088144923,0.023216603232433592,70,h1:h1_z;h2:h2_z
0.05011872336272725,1.000000086871916,0.9999999999957284,276.5019137436466,H1+H2,33512.66042679489,33511.49927786953,-1.1611489253632492,271,286,276.5019137436466,bayes_h1h2_marginal_boundary,measured_graph,2.993992701760836e-61,0.06194664032410199,0.02340552250075554,70,h1:h1_z;h2:h2_z
0.06309573444801936,1.0000001424443592,0.9999999999972992,317.50631643182714,H1+H2,33492.3156163249,33490.99707652544,-1.3185397994576809,271,286,317.50631643182714,bayes_h1h2_marginal_boundary,measured_graph,3.734718102714592e-70,0.06380210194563854,0.023592159120098176,70,h1:h1_z;h2:h2_z
0.07943282347242822,1.0000002116983702,0.9999999999977192,363.49932785840065,H1+H2,33469.486501485706,33468.00057081215,-1.4859306735521132,271,286,363.49932785840065,bayes_h1h2_marginal_boundary,measured_graph,3.8459381211118454e-80,0.06596719838179448,0.023808991055250955,70,h1:h1_z;h2:h2_z
0.1,1.0000002612847754,0.9999999999975613,413.5483728557447,H1+H2,33444.63936986113,33442.97604831348,-1.663321547646544,271,286,413.5483728557447,bayes_h1h2_marginal_boundary,measured_graph,5.211830210829541e-91,0.06830549173365477,0.024091180572976188,70,h1:h1_z;h2:h2_z
1e-05,1.0000000908879996,0.999999983936261,65.07396169767162,H1+H2,27401.08051219379,27398.71282560992,-2.3676865838692702,212,239,65.07396169767162,bayes_h1h2_marginal_boundary,measured_graph,3.4621179208892623e-15,0.05289962161530453,0.015752689219023324,71,h1:h1_z;h2:h2_z
1.2589254117941661e-05,1.0000002476215857,0.9999999616314462,64.46520516971941,H1+H2,27401.17228133186,27399.017203873897,-2.155077457963703,212,239,64.46520516971941,bayes_h1h2_marginal_boundary,measured_graph,4.693876475327511e-15,0.05288156338267452,0.015742758112766597,71,h1:h1_z;h2:h2_z
1.584893192461114e-05,1.00000072730915,0.9999999276594103,63.78380177869258,H1+H2,27401.31037390147,27399.35790556941,-1.952468332058134,212,239,63.78380177869258,bayes_h1h2_marginal_boundary,measured_graph,6.5992795049494856e-15,0.05285270779081341,0.015730326621052386,71,h1:h1_z;h2:h2_z
1.9952623149688786e-05,1.0000000124511108,0.9999999002892447,63.00819311102532,H1+H2,27401.505569109395,27399.745709903244,-1.7598592061525666,212,239,63.00819311102532,bayes_h1h2_marginal_boundary,measured_graph,9.725631381943544e-15,0.05280685209923829,0.01571650373262229,71,h1:h1_z;h2:h2_z
2.5118864315095822e-05,1.0000000573076606,0.9999999063941836,62.123219188593794,H1+H2,27401.765446944708,27400.18819686446,-1.5772500802469966,212,239,62.123219188593794,bayes_h1h2_marginal_boundary,measured_graph,1.5138660535593887e-14,0.052734259638908494,0.01570335371876991,71,h1:h1_z;h2:h2_z
3.1622776601683795e-05,1.0000002603937743,0.9999999428647242,61.112042433233,H1+H2,27402.09842619648,27400.69378524214,-1.404640954341429,212,239,61.112042433233,bayes_h1h2_marginal_boundary,measured_graph,2.5099304833717992e-14,0.05262015032161897,0.015693180718141117,71,h1:h1_z;h2:h2_z
3.9810717055349695e-05,1.0000011122303933,0.9999999775019031,59.92682052687451,H1+H2,27402.528428023754,27401.28639619532,-1.2420318284358616,212,239,59.92682052687451,bayes_h1h2_marginal_boundary,measured_graph,4.53972305945029e-14,0.05244247551947998,0.015687478373735905,71,h1:h1_z;h2:h2_z
5.011872336272725e-05,1.000004249408327,0.9999999940931661,58.44166374782071,H1+H2,27403.118397287377,27402.028974584846,-1.089422702530293,212,239,58.44166374782071,bayes_h1h2_marginal_boundary,measured_graph,9.539531732372087e-14,0.05216980346368698,0.01568648220004885,71,h1:h1_z;h2:h2_z
6.309573444801929e-05,1.0000005525183115,0.9999999988959036,56.40863139298017,H1+H2,27403.99230433889,27403.045490762266,-0.9468135766247254,212,239,56.40863139298017,bayes_h1h2_marginal_boundary,measured_graph,2.636297535216118e-13,0.051761245281011586,0.015689623802962415,71,h1:h1_z;h2:h2_z
7.943282347242822e-05,1.0000019936050075,0.9999999998395591,53.44282581517473,H1+H2,27405.342598001887,27404.52839355117,-0.8142044507191568,212,239,53.44282581517473,bayes_h1h2_marginal_boundary,measured_graph,1.1614778233496446e-12,0.051171326576803844,0.0156962671205514,71,h1:h1_z;h2:h2_z
0.0001,1.000004917626166,0.9999999999798013,49.05200117878121,H1+H2,27407.41540119418,27406.723805869366,-0.6915953248135883,212,239,49.05200117878121,bayes_h1h2_marginal_boundary,measured_graph,1.0434373476375458e-11,0.05037101188244271,0.01570614817937553,71,h1:h1_z;h2:h2_z
0.00012589254117941674,1.0000071543309454,0.9999999999975185,42.7740158270899,H1+H2,27410.44178474412,27409.86279854521,-0.5789861989080206,212,239,42.7740158270899,bayes_h1h2_marginal_boundary,measured_graph,2.408316577791353e-10,0.049387326680164774,0.01571947822586635,71,h1:h1_z;h2:h2_z
0.00015848931924611142,1.0000052735897638,0.9999999999996554,34.49341875627579,H1+H2,27414.47947415362,27414.00309708062,-0.47637707300245236,212,239,34.49341875627579,bayes_h1h2_marginal_boundary,measured_graph,1.512942359732474e-08,0.04834022623284369,0.015736911744502084,71,h1:h1_z;h2:h2_z
0.00019952623149688788,1.0000018166664897,0.9999999971279061,24.851143003281322,H1+H2,27419.20800290421,27418.824234957116,-0.38376794709688455,212,239,24.851143003281322,bayes_h1h2_marginal_boundary,measured_graph,1.877655694875298e-06,0.04740861757746713,0.015759524670955996,71,h1:h1_z;h2:h2_z
0.0002511886431509582,1.0000058678797052,0.9999999987270026,15.27699160510383,H1+H2,27423.912469477396,27423.611310656204,-0.30115882119131615,212,239,15.27699160510383,bayes_h1h2_marginal_boundary,measured_graph,0.00022522496046559738,0.0467181746268289,0.015788850145616318,71,h1:h1_z;h2:h2_z
0.00031622776601683794,1.0000009250901452,0.9999999992593429,7.357427602612006,H1+H2,27427.799642352737,27427.57109265745,-0.22854969528574837,212,239,7.357427602612006,bayes_h1h2_marginal_boundary,measured_graph,0.011812123854036606,0.04627905275467707,0.015826972225211063,71,h1:h1_z;h2:h2_z
0.00039810717055349735,1.0000001211747336,0.9999999994722553,2.144952651578933,H1+H2,27430.343270702346,27430.177330132967,-0.16594056938017995,212,239,2.144952651578933,bayes_h1h2_marginal_boundary,measured_graph,0.16003042041968255,0.0460272897615912,0.01587666103948593,71,h1:h1_z;h2:h2_z
0.0005011872336272725,1.0000013158515557,0.9999999995750208,-0.0,H1+H2,27431.36313790223,27431.249806458756,-0.11333144347461188,212,239,-0.0,bayes_h1h2_marginal_boundary,measured_graph,0.4677061670591975,0.0458897421865153,0.01594151914109356,71,h1:h1_z;h2:h2_z
0.000630957344480193,1.0000003647656694,0.9999999996357392,0.8420844365027733,H1+H2,27430.899486558075,27430.828764240505,-0.07072231756904392,212,239,0.8420844365027733,bayes_h1h2_marginal_boundary,measured_graph,0.3069847377932637,0.04581252976054837,0.01602607599816803,71,h1:h1_z;h2:h2_z
0.0007943282347242822,1.0000001362634727,0.9999999996804959,4.438945641792088,H1+H2,27429.068446829522,27429.03033363786,-0.03811319166347554,212,239,4.438945641792088,bayes_h1h2_marginal_boundary,measured_graph,0.05082393625221173,0.04576233262108316,0.01613571490411708,71,h1:h1_z;h2:h2_z
0.001,1.000000068700847,0.9999999997212384,10.561190626329335,H1+H2,27425.98471521135,27425.96921114559,-0.015504065757907535,212,239,10.561190626329335,bayes_h1h2_marginal_boundary,measured_graph,0.002380343815179983,0.04571941315816244,0.016276270459076963,71,h1:h1_z;h2:h2_z
0.0012589254117941675,1.0000000438928316,0.9999999997641138,19.002171026848373,H1+H2,27421.751615885183,27421.748720945332,-0.0028949398523394052,212,239,19.002171026848373,bayes_h1h2_marginal_boundary,measured_graph,3.4970680699668526e-05,0.04567054279435698,0.016453190375914434,71,h1:h1_z;h2:h2_z
0.001584893192461114,1.0000000328310494,0.9999999998112103,29.521629040646076,H1+H2,27416.48927775238,27416.488991938433,-0.0002858139467712683,212,239,29.521629040646076,bayes_h1h2_marginal_boundary,measured_graph,1.8173258405948702e-07,0.045604245145074336,0.01667045036456319,71,h1:h1_z;h2:h2_z
0.0019952623149688807,1.0000000269208003,0.9999999998602146,41.7883856421322,H1+H2,27410.36329032573,27410.35561363769,-0.007676688041203171,212,239,41.7883856421322,bayes_h1h2_marginal_boundary,measured_graph,3.94221631031806e-10,0.0455079176725945,0.016929864699869557,71,h1:h1_z;h2:h2_z
0.002511886431509582,1.0000000231315918,0.9999999999054173,55.37632249001035,H1+H2,27403.586712775887,27403.56164521375,-0.025067562135635053,212,239,55.37632249001035,bayes_h1h2_marginal_boundary,measured_graph,4.417305679765092e-13,0.04536646155382391,0.017231367130977077,71,h1:h1_z;h2:h2_z
0.0031622776601683794,1.0000000202852901,0.9999999999413915,69.79708493072394,H1+H2,27396.403722429623,27396.351263993394,-0.05245843623006681,212,239,69.79708493072394,bayes_h1h2_marginal_boundary,measured_graph,3.2638386221455925e-16,0.04516266211729113,0.01757358594872467,71,h1:h1_z;h2:h2_z
0.003981071705534973,1.0000000179771509,0.9999999999663151,84.50066810744465,H1+H2,27389.089321715357,27388.999472405034,-0.08984931032449865,212,239,84.50066810744465,bayes_h1h2_marginal_boundary,measured_graph,2.093563597894517e-19,0.044880045591678235,0.017952917582999488,71,h1:h1_z;h2:h2_z
0.005011872336272725,1.0000000161493559,0.9999999999817545,98.84905963775236,H1+H2,27381.9625168243,27381.82527663988,-0.13724018441893068,212,239,98.84905963775236,bayes_h1h2_marginal_boundary,measured_graph,1.6038824136919246e-22,0.04450869067797807,0.018360852233035484,71,h1:h1_z;h2:h2_z
0.006309573444801936,1.000000014853077,0.9999999999903979,112.18444332151557,H1+H2,27375.35221585651,27375.157584798,-0.19463105851336257,212,239,112.18444332151557,bayes_h1h2_marginal_boundary,measured_graph,2.039063503795003e-25,0.044052980779426994,0.01878236540762917,71,h1:h1_z;h2:h2_z
0.00794328234724282,1.000000014142363,0.999999999994722,124.05293149813951,H1+H2,27369.485362642296,27369.223340709686,-0.26202193260779433,212,239,124.05293149813951,bayes_h1h2_marginal_boundary,measured_graph,5.397855938802401e-28,0.043537619657829395,0.019198175857221077,71,h1:h1_z;h2:h2_z
0.01,1.0000000141333063,0.9999999999965585,134.43671159807127,H1+H2,27364.37086346642,27364.03145065972,-0.3394128067022262,212,239,134.43671159807127,bayes_h1h2_marginal_boundary,measured_graph,3.0020096939740006e-30,0.04300657006535839,0.01958999915889176,71,h1:h1_z;h2:h2_z
0.012589254117941675,1.0000000151434532,0.9999999999968757,143.7960300654231,H1+H2,27359.77859510684,27359.351791426045,-0.42680368079665804,212,239,143.7960300654231,bayes_h1h2_marginal_boundary,measured_graph,2.7865183537959443e-32,0.042513215815388396,0.019945420546199962,71,h1:h1_z;h2:h2_z
0.01584893192461114,1.000000017795948,0.9999999999953166,152.93187182273687,H1+H2,27355.30806510228,27354.783870547388,-0.5241945548910899,212,239,152.93187182273687,bayes_h1h2_marginal_boundary,measured_graph,2.8922716228150444e-34,0.04210823972174069,0.020260393848105508,71,h1:h1_z;h2:h2_z
0.01995262314968881,1.0000000230532602,0.9999999999880406,162.83181084747048,H1+H2,27350.465486464007,27349.83390103502,-0.6315854289855218,212,239,162.83181084747048,bayes_h1h2_marginal_boundary,measured_graph,2.0487767252303548e-36,0.041834106237311056,0.020539360773862366,71,h1:h1_z;h2:h2_z
0.025118864315095822,1.000000032167375,0.9999999999593363,174.50363898861542,H1+H2,27344.746963267527,27343.99798696445,-0.7489763030799538,212,239,174.50363898861542,bayes_h1h2_marginal_boundary,measured_graph,5.983969262545471e-39,0.04172603886468177,0.020792213430127448,71,h1:h1_z;h2:h2_z
0.03162277660168379,1.0000000464702505,0.9999999998548393,188.6169539685652,H1+H2,27337.817696651648,27336.941329474474,-0.8763671771743852,212,239,188.6169539685652,bayes_h1h2_marginal_boundary,measured_graph,5.156107287074381e-42,0.04181006531588008,0.02102672076334783,71,h1:h1_z;h2:h2_z
0.039810717055349734,1.0000000671256861,0.9999999994837295,205.00141062460898,H1+H2,27329.76285919772,27328.74910114645,-1.0137580512688171,212,239,205.00141062460898,bayes_h1h2_marginal_boundary,measured_graph,1.427191952293312e-45,0.04209225138700662,0.02123990330590019,71,h1:h1_z;h2:h2_z
0.05011872336272725,1.0000000951398986,0.9999999981290729,222.49194522314065,H1+H2,27321.16498277255,27320.003833847186,-1.1611489253632492,212,239,222.49194522314065,bayes_h1h2_marginal_boundary,measured_graph,2.2722758736067823e-49,0.04254594049873435,0.02141833856964538,71,h1:h1_z;h2:h2_z
0.06309573444801936,1.0000001313227702,0.9999999932943314,239.4669789979016,H1+H2,27312.834856759262,27311.516316959805,-1.3185397994576809,212,239,239.4669789979016,bayes_h1h2_marginal_boundary,measured_graph,4.681438344718701e-53,0.0431115062925857,0.021550891181905722,71,h1:h1_z;h2:h2_z
0.07943282347242822,1.0000001745121372,0.999999978705657,254.6717459115098,H1+H2,27305.399864176554,27303.913933503,-1.4859306735521132,212,239,254.6717459115098,bayes_h1h2_marginal_boundary,measured_graph,2.337255139418759e-56,0.0437177612709894,0.021640044581226085,71,h1:h1_z;h2:h2_z
0.1,1.0000002160892594,0.9999999999879827,267.6664007283107,H1+H2,27299.079927642248,27297.4166060946,-1.663321547646544,212,239,267.6664007283107,bayes_h1h2_marginal_boundary,measured_graph,3.52332481699428e-59,0.044314030282974,0.021699411310487318,71,h1:h1_z;h2:h2_z
1e-05,1.0000000111249052,1.0000000000505458,5.337451014944236,H1+H2,20218.208008838406,20215.84032225454,-2.3676865838692702,132,219,5.337451014944236,bayes_h1h2_marginal_boundary,measured_graph,0.007279574042589792,1.0658434180095289,0.05427567511766142,72,h1:h1_z;h2:h2_z
1.2589254117941661e-05,1.0000000120601282,1.000000000185494,4.891348477758584,H1+H2,20218.218450981094,20216.06337352313,-2.155077457963703,132,219,4.891348477758584,bayes_h1h2_marginal_boundary,measured_graph,0.009098627868353084,1.0658435048993176,0.05427078027152303,72,h1:h1_z;h2:h2_z
1.584893192461114e-05,1.0000000134583649,1.0000000006578451,4.45545166827651,H1+H2,20218.233790259932,20216.281321927872,-1.952468332058134,132,219,4.45545166827651,bayes_h1h2_marginal_boundary,measured_graph,0.011314352168172111,1.0658436036958594,0.05426332906018193,72,h1:h1_z;h2:h2_z
1.9952623149688786e-05,1.0000000154787014,1.0000000022053577,4.025089655864576,H1+H2,20218.25636214023,20216.49650293408,-1.7598592061525666,132,219,4.025089655864576,bayes_h1h2_marginal_boundary,measured_graph,0.014030773569429549,1.0658437113260897,0.054252080843271766,72,h1:h1_z;h2:h2_z
2.5118864315095822e-05,1.0000000182556479,1.0000000067764343,3.593719725802657,H1+H2,20218.289437979358,20216.71218789911,-1.5772500802469966,132,219,3.593719725802657,bayes_h1h2_marginal_boundary,measured_graph,0.01740814141900187,1.065843820359216,0.05423536418084943,72,h1:h1_z;h2:h2_z
3.1622776601683795e-05,1.0000000218115501,1.0000000182925637,3.1527928500800044,H1+H2,20218.33729229131,20216.93265133697,-1.404640954341429,132,219,3.1527928500800044,bayes_h1h2_marginal_boundary,measured_graph,0.021701935113235343,1.0658439158098527,0.05421115984544645,72,h1:h1_z;h2:h2_z
3.9810717055349695e-05,1.000000025949722,1.0000000410350876,2.692550699444837,H1+H2,20218.404804240723,20217.162772412288,-1.2420318284358616,132,219,2.692550699444837,bayes_h1h2_marginal_boundary,measured_graph,0.02731736300719082,1.0658439698697741,0.05417751450101747,72,h1:h1_z;h2:h2_z
5.011872336272725e-05,1.0000000302183114,1.0000000714908952,2.204943527096475,H1+H2,20218.495998700993,20217.406575998462,-1.089422702530293,132,219,2.204943527096475,bayes_h1h2_marginal_boundary,measured_graph,0.034859513835215794,1.0658439332498004,0.054133496912961876,72,h1:h1_z;h2:h2_z
6.309573444801929e-05,1.0000000340494297,1.0000000898196346,1.6900226187790395,H1+H2,20218.610850029247,20217.66403645262,-0.9468135766247254,132,219,1.6900226187790395,bayes_h1h2_marginal_boundary,measured_graph,0.04509568420134132,1.0658437210473661,0.05408061972426024,72,h1:h1_z;h2:h2_z
7.943282347242822e-05,1.0000000370316677,1.0000000759410568,1.1654580171161797,H1+H2,20218.74052320417,20217.926318753453,-0.8142044507191568,132,219,1.1654580171161797,bayes_h1h2_marginal_boundary,measured_graph,0.05861958459053662,1.0658431899292253,0.05402384324848723,72,h1:h1_z;h2:h2_z
0.0001,1.000000039091821,1.0000000411764058,0.6738839165700483,H1+H2,20218.86370112854,20218.172105803726,-0.6915953248135883,132,219,0.6738839165700483,bayes_h1h2_marginal_boundary,measured_graph,0.07495259889898222,1.0658421016140407,0.053970602595602886,72,h1:h1_z;h2:h2_z
0.00012589254117941674,1.0000000404407265,1.0000000141478116,0.27820821757632075,H1+H2,20218.94892985213,20218.369943653222,-0.5789861989080206,132,219,0.27820821757632075,bayes_h1h2_marginal_boundary,measured_graph,0.09134958579477642,1.0658400646179673,0.053927493666159836,72,h1:h1_z;h2:h2_z
0.00015848931924611142,1.0000000413937828,1.0000000031731615,0.04094898138282588,H1+H2,20218.96495034432,20218.48857327132,-0.47637707300245236,132,219,0.04094898138282588,bayes_h1h2_marginal_boundary,measured_graph,0.10285532268130353,1.0658364414888066,0.053897097819159,72,h1:h1_z;h2:h2_z
0.00019952623149688788,1.0000000422435797,1.000000000494559,-0.0,H1+H2,20218.892815709107,20218.50904776201,-0.38376794709688455,132,219,-0.0,bayes_h1h2_marginal_boundary,measured_graph,0.1049829396398316,1.0658302017931351,0.05387778060249813,72,h1:h1_z;h2:h2_z
0.0002511886431509582,1.000000043235266,1.0000000000578915,0.15890989737818018,H1+H2,20218.730751634514,20218.42959281332,-0.30115882119131615,132,219,0.15890989737818018,bayes_h1h2_marginal_boundary,measured_graph,0.09696430379363787,1.0658196912418576,0.053865972149199186,72,h1:h1_z;h2:h2_z
0.00031622776601683794,1.0000000446033435,1.0000000245740592,0.49528219065541634,H1+H2,20218.48995636197,20218.261406666683,-0.22854969528574837,132,219,0.49528219065541634,bayes_h1h2_marginal_boundary,measured_graph,0.08195388917852507,1.0658022743777558,0.053858386396802675,72,h1:h1_z;h2:h2_z
0.00039810717055349735,1.00000004662871,1.0000000046123658,0.976628534583142,H1+H2,20218.186674064098,20218.02073349472,-0.16594056938017995,132,219,0.976628534583142,bayes_h1h2_marginal_boundary,measured_graph,0.06442382963423088,1.0657737947066088,0.053852930033770126,72,h1:h1_z;h2:h2_z
0.0005011872336272725,1.0000000497006984,1.000000000827566,1.5734913528212928,H1+H2,20217.835633529074,20217.7223020856,-0.11333144347461188,132,219,1.5734913528212928,bayes_h1h2_marginal_boundary,measured_graph,0.04780126869707437,1.0657277920614827,0.05384867769735926,72,h1:h1_z;h2:h2_z
0.000630957344480193,1.0000000543773309,1.0000000001503881,2.266985839116387,H1+H2,20217.446277160023,20217.375554842452,-0.07072231756904392,132,219,2.266985839116387,bayes_h1h2_marginal_boundary,measured_graph,0.033794732183294034,1.0656544506848469,0.05384563196024453,72,h1:h1_z;h2:h2_z
0.0007943282347242822,1.0000000614132654,1.0000000000306075,3.0527396606557886,H1+H2,20217.020791123345,20216.982677931683,-0.03811319166347554,132,219,3.0527396606557886,bayes_h1h2_marginal_boundary,measured_graph,0.022815223876214628,1.065539388953077,0.05384460355704343,72,h1:h1_z;h2:h2_z
0.001,1.000000071645395,1.0000000000082083,3.9439284269246855,H1+H2,20216.552587614307,20216.53708354855,-0.015504065757907535,132,219,3.9439284269246855,bayes_h1h2_marginal_boundary,measured_graph,0.014611861697201451,1.0653627648811068,0.05384730024971493,72,h1:h1_z;h2:h2_z
0.0012589254117941675,1.000000085468896,1.0000000000033755,4.975170403507946,H1+H2,20216.024357500108,20216.021462560257,-0.0028949398523394052,132,219,4.975170403507946,bayes_h1h2_marginal_boundary,measured_graph,0.008725176137655746,1.0650998958037512,0.053856593416188425,72,h1:h1_z;h2:h2_z
0.001584893192461114,1.0000001015533764,1.00000000000211,6.207550146325957,H1+H2,20215.405558502793,20215.405272688848,-0.0002858139467712683,132,219,6.207550146325957,bayes_h1h2_marginal_boundary,measured_graph,0.004711577530763731,1.0647255398987299,0.05387688034844526,72,h1:h1_z;h2:h2_z
0.0019952623149688807,1.0000001151578415,1.0000000000017248,7.732833277194004,H1+H2,20214.650307811455,20214.642631123414,-0.007676688041203171,132,219,7.732833277194004,bayes_h1h2_marginal_boundary,measured_graph,0.0021976337618556233,1.06422401778243,0.05391435180679681,72,h1:h1_z;h2:h2_z
0.002511886431509582,1.0000001186116696,1.0000000000016152,9.671240978612332,H1+H2,20213.69849483484,20213.673427272704,-0.025067562135635053,132,219,9.671240978612332,bayes_h1h2_marginal_boundary,measured_graph,0.000833749207755924,1.0636038351676047,0.053976753764404604,72,h1:h1_z;h2:h2_z
0.0031622776601683794,1.0000001069565487,1.0000000000016442,12.152468089443573,H1+H2,20212.485272153517,20212.43281371729,-0.05245843623006681,132,219,12.152468089443573,bayes_h1h2_marginal_boundary,measured_graph,0.0002411258729633171,1.06290737746853,0.05407196044638008,72,h1:h1_z;h2:h2_z
0.003981071705534973,1.0000000841236931,1.0000000000018148,15.26949462594348,H1+H2,20210.964149759362,20210.87430044904,-0.08984931032449865,132,219,15.26949462594348,bayes_h1h2_marginal_boundary,measured_graph,5.074463120927401e-05,1.062202141907012,0.05420473086462094,72,h1:h1_z;h2:h2_z
0.005011872336272725,1.000000059806946,1.0000000000021987,19.01141686795745,H1+H2,20209.140579512452,20209.003339328032,-0.13724018441893068,132,219,19.01141686795745,bayes_h1h2_marginal_boundary,measured_graph,7.813435112807253e-06,1.0615541759227278,0.054372159347358104,72,h1:h1_z;h2:h2_z
0.006309573444801936,1.000000040708817,1.0000000000028888,23.2178756819485,H1+H2,20207.094740979548,20206.900109921036,-0.19463105851336257,132,219,23.2178756819485,bayes_h1h2_marginal_boundary,measured_graph,9.5372042631813e-07,1.0610067436711683,0.054560702853865294,72,h1:h1_z;h2:h2_z
0.00794328234724282,1.0000000278513723,1.0000000000039748,27.615078276772692,H1+H2,20204.963530556233,20204.701508623624,-0.26202193260779433,132,219,27.615078276772692,bayes_h1h2_marginal_boundary,measured_graph,1.058231470740796e-07,1.0605831020186678,0.05474881252484206,72,h1:h1_z;h2:h2_z
0.01,1.0000000195361842,1.0000000000054745,31.93787470785901,H1+H2,20202.879523214782,20202.54011040808,-0.3394128067022262,132,219,31.93787470785901,bayes_h1h2_marginal_boundary,measured_graph,1.2187015252393863e-08,1.0603038862620922,0.05491550602421746,72,h1:h1_z;h2:h2_z
0.012589254117941675,1.0000000139510798,1.000000000007308,36.05542861943104,H1+H2,20200.90813713309,20200.481333452295,-0.42680368079665804,132,219,36.05542861943104,bayes_h1h2_marginal_boundary,measured_graph,1.5551843716565336e-09,1.0601966748663891,0.05504928610311613,72,h1:h1_z;h2:h2_z
0.01584893192461114,1.000000009943198,1.000000000009454,40.01854755954264,H1+H2,20199.02396853713,20198.49977398224,-0.5241945548910899,132,219,40.01854755954264,bayes_h1h2_marginal_boundary,measured_graph,2.1438852675833342e-10,1.0602881244596971,0.055151786967350874,72,h1:h1_z;h2:h2_z
0.01995262314968881,1.0000000069443524,1.0000000000124305,44.03038444175036,H1+H2,20197.12544097012,20196.493855541135,-0.6315854289855218,132,219,44.03038444175036,bayes_h1h2_marginal_boundary,measured_graph,2.884311953165763e-11,1.0605873285364378,0.055236279952169766,72,h1:h1_z;h2:h2_z
0.025118864315095822,1.0000000047253035,1.0000000000183844,48.388368095780606,H1+H2,20195.0638400172,20194.31486371412,-0.7489763030799538,132,219,48.388368095780606,bayes_h1h2_marginal_boundary,measured_graph,3.2637591560082887e-12,1.061075934146058,0.05532425039091529,72,h1:h1_z;h2:h2_z
0.03162277660168379,1.0000000031697818,1.0000000000347606,53.42296909284778,H1+H2,20192.67393039276,20191.797563215587,-0.8763671771743852,132,219,53.42296909284778,bayes_h1h2_marginal_boundary,measured_graph,2.6331062709145653e-13,1.061712866596898,0.05544156259251896,72,h1:h1_z;h2:h2_z
0.039810717055349734,1.0000000021398983,1.0000000000901208,59.43361879717122,H1+H2,20189.805996414692,20188.792238363425,-1.0137580512688171,132,219,59.43361879717122,bayes_h1h2_marginal_boundary,measured_graph,1.3039843758004007e-14,1.06244990999247,0.05561393729799089,72,h1:h1_z;h2:h2_z
0.05011872336272725,1.00000000146487,1.0000000003074472,66.62737652581563,H1+H2,20186.356508424466,20185.195359499103,-1.1611489253632492,132,219,66.62737652581563,bayes_h1h2_marginal_boundary,measured_graph,3.5741086034055014e-16,1.0632491355437732,0.055861920611596574,72,h1:h1_z;h2:h2_z
0.06309573444801936,1.0000000009937908,1.0000000012399135,75.07341768652259,H1+H2,20182.290878718206,20180.97233891875,-1.3185397994576809,132,219,75.07341768652259,bayes_h1h2_marginal_boundary,measured_graph,5.237610636739823e-18,1.064093328608743,0.056196307710900756,72,h1:h1_z;h2:h2_z
0.07943282347242822,1.000000000636587,1.0000000051750697,84.66658911721606,H1+H2,20177.661683876955,20176.175753203403,-1.4859306735521132,132,219,84.66658911721606,bayes_h1h2_marginal_boundary,measured_graph,4.325163225303927e-20,1.0649845085267617,0.056613927856370705,72,h1:h1_z;h2:h2_z
0.1,1.0000000003685834,1.0000000186808498,95.07577318155381,H1+H2,20172.63448271888,20170.971161171234,-1.663321547646544,132,219,95.07577318155381,bayes_h1h2_marginal_boundary,measured_graph,2.3750726665142346e-22,1.0659344042198,0.057092699913186204,72,h1:h1_z;h2:h2_z
1e-05,1.0000001007139676,1.0000000001863967,4.8577537833407405,H1+H2,24011.64274991588,24009.275063332014,-2.3676865838692702,159,260,4.8577537833407405,bayes_h1h2_marginal_boundary,measured_graph,0.008557531310772784,1.9111555451500608,0.04453485679234333,73,h1:h1_z;h2:h2_z
1.2589254117941661e-05,1.0000001016029147,1.0000000006410896,4.389847796024696,H1+H2,24011.664093783635,24009.509016325672,-2.155077457963703,159,260,4.389847796024696,bayes_h1h2_marginal_boundary,measured_graph,0.010813169008286808,1.911155032857455,0.044527440188436136,73,h1:h1_z;h2:h2_z
1.584893192461114e-05,1.0000001028552328,1.0000000020361244,3.9220339273451827,H1+H2,24011.69539159207,24009.74292326001,-1.952468332058134,159,260,3.9220339273451827,bayes_h1h2_marginal_boundary,measured_graph,0.013662729870487573,1.9111543875176367,0.044516400075999975,73,h1:h1_z;h2:h2_z
1.9952623149688786e-05,1.0000001045241944,1.0000000057395617,3.4461726942899986,H1+H2,24011.74071308269,24009.98085387654,-1.7598592061525666,159,260,3.4461726942899986,bayes_h1h2_marginal_boundary,measured_graph,0.01733282833223309,1.9111535745566337,0.0445003836495936,73,h1:h1_z;h2:h2_z
2.5118864315095822e-05,1.000000106581185,1.000000013601952,2.952935553432326,H1+H2,24011.804722527217,24010.227472446968,-1.5772500802469966,159,260,2.952935553432326,bayes_h1h2_marginal_boundary,measured_graph,0.0221806628218669,1.9111525504407951,0.044478063436319985,73,h1:h1_z;h2:h2_z
3.1622776601683795e-05,1.0000001088679804,1.0000000252964478,2.4345411190370214,H1+H2,24011.891310618506,24010.486669664166,-1.404640954341429,159,260,2.4345411190370214,bayes_h1h2_marginal_boundary,measured_graph,0.028743684755510486,1.9111512603208225,0.04444876022028962,73,h1:h1_z;h2:h2_z
3.9810717055349695e-05,1.0000001111114198,1.0000000341391357,1.8907763288880233,H1+H2,24012.000583887675,24010.75855205924,-1.2420318284358616,159,260,1.8907763288880233,bayes_h1h2_marginal_boundary,measured_graph,0.037724150173106576,1.9111496349547974,0.04441338233317348,73,h1:h1_z;h2:h2_z
5.011872336272725e-05,1.0000001130338556,1.0000000310147057,1.3379886016846285,H1+H2,24012.124368625373,24011.034945922842,-1.089422702530293,159,260,1.3379886016846285,bayes_h1h2_marginal_boundary,measured_graph,0.049734275391610995,1.9111475866808147,0.04437511454009488,73,h1:h1_z;h2:h2_z
6.309573444801929e-05,1.0000001144907738,1.000000017980994,0.8160712755852728,H1+H2,24012.242718162517,24011.29590458589,-0.9468135766247254,159,260,0.8160712755852728,bayes_h1h2_marginal_boundary,measured_graph,0.06456374331027534,1.9111450042381728,0.044338826680345174,73,h1:h1_z;h2:h2_z
7.943282347242822e-05,1.0000001155145757,1.0000000065566028,0.38408468932902906,H1+H2,24012.32610232974,24011.51189787902,-0.8142044507191568,159,260,0.38408468932902906,bayes_h1h2_marginal_boundary,measured_graph,0.08012967799828526,1.9111417461853972,0.044308909681413426,73,h1:h1_z;h2:h2_z
0.0001,1.0000001162445802,1.0000000015499753,0.10056212931522168,H1+H2,24012.34525448384,24011.653659159027,-0.6915953248135883,159,260,0.10056212931522168,bayes_h1h2_marginal_boundary,measured_graph,0.092333551219777,1.9111376324160496,0.04428712075754673,73,h1:h1_z;h2:h2_z
0.00012589254117941674,1.0000001168331751,1.0000000002537572,-0.0,H1+H2,24012.28292642259,24011.703940223684,-0.5789861989080206,159,260,-0.0,bayes_h1h2_marginal_boundary,measured_graph,0.09709487972747369,1.9111324329375827,0.04427235276418728,73,h1:h1_z;h2:h2_z
0.00015848931924611142,1.0000001173975865,1.0000000754805687,0.08283923950511962,H1+H2,24012.138897676934,24011.66252060393,-0.47637707300245236,159,260,0.08283923950511962,bayes_h1h2_marginal_boundary,measured_graph,0.09315539588445396,1.9111258527373693,0.04426208997006457,73,h1:h1_z;h2:h2_z
0.00019952623149688788,1.000000118015847,1.0000000162209994,0.3227031737624202,H1+H2,24011.9263565839,24011.542588636803,-0.38376794709688455,159,260,0.3227031737624202,bayes_h1h2_marginal_boundary,measured_graph,0.08262704556434636,1.911117511055879,0.044253886108777216,73,h1:h1_z;h2:h2_z
0.0002511886431509582,1.0000001187395158,1.000000003254838,0.6809215218017926,H1+H2,24011.664638283975,24011.363479462783,-0.30115882119131615,159,260,0.6809215218017926,bayes_h1h2_marginal_boundary,measured_graph,0.0690774183749834,1.9111069125048898,0.04424594685514696,73,h1:h1_z;h2:h2_z
0.00031622776601683794,1.000000119605581,1.0000000006496537,1.1181474790282664,H1+H2,24011.373416179456,24011.14486648417,-0.22854969528574837,159,260,1.1181474790282664,bayes_h1h2_marginal_boundary,measured_graph,0.05551287092592075,1.911093406055692,0.04423709226827715,73,h1:h1_z;h2:h2_z
0.00039810717055349735,1.0000001206423392,1.0000000001404872,1.6002619123682962,H1+H2,24011.06974983688,24010.9038092675,-0.16594056938017995,159,260,1.6002619123682962,bayes_h1h2_marginal_boundary,measured_graph,0.043621828806722794,1.9110761258829112,0.0442265112493659,73,h1:h1_z;h2:h2_z
0.0005011872336272725,1.0000001218687624,1.000000000037062,2.1001898460817756,H1+H2,24010.767176744117,24010.653845300643,-0.11333144347461188,159,260,2.1001898460817756,bayes_h1h2_marginal_boundary,measured_graph,0.03397393859942374,1.911053905600168,0.04421357301572107,73,h1:h1_z;h2:h2_z
0.000630957344480193,1.0000001232863027,1.0000000000134552,2.5983489935970283,H1+H2,24010.475488044456,24010.404765726886,-0.07072231756904392,159,260,2.5983489935970283,bayes_h1h2_marginal_boundary,measured_graph,0.02648329468999129,1.9110251560535607,0.0441977498630445,73,h1:h1_z;h2:h2_z
0.0007943282347242822,1.000000124858564,1.0000000000069704,3.0839584195928182,H1+H2,24010.20007420555,24010.161961013888,-0.03811319166347554,159,260,3.0839584195928182,bayes_h1h2_marginal_boundary,measured_graph,0.020774150141573886,1.9109877019111094,0.04417866079879768,73,h1:h1_z;h2:h2_z
0.001,1.0000001264673228,1.0000000000047344,3.559018836946052,H1+H2,24009.93993487097,24009.92443080521,-0.015504065757907535,159,260,3.559018836946052,bayes_h1h2_marginal_boundary,measured_graph,0.016381935330357648,1.910938599078946,0.044156261414432636,73,h1:h1_z;h2:h2_z
0.0012589254117941675,1.0000001278213502,1.0000000000036962,4.046597645043221,H1+H2,24009.683536341014,24009.680641401163,-0.0028949398523394052,159,260,4.046597645043221,bayes_h1h2_marginal_boundary,measured_graph,0.012837747049521784,1.9108740395731019,0.04413123254857234,73,h1:h1_z;h2:h2_z
0.001584893192461114,1.0000001282812063,1.0000000000029812,4.604275551151659,H1+H2,24009.402088262053,24009.40180244811,-0.0002858139467712683,159,260,4.604275551151659,bayes_h1h2_marginal_boundary,measured_graph,0.009713832167384067,1.9107896582064205,0.044105607181532065,73,h1:h1_z;h2:h2_z
0.0019952623149688807,1.000000126581186,1.0000000000023055,5.3404465094572515,H1+H2,24009.041393656997,24009.033716968956,-0.007676688041203171,159,260,5.3404465094572515,bayes_h1h2_marginal_boundary,measured_graph,0.006722535481889131,1.9106819435188218,0.04408353971450667,73,h1:h1_z;h2:h2_z
0.002511886431509582,1.0000001205840592,1.0000000000016203,6.424006737928721,H1+H2,24008.517004416855,24008.49193685472,-0.025067562135635053,159,260,6.424006737928721,bayes_h1h2_marginal_boundary,measured_graph,0.003910578327830187,1.9105518739494298,0.04407178894602152,73,h1:h1_z;h2:h2_z
0.0031622776601683794,1.0000001076196943,1.0000000000009852,8.07029841253825,H1+H2,24007.721249453643,24007.668791017415,-0.05245843623006681,159,260,8.07029841253825,bayes_h1h2_marginal_boundary,measured_graph,0.0017169327872396407,1.91041156647475,0.04407911686001821,73,h1:h1_z;h2:h2_z
0.003981071705534973,1.0000000862574394,1.0000000000004934,10.492078708135523,H1+H2,24006.54775017994,24006.457900869616,-0.08984931032449865,159,260,10.492078708135523,bayes_h1h2_marginal_boundary,measured_graph,0.0005115291468562655,1.9102922239212559,0.04411407003320817,73,h1:h1_z;h2:h2_z
0.005011872336272725,1.0000000590560827,1.0000000000001936,13.835416114779946,H1+H2,24004.923472350714,24004.786232166294,-0.13724018441893068,159,260,13.835416114779946,bayes_h1h2_marginal_boundary,measured_graph,9.613330899281031e-05,1.9102471448271523,0.04418207878613172,73,h1:h1_z;h2:h2_z
0.006309573444801936,1.0000000328721197,1.000000000000067,18.150156324642012,H1+H2,24002.823493119875,24002.628862061363,-0.19463105851336257,159,260,18.150156324642012,bayes_h1h2_marginal_boundary,measured_graph,1.1115780424885018e-05,1.9103419771294445,0.04428423267496725,73,h1:h1_z;h2:h2_z
0.00794328234724282,1.0000000142852028,1.0000000000000446,23.42111230921728,H1+H2,24000.255406001685,23999.993384069076,-0.26202193260779433,159,260,23.42111230921728,bayes_h1h2_marginal_boundary,measured_graph,7.968313459638513e-07,1.910631411267996,0.04441898716375925,73,h1:h1_z;h2:h2_z
0.01,1.0000000047267106,1.000000000000107,29.623884881671984,H1+H2,23997.23141058955,23996.89199778285,-0.3394128067022262,159,260,29.623884881671984,bayes_h1h2_marginal_boundary,measured_graph,3.5846888069623184e-08,1.9111329553373197,0.04458507566614235,73,h1:h1_z;h2:h2_z
0.012589254117941675,1.0000000011860923,1.0000000000003348,36.75104519936576,H1+H2,23993.755221304797,23993.328417624,-0.42680368079665804,159,260,36.75104519936576,bayes_h1h2_marginal_boundary,measured_graph,1.0158001227608787e-09,1.9118132234138476,0.044782987082678125,73,h1:h1_z;h2:h2_z
0.01584893192461114,1.0000000002312122,1.0000000000007556,44.79962749634433,H1+H2,23989.828321030403,23989.304126475512,-0.5241945548910899,159,260,44.79962749634433,bayes_h1h2_marginal_boundary,measured_graph,1.8158535592266885e-11,1.9125949912053573,0.045014490184905595,73,h1:h1_z;h2:h2_z
0.01995262314968881,1.000000000037639,1.0000000000011742,53.75149859752855,H1+H2,23985.459776353906,23984.82819092492,-0.6315854289855218,159,260,53.75149859752855,bayes_h1h2_marginal_boundary,measured_graph,2.0663634463927788e-13,1.9133798879332269,0.04528167983575811,73,h1:h1_z;h2:h2_z
0.025118864315095822,1.0000000335902623,1.0000000000013154,63.57101761468948,H1+H2,23980.66740771942,23979.91843141634,-0.7489763030799538,159,260,63.57101761468948,bayes_h1h2_marginal_boundary,measured_graph,1.523790454157477e-15,1.9140750528342207,0.045586812397556374,73,h1:h1_z;h2:h2_z
0.03162277660168379,1.0000000127915976,1.000000000001121,74.21336139513733,H1+H2,23975.47362670329,23974.597259526116,-0.8763671771743852,159,260,74.21336139513733,bayes_h1h2_marginal_boundary,measured_graph,7.446799474117807e-18,1.9146147462758087,0.04593272776567711,73,h1:h1_z;h2:h2_z
0.039810717055349734,1.000000007434781,1.0000000000007598,85.62607701215893,H1+H2,23969.904659768872,23968.890901717605,-1.0137580512688171,159,260,85.62607701215893,bayes_h1h2_marginal_boundary,measured_graph,2.475882051002593e-20,1.9149700399539575,0.0463229524443859,73,h1:h1_z;h2:h2_z
0.05011872336272725,1.000000005973621,1.0000000000004259,97.74393230269197,H1+H2,23963.9931229977,23962.83197407234,-1.1611489253632492,159,260,97.74393230269197,bayes_h1h2_marginal_boundary,measured_graph,5.785902471635769e-23,1.915145292755953,0.046761297365590954,73,h1:h1_z;h2:h2_z
0.06309573444801936,1.0000000055624683,1.0000000000002158,110.47782594904129,H1+H2,23957.78356704862,23956.465027249164,-1.3185397994576809,159,260,110.47782594904129,bayes_h1h2_marginal_boundary,measured_graph,9.936678464235246e-26,1.9151653680609806,0.04725085775124239,73,h1:h1_z;h2:h2_z
0.07943282347242822,1.0000000053757367,1.0000000000001386,123.66194247611566,H1+H2,23951.35889965918,23949.872968985626,-1.4859306735521132,159,260,123.66194247611566,bayes_h1h2_marginal_boundary,measured_graph,1.3625319935012012e-28,1.915062685541001,0.047790543337305404,73,h1:h1_z;h2:h2_z
0.1,1.0000000051884583,1.0000000000002358,136.9250177967624,H1+H2,23944.90475287295,23943.241431325303,-1.663321547646544,159,260,136.9250177967624,bayes_h1h2_marginal_boundary,measured_graph,1.7960006780388049e-31,1.9148697976238753,0.048367260279427504,73,h1:h1_z;h2:h2_z
1e-05,1.0000042204924133,0.9999999857859938,25.54107824134553,H1+H2,24448.632472154808,24446.26478557094,-2.3676865838692702,166,254,25.54107824134553,bayes_h1h2_marginal_boundary,measured_graph,2.8402803892319096e-06,1.3882775827864884,0.024153234681469404,74,h1:h1_z;h2:h2_z
1.2589254117941661e-05,1.000004386649414,0.9999999636453896,24.820327485176676,H1+H2,24448.780238406987,24446.625160949025,-2.155077457963703,166,254,24.820327485176676,bayes_h1h2_marginal_boundary,measured_graph,4.07258590008332e-06,1.388274880799601,0.02413115524142494,74,h1:h1_z;h2:h2_z
1.584893192461114e-05,1.0000046221666967,0.9999999252619154,24.00244980766729,H1+H2,24448.98656811984,24447.03409978778,-1.952468332058134,166,254,24.00244980766729,bayes_h1h2_marginal_boundary,measured_graph,6.130136349840871e-06,1.3882712706584286,0.02410234816851877,74,h1:h1_z;h2:h2_z
1.9952623149688786e-05,1.0000049383081167,0.9999998860233454,23.077655821478402,H1+H2,24449.256355987025,24447.496496780874,-1.7598592061525666,166,254,23.077655821478402,bayes_h1h2_marginal_boundary,measured_graph,9.73389365103249e-06,1.3882664120759398,0.02406804092510882,74,h1:h1_z;h2:h2_z
2.5118864315095822e-05,1.0000053312040627,0.9999998812989663,22.069312679006543,H1+H2,24449.57791843236,24448.00066835211,-1.5772500802469966,166,254,22.069312679006543,bayes_h1h2_marginal_boundary,measured_graph,1.611556470857599e-05,1.388259825957891,0.024031770218928498,74,h1:h1_z;h2:h2_z
3.1622776601683795e-05,1.0000057716725803,0.9999999209035841,21.048200396740867,H1+H2,24449.915865447583,24448.511224493242,-1.404640954341429,166,254,21.048200396740867,bayes_h1h2_marginal_boundary,measured_graph,2.685203738145724e-05,1.3882508256409176,0.02399854372600106,74,h1:h1_z;h2:h2_z
3.9810717055349695e-05,1.0000062060223085,0.9999999671524225,20.123330968162918,H1+H2,24450.215691035966,24448.97365920753,-1.2420318284358616,166,254,20.123330968162918,bayes_h1h2_marginal_boundary,measured_graph,4.263930210132192e-05,1.3882383981397617,0.023972527054441126,74,h1:h1_z;h2:h2_z
5.011872336272725e-05,1.0000065761250323,0.9999999913064905,19.404223167184682,H1+H2,24450.42263581055,24449.33321310802,-1.089422702530293,166,254,19.404223167184682,bayes_h1h2_marginal_boundary,measured_graph,6.108890810672637e-05,1.38822100571701,0.023955100815772488,74,h1:h1_z;h2:h2_z
6.309573444801929e-05,1.0000068478210689,0.9999999984385471,18.959180900710635,H1+H2,24450.502547817883,24449.555734241258,-0.9468135766247254,166,254,18.959180900710635,bayes_h1h2_marginal_boundary,measured_graph,7.631362137075278e-05,1.3881962794841636,0.023944994609989192,74,h1:h1_z;h2:h2_z
7.943282347242822e-05,1.0000070230005413,0.9999999997929451,18.79992484125978,H1+H2,24450.4495667217,24449.635362270983,-0.8142044507191568,166,254,18.79992484125978,bayes_h1h2_marginal_boundary,measured_graph,8.263881421822472e-05,1.3881605667151278,0.023939863628753184,74,h1:h1_z;h2:h2_z
0.0001,1.0000071277068172,0.9999999999778999,18.895512564304227,H1+H2,24450.279163734274,24449.58756840946,-0.6915953248135883,166,254,18.895512564304227,bayes_h1h2_marginal_boundary,measured_graph,7.878208430061332e-05,1.3881082493460632,0.02393763458482127,74,h1:h1_z;h2:h2_z
0.00012589254117941674,1.0000071929343115,0.9999999856547751,19.19655597882229,H1+H2,24450.01603290111,24449.4370467022,-0.5789861989080206,166,254,19.19655597882229,bayes_h1h2_marginal_boundary,measured_graph,6.777300146531854e-05,1.3880306856621047,0.02393697011406063,74,h1:h1_z;h2:h2_z
0.00015848931924611142,1.0000072439200134,0.9999999971508204,19.653713059022266,H1+H2,24449.684845235104,24449.2084681621,-0.47637707300245236,166,254,19.653713059022266,bayes_h1h2_marginal_boundary,measured_graph,5.392452410259485e-05,1.3879145595786433,0.0239371741133682,74,h1:h1_z;h2:h2_z
0.00019952623149688788,1.000007299240816,0.9999999994270145,20.22648376878351,H1+H2,24449.305850754317,24448.92208280722,-0.38376794709688455,166,254,20.22648376878351,bayes_h1h2_marginal_boundary,measured_graph,4.0495870752394896e-05,1.3877393398311286,0.023937967228640725,74,h1:h1_z;h2:h2_z
0.0002511886431509582,1.0000073743737337,0.9999999998746741,20.88518944792304,H1+H2,24448.893888788843,24448.59272996765,-0.30115882119131615,166,254,20.88518944792304,bayes_h1h2_marginal_boundary,measured_graph,2.91322897558328e-05,1.3874734450408566,0.023939317373715192,74,h1:h1_z;h2:h2_z
0.00031622776601683794,1.0000074859173198,0.9999999999672172,21.609810708825535,H1+H2,24448.458969032486,24448.2304193372,-0.22854969528574837,166,254,21.609810708825535,bayes_h1h2_marginal_boundary,measured_graph,2.027799974920498e-05,1.3870686180018132,0.023941358757024984,74,h1:h1_z;h2:h2_z
0.00039810717055349735,1.0000076552857127,0.9999999999886785,22.388110885804053,H1+H2,24448.00720981809,24447.84126924871,-0.16594056938017995,166,254,22.388110885804053,bayes_h1h2_marginal_boundary,measured_graph,1.3741032831735543e-05,1.3864520596248586,0.023944377067873945,74,h1:h1_z;h2:h2_z
0.0005011872336272725,1.0000079115302771,0.9999999999945921,23.214279142703163,H1+H2,24447.541516563735,24447.42818512026,-0.11333144347461188,166,254,23.214279142703163,bayes_h1h2_marginal_boundary,measured_graph,9.091158294633896e-06,1.3855163674489908,0.02394884367550462,74,h1:h1_z;h2:h2_z
0.000630957344480193,1.0000082919734765,0.9999999999965786,24.088840228847403,H1+H2,24447.06162689476,24446.99090457719,-0.07072231756904392,166,254,24.088840228847403,bayes_h1h2_marginal_boundary,measured_graph,5.870981242593393e-06,1.3841089133812843,0.023955493313750166,74,h1:h1_z;h2:h2_z
0.0007943282347242822,1.00000883640482,0.9999999999973839,25.02074437551346,H1+H2,24446.563065695518,24446.524952503856,-0.03811319166347554,166,254,25.02074437551346,bayes_h1h2_marginal_boundary,measured_graph,3.68426006430656e-06,1.382026032188493,0.023965449823978295,74,h1:h1_z;h2:h2_z
0.001,1.0000095655755101,0.999999999997773,26.033280599505815,H1+H2,24446.03418845762,24446.01868439186,-0.015504065757907535,166,254,26.033280599505815,bayes_h1h2_marginal_boundary,measured_graph,2.2206536662981162e-06,1.379023997580941,0.02398040932996717,74,h1:h1_z;h2:h2_z
0.0012589254117941675,1.0000104326348405,0.9999999999979994,27.176433374304906,H1+H2,24445.45000294431,24445.44710800446,-0.0028949398523394052,166,254,27.176433374304906,bayes_h1h2_marginal_boundary,measured_graph,1.2538580141228974e-06,1.3748653167732208,0.024002886524431947,74,h1:h1_z;h2:h2_z
0.001584893192461114,1.0000112583804384,0.9999999999981614,28.548098159160872,H1+H2,24444.761561425978,24444.761275612032,-0.0002858139467712683,166,254,28.548098159160872,bayes_h1h2_marginal_boundary,measured_graph,6.315316731630216e-07,1.3694118223021718,0.024036509938907658,74,h1:h1_z;h2:h2_z
0.0019952623149688807,1.0000117319087045,0.9999999999982994,30.321342717237712,H1+H2,24443.882330021035,24443.874653332994,-0.007676688041203171,166,254,30.321342717237712,bayes_h1h2_marginal_boundary,measured_graph,2.60219581010557e-07,1.3627312509473324,0.024086301383800322,74,h1:h1_z;h2:h2_z
0.002511886431509582,1.0000115884385368,0.9999999999984417,32.75987971153518,H1+H2,24442.68045239798,24442.655384835845,-0.025067562135635053,166,254,32.75987971153518,bayes_h1h2_marginal_boundary,measured_graph,7.688088836336004e-08,1.355108709352343,0.024158766041611237,74,h1:h1_z;h2:h2_z
0.0031622776601683794,1.0000108550539264,0.9999999999986111,36.18376034657558,H1+H2,24440.995902954553,24440.943444518325,-0.05245843623006681,166,254,36.18376034657558,bayes_h1h2_marginal_boundary,measured_graph,1.3878168615841947e-08,1.3468571558404028,0.024261411821265174,74,h1:h1_z;h2:h2_z
0.003981071705534973,1.0000098318207373,0.9999999999988268,40.847427270331536,H1+H2,24438.70146036677,24438.611611056447,-0.08984931032449865,166,254,40.847427270331536,bayes_h1h2_marginal_boundary,measured_graph,1.3478133525343488e-09,1.3380045017473667,0.02440104565054537,74,h1:h1_z;h2:h2_z
0.005011872336272725,1.0000088170301917,0.9999999999990921,46.74017900919716,H1+H2,24435.802475371434,24435.665235187014,-0.13724018441893068,166,254,46.74017900919716,bayes_h1h2_marginal_boundary,measured_graph,7.080027960683869e-11,1.3281075454863143,0.024580335356504474,74,h1:h1_z;h2:h2_z
0.006309573444801936,1.0000079300784852,0.9999999999993812,53.405834236626106,H1+H2,24432.52703863181,24432.3324075733,-0.19463105851336257,166,254,53.405834236626106,bayes_h1h2_marginal_boundary,measured_graph,2.5270063372703027e-12,1.3163344674144475,0.024793665331963397,74,h1:h1_z;h2:h2_z
0.00794328234724282,1.000007133772453,0.9999999999996437,59.9401539374885,H1+H2,24429.327269655478,24429.06524772287,-0.26202193260779433,166,254,59.9401539374885,bayes_h1h2_marginal_boundary,measured_graph,9.631564481792256e-14,1.3017434669436523,0.025025724319973935,74,h1:h1_z;h2:h2_z
0.01,1.0000063219526003,0.9999999999998352,65.24859475393896,H1+H2,24426.750440121345,24426.411027314643,-0.3394128067022262,166,254,65.24859475393896,bayes_h1h2_marginal_boundary,measured_graph,6.776158554851129e-15,1.2836346019058422,0.02525563123049957,74,h1:h1_z;h2:h2_z
0.012589254117941675,1.0000053966271611,0.9999999999999426,68.4313875105654,H1+H2,24425.246434617125,24424.81963093633,-0.42680368079665804,166,254,68.4313875105654,bayes_h1h2_marginal_boundary,measured_graph,1.3799040644512854e-15,1.261868703281198,0.025464242876801713,74,h1:h1_z;h2:h2_z
0.01584893192461114,1.000004334102785,0.9999999999999859,69.05005395067565,H1+H2,24425.034492271167,24424.510297716275,-0.5241945548910899,166,254,69.05005395067565,bayes_h1h2_marginal_boundary,measured_graph,1.0127614999258447e-15,1.2370039824380177,0.02563925405222557,74,h1:h1_z;h2:h2_z
0.01995262314968881,1.000003218837124,0.9999999999999962,67.15230309216713,H1+H2,24426.090758574515,24425.45917314553,-0.6315854289855218,166,254,67.15230309216713,bayes_h1h2_marginal_boundary,measured_graph,2.6157639267063537e-15,1.2100955134130018,0.02577619498535417,74,h1:h1_z;h2:h2_z
0.025118864315095822,1.0000021980349594,0.999999999999997,63.09200741061068,H1+H2,24428.238297289387,24427.489320986308,-0.7489763030799538,166,254,63.09200741061068,bayes_h1h2_marginal_boundary,measured_graph,1.9919597143187653e-14,1.1821686596981327,0.025877361608891085,74,h1:h1_z;h2:h2_z
0.03162277660168379,1.000001385523513,0.9999999999999916,57.24642186843994,H1+H2,24431.288480934567,24430.412113757393,-0.8763671771743852,166,254,57.24642186843994,bayes_h1h2_marginal_boundary,measured_graph,3.7036788642681303e-13,1.1536565594948751,0.025950124350861074,74,h1:h1_z;h2:h2_z
0.039810717055349734,1.0000008118252524,0.9999999999999774,49.7680500139104,H1+H2,24435.165057735925,24434.151299684658,-1.0137580512688171,166,254,49.7680500139104,bayes_h1h2_marginal_boundary,measured_graph,1.5579055991869465e-11,1.124198527722843,0.026004177527276563,74,h1:h1_z;h2:h2_z
0.05011872336272725,1.0000086946028475,0.9999999999999483,40.509277389137424,H1+H2,24439.941834922407,24438.780685997044,-1.1611489253632492,166,254,40.509277389137424,bayes_h1h2_marginal_boundary,measured_graph,1.5960925418928107e-09,1.0929375252776474,0.02604787979194623,74,h1:h1_z;h2:h2_z
0.06309573444801936,1.0000051721471208,0.9999999999998906,29.16961295726651,H1+H2,24445.769058012436,24444.45051821298,-1.3185397994576809,166,254,29.16961295726651,bayes_h1h2_marginal_boundary,measured_graph,4.628442928220585e-07,1.0591190198343805,0.02608577132434201,74,h1:h1_z;h2:h2_z
0.07943282347242822,1.0000029809548057,0.9999999999997786,15.586985996123985,H1+H2,24452.727762367103,24451.24183169355,-1.4859306735521132,166,254,15.586985996123985,bayes_h1h2_marginal_boundary,measured_graph,0.00041196932739729947,1.0225621805650902,0.026118940779186483,74,h1:h1_z;h2:h2_z
0.1,1.0000016937085328,0.9999999999995891,-0.0,H1+H2,24460.69864623926,24459.035324691613,-1.663321547646544,166,254,-0.0,bayes_h1h2_marginal_boundary,measured_graph,0.9989319094262712,0.9839496558420273,0.026147005926244582,74,h1:h1_z;h2:h2_z
1e-05,1.0000021903340859,0.999999999693452,0.669083611730457,H1+H2,12787.27598136806,12784.90829478419,-2.3676865838692702,83,133,0.669083611730457,bayes_h1h2_marginal_boundary,measured_graph,0.08128639064273624,1.0643065754202465,0.011643902041293343,75,h1:h1_z;h2:h2_z
1.2589254117941661e-05,1.0000022092196779,0.9999999993504447,0.36678649087480153,H1+H2,12787.214520802583,12785.059443344619,-2.155077457963703,83,133,0.36678649087480153,bayes_h1h2_marginal_boundary,measured_graph,0.09454984598729115,1.0643051305639373,0.011642084627950643,75,h1:h1_z;h2:h2_z
1.584893192461114e-05,1.0000022371665884,0.9999999989508223,0.14186693311785348,H1+H2,12787.124371455555,12785.171903123497,-1.952468332058134,83,133,0.14186693311785348,bayes_h1h2_marginal_boundary,measured_graph,0.10580385390450527,1.064303281927414,0.011639970618723856,75,h1:h1_z;h2:h2_z
1.9952623149688786e-05,1.0000022772333759,0.9999999987985813,0.01340678785709315,H1+H2,12786.99599240228,12785.236133196127,-1.7598592061525666,83,133,0.01340678785709315,bayes_h1h2_marginal_boundary,measured_graph,0.11282263882273144,1.0643009085655142,0.011637831743509098,75,h1:h1_z;h2:h2_z
2.5118864315095822e-05,1.0000023319951477,0.9999999990794848,-0.0,H1+H2,12786.820086670303,12785.242836590056,-1.5772500802469966,83,133,-0.0,bayes_h1h2_marginal_boundary,measured_graph,0.11358147395868964,1.0642978495673534,0.011636037766513112,75,h1:h1_z;h2:h2_z
3.1622776601683795e-05,1.000002401854692,0.9999999995410338,0.11506904782436322,H1+H2,12786.589943020484,12785.185302066144,-1.404640954341429,83,133,0.11506904782436322,bayes_h1h2_marginal_boundary,measured_graph,0.10723105380736436,1.0642938891118785,0.01163489891704634,75,h1:h1_z;h2:h2_z
3.9810717055349695e-05,1.0000024829665233,0.9999999998499387,0.36257940206633066,H1+H2,12786.30357871746,12785.061546889023,-1.2420318284358616,83,133,0.36257940206633066,bayes_h1h2_marginal_boundary,measured_graph,0.09474894512025643,1.0642887344542173,0.011634536638884137,75,h1:h1_z;h2:h2_z
5.011872336272725e-05,1.0000025665081351,0.999999999966677,0.7359642805167823,H1+H2,12785.964277152329,12784.874854449798,-1.089422702530293,83,133,0.7359642805167823,bayes_h1h2_marginal_boundary,measured_graph,0.07861309364534223,1.0642819821749034,0.011634895987853047,75,h1:h1_z;h2:h2_z
6.309573444801929e-05,1.0000026413671086,0.9999999999946909,1.221120931506448,H1+H2,12785.579089700928,12784.632276124303,-0.9468135766247254,83,133,1.221120931506448,bayes_h1h2_marginal_boundary,measured_graph,0.06168001336173866,1.064273065842049,0.011635857288812342,75,h1:h1_z;h2:h2_z
7.943282347242822e-05,1.0000026994950457,0.9999999999993773,1.8013795776860206,H1+H2,12785.156351251931,12784.342146801213,-0.8142044507191568,83,133,1.8013795776860206,bayes_h1h2_marginal_boundary,measured_graph,0.046146938595756776,1.0642611767105075,0.01163733165561888,75,h1:h1_z;h2:h2_z
0.0001,1.000002739522141,0.9999999999999418,2.4616402827741695,H1+H2,12784.703611773482,12784.012016448669,-0.6915953248135883,83,133,2.4616402827741695,bayes_h1h2_marginal_boundary,measured_graph,0.033171805070696454,1.0642451464087126,0.011639293632758363,75,h1:h1_z;h2:h2_z
0.00012589254117941674,1.0000027656906663,0.9999999992102631,3.1904228908642835,H1+H2,12784.226611343533,12783.647625144624,-0.5789861989080206,83,133,3.1904228908642835,bayes_h1h2_marginal_boundary,measured_graph,0.02304177715245475,1.0642232727518526,0.011641773200211073,75,h1:h1_z;h2:h2_z
0.00015848931924611142,1.0000027842718824,0.9999999998301412,3.980120303996955,H1+H2,12783.72915351106,12783.252776438057,-0.47637707300245236,83,133,3.980120303996955,bayes_h1h2_marginal_boundary,measured_graph,0.01552513400958789,1.0641930568466087,0.011644836782405547,75,h1:h1_z;h2:h2_z
0.00019952623149688788,1.0000028010200779,0.9999999999560524,4.826212714491703,H1+H2,12783.213498179906,12782.82973023281,-0.38376794709688455,83,133,4.826212714491703,bayes_h1h2_marginal_boundary,measured_graph,0.010169713660887073,1.0641508049646755,0.011648569337775066,75,h1:h1_z;h2:h2_z
0.0002511886431509582,1.000002820668057,0.9999999999835537,5.725970141404105,H1+H2,12782.681010340546,12782.379851519354,-0.30115882119131615,83,133,5.725970141404105,bayes_h1h2_marginal_boundary,measured_graph,0.006485282253885555,1.0640910331670106,0.011653056595154388,75,h1:h1_z;h2:h2_z
0.00031622776601683794,1.0000028476005998,0.9999999999905945,6.6767915553173225,H1+H2,12782.132990507684,12781.904440812397,-0.22854969528574837,83,133,6.6767915553173225,bayes_h1h2_marginal_boundary,measured_graph,0.004031444038478473,1.0640055990231525,0.011658361747256374,75,h1:h1_z;h2:h2_z
0.00039810717055349735,1.0000028868321393,0.9999999999927083,7.674035444211768,H1+H2,12781.571759437331,12781.40581886795,-0.16594056938017995,83,133,7.674035444211768,bayes_h1h2_marginal_boundary,measured_graph,0.0024485663488146687,1.0638824891723468,0.011664488551201776,75,h1:h1_z;h2:h2_z
0.0005011872336272725,1.0000029449158812,0.9999999999934098,8.708003887310042,H1+H2,12781.002166089875,12780.888834646401,-0.11333144347461188,83,133,8.708003887310042,bayes_h1h2_marginal_boundary,measured_graph,0.0014601197720165162,1.0637042581137428,0.011671320648870328,75,h1:h1_z;h2:h2_z
0.000630957344480193,1.0000030305883483,0.9999999999936628,9.759655135861976,H1+H2,12780.433731339694,12780.363009022125,-0.07072231756904392,83,133,9.759655135861976,bayes_h1h2_marginal_boundary,measured_graph,0.0008630288519582588,1.0634463377366439,0.01167852441158389,75,h1:h1_z;h2:h2_z
0.0007943282347242822,1.000003154693962,0.9999999999937775,10.794737065116351,H1+H2,12779.883581249162,12779.845468057498,-0.03811319166347554,83,133,10.794737065116351,bayes_h1h2_marginal_boundary,measured_graph,0.0005143516410286811,1.0630759831839027,0.01168540242303106,75,h1:h1_z;h2:h2_z
0.001,1.0000033282980891,0.9999999999938575,11.756639830364293,H1+H2,12779.380020740631,12779.364516674874,-0.015504065757907535,83,133,11.756639830364293,bayes_h1h2_marginal_boundary,measured_graph,0.00031796959831860856,1.0625536495150323,0.011690694185955166,75,h1:h1_z;h2:h2_z
0.0012589254117941675,1.0000035572579986,0.9999999999939434,12.559874399667024,H1+H2,12778.965794330075,12778.962899390222,-0.0028949398523394052,83,133,12.559874399667024,bayes_h1h2_marginal_boundary,measured_graph,0.00021279696407202782,1.0618398621125429,0.011692355702082225,75,h1:h1_z;h2:h2_z
0.001584893192461114,1.000003832549689,0.999999999994056,13.08924654425573,H1+H2,12778.698499131875,12778.698213317928,-0.0002858139467712683,83,133,13.08924654425573,bayes_h1h2_marginal_boundary,measured_graph,0.00016331035657208006,1.0609105301569275,0.01168743505974354,75,h1:h1_z;h2:h2_z
0.0019952623149688807,1.000004121559648,0.9999999999942059,13.214232699865534,H1+H2,12778.643396928164,12778.635720240123,-0.007676688041203171,83,133,13.214232699865534,bayes_h1h2_marginal_boundary,measured_graph,0.00015341694423488228,1.059778576086054,0.011672308875113327,75,h1:h1_z;h2:h2_z
0.002511886431509582,1.0000043745293992,0.9999999999944146,12.83063579104055,H1+H2,12778.852586256671,12778.827518694536,-0.025067562135635053,83,133,12.83063579104055,bayes_h1h2_marginal_boundary,measured_graph,0.00018585332643939495,1.058508243452872,0.011643675343718157,75,h1:h1_z;h2:h2_z
0.0031622776601683794,1.0000045542447198,0.9999999999946815,11.934054158537037,H1+H2,12779.328267947018,12779.275809510787,-0.05245843623006681,83,133,11.934054158537037,bayes_h1h2_marginal_boundary,measured_graph,0.0002909782759674206,1.0572016427211812,0.011600534615467424,75,h1:h1_z;h2:h2_z
0.003981071705534973,1.0000046657919828,0.999999999994979,10.702569765595399,H1+H2,12779.981401017583,12779.891551707258,-0.08984931032449865,83,133,10.702569765595399,bayes_h1h2_marginal_boundary,measured_graph,0.0005386094942256735,1.0559547952293205,0.011546579108985548,75,h1:h1_z;h2:h2_z
0.005011872336272725,1.0000047537145376,0.9999999999952379,9.528525997535326,H1+H2,12780.615813775707,12780.478573591288,-0.13724018441893068,83,133,9.528525997535326,bayes_h1h2_marginal_boundary,measured_graph,0.0009687559202287487,1.0548123305647925,0.011491270537573645,75,h1:h1_z;h2:h2_z
0.006309573444801936,1.0000048756879252,0.9999999999953899,8.934676321212464,H1+H2,12780.970129487963,12780.77549842945,-0.19463105851336257,83,133,8.934676321212464,bayes_h1h2_marginal_boundary,measured_graph,0.001303668549067237,1.0537510338187026,0.01144779213278248,75,h1:h1_z;h2:h2_z
0.00794328234724282,1.0000050857699216,0.9999999999954391,9.371562355234346,H1+H2,12780.819077345046,12780.557055412439,-0.26202193260779433,83,133,9.371562355234346,bayes_h1h2_marginal_boundary,measured_graph,0.0010478487301504298,1.0526901985634987,0.01142788969164248,75,h1:h1_z;h2:h2_z
0.01,1.0000054355433783,0.9999999999954132,10.986801758514048,H1+H2,12780.088848517502,12779.749435710799,-0.3394128067022262,83,133,10.986801758514048,bayes_h1h2_marginal_boundary,measured_graph,0.00046725484308430133,1.051510663284453,0.011436052235765827,75,h1:h1_z;h2:h2_z
0.012589254117941675,1.0000059791968934,0.9999999999952995,13.517753277399606,H1+H2,12778.910763632153,12778.483959951356,-0.42680368079665804,83,133,13.517753277399606,bayes_h1h2_marginal_boundary,measured_graph,0.00013181495090244403,1.0500779173040473,0.01146677959273453,75,h1:h1_z;h2:h2_z
0.01584893192461114,1.0000067676194904,0.9999999999949072,16.41973216833503,H1+H2,12777.55716506078,12777.032970505888,-0.5241945548910899,83,133,16.41973216833503,bayes_h1h2_marginal_boundary,measured_graph,3.0889292612347034e-05,1.04827642334284,0.011507643154719326,75,h1:h1_z;h2:h2_z
0.01995262314968881,1.0000078193299249,0.999999999993646,19.172433804029424,H1+H2,12776.288205117027,12775.656619688041,-0.6315854289855218,83,133,19.172433804029424,bayes_h1h2_marginal_boundary,measured_graph,7.799493444748547e-06,1.0460541499660463,0.011546833512649112,75,h1:h1_z;h2:h2_z
0.025118864315095822,1.0000090613483248,0.9999999999899748,21.547807814542466,H1+H2,12775.217908985866,12774.468932682785,-0.7489763030799538,83,133,21.547807814542466,bayes_h1h2_marginal_boundary,measured_graph,2.378266315433049e-06,1.0434571383655424,0.011579903826643456,75,h1:h1_z;h2:h2_z
0.03162277660168379,1.000000482808949,0.999999999978884,23.66689580684033,H1+H2,12774.28575586381,12773.409388686636,-0.8763671771743852,83,133,23.66689580684033,bayes_h1h2_marginal_boundary,measured_graph,8.243400000152306e-07,1.0406243127024457,0.011611300514743354,75,h1:h1_z;h2:h2_z
0.039810717055349734,1.0000005311342632,0.9999999999395421,25.871585645869345,H1+H2,12773.32080181839,12772.307043767121,-1.0137580512688171,83,133,25.871585645869345,bayes_h1h2_marginal_boundary,measured_graph,2.737562595123635e-07,1.0376869318418,0.011651223242598709,75,h1:h1_z;h2:h2_z
0.05011872336272725,1.000000533096545,0.9999999997617218,28.5469923907076,H1+H2,12772.130489320065,12770.969340394702,-1.1611489253632492,83,133,28.5469923907076,bayes_h1h2_marginal_boundary,measured_graph,7.184670659533175e-08,1.0346784546244152,0.011711336513595249,75,h1:h1_z;h2:h2_z
0.06309573444801936,1.0000004830589626,0.9999999986957495,31.989065609275713,H1+H2,12770.566843584877,12769.248303785418,-1.3185397994576809,83,133,31.989065609275713,bayes_h1h2_marginal_boundary,measured_graph,1.2851983597145327e-08,1.0314325029511364,0.011801447950431986,75,h1:h1_z;h2:h2_z
0.07943282347242822,1.0000088022809894,0.9999999999997826,36.34871038399433,H1+H2,12768.554412071611,12767.068481398059,-1.4859306735521132,83,133,36.34871038399433,bayes_h1h2_marginal_boundary,measured_graph,1.4530659575510474e-09,1.0276128345044606,0.011927675649947938,75,h1:h1_z;h2:h2_z
0.1,1.0000072656063053,0.999999999991885,41.69867224387417,H1+H2,12766.056822015766,12764.393500468119,-1.663321547646544,83,133,41.69867224387417,bayes_h1h2_marginal_boundary,measured_graph,1.0012807601331477e-10,1.022893889043382,0.012092929761036639,75,h1:h1_z;h2:h2_z
1e-05,1.0000003684539582,0.9999999944521044,8.683316934851973,H1+H2,5516.157166798081,5513.789480214212,-2.3676865838692702,41,57,8.683316934851973,bayes_h1h2_marginal_boundary,measured_graph,0.0031876379548613763,3.483119699542661,0.018221170221290856,76,h1:h1_z;h2:h2_z
1.2589254117941661e-05,1.0000003686681125,0.9999999796612162,8.240136680835349,H1+H2,5516.166147799184,5514.01107034122,-2.155077457963703,41,57,8.240136680835349,bayes_h1h2_marginal_boundary,measured_graph,0.003978362555851071,3.483121632590916,0.018209980737923327,76,h1:h1_z;h2:h2_z
1.584893192461114e-05,1.0000003690467945,0.9999999287826873,7.808062033494934,H1+H2,5516.179575996948,5514.22710766489,-1.952468332058134,41,57,7.808062033494934,bayes_h1h2_marginal_boundary,measured_graph,0.004937739523716277,3.4831239344190505,0.018193023241666512,76,h1:h1_z;h2:h2_z
1.9952623149688786e-05,1.0000003696784492,0.9999997678285318,7.382807043451976,H1+H2,5516.199594366064,5514.439735159912,-1.7598592061525666,41,57,7.382807043451976,bayes_h1h2_marginal_boundary,measured_graph,0.006107607560463977,3.4831266234962315,0.018167838658611987,76,h1:h1_z;h2:h2_z
2.5118864315095822e-05,1.0000003706777887,0.9999993212316003,6.958546471714726,H1+H2,5516.229115526027,5514.6518654457805,-1.5772500802469966,41,57,6.958546471714726,bayes_h1h2_marginal_boundary,measured_graph,0.0075508898789206315,3.483129678070984,0.01813161841721618,76,h1:h1_z;h2:h2_z
3.1622776601683795e-05,1.0000003721703774,0.999998311666304,6.528292076995058,H1+H2,5516.271633597482,5514.86699264314,-1.404640954341429,41,57,6.528292076995058,bayes_h1h2_marginal_boundary,measured_graph,0.009363251554195927,3.4831329994802305,0.018082032854828237,76,h1:h1_z;h2:h2_z
3.9810717055349695e-05,1.0000003742485246,0.999999946328763,6.08610436352501,H1+H2,5516.330118328311,5515.088086499875,-1.2420318284358616,41,57,6.08610436352501,bayes_h1h2_marginal_boundary,measured_graph,0.01168009925435085,3.483136350612448,0.018018875838119428,76,h1:h1_z;h2:h2_z
5.011872336272725e-05,1.0000003768955537,0.9999999159252689,5.63241376446058,H1+H2,5516.404354501938,5515.3149317994075,-1.089422702530293,41,57,5.63241376446058,bayes_h1h2_marginal_boundary,measured_graph,0.014654270207046597,3.483139254084331,0.017946229723576797,76,h1:h1_z;h2:h2_z
6.309573444801929e-05,1.0000003799157686,0.9999999232627821,5.184112391771123,H1+H2,5516.485896062377,5515.539082485752,-0.9468135766247254,41,57,5.184112391771123,bayes_h1h2_marginal_boundary,measured_graph,0.018336295588101553,3.4831408253579386,0.01787287289889399,76,h1:h1_z;h2:h2_z
7.943282347242822e-05,1.0000003829587043,0.9999999621132787,4.782387344797826,H1+H2,5516.554149459958,5515.739945009239,-0.8142044507191568,41,57,4.782387344797826,bayes_h1h2_marginal_boundary,measured_graph,0.02241532741659666,3.483139501202705,0.01780921807885627,76,h1:h1_z;h2:h2_z
0.0001,1.0000003856950195,0.9999988859718979,4.486859301261575,H1+H2,5516.579304355821,5515.887709031007,-0.6915953248135883,41,57,4.486859301261575,bayes_h1h2_marginal_boundary,measured_graph,0.025984728661870852,3.483132600548912,0.017761949565183493,76,h1:h1_z;h2:h2_z
0.00012589254117941674,1.0000003880458495,0.9999997230451496,4.352649351283617,H1+H2,5516.533800204904,5515.954814005996,-0.5789861989080206,41,57,4.352649351283617,bayes_h1h2_marginal_boundary,measured_graph,0.027788269779941813,3.483115617878888,0.01773133188792116,76,h1:h1_z;h2:h2_z
0.00015848931924611142,1.0000003902871102,0.9999999528981842,4.406993113592762,H1+H2,5516.404019197844,5515.927642124841,-0.47637707300245236,41,57,4.406993113592762,bayes_h1h2_marginal_boundary,measured_graph,0.0270433761266093,3.483081090451387,0.01771328568172375,76,h1:h1_z;h2:h2_z
0.00019952623149688788,1.000000393009804,0.9999999940925077,4.644320490624523,H1+H2,5516.192746383423,5515.808978436326,-0.38376794709688455,41,57,4.644320490624523,bayes_h1h2_marginal_boundary,measured_graph,0.024017396252224973,3.4830167868381263,0.01770282235354703,76,h1:h1_z;h2:h2_z
0.0002511886431509582,1.000000397089104,0.9999999994129275,5.037159256409723,H1+H2,5515.913717874624,5515.612559053433,-0.30115882119131615,41,57,5.037159256409723,bayes_h1h2_marginal_boundary,measured_graph,0.019734315594387312,3.4829028157935857,0.01769610845980949,76,h1:h1_z;h2:h2_z
0.00031622776601683794,1.000000403794181,0.9999999999539142,5.550567754644362,H1+H2,5515.584404499601,5515.355854804316,-0.22854969528574837,41,57,5.550567754644362,bayes_h1h2_marginal_boundary,measured_graph,0.015266406786797835,3.4827070201369357,0.017690787469916276,76,h1:h1_z;h2:h2_z
0.00039810717055349735,1.0000004150974406,0.9999999999983055,6.151744545666588,H1+H2,5515.2212069781845,5515.0552664088045,-0.16594056938017995,41,57,6.151744545666588,bayes_h1h2_marginal_boundary,measured_graph,0.01130297973248005,3.4823776502762978,0.017685563224958952,76,h1:h1_z;h2:h2_z
0.0005011872336272725,1.0000004342759712,0.9999999940091695,6.81386114603265,H1+H2,5514.837539552096,5514.7242081086215,-0.11333144347461188,41,57,6.81386114603265,bayes_h1h2_marginal_boundary,measured_graph,0.00811738521058906,3.4818317287188414,0.017679736842752758,76,h1:h1_z;h2:h2_z
0.000630957344480193,1.000000467079872,0.999999999035666,7.516290377076075,H1+H2,5514.443715810668,5514.3729934931,-0.07072231756904392,41,57,7.516290377076075,bayes_h1h2_marginal_boundary,measured_graph,0.005713281021669664,3.480936601183114,0.01767290866459991,76,h1:h1_z;h2:h2_z
0.0007943282347242822,1.0000005241881122,0.999999999850249,8.243349006270364,H1+H2,5514.047577370166,5514.009464178503,-0.03811319166347554,41,57,8.243349006270364,bayes_h1h2_marginal_boundary,measured_graph,0.003971977787098497,3.479480740991917,0.017664837248216998,76,h1:h1_z;h2:h2_z
0.001,1.0000006268560602,0.9999999999773436,8.982775745591425,H1+H2,5513.6552548746,5513.639750808842,-0.015504065757907535,41,57,8.982775745591425,bayes_h1h2_marginal_boundary,measured_graph,0.0027443679244640584,3.477127665096679,0.017655404601932136,76,h1:h1_z;h2:h2_z
0.0012589254117941675,1.0000008211240232,0.9999999999963289,9.724440603773473,H1+H2,5513.271813319603,5513.268918379751,-0.0028949398523394052,41,57,9.724440603773473,bayes_h1h2_marginal_boundary,measured_graph,0.0018940518210789862,3.47334346244535,0.017644659218912728,76,h1:h1_z;h2:h2_z
0.001584893192461114,1.0000012169084194,0.9999999999993664,10.459397376573179,H1+H2,5512.901725807298,5512.901439993351,-0.0002858139467712683,41,57,10.459397376573179,bayes_h1h2_marginal_boundary,measured_graph,0.001311589773042885,3.467283476142389,0.017632930298472144,76,h1:h1_z;h2:h2_z
0.0019952623149688807,1.0000021052696166,0.9999999999998515,11.179145440095454,H1+H2,5512.549242649631,5512.54156596159,-0.007676688041203171,41,57,11.179145440095454,bayes_h1h2_marginal_boundary,measured_graph,0.0009151804105727237,3.4576167551910215,0.01762102165106221,76,h1:h1_z;h2:h2_z
0.002511886431509582,1.0000043379496772,0.999999999999951,11.874628603050951,H1+H2,5512.218891942248,5512.193824380112,-0.025067562135635053,41,57,11.874628603050951,bayes_h1h2_marginal_boundary,measured_graph,0.0006463748730977046,3.4422583729535305,0.017610488240302584,76,h1:h1_z;h2:h2_z
0.0031622776601683794,1.0000106195418046,0.9999999999999468,12.533766658709283,H1+H2,5511.916713788513,5511.864255352283,-0.05245843623006681,41,57,12.533766658709283,bayes_h1h2_marginal_boundary,measured_graph,0.0004648945504097276,3.4179728754022483,0.017603956065838585,76,h1:h1_z;h2:h2_z
0.003981071705534973,1.0000022388622893,0.9999999999999223,13.134418867030035,H1+H2,5511.653778558447,5511.563929248123,-0.08984931032449865,41,57,13.134418867030035,bayes_h1h2_marginal_boundary,measured_graph,0.0003442900609093547,3.379870848201205,0.017605345708049554,76,h1:h1_z;h2:h2_z
0.005011872336272725,1.0000090809302864,0.999999999999954,13.630581719426118,H1+H2,5511.453088006344,5511.315847821925,-0.13724018441893068,41,57,13.630581719426118,bayes_h1h2_marginal_boundary,measured_graph,0.000268648296502397,3.3206390268265658,0.017619725615955886,76,h1:h1_z;h2:h2_z
0.006309573444801936,1.0000049390853831,0.9999999999999514,13.922653256131525,H1+H2,5511.364443112086,5511.169812053572,-0.19463105851336257,41,57,13.922653256131525,bayes_h1h2_marginal_boundary,measured_graph,0.00023214619123462858,3.230361298133581,0.017652526351777408,76,h1:h1_z;h2:h2_z
0.00794328234724282,1.0000220352934628,0.9999999999999543,13.82141347540346,H1+H2,5511.482453876544,5511.220431943936,-0.26202193260779433,41,57,13.82141347540346,bayes_h1h2_marginal_boundary,measured_graph,0.0002441999112416907,3.0976104922397627,0.017708295615775832,76,h1:h1_z;h2:h2_z
0.01,1.000013252257919,0.9999999999999679,13.015236211800584,H1+H2,5511.96293338244,5511.6235205757375,-0.3394128067022262,41,57,13.015236211800584,bayes_h1h2_marginal_boundary,measured_graph,0.0003654303974537091,2.9165330140075874,0.017789946549303187,76,h1:h1_z;h2:h2_z
0.012589254117941675,1.0000160261426794,0.9999999999999694,11.11937818894512,H1+H2,5512.998253267962,5512.571449587165,-0.42680368079665804,41,57,11.11937818894512,bayes_h1h2_marginal_boundary,measured_graph,0.0009429420627345193,2.702715105614617,0.017899340588051784,76,h1:h1_z;h2:h2_z
0.01584893192461114,1.000024026691607,0.9999999999999835,8.006480879163064,H1+H2,5514.652092796948,5514.127898242056,-0.5241945548910899,41,57,8.006480879163064,bayes_h1h2_marginal_boundary,measured_graph,0.004471385059534648,2.5003338284744805,0.018038182070338905,76,h1:h1_z;h2:h2_z
0.01995262314968881,1.0000200757506346,0.9999999999999892,4.362183313225614,H1+H2,5516.58163245401,5515.950047025025,-0.6315854289855218,41,57,4.362183313225614,bayes_h1h2_marginal_boundary,measured_graph,0.027656118857401265,2.3464304838850727,0.018206907667550207,76,h1:h1_z;h2:h2_z
0.025118864315095822,1.0000205497558152,0.9999999999999959,1.4112711707639392,H1+H2,5518.174479399336,5517.425503096256,-0.7489763030799538,41,57,1.4112711707639392,bayes_h1h2_marginal_boundary,measured_graph,0.12094103001450196,2.243218239992064,0.01840170649401865,76,h1:h1_z;h2:h2_z
0.03162277660168379,1.0000033681167186,0.9999999999999979,-0.0,H1+H2,5519.007505858812,5518.131138681638,-0.8763671771743852,41,57,-0.0,bayes_h1h2_marginal_boundary,measured_graph,0.24492172187220765,2.176368562426277,0.018613353314984028,76,h1:h1_z;h2:h2_z
0.039810717055349734,1.0000110092402987,0.9999999999999991,0.30965629315141996,H1+H2,5518.990068586331,5517.976310535062,-1.0137580512688171,41,57,0.30965629315141996,bayes_h1h2_marginal_boundary,measured_graph,0.20979073006436458,2.132566609589133,0.01882994671951208,76,h1:h1_z;h2:h2_z
0.05011872336272725,1.000003543421817,0.9999999999999997,2.0947960231242178,H1+H2,5518.2448895954385,5517.083740670076,-1.1611489253632492,41,57,2.0947960231242178,bayes_h1h2_marginal_boundary,measured_graph,0.08593065599584046,2.103315231183472,0.019040751060833166,76,h1:h1_z;h2:h2_z
0.06309573444801936,1.0000013706453426,0.999999999999999,4.949290543836469,H1+H2,5516.975033209177,5515.65649340972,-1.3185397994576809,41,57,4.949290543836469,bayes_h1h2_marginal_boundary,measured_graph,0.02062065792094729,2.0832975163558953,0.019238317021821483,76,h1:h1_z;h2:h2_z
0.07943282347242822,1.0000006211685881,0.9999999999999986,8.44511684939971,H1+H2,5515.3945109304905,5513.908580256938,-1.4859306735521132,41,57,8.44511684939971,bayes_h1h2_marginal_boundary,measured_graph,0.0035908187200750217,2.068583498852341,0.019419589234786837,76,h1:h1_z;h2:h2_z
0.1,1.0000003270761186,0.9999999999999988,12.193312992625579,H1+H2,5513.697803732972,5512.034482185325,-1.663321547646544,41,57,12.193312992625579,bayes_h1h2_marginal_boundary,measured_graph,0.0005511667746105199,2.0555606000666575,0.019586501069947707,76,h1:h1_z;h2:h2_z
1e-05,1.0000029986893544,1.0000000009918297,12.242506729700835,H1+H2,19991.18551291278,19988.817826328912,-2.3676865838692702,159,198,12.242506729700835,bayes_h1h2_marginal_boundary,measured_graph,0.0003363624111742123,2.0726412121422753,0.09100434748401777,78,h1:h1_z;h2:h2_z
1.2589254117941661e-05,1.0000030266273932,1.0000000035514958,11.790250510384794,H1+H2,19991.199031896533,19989.04395443857,-2.155077457963703,159,198,11.790250510384794,bayes_h1h2_marginal_boundary,measured_graph,0.00042170975499436416,2.0726406165767686,0.09099200175973682,78,h1:h1_z;h2:h2_z
1.584893192461114e-05,1.0000030662420991,1.0000000125101787,11.34131140851241,H1+H2,19991.220892321566,19989.268423989506,-1.952468332058134,159,198,11.34131140851241,bayes_h1h2_marginal_boundary,measured_graph,0.0005278366410935673,2.0726398172635,0.09097247890892622,78,h1:h1_z;h2:h2_z
1.9952623149688786e-05,1.0000031197625738,1.0000000423941833,10.886074894675403,H1+H2,19991.255901452576,19989.496042246425,-1.7598592061525666,159,198,10.886074894675403,bayes_h1h2_marginal_boundary,measured_graph,0.0006627548087431238,2.072638736159029,0.09094187277290405,78,h1:h1_z;h2:h2_z
2.5118864315095822e-05,1.0000031871530601,1.000000134577973,10.409864434630435,H1+H2,19991.311397556696,19989.734147476447,-1.5772500802469966,159,198,10.409864434630435,bayes_h1h2_marginal_boundary,measured_graph,0.0008409316050372172,2.0726372628028464,0.09089446019394869,78,h1:h1_z;h2:h2_z
3.1622776601683795e-05,1.00000326420098,1.0000003874510848,9.890854745492106,H1+H2,19991.398293275357,19989.993652321016,-1.404640954341429,159,198,9.890854745492106,bayes_h1h2_marginal_boundary,measured_graph,0.0010900896019588532,2.07263523840108,0.09082227426045932,78,h1:h1_z;h2:h2_z
3.9810717055349695e-05,1.0000033421137853,1.0000009734459774,9.29793898443313,H1+H2,19991.53214202998,19990.290110201546,-1.2420318284358616,159,198,9.29793898443313,bayes_h1h2_marginal_boundary,measured_graph,0.00146626415823471,2.0726324283436024,0.09071517449479073,78,h1:h1_z;h2:h2_z
5.011872336272725e-05,1.0000034104676356,1.000000017584355,8.589732486507273,H1+H2,19991.73363615304,19990.64421345051,-1.089422702530293,159,198,8.589732486507273,bayes_h1h2_marginal_boundary,measured_graph,0.002089283169379114,2.0726284754941418,0.09056240440632327,78,h1:h1_z;h2:h2_z
6.309573444801929e-05,1.0000034623441323,1.0000000380752545,7.718620261599426,H1+H2,19992.02658313959,19991.079769562963,-0.9468135766247254,159,198,7.718620261599426,bayes_h1h2_marginal_boundary,measured_graph,0.003229660871700593,2.072622826608009,0.09035644311094168,78,h1:h1_z;h2:h2_z
7.943282347242822e-05,1.000003497266379,1.0000000561583402,6.643579095551104,H1+H2,19992.431494596705,19991.617290145987,-0.8142044507191568,159,198,6.643579095551104,bayes_h1h2_marginal_boundary,measured_graph,0.005528396012461944,2.0726146226059883,0.09010073611846792,78,h1:h1_z;h2:h2_z
0.0001,1.0000035196513393,1.000000051462349,5.358343549014535,H1+H2,19992.95150324407,19992.259907919255,-0.6915953248135883,159,198,5.358343549014535,bayes_h1h2_marginal_boundary,measured_graph,0.010511979322821996,2.072602533010618,0.0898169176418164,78,h1:h1_z;h2:h2_z
0.00012589254117941674,1.0000035353338685,1.0000021314560286,3.927222784725018,H1+H2,19993.554454500307,19992.9754683014,-0.5789861989080206,159,198,3.927222784725018,bayes_h1h2_marginal_boundary,measured_graph,0.021500493253163087,2.072584496844047,0.08954367864461432,78,h1:h1_z;h2:h2_z
0.00015848931924611142,1.0000035493882997,1.0000008059855952,2.499242597958073,H1+H2,19994.165835467786,19993.689458394783,-0.47637707300245236,159,198,2.499242597958073,bayes_h1h2_marginal_boundary,measured_graph,0.04390665794774565,2.072557311748123,0.08932159329077954,78,h1:h1_z;h2:h2_z
0.00019952623149688788,1.0000035658543942,1.0000002030268789,1.271385401232692,H1+H2,19994.687154940242,19994.303386993146,-0.38376794709688455,159,198,1.271385401232692,bayes_h1h2_marginal_boundary,measured_graph,0.08112527530626289,2.072515985561459,0.08917225271680983,78,h1:h1_z;h2:h2_z
0.0002511886431509582,1.0000035884594822,1.0000000363700283,0.4109426252543926,H1+H2,19995.034767202327,19994.733608381135,-0.30115882119131615,159,198,0.4109426252543926,bayes_h1h2_marginal_boundary,measured_graph,0.12473805226439433,2.0724527207397223,0.08909298280728592,78,h1:h1_z;h2:h2_z
0.00031622776601683794,1.000003621618877,1.0000000050985696,-0.0,H1+H2,19995.16762938905,19994.939079693762,-0.22854969528574837,159,198,-0.0,bayes_h1h2_marginal_boundary,measured_graph,0.15319126967706195,2.072355336596951,0.08906714102911577,78,h1:h1_z;h2:h2_z
0.00039810717055349735,1.000003671554766,1.0000000006272072,0.03483296980994055,H1+H2,19995.087603778236,19994.921663208857,-0.16594056938017995,159,198,0.03483296980994055,bayes_h1h2_marginal_boundary,measured_graph,0.15054631599742452,2.072204847997876,0.08907720963232818,78,h1:h1_z;h2:h2_z
0.0005011872336272725,1.0000037476906525,1.0000000000771052,0.46070009682443924,H1+H2,19994.822061088824,19994.70872964535,-0.11333144347461188,159,198,0.46070009682443924,bayes_h1h2_marginal_boundary,measured_graph,0.12167301246834755,2.0719718264047122,0.08911108846164979,78,h1:h1_z;h2:h2_z
0.000630957344480193,1.0000038645955083,1.0000000407636531,1.2074234141255147,H1+H2,19994.40609030427,19994.3353679867,-0.07072231756904392,159,198,1.2074234141255147,bayes_h1h2_marginal_boundary,measured_graph,0.08376167484949978,2.0716111258792127,0.08916231923100178,78,h1:h1_z;h2:h2_z
0.0007943282347242822,1.0000040447748744,1.0000000134160447,2.2091110185865546,H1+H2,19993.87263737613,19993.83452418447,-0.03811319166347554,159,198,2.2091110185865546,bayes_h1h2_marginal_boundary,measured_graph,0.050761173437614174,2.0710547181026238,0.08922805258601661,78,h1:h1_z;h2:h2_z
0.001,1.0000043224930588,1.0000000055818161,3.4083572518720757,H1+H2,19993.250405133585,19993.234901067826,-0.015504065757907535,159,198,3.4083572518720757,bayes_h1h2_marginal_boundary,measured_graph,0.027868823961276424,2.0702030951242003,0.08930690003089276,78,h1:h1_z;h2:h2_z
0.0012589254117941675,1.0000047482778736,1.000000002872735,4.750324056338286,H1+H2,19992.566812605444,19992.563917665593,-0.0028949398523394052,159,198,4.750324056338286,bayes_h1h2_marginal_boundary,measured_graph,0.014246699146945502,2.068917562622006,0.08939717217184101,78,h1:h1_z;h2:h2_z
0.001584893192461114,1.0000053922945034,1.0000000016993342,6.17128051740292,H1+H2,19991.853725249006,19991.85343943506,-0.0002858139467712683,159,198,6.17128051740292,bayes_h1h2_marginal_boundary,measured_graph,0.007000958095948141,2.067019263571318,0.08949523178231981,78,h1:h1_z;h2:h2_z
0.0019952623149688807,1.0000063424142813,1.0000000010537258,7.584802625555312,H1+H2,19991.154355069026,19991.146678380985,-0.007676688041203171,159,198,7.584802625555312,bayes_h1h2_marginal_boundary,measured_graph,0.0034531468870281617,2.064304763288228,0.08959377628449763,78,h1:h1_z;h2:h2_z
0.002511886431509582,1.000007693569607,1.000000000621886,8.870048704833607,H1+H2,19990.52912290348,19990.504055341346,-0.025067562135635053,159,198,8.870048704833607,bayes_h1h2_marginal_boundary,measured_graph,0.001816048372790912,2.0605865135788415,0.08968025176552916,78,h1:h1_z;h2:h2_z
0.0031622776601683794,1.0000095399319584,1.0000000003123553,9.87039644861943,H1+H2,19990.05633990568,19990.003881469453,-0.05245843623006681,159,198,9.87039644861943,bayes_h1h2_marginal_boundary,measured_graph,0.0011012975162872434,2.0557496697333284,0.08973638523078357,78,h1:h1_z;h2:h2_z
0.003981071705534973,1.00001200883364,1.000000000113961,10.414452518729377,H1+H2,19989.82170274472,19989.731853434398,-0.08984931032449865,159,198,10.414452518729377,bayes_h1h2_marginal_boundary,measured_graph,0.0008390046836389459,2.049790145034012,0.08974066086834681,78,h1:h1_z;h2:h2_z
0.005011872336272725,1.0000010966684973,1.0000000000232379,10.366516999012674,H1+H2,19989.893061378676,19989.755821194256,-0.13724018441893068,159,198,10.366516999012674,bayes_h1h2_marginal_boundary,measured_graph,0.0008593566678889327,2.042822925462232,0.08967518456581917,78,h1:h1_z;h2:h2_z
0.006309573444801936,1.0000015156537778,1.0000000000023068,9.69717481990665,H1+H2,19990.28512334232,19990.09049228381,-0.19463105851336257,159,198,9.69717481990665,bayes_h1h2_marginal_boundary,measured_graph,0.0012009343265390949,2.0350139500096853,0.0895350217315344,78,h1:h1_z;h2:h2_z
0.00794328234724282,1.0000021431491786,1.0000000000037288,8.522000272518198,H1+H2,19990.940101490112,19990.678079557503,-0.26202193260779433,159,198,8.522000272518198,bayes_h1h2_marginal_boundary,measured_graph,0.0021612508103956035,2.0267196233965024,0.08933324627144183,78,h1:h1_z;h2:h2_z
0.01,1.0000030510237257,1.0000000000370795,7.078236822948384,H1+H2,19991.73937408899,19991.399961282288,-0.3394128067022262,159,198,7.078236822948384,bayes_h1h2_marginal_boundary,measured_graph,0.0044485084390957445,2.01851946155971,0.0890956909207247,78,h1:h1_z;h2:h2_z
0.012589254117941675,1.000004252810477,1.0000000001601839,5.6457434110488975,H1+H2,19992.543011669033,19992.116207988238,-0.42680368079665804,159,198,5.6457434110488975,bayes_h1h2_marginal_boundary,measured_graph,0.009104925799437431,2.011204606971151,0.08884892984953655,78,h1:h1_z;h2:h2_z
0.01584893192461114,1.0000056421030843,1.000000000377699,4.48914437971689,H1+H2,19993.218702058795,19992.694507503904,-0.5241945548910899,159,198,4.48914437971689,bayes_h1h2_marginal_boundary,measured_graph,0.016234118038543115,2.005620720362927,0.08861265999228829,78,h1:h1_z;h2:h2_z
0.01995262314968881,1.0000069826361366,1.000000000586192,3.875617988538579,H1+H2,19993.63285612848,19993.001270699493,-0.6315854289855218,159,198,3.875617988538579,bayes_h1h2_marginal_boundary,measured_graph,0.02206247661989008,2.0025168331158008,0.08840290607829326,78,h1:h1_z;h2:h2_z
0.025118864315095822,1.0000079751694506,1.000000000656464,4.141136597347213,H1+H2,19993.617487698168,19992.86851139509,-0.7489763030799538,159,198,4.141136597347213,bayes_h1h2_marginal_boundary,measured_graph,0.019319577703854573,2.0024972844227693,0.0882417634781123,78,h1:h1_z;h2:h2_z
0.03162277660168379,1.000008362946572,1.0000000005641319,5.73028812262055,H1+H2,19992.950302809626,19992.073935632452,-0.8763671771743852,159,198,5.73028812262055,bayes_h1h2_marginal_boundary,measured_graph,0.008728060741850225,2.005997983553837,0.0881657160201072,78,h1:h1_z;h2:h2_z
0.039810717055349734,1.0000080303624936,1.00000000040521,9.173469983848918,H1+H2,19991.366102753105,19990.352344701838,-1.0137580512688171,159,198,9.173469983848918,bayes_h1h2_marginal_boundary,measured_graph,0.0015604157268292488,2.013170692159621,0.08822968744633362,78,h1:h1_z;h2:h2_z
0.05011872336272725,1.0000070597914008,1.0000000002874276,15.014755731448531,H1+H2,19988.5928507534,19987.431701828038,-1.1611489253632492,159,198,15.014755731448531,bayes_h1h2_marginal_boundary,measured_graph,8.410488765721434e-05,2.0237236814500053,0.08850619630380319,78,h1:h1_z;h2:h2_z
0.06309573444801936,1.000005702820991,1.0000000002591831,23.697563736532175,H1+H2,19984.408837624953,19983.090297825496,-1.3185397994576809,159,198,23.697563736532175,bayes_h1h2_marginal_boundary,measured_graph,1.094897421578524e-06,2.0369290794642407,0.08907408597418874,78,h1:h1_z;h2:h2_z
0.07943282347242822,1.0000042678837773,1.0000000003545362,35.42163360318955,H1+H2,19978.71419356572,19977.228262892168,-1.4859306735521132,159,198,35.42163360318955,bayes_h1h2_marginal_boundary,measured_graph,3.1154731214758834e-09,2.0519156104268323,0.08999401787052488,78,h1:h1_z;h2:h2_z
0.1,1.0000029986964003,1.000000000710689,50.03076761886041,H1+H2,19971.58701743198,19969.923695884332,-1.663321547646544,159,198,50.03076761886041,bayes_h1h2_marginal_boundary,measured_graph,2.0950329826462866e-12,2.068071419178712,0.09128116923099004,78,h1:h1_z;h2:h2_z
1e-05,1.000000003410719,1.0000000030616312,1.7325321309253923,H1+H2,26315.76023729157,26313.392550707704,-2.3676865838692702,208,236,1.7325321309253923,bayes_h1h2_marginal_boundary,measured_graph,0.03634148613539339,0.13645490057074838,0.03521727643878669,79,h1:h1_z;h2:h2_z
1.2589254117941661e-05,1.0000000045899744,1.0000000066814694,1.3333959138326463,H1+H2,26315.747196274213,26313.59211881625,-2.155077457963703,208,236,1.3333959138326463,bayes_h1h2_marginal_boundary,measured_graph,0.044368424919253545,0.13645375268920706,0.035216544485668036,79,h1:h1_z;h2:h2_z
1.584893192461114e-05,1.0000000063846342,1.0000000138786862,0.9683423144379049,H1+H2,26315.727113948007,26313.774645615948,-1.952468332058134,208,236,0.9683423144379049,bayes_h1h2_marginal_boundary,measured_graph,0.05325303858980409,0.136452045124751,0.035215422667063206,79,h1:h1_z;h2:h2_z
1.9952623149688786e-05,1.0000000090803731,1.000000026532154,0.6444712880183943,H1+H2,26315.69644033531,26313.936581129157,-1.7598592061525666,208,236,0.6444712880183943,bayes_h1h2_marginal_boundary,measured_graph,0.06261409289521405,0.13644948108949018,0.03521377893951509,79,h1:h1_z;h2:h2_z
2.5118864315095822e-05,1.0000000130821753,1.0000000447328163,0.3717100084249978,H1+H2,26315.650211849203,26314.072961768954,-1.5772500802469966,208,236,0.3717100084249978,bayes_h1h2_marginal_boundary,measured_graph,0.07176314322405934,0.1364456005270262,0.03521151196650075,79,h1:h1_z;h2:h2_z
3.1622776601683795e-05,1.0000000190041403,1.000000063198362,0.16306424974027323,H1+H2,26315.581925602637,26314.177284648296,-1.404640954341429,208,236,0.16306424974027323,bayes_h1h2_marginal_boundary,measured_graph,0.07965413088941901,0.13643969082018226,0.0352086335888295,79,h1:h1_z;h2:h2_z
3.9810717055349695e-05,1.000000027904376,1.0000000708593768,0.033960706423386,H1+H2,26315.48386824839,26314.241836419955,-1.2420318284358616,208,236,0.033960706423386,bayes_h1h2_marginal_boundary,measured_graph,0.0849655321121447,0.13643065203067645,0.035205363620427026,79,h1:h1_z;h2:h2_z
5.011872336272725e-05,1.000000041819639,1.0000000601821677,-0.0,H1+H2,26315.348239475697,26314.258816773166,-1.089422702530293,208,236,-0.0,bayes_h1h2_marginal_boundary,measured_graph,0.08642059564291593,0.13641679920915614,0.03520215125968491,79,h1:h1_z;h2:h2_z
6.309573444801929e-05,1.0000000647971607,1.0000000377739373,0.0728507314415765,H1+H2,26315.16920498407,26314.222391407446,-0.9468135766247254,208,236,0.0728507314415765,bayes_h1h2_marginal_boundary,measured_graph,0.08332933576129262,0.13639558656924056,0.03519953606442635,79,h1:h1_z;h2:h2_z
7.943282347242822e-05,1.0000001045947704,1.0000000176577004,0.2552292766922619,H1+H2,26314.94540658554,26314.13120213482,-0.8142044507191568,208,236,0.2552292766922619,bayes_h1h2_marginal_boundary,measured_graph,0.07606676066943989,0.1363632575445608,0.03519790605402638,79,h1:h1_z;h2:h2_z
0.0001,1.0000001747952572,1.000000006408496,0.5373031661947607,H1+H2,26314.681760514883,26313.99016519007,-0.6915953248135883,208,236,0.5373031661947607,bayes_h1h2_marginal_boundary,measured_graph,0.06606072797462652,0.1363144863027888,0.035197359814546955,79,h1:h1_z;h2:h2_z
0.00012589254117941674,1.0000002950829252,1.0000000019357516,0.8967109868317493,H1+H2,26314.389447478658,26313.81046127975,-0.5789861989080206,208,236,0.8967109868317493,bayes_h1h2_marginal_boundary,measured_graph,0.055194898442044525,0.13624222415696785,0.03519778038568678,79,h1:h1_z;h2:h2_z
0.00015848931924611142,1.0000004823085162,1.0000000005336593,1.3023321558066527,H1+H2,26314.084027768266,26313.607650695263,-0.47637707300245236,208,236,1.3023321558066527,bayes_h1h2_marginal_boundary,measured_graph,0.0450629294454769,0.13613824004664182,0.03519900562040397,79,h1:h1_z;h2:h2_z
0.00019952623149688788,1.0000007208775528,1.0000000001506804,1.7205615551429219,H1+H2,26313.78230394269,26313.398535995595,-0.38376794709688455,208,236,1.7205615551429219,bayes_h1h2_marginal_boundary,measured_graph,0.03655965263567189,0.13599517016922924,0.03520094600636913,79,h1:h1_z;h2:h2_z
0.0002511886431509582,1.0000009215624135,1.0000000000497258,2.1240198517552926,H1+H2,26313.49796566848,26313.19680684729,-0.30115882119131615,208,236,2.1240198517552926,bayes_h1h2_marginal_boundary,measured_graph,0.02988079890499516,0.13581077862233495,0.035203619804763,79,h1:h1_z;h2:h2_z
0.00031622776601683794,1.0000009421468663,1.0000000000214162,2.5040884564441512,H1+H2,26313.23532224023,26313.006772544944,-0.22854969528574837,208,236,2.5040884564441512,bayes_h1h2_marginal_boundary,measured_graph,0.024709351980770986,0.1355935063761264,0.03520714857088282,79,h1:h1_z;h2:h2_z
0.00039810717055349735,1.0000007324077123,1.000000000012378,2.8859492588744615,H1+H2,26312.98178271311,26312.81584214373,-0.16594056938017995,208,236,2.8859492588744615,bayes_h1h2_marginal_boundary,measured_graph,0.020414621686832665,0.13536495504316187,0.03521175164820619,79,h1:h1_z;h2:h2_z
0.0005011872336272725,1.0000004287280029,1.0000000000090405,3.3366518341135816,H1+H2,26312.703822299583,26312.59049085611,-0.11333144347461188,208,236,3.3366518341135816,bayes_h1h2_marginal_boundary,measured_graph,0.016295681040185434,0.13515367849659965,0.03521775540310149,79,h1:h1_z;h2:h2_z
0.000630957344480193,1.0000001987633278,1.0000000000076545,3.9525679049256723,H1+H2,26312.353255138274,26312.282532820704,-0.07072231756904392,208,236,3.9525679049256723,bayes_h1h2_marginal_boundary,measured_graph,0.011976448190062267,0.13498172489547214,0.03522562149298733,79,h1:h1_z;h2:h2_z
0.0007943282347242822,1.0000000814488035,1.0000000000070521,4.826980239704426,H1+H2,26311.883439844976,26311.845326653314,-0.03811319166347554,208,236,4.826980239704426,bayes_h1h2_marginal_boundary,measured_graph,0.0077348485426223116,0.13485508445255176,0.03523599752439455,79,h1:h1_z;h2:h2_z
0.001,1.0000000338618311,1.0000000000067928,6.020975641593395,H1+H2,26311.26383301813,26311.24832895237,-0.015504065757907535,208,236,6.020975641593395,bayes_h1h2_marginal_boundary,measured_graph,0.004257738718537025,0.13476574096792882,0.0352497971785667,79,h1:h1_z;h2:h2_z
0.0012589254117941675,1.0000000160388407,1.0000000000067357,7.558969883742975,H1+H2,26310.482226771146,26310.479331831295,-0.0028949398523394052,208,236,7.558969883742975,bayes_h1h2_marginal_boundary,measured_graph,0.001973366723995495,0.13470026641847113,0.035268321889889334,79,h1:h1_z;h2:h2_z
0.001584893192461114,1.000000009166926,1.0000000000068174,9.44599132908479,H1+H2,26309.53610692257,26309.535821108624,-0.0002858139467712683,208,236,9.44599132908479,bayes_h1h2_marginal_boundary,measured_graph,0.0007681504691576421,0.1346464572840592,0.035293439231970314,79,h1:h1_z;h2:h2_z
0.0019952623149688807,1.0000000063247245,1.0000000000070253,11.690297509019729,H1+H2,26308.421344706698,26308.413668018657,-0.007676688041203171,208,236,11.690297509019729,bayes_h1h2_marginal_boundary,measured_graph,0.0002500929246431563,0.13459555039804355,0.035327828670983455,79,h1:h1_z;h2:h2_z
0.002511886431509582,1.000000005116538,1.0000000000073366,14.320899080659728,H1+H2,26307.123434794972,26307.098367232837,-0.025067562135635053,208,236,14.320899080659728,bayes_h1h2_marginal_boundary,measured_graph,6.712333590616177e-05,0.13454195329213853,0.03537529085974528,79,h1:h1_z;h2:h2_z
0.0031622776601683794,1.0000000046914235,1.000000000007729,17.399671085906448,H1+H2,26305.61143966644,26305.558981230213,-0.05245843623006681,208,236,17.399671085906448,bayes_h1h2_marginal_boundary,measured_graph,1.439881280273477e-05,0.1344824933572009,0.035441109429067974,79,h1:h1_z;h2:h2_z
0.003981071705534973,1.0000000047382538,1.0000000000081022,21.031608961478923,H1+H2,26303.83286160275,26303.743012292427,-0.08984931032449865,208,236,21.031608961478923,bayes_h1h2_marginal_boundary,measured_graph,2.3424018185407893e-06,0.1344158527988134,0.03553248417040877,79,h1:h1_z;h2:h2_z
0.005011872336272725,1.0000000051549103,1.0000000000083897,25.374753436946776,H1+H2,26301.708680239113,26301.571440054693,-0.13724018441893068,208,236,25.374753436946776,bayes_h1h2_marginal_boundary,measured_graph,2.670296931164119e-07,0.13434185914043636,0.03565908717665947,79,h1:h1_z;h2:h2_z
0.006309573444801936,1.0000000059407599,1.0000000000084746,30.646509371566935,H1+H2,26299.130193145895,26298.935562087383,-0.19463105851336257,208,236,30.646509371566935,bayes_h1h2_marginal_boundary,measured_graph,1.9134287735899895e-08,0.13425999639337768,0.035833683539729426,79,h1:h1_z;h2:h2_z
0.00794328234724282,1.0000000071738984,1.0000000000083298,37.117432453618676,H1+H2,26295.962122478966,26295.700100546357,-0.26202193260779433,208,236,37.117432453618676,bayes_h1h2_marginal_boundary,measured_graph,7.527819667156164e-10,0.13416702637373837,0.036072434990927604,79,h1:h1_z;h2:h2_z
0.01,1.000000009030135,1.0000000000079097,45.08092568638676,H1+H2,26292.057766736674,26291.718353929973,-0.3394128067022262,208,236,45.08092568638676,bayes_h1h2_marginal_boundary,measured_graph,1.4041665496271488e-11,0.13405463106536664,0.03639423141643612,79,h1:h1_z;h2:h2_z
0.012589254117941675,1.000000011832414,1.0000000000072413,54.794435617026465,H1+H2,26287.28840264545,26286.861598964653,-0.42680368079665804,208,236,54.794435617026465,bayes_h1h2_marginal_boundary,measured_graph,1.0918343201385735e-13,0.13390843840137592,0.036818599423091763,79,h1:h1_z;h2:h2_z
0.01584893192461114,1.0000000161315437,1.000000000006266,66.40383034698607,H1+H2,26281.581096154565,26281.056901599673,-0.5241945548910899,208,236,66.40383034698607,bayes_h1h2_marginal_boundary,measured_graph,3.2900970352172806e-16,0.1337089370748645,0.03736247792389066,79,h1:h1_z;h2:h2_z
0.01995262314968881,1.000000022818869,1.0000000000051184,79.87399933216511,H1+H2,26274.95340253607,26274.321817107084,-0.6315854289855218,208,236,79.87399933216511,bayes_h1h2_marginal_boundary,measured_graph,3.910197345513612e-19,0.13343345865480666,0.03803682269937776,79,h1:h1_z;h2:h2_z
0.025118864315095822,1.000000033267479,1.0000000000040095,94.94074530020589,H1+H2,26267.537420426142,26266.788444123064,-0.7489763030799538,208,236,94.94074530020589,bayes_h1h2_marginal_boundary,measured_graph,2.0916853732238966e-22,0.13305821431809228,0.03884371324029921,79,h1:h1_z;h2:h2_z
0.03162277660168379,1.0000000494655028,1.0000000000031775,111.078827793026,H1+H2,26259.595770053827,26258.719402876653,-0.8763671771743852,208,236,111.078827793026,bayes_h1h2_marginal_boundary,measured_graph,6.548717737725195e-26,0.13256018331112648,0.039773599855606336,79,h1:h1_z;h2:h2_z
0.039810717055349734,1.0000000739428363,1.0000000000029832,127.48426584128174,H1+H2,26251.530441903793,26250.516683852526,-1.0137580512688171,208,236,127.48426584128174,bayes_h1h2_marginal_boundary,measured_graph,1.7937448332510551e-29,0.1319195862317199,0.040802291844632875,79,h1:h1_z;h2:h2_z
0.05011872336272725,1.0000001085975914,1.0000000000037481,143.09655206704338,H1+H2,26243.871689665008,26242.710540739645,-1.1611489253632492,208,236,143.09655206704338,bayes_h1h2_marginal_boundary,measured_graph,7.304588988409849e-33,0.131125461352518,0.04188823184668416,79,h1:h1_z;h2:h2_z
0.06309573444801936,1.0000001498843,1.000000000006403,156.68898680411075,H1+H2,26237.232863170568,26235.91432337111,-1.3185397994576809,208,236,156.68898680411075,bayes_h1h2_marginal_boundary,measured_graph,8.166502197906552e-36,0.13018657587443572,0.0429710099784134,79,h1:h1_z;h2:h2_z
0.07943282347242822,1.000000179059096,1.0000000000130436,167.0616878551955,H1+H2,26232.21390351912,26230.72797284557,-1.4859306735521132,208,236,167.0616878551955,bayes_h1h2_marginal_boundary,measured_graph,4.567017427206494e-38,0.1291428164975326,0.04397489609918046,79,h1:h1_z;h2:h2_z
0.1,1.0000001639662357,1.0000000000275644,173.39630967924313,H1+H2,26229.22398348119,26227.560661933545,-1.663321547646544,208,236,173.39630967924313,bayes_h1h2_marginal_boundary,measured_graph,1.9234770871229933e-39,0.12806903160127808,0.044824780500364696,79,h1:h1_z;h2:h2_z
1e-05,1.0000000001276632,0.9999999528928638,4.493545661891403,H1+H2,32126.255033039328,32123.88734645546,-2.3676865838692702,251,274,4.493545661891403,bayes_h1h2_marginal_boundary,measured_graph,0.009191547758990466,0.04466419358456594,0.010659808922980763,80,h1:h1_z;h2:h2_z
1.2589254117941661e-05,1.000000000327951,0.9999999146163241,3.7780387987731956,H1+H2,32126.40017734498,32124.24509988702,-2.155077457963703,251,274,3.7780387987731956,bayes_h1h2_marginal_boundary,measured_graph,0.013144951538415373,0.04466201352255843,0.010650308318814288,80,h1:h1_z;h2:h2_z
1.584893192461114e-05,1.0000000008990502,0.9999998874861725,3.021251739184663,H1+H2,32126.575961748873,32124.623493416813,-1.952468332058134,251,274,3.021251739184663,bayes_h1h2_marginal_boundary,measured_graph,0.01919080582912746,0.04465867995622078,0.01063986435274215,80,h1:h1_z;h2:h2_z
1.9952623149688786e-05,1.0000000025406128,0.999999898643208,2.2588787641798262,H1+H2,32126.764539110467,32125.004679904316,-1.7598592061525666,251,274,2.2588787641798262,bayes_h1h2_marginal_boundary,measured_graph,0.02809573509321393,0.044653584086861875,0.01062979916881732,80,h1:h1_z;h2:h2_z
2.5118864315095822e-05,1.0000000071098205,0.9999999396776034,1.5521652374736732,H1+H2,32126.935286747917,32125.35803666767,-1.5772500802469966,251,274,1.5521652374736732,bayes_h1h2_marginal_boundary,measured_graph,0.040003804101577695,0.04464582659106176,0.010621401615674281,80,h1:h1_z;h2:h2_z
3.1622776601683795e-05,1.0000000188843663,0.9999999762408033,0.9671303451395943,H1+H2,32127.055195068177,32125.650554113836,-1.404640954341429,251,274,0.9671303451395943,bayes_h1h2_marginal_boundary,measured_graph,0.05359694114716808,0.04463412942858597,0.010615289776931009,80,h1:h1_z;h2:h2_z
3.9810717055349695e-05,1.0000000456141864,0.9999999936044691,0.54454587805958,H1+H2,32127.10387817581,32125.861846347376,-1.2420318284358616,251,274,0.54454587805958,bayes_h1h2_marginal_boundary,measured_graph,0.06620686985731487,0.044616793492446793,0.010611263846132145,80,h1:h1_z;h2:h2_z
5.011872336272725e-05,1.0000000959853348,0.9999999987642214,0.2829308177024359,H1+H2,32127.082076580085,32125.992653877554,-1.089422702530293,251,274,0.2829308177024359,bayes_h1h2_marginal_boundary,measured_graph,0.07545917352743266,0.04459181785189215,0.01060867522817179,80,h1:h1_z;h2:h2_z
6.309573444801929e-05,1.0000001680692716,0.9999999998192736,0.14446337611298077,H1+H2,32127.008701174975,32126.06188759835,-0.9468135766247254,251,274,0.14446337611298077,bayes_h1h2_marginal_boundary,measured_graph,0.08086858929208968,0.044557379597583734,0.010606858810737467,80,h1:h1_z;h2:h2_z
7.943282347242822e-05,1.0000002321868668,0.9999999999789368,0.07566918785596499,H1+H2,32126.910489143196,32126.096284692478,-0.8142044507191568,251,274,0.07566918785596499,bayes_h1h2_marginal_boundary,measured_graph,0.08369862728479006,0.04451286370134845,0.010605334951423078,80,h1:h1_z;h2:h2_z
0.0001,1.0000002380260158,0.9999999999979163,0.03193916567397537,H1+H2,32126.809745028382,32126.11814970357,-0.6915953248135883,251,274,0.03193916567397537,bayes_h1h2_marginal_boundary,measured_graph,0.0855488525848365,0.04446026805325875,0.010603815940740424,80,h1:h1_z;h2:h2_z
0.00012589254117941674,1.0000001704311017,0.9999999999997478,-0.0,H1+H2,32126.713105485313,32126.134119286406,-0.5789861989080206,251,274,-0.0,bayes_h1h2_marginal_boundary,measured_graph,0.08692599903253458,0.04440495791952219,0.01060214692922545,80,h1:h1_z;h2:h2_z
0.00015848931924611142,1.000000081821816,1.0000000000001055,0.011234820973186288,H1+H2,32126.60487894892,32126.12850187592,-0.47637707300245236,251,274,0.011234820973186288,bayes_h1h2_marginal_boundary,measured_graph,0.08643906893755729,0.044354275375599224,0.010600256385388836,80,h1:h1_z;h2:h2_z
0.00019952623149688788,1.0000000263313658,0.9999999996580236,0.13460537254286464,H1+H2,32126.45058454723,32126.066816600134,-0.38376794709688455,251,274,0.13460537254286464,bayes_h1h2_marginal_boundary,measured_graph,0.08126817468262158,0.04431409909014248,0.010598135559546345,80,h1:h1_z;h2:h2_z
0.0002511886431509582,1.000000005985341,0.9999999999308851,0.44788945504114963,H1+H2,32126.211333380077,32125.910174558885,-0.30115882119131615,251,274,0.44788945504114963,bayes_h1h2_marginal_boundary,measured_graph,0.0694851071048963,0.04428613040592021,0.01059584581617259,80,h1:h1_z;h2:h2_z
0.00031622776601683794,1.0000000010685408,0.9999999999838708,1.0080133078517974,H1+H2,32125.858662327766,32125.63011263248,-0.22854969528574837,251,274,1.0080133078517974,bayes_h1h2_marginal_boundary,measured_graph,0.05251246221447913,0.04426824463723545,0.010593551549560227,80,h1:h1_z;h2:h2_z
0.00039810717055349735,1.000000000175431,0.9999999999950964,1.8448309026280185,H1+H2,32125.37764440447,32125.21170383509,-0.16594056938017995,251,274,1.8448309026280185,bayes_h1h2_marginal_boundary,measured_graph,0.03455809149807,0.04425683139010233,0.010591579567511089,80,h1:h1_z;h2:h2_z
0.0005011872336272725,1.0000000000324618,0.9999999999978822,2.980502752929169,H1+H2,32124.757199353415,32124.64386790994,-0.11333144347461188,251,274,2.980502752929169,bayes_h1h2_marginal_boundary,measured_graph,0.019585819204526313,0.04424871057350025,0.010590506295038564,80,h1:h1_z;h2:h2_z
0.000630957344480193,1.000000038512436,0.9999999999987492,4.4586901095171925,H1+H2,32123.975496549217,32123.904774231647,-0.07072231756904392,251,274,4.4586901095171925,bayes_h1h2_marginal_boundary,measured_graph,0.00935314000289904,0.04424176065727545,0.010591266530010954,80,h1:h1_z;h2:h2_z
0.0007943282347242822,1.0000000218769434,0.9999999999990719,6.368514854904788,H1+H2,32122.987975050615,32122.949861858953,-0.03811319166347554,251,274,6.368514854904788,bayes_h1h2_marginal_boundary,measured_graph,0.003599517265002268,0.04423476922252317,0.010595258087645295,80,h1:h1_z;h2:h2_z
0.001,1.000000016081938,0.999999999999238,8.855488466993847,H1+H2,32121.721879118668,32121.70637505291,-0.015504065757907535,251,274,8.855488466993847,bayes_h1h2_marginal_boundary,measured_graph,0.0010380178045801822,0.04422710225054075,0.010604391675798373,80,h1:h1_z;h2:h2_z
0.0012589254117941675,1.0000000140488519,0.9999999999993425,12.117175591418345,H1+H2,32120.078426430548,32120.075531490696,-0.0028949398523394052,251,274,12.117175591418345,bayes_h1h2_marginal_boundary,measured_graph,0.00020320689640740267,0.04421847653948788,0.010621042612033577,80,h1:h1_z;h2:h2_z
0.001584893192461114,1.0000000135566398,0.9999999999994208,16.391484813160787,H1+H2,32117.93866269377,32117.938376879825,-0.0002858139467712683,251,274,16.391484813160787,bayes_h1h2_marginal_boundary,measured_graph,2.397640072036581e-05,0.04420884750410203,0.010647965867181057,80,h1:h1_z;h2:h2_z
0.0019952623149688807,1.000000013866072,0.9999999999994857,21.960591157177987,H1+H2,32115.161500395858,32115.153823707817,-0.007676688041203171,251,274,21.960591157177987,bayes_h1h2_marginal_boundary,measured_graph,1.480702846395083e-06,0.04419837806673613,0.0106884111099925,80,h1:h1_z;h2:h2_z
0.002511886431509582,1.0000000148011312,0.9999999999995366,29.18982346417033,H1+H2,32111.564275116456,32111.53920755432,-0.025067562135635053,251,274,29.18982346417033,bayes_h1h2_marginal_boundary,measured_graph,3.987126929577211e-08,0.04418743686614297,0.010746633432391513,80,h1:h1_z;h2:h2_z
0.0031622776601683794,1.0000000164883853,0.9999999999995743,38.57257881235273,H1+H2,32106.900288316458,32106.84782988023,-0.05245843623006681,251,274,38.57257881235273,bayes_h1h2_marginal_boundary,measured_graph,3.657805639826701e-10,0.04417659493043932,0.010828457451385767,80,h1:h1_z;h2:h2_z
0.003981071705534973,1.0000000193144558,0.9999999999995969,50.696303551943856,H1+H2,32100.875816820757,32100.785967510434,-0.08984931032449865,251,274,50.696303551943856,bayes_h1h2_marginal_boundary,measured_graph,8.522897156107617e-13,0.04416665960012674,0.010940921699577897,80,h1:h1_z;h2:h2_z
0.005011872336272725,1.0000000239828946,0.9999999999996062,66.06325875348557,H1+H2,32093.239730094083,32093.102489909663,-0.13724018441893068,251,274,66.06325875348557,bayes_h1h2_marginal_boundary,measured_graph,3.92369575011329e-16,0.044158951193987515,0.01109018254548124,80,h1:h1_z;h2:h2_z
0.006309573444801936,1.0000000316031272,0.999999999999611,84.81345150162815,H1+H2,32083.922024594103,32083.72739353559,-0.19463105851336257,251,274,84.81345150162815,bayes_h1h2_marginal_boundary,measured_graph,3.3276887733175113e-20,0.04415622932348117,0.011278009257990003,80,h1:h1_z;h2:h2_z
0.00794328234724282,1.0000000000083458,0.9999999999996085,106.52868571479485,H1+H2,32073.131798361617,32072.86977642901,-0.26202193260779433,251,274,106.52868571479485,bayes_h1h2_marginal_boundary,measured_graph,6.4082508753795755e-25,0.04416459226498003,0.011498688181101727,80,h1:h1_z;h2:h2_z
0.01,1.0000000000142268,0.9999999999996079,130.31796923895308,H1+H2,32061.31454747363,32060.97513466693,-0.3394128067022262,251,274,130.31796923895308,bayes_h1h2_marginal_boundary,measured_graph,4.374840501000984e-30,0.04419588057453178,0.011738847795365248,80,h1:h1_z;h2:h2_z
0.012589254117941675,1.0000000000239582,0.9999999999996202,155.19694700028776,H1+H2,32048.962449467057,32048.53564578626,-0.42680368079665804,251,274,155.19694700028776,bayes_h1h2_marginal_boundary,measured_graph,1.7320516774046305e-35,0.04426864885166411,0.01198132949512834,80,h1:h1_z;h2:h2_z
0.01584893192461114,1.0000000000385352,0.9999999999996521,180.48451580983237,H1+H2,32036.41605593638,32035.89186138149,-0.5241945548910899,251,274,180.48451580983237,bayes_h1h2_marginal_boundary,measured_graph,5.590299143207562e-41,0.04440448063313749,0.012211071743785216,80,h1:h1_z;h2:h2_z
0.01995262314968881,1.0000000000589588,0.9999999999997031,205.88280669792584,H1+H2,32023.82430136643,32023.192715937443,-0.6315854289855218,251,274,205.88280669792584,bayes_h1h2_marginal_boundary,measured_graph,1.7071286731101744e-46,0.044617879526608985,0.012419233122004377,80,h1:h1_z;h2:h2_z
0.025118864315095822,1.000000000088075,0.999999999999764,231.2233042353255,H1+H2,32011.271443471822,32010.522467168743,-0.7489763030799538,251,274,231.2233042353255,bayes_h1h2_marginal_boundary,measured_graph,5.365956309724634e-52,0.04490424513442597,0.012603580282410523,80,h1:h1_z;h2:h2_z
0.03162277660168379,1.0000000001330458,0.9999999999998254,256.2058482610155,H1+H2,31998.907562333072,31998.031195155898,-0.8763671771743852,251,274,256.2058482610155,bayes_h1h2_marginal_boundary,measured_graph,2.0172356055454e-57,0.04523643199631302,0.012766246290904856,80,h1:h1_z;h2:h2_z
0.039810717055349734,1.0000000002012168,0.9999999999998782,280.40974985218054,H1+H2,31986.943002411583,31985.929244360315,-1.0137580512688171,251,274,280.40974985218054,bayes_h1h2_marginal_boundary,measured_graph,1.1192991510264903e-62,0.04557536298010923,0.01291124990356888,80,h1:h1_z;h2:h2_z
0.05011872336272725,1.0000000002764518,0.9999999999999141,303.50554249217384,H1+H2,31975.54249696568,31974.38134804032,-1.1611489253632492,251,274,303.50554249217384,bayes_h1h2_marginal_boundary,measured_graph,1.0808328230287005e-67,0.04588703220173558,0.013043186450029469,80,h1:h1_z;h2:h2_z
0.06309573444801936,1.0000000003023681,0.9999999999999241,325.4010536518181,H1+H2,31964.752132259953,31963.433592460497,-1.3185397994576809,251,274,325.4010536518181,bayes_h1h2_marginal_boundary,measured_graph,1.901992006719473e-72,0.04615377013045813,0.013166750393047799,80,h1:h1_z;h2:h2_z
0.07943282347242822,1.0000000002556888,0.9999999999998871,346.18834420452185,H1+H2,31954.525877857697,31953.039947184145,-1.4859306735521132,251,274,346.18834420452185,bayes_h1h2_marginal_boundary,measured_graph,5.8251336894486805e-77,0.04637554453871341,0.013286104812505592,80,h1:h1_z;h2:h2_z
0.1,1.0000000001924485,0.9999999999997187,365.9740822354288,H1+H2,31944.810399716338,31943.14707816869,-1.663321547646544,251,274,365.9740822354288,bayes_h1h2_marginal_boundary,measured_graph,2.9436588273126423e-81,0.046564756337367806,0.013403916423989535,80,h1:h1_z;h2:h2_z
1e-05,1.0000000022772688,0.9999999904415288,1.030464526011201,H1+H2,27473.47257578216,27471.104889198294,-2.3676865838692702,217,231,1.030464526011201,bayes_h1h2_marginal_boundary,measured_graph,0.08098463550673698,0.035780700898643186,0.021541773653830476,81,h1:h1_z;h2:h2_z
1.2589254117941661e-05,1.000000002615042,0.9999999897367032,0.5913965211511822,H1+H2,27473.479500658686,27471.324423200724,-2.155077457963703,217,231,0.5913965211511822,bayes_h1h2_marginal_boundary,measured_graph,0.10086605554984304,0.03578102768561835,0.021528274035993108,81,h1:h1_z;h2:h2_z
1.584893192461114e-05,1.0000000031064902,0.9999999928138452,0.2409780935413437,H1+H2,27473.45210074659,27471.49963241453,-1.952468332058134,217,231,0.2409780935413437,bayes_h1h2_marginal_boundary,measured_graph,0.12018144804637639,0.035781179064884004,0.02151542210047669,81,h1:h1_z;h2:h2_z
1.9952623149688786e-05,1.0000000037619068,0.9999999968149009,0.028836060519097373,H1+H2,27473.36556263719,27471.60570343104,-1.7598592061525666,217,231,0.028836060519097373,bayes_h1h2_marginal_boundary,measured_graph,0.13362985267715063,0.03578104649197061,0.02150457975948441,81,h1:h1_z;h2:h2_z
2.5118864315095822e-05,1.0000000045054978,0.999999999090428,-0.0,H1+H2,27473.197371541548,27471.6201214613,-1.5772500802469966,217,231,-0.0,bayes_h1h2_marginal_boundary,measured_graph,0.13557048839075192,0.035780555574423445,0.02149618138470522,81,h1:h1_z;h2:h2_z
3.1622776601683795e-05,1.00000000511306,0.9999999998218936,0.1814114213339053,H1+H2,27472.934056704973,27471.529415750632,-1.404640954341429,217,231,0.1814114213339053,bayes_h1h2_marginal_boundary,measured_graph,0.12381468895721984,0.03577975775734366,0.021489722802423287,81,h1:h1_z;h2:h2_z
3.9810717055349695e-05,1.0000000052726543,0.9999999999736211,0.5778436891196179,H1+H2,27472.573231445174,27471.33119961674,-1.2420318284358616,217,231,0.5778436891196179,bayes_h1h2_marginal_boundary,measured_graph,0.10155188701936106,0.03577892886034704,0.021484263971484112,81,h1:h1_z;h2:h2_z
5.011872336272725e-05,1.0000000048415423,0.9999999761176148,1.1763255200785352,H1+H2,27472.12138140379,27471.03195870126,-1.089422702530293,217,231,1.1763255200785352,bayes_h1h2_marginal_boundary,measured_graph,0.07528861698676793,0.03577858034915021,0.021478891120602167,81,h1:h1_z;h2:h2_z
6.309573444801929e-05,1.0000000040257657,0.9999999937698858,1.9523461356075131,H1+H2,27471.59076197012,27470.643948393496,-0.9468135766247254,217,231,1.9523461356075131,bayes_h1h2_marginal_boundary,measured_graph,0.051076200586946785,0.03577931977404433,0.02147288364955869,81,h1:h1_z;h2:h2_z
7.943282347242822e-05,1.0000000031869418,0.9999999980555739,2.874028138416179,H1+H2,27470.99731184281,27470.18310739209,-0.8142044507191568,217,231,2.874028138416179,bayes_h1h2_marginal_boundary,measured_graph,0.03221646461690606,0.03578165645819775,0.021465681885272363,81,h1:h1_z;h2:h2_z
0.0001,1.000000002545873,0.9999999991464237,3.9050493463437306,H1+H2,27470.35919211294,27469.667596788127,-0.6915953248135883,217,231,3.9050493463437306,bayes_h1h2_marginal_boundary,measured_graph,0.019239530476118927,0.03578593490139252,0.02145679410598847,81,h1:h1_z;h2:h2_z
0.00012589254117941674,1.0000000021316868,0.9999999994521722,5.007773131495924,H1+H2,27469.69522109446,27469.11623489555,-0.5789861989080206,217,231,5.007773131495924,bayes_h1h2_marginal_boundary,measured_graph,0.011085136410269788,0.03579243913795489,0.02144572009592771,81,h1:h1_z;h2:h2_z
0.00015848931924611142,1.000000001886679,0.9999999995368251,6.146542770395172,H1+H2,27469.023227149104,27468.5468500761,-0.47637707300245236,217,231,6.146542770395172,bayes_h1h2_marginal_boundary,measured_graph,0.006272784339669311,0.03580155800998177,0.02143190074332909,81,h1:h1_z;h2:h2_z
0.00019952623149688788,1.0000000017468356,0.9999999995487981,7.290437051713525,H1+H2,27468.35867088254,27467.974902935443,-0.38376794709688455,217,231,7.290437051713525,bayes_h1h2_marginal_boundary,measured_graph,0.0035405185119671617,0.035813922079559385,0.021414690476883918,81,h1:h1_z;h2:h2_z
0.0002511886431509582,1.0000000016667638,0.9999999995357662,8.41559495954425,H1+H2,27467.71348280272,27467.412323981527,-0.30115882119131615,217,231,8.41559495954425,bayes_h1h2_marginal_boundary,measured_graph,0.0020171673692116377,0.03583051378700289,0.02139335111553945,81,h1:h1_z;h2:h2_z
0.00031622776601683794,1.0000000016190367,0.9999999995156471,9.508281474365504,H1+H2,27467.094530419403,27466.865980724117,-0.22854969528574837,217,231,9.508281474365504,bayes_h1h2_marginal_boundary,measured_graph,0.0011680678545887815,0.035852793686409846,0.02136707530486152,81,h1:h1_z;h2:h2_z
0.00039810717055349735,1.0000000015880008,0.9999999994952206,10.570588171700365,H1+H2,27466.500767944828,27466.33482737545,-0.16594056938017995,217,231,10.570588171700365,bayes_h1h2_marginal_boundary,measured_graph,0.0006867380388009322,0.035882883100754166,0.021335060916448313,81,h1:h1_z;h2:h2_z
0.0005011872336272725,1.0000000015647068,0.9999999994761701,11.631228983133042,H1+H2,27465.917838413206,27465.804506969733,-0.11333144347461188,217,231,11.631228983133042,bayes_h1h2_marginal_boundary,measured_graph,0.00040408792967881025,0.03592383377313711,0.02129667444656002,81,h1:h1_z;h2:h2_z
0.000630957344480193,1.000000001543584,0.9999999994572053,12.76437261240062,H1+H2,27465.30865747267,27465.2379351551,-0.07072231756904392,217,231,12.76437261240062,bayes_h1h2_marginal_boundary,measured_graph,0.00022930676387685226,0.03598000713758578,0.021251757356345744,81,h1:h1_z;h2:h2_z
0.0007943282347242822,1.0000000015204942,0.9999999994346446,14.118994211887184,H1+H2,27464.598737547018,27464.560624355356,-0.03811319166347554,217,231,14.118994211887184,bayes_h1h2_marginal_boundary,measured_graph,0.00011648352976715406,0.03605756696541268,0.0212011257916975,81,h1:h1_z;h2:h2_z
0.001,1.0000000014915922,0.9999999994023777,15.957320930974674,H1+H2,27463.65696506157,27463.641460995812,-0.015504065757907535,217,231,15.957320930974674,bayes_h1h2_marginal_boundary,measured_graph,4.645975844282573e-05,0.03616503171857992,0.021147244768300114,81,h1:h1_z;h2:h2_z
0.0012589254117941675,1.0000000014527293,0.9999999993520374,18.68955803688732,H1+H2,27462.278237382707,27462.275342442856,-0.0028949398523394052,217,231,18.68955803688732,bayes_h1h2_marginal_boundary,measured_graph,1.1851660390673213e-05,0.03631369129183524,0.021094857047513568,81,h1:h1_z;h2:h2_z
0.001584893192461114,1.0000000013993784,0.9999999992747899,22.872239710137364,H1+H2,27460.184287420176,27460.18400160623,-0.0002858139467712683,217,231,22.872239710137364,bayes_h1h2_marginal_boundary,measured_graph,1.463933715910903e-06,0.036517412958287275,0.02105103166372132,81,h1:h1_z;h2:h2_z
0.0019952623149688807,1.000000001327278,0.9999999991667345,29.123029735550517,H1+H2,27457.066283281565,27457.058606593524,-0.007676688041203171,217,231,29.123029735550517,bayes_h1h2_marginal_boundary,measured_graph,6.429535600562471e-08,0.03679095823891829,0.02102398312485805,81,h1:h1_z;h2:h2_z
0.002511886431509582,1.0000000012341475,0.9999999990386989,37.92771886545961,H1+H2,27452.681329590705,27452.65626202857,-0.025067562135635053,217,231,37.92771886545961,bayes_h1h2_marginal_boundary,measured_graph,7.875273646044571e-10,0.037145713873793174,0.021020652874781956,81,h1:h1_z;h2:h2_z
0.0031622776601683794,1.0000000011220418,0.9999999989246342,49.389882891344314,H1+H2,27446.977638451855,27446.925180015627,-0.05245843623006681,217,231,49.389882891344314,bayes_h1h2_marginal_boundary,measured_graph,2.554396790243496e-12,0.03758257984012819,0.021044282089965553,81,h1:h1_z;h2:h2_z
0.003981071705534973,1.0000000009988452,0.9999999988748524,63.05327129740181,H1+H2,27440.18333512292,27440.0934858126,-0.08984931032449865,217,231,63.05327129740181,bayes_h1h2_marginal_boundary,measured_graph,2.7562668727065675e-15,0.038084615535335285,0.02109355620122248,81,h1:h1_z;h2:h2_z
0.005011872336272725,1.0000000008766379,0.9999999989284443,77.94047524952475,H1+H2,27432.787124020957,27432.649883836537,-0.13724018441893068,217,231,77.94047524952475,bayes_h1h2_marginal_boundary,measured_graph,1.6128946512951175e-18,0.03861560354230488,0.02116364972348337,81,h1:h1_z;h2:h2_z
0.006309573444801936,1.0000000007669125,0.9999999990857699,92.85649556396675,H1+H2,27425.386504737828,27425.191873679316,-0.19463105851336257,217,231,92.85649556396675,bayes_h1h2_marginal_boundary,measured_graph,9.303221141456069e-22,0.039129656066393244,0.02124827235037847,81,h1:h1_z;h2:h2_z
0.00794328234724282,1.0000000006759184,0.9999999993083425,106.82057778102171,H1+H2,27418.471854503397,27418.20983257079,-0.26202193260779433,217,231,106.82057778102171,bayes_h1h2_marginal_boundary,measured_graph,8.637169024665067e-25,0.039588403356491095,0.021341759931655147,81,h1:h1_z;h2:h2_z
0.01,1.0000000006033614,0.9999999995427541,119.37504625044676,H1+H2,27412.272011142777,27411.932598336076,-0.3394128067022262,217,231,119.37504625044676,bayes_h1h2_marginal_boundary,measured_graph,1.622569203731118e-27,0.03997448216702929,0.021440623155389773,81,h1:h1_z;h2:h2_z
0.012589254117941675,1.0000000005440963,0.9999999997440369,130.6228535784321,H1+H2,27406.73549835288,27406.308694672083,-0.42680368079665804,217,231,130.6228535784321,bayes_h1h2_marginal_boundary,measured_graph,5.858317440739868e-30,0.040293242848367807,0.021544179498011014,81,h1:h1_z;h2:h2_z
0.01584893192461114,1.0000000004906209,0.9999999998860398,141.04256863612682,H1+H2,27401.623031698127,27401.098837143236,-0.5241945548910899,217,231,141.04256863612682,bayes_h1h2_marginal_boundary,measured_graph,3.2000777082771704e-32,0.04056453783586416,0.021654031513833535,81,h1:h1_z;h2:h2_z
0.01995262314968881,1.000000000434868,0.9999999999638053,151.22185379012808,H1+H2,27396.64077999522,27396.009194566235,-0.6315854289855218,217,231,151.22185379012808,bayes_h1h2_marginal_boundary,measured_graph,1.9713186855388007e-34,0.04081196336659775,0.021772371360116238,81,h1:h1_z;h2:h2_z
0.025118864315095822,1.0000000003699072,0.9999999999926551,161.62764237574447,H1+H2,27391.555276576506,27390.806300273427,-0.7489763030799538,217,231,161.62764237574447,bayes_h1h2_marginal_boundary,measured_graph,1.0843476864143594e-36,0.04105535894406593,0.021899595075326295,81,h1:h1_z;h2:h2_z
0.03162277660168379,1.0000000002929417,0.9999999999981684,172.48424520612025,H1+H2,27386.254366035413,27385.37799885824,-0.8763671771743852,217,231,172.48424520612025,bayes_h1h2_marginal_boundary,measured_graph,4.760879686749467e-39,0.04130813788447666,0.022032535416023024,81,h1:h1_z;h2:h2_z
0.039810717055349734,1.000000000208962,0.9999999999954857,183.7864179695971,H1+H2,27380.740670527768,27379.7269124765,-1.0137580512688171,217,231,183.7864179695971,bayes_h1h2_marginal_boundary,measured_graph,1.6728290976496057e-41,0.04157797109041294,0.022164843296079678,81,h1:h1_z;h2:h2_z
0.05011872336272725,1.0000000001305616,0.9999999999797858,195.40065093039448,H1+H2,27375.080944921465,27373.919795996102,-1.1611489253632492,217,231,195.40065093039448,bayes_h1h2_marginal_boundary,measured_graph,5.028667618989805e-44,0.041868451113043416,0.02228945845529927,81,h1:h1_z;h2:h2_z
0.06309573444801936,1.000000000070519,0.9999999999428951,207.1467907577462,H1+H2,27369.365265881883,27368.046726082426,-1.3185397994576809,217,231,207.1467907577462,bayes_h1h2_marginal_boundary,measured_graph,1.4151780229509679e-46,0.0421799997631706,0.022401063965080754,81,h1:h1_z;h2:h2_z
0.07943282347242822,1.0000000000332072,0.9999999998917133,218.7977262940185,H1+H2,27363.707188987843,27362.22125831429,-1.4859306735521132,217,231,218.7977262940185,bayes_h1h2_marginal_boundary,measured_graph,4.176789316536887e-49,0.04250961653362047,0.022496823579697154,81,h1:h1_z;h2:h2_z
0.1,1.00000000001408,0.9999999998469045,230.0461788231114,H1+H2,27358.26035359739,27356.597032049744,-1.663321547646544,217,231,230.0461788231114,bayes_h1h2_marginal_boundary,measured_graph,1.507551432440009e-51,0.04285054958808825,0.02257586571848762,81,h1:h1_z;h2:h2_z
1e-05,1.0000000252194619,0.999999894077514,23.52954926530947,H1+H2,21910.293175760464,21907.925489176596,-2.3676865838692702,185,176,23.52954926530947,bayes_h1h2_marginal_boundary,measured_graph,1.3868771680927135e-06,0.05492664281169206,0.022514063340993814,83,h1:h1_z;h2:h2_z
1.2589254117941661e-05,1.000000036162931,0.9999997461186371,21.26176403043064,H1+H2,21911.214459251998,21909.059381794035,-2.155077457963703,185,176,21.26176403043064,bayes_h1h2_marginal_boundary,measured_graph,4.3100400457786305e-06,0.05492012944625159,0.02238586741191487,83,h1:h1_z;h2:h2_z
1.584893192461114e-05,1.0000000531939195,0.9999996107835184,18.434285261915647,H1+H2,21912.425589510352,21910.473121178293,-1.952468332058134,185,176,18.434285261915647,bayes_h1h2_marginal_boundary,measured_graph,1.7719869484121984e-05,0.05491083471926531,0.02223816041572441,83,h1:h1_z;h2:h2_z
1.9952623149688786e-05,1.0000000791055277,0.9999996602373264,15.131786107194785,H1+H2,21913.884229961805,21912.124370755653,-1.7598592061525666,185,176,15.131786107194785,bayes_h1h2_marginal_boundary,measured_graph,9.23823697669502e-05,0.05489755702646997,0.02208983352174885,83,h1:h1_z;h2:h2_z
2.5118864315095822e-05,1.0000001168235926,0.999999843086469,11.616136042532162,H1+H2,21915.459445868233,21913.882195787985,-1.5772500802469966,185,176,11.616136042532162,bayes_h1h2_marginal_boundary,measured_graph,0.0005358001244530529,0.05487869785672374,0.02196292182007453,83,h1:h1_z;h2:h2_z
3.1622776601683795e-05,1.0000001671796082,0.9999973897305167,8.258449940149148,H1+H2,21916.965679793517,21915.561038839176,-1.404640954341429,185,176,8.258449940149148,bayes_h1h2_marginal_boundary,measured_graph,0.0028715414081120125,0.05485232440199737,0.021870869056873556,83,h1:h1_z;h2:h2_z
3.9810717055349695e-05,1.0000002235612104,0.9999993888747418,5.3853206928033615,H1+H2,21918.239635291284,21916.99760346285,-1.2420318284358616,185,176,5.3853206928033615,bayes_h1h2_marginal_boundary,measured_graph,0.012078337818922922,0.05481651457727606,0.02181344633980448,83,h1:h1_z;h2:h2_z
5.011872336272725e-05,1.0000002650108122,0.9999998984602353,3.1622336791842827,H1+H2,21919.19856967219,21918.10914696966,-1.089422702530293,185,176,3.1622336791842827,bayes_h1h2_marginal_boundary,measured_graph,0.036706618965326746,0.05477019712916944,0.021782016551125126,83,h1:h1_z;h2:h2_z
6.309573444801929e-05,1.000000259929727,0.9999999867614487,1.5936012028323603,H1+H2,21919.84027678446,21918.893463207834,-0.9468135766247254,185,176,1.5936012028323603,bayes_h1h2_marginal_boundary,measured_graph,0.08042083868720812,0.054714514411222534,0.021766657087114994,83,h1:h1_z;h2:h2_z
7.943282347242822e-05,1.0000001957343954,0.9999999985009527,0.5978386852293625,H1+H2,21920.205548917354,21919.391344466636,-0.8142044507191568,185,176,0.5978386852293625,bayes_h1h2_marginal_boundary,measured_graph,0.13231091757311447,0.05465405488131214,0.021760066019189377,83,h1:h1_z;h2:h2_z
0.0001,1.000000106898695,0.9999999998371814,0.0857259125332348,H1+H2,21920.338996177798,21919.647400852984,-0.6915953248135883,185,176,0.0857259125332348,bayes_h1h2_marginal_boundary,measured_graph,0.17092262614225323,0.05459643852939662,0.021757973947747915,83,h1:h1_z;h2:h2_z
0.00012589254117941674,1.0000000423111093,0.9999999999812558,-0.0,H1+H2,21920.269250008158,21919.69026380925,-0.5789861989080206,185,176,-0.0,bayes_h1h2_marginal_boundary,measured_graph,0.17840815512222133,0.0545492830717333,0.021758248724529125,83,h1:h1_z;h2:h2_z
0.00015848931924611142,1.0000000134834581,0.9999999802534607,0.3120312846658635,H1+H2,21920.01062523992,21919.534248166918,-0.47637707300245236,185,176,0.3120312846658635,bayes_h1h2_marginal_boundary,measured_graph,0.15263634914469013,0.05451637976974978,0.021759986255952605,83,h1:h1_z;h2:h2_z
0.00019952623149688788,1.0000000044357724,0.9999999939119711,0.997348725082702,H1+H2,21919.575357393805,21919.19158944671,-0.38376794709688455,185,176,0.997348725082702,bayes_h1h2_marginal_boundary,measured_graph,0.10835355839658967,0.05449652184884918,0.02176293588528321,83,h1:h1_z;h2:h2_z
0.0002511886431509582,1.0000000020729385,0.999999997715679,2.018301967989828,H1+H2,21918.982271646448,21918.681112825256,-0.30115882119131615,185,176,2.018301967989828,bayes_h1h2_marginal_boundary,measured_graph,0.06503482838320254,0.05448560959565737,0.021767219331159056,83,h1:h1_z;h2:h2_z
0.00031622776601683794,1.0000000016037616,0.999999998953955,3.325627901176631,H1+H2,21918.25599955395,21918.027449858662,-0.22854969528574837,185,176,3.325627901176631,bayes_h1h2_marginal_boundary,measured_graph,0.03382702303309753,0.05447940686860745,0.021773227548169728,83,h1:h1_z;h2:h2_z
0.00039810717055349735,1.000000001839559,0.9999999994305365,4.871146547237004,H1+H2,21917.42063110501,21917.254690535632,-0.16594056938017995,185,176,4.871146547237004,bayes_h1h2_marginal_boundary,measured_graph,0.015619195803753061,0.05447490264706115,0.02178162636831395,83,h1:h1_z;h2:h2_z
0.0005011872336272725,1.000000002601916,0.9999999996454392,6.620342120797432,H1+H2,21916.493424192326,21916.380092748852,-0.11333144347461188,185,176,6.620342120797432,bayes_h1h2_marginal_boundary,measured_graph,0.006513668865428265,0.05447035274097092,0.021793432599217535,83,h1:h1_z;h2:h2_z
0.000630957344480193,1.0000000040567034,0.9999999997566422,8.560805920496932,H1+H2,21915.480583166573,21915.409860849002,-0.07072231756904392,185,176,8.560805920496932,bayes_h1h2_marginal_boundary,measured_graph,0.00246864883702761,0.05446484625960331,0.02181014919374447,83,h1:h1_z;h2:h2_z
0.0007943282347242822,1.0000000066921604,0.9999999998211309,10.70846649712621,H1+H2,21914.37414375235,21914.336030560688,-0.03811319166347554,185,176,10.70846649712621,bayes_h1h2_marginal_boundary,measured_graph,0.0008435304172449942,0.054457915851931854,0.02183395327305408,83,h1:h1_z;h2:h2_z
0.001,1.000000011598685,0.9999999998621056,13.114555750478758,H1+H2,21913.14848999977,21913.13298593401,-0.015504065757907535,185,176,13.114555750478758,bayes_h1h2_marginal_boundary,measured_graph,0.00025329411803821906,0.054449315689546085,0.02186791512942194,83,h1:h1_z;h2:h2_z
0.0012589254117941675,1.0000000211900624,0.9999999998900051,15.873606735418434,H1+H2,21911.756355381392,21911.75346044154,-0.0028949398523394052,185,176,15.873606735418434,bayes_h1h2_marginal_boundary,measured_graph,6.375361210745875e-05,0.05443892630861775,0.021916176952069804,83,h1:h1_z;h2:h2_z
0.001584893192461114,1.0000000409354364,0.9999999999098594,19.12756334515143,H1+H2,21910.12676795062,21910.126482136675,-0.0002858139467712683,185,176,19.12756334515143,bayes_h1h2_marginal_boundary,measured_graph,1.2529019806017137e-05,0.05442670691233076,0.021983922934999844,83,h1:h1_z;h2:h2_z
0.0019952623149688807,1.0000000835092573,0.9999999999241609,23.05486427363212,H1+H2,21908.170508360476,21908.162831672435,-0.007676688041203171,185,176,23.05486427363212,bayes_h1h2_marginal_boundary,measured_graph,1.7583872853518307e-06,0.054412580993156115,0.022076841517605205,83,h1:h1_z;h2:h2_z
0.002511886431509582,1.0000001785724837,0.9999999999341608,27.830108792506508,H1+H2,21905.800276975133,21905.775209412997,-0.025067562135635053,185,176,27.830108792506508,bayes_h1h2_marginal_boundary,measured_graph,1.61504029591217e-07,0.05439603669618072,0.02219971814259282,83,h1:h1_z;h2:h2_z
0.0031622776601683794,1.0000003947795688,0.9999999999405602,33.54529188698507,H1+H2,21902.970076301986,21902.917617865758,-0.05245843623006681,185,176,33.54529188698507,bayes_h1h2_marginal_boundary,measured_graph,9.271438505645696e-09,0.054375011331425395,0.022354025808818394,83,h1:h1_z;h2:h2_z
0.003981071705534973,1.0000008849911028,0.9999999999439146,40.10194877833419,H1+H2,21899.729138730407,21899.639289420084,-0.08984931032449865,185,176,40.10194877833419,bayes_h1h2_marginal_boundary,measured_graph,3.4945170864896966e-10,0.05434337534981105,0.022535095254682776,83,h1:h1_z;h2:h2_z
0.005011872336272725,1.0000019647362828,0.999999999944826,47.11312094762252,H1+H2,21896.27094351986,21896.13370333544,-0.13724018441893068,185,176,47.11312094762252,bayes_h1h2_marginal_boundary,measured_graph,1.0493744259511736e-11,0.05428640654657089,0.022730477055343774,83,h1:h1_z;h2:h2_z
0.006309573444801936,1.0000000714833965,0.999999999943947,53.879248624398315,H1+H2,21892.945270555563,21892.75063949705,-0.19463105851336257,185,176,53.879248624398315,bayes_h1h2_marginal_boundary,measured_graph,3.561922935337458e-13,0.05417495409715598,0.022921681980848686,83,h1:h1_z;h2:h2_z
0.00794328234724282,1.0000001807236627,0.9999999999419131,59.486326197620656,H1+H2,21890.20912264305,21889.94710071044,-0.26202193260779433,185,176,59.486326197620656,bayes_h1h2_marginal_boundary,measured_graph,2.1583560755445168e-14,0.053961143308417725,0.02309022135213717,83,h1:h1_z;h2:h2_z
0.01,1.0000003900547128,0.9999999999393061,62.9835413126857,H1+H2,21888.53790595961,21888.198493152908,-0.3394128067022262,185,176,62.9835413126857,bayes_h1h2_marginal_boundary,measured_graph,3.7558866828487615e-15,0.05358353555137023,0.02322499014971813,83,h1:h1_z;h2:h2_z
0.012589254117941675,1.0000006496543528,0.9999999999364284,63.53724864485412,H1+H2,21888.34844316762,21887.921639486824,-0.42680368079665804,185,176,63.53724864485412,bayes_h1h2_marginal_boundary,measured_graph,2.8475834581219054e-15,0.052987981720881726,0.023325021834498305,83,h1:h1_z;h2:h2_z
0.01584893192461114,1.0000007292617261,0.9999999999326697,60.591909196111374,H1+H2,21889.918503766086,21889.394309211195,-0.5241945548910899,185,176,60.591909196111374,bayes_h1h2_marginal_boundary,measured_graph,1.2417918247605258e-14,0.05216758432585649,0.02339550318111237,83,h1:h1_z;h2:h2_z
0.01995262314968881,1.0000004794524588,0.999999999926387,54.23518004902871,H1+H2,21893.204259213722,21892.572673784736,-0.6315854289855218,185,176,54.23518004902871,bayes_h1h2_marginal_boundary,measured_graph,2.981226631388203e-13,0.05120344770732032,0.023442116000081732,83,h1:h1_z;h2:h2_z
0.025118864315095822,1.0000001689923201,0.9999999999159026,45.64512270648265,H1+H2,21897.61667875909,21896.86770245601,-0.7489763030799538,185,176,45.64512270648265,bayes_h1h2_marginal_boundary,measured_graph,2.186262188443293e-11,0.0502574944205748,0.023468903411216192,83,h1:h1_z;h2:h2_z
0.03162277660168379,1.0000021141703954,0.999999999900533,36.93480302320677,H1+H2,21902.09922947482,21901.222862297647,-0.8763671771743852,185,176,36.93480302320677,bayes_h1h2_marginal_boundary,measured_graph,1.7026450915109365e-09,0.049490929818696267,0.023479425853722806,83,h1:h1_z;h2:h2_z
0.039810717055349734,1.0000004450216102,0.9999999998807877,30.15257046202896,H1+H2,21905.627736629503,21904.613978578236,-1.0137580512688171,185,176,30.15257046202896,bayes_h1h2_marginal_boundary,measured_graph,5.056700348896931e-08,0.048977853789088435,0.02347844461929033,83,h1:h1_z;h2:h2_z
0.05011872336272725,1.000000088202621,0.9999999998580663,26.383034893355216,H1+H2,21907.659895287936,21906.498746362573,-1.1611489253632492,185,176,26.383034893355216,bayes_h1h2_marginal_boundary,measured_graph,3.3297487708869404e-07,0.0486969882047052,0.023472462906317583,83,h1:h1_z;h2:h2_z
0.06309573444801936,1.0000000213853082,0.9999999998341363,25.706894725713937,H1+H2,21908.15535624585,21906.836816446394,-1.3185397994576809,185,176,25.706894725713937,bayes_h1h2_marginal_boundary,measured_graph,4.6691028349238455e-07,0.04858351820072893,0.023468840236834966,83,h1:h1_z;h2:h2_z
0.07943282347242822,1.0000000069751436,0.9999999998101082,27.639520090364385,H1+H2,21907.35643443762,21905.87050376407,-1.4859306735521132,185,176,27.639520090364385,bayes_h1h2_marginal_boundary,measured_graph,1.7765162052796816e-07,0.04857325432829775,0.023474075154895687,83,h1:h1_z;h2:h2_z
0.1,1.0000000029369944,0.9999999997848877,31.481495564235956,H1+H2,21905.61283757478,21903.949516027133,-1.663321547646544,185,176,31.481495564235956,bayes_h1h2_marginal_boundary,measured_graph,2.60192515306744e-08,0.048617741574435554,0.023492287953767253,83,h1:h1_z;h2:h2_z
1e-05,1.0000000000298785,1.0000000667280353,57.374768699213746,H1+H2,12878.002012867726,12875.634326283856,-2.3676865838692702,118,102,57.374768699213746,bayes_h1h2_marginal_boundary,measured_graph,7.313873723792156e-14,0.16620652978218947,0.039473339583904414,84,h1:h1_z;h2:h2_z
1.2589254117941661e-05,1.0000000000413374,1.0000003516799318,56.20770581085162,H1+H2,12878.372935186002,12876.217857728037,-2.155077457963703,118,102,56.20770581085162,bayes_h1h2_marginal_boundary,measured_graph,1.310907185775505e-13,0.16620654830139434,0.039260950913323434,84,h1:h1_z;h2:h2_z
1.584893192461114e-05,1.0000000000569593,1.0000016655299728,54.66868403027547,H1+H2,12878.939836950383,12876.987368618325,-1.952468332058134,118,102,54.66868403027547,bayes_h1h2_marginal_boundary,measured_graph,2.8298686468958777e-13,0.16620652336554903,0.03893959674426511,84,h1:h1_z;h2:h2_z
1.9952623149688786e-05,1.0000000000771752,1.00000664365032,52.56023366827503,H1+H2,12879.801453005479,12878.041593799326,-1.7598592061525666,118,102,52.56023366827503,bayes_h1h2_marginal_boundary,measured_graph,8.121017685555268e-13,0.16620641576004835,0.03846478478252278,84,h1:h1_z;h2:h2_z
2.5118864315095822e-05,1.0000000001021594,1.0000016229085207,49.61003386286029,H1+H2,12881.09394378228,12879.516693702033,-1.5772500802469966,118,102,49.61003386286029,bayes_h1h2_marginal_boundary,measured_graph,3.5500805265564264e-12,0.16620616022962426,0.037793216086947884,84,h1:h1_z;h2:h2_z
3.1622776601683795e-05,1.0000000001325828,1.0000040577062121,45.49219576068572,H1+H2,12882.980253707461,12881.57561275312,-1.404640954341429,118,102,45.49219576068572,bayes_h1h2_marginal_boundary,measured_graph,2.7823732341153008e-11,0.16620565022079808,0.03691255479488982,84,h1:h1_z;h2:h2_z
3.9810717055349695e-05,1.000000000171271,1.0000048771947134,39.938981521947426,H1+H2,12885.594251700926,12884.35221987249,-1.2420318284358616,118,102,39.938981521947426,bayes_h1h2_marginal_boundary,measured_graph,4.469722254495722e-10,0.1662047149106508,0.03589438926437511,84,h1:h1_z;h2:h2_z
5.011872336272725e-05,1.0000000002254759,1.0000023536513,33.01414339975963,H1+H2,12888.904061636114,12887.814638933583,-1.089422702530293,118,102,33.01414339975963,bayes_h1h2_marginal_boundary,measured_graph,1.4255748649074629e-08,0.16620308612468265,0.03491014818368459,84,h1:h1_z;h2:h2_z
6.309573444801929e-05,1.000000000309643,1.0000060648499012,25.368588981866196,H1+H2,12892.584229719156,12891.63741614253,-0.9468135766247254,118,102,25.368588981866196,bayes_h1h2_marginal_boundary,measured_graph,6.51930165643852e-07,0.16620035434167812,0.03413302886253441,84,h1:h1_z;h2:h2_z
7.943282347242822e-05,1.0000000004490186,1.0000008126001336,18.03186330875542,H1+H2,12896.119983429804,12895.305778979086,-0.8142044507191568,118,102,18.03186330875542,bayes_h1h2_marginal_boundary,measured_graph,2.5547641568057254e-05,0.16619591908664988,0.03361853201248433,84,h1:h1_z;h2:h2_z
0.0001,1.0000000006824619,1.0000026939005087,11.842157337450772,H1+H2,12899.092227289551,12898.400631964738,-0.6915953248135883,118,102,11.842157337450772,bayes_h1h2_marginal_boundary,measured_graph,0.0005641939026895079,0.1661889549996057,0.033314440174161776,84,h1:h1_z;h2:h2_z
0.00012589254117941674,1.0000000010550716,1.0000003163071531,7.136892729733518,H1+H2,12901.332250467505,12900.753264268596,-0.5789861989080206,118,102,7.136892729733518,bayes_h1h2_marginal_boundary,measured_graph,0.00593148745053132,0.16617844747064434,0.03314116198785392,84,h1:h1_z;h2:h2_z
0.00015848931924611142,1.0000000015786905,1.000000031603971,3.849289386849705,H1+H2,12902.87344301304,12902.397065940038,-0.47637707300245236,118,102,3.849289386849705,bayes_h1h2_marginal_boundary,measured_graph,0.030694291351073183,0.16616339846560998,0.033036836978123124,84,h1:h1_z;h2:h2_z
0.00019952623149688788,1.0000000021480961,1.00000000290519,1.7300445095752366,H1+H2,12903.840456325772,12903.456688378676,-0.38376794709688455,118,102,1.7300445095752366,bayes_h1h2_marginal_boundary,measured_graph,0.0885616683145566,0.16614332069174484,0.03296546997305429,84,h1:h1_z;h2:h2_z
0.0002511886431509582,1.0000000024932456,1.000000221579122,0.5140807478819625,H1+H2,12904.365829080714,12904.064670259522,-0.30115882119131615,118,102,0.5140807478819625,bayes_h1h2_marginal_boundary,measured_graph,0.16266307016672574,0.1661190060108172,0.03291037468392366,84,h1:h1_z;h2:h2_z
0.00031622776601683794,1.000000002350305,1.000000046336113,-0.0,H1+H2,12904.55026032875,12904.321710633463,-0.22854969528574837,118,102,-0.0,bayes_h1h2_marginal_boundary,measured_graph,0.21033918223309914,0.16609316524428833,0.0328669178603038,84,h1:h1_z;h2:h2_z
0.00039810717055349735,1.0000000017764044,1.0000000105515734,0.06871251826305524,H1+H2,12904.453294943713,12904.287354374332,-0.16594056938017995,118,102,0.06871251826305524,bayes_h1h2_marginal_boundary,measured_graph,0.20323544247412714,0.16607017985304104,0.0328373893533464,84,h1:h1_z;h2:h2_z
0.0005011872336272725,1.0000000011203416,1.0000000027267866,0.6667367310037662,H1+H2,12904.101673711435,12903.988342267961,-0.11333144347461188,118,102,0.6667367310037662,bayes_h1h2_marginal_boundary,measured_graph,0.1507093301433657,0.16605468519117478,0.03282729935018924,84,h1:h1_z;h2:h2_z
0.000630957344480193,1.0000000006440652,1.0000000008257197,1.7702257212768018,H1+H2,12903.507320090393,12903.436597772825,-0.07072231756904392,118,102,1.7702257212768018,bayes_h1h2_marginal_boundary,measured_graph,0.08680016482867864,0.16605000299570247,0.03284171189640836,84,h1:h1_z;h2:h2_z
0.0007943282347242822,1.00000000037462,1.000000000299293,3.3457236616886803,H1+H2,12902.686961994283,12902.648848802619,-0.03811319166347554,118,102,3.3457236616886803,bayes_h1h2_marginal_boundary,measured_graph,0.039482579543277656,0.16605775131990072,0.03288177648727777,84,h1:h1_z;h2:h2_z
0.001,1.0000000002383227,1.0000000001319227,5.330842344541452,H1+H2,12901.67179352695,12901.656289461193,-0.015504065757907535,118,102,5.330842344541452,bayes_h1h2_marginal_boundary,measured_graph,0.014633306665089106,0.16607856190953424,0.03294330448162631,84,h1:h1_z;h2:h2_z
0.0012589254117941675,1.000000000171074,1.0000000000717428,7.645477453326748,H1+H2,12900.501866846653,12900.4989719068,-0.0028949398523394052,118,102,7.645477453326748,bayes_h1h2_marginal_boundary,measured_graph,0.004599661227500257,0.1661128310870877,0.033018456373887964,84,h1:h1_z;h2:h2_z
0.001584893192461114,1.0000000001378366,1.0000000000485045,10.202918060265802,H1+H2,12899.220537417277,12899.22025160333,-0.0002858139467712683,118,102,10.202918060265802,bayes_h1h2_marginal_boundary,measured_graph,0.001280515013259642,0.1661609979756131,0.03309749495360358,84,h1:h1_z;h2:h2_z
0.0019952623149688807,1.0000000001220708,1.0000000000402132,12.879593325706082,H1+H2,12897.889590658651,12897.88191397061,-0.007676688041203171,118,102,12.879593325706082,bayes_h1h2_marginal_boundary,measured_graph,0.0003358551605989217,0.16622368829507855,0.033166410562678696,84,h1:h1_z;h2:h2_z
0.002511886431509582,1.0000000001159999,1.000000000039138,15.474056629282131,H1+H2,12896.609749880958,12896.584682318822,-0.025067562135635053,118,102,15.474056629282131,bayes_h1h2_marginal_boundary,measured_graph,9.17849504369643e-05,0.1663020155744552,0.033203392784485475,84,h1:h1_z;h2:h2_z
0.0031622776601683794,1.0000000001153773,1.0000000000419922,17.750124773763673,H1+H2,12895.499106682812,12895.446648246581,-0.05245843623006681,118,102,17.750124773763673,bayes_h1h2_marginal_boundary,measured_graph,2.9412338799283362e-05,0.16639768193171667,0.03318367149516107,84,h1:h1_z;h2:h2_z
0.003981071705534973,1.0000000001169187,1.0000000000469267,19.581227362068603,H1+H2,12894.620946262754,12894.531096952429,-0.08984931032449865,118,102,19.581227362068603,bayes_h1h2_marginal_boundary,measured_graph,1.1773638173968764e-05,0.16651232217364284,0.03309448220783292,84,h1:h1_z;h2:h2_z
0.005011872336272725,1.0000000001173783,1.000000000052702,21.067503865135222,H1+H2,12893.925198885314,12893.787958700896,-0.13724018441893068,118,102,21.067503865135222,bayes_h1h2_marginal_boundary,measured_graph,5.599765532484338e-06,0.16664613355134889,0.03294699837416514,84,h1:h1_z;h2:h2_z
0.006309573444801936,1.0000000001139613,1.0000000000587144,22.50014609731079,H1+H2,12893.266268643321,12893.071637584808,-0.19463105851336257,118,102,22.50014609731079,bayes_h1h2_marginal_boundary,measured_graph,2.7357445018624382e-06,0.1667964854361177,0.03277242410349189,84,h1:h1_z;h2:h2_z
0.00794328234724282,1.0000000001054445,1.0000000000648899,24.19904416114514,H1+H2,12892.484210485498,12892.22218855289,-0.26202193260779433,118,102,24.19904416114514,bayes_h1h2_marginal_boundary,measured_graph,1.1699424735096134e-06,0.16695742780408768,0.032605378181666075,84,h1:h1_z;h2:h2_z
0.01,1.000000000092631,1.000000000071323,26.347337844035792,H1+H2,12891.487454518148,12891.148041711445,-0.3394128067022262,118,102,26.347337844035792,bayes_h1h2_marginal_boundary,measured_graph,3.9963955053808234e-07,0.1671208832826995,0.03246743306040248,84,h1:h1_z;h2:h2_z
0.012589254117941675,1.0000000000774536,1.0000000000774045,28.91511435357461,H1+H2,12890.290957137473,12889.864153456676,-0.42680368079665804,118,102,28.91511435357461,bayes_h1h2_marginal_boundary,measured_graph,1.1068349837438964e-07,0.16727946413017655,0.032359593443190414,84,h1:h1_z;h2:h2_z
0.01584893192461114,1.0000000000617137,1.0000000000815323,31.689938817246002,H1+H2,12889.000935779732,12888.47674122484,-0.5241945548910899,118,102,31.689938817246002,bayes_h1h2_marginal_boundary,measured_graph,2.7639959416013722e-08,0.16742925939009876,0.03226490274408787,84,h1:h1_z;h2:h2_z
0.01995262314968881,1.0000000000465747,1.0000000000809597,34.377771338309685,H1+H2,12887.764410393294,12887.132824964308,-0.6315854289855218,118,102,34.377771338309685,bayes_h1h2_marginal_boundary,measured_graph,7.209115522539522e-09,0.16757022788738796,0.03215780895016585,84,h1:h1_z;h2:h2_z
0.025118864315095822,1.0000000000328813,1.0000000000730567,36.71177319647177,H1+H2,12886.714800338308,12885.965824035227,-0.7489763030799538,118,102,36.71177319647177,bayes_h1h2_marginal_boundary,measured_graph,2.244191541021497e-09,0.16770364208745908,0.03201476036978062,84,h1:h1_z;h2:h2_z
0.03162277660168379,1.0000000000214315,1.0000000000574405,38.50887410125142,H1+H2,12885.943640760011,12885.067273582838,-0.8763671771743852,118,102,38.50887410125142,bayes_h1h2_marginal_boundary,measured_graph,9.137437467801478e-10,0.16782891117844623,0.0318202127303188,84,h1:h1_z;h2:h2_z
0.039810717055349734,1.0000000000127802,1.0000000000375049,39.64542302134578,H1+H2,12885.51275717406,12884.49899912279,-1.0137580512688171,118,102,39.64542302134578,bayes_h1h2_marginal_boundary,measured_graph,5.176377677189963e-10,0.16794279231475256,0.031564864570988144,84,h1:h1_z;h2:h2_z
0.05011872336272725,1.0000000351303606,1.0000000000190608,39.98113099546754,H1+H2,12885.492294061092,12884.33114513573,-1.1611489253632492,118,102,39.98113099546754,bayes_h1h2_marginal_boundary,measured_graph,4.3765096995820857e-10,0.16804147646431364,0.031239008463222237,84,h1:h1_z;h2:h2_z
0.06309573444801936,1.0000000220678367,1.0000000000066993,39.304252753336186,H1+H2,12885.988124056254,12884.669584256795,-1.3185397994576809,118,102,39.304252753336186,bayes_h1h2_marginal_boundary,measured_graph,6.139176763359151e-10,0.16812309742943587,0.030828537522161602,84,h1:h1_z;h2:h2_z
0.07943282347242822,1.0000000128808886,1.000000000001105,37.347440116536745,H1+H2,12887.133921248747,12885.647990575195,-1.4859306735521132,118,102,37.347440116536745,bayes_h1h2_marginal_boundary,measured_graph,1.6331519854153453e-09,0.16818826106522247,0.030318183446007892,84,h1:h1_z;h2:h2_z
0.1,1.0000000069447907,0.9999999999996465,33.867152913277096,H1+H2,12889.051455724471,12887.388134176825,-1.663321547646544,118,102,33.867152913277096,bayes_h1h2_marginal_boundary,measured_graph,9.305963977977609e-09,0.16823892632457363,0.0296999863293941,84,h1:h1_z;h2:h2_z
1e-05,1.000000866147776,1.000000001689744,21.597135274627362,H1+H2,19152.974871574763,19150.607184990895,-2.3676865838692702,170,177,21.597135274627362,bayes_h1h2_marginal_boundary,measured_graph,4.910642096156653e-06,2.8190485492308563,0.15090376770266153,86,h1:h1_z;h2:h2_z
1.2589254117941661e-05,1.0000009398468452,1.0000000040318096,21.15914291687659,H1+H2,19152.981258627733,19150.82618116977,-2.155077457963703,170,177,21.15914291687659,bayes_h1h2_marginal_boundary,measured_graph,6.11289751172645e-06,2.8190526800972577,0.1508929668668906,86,h1:h1_z;h2:h2_z
1.584893192461114e-05,1.000001013780767,1.0000000102573778,20.733419302450784,H1+H2,19152.991511309043,19151.039042976983,-1.952468332058134,170,177,20.733419302450784,bayes_h1h2_marginal_boundary,measured_graph,7.562960336848668e-06,2.8190574083137783,0.15087586446721724,86,h1:h1_z;h2:h2_z
1.9952623149688786e-05,1.0000010773887065,1.0000000269937424,20.31549443514814,H1+H2,19153.007864616786,19151.248005410635,-1.7598592061525666,170,177,20.31549443514814,bayes_h1h2_marginal_boundary,measured_graph,9.320582494403144e-06,2.819062611450885,0.1508489405310388,86,h1:h1_z;h2:h2_z
2.5118864315095822e-05,1.0000011235884456,1.000000070790008,19.89847546186502,H1+H2,19153.033764977525,19151.456514897276,-1.5772500802469966,170,177,19.89847546186502,bayes_h1h2_marginal_boundary,measured_graph,1.1481472081718947e-05,2.8190679551953592,0.1508068940015496,86,h1:h1_z;h2:h2_z
3.1622776601683795e-05,1.0000011515918104,1.0000001780651842,19.47193594420969,H1+H2,19153.074425610444,19151.669784656104,-1.404640954341429,170,177,19.47193594420969,bayes_h1h2_marginal_boundary,measured_graph,1.42108303075115e-05,2.819072735410504,0.15074199808439276,86,h1:h1_z;h2:h2_z
3.9810717055349695e-05,1.0000011652777236,1.0000004148274646,19.020584294281434,H1+H2,19153.137492309503,19151.895460481068,-1.2420318284358616,170,177,19.020584294281434,bayes_h1h2_marginal_boundary,measured_graph,1.7808577024950316e-05,2.8190756280275564,0.15064358864016827,86,h1:h1_z;h2:h2_z
5.011872336272725e-05,1.0000011697204652,1.000000866251675,18.52311306160118,H1+H2,19153.23361879994,19152.144196097408,-1.089422702530293,170,177,18.52311306160118,bayes_h1h2_marginal_boundary,measured_graph,2.283777156719899e-05,2.8190742833562905,0.15049829205158943,86,h1:h1_z;h2:h2_z
6.309573444801929e-05,1.0000011690009107,1.0000000116719368,17.95227588142734,H1+H2,19153.37642826412,19152.429614687495,-0.9468135766247254,170,177,17.95227588142734,bayes_h1h2_marginal_boundary,measured_graph,3.0381516177153052e-05,2.819064665693523,0.1502923157075761,86,h1:h1_z;h2:h2_z
7.943282347242822e-05,1.0000011658335555,1.0000000224013883,17.278991003382544,H1+H2,19153.580461577236,19152.766257126517,-0.8142044507191568,170,177,17.278991003382544,bayes_h1h2_marginal_boundary,measured_graph,4.2541362673938697e-05,2.819039988373431,0.1500167345734658,86,h1:h1_z;h2:h2_z
0.0001,1.0000011620931624,1.000000030772608,16.482763221676578,H1+H2,19153.855966342184,19153.16437101737,-0.6915953248135883,170,177,16.482763221676578,bayes_h1h2_marginal_boundary,measured_graph,6.334466780865231e-05,2.8189890129614907,0.14967742401045744,86,h1:h1_z;h2:h2_z
0.00012589254117941674,1.0000011595143439,1.000002336689601,15.570960593337077,H1+H2,19154.199258530447,19153.62027233154,-0.5789861989080206,170,177,15.570960593337077,bayes_h1h2_marginal_boundary,measured_graph,9.99322090945655e-05,2.818893356374807,0.1493029143744409,86,h1:h1_z;h2:h2_z
0.00015848931924611142,1.0000011603590693,1.0000014320242407,14.59734319634299,H1+H2,19154.58345810304,19154.107081030037,-0.47637707300245236,170,177,14.59734319634299,bayes_h1h2_marginal_boundary,measured_graph,0.00016260122737981163,2.8187232719397763,0.14894176810466148,86,h1:h1_z;h2:h2_z
0.00019952623149688788,1.0000011681264085,1.0000006336358607,13.662253669899656,H1+H2,19154.958393740355,19154.57462579326,-0.38376794709688455,170,177,13.662253669899656,bayes_h1h2_marginal_boundary,measured_graph,0.0002595230462224175,2.818431142227802,0.1486408866383253,86,h1:h1_z;h2:h2_z
0.0002511886431509582,1.000001188469755,1.0000002186625532,12.877457472131937,H1+H2,19155.268182713335,19154.967023892143,-0.30115882119131615,170,177,12.877457472131937,bayes_h1h2_marginal_boundary,measured_graph,0.0003842308745219089,2.8179416920510816,0.1484233893683757,86,h1:h1_z;h2:h2_z
0.00031622776601683794,1.0000012305177042,1.0000000674767566,12.316077690164093,H1+H2,19155.476263478413,19155.247713783127,-0.22854969528574837,170,177,12.316077690164093,bayes_h1h2_marginal_boundary,measured_graph,0.0005087381777434024,2.8171378831013474,0.1482835690862674,86,h1:h1_z;h2:h2_z
0.00039810717055349735,1.000001308779526,1.0000000219588248,11.983213096180407,H1+H2,19155.580086649497,19155.41414608012,-0.16594056938017995,170,177,11.983213096180407,bayes_h1h2_marginal_boundary,measured_graph,0.0006008623032931102,2.8158420987529866,0.14819994119604452,86,h1:h1_z;h2:h2_z
0.0005011872336272725,1.000001445536195,1.0000000086557181,11.820147726684809,H1+H2,19155.60901020834,19155.495678764866,-0.11333144347461188,170,177,11.820147726684809,bayes_h1h2_marginal_boundary,measured_graph,0.0006519047617851805,2.8137947553356066,0.14814984875254855,86,h1:h1_z;h2:h2_z
0.000630957344480193,1.0000016722184866,1.0000000044004052,11.725335792907572,H1+H2,19155.613807049325,19155.543084731755,-0.07072231756904392,170,177,11.725335792907572,bayes_h1h2_marginal_boundary,measured_graph,0.0006835531722851607,2.8106391097629855,0.14811603198676512,86,h1:h1_z;h2:h2_z
0.0007943282347242822,1.0000020235668239,1.0000000028402112,11.573676040316059,H1+H2,19155.657027799713,19155.61891460805,-0.03811319166347554,170,177,11.573676040316059,bayes_h1h2_marginal_boundary,measured_graph,0.0007374028299696312,2.8059344032672566,0.14808663470508532,86,h1:h1_z;h2:h2_z
0.001,1.0000025086170679,1.000000002205659,11.230699041800108,H1+H2,19155.805907173068,19155.79040310731,-0.015504065757907535,170,177,11.230699041800108,bayes_h1h2_marginal_boundary,measured_graph,0.0008753491390403431,2.799237708334244,0.14805289754590634,86,h1:h1_z;h2:h2_z
0.0012589254117941675,1.0000030421205153,1.0000000019555293,10.57026070766733,H1+H2,19156.123517214226,19156.120622274375,-0.0028949398523394052,170,177,10.57026070766733,bayes_h1h2_marginal_boundary,measured_graph,0.0012178496369684827,2.7902975049644176,0.14800694625107277,86,h1:h1_z;h2:h2_z
0.001584893192461114,1.0000033842535712,1.0000000019098274,9.505662070652761,H1+H2,19156.653207406827,19156.652921592882,-0.0002858139467712683,170,177,9.505662070652761,bayes_h1h2_marginal_boundary,measured_graph,0.002073806960239188,2.779337193149003,0.14794045536740533,86,h1:h1_z;h2:h2_z
0.0019952623149688807,1.0000032549826725,1.0000000020133368,8.031611371363397,H1+H2,19157.397623630568,19157.389946942527,-0.007676688041203171,170,177,8.031611371363397,bayes_h1h2_marginal_boundary,measured_graph,0.00433365535642804,2.7672444310900346,0.1478445688424025,86,h1:h1_z;h2:h2_z
0.002511886431509582,1.0000026341142967,1.0000000022641073,6.251918191737786,H1+H2,19158.304861094475,19158.27979353234,-0.025067562135635053,170,177,6.251918191737786,bayes_h1h2_marginal_boundary,measured_graph,0.010551393841436512,2.7553841340335166,0.14771167286015122,86,h1:h1_z;h2:h2_z
0.0031622776601683794,1.0000018235633095,1.0000000026870137,4.362332109136332,H1+H2,19159.27704500987,19159.22458657364,-0.05245843623006681,170,177,4.362332109136332,bayes_h1h2_marginal_boundary,measured_graph,0.027141149559699037,2.745026669337094,0.1475395380610861,86,h1:h1_z;h2:h2_z
0.003981071705534973,1.0000011326691045,1.0000000033181349,2.5944026461293106,H1+H2,19160.198400615467,19160.108551305144,-0.08984931032449865,170,177,2.5944026461293106,bayes_h1h2_marginal_boundary,measured_graph,0.06569453505037184,2.7368370077288655,0.14733705343608694,86,h1:h1_z;h2:h2_z
0.005011872336272725,1.0000006675841893,1.0000000041940562,1.1638756300744717,H1+H2,19160.96105499759,19160.82381481317,-0.13724018441893068,170,177,1.1638756300744717,bayes_h1h2_marginal_boundary,measured_graph,0.13432728530191923,2.7308000466425635,0.14712849626819394,86,h1:h1_z;h2:h2_z
0.006309573444801936,1.0000003925186647,1.0000000053592568,0.2502360899161431,H1+H2,19161.475265641762,19161.28063458325,-0.19463105851336257,170,177,0.2502360899161431,bayes_h1h2_marginal_boundary,measured_graph,0.21210872983539739,2.72646160110668,0.14695297150862774,86,h1:h1_z;h2:h2_z
0.00794328234724282,1.0000002390532106,1.0000000069073658,-0.0,H1+H2,19161.667774560818,19161.40575262821,-0.26202193260779433,170,177,-0.0,bayes_h1h2_marginal_boundary,measured_graph,0.2403790529554488,2.723203540125632,0.14685986204218773,86,h1:h1_z;h2:h2_z
0.01,1.0000001535650358,1.0000000090462544,0.5458090356987668,H1+H2,19161.47226091706,19161.13284811036,-0.3394128067022262,170,177,0.5458090356987668,bayes_h1h2_marginal_boundary,measured_graph,0.18296823286781488,2.7204518227120777,0.14690533676315704,86,h1:h1_z;h2:h2_z
0.012589254117941675,1.0000001035093014,1.000000012134889,2.0357651623198763,H1+H2,19160.814673727844,19160.38787004705,-0.42680368079665804,170,177,2.0357651623198763,bayes_h1h2_marginal_boundary,measured_graph,0.08686320141191863,2.717819964650298,0.14715195191693803,86,h1:h1_z;h2:h2_z
0.01584893192461114,1.000000071536992,1.0000000165513683,4.646754869587312,H1+H2,19159.606569748306,19159.082375193415,-0.5241945548910899,170,177,4.646754869587312,bayes_h1h2_marginal_boundary,measured_graph,0.023543261177589356,2.7151817486300502,0.14766574682227357,86,h1:h1_z;h2:h2_z
0.01995262314968881,1.0000000491762873,1.0000000220202196,8.545933379529743,H1+H2,19157.76437136743,19157.132785938444,-0.6315854289855218,170,177,8.545933379529743,bayes_h1h2_marginal_boundary,measured_graph,0.003350971738508524,2.712668618296572,0.1485025952292481,86,h1:h1_z;h2:h2_z
0.025118864315095822,1.000000032645564,1.0000000260753978,13.798026753313025,H1+H2,19155.25571555463,19154.506739251552,-0.7489763030799538,170,177,13.798026753313025,bayes_h1h2_marginal_boundary,measured_graph,0.00024248963496738754,2.7106017247492202,0.14968225507740196,86,h1:h1_z;h2:h2_z
0.03162277660168379,1.0000000204217205,1.0000000237404785,20.27175857770635,H1+H2,19152.14624051653,19151.269873339355,-0.8763671771743852,170,177,20.27175857770635,bayes_h1h2_marginal_boundary,measured_graph,9.526649242707027e-06,2.7093818019183282,0.15116051878144082,86,h1:h1_z;h2:h2_z
0.039810717055349734,1.0000000118394938,1.0000000137158638,27.61903240087122,H1+H2,19148.60999447904,19147.596236427773,-1.0137580512688171,170,177,27.61903240087122,bayes_h1h2_marginal_boundary,measured_graph,2.418242982722559e-07,2.7093951652846124,0.15281842043303198,86,h1:h1_z;h2:h2_z
0.05011872336272725,1.000001078100221,1.0000000040176633,35.35220268746343,H1+H2,19144.89080020984,19143.729651284477,-1.1611489253632492,170,177,35.35220268746343,bayes_h1h2_marginal_boundary,measured_graph,5.061314736859667e-09,2.711021657347828,0.15448319661289966,86,h1:h1_z;h2:h2_z
0.06309573444801936,1.000000625319768,1.0000000004562308,42.97773904749192,H1+H2,19141.23542290392,19139.916883104463,-1.3185397994576809,170,177,42.97773904749192,bayes_h1h2_marginal_boundary,measured_graph,1.1178902370352729e-10,2.714771816442599,0.15597641418207348,86,h1:h1_z;h2:h2_z
0.07943282347242822,1.0000003622733573,1.0000000000131068,50.138050345332886,H1+H2,19137.822658129095,19136.336727455542,-1.4859306735521132,170,177,50.138050345332886,bayes_h1h2_marginal_boundary,measured_graph,3.1157120980401004e-12,2.7213814227618474,0.1571670161157805,86,h1:h1_z;h2:h2_z
0.1,1.0000002294913888,1.0000000015330506,56.711848321072466,H1+H2,19134.71315001532,19133.049828467672,-1.663321547646544,170,177,56.711848321072466,bayes_h1h2_marginal_boundary,measured_graph,1.1643276944614937e-13,2.7316768999420002,0.15800698764266305,86,h1:h1_z;h2:h2_z
1e-05,1.0000004419278927,1.0000000473967643,65.70483214037813,H1+H2,17650.101857626512,17647.734171042644,-2.3676865838692702,143,175,65.70483214037813,bayes_h1h2_marginal_boundary,measured_graph,2.521472142957604e-15,3.1592763127435197,0.12939328725999016,87,h1:h1_z;h2:h2_z
1.2589254117941661e-05,1.0000004667657867,1.000000140927031,65.22291371001484,H1+H2,17650.13020771579,17647.975130257826,-2.155077457963703,143,175,65.22291371001484,bayes_h1h2_marginal_boundary,measured_graph,3.2084954812833343e-15,3.1592637133627712,0.12934774076882574,87,h1:h1_z;h2:h2_z
1.584893192461114e-05,1.0000004943815488,1.0000003952752243,64.71696407142736,H1+H2,17650.18057340918,17648.22810507712,-1.952468332058134,143,175,64.71696407142736,bayes_h1h2_marginal_boundary,measured_graph,4.132063624553893e-15,3.1592477577305975,0.12927459090696178,87,h1:h1_z;h2:h2_z
1.9952623149688786e-05,1.0000005212268444,1.0000010090235558,64.16104740160517,H1+H2,17650.265922618182,17648.50606341203,-1.7598592061525666,143,175,64.16104740160517,bayes_h1h2_marginal_boundary,measured_graph,5.4561056483503556e-15,3.159227525348871,0.12916010140994674,87,h1:h1_z;h2:h2_z
2.5118864315095822e-05,1.0000005439266153,1.0000000171507437,63.51770342194504,H1+H2,17650.40498548211,17648.82773540186,-1.5772500802469966,143,175,63.51770342194504,bayes_h1h2_marginal_boundary,measured_graph,7.526328003120095e-15,3.1592018215411186,0.1289867741660411,87,h1:h1_z;h2:h2_z
3.1622776601683795e-05,1.0000005608599147,1.0000000451829536,62.73743689592084,H1+H2,17650.622509619214,17649.217868664873,-1.404640954341429,143,175,62.73743689592084,bayes_h1h2_marginal_boundary,measured_graph,1.1117723391660777e-14,3.1591690841141853,0.1287354231307172,87,h1:h1_z;h2:h2_z
3.9810717055349695e-05,1.000000572420588,1.00000009027076,61.76322162343422,H1+H2,17650.94700812955,17649.704976301116,-1.2420318284358616,143,175,61.76322162343422,bayes_h1h2_marginal_boundary,measured_graph,1.809522648068177e-14,3.159127257089518,0.12839294986352381,87,h1:h1_z;h2:h2_z
5.011872336272725e-05,1.0000005800814615,1.0000001255243476,60.5475775831801,H1+H2,17651.402221023774,17650.312798321243,-1.089422702530293,143,175,60.5475775831801,bayes_h1h2_marginal_boundary,measured_graph,3.3230568600081555e-14,3.1590736155720966,0.12796482888259478,87,h1:h1_z;h2:h2_z
6.309573444801929e-05,1.0000005853915517,1.000000110816027,59.085135414970864,H1+H2,17651.990832981974,17651.044019405348,-0.9468135766247254,143,175,59.085135414970864,bayes_h1h2_marginal_boundary,measured_graph,6.904036112130937e-14,3.1590045163822786,0.12748752808556457,87,h1:h1_z;h2:h2_z
7.943282347242822e-05,1.0000005895310011,1.000000057858399,57.44989522667311,H1+H2,17652.675843950215,17651.861639499497,-0.8142044507191568,143,175,57.44989522667311,bayes_h1h2_marginal_boundary,measured_graph,1.5638350745882028e-13,3.1589150380279665,0.12702536193952532,87,h1:h1_z;h2:h2_z
0.0001,1.0000005933091367,1.0000014733155835,55.803273826306395,H1+H2,17653.376545524494,17652.68495019968,-0.6915953248135883,143,175,55.803273826306395,bayes_h1h2_marginal_boundary,measured_graph,3.562462024382739e-13,3.1587984569599246,0.12664285667261996,87,h1:h1_z;h2:h2_z
0.00012589254117941674,1.0000005973191524,1.0000004041656154,54.34436802883283,H1+H2,17653.993389297324,17653.414403098417,-0.5789861989080206,143,175,54.34436802883283,bayes_h1h2_marginal_boundary,measured_graph,7.388352579401065e-13,3.1586454809655944,0.12637266143406944,87,h1:h1_z;h2:h2_z
0.00015848931924611142,1.0000006020974137,1.0000000858393263,53.23001074673084,H1+H2,17654.44795881247,17653.971581739468,-0.47637707300245236,143,175,53.23001074673084,bayes_h1h2_marginal_boundary,measured_graph,1.2898144005879572e-12,3.1584431225584075,0.1262073973858957,87,h1:h1_z;h2:h2_z
0.00019952623149688788,1.000000608257398,1.0000000160944607,52.524385554512264,H1+H2,17654.708162282674,17654.324394335577,-0.38376794709688455,143,175,52.524385554512264,bayes_h1h2_marginal_boundary,measured_graph,1.83548899559345e-12,3.1581730441228286,0.1261184181475649,87,h1:h1_z;h2:h2_z
0.0002511886431509582,1.0000006166155873,1.0000000031014948,52.20507904233091,H1+H2,17654.78520641286,17654.484047591668,-0.30115882119131615,143,175,52.20507904233091,bayes_h1h2_marginal_boundary,measured_graph,2.1532195446949992e-12,3.15780914649365,0.12607579590886403,87,h1:h1_z;h2:h2_z
0.00031622776601683794,1.0000006283333627,1.0000000007123766,52.19859479080333,H1+H2,17654.71583941272,17654.487289717432,-0.22854969528574837,143,175,52.19859479080333,bayes_h1h2_marginal_boundary,measured_graph,2.1602118821497336e-12,3.157314125292171,0.12605731270972836,87,h1:h1_z;h2:h2_z
0.00039810717055349735,1.0000006450894021,1.0000000002169807,52.41260772240639,H1+H2,17654.54622382101,17654.38028325163,-0.16594056938017995,143,175,52.41260772240639,bayes_h1h2_marginal_boundary,measured_graph,1.940993285092313e-12,3.1566347527572534,0.12604830132417524,87,h1:h1_z;h2:h2_z
0.0005011872336272725,1.0000006692685657,1.0000000000906186,52.7516103769085,H1+H2,17654.324113367853,17654.21078192438,-0.11333144347461188,143,175,52.7516103769085,bayes_h1h2_marginal_boundary,measured_graph,1.6383645479592296e-12,3.1556959312382546,0.12603817154604616,87,h1:h1_z;h2:h2_z
0.000630957344480193,1.0000007040755443,1.0000000000501261,53.11747984012618,H1+H2,17654.09856951034,17654.02784719277,-0.07072231756904392,143,175,53.11747984012618,bayes_h1h2_marginal_boundary,measured_graph,1.3644668766806482e-12,3.1543944892095297,0.12601672456544286,87,h1:h1_z;h2:h2_z
0.0007943282347242822,1.0000007532882027,1.0000000000344262,53.40032541616529,H1+H2,17653.924537596413,17653.88642440475,-0.03811319166347554,143,175,53.40032541616529,bayes_h1h2_marginal_boundary,measured_graph,1.184523990129161e-12,3.1525959247981588,0.12597082625944958,87,h1:h1_z;h2:h2_z
0.001,1.0000008199788142,1.0000000000276617,53.46386090335727,H1+H2,17653.870160726914,17653.854656661155,-0.015504065757907535,143,175,53.46386090335727,bayes_h1h2_marginal_boundary,measured_graph,1.1474857610402786e-12,3.150141553813375,0.12588105210513234,87,h1:h1_z;h2:h2_z
0.0012589254117941675,1.0000009031030954,1.000000000024986,53.12864084847388,H1+H2,17654.025161628448,17654.022266688597,-0.0028949398523394052,143,175,53.12864084847388,bayes_h1h2_marginal_boundary,measured_graph,1.356873670245996e-12,3.146878980510491,0.125717914968162,87,h1:h1_z;h2:h2_z
0.001584893192461114,1.0000009915534802,1.0000000000249842,52.15791683086718,H1+H2,17654.507914511345,17654.5076286974,-0.0002858139467712683,143,175,52.15791683086718,bayes_h1h2_marginal_boundary,measured_graph,2.2045982449055153e-12,3.1427291236493717,0.12543786097235754,87,h1:h1_z;h2:h2_z
0.0019952623149688807,1.0000010596528375,1.000000000027984,50.25500390839443,H1+H2,17655.466761846677,17655.459085158636,-0.007676688041203171,143,175,50.25500390839443,bayes_h1h2_marginal_boundary,measured_graph,5.7087595117012744e-12,3.13778314999914,0.12498052500058135,87,h1:h1_z;h2:h2_z
0.002511886431509582,1.0000010745098733,1.0000000000367608,47.087165210643434,H1+H2,17657.068072069647,17657.04300450751,-0.025067562135635053,143,175,47.087165210643434,bayes_h1h2_marginal_boundary,measured_graph,2.78246161120136e-11,3.1323742140442326,0.12427105716216924,87,h1:h1_z;h2:h2_z
0.0031622776601683794,1.0000010184994856,1.0000000000607494,42.3564950841901,H1+H2,17659.460798006967,17659.40833957074,-0.05245843623006681,143,175,42.3564950841901,bayes_h1h2_marginal_boundary,measured_graph,2.962655450394393e-10,3.1270359367610823,0.12323394408645925,87,h1:h1_z;h2:h2_z
0.003981071705534973,1.000000904571011,1.0000000001316158,35.9338747105794,H1+H2,17662.709499067867,17662.619649757544,-0.08984931032449865,143,175,35.9338747105794,bayes_h1h2_marginal_boundary,measured_graph,7.350814119163693e-09,3.122330011969252,0.12182396799836162,87,h1:h1_z;h2:h2_z
0.005011872336272725,1.0000007640186852,1.000000000352926,28.036306075780885,H1+H2,17666.705674259363,17666.568434074943,-0.13724018441893068,143,175,28.036306075780885,bayes_h1h2_marginal_boundary,measured_graph,3.8130340202663147e-07,3.1186620664829316,0.12006941485685588,87,h1:h1_z;h2:h2_z
0.006309573444801936,1.0000006251707496,1.0000000010132986,19.355222253201646,H1+H2,17671.103607044744,17670.908975986233,-0.19463105851336257,143,175,19.355222253201646,bayes_h1h2_marginal_boundary,measured_graph,2.926470028598144e-05,3.1162081114247475,0.11810326665614491,87,h1:h1_z;h2:h2_z
0.00794328234724282,1.000000505719609,1.0000000027043923,11.009273675786972,H1+H2,17675.34397220755,17675.08195027494,-0.26202193260779433,143,175,11.009273675786972,bayes_h1h2_marginal_boundary,measured_graph,0.0018995196359724198,3.1149360643623316,0.11615149845978202,87,h1:h1_z;h2:h2_z
0.01,1.000000414106565,1.00000000622876,4.296668406837853,H1+H2,17678.777665716116,17678.438252909415,-0.3394128067022262,143,175,4.296668406837853,bayes_h1h2_marginal_boundary,measured_graph,0.05448381393333232,3.114662929075818,0.11447564227238342,87,h1:h1_z;h2:h2_z
0.012589254117941675,1.0000003508947333,1.0000000122755393,0.3741379983330262,H1+H2,17680.826321794462,17680.399518113667,-0.42680368079665804,143,175,0.3741379983330262,bayes_h1h2_marginal_boundary,measured_graph,0.3872881035819826,3.115165344023819,0.11330353559639054,87,h1:h1_z;h2:h2_z
0.01584893192461114,1.0000003106308473,1.000000021321581,-0.0,H1+H2,17681.110781667725,17680.586587112834,-0.5241945548910899,143,175,-0.0,bayes_h1h2_marginal_boundary,measured_graph,0.46695732340825263,3.116355484880229,0.11278025862235604,87,h1:h1_z;h2:h2_z
0.01995262314968881,1.0000002850648972,1.0000000341188449,3.3766890639817575,H1+H2,17679.52982800983,17678.898242580843,-0.6315854289855218,143,175,3.3766890639817575,bayes_h1h2_marginal_boundary,measured_graph,0.08630550083789278,3.118412627662838,0.11294284841229293,87,h1:h1_z;h2:h2_z
0.025118864315095822,1.0000002657584792,1.0000000526851707,10.092409867102106,H1+H2,17676.28935848236,17675.540382179282,-0.7489763030799538,143,175,10.092409867102106,bayes_h1h2_marginal_boundary,measured_graph,0.003004264968917143,3.121721197242102,0.11371303809218876,87,h1:h1_z;h2:h2_z
0.03162277660168379,1.000000245487945,1.000000081844777,19.199658976889623,H1+H2,17671.863124801563,17670.98675762439,-0.8763671771743852,143,175,19.199658976889623,bayes_h1h2_marginal_boundary,measured_graph,3.163182264105526e-05,3.1266055586158235,0.1149124831069136,87,h1:h1_z;h2:h2_z
0.039810717055349734,1.0000002196012656,1.0000001324790317,29.461412567077787,H1+H2,17666.869638880562,17665.855880829295,-1.0137580512688171,143,175,29.461412567077787,bayes_h1h2_marginal_boundary,measured_graph,1.8698756986847313e-07,3.133042011095443,0.1163069035276042,87,h1:h1_z;h2:h2_z
0.05011872336272725,1.0000001874570457,1.0000002308289657,39.71524542788393,H1+H2,17661.890113324254,17660.72896439889,-1.1611489253632492,143,175,39.71524542788393,bayes_h1h2_marginal_boundary,measured_graph,1.1097399548310618e-09,3.140576018920467,0.11767258730212223,87,h1:h1_z;h2:h2_z
0.06309573444801936,1.000000152422955,1.0000004486534912,49.21873732153472,H1+H2,17657.295758251523,17655.977218452066,-1.3185397994576809,143,175,49.21873732153472,bayes_h1h2_marginal_boundary,measured_graph,9.584383403457907e-12,3.1484990173595278,0.1188621894126518,87,h1:h1_z;h2:h2_z
0.07943282347242822,1.0000001197196362,1.000001009431602,57.826676398995914,H1+H2,17653.159179586888,17651.673248913336,-1.4859306735521132,143,175,57.826676398995914,bayes_h1h2_marginal_boundary,measured_graph,1.2953107132332144e-13,3.1561345945736754,0.11984085612035028,87,h1:h1_z;h2:h2_z
0.1,1.0000000935747781,1.0000026940461166,65.94716549290024,H1+H2,17649.27632591403,17647.613004366383,-1.663321547646544,143,175,65.94716549290024,bayes_h1h2_marginal_boundary,measured_graph,2.2337376047662896e-15,3.1630750182348546,0.12068045390652601,87,h1:h1_z;h2:h2_z
