D,chi2_h1_red,delta_chi2,log_likelihood,log_posterior,log_prior,neg2_delta_logpost,objective,observation_source,posterior_prob,sigma_h1_nL_s,tile_id,weight_mode
1e-05,1.0000002645696808,28.566401850002876,11011.576407494425,11009.208720910556,-2.3676865838692702,28.566401850002876,bayes_h1_marginal_boundary,measured_graph,1.0446038975273101e-07,0.058310267097760556,1,h1_z
1.2589254117941661e-05,1.0000000033054135,27.950229086054605,11011.671884750494,11009.51680729253,-2.155077457963703,27.950229086054605,bayes_h1_marginal_boundary,measured_graph,1.4215163444977008e-07,0.05826749458078234,1,h1_z
1.584893192461114e-05,1.0000000144763281,27.244660145759553,11011.822060094735,11009.869591762677,-1.952468332058134,27.244660145759553,bayes_h1_marginal_boundary,measured_graph,2.022852451945645e-07,0.05820127266630386,1,h1_z
1.9952623149688786e-05,1.0000000553526427,26.391830510150612,11012.055865786635,11010.296006580482,-1.7598592061525666,26.391830510150612,bayes_h1_marginal_boundary,measured_graph,3.0985164674514396e-07,0.05810039587376275,1,h1_z
2.5118864315095822e-05,1.0000001786021198,25.30941030060785,11012.4144667655,11010.837216685253,-1.5772500802469966,25.30941030060785,bayes_h1_marginal_boundary,measured_graph,5.323513633806925e-07,0.057950482206683585,1,h1_z
3.1622776601683795e-05,1.0000004641684679,23.888593918043625,11012.952265830876,11011.547624876535,-1.404640954341429,23.888593918043625,bayes_h1_marginal_boundary,measured_graph,1.0832400985771617e-06,0.05773602067802576,1,h1_z
3.9810717055349695e-05,1.0000009075775398,22.004058535483637,11013.731924396252,11012.489892567815,-1.2420318284358616,22.004058535483637,bayes_h1_marginal_boundary,measured_graph,2.7793701364182904e-06,0.05744645347356819,1,h1_z
5.011872336272725e-05,1.0000012168184198,19.549586569813982,11014.806551253181,11013.71712855065,-1.089422702530293,19.549586569813982,bayes_h1_marginal_boundary,measured_graph,9.482616831302028e-06,0.057087266639454286,1,h1_z
6.309573444801929e-05,1.000001007049014,16.508737208099774,11016.184366808133,11015.237553231507,-0.9468135766247254,16.508737208099774,bayes_h1_marginal_boundary,measured_graph,4.3375076245638266e-05,0.05669089816818636,1,h1_z
7.943282347242822e-05,1.0000004715079551,13.036248602358683,11017.788001985096,11016.973797534378,-0.8142044507191568,13.036248602358683,bayes_h1_marginal_boundary,measured_graph,0.0002461963280061309,0.056313260610244824,1,h1_z
0.0001,1.0000001206850235,9.4722965957626,11019.44736886249,11018.755773537676,-0.6915953248135883,9.4722965957626,bayes_h1_marginal_boundary,measured_graph,0.0014627965126646047,0.05600783655032205,1,h1_z
0.00012589254117941674,1.0000013860725046,6.22931672429695,11020.956249672317,11020.377263473409,-0.5789861989080206,6.22931672429695,bayes_h1_marginal_boundary,measured_graph,0.007402664174581428,0.05579746383182371,1,h1_z
0.00015848931924611142,1.0000002199751692,3.620636452058534,11022.15798068253,11021.681603609528,-0.47637707300245236,3.620636452058534,bayes_h1_marginal_boundary,measured_graph,0.027280716440947258,0.05567156889708741,1,h1_z
0.00019952623149688788,1.0000000265284505,1.7694425008521648,11022.990968532227,11022.607200585131,-0.38376794709688455,1.7694425008521648,bayes_h1_marginal_boundary,measured_graph,0.06883945612404045,0.055603967572152586,1,h1_z
0.0002511886431509582,1.0000000026232316,0.6347285128977092,11023.4757164003,11023.174557579108,-0.30115882119131615,0.6347285128977092,bayes_h1_marginal_boundary,measured_graph,0.12140524290374499,0.05557027581442678,1,h1_z
0.00031622776601683794,1.000000000226979,0.0915714662623941,11023.674685797712,11023.446136102426,-0.22854969528574837,0.0915714662623941,bayes_h1_marginal_boundary,measured_graph,0.15928779348560107,0.05555421887891183,1,h1_z
0.00039810717055349735,1.0000000553677937,-0.0,11023.657862404938,11023.491921835557,-0.16594056938017995,-0.0,bayes_h1_marginal_boundary,measured_graph,0.1667504396139444,0.05554699637318949,1,h1_z
0.0005011872336272725,1.0000000099296955,0.24234342506315443,11023.4840815665,11023.370750123026,-0.11333144347461188,0.24234342506315443,bayes_h1_marginal_boundary,measured_graph,0.14772118451851607,0.055544760962443394,1,h1_z
0.000630957344480193,1.0000000017780186,0.7365126838558353,11023.194387811198,11023.12366549363,-0.07072231756904392,0.7365126838558353,bayes_h1_marginal_boundary,measured_graph,0.11538126346419438,0.05554662946806105,1,h1_z
0.0007943282347242822,1.0000000003258387,1.4379023438232252,11022.81108385531,11022.772970663646,-0.03811319166347554,1.4379023438232252,bayes_h1_marginal_boundary,measured_graph,0.0812513266637788,0.05555372252161015,1,h1_z
0.001,1.0000000000630551,2.3390465378215595,11022.337902632404,11022.322398566646,-0.015504065757907535,2.3390465378215595,bayes_h1_marginal_boundary,measured_graph,0.051778502436538885,0.05556899079103349,1,h1_z
0.0012589254117941675,1.0000000000135563,3.471747470655828,11021.758943040082,11021.75604810023,-0.0028949398523394052,3.471747470655828,bayes_h1_marginal_boundary,measured_graph,0.02938912141080926,0.055597630492005896,1,h1_z
0.001584893192461114,1.0000000000034457,4.913568254523852,11021.035423522242,11021.035137708295,-0.0002858139467712683,4.913568254523852,bayes_h1_marginal_boundary,measured_graph,0.014292203715827498,0.05564795128186961,1,h1_z
0.0019952623149688807,1.000000000001144,6.798278160182235,11020.100459443507,11020.092782755466,-0.007676688041203171,6.798278160182235,bayes_h1_marginal_boundary,measured_graph,0.005569800525871684,0.05573257037283162,1,h1_z
0.002511886431509582,1.000000000000514,9.326581080928008,11018.853698857229,11018.828631295093,-0.025067562135635053,9.326581080928008,bayes_h1_marginal_boundary,measured_graph,0.001573351064529209,0.05586963006756566,1,h1_z
0.0031622776601683794,1.0000000000003162,12.76827658187176,11017.160241980851,11017.107783544621,-0.05245843623006681,12.76827658187176,bayes_h1_marginal_boundary,measured_graph,0.0002814951755885688,0.05608334333845573,1,h1_z
0.003981071705534973,1.000000000000264,17.442100871056027,11014.860720710354,11014.77087140003,-0.08984931032449865,17.442100871056027,bayes_h1_marginal_boundary,measured_graph,2.719962440622288e-05,0.05640275602784653,1,h1_z
0.005011872336272725,1.0000000000002724,23.66366598694367,11011.797329026504,11011.660088842085,-0.13724018441893068,23.66366598694367,bayes_h1_marginal_boundary,measured_graph,1.212180260857133e-06,0.056857885844589354,1,h1_z
0.006309573444801936,1.0000000000002864,31.67492392845088,11007.849090929845,11007.654459871332,-0.19463105851336257,31.67492392845088,bayes_h1_marginal_boundary,measured_graph,2.2077233405547763e-08,0.057474185277993285,1,h1_z
0.00794328234724282,1.0000000000003368,41.59397312796864,11002.95695720418,11002.694935271573,-0.26202193260779433,41.59397312796864,bayes_h1_marginal_boundary,measured_graph,1.5489966645372604e-10,0.0582683287313729,1,h1_z
0.01,1.0000000000004265,53.39935353280816,10997.131657875856,10996.792245069153,-0.3394128067022262,53.39935353280816,bayes_h1_marginal_boundary,measured_graph,4.2319906478748505e-13,0.05924629575153427,1,h1_z
0.012589254117941675,1.0000000000005393,66.89099276718116,10990.473229132764,10990.046425451967,-0.42680368079665804,66.89099276718116,bayes_h1_marginal_boundary,measured_graph,4.975909393104047e-16,0.060398494092154344,1,h1_z
0.01584893192461114,1.0000000000006923,81.58183971405742,10983.22519653342,10982.701001978528,-0.5241945548910899,81.58183971405742,bayes_h1_marginal_boundary,measured_graph,3.2121482563304057e-19,0.061687370031334114,1,h1_z
0.01995262314968881,1.0000000000008564,96.62387600960938,10975.811569259738,10975.179983830752,-0.6315854289855218,96.62387600960938,bayes_h1_marginal_boundary,measured_graph,1.7396380654713849e-22,0.0630367298951716,1,h1_z
0.025118864315095822,1.000000000000993,110.9427358391622,10968.769530219057,10968.020553915976,-0.7489763030799538,110.9427358391622,bayes_h1_marginal_boundary,measured_graph,1.3525645370336218e-25,0.06434087545353935,1,h1_z
0.03162277660168379,1.0000000000010776,123.5747317813366,10962.580923122063,10961.704555944889,-0.8763671771743852,123.5747317813366,bayes_h1_marginal_boundary,measured_graph,2.444302375796022e-28,0.06549687017775757,1,h1_z
0.039810717055349734,1.0000000000010958,133.98381398510173,10957.513772894275,10956.500014843006,-1.0137580512688171,133.98381398510173,bayes_h1_marginal_boundary,measured_graph,1.3423057436262757e-30,0.0664399393903671,1,h1_z
0.05011872336272725,1.0000000000010816,142.16181566795785,10953.572162926941,10952.411014001578,-1.1611489253632492,142.16181566795785,bayes_h1_marginal_boundary,measured_graph,2.2491630832167278e-32,0.06715925896838358,1,h1_z
0.06309573444801936,1.0000000000010179,148.5084765856118,10950.55622334221,10949.237683542751,-1.3185397994576809,148.5084765856118,bayes_h1_marginal_boundary,measured_graph,9.415882688757436e-34,0.06768934944751995,1,h1_z
0.07943282347242822,1.0000000000009501,153.6165975448348,10948.169553736692,10946.68362306314,-1.4859306735521132,153.6165975448348,bayes_h1_marginal_boundary,measured_graph,7.322285635705833e-35,0.06808857099772425,1,h1_z
0.1,1.0000000000008822,158.08926686751147,10946.110609949448,10944.447288401801,-1.663321547646544,158.08926686751147,bayes_h1_marginal_boundary,measured_graph,7.823820233717949e-36,0.06841926334522218,1,h1_z
1e-05,1.000000268080982,132.9797541818989,18320.80509307069,18318.43740648682,-2.3676865838692702,132.9797541818989,bayes_h1_marginal_boundary,measured_graph,1.8469366427990905e-30,0.059555827231336,2,h1_z
1.2589254117941661e-05,1.000001111421687,130.68257376091788,18321.741074155274,18319.58599669731,-2.155077457963703,130.68257376091788,bayes_h1_marginal_boundary,measured_graph,5.824764726627613e-30,0.05934538065557881,2,h1_z
1.584893192461114e-05,1.0000039509945167,127.38931133015285,18323.185096244753,18321.232627912694,-1.952468332058134,127.38931133015285,bayes_h1_marginal_boundary,measured_graph,3.022743101106296e-29,0.059026841068338866,2,h1_z
1.9952623149688786e-05,1.0000004570829442,122.61189300661499,18325.381196280614,18323.621337074463,-1.7598592061525666,122.61189300661499,bayes_h1_marginal_boundary,measured_graph,3.2946132937053336e-28,0.05855819224661915,2,h1_z
2.5118864315095822e-05,1.0000014037581701,115.72721544672095,18328.64092593466,18327.06367585441,-1.5772500802469966,115.72721544672095,bayes_h1_marginal_boundary,measured_graph,1.0298955542713643e-26,0.05789907666744909,2,h1_z
3.1622776601683795e-05,1.0000027692360043,106.08172602573904,18333.29106151924,18331.8864205649,-1.404640954341429,106.08172602573904,bayes_h1_marginal_boundary,measured_graph,1.2802199741651159e-24,0.057038713501942666,2,h1_z
3.9810717055349695e-05,1.0000029810754414,93.29957817686227,18339.519526317774,18338.27749448934,-1.2420318284358616,93.29957817686227,bayes_h1_marginal_boundary,measured_graph,7.636471541907317e-22,0.05603697444589473,2,h1_z
5.011872336272725e-05,1.0000015015141834,77.7782053594783,18347.127603600562,18346.03818089803,-1.089422702530293,77.7782053594783,bayes_h1_marginal_boundary,measured_graph,1.7919092887400733e-18,0.05504064659490239,2,h1_z
6.309573444801929e-05,1.0000062353032824,60.97257017799711,18355.387812065397,18354.44099848877,-0.9468135766247254,60.97257017799711,bayes_h1_marginal_boundary,measured_graph,7.991224522404732e-15,0.054216307071979615,2,h1_z
7.943282347242822e-05,1.0000009551072633,44.917555598163744,18363.282710229407,18362.46850577869,-0.8142044507191568,44.917555598163744,bayes_h1_marginal_boundary,measured_graph,2.448586508716532e-11,0.053646411509864926,2,h1_z
0.0001,1.0000000871277432,31.263793063146295,18369.98698237101,18369.295387046197,-0.6915953248135883,31.263793063146295,bayes_h1_marginal_boundary,measured_graph,2.258355540258983e-08,0.05330615690735514,2,h1_z
0.00012589254117941674,1.0000005434157366,20.718307943141554,18375.147115805106,18374.5681296062,-0.5789861989080206,20.718307943141554,bayes_h1_marginal_boundary,measured_graph,4.402661680380404e-06,0.053123085748554115,2,h1_z
0.00015848931924611142,1.000000053114906,13.164029254709021,18378.821646023418,18378.345268950416,-0.47637707300245236,13.164029254709021,bayes_h1_marginal_boundary,measured_graph,0.00019235615537668865,0.053029542857714586,2,h1_z
0.00019952623149688788,1.000000004483423,8.059245362594083,18381.28142884357,18380.897660896473,-0.38376794709688455,8.059245362594083,bayes_h1_marginal_boundary,measured_graph,0.002469424917677263,0.05298043048500783,2,h1_z
0.0002511886431509582,1.0000000003415368,4.767659714270849,18382.844612541827,18382.543453720635,-0.30115882119131615,4.767659714270849,bayes_h1_marginal_boundary,measured_graph,0.012804262468482786,0.05295064456773427,2,h1_z
0.00031622776601683794,1.0000000677394096,2.728766814652772,18383.79144986573,18383.562900170444,-0.22854969528574837,2.728766814652772,bayes_h1_marginal_boundary,measured_graph,0.035489063218055644,0.05292751706499803,2,h1_z
0.00039810717055349735,1.0000000113646472,1.5101491236418951,18384.33814958533,18384.17220901595,-0.16594056938017995,1.5101491236418951,bayes_h1_marginal_boundary,measured_graph,0.0652700589720698,0.05290493218992824,2,h1_z
0.0005011872336272725,1.0000000018786368,0.8021702301484765,18384.63952990617,18384.526198462696,-0.11333144347461188,0.8021702301484765,bayes_h1_marginal_boundary,measured_graph,0.09299287365977628,0.05287991029327408,2,h1_z
0.000630957344480193,1.0000000003078895,0.3947855706574046,18384.800613110012,18384.72989079244,-0.07072231756904392,0.3947855706574046,bayes_h1_marginal_boundary,measured_graph,0.11400190886094178,0.052851011646467036,2,h1_z
0.0007943282347242822,1.000000000050684,0.15626221533602802,18384.887265661764,18384.849152470102,-0.03811319166347554,0.15626221533602802,bayes_h1_marginal_boundary,measured_graph,0.12844192675418295,0.052817786805362706,2,h1_z
0.001,1.00000000000869,0.02230145079374779,18384.931636918132,18384.916132852373,-0.015504065757907535,0.02230145079374779,bayes_h1_marginal_boundary,measured_graph,0.13733967716730452,0.05278092299218403,2,h1_z
0.0012589254117941675,1.0000000000018439,-0.0,18384.93017851762,18384.92728357777,-0.0028949398523394052,-0.0,bayes_h1_marginal_boundary,measured_graph,0.13887968433517345,0.05274299727587078,2,h1_z
0.001584893192461114,1.0000000000006395,0.18994404076511273,18384.832597371333,18384.832311557388,-0.0002858139467712683,0.18994404076511273,bayes_h1_marginal_boundary,measured_graph,0.1262969597730812,0.052709926796237885,2,h1_z
0.0019952623149688807,1.0000000000005054,0.8266710438983864,18384.521624743862,18384.51394805582,-0.007676688041203171,0.8266710438983864,bayes_h1_marginal_boundary,measured_graph,0.09186062254930785,0.052693155293289405,2,h1_z
0.002511886431509582,1.0000000000006002,2.3259264073421946,18383.789387936235,18383.7643203741,-0.025067562135635053,2.3259264073421946,bayes_h1_marginal_boundary,measured_graph,0.043408044206276745,0.052712109920296894,2,h1_z
0.0031622776601683794,1.0000000000009515,5.301743705407716,18382.328870161295,18382.276411725066,-0.05245843623006681,5.301743705407716,bayes_h1_marginal_boundary,measured_graph,0.009803467261266812,0.05279531513710584,2,h1_z
0.003981071705534973,1.0000000000014475,10.490834896183515,18379.77171544,18379.68186612968,-0.08984931032449865,10.490834896183515,bayes_h1_marginal_boundary,measured_graph,0.0007321210058719679,0.05297735967532807,2,h1_z
0.005011872336272725,1.0000000000020315,18.541383117903024,18375.79383220324,18375.65659201882,-0.13724018441893068,18.541383117903024,bayes_h1_marginal_boundary,measured_graph,1.3074603677350345e-05,0.053289678646727526,2,h1_z
0.006309573444801936,1.0000000000028983,29.72369645765866,18370.260066407453,18370.06543534894,-0.19463105851336257,29.72369645765866,bayes_h1_marginal_boundary,measured_graph,4.87775568819277e-08,0.05374744817360163,2,h1_z
0.00794328234724282,1.0000000000037137,43.73739021284564,18363.320610403956,18363.058588471347,-0.26202193260779433,43.73739021284564,bayes_h1_marginal_boundary,measured_graph,4.417586982734824e-11,0.05434016578611969,2,h1_z
0.01,1.000000000004586,59.77574426049978,18355.37882425422,18355.03941144752,-0.3394128067022262,59.77574426049978,bayes_h1_marginal_boundary,measured_graph,1.4537869923185558e-14,0.05503335222904819,2,h1_z
0.012589254117941675,1.0000000000053064,76.81749573933484,18346.945339388898,18346.518535708103,-0.42680368079665804,76.81749573933484,bayes_h1_marginal_boundary,measured_graph,2.896886394730796e-18,0.05578081166519065,2,h1_z
0.01584893192461114,1.0000000000059928,93.9346819528655,18338.48413715623,18337.959942601337,-0.5241945548910899,93.9346819528655,bayes_h1_marginal_boundary,measured_graph,5.558808398247301e-22,0.05653845490404134,2,h1_z
0.01995262314968881,1.0000000000067562,110.439850611765,18330.338943700874,18329.707358271888,-0.6315854289855218,110.439850611765,bayes_h1_marginal_boundary,measured_graph,1.4485379218446768e-25,0.05727144963659182,2,h1_z
0.025118864315095822,1.0000000000078215,125.86998403760663,18322.741267862046,18321.992291558967,-0.7489763030799538,125.86998403760663,bayes_h1_marginal_boundary,measured_graph,6.461286050586796e-29,0.057954053229037364,2,h1_z
0.03162277660168379,1.0000000000091362,139.91064291339717,18315.848329298246,18314.97196212107,-0.8763671771743852,139.91064291339717,bayes_h1_marginal_boundary,measured_graph,5.77335991174162e-32,0.05856665861485125,2,h1_z
0.039810717055349734,1.0000000000110634,152.37043654116133,18309.755823358457,18308.74206530719,-1.0137580512688171,152.37043654116133,bayes_h1_marginal_boundary,measured_graph,1.1371527951450926e-34,0.05909537344412079,2,h1_z
0.05011872336272725,1.0000000000136626,163.2591438870295,18304.45886055962,18303.297711634255,-1.1611489253632492,163.2591438870295,bayes_h1_marginal_boundary,measured_graph,4.913218353672384e-37,0.05953695220606917,2,h1_z
0.06309573444801936,1.0000000000173905,172.90064469628123,18299.795501029086,18298.47696122963,-1.3185397994576809,172.90064469628123,bayes_h1_marginal_boundary,measured_graph,3.96041563313973e-39,0.05990553312260338,2,h1_z
0.07943282347242822,1.0000000000229106,181.93211646933196,18295.447156016657,18293.961225343104,-1.4859306735521132,181.93211646933196,bayes_h1_marginal_boundary,measured_graph,4.330934233625537e-41,0.06023316780810049,2,h1_z
0.1,1.0000000000308975,191.1393065176744,18291.02095186658,18289.357630318933,-1.663321547646544,191.1393065176744,bayes_h1_marginal_boundary,measured_graph,4.3377615314995354e-43,0.060561340829732226,2,h1_z
1e-05,1.0000001287819635,80.7264677619969,14433.653021426004,14431.285334842134,-2.3676865838692702,80.7264677619969,bayes_h1_marginal_boundary,measured_graph,1.2597389959361582e-18,0.07566109075193371,3,h1_z
1.2589254117941661e-05,1.0000004154762163,80.1241283616655,14433.741582000264,14431.5865045423,-2.155077457963703,80.1241283616655,bayes_h1_marginal_boundary,measured_graph,1.7024599824373174e-18,0.075623838413454,3,h1_z
1.584893192461114e-05,1.0000000050749676,79.44077599197408,14433.880649059203,14431.928180727145,-1.952468332058134,79.44077599197408,bayes_h1_marginal_boundary,measured_graph,2.395879623626786e-18,0.0755657071229845,3,h1_z
1.9952623149688786e-05,1.0000000212024838,78.62071925008422,14434.098068304243,14432.33820909809,-1.7598592061525666,78.62071925008422,bayes_h1_marginal_boundary,measured_graph,3.610256452804378e-18,0.07547567791018073,3,h1_z
2.5118864315095822e-05,1.000000078335972,77.58035479635146,14434.435641405204,14432.858391324957,-1.5772500802469966,77.58035479635146,bayes_h1_marginal_boundary,measured_graph,6.0736578589231625e-18,0.0753381554595186,3,h1_z
3.1622776601683795e-05,1.000000249625933,76.19882018234057,14434.953799586303,14433.549158631962,-1.404640954341429,76.19882018234057,bayes_h1_marginal_boundary,measured_graph,1.2118441015110338e-17,0.07513255409694444,3,h1_z
3.9810717055349695e-05,1.0000006584223113,74.31181025932892,14435.734695421905,14434.492663593468,-1.2420318284358616,74.31181025932892,bayes_h1_marginal_boundary,measured_graph,3.113190895958357e-17,0.07483539350576081,3,h1_z
5.011872336272725e-05,1.0000013451065073,71.71965348741651,14436.878164681955,14435.788741979424,-1.089422702530293,71.71965348741651,bayes_h1_marginal_boundary,measured_graph,1.1378511240851576e-16,0.07442774035886636,3,h1_z
6.309573444801929e-05,1.000001937617393,68.22973514636033,14438.480514726578,14437.533701149952,-0.9468135766247254,68.22973514636033,bayes_h1_marginal_boundary,measured_graph,6.514957422507483e-16,0.07391035615823288,3,h1_z
7.943282347242822e-05,1.000001763421566,63.75313621394889,14440.586205066877,14439.772000616158,-0.8142044507191568,63.75313621394889,bayes_h1_marginal_boundary,measured_graph,6.109317400103066e-15,0.07332146372474084,3,h1_z
0.0001,1.0000009208587965,58.434910564599704,14443.122708765646,14442.431113440833,-0.6915953248135883,58.434910564599704,bayes_h1_marginal_boundary,measured_graph,8.726311571268949e-14,0.07273761416433391,3,h1_z
0.00012589254117941674,1.0000002636210124,52.71099317309927,14445.872058335492,14445.293072136583,-0.5789861989080206,52.71099317309927,bayes_h1_marginal_boundary,measured_graph,1.526734727670472e-12,0.07224029036643566,3,h1_z
0.00015848931924611142,1.000002710253208,47.174373000947526,14448.537759295661,14448.061382222659,-0.47637707300245236,47.174373000947526,bayes_h1_marginal_boundary,measured_graph,2.4323461441608795e-11,0.07187066963144627,3,h1_z
0.00019952623149688788,1.000000462125986,42.31380399965201,14450.875434670403,14450.491666723306,-0.38376794709688455,42.31380399965201,bayes_h1_marginal_boundary,measured_graph,2.763659453996264e-10,0.07161816147376719,3,h1_z
0.0002511886431509582,1.0000000596455585,38.341532210437435,14452.778961439106,14452.477802617914,-0.30115882119131615,38.341532210437435,bayes_h1_marginal_boundary,measured_graph,2.013967167959479e-09,0.07144338701079962,3,h1_z
0.00031622776601683794,1.0000000063182897,35.200509726342716,14454.276863555247,14454.048313859961,-0.22854969528574837,35.200509726342716,bayes_h1_marginal_boundary,measured_graph,9.685381959186342e-09,0.07130584824789499,3,h1_z
0.00039810717055349735,1.0000000005903609,32.6743799467622,14455.477319319132,14455.311378749751,-0.16594056938017995,32.6743799467622,bayes_h1_marginal_boundary,measured_graph,3.424986503423518e-08,0.07117519905097362,3,h1_z
0.0005011872336272725,1.000000000051738,30.492629310610937,14456.5155855113,14456.402254067827,-0.11333144347461188,30.492629310610937,bayes_h1_marginal_boundary,measured_graph,1.0195769192313335e-07,0.07103118098283781,3,h1_z
0.000630957344480193,1.0000000217767664,28.391123245361086,14457.52372941802,14457.453007100452,-0.07072231756904392,28.391123245361086,bayes_h1_marginal_boundary,measured_graph,2.9157899816727073e-07,0.07085986511487526,3,h1_z
0.0007943282347242822,1.000000004381078,26.135841031446034,14458.618761399073,14458.58064820741,-0.03811319166347554,26.135841031446034,bayes_h1_marginal_boundary,measured_graph,9.005017263828667e-07,0.07065050911557728,3,h1_z
0.001,1.0000000009470984,23.531111722495552,14459.898516927642,14459.883012861885,-0.015504065757907535,23.531111722495552,bayes_h1_marginal_boundary,measured_graph,3.3120305391732925e-06,0.07039417390263956,3,h1_z
0.0012589254117941675,1.0000000002304537,20.431265756495122,14461.435830784738,14461.432935844885,-0.0028949398523394052,20.431265756495122,bayes_h1_marginal_boundary,measured_graph,1.5603331361099132e-05,0.07008426311367275,3,h1_z
0.001584893192461114,1.0000000000660476,16.770057504727447,14463.263825784716,14463.263539970769,-0.0002858139467712683,16.770057504727447,bayes_h1_marginal_boundary,measured_graph,9.732817991594664e-05,0.06971910969523264,3,h1_z
0.0019952623149688807,1.0000000000228781,12.615866851861938,14465.348311985243,14465.340635297202,-0.007676688041203171,12.615866851861938,bayes_h1_marginal_boundary,measured_graph,0.0007768007578348578,0.06930670825312281,3,h1_z
0.002511886431509582,1.0000000000095337,8.244566355711868,14467.551353107412,14467.526285545277,-0.025067562135635053,8.244566355711868,bayes_h1_marginal_boundary,measured_graph,0.0069107547781989374,0.0688706513582015,3,h1_z
0.0031622776601683794,1.0000000000046616,4.188434360701649,14469.606809979012,14469.554351542782,-0.05245843623006681,4.188434360701649,bayes_h1_marginal_boundary,measured_graph,0.05251741659032859,0.06845388700028911,3,h1_z
0.003981071705534973,1.0000000000026232,1.187233755554189,14471.14480115568,14471.054951845355,-0.08984931032449865,1.187233755554189,bayes_h1_marginal_boundary,measured_graph,0.23550806560745705,0.06811472369716269,3,h1_z
0.005011872336272725,1.0000000000017066,-0.0,14471.78580890755,14471.648568723132,-0.13724018441893068,-0.0,bayes_h1_marginal_boundary,measured_graph,0.4263932487170116,0.06791239895451646,3,h1_z
0.006309573444801936,1.0000000000013103,1.1628203308682714,14471.261789616212,14471.067158557698,-0.19463105851336257,1.1628203308682714,bayes_h1_marginal_boundary,measured_graph,0.2384004622307976,0.06788914102536416,3,h1_z
0.00794328234724282,1.0000000000011668,4.859078410878283,14469.4810514503,14469.219029517693,-0.26202193260779433,4.859078410878283,bayes_h1_marginal_boundary,measured_graph,0.03755561248700741,0.06806104773212819,3,h1_z
0.01,1.0000000000011862,10.947998140338314,14466.513982459666,14466.174569652963,-0.3394128067022262,10.947998140338314,bayes_h1_marginal_boundary,measured_graph,0.0017884744060773213,0.06842041914378426,3,h1_z
0.012589254117941675,1.0000000000013063,19.03837897199628,14462.556182917931,14462.129379237134,-0.42680368079665804,19.03837897199628,bayes_h1_marginal_boundary,measured_graph,3.1309696205450333e-05,0.06894056920901584,3,h1_z
0.01584893192461114,1.000000000001506,28.549940767450607,14457.897792894299,14457.373598339407,-0.5241945548910899,28.549940767450607,bayes_h1_marginal_boundary,measured_graph,2.693205251941495e-07,0.0695791471262321,3,h1_z
0.01995262314968881,1.0000000000017932,38.84104538836982,14452.859631457934,14452.228046028948,-0.6315854289855218,38.84104538836982,bayes_h1_marginal_boundary,measured_graph,1.56886103910147e-09,0.07028694027971902,3,h1_z
0.025118864315095822,1.0000000000022111,49.423505941489566,14447.685792055468,14446.936815752388,-0.7489763030799538,49.423505941489566,bayes_h1_marginal_boundary,measured_graph,7.900095955876198e-12,0.07102463481197746,3,h1_z
0.03162277660168379,1.0000000000028093,60.128756771337066,14442.460557514638,14441.584190337464,-0.8763671771743852,60.128756771337066,bayes_h1_marginal_boundary,measured_graph,3.741249613125672e-14,0.07177698269410282,3,h1_z
0.039810717055349734,1.0000000000036182,71.10988149139303,14437.107386028705,14436.093627977436,-1.0137580512688171,71.10988149139303,bayes_h1_marginal_boundary,measured_graph,1.5434613169435876e-16,0.0725544564961017,3,h1_z
0.05011872336272725,1.0000000000046072,82.71191244529473,14431.453761425848,14430.292612500485,-1.1611489253632492,82.71191244529473,bayes_h1_marginal_boundary,measured_graph,4.668170806851094e-19,0.07338417091184414,3,h1_z
0.06309573444801936,1.0000000000057572,95.29713454062585,14425.318541252278,14424.00000145282,-1.3185397994576809,95.29713454062585,bayes_h1_marginal_boundary,measured_graph,8.635758397741889e-22,0.07429664804868087,3,h1_z
0.07943282347242822,1.0000000000071352,109.07874465333225,14418.595127070019,14417.109196396466,-1.4859306735521132,109.07874465333225,bayes_h1_marginal_boundary,measured_graph,8.783384034345942e-25,0.07531252625232672,3,h1_z
0.1,1.0000000000090272,124.01762366166076,14411.303078439949,14409.639756892302,-1.663321547646544,124.01762366166076,bayes_h1_marginal_boundary,measured_graph,5.008705675581392e-28,0.07643365701859797,3,h1_z
1e-05,1.0000000031837981,15.238762058976135,15448.230438502442,15445.862751918572,-2.3676865838692702,15.238762058976135,bayes_h1_marginal_boundary,measured_graph,4.756978321377755e-05,0.08870606451353923,4,h1_z
1.2589254117941661e-05,1.0000000098128807,14.775387226349267,15448.24951679285,15446.094439334885,-2.155077457963703,14.775387226349267,bayes_h1_marginal_boundary,measured_graph,5.9972442769512475e-05,0.08869504254164706,4,h1_z
1.584893192461114e-05,1.0000000279314638,14.307309783507662,15448.280946388364,15446.328478056306,-1.952468332058134,14.307309783507662,bayes_h1_marginal_boundary,measured_graph,7.578678150498384e-05,0.08867756303609865,4,h1_z
1.9952623149688786e-05,1.0000000728347354,13.820260897497064,15448.331861705465,15446.572002499312,-1.7598592061525666,13.820260897497064,bayes_h1_marginal_boundary,measured_graph,9.668403919431801e-05,0.08865018726681188,4,h1_z
2.5118864315095822e-05,1.0000001727893815,13.292883955266007,15448.412941050674,15446.835690970427,-1.5772500802469966,13.292883955266007,bayes_h1_marginal_boundary,measured_graph,0.0001258557997424819,0.08860803654183999,4,h1_z
3.1622776601683795e-05,1.0000003682614749,12.694597652462107,15448.53947507617,15447.134834121829,-1.404640954341429,12.694597652462107,bayes_h1_marginal_boundary,measured_graph,0.00016974205419652275,0.08854470790747371,4,h1_z
3.9810717055349695e-05,1.0000006871649803,11.984721308373992,15448.73180412231,15447.489772293873,-1.2420318284358616,11.984721308373992,bayes_h1_marginal_boundary,measured_graph,0.00024206786688898475,0.08845292449830727,4,h1_z
5.011872336272725e-05,1.000001074578799,11.115802996529965,15449.013654152326,15447.924231449795,-1.089422702530293,11.115802996529965,bayes_h1_marginal_boundary,measured_graph,0.0003737836987247033,0.08832671094270818,4,h1_z
6.309573444801929e-05,1.0000013245432804,10.045812749656761,15449.406040149857,15448.459226573232,-0.9468135766247254,10.045812749656761,bayes_h1_marginal_boundary,measured_graph,0.0006382132070760178,0.08816561951968624,4,h1_z
7.943282347242822e-05,1.0000011986316493,8.762533691122371,15449.915070553217,15449.100866102499,-0.8142044507191568,8.762533691122371,bayes_h1_marginal_boundary,measured_graph,0.001212345191026308,0.08797963927643948,4,h1_z
0.0001,1.00000074676969,7.313492499670247,15450.516982023039,15449.825386698225,-0.6915953248135883,7.313492499670247,bayes_h1_marginal_boundary,measured_graph,0.0025019670785385584,0.08779009812453042,4,h1_z
0.00012589254117941674,1.000000308942413,5.8176374667200434,15451.152300413609,15450.5733142147,-0.5789861989080206,5.8176374667200434,bayes_h1_marginal_boundary,measured_graph,0.005285698464465083,0.08762193499770497,4,h1_z
0.00015848931924611142,1.0000000854828521,4.433897548788082,15451.741561246668,15451.265184173666,-0.47637707300245236,4.433897548788082,bayes_h1_marginal_boundary,measured_graph,0.010557903531357854,0.0874910740043527,4,h1_z
0.00019952623149688788,1.0000000166259235,3.297572624305758,15452.217114583003,15451.833346635907,-0.38376794709688455,3.297572624305758,bayes_h1_marginal_boundary,measured_graph,0.018634919099137812,0.08739813240450034,4,h1_z
0.0002511886431509582,1.000000002455839,2.4713275826616155,15452.547627977921,15452.24646915673,-0.30115882119131615,2.4713275826616155,bayes_h1_marginal_boundary,measured_graph,0.028167243151545156,0.08733286892869675,4,h1_z
0.00031622776601683794,1.0000000003006242,1.9409940740188176,15452.740185606337,15452.51163591105,-0.22854969528574837,1.9409940740188176,bayes_h1_marginal_boundary,measured_graph,0.03672017996418594,0.08728242927515893,4,h1_z
0.00039810717055349735,1.0000000000332556,1.6432472365704598,15452.826449899156,15452.660509329775,-0.16594056938017995,1.6432472365704598,bayes_h1_marginal_boundary,measured_graph,0.0426147264754628,0.08723633418172408,4,h1_z
0.0005011872336272725,1.0000000189854086,1.4970806411947706,15452.846924070936,15452.733592627463,-0.11333144347461188,1.4970806411947706,bayes_h1_marginal_boundary,measured_graph,0.04584578128045474,0.08718742292891812,4,h1_z
0.000630957344480193,1.000000004490722,1.4242068196217588,15452.840751855818,15452.77002953825,-0.07072231756904392,1.4242068196217588,bayes_h1_marginal_boundary,measured_graph,0.04754706649005025,0.08713098424664188,4,h1_z
0.0007943282347242822,1.000000001186303,1.3583287983383343,15452.841081740555,15452.802968548891,-0.03811319166347554,1.3583287983383343,bayes_h1_marginal_boundary,measured_graph,0.04913929914441848,0.08706375609099089,4,h1_z
0.001,1.0000000003748089,1.2487565852716216,15452.873258721182,15452.857754655424,-0.015504065757907535,1.2487565852716216,bayes_h1_marginal_boundary,measured_graph,0.051906561660893656,0.0869834195969199,4,h1_z
0.0012589254117941675,1.0000000001502547,1.0636047138141294,15452.953225531006,15452.950330591153,-0.0028949398523394052,1.0636047138141294,bayes_h1_marginal_boundary,measured_graph,0.056941313335004004,0.08688864110238813,4,h1_z
0.001584893192461114,1.0000000000782798,0.7958681050258747,15453.084484709494,15453.084198895547,-0.0002858139467712683,0.7958681050258747,bayes_h1_marginal_boundary,measured_graph,0.06509771516079707,0.08677963489806477,4,h1_z
0.0019952623149688807,1.0000000000517473,0.47326699928817106,15453.253176136457,15453.245499448416,-0.007676688041203171,0.47326699928817106,bayes_h1_marginal_boundary,measured_graph,0.07649229402742432,0.08665914292287465,4,h1_z
0.002511886431509582,1.0000000000410498,0.16856458006805042,15453.422918220162,15453.397850658026,-0.025067562135635053,0.16856458006805042,bayes_h1_marginal_boundary,measured_graph,0.08908056755827677,0.08653347068286535,4,h1_z
0.0031622776601683794,1.0000000000367535,-0.0,15453.53459138429,15453.48213294806,-0.05245843623006681,-0.0,bayes_h1_marginal_boundary,measured_graph,0.09691395313533914,0.08641265307118419,4,h1_z
0.003981071705534973,1.0000000000352645,0.10544897318686708,15453.519257771792,15453.429408461467,-0.08984931032449865,0.10544897318686708,bayes_h1_marginal_boundary,measured_graph,0.09193658235617089,0.08630832108198436,4,h1_z
0.005011872336272725,1.000000000034937,0.5827429484088498,15453.328001658274,15453.190761473856,-0.13724018441893068,0.5827429484088498,bayes_h1_marginal_boundary,measured_graph,0.07241779304812171,0.08622863351172959,4,h1_z
0.006309573444801936,1.0000000000349198,1.4233678567397874,15452.965080078204,15452.77044901969,-0.19463105851336257,1.4233678567397874,bayes_h1_marginal_boundary,measured_graph,0.04756701578590329,0.08617269237877645,4,h1_z
0.00794328234724282,1.0000000000349385,2.4992855034652166,15452.494512128935,15452.232490196327,-0.26202193260779433,2.4992855034652166,bayes_h1_marginal_boundary,measured_graph,0.027776233695042295,0.08612965959252916,4,h1_z
0.01,1.000000000035139,3.6357327954137872,15452.003679357056,15451.664266550353,-0.3394128067022262,3.6357327954137872,bayes_h1_marginal_boundary,measured_graph,0.01573609480876494,0.08608533735452444,4,h1_z
0.012589254117941675,1.000000000035965,4.729885664462927,15451.543993796626,15451.117190115829,-0.42680368079665804,4.729885664462927,bayes_h1_marginal_boundary,measured_graph,0.00910551862031075,0.08603256499969145,4,h1_z
0.01584893192461114,1.0000000000381009,5.8437767196846835,15451.08443914311,15450.560244588218,-0.5241945548910899,5.8437767196846835,bayes_h1_marginal_boundary,measured_graph,0.005217065838186171,0.08597916576887171,4,h1_z
0.01995262314968881,1.0000000000427371,7.229710025105305,15450.498863364493,15449.867277935507,-0.6315854289855218,7.229710025105305,bayes_h1_marginal_boundary,measured_graph,0.002609003874440669,0.08594992350697678,4,h1_z
0.025118864315095822,1.0000000000523743,9.284192886025266,15449.589012808128,15448.840036505047,-0.7489763030799538,9.284192886025266,bayes_h1_marginal_boundary,measured_graph,0.0009340055119946669,0.0859823605375792,4,h1_z
0.03162277660168379,1.0000000000725995,12.449544154405885,15448.133728048031,15447.257360870857,-0.8763671771743852,12.449544154405885,bayes_h1_marginal_boundary,measured_graph,0.0001918678215480798,0.08611806038116944,4,h1_z
0.039810717055349734,1.0000000001164475,17.095773574092163,15445.948004212283,15444.934246161014,-1.0137580512688171,17.095773574092163,bayes_h1_marginal_boundary,measured_graph,1.8796900621214336e-05,0.08639241605269773,4,h1_z
0.05011872336272725,1.0000000002169191,23.41864318991793,15442.933960278464,15441.772811353101,-1.1611489253632492,23.41864318991793,bayes_h1_marginal_boundary,measured_graph,7.963290395814755e-07,0.08682585580186027,4,h1_z
0.06309573444801936,1.0000000004678924,31.3828985346845,15439.109223480176,15437.790683680718,-1.3185397994576809,31.3828985346845,bayes_h1_marginal_boundary,measured_graph,1.4848291295573586e-08,0.08741887828107962,4,h1_z
0.07943282347242822,1.0000000011804937,40.72429524740437,15434.60591599791,15433.119985324358,-1.4859306735521132,40.72429524740437,bayes_h1_marginal_boundary,measured_graph,1.3906503716544816e-10,0.08815188856484257,4,h1_z
0.1,1.0000000035737655,51.015078294462,15429.637915348476,15427.97459380083,-1.663321547646544,51.015078294462,bayes_h1_marginal_boundary,measured_graph,8.10219721856286e-13,0.08899015359719953,4,h1_z
1e-05,1.0000000070885524,16.87906457914869,11875.63714838652,11873.26946180265,-2.3676865838692702,16.87906457914869,bayes_h1_marginal_boundary,measured_graph,6.23469214935443e-05,0.07848106252292374,5,h1_z
1.2589254117941661e-05,1.000000009811104,16.437400935221376,11875.645371082579,11873.490293624614,-2.155077457963703,16.437400935221376,bayes_h1_marginal_boundary,measured_graph,7.77536984384656e-05,0.07847790212953921,5,h1_z
1.584893192461114e-05,1.0000000138673995,16.010411931812996,11875.656256458376,11873.703788126319,-1.952468332058134,16.010411931812996,bayes_h1_marginal_boundary,measured_graph,9.625882140917279e-05,0.07847339388626666,5,h1_z
1.9952623149688786e-05,1.00000001983793,15.59612192174609,11875.670792337505,11873.910933131352,-1.7598592061525666,15.59612192174609,bayes_h1_marginal_boundary,measured_graph,0.00011841384207171771,0.07846689812012156,5,h1_z
2.5118864315095822e-05,1.0000000285965802,15.191736849501467,11875.690375747721,11874.113125667474,-1.5772500802469966,15.191736849501467,bayes_h1_marginal_boundary,measured_graph,0.00014494844987830068,0.07845746765061476,5,h1_z
3.1622776601683795e-05,1.0000000415478907,14.79331528189141,11875.71697740562,11874.31233645128,-1.404640954341429,14.79331528189141,bayes_h1_marginal_boundary,measured_graph,0.00017690076841416502,0.07844372503006469,5,h1_z
3.9810717055349695e-05,1.0000000608760096,14.395372897768539,11875.753339471778,11874.51130764334,-1.2420318284358616,14.395372897768539,bayes_h1_marginal_boundary,measured_graph,0.00021584490923634374,0.07842373473969792,5,h1_z
5.011872336272725e-05,1.0000000892532888,13.990522514399345,11875.803155537556,11874.713732835025,-1.089422702530293,13.990522514399345,bayes_h1_marginal_boundary,measured_graph,0.0002642737053264709,0.07839494083200152,5,h1_z
6.309573444801929e-05,1.0000001276467967,13.569448866801395,11875.87108323545,11874.924269658824,-0.9468135766247254,13.569448866801395,bayes_h1_marginal_boundary,measured_graph,0.00032620373902090855,0.07835433257992935,5,h1_z
7.943282347242822e-05,1.0000001697391623,13.121873999334639,11875.962261543276,11875.148057092558,-0.8142044507191568,13.121873999334639,bayes_h1_marginal_boundary,measured_graph,0.00040801730438445595,0.07829910975685878,5,h1_z
0.0001,1.0000001961708256,12.639565076111467,11876.080806878983,11875.38921155417,-0.6915953248135883,12.639565076111467,bayes_h1_marginal_boundary,measured_graph,0.0005192908068994941,0.07822808230366138,5,h1_z
0.00012589254117941674,1.0000001826840093,12.122202686270612,11876.226878947999,11875.64789274909,-0.5789861989080206,12.122202686270612,bayes_h1_marginal_boundary,measured_graph,0.0006725962626665216,0.0781434984480274,5,h1_z
0.00015848931924611142,1.0000001286605122,11.584676367278007,11876.393032981588,11875.916655908586,-0.47637707300245236,11.584676367278007,bayes_h1_marginal_boundary,measured_graph,0.000879988115475944,0.07805184219417481,5,h1_z
0.00019952623149688788,1.0000000669887907,11.059847113712749,11876.562838482465,11876.179070535369,-0.38376794709688455,11.059847113712749,bayes_h1_marginal_boundary,measured_graph,0.0011440421652799575,0.07796167517771367,5,h1_z
0.0002511886431509582,1.0000000270069276,10.58909564170608,11876.715605092564,11876.414446271372,-0.30115882119131615,10.58909564170608,bayes_h1_marginal_boundary,measured_graph,0.0014476527997647453,0.07787893883482817,5,h1_z
0.00031622776601683794,1.0000000095673929,10.201526551722054,11876.83678051165,11876.608230816364,-0.22854969528574837,10.201526551722054,bayes_h1_marginal_boundary,measured_graph,0.0017572112424547256,0.07780352605040687,5,h1_z
0.00039810717055349735,1.0000000035538488,9.895328112226707,11876.927270605493,11876.761330036112,-0.16594056938017995,9.895328112226707,bayes_h1_marginal_boundary,measured_graph,0.0020479253386667252,0.07772991108783826,5,h1_z
0.0005011872336272725,1.000000001602625,9.633613827918452,11877.00551862174,11876.892187178266,-0.11333144347461188,9.633613827918452,bayes_h1_marginal_boundary,measured_graph,0.002334235416948991,0.07765013365538194,5,h1_z
0.000630957344480193,1.0000000009132728,9.353086037972389,11877.103173390808,11877.032451073239,-0.07072231756904392,9.353086037972389,bayes_h1_marginal_boundary,measured_graph,0.0026857184945814575,0.07755605503259494,5,h1_z
0.0007943282347242822,1.0000000006198528,8.976002159568452,11877.259106204105,11877.22099301244,-0.03811319166347554,8.976002159568452,bayes_h1_marginal_boundary,measured_graph,0.003242972109630936,0.07743999668317812,5,h1_z
0.001,1.0000000004569152,8.41993431272931,11877.514531001618,11877.49902693586,-0.015504065757907535,8.41993431272931,bayes_h1_marginal_boundary,measured_graph,0.004282445181422303,0.07729462632014604,5,h1_z
0.0012589254117941675,1.0000000003374974,7.607095783740078,11877.908341140208,11877.905446200355,-0.0028949398523394052,7.607095783740078,bayes_h1_marginal_boundary,measured_graph,0.0064297998807927685,0.07711315662078039,5,h1_z
0.001584893192461114,1.0000000002345906,6.479667909454292,11878.469445951445,11878.469160137498,-0.0002858139467712683,6.479667909454292,bayes_h1_marginal_boundary,measured_graph,0.011298357398300369,0.07689066327484397,5,h1_z
0.0019952623149688807,1.0000000001454101,5.028910690936755,11879.202215434798,11879.194538746757,-0.007676688041203171,5.028910690936755,bayes_h1_marginal_boundary,measured_graph,0.023336903794251886,0.07662717085489415,5,h1_z
0.002511886431509582,1.000000000076413,3.341857941730268,11880.063132683495,11880.03806512136,-0.025067562135635053,3.341857941730268,bayes_h1_marginal_boundary,measured_graph,0.05424779443574562,0.07633269799258303,5,h1_z
0.0031622776601683794,1.0000000000326073,1.6541528612760885,11880.934376097817,11880.881917661587,-0.05245843623006681,1.6541528612760885,bayes_h1_marginal_boundary,measured_graph,0.1261428350313104,0.07603286890928611,5,h1_z
0.003981071705534973,1.0000000453818452,0.370384075329639,11881.613651364885,11881.52380205456,-0.08984931032449865,0.370384075329639,bayes_h1_marginal_boundary,measured_graph,0.23967869827827218,0.07577091935350093,5,h1_z
0.005011872336272725,1.0000000197962124,-0.0,11881.846234276643,11881.708994092225,-0.13724018441893068,-0.0,bayes_h1_marginal_boundary,measured_graph,0.2884412157334322,0.07560076438768074,5,h1_z
0.006309573444801936,1.0000000091984524,1.0036056665267097,11881.401822317475,11881.207191258962,-0.19463105851336257,1.0036056665267097,bayes_h1_marginal_boundary,measured_graph,0.17463332213715957,0.07557081746577367,5,h1_z
0.00794328234724282,1.0000000061013037,3.633400583272305,11880.154315733196,11879.892293800589,-0.26202193260779433,3.633400583272305,bayes_h1_marginal_boundary,measured_graph,0.046889370841670705,0.07570743787966541,5,h1_z
0.01,1.0000000065595642,7.869190627752687,11878.113811585052,11877.774398778349,-0.3394128067022262,7.869190627752687,bayes_h1_marginal_boundary,measured_graph,0.0056400672715611975,0.07600831749810738,5,h1_z
0.012589254117941675,1.00000000913886,13.465693120593642,11875.402951212725,11874.976147531928,-0.42680368079665804,13.465693120593642,bayes_h1_marginal_boundary,measured_graph,0.0003435731437178544,0.07644743020101738,5,h1_z
0.01584893192461114,1.000000012828164,20.06448298018222,11872.200947157025,11871.676752602134,-0.5241945548910899,20.06448298018222,bayes_h1_marginal_boundary,measured_graph,1.26797355839134e-05,0.07698701672277751,5,h1_z
0.01995262314968881,1.0000000163054188,27.331043125152064,11868.675057958635,11868.043472529649,-0.6315854289855218,27.331043125152064,bayes_h1_marginal_boundary,measured_graph,3.3511719359837693e-07,0.07759271769545113,5,h1_z
0.025118864315095822,1.0000000184427824,35.07107831542089,11864.922431237595,11864.173454934515,-0.7489763030799538,35.07107831542089,bayes_h1_marginal_boundary,measured_graph,6.989875235939838e-09,0.07824674534233127,5,h1_z
0.03162277660168379,1.0000000188037295,43.26517492708808,11860.952773805855,11860.076406628681,-0.8763671771743852,43.26517492708808,bayes_h1_marginal_boundary,measured_graph,1.1618336552019015e-10,0.0789519386414095,5,h1_z
0.039810717055349734,1.0000000176365036,52.00467641203795,11856.720413937475,11855.706655886206,-1.0137580512688171,52.00467641203795,bayes_h1_marginal_boundary,measured_graph,1.4702301274508634e-12,0.0797243134679622,5,h1_z
0.05011872336272725,1.0000000156390443,61.376324447017396,11852.18198079408,11851.020831868716,-1.1611489253632492,61.376324447017396,bayes_h1_marginal_boundary,measured_graph,1.3563063777936146e-14,0.08057921406156728,5,h1_z
0.06309573444801936,1.0000000136592606,71.35740209899086,11847.348832842188,11846.03029304273,-1.3185397994576809,71.35740209899086,bayes_h1_marginal_boundary,measured_graph,9.225593826749154e-17,0.0815182325618788,5,h1_z
0.07943282347242822,1.0000000123621509,81.76148605715935,11842.314181737198,11840.828251063645,-1.4859306735521132,81.76148605715935,bayes_h1_marginal_boundary,measured_graph,5.0789765066466685e-19,0.08252191310512862,5,h1_z
0.1,1.0000000120371886,92.25268057988069,11837.245975349932,11835.582653802285,-1.663321547646544,92.25268057988069,bayes_h1_marginal_boundary,measured_graph,2.676962325000231e-21,0.08355082520761008,5,h1_z
1e-05,1.0000000175933765,2.9580991035290936,10562.776715320102,10560.409028736232,-2.3676865838692702,2.9580991035290936,bayes_h1_marginal_boundary,measured_graph,0.021024461012475282,0.03303780061158416,6,h1_z
1.2589254117941661e-05,1.0000000256599768,2.536834257054579,10562.774738617434,10560.61966115947,-2.155077457963703,2.536834257054579,bayes_h1_marginal_boundary,measured_graph,0.025953824886319588,0.03303497340850713,6,h1_z
1.584893192461114e-05,1.0000000386376822,2.134948484170309,10562.77307237797,10560.820604045912,-1.952468332058134,2.134948484170309,bayes_h1_marginal_boundary,measured_graph,0.03172997696595166,0.0330304852590448,6,h1_z
1.9952623149688786e-05,1.0000000584984385,1.7517479453235865,10562.772063521488,10561.012204315335,-1.7598592061525666,1.7517479453235865,bayes_h1_marginal_boundary,measured_graph,0.03843091251205797,0.03302358856452991,6,h1_z
2.5118864315095822e-05,1.0000000856411495,1.3866668319242308,10562.771994952282,10561.194744872035,-1.5772500802469966,1.3866668319242308,bayes_h1_marginal_boundary,measured_graph,0.04612719575992075,0.03301342704762393,6,h1_z
3.1622776601683795e-05,1.0000001150229052,1.040187192538724,10562.772625646068,10561.367984691728,-1.404640954341429,1.040187192538724,bayes_h1_marginal_boundary,measured_graph,0.05485221262507938,0.03299928681137483,6,h1_z
3.9810717055349695e-05,1.0000001331788329,0.7159309688613575,10562.772144632003,10561.530112803566,-1.2420318284358616,0.7159309688613575,bayes_h1_marginal_boundary,measured_graph,0.064506799529671,0.03298108923292746,6,h1_z
5.011872336272725e-05,1.0000001251645982,0.42422096143855015,10562.765390509809,10561.675967807278,-1.089422702530293,0.42422096143855015,bayes_h1_marginal_boundary,measured_graph,0.07463619976252087,0.03295997992633844,6,h1_z
6.309573444801929e-05,1.0000000920850103,0.18592012592125684,10562.741931801662,10561.795118225036,-0.9468135766247254,0.18592012592125684,bayes_h1_marginal_boundary,measured_graph,0.08408061649460719,0.03293848902672605,6,h1_z
7.943282347242822e-05,1.0000000539837663,0.032745598666224396,10562.685909939382,10561.871705488664,-0.8142044507191568,0.032745598666224396,bayes_h1_marginal_boundary,measured_graph,0.0907731305178717,0.03291969921116036,6,h1_z
0.0001,1.0000000276810725,-0.0,10562.57967361281,10561.888078287997,-0.6915953248135883,-0.0,bayes_h1_marginal_boundary,measured_graph,0.09227157415350583,0.0329057504404352,6,h1_z
0.00012589254117941674,1.0000000144256094,0.11374220023208181,10562.41019338679,10561.83120718788,-0.5789861989080206,0.11374220023208181,bayes_h1_marginal_boundary,measured_graph,0.08717041724903807,0.032896968074754104,6,h1_z
0.00015848931924611142,1.0000000087255871,0.38142543048161315,10562.173742645758,10561.697365572756,-0.47637707300245236,0.38142543048161315,bayes_h1_marginal_boundary,measured_graph,0.076250456816075,0.03289229224123248,6,h1_z
0.00019952623149688788,1.0000000063923635,0.792447542266018,10561.87562246396,10561.491854516864,-0.38376794709688455,0.792447542266018,bayes_h1_marginal_boundary,measured_graph,0.062085492754399896,0.03289029251329476,6,h1_z
0.0002511886431509582,1.0000000054496965,1.3259497844373982,10561.52626221697,10561.225103395778,-0.30115882119131615,1.3259497844373982,bayes_h1_marginal_boundary,measured_graph,0.04754902240728777,0.03288984867802637,6,h1_z
0.00031622776601683794,1.0000000050810922,1.9592543775361264,10561.137000794515,10560.908451099229,-0.22854969528574837,1.9592543775361264,bayes_h1_marginal_boundary,measured_graph,0.0346434589516939,0.03289031324891638,6,h1_z
0.00039810717055349735,1.000000004948882,2.6731796780331933,10560.717429018361,10560.55148844898,-0.16594056938017995,2.6731796780331933,bayes_h1_marginal_boundary,measured_graph,0.02424344527053922,0.03289141538106671,6,h1_z
0.0005011872336272725,1.0000000049119249,3.454167070420226,10560.27432619626,10560.160994752787,-0.11333144347461188,3.454167070420226,bayes_h1_marginal_boundary,measured_graph,0.016406089658218003,0.03289313380243166,6,h1_z
0.000630957344480193,1.0000000049130089,4.294623433808738,10559.811488888661,10559.740766571093,-0.07072231756904392,4.294623433808738,bayes_h1_marginal_boundary,measured_graph,0.010777109615814904,0.0328956227821661,6,h1_z
0.0007943282347242822,1.0000000049307545,5.192775710453134,10559.329803624434,10559.29169043277,-0.03811319166347554,5.192775710453134,bayes_h1_marginal_boundary,measured_graph,0.006878139999704914,0.03289919898718156,6,h1_z
0.001,1.0000000049589186,6.152862857597938,10558.827150924955,10558.811646859198,-0.015504065757907535,6.152862857597938,bayes_h1_marginal_boundary,measured_graph,0.004255893349817583,0.03290438202845609,6,h1_z
0.0012589254117941675,1.0000000049970672,7.1862062304935534,10558.297870112603,10558.29497517275,-0.0028949398523394052,7.1862062304935534,bayes_h1_marginal_boundary,measured_graph,0.002538651428805281,0.03291199122970018,6,h1_z
0.001584893192461114,1.0000000050473332,8.313707796842209,10557.731510203523,10557.731224389576,-0.0002858139467712683,8.313707796842209,bayes_h1_marginal_boundary,measured_graph,0.0014446718802956287,0.032923319300534146,6,h1_z
0.0019952623149688807,1.0000000051127647,9.570634573035932,10557.11043768952,10557.102761001479,-0.007676688041203171,9.570634573035932,bayes_h1_marginal_boundary,measured_graph,0.0007706036079676542,0.032940429788258944,6,h1_z
0.002511886431509582,1.0000000051973277,11.015211723482935,10556.405539988391,10556.380472426255,-0.025067562135635053,11.015211723482935,bayes_h1_marginal_boundary,measured_graph,0.0003742355975210521,0.0329666662617058,6,h1_z
0.0031622776601683794,1.0000000053065696,12.743618539396266,10555.568727454529,10555.516269018299,-0.05245843623006681,12.743618539396266,bayes_h1_marginal_boundary,measured_graph,0.00015769805037576457,0.033007523721328015,6,h1_z
0.003981071705534973,1.0000000054489266,14.915142478705093,10554.52035635897,10554.430507048644,-0.08984931032449865,14.915142478705093,bayes_h1_marginal_boundary,measured_graph,5.324586565908833e-05,0.03307210358076249,6,h1_z
0.005011872336272725,1.000000005639038,17.790752323493507,10553.129942310668,10552.99270212625,-0.13724018441893068,17.790752323493507,bayes_h1_marginal_boundary,measured_graph,1.264314585866301e-05,0.033175365583830385,6,h1_z
0.006309573444801936,1.0000000059029106,21.78142573081641,10551.191996481102,10550.997365422589,-0.19463105851336257,21.78142573081641,bayes_h1_marginal_boundary,measured_graph,1.7190615566254585e-06,0.033341056206756946,6,h1_z
0.00794328234724282,1.0000000062842656,27.482553528148856,10548.40882345653,10548.146801523922,-0.26202193260779433,27.482553528148856,bayes_h1_marginal_boundary,measured_graph,9.938189116538531e-08,0.03360417021031215,6,h1_z
0.01,1.0000000068504933,35.640846553138545,10544.40706781813,10544.067655011428,-0.3394128067022262,35.640846553138545,bayes_h1_marginal_boundary,measured_graph,1.6817306351172719e-09,0.03401017051787033,6,h1_z
0.012589254117941675,1.0000000076964348,46.99245947585223,10538.818652230868,10538.39184855007,-0.42680368079665804,46.99245947585223,bayes_h1_marginal_boundary,measured_graph,5.764810144612717e-12,0.03460741689722636,6,h1_z
0.01584893192461114,1.0000000089541854,61.97277910522098,10531.425883290278,10530.901688735386,-0.5241945548910899,61.97277910522098,bayes_h1_marginal_boundary,measured_graph,3.219955968419475e-15,0.03543169263062308,6,h1_z
0.01995262314968881,1.0000000108297529,80.42016440447696,10522.309581514744,10521.677996085758,-0.6315854289855218,80.42016440447696,bayes_h1_marginal_boundary,measured_graph,3.17724798126203e-19,0.036487598298205186,6,h1_z
0.025118864315095822,1.0000000136939209,101.4713672928774,10511.901370944639,10511.152394641558,-0.7489763030799538,101.4713672928774,bayes_h1_marginal_boundary,measured_graph,8.527868335123468e-24,0.037736983630790644,6,h1_z
0.03162277660168379,1.0000000182336461,123.76450314748945,10500.882193891426,10500.005826714252,-0.8763671771743852,123.76450314748945,bayes_h1_marginal_boundary,measured_graph,1.2301201811304068e-28,0.039103778208052206,6,h1_z
0.039810717055349734,1.0000000256335304,145.86204285582426,10489.970814911354,10488.957056860085,-1.0137580512688171,145.86204285582426,bayes_h1_marginal_boundary,measured_graph,1.9567158549073066e-33,0.04049559115727845,6,h1_z
0.05011872336272725,1.0000000377518956,166.66250177007532,10479.717976328322,10478.55682740296,-1.1611489253632492,166.66250177007532,bayes_h1_marginal_boundary,measured_graph,5.953405992510781e-38,0.041831363413734085,6,h1_z
0.06309573444801936,1.0000000573411039,185.60227877922443,10470.405478697843,10469.086938898385,-1.3185397994576809,185.60227877922443,bayes_h1_marginal_boundary,measured_graph,4.592457844668309e-42,0.04306047172916055,6,h1_z
0.07943282347242822,1.0000000886738185,202.60117978142807,10462.073419070835,10460.587488397283,-1.4859306735521132,202.60117978142807,bayes_h1_marginal_boundary,measured_graph,9.349335112137966e-46,0.04416522365004463,6,h1_z
0.1,1.0000001395297813,217.86185810130337,10454.620470784992,10452.957149237345,-1.663321547646544,217.86185810130337,bayes_h1_marginal_boundary,measured_graph,4.539066384908074e-49,0.04515083718366274,6,h1_z
1e-05,1.0000001000923373,16.032369600143284,9795.317325857475,9792.949639273605,-2.3676865838692702,16.032369600143284,bayes_h1_marginal_boundary,measured_graph,5.662611989995798e-05,0.03427999294569159,7,h1_z
1.2589254117941661e-05,1.000000318369717,15.445867625123356,9795.39796771908,9793.242890261115,-2.155077457963703,15.445867625123356,bayes_h1_marginal_boundary,measured_graph,7.592312753556906e-05,0.03425524156993216,7,h1_z
1.584893192461114e-05,1.0000009363270217,14.792045883656101,9795.522269463907,9793.569801131849,-1.952468332058134,14.792045883656101,bayes_h1_marginal_boundary,measured_graph,0.00010528092138899957,0.03421762311571447,7,h1_z
1.9952623149688786e-05,1.0000000208227167,14.028227999864612,9795.711569279898,9793.951710073745,-1.7598592061525666,14.028227999864612,bayes_h1_marginal_boundary,measured_graph,0.0001542448324715733,0.03416171017640057,7,h1_z
2.5118864315095822e-05,1.0000000644511564,13.097888147189224,9795.99413008033,9794.416880000083,-1.5772500802469966,13.097888147189224,bayes_h1_marginal_boundary,measured_graph,0.00024560169250772913,0.03408129511445653,7,h1_z
3.1622776601683795e-05,1.0000001504533553,11.934649407990946,9796.403140324022,9794.998499369682,-1.404640954341429,11.934649407990946,bayes_h1_marginal_boundary,measured_graph,0.00043936497999231915,0.033971470264905546,7,h1_z
3.9810717055349695e-05,1.0000002423375518,10.479317825291218,9796.968196989468,9795.726165161032,-1.2420318284358616,10.479317825291218,bayes_h1_marginal_boundary,measured_graph,0.0009095920920447747,0.03383241733607789,7,h1_z
5.011872336272725e-05,1.000000244508076,8.715357888107974,9797.697567832154,9796.608145129623,-1.089422702530293,8.715357888107974,bayes_h1_marginal_boundary,measured_graph,0.0021972815519965654,0.03367401807437168,7,h1_z
6.309573444801929e-05,1.0000001418327353,6.715263886322646,9798.555005707141,9797.608192130516,-0.9468135766247254,6.715263886322646,bayes_h1_marginal_boundary,measured_graph,0.005973111249763825,0.03351663782196398,7,h1_z
7.943282347242822e-05,1.000002970073122,4.661926851655153,9799.449065098568,9798.63486064785,-0.8142044507191568,4.661926851655153,bayes_h1_marginal_boundary,measured_graph,0.01667543129695836,0.033383447585464,7,h1_z
0.0001,1.000000782105207,2.802320729719213,9800.256259033631,9799.564663708818,-0.6915953248135883,2.802320729719213,bayes_h1_marginal_boundary,measured_graph,0.04225571104454882,0.03328869229467817,7,h1_z
0.00012589254117941674,1.000000142982946,1.3513331199756067,9800.869143712598,9800.29015751369,-0.5789861989080206,1.3513331199756067,bayes_h1_marginal_boundary,measured_graph,0.08728977421988605,0.03323222198266158,7,h1_z
0.00015848931924611142,1.000000019896485,0.4174717155256076,9801.233465288917,9800.757088215914,-0.47637707300245236,0.4174717155256076,bayes_h1_marginal_boundary,measured_graph,0.13923512132108198,0.033204988644011384,7,h1_z
0.00019952623149688788,1.0000000023739697,-0.0,9801.349592020773,9800.965824073677,-0.38376794709688455,-0.0,bayes_h1_marginal_boundary,measured_graph,0.1715543081678654,0.03319664208835234,7,h1_z
0.0002511886431509582,1.00000000028442,0.0327064802586392,9801.25062965474,9800.949470833548,-0.30115882119131615,0.0327064802586392,bayes_h1_marginal_boundary,measured_graph,0.1687716540894795,0.03319968918204782,7,h1_z
0.00031622776601683794,1.0000000000424347,0.4309419079363579,9800.978902814995,9800.750353119709,-0.22854969528574837,0.4309419079363579,bayes_h1_marginal_boundary,measured_graph,0.13830051026445347,0.03321000853067334,7,h1_z
0.00039810717055349735,1.0000000374899571,1.120509677566588,9800.571509804275,9800.405569234894,-0.16594056938017995,1.120509677566588,bayes_h1_marginal_boundary,measured_graph,0.09796840643685806,0.03322591330069037,7,h1_z
0.0005011872336272725,1.0000000209450473,2.0488481298052648,9800.054731452248,9799.941400008775,-0.11333144347461188,2.0488481298052648,bayes_h1_marginal_boundary,measured_graph,0.06158854018514495,0.03324718565445163,7,h1_z
0.000630957344480193,1.000000015945183,3.1861192608666897,9799.443486760812,9799.372764443244,-0.07072231756904392,3.1861192608666897,bayes_h1_marginal_boundary,measured_graph,0.03487744174019699,0.033274466842571016,7,h1_z
0.0007943282347242822,1.0000000145359393,4.522412506365072,9798.742731012158,9798.704617820495,-0.03811319166347554,4.522412506365072,bayes_h1_marginal_boundary,measured_graph,0.01788019416447872,0.033308969240738,7,h1_z
0.001,1.000000014411296,6.0643610712759255,9797.949147603797,9797.93364353804,-0.015504065757907535,6.0643610712759255,bayes_h1_marginal_boundary,measured_graph,0.008270701635938954,0.0333523688763844,7,h1_z
0.0012589254117941675,1.0000000147728323,7.83229067522916,9797.052573675915,9797.049678736063,-0.0028949398523394052,7.83229067522916,bayes_h1_marginal_boundary,measured_graph,0.0034169711997048507,0.033406788542607035,7,h1_z
0.001584893192461114,1.0000000153062187,9.857899069902487,9796.037160352673,9796.036874538726,-0.0002858139467712683,9.857899069902487,bayes_h1_marginal_boundary,measured_graph,0.0012410407563578298,0.033474807223232546,7,h1_z
0.0019952623149688807,1.0000000158714666,12.181865149901569,9794.882568186767,9794.874891498726,-0.007676688041203171,12.181865149901569,bayes_h1_marginal_boundary,measured_graph,0.0003882783915018525,0.03355944543384956,7,h1_z
0.002511886431509582,1.0000000163879665,14.850403311305854,9793.56568998016,9793.540622418024,-0.025067562135635053,14.850403311305854,bayes_h1_marginal_boundary,measured_graph,0.0001022533447121354,0.033664069458166884,7,h1_z
0.0031622776601683794,1.0000000167816887,17.909558689279947,9792.063503165267,9792.011044729037,-0.05245843623006681,17.909558689279947,bayes_h1_marginal_boundary,measured_graph,2.215084880494637e-05,0.03379214297387376,7,h1_z
0.003981071705534973,1.0000000169552945,21.39638153384294,9790.35748261708,9790.267633306756,-0.08984931032449865,21.39638153384294,bayes_h1_marginal_boundary,measured_graph,3.874685097107383e-06,0.03394676135897838,7,h1_z
0.005011872336272725,1.0000000167745962,25.32818101968951,9788.43897374825,9788.301733563832,-0.13724018441893068,25.32818101968951,bayes_h1_marginal_boundary,measured_graph,5.425715305653359e-07,0.03413000530122371,7,h1_z
0.006309573444801936,1.000000016081496,29.696807652046118,9786.312051306168,9786.117420247654,-0.19463105851336257,29.696807652046118,bayes_h1_marginal_boundary,measured_graph,6.106913689682747e-08,0.0343424823716652,7,h1_z
0.00794328234724282,1.0000000147583106,34.48518779184451,9783.985252110362,9783.723230177755,-0.26202193260779433,34.48518779184451,bayes_h1_marginal_boundary,measured_graph,5.572348195710485e-09,0.034584088400127166,7,h1_z
0.01,1.0000000128411817,39.73063411838666,9781.439919821187,9781.100507014484,-0.3394128067022262,39.73063411838666,bayes_h1_marginal_boundary,measured_graph,4.0457966337273646e-10,0.034857622183385,7,h1_z
0.012589254117941675,1.0000000106033082,45.63797798268206,9778.573638763133,9778.146835082336,-0.42680368079665804,45.63797798268206,bayes_h1_marginal_boundary,measured_graph,2.1097967899957465e-11,0.035175807761713175,7,h1_z
0.01584893192461114,1.0000000084665235,52.667795562134415,9775.156120847501,9774.63192629261,-0.5241945548910899,52.667795562134415,bayes_h1_marginal_boundary,measured_graph,6.276754396576974e-13,0.03556753577338862,7,h1_z
0.01995262314968881,1.0000000067493633,61.44455643590845,9770.875131284709,9770.243545855723,-0.6315854289855218,61.44455643590845,bayes_h1_marginal_boundary,measured_graph,7.796249464366139e-15,0.03607363008719889,7,h1_z
0.025118864315095822,1.0000000054951645,72.42148805409306,9765.504056349711,9764.75508004663,-0.7489763030799538,72.42148805409306,bayes_h1_marginal_boundary,measured_graph,3.2231113701643774e-17,0.03672702336541167,7,h1_z
0.03162277660168379,1.000000004541449,85.53653816492806,9759.073922168387,9758.197554991213,-0.8763671771743852,85.53653816492806,bayes_h1_marginal_boundary,measured_graph,4.5748658715996615e-20,0.03753013242055497,7,h1_z
0.039810717055349734,1.0000000037165895,100.21740345843136,9751.87088039573,9750.857122344461,-1.0137580512688171,100.21740345843136,bayes_h1_marginal_boundary,measured_graph,2.968034688821227e-23,0.03845185322205339,7,h1_z
0.05011872336272725,1.0000000029687799,115.75630648333754,9744.248819757371,9743.087670832008,-1.1611489253632492,115.75630648333754,bayes_h1_marginal_boundary,measured_graph,1.253831144172442e-26,0.03944872342029222,7,h1_z
0.06309573444801936,1.00000000234521,131.68409863552733,9736.442314555372,9735.123774755913,-1.3185397994576809,131.68409863552733,bayes_h1_marginal_boundary,measured_graph,4.360767505565203e-30,0.04048944555905669,7,h1_z
0.07943282347242822,1.0000000019019788,147.82948735068567,9728.537011071887,9727.051080398334,-1.4859306735521132,147.82948735068567,bayes_h1_marginal_boundary,measured_graph,1.3603050780109045e-33,0.04156097083490157,7,h1_z
0.1,1.0000000016625992,164.10879390316768,9720.57474866974,9718.911427122093,-1.663321547646544,164.10879390316768,bayes_h1_marginal_boundary,measured_graph,3.968531362563328e-37,0.04265574497425729,7,h1_z
1e-05,1.0000000985421698,19.18472406008368,11233.53076446667,11231.1630778828,-2.3676865838692702,19.18472406008368,bayes_h1_marginal_boundary,measured_graph,1.0894350402716634e-05,0.04419591353907343,8,h1_z
1.2589254117941661e-05,1.0000003149695118,18.5625850437973,11233.629224848908,11231.474147390943,-2.155077457963703,18.5625850437973,bayes_h1_marginal_boundary,measured_graph,1.4869525518642369e-05,0.044165556264649464,8,h1_z
1.584893192461114e-05,1.0000009136179957,17.863814065025508,11233.776001212387,11231.82353288033,-1.952468332058134,17.863814065025508,bayes_h1_marginal_boundary,measured_graph,2.108789840662812e-05,0.044119919450135034,8,h1_z
1.9952623149688786e-05,1.0000000174439363,17.042775673842698,11233.993911282074,11232.23405207592,-1.7598592061525666,17.042775673842698,bayes_h1_marginal_boundary,measured_graph,3.179212241529435e-05,0.044052494043279454,8,h1_z
2.5118864315095822e-05,1.0000000538027674,16.03829171867983,11234.313544133749,11232.736294053502,-1.5772500802469966,16.03829171867983,bayes_h1_marginal_boundary,measured_graph,5.253399657789563e-05,0.04395555516292415,8,h1_z
3.1622776601683795e-05,1.0000001276682875,14.776033969552373,11234.772063882407,11233.367422928066,-1.404640954341429,14.776033969552373,bayes_h1_marginal_boundary,measured_graph,9.874980098658209e-05,0.04382231711802053,8,h1_z
3.9810717055349695e-05,1.0000002154978254,13.18346438079243,11235.405739550883,11234.163707722446,-1.2420318284358616,13.18346438079243,bayes_h1_marginal_boundary,measured_graph,0.00021895674148364092,0.04365115592411996,8,h1_z
5.011872336272725e-05,1.0000002353959483,11.224467465293856,11236.232628882726,11235.143206180195,-1.089422702530293,11.224467465293856,bayes_h1_marginal_boundary,measured_graph,0.0005831081298436404,0.043451502828538435,8,h1_z
6.309573444801929e-05,1.0000001513813892,8.951163387788256,11237.226671795574,11236.279858218948,-0.9468135766247254,8.951163387788256,bayes_h1_marginal_boundary,measured_graph,0.0018171501102770648,0.04324652093847062,8,h1_z
7.943282347242822e-05,1.0000000537499767,6.540378018755291,11238.299455354183,11237.485250903464,-0.8142044507191568,6.540378018755291,bayes_h1_marginal_boundary,measured_graph,0.006065773594435863,0.043065950577353754,8,h1_z
0.0001,1.0000009669348484,4.26265998792951,11239.31570524369,11238.624109918877,-0.6915953248135883,4.26265998792951,bayes_h1_marginal_boundary,measured_graph,0.018944641105761235,0.04293102984642827,8,h1_z
0.00012589254117941674,1.0000001820998088,2.378922128908016,11240.144965047297,11239.565978848388,-0.5789861989080206,2.378922128908016,bayes_h1_marginal_boundary,measured_graph,0.04858865317071046,0.04284522992373547,8,h1_z
0.00015848931924611142,1.000000024758647,1.0419540735674673,11240.71083994906,11240.234462876058,-0.47637707300245236,1.0419540735674673,bayes_h1_marginal_boundary,measured_graph,0.09480992116873159,0.04279821752548551,8,h1_z
0.00019952623149688788,1.0000000026404654,0.27223182660600287,11241.003091946635,11240.61932399954,-0.38376794709688455,0.27223182660600287,bayes_h1_marginal_boundary,measured_graph,0.13931466908442702,0.04277611274326688,8,h1_z
0.0002511886431509582,1.0000000002400002,-0.0,11241.056598734034,11240.755439912842,-0.30115882119131615,-0.0,bayes_h1_marginal_boundary,measured_graph,0.15962879591083973,0.04276796727447112,8,h1_z
0.00031622776601683794,1.0000000598476917,0.12166107462326181,11240.923159070817,11240.69460937553,-0.22854969528574837,0.12166107462326181,bayes_h1_marginal_boundary,measured_graph,0.1502079334139063,0.04276716123104162,8,h1_z
0.00039810717055349735,1.000000011467224,0.5378492344352708,11240.652455865005,11240.486515295624,-0.16594056938017995,0.5378492344352708,bayes_h1_marginal_boundary,measured_graph,0.12198846328569493,0.04277030654218357,8,h1_z
0.0005011872336272725,1.0000000023745979,1.1688905631490343,11240.284326074741,11240.170994631268,-0.11333144347461188,1.1688905631490343,bayes_h1_marginal_boundary,measured_graph,0.08897948278701996,0.04277578639563827,8,h1_z
0.000630957344480193,1.0000000005779344,1.95516139805477,11239.848581531383,11239.777859213815,-0.07072231756904392,1.95516139805477,bayes_h1_marginal_boundary,measured_graph,0.06005557570282077,0.042782668257586254,8,h1_z
0.0007943282347242822,1.0000000001789056,2.849678884154855,11239.368713662428,11239.330600470765,-0.03811319166347554,2.849678884154855,bayes_h1_marginal_boundary,measured_graph,0.038398241035220514,0.04278989486202426,8,h1_z
0.001,1.0000000000727458,3.806685648694838,11238.867601154252,11238.852097088495,-0.015504065757907535,3.806685648694838,bayes_h1_marginal_boundary,measured_graph,0.023795780377602407,0.042795551862069126,8,h1_z
0.0012589254117941675,1.0000000000375457,4.768531940524554,11238.374068882433,11238.37117394258,-0.0028949398523394052,4.768531940524554,bayes_h1_marginal_boundary,measured_graph,0.014710847164053882,0.042796108753567166,8,h1_z
0.001584893192461114,1.0000000000230072,5.655967544411396,11237.927741954583,11237.927456140636,-0.0002858139467712683,5.655967544411396,bayes_h1_marginal_boundary,measured_graph,0.009439163104487992,0.04278589466941298,8,h1_z
0.0019952623149688807,1.0000000000158327,6.375227792461374,11237.575502704653,11237.567826016611,-0.007676688041203171,6.375227792461374,bayes_h1_marginal_boundary,measured_graph,0.006587916897525084,0.04275772471685258,8,h1_z
0.002511886431509582,1.000000000011816,6.864091073941381,11237.348461938007,11237.323394375871,-0.025067562135635053,6.864091073941381,bayes_h1_marginal_boundary,measured_graph,0.005159323969650483,0.042706211496136244,8,h1_z
0.0031622776601683794,1.0000000000092653,7.18905696969523,11237.213369864225,11237.160911427995,-0.05245843623006681,7.18905696969523,bayes_h1_marginal_boundary,measured_graph,0.004385583171754882,0.04263455046701248,8,h1_z
0.003981071705534973,1.000000000007352,7.653379339055391,11237.01859955364,11236.928750243314,-0.08984931032449865,7.653379339055391,bayes_h1_marginal_boundary,measured_graph,0.0034769706949038088,0.042561929130249525,8,h1_z
0.005011872336272725,1.0000000000057512,8.80498934998468,11236.490185422268,11236.35294523785,-0.13724018441893068,8.80498934998468,bayes_h1_marginal_boundary,measured_graph,0.001954933972588874,0.0425240729512824,8,h1_z
0.006309573444801936,1.000000000004433,11.24495937969914,11235.327591281506,11235.132960222993,-0.19463105851336257,11.24495937969914,bayes_h1_marginal_boundary,measured_graph,0.0005771641318749555,0.04256060616187489,8,h1_z
0.00794328234724282,1.0000000000034337,15.299767256652558,11233.367578217123,11233.105556284516,-0.26202193260779433,15.299767256652558,bayes_h1_marginal_boundary,measured_graph,7.59991947551599e-05,0.042693676048386434,8,h1_z
0.01,1.0000000000027331,20.812840338712704,11230.688432550189,11230.349019743486,-0.3394128067022262,20.812840338712704,bayes_h1_marginal_boundary,measured_graph,4.826811978471925e-06,0.04291424117799099,8,h1_z
0.012589254117941675,1.000000000002273,27.269507074568537,11227.547490056355,11227.120686375558,-0.42680368079665804,27.269507074568537,bayes_h1_marginal_boundary,measured_graph,1.9125509539261528e-07,0.04318968230709659,8,h1_z
0.01584893192461114,1.0000000000019835,34.14969845662927,11224.204785239419,11223.680590684527,-0.5241945548910899,34.14969845662927,bayes_h1_marginal_boundary,measured_graph,6.131947650650047e-09,0.043486455064397835,8,h1_z
0.01995262314968881,1.0000000000018057,41.191840999414126,11220.791104842121,11220.159519413135,-0.6315854289855218,41.191840999414126,bayes_h1_marginal_boundary,measured_graph,1.8130785294860035e-10,0.04378764629892742,8,h1_z
0.025118864315095822,1.000000000001696,48.42054343530981,11217.294144498268,11216.545168195187,-0.7489763030799538,48.42054343530981,bayes_h1_marginal_boundary,measured_graph,4.883417164986278e-12,0.04409534548295444,8,h1_z
0.03162277660168379,1.000000000001626,56.04910129723066,11213.6072564414,11212.730889264227,-0.8763671771743852,56.04910129723066,bayes_h1_marginal_boundary,measured_graph,1.076969820080909e-13,0.04442463298652526,8,h1_z
0.039810717055349734,1.0000000000015798,64.40065529027197,11209.568870318975,11208.555112267706,-1.0137580512688171,64.40065529027197,bayes_h1_marginal_boundary,measured_graph,1.6545756399438398e-15,0.04479873950039772,8,h1_z
0.05011872336272725,1.0000000000015465,73.88015784899835,11204.976509913706,11203.815360988343,-1.1611489253632492,73.88015784899835,bayes_h1_marginal_boundary,measured_graph,1.4462347741614855e-17,0.04524780343140808,8,h1_z
0.06309573444801936,1.0000000000015288,84.9494230528544,11199.599268185873,11198.280728386415,-1.3185397994576809,84.9494230528544,bayes_h1_marginal_boundary,measured_graph,5.709241334447045e-20,0.04580823883420218,8,h1_z
0.07943282347242822,1.0000000000015314,98.05034057609373,11193.216200298348,11191.730269624795,-1.4859306735521132,98.05034057609373,bayes_h1_marginal_boundary,measured_graph,8.161130214645058e-23,0.04651887383964455,8,h1_z
0.1,1.0000000000015934,113.4703683551852,11185.683577282896,11184.02025573525,-1.663321547646544,113.4703683551852,bayes_h1_marginal_boundary,measured_graph,3.6587591340587896e-26,0.04741281863636421,8,h1_z
1e-05,1.0000000001343765,11.947281021850358,17114.896671327657,17112.52898474379,-2.3676865838692702,11.947281021850358,bayes_h1_marginal_boundary,measured_graph,0.00045139417599893074,0.10084396499891528,9,h1_z
1.2589254117941661e-05,1.0000000003002,11.523038746381644,17114.896183339486,17112.741105881523,-2.155077457963703,11.523038746381644,bayes_h1_marginal_boundary,measured_graph,0.0005580575537311311,0.10084269211723065,9,h1_z
1.584893192461114e-05,1.0000000007223873,11.11692882139323,17114.896629176077,17112.944160844017,-1.952468332058134,11.11692882139323,bayes_h1_marginal_boundary,measured_graph,0.000683698521516921,0.10084043622695116,9,h1_z
1.9952623149688786e-05,1.0000000018376658,10.727239025916788,17114.898864947907,17113.139005741756,-1.7598592061525666,10.727239025916788,bayes_h1_marginal_boundary,measured_graph,0.000830777459189941,0.10083656902005415,9,h1_z
2.5118864315095822e-05,1.0000000048048845,10.351115523699264,17114.904317573113,17113.327067492864,-1.5772500802469966,10.351115523699264,bayes_h1_marginal_boundary,measured_graph,0.001002671995743217,0.10083009415044406,9,h1_z
3.1622776601683795e-05,1.0000000125237059,9.983892144817219,17114.915320136646,17113.510679182305,-1.404640954341429,9.983892144817219,bayes_h1_marginal_boundary,measured_graph,0.0012047596925076054,0.10081945207067083,9,h1_z
3.9810717055349695e-05,1.0000000316997317,9.618078431412869,17114.935617867442,17113.693586039008,-1.2420318284358616,9.618078431412869,bayes_h1_marginal_boundary,measured_graph,0.001446558053575431,0.10080224556394202,9,h1_z
5.011872336272725e-05,1.0000000764566295,9.241896822910348,17114.97109954579,17113.88167684326,-1.089422702530293,9.241896822910348,bayes_h1_marginal_boundary,measured_graph,0.0017459132701033075,0.10077488917766468,9,h1_z
6.309573444801929e-05,1.000000173096716,8.837324012711179,17115.030776824984,17114.08396324836,-0.9468135766247254,8.837324012711179,bayes_h1_marginal_boundary,measured_graph,0.0021373445366734403,0.10073224866283971,9,h1_z
7.943282347242822e-05,1.0000003611237358,8.377851124969311,17115.127904142948,17114.31369969223,-0.8142044507191568,8.377851124969311,bayes_h1_marginal_boundary,measured_graph,0.0026893529662105403,0.10066748990793441,9,h1_z
0.0001,1.0000006740738963,7.826875128230313,17115.280783015412,17114.5891876906,-0.6915953248135883,7.826875128230313,bayes_h1_marginal_boundary,measured_graph,0.0035423439118930588,0.10057264682734157,9,h1_z
0.00012589254117941674,1.000001075903632,7.139091745229962,17115.512065581006,17114.9330793821,-0.5789861989080206,7.139091745229962,bayes_h1_marginal_boundary,measured_graph,0.004996213480044539,0.10044076539198575,9,h1_z
0.00015848931924611142,1.0000013810163366,6.269392283538764,17115.844306185947,17115.367929112945,-0.47637707300245236,6.269392283538764,bayes_h1_marginal_boundary,measured_graph,0.007717805426066769,0.10027036148835751,9,h1_z
0.00019952623149688788,1.0000013276775173,5.194489257388341,17116.289148573116,17115.90538062602,-0.38376794709688455,5.194489257388341,bayes_h1_marginal_boundary,measured_graph,0.013210098374312406,0.10007117256439106,9,h1_z
0.0002511886431509582,1.0000008951174724,3.9458965909070685,17116.830835780453,17116.52967695926,-0.30115882119131615,3.9458965909070685,bayes_h1_marginal_boundary,measured_graph,0.024662352700112113,0.09986648616623743,9,h1_z
0.00031622776601683794,1.000000407122654,2.6347881421388593,17117.41378087893,17117.185231183645,-0.22854969528574837,2.6347881421388593,bayes_h1_marginal_boundary,measured_graph,0.047504864821404834,0.09968615836628446,9,h1_z
0.00039810717055349735,1.0000001258136522,1.4366767368628643,17117.95022745566,17117.784286886283,-0.16594056938017995,1.4366767368628643,bayes_h1_marginal_boundary,measured_graph,0.08647780796699457,0.09955245208701786,9,h1_z
0.0005011872336272725,1.0000000280198793,0.5305909294693265,17118.350661233453,17118.23732978998,-0.11333144347461188,0.5305909294693265,bayes_h1_marginal_boundary,measured_graph,0.13603751991611218,0.09947097119609202,9,h1_z
0.000630957344480193,1.0000000049886006,0.03686555181047879,17118.55491479638,17118.48419247881,-0.07072231756904392,0.03686555181047879,bayes_h1_marginal_boundary,measured_graph,0.17412848012371282,0.09943413735802367,9,h1_z
0.0007943282347242822,1.0000000008151633,-0.0,17118.540738446376,17118.502625254714,-0.03811319166347554,-0.0,bayes_h1_marginal_boundary,measured_graph,0.1773679155495383,0.09943091967367244,9,h1_z
0.001,1.000000000143671,0.41619422259100247,17118.310032209178,17118.29452814342,-0.015504065757907535,0.41619422259100247,bayes_h1_marginal_boundary,measured_graph,0.1440454799738527,0.09945391995667263,9,h1_z
0.0012589254117941675,1.0000000000319733,1.275705159023346,17117.867667615054,17117.864772675202,-0.0028949398523394052,1.275705159023346,bayes_h1_marginal_boundary,measured_graph,0.093725810914534,0.0995018167123061,9,h1_z
0.001584893192461114,1.000000037803463,2.5985761805059155,17117.203622978406,17117.20333716446,-0.0002858139467712683,2.5985761805059155,bayes_h1_marginal_boundary,measured_graph,0.048372820878957605,0.09957954740983631,9,h1_z
0.0019952623149688807,1.0000000216214884,4.459695387384272,17116.280454249063,17116.272777561022,-0.007676688041203171,4.459695387384272,bayes_h1_marginal_boundary,measured_graph,0.019074998536867612,0.09969839441368104,9,h1_z
0.002511886431509582,1.0000000146697108,7.005890747575904,17115.02474744306,17114.999679880926,-0.025067562135635053,7.005890747575904,bayes_h1_marginal_boundary,measured_graph,0.005340294602033649,0.09987656896206247,9,h1_z
0.0031622776601683794,1.0000000111932301,10.463174499818706,17113.323496441033,17113.271038004805,-0.05245843623006681,10.463174499818706,bayes_h1_marginal_boundary,measured_graph,0.0009480376562333304,0.10013972855435538,9,h1_z
0.003981071705534973,1.00000000935596,15.122001015784917,17111.031474057145,17110.94162474682,-0.08984931032449865,15.122001015784917,bayes_h1_marginal_boundary,measured_graph,9.22941690153327e-05,0.10051972725574106,9,h1_z
0.005011872336272725,1.0000000086046916,21.27916080689465,17108.000285035687,17107.863044851267,-0.13724018441893068,21.27916080689465,bayes_h1_marginal_boundary,measured_graph,4.247799438616174e-06,0.10104915669989809,9,h1_z
0.006309573444801936,1.0000000088735623,29.12061463682039,17104.136948994816,17103.942317936304,-0.19463105851336257,29.12061463682039,bayes_h1_marginal_boundary,measured_graph,8.421974826500758e-08,0.10174972395468157,9,h1_z
0.00794328234724282,1.0000000103008342,38.562735959632846,17099.483279207507,17099.221257274898,-0.26202193260779433,38.562735959632846,bayes_h1_marginal_boundary,measured_graph,7.500381345380359e-10,0.10261567616797565,9,h1_z
0.01,1.0000000130269044,49.121815025107935,17094.28113054886,17093.94171774216,-0.3394128067022262,49.121815025107935,bayes_h1_marginal_boundary,measured_graph,3.821276459679986e-12,0.10359890966618267,9,h1_z
0.012589254117941675,1.0000000169188183,59.91849043073307,17088.970183720143,17088.543380039348,-0.42680368079665804,59.91849043073307,bayes_h1_marginal_boundary,measured_graph,1.72878180536762e-14,0.10460717081528874,9,h1_z
0.01584893192461114,1.0000000214259581,69.89294226282072,17084.080348678195,17083.556154123304,-0.5241945548910899,69.89294226282072,bayes_h1_marginal_boundary,measured_graph,1.1798192770086212e-16,0.10552515524289993,9,h1_z
0.01995262314968881,1.0000000259841806,78.16798466526234,17080.05021835107,17079.418632922083,-0.6315854289855218,78.16798466526234,bayes_h1_marginal_boundary,measured_graph,1.8832711842603812e-18,0.10625403674368934,9,h1_z
0.025118864315095822,1.0000000308511359,84.3445435314643,17077.07932979206,17076.330353488982,-0.7489763030799538,84.3445435314643,bayes_h1_marginal_boundary,measured_graph,8.584008618311972e-20,0.10674634490928843,9,h1_z
0.03162277660168379,1.0000000377923814,88.5522622313365,17075.10286131622,17074.226494139046,-0.8763671771743852,88.5522622313365,bayes_h1_marginal_boundary,measured_graph,1.0471180323457416e-20,0.107014535448084,9,h1_z
0.039810717055349734,1.000000050722995,91.28512418400351,17073.87382121398,17072.860063162712,-1.0137580512688171,91.28512418400351,bayes_h1_marginal_boundary,measured_graph,2.670313219082304e-21,0.10711439822089633,9,h1_z
0.05011872336272725,1.0000000000254479,93.1747318292837,17073.076408265435,17071.915259340072,-1.1611489253632492,93.1747318292837,bayes_h1_marginal_boundary,measured_graph,1.0380998278751188e-21,0.10712007260008662,9,h1_z
0.06309573444801936,1.0000000000523437,94.80980288215505,17072.416263613093,17071.097723813637,-1.3185397994576809,94.80980288215505,bayes_h1_marginal_boundary,measured_graph,4.583402012913187e-22,0.10710362648740794,9,h1_z
0.07943282347242822,1.000000000105804,96.62286377571581,17071.67712404041,17070.191193366856,-1.4859306735521132,96.62286377571581,bayes_h1_marginal_boundary,measured_graph,1.8513425399830714e-22,0.1071221819931551,9,h1_z
0.1,1.0000000001773963,98.83035412971367,17070.750769737504,17069.087448189857,-1.663321547646544,98.83035412971367,bayes_h1_marginal_boundary,measured_graph,6.139547173423112e-23,0.10721083268348662,9,h1_z
1e-05,1.0000001299480523,146.8454339273885,11234.259746840127,11231.892060256258,-2.3676865838692702,146.8454339273885,bayes_h1_marginal_boundary,measured_graph,3.981208800973294e-33,0.8418735003096797,10,h1_z
1.2589254117941661e-05,1.0000001885015097,146.4065106638809,11234.266599345976,11232.111521888011,-2.155077457963703,146.4065106638809,bayes_h1_marginal_boundary,measured_graph,4.958221578771535e-33,0.8418530952616249,10,h1_z
1.584893192461114e-05,1.0000002652805278,145.98356480858274,11234.275463147718,11232.32299481566,-1.952468332058134,145.98356480858274,bayes_h1_marginal_boundary,measured_graph,6.125865492973899e-33,0.841826297334109,10,h1_z
1.9952623149688786e-05,1.0000000006148115,145.5752599571315,11234.28700644754,11232.527147241386,-1.7598592061525666,145.5752599571315,bayes_h1_marginal_boundary,measured_graph,7.513282672642333e-33,0.8417909573159318,10,h1_z
2.5118864315095822e-05,1.0000000008117627,145.17980299874762,11234.302125800825,11232.724875720578,-1.5772500802469966,145.17980299874762,bayes_h1_marginal_boundary,measured_graph,9.15592267104646e-33,0.8417435450008196,10,h1_z
3.1622776601683795e-05,1.0000000010400483,144.7946302875498,11234.322103030518,11232.917462076177,-1.404640954341429,144.7946302875498,bayes_h1_marginal_boundary,measured_graph,1.1100468470086278e-32,0.8416794516210071,10,h1_z
3.9810717055349695e-05,1.0000000013185906,144.4161246231306,11234.348746736823,11233.106714908386,-1.2420318284358616,144.4161246231306,bayes_h1_marginal_boundary,measured_graph,1.341321136679942e-32,0.8415917892683067,10,h1_z
5.011872336272725e-05,1.0000000017046147,144.039090267368,11234.384654788799,11233.295232086268,-1.089422702530293,144.039090267368,bayes_h1_marginal_boundary,measured_graph,1.619588701484628e-32,0.8414703944911296,10,h1_z
6.309573444801929e-05,1.0000000023285212,143.65597208015606,11234.4336047565,11233.486791179874,-0.9468135766247254,143.65597208015606,bayes_h1_marginal_boundary,measured_graph,1.961542831733259e-32,0.8413001220201928,10,h1_z
7.943282347242822e-05,1.0000000034815197,143.25565966005888,11234.50115184064,11233.686947389922,-0.8142044507191568,143.25565966005888,bayes_h1_marginal_boundary,measured_graph,2.3962081074791043e-32,0.8410582156331453,10,h1_z
0.0001,1.0000000058638023,142.82165169233485,11234.595546698598,11233.903951373784,-0.6915953248135883,142.82165169233485,bayes_h1_marginal_boundary,measured_graph,2.976926869463609e-32,0.8407102661499206,10,h1_z
0.00012589254117941674,1.0000000113107332,142.32923945159928,11234.72914369306,11234.150157494152,-0.5789861989080206,142.32923945159928,bayes_h1_marginal_boundary,measured_graph,3.807975324209792e-32,0.8402040371685133,10,h1_z
0.00015848931924611142,1.0000000249922543,141.7412037131835,11234.920552436362,11234.44417536336,-0.47637707300245236,141.7412037131835,bayes_h1_marginal_boundary,measured_graph,5.10957129876173e-32,0.839460155054449,10,h1_z
0.00019952623149688788,1.0000000622225373,141.00130606701714,11235.19789213354,11234.814124186443,-0.38376794709688455,141.00130606701714,bayes_h1_marginal_boundary,measured_graph,7.3969246738221e-32,0.8383584020684045,10,h1_z
0.0002511886431509582,1.0000001693724638,140.02463388234173,11235.603619099973,11235.302460278781,-0.30115882119131615,140.02463388234173,bayes_h1_marginal_boundary,measured_graph,1.2054046606749957e-31,0.8367184047236963,10,h1_z
0.00031622776601683794,1.0000004845621153,138.6837873386612,11236.201433245908,11235.972883550621,-0.22854969528574837,138.6837873386612,bayes_h1_marginal_boundary,measured_graph,2.3566440643522675e-31,0.8342746711964969,10,h1_z
0.00039810717055349735,1.000001390471349,136.7904451082468,11237.08549523521,11236.919554665828,-0.16594056938017995,136.7904451082468,bayes_h1_marginal_boundary,measured_graph,6.073346162897312e-31,0.8306501579457438,10,h1_z
0.0005011872336272725,1.0000037849204675,134.07418918772964,11238.39101406956,11238.277682626087,-0.11333144347461188,134.07418918772964,bayes_h1_marginal_boundary,measured_graph,2.3618674130704987e-30,0.8253439370131174,10,h1_z
0.000630957344480193,1.000000327837646,130.16667427965513,11240.302162397693,11240.231440080124,-0.07072231756904392,130.16667427965513,bayes_h1_marginal_boundary,measured_graph,1.6663322338000047e-29,0.8177768954560066,10,h1_z
0.0007943282347242822,1.000000837757537,124.61671317340006,11243.044533824916,11243.006420633252,-0.03811319166347554,124.61671317340006,bayes_h1_marginal_boundary,measured_graph,2.6725161422896645e-28,0.8074531063780879,10,h1_z
0.001,1.0000014101777233,116.977969876938,11246.84129634724,11246.825792281483,-0.015504065757907535,116.977969876938,bayes_h1_marginal_boundary,measured_graph,1.2180142470291492e-26,0.7943488081645287,10,h1_z
0.0012589254117941675,1.0000013252747597,107.02389722922089,11251.805723545194,11251.802828605341,-0.0028949398523394052,107.02389722922089,bayes_h1_marginal_boundary,measured_graph,1.7666551343778797e-24,0.7793618971388164,10,h1_z
0.001584893192461114,1.0000006090007576,95.03485794548396,11257.797634061157,11257.79734824721,-0.0002858139467712683,95.03485794548396,bayes_h1_marginal_boundary,measured_graph,7.088242745018663e-22,0.7642872520886631,10,h1_z
0.0019952623149688807,1.000003147121116,81.88250144218546,11264.3812031869,11264.373526498859,-0.007676688041203171,81.88250144218546,bayes_h1_marginal_boundary,measured_graph,5.087875888238987e-19,0.7508386085474087,10,h1_z
0.002511886431509582,1.0000005331886808,68.65569827509898,11271.011995644538,11270.986928082402,-0.025067562135635053,68.65569827509898,bayes_h1_marginal_boundary,measured_graph,3.790533359398742e-16,0.7395573432775305,10,h1_z
0.0031622776601683794,1.0000000622861789,56.1127283431706,11277.310871484597,11277.258413048366,-0.05245843623006681,56.1127283431706,bayes_h1_marginal_boundary,measured_graph,2.0061880406389346e-13,0.7298134755274249,10,h1_z
0.003981071705534973,1.00000066476113,44.49399966905548,11283.157626695749,11283.067777385424,-0.08984931032449865,44.49399966905548,bayes_h1_marginal_boundary,measured_graph,6.688773843260798e-11,0.7206510961957622,10,h1_z
0.005011872336272725,1.0000001150118336,33.77522742097426,11288.564403693883,11288.427163509465,-0.13724018441893068,33.77522742097426,bayes_h1_marginal_boundary,measured_graph,1.4219958605577147e-08,0.7114916318511867,10,h1_z
0.006309573444801936,1.0000000218329115,24.023921993320982,11293.497447281805,11293.302816223291,-0.19463105851336257,24.023921993320982,bayes_h1_marginal_boundary,measured_graph,1.863663078811291e-06,0.7023634119815199,10,h1_z
0.00794328234724282,1.0000000048458055,15.54873313985081,11297.802432582634,11297.540410650026,-0.26202193260779433,15.54873313985081,bayes_h1_marginal_boundary,measured_graph,0.0001290420570602359,0.6937504184195872,10,h1_z
0.01,1.0000000013269972,8.768966415704199,11301.269706818803,11300.9302940121,-0.3394128067022262,8.768966415704199,bayes_h1_marginal_boundary,measured_graph,0.003827709023536812,0.6862434604250662,10,h1_z
0.012589254117941675,1.0000000004698653,3.9635597659435007,11303.759801017777,11303.33299733698,-0.42680368079665804,3.9635597659435007,bayes_h1_marginal_boundary,measured_graph,0.042307728783571946,0.680223517267842,10,h1_z
0.01584893192461114,1.0000000002121345,1.124494074669201,11305.276724737509,11304.752530182617,-0.5241945548910899,1.124494074669201,bayes_h1_marginal_boundary,measured_graph,0.1749504215854335,0.6757419138837824,10,h1_z
0.01995262314968881,1.0000000001118292,-0.0,11305.946362648938,11305.314777219952,-0.6315854289855218,-0.0,bayes_h1_marginal_boundary,measured_graph,0.3069698903966637,0.6725992604730554,10,h1_z
0.025118864315095822,1.000000000062879,0.24487915894496837,11305.94131394356,11305.19233764048,-0.7489763030799538,0.24487915894496837,bayes_h1_marginal_boundary,measured_graph,0.2715944840600428,0.67050579010379,10,h1_z
0.03162277660168379,1.0000000000362483,1.5569105857866816,11305.412689104232,11304.536321927058,-0.8763671771743852,1.5569105857866816,bayes_h1_marginal_boundary,measured_graph,0.14093437732513547,0.6692117869712428,10,h1_z
0.039810717055349734,1.0000000000214575,3.745689363757265,11304.455690589342,11303.441932538073,-1.0137580512688171,3.745689363757265,bayes_h1_marginal_boundary,measured_graph,0.04717692915540959,0.6685698929127062,10,h1_z
0.05011872336272725,1.0000000000132097,6.752187582027545,11303.0998323543,11301.938683428938,-1.1611489253632492,6.752187582027545,bayes_h1_marginal_boundary,measured_graph,0.010492449202301446,0.6685512708829474,10,h1_z
0.06309573444801936,1.0000000000085654,10.655995083077869,11301.305319477871,11299.986779678413,-1.3185397994576809,10.655995083077869,bayes_h1_marginal_boundary,measured_graph,0.0014899642469808044,0.6692505592853686,10,h1_z
0.07943282347242822,1.0000000000059261,15.68490158023269,11298.958257103388,11297.472326429835,-1.4859306735521132,15.68490158023269,bayes_h1_marginal_boundary,measured_graph,0.00012054874027500972,0.6708952007132111,10,h1_z
0.1,1.0000000000043838,22.22671548938888,11295.864741022904,11294.201419475257,-1.663321547646544,22.22671548938888,bayes_h1_marginal_boundary,measured_graph,4.577473462545631e-06,0.6738628649949862,10,h1_z
1e-05,1.000000000396484,12.650845491145446,16658.3099099226,16655.94222333873,-2.3676865838692702,12.650845491145446,bayes_h1_marginal_boundary,measured_graph,0.0002865138314153757,0.23385207033717142,11,h1_z
1.2589254117941661e-05,1.0000000006487737,12.208932654626551,16658.318257214953,16656.16317975699,-2.155077457963703,12.208932654626551,bayes_h1_marginal_boundary,measured_graph,0.00035735984040184845,0.23384629243088803,11,h1_z
1.584893192461114e-05,1.0000000010929686,11.781238743191352,16658.329495044767,16656.377026712707,-1.952468332058134,11.781238743191352,bayes_h1_marginal_boundary,measured_graph,0.00044256625681663266,0.2338380529646386,11,h1_z
1.9952623149688786e-05,1.0000000019180741,11.365428041957784,16658.344791269476,16656.584932063324,-1.7598592061525666,11.365428041957784,bayes_h1_marginal_boundary,measured_graph,0.0005448418324066355,0.2338261639954438,11,h1_z
2.5118864315095822e-05,1.000000003535804,10.958089936080796,16658.36585119651,16656.788601116263,-1.5772500802469966,10.958089936080796,bayes_h1_marginal_boundary,measured_graph,0.0006679174511069983,0.23380882864024782,11,h1_z
3.1622776601683795e-05,1.000000006849939,10.554215370764723,16658.39517935326,16656.99053839892,-1.404640954341429,10.554215370764723,bayes_h1_marginal_boundary,measured_graph,0.0008173781767258943,0.2337833371752938,11,h1_z
3.9810717055349695e-05,1.0000000138168321,10.146437071904074,16658.436459376786,16657.19442754835,-1.2420318284358616,10.146437071904074,bayes_h1_marginal_boundary,measured_graph,0.0010022382439561716,0.23374564151948496,11,h1_z
5.011872336272725e-05,1.0000000284875503,9.723973079606367,16658.49508224703,16657.4056595445,-1.089422702530293,9.723973079606367,bayes_h1_marginal_boundary,measured_graph,0.0012379635596423775,0.2336898087485958,11,h1_z
6.309573444801929e-05,1.0000000585015267,9.271275228260492,16658.5788220468,16657.632008470173,-0.9468135766247254,9.271275228260492,bayes_h1_marginal_boundary,measured_graph,0.0015524225784696664,0.2336074409766642,11,h1_z
7.943282347242822e-05,1.000000115763086,8.766591920990322,16658.698554574526,16657.884350123808,-0.8142044507191568,8.766591920990322,bayes_h1_marginal_boundary,measured_graph,0.001998023252959388,0.23348736385605,11,h1_z
0.0001,1.00000021168493,8.181167679511418,16658.86865756936,16658.177062244547,-0.6915953248135883,8.181167679511418,bayes_h1_marginal_boundary,measured_graph,0.0026774649669520484,0.23331630389237729,11,h1_z
0.00012589254117941674,1.0000003391797563,7.480799437820679,16659.1062325643,16658.527246365393,-0.5789861989080206,7.480799437820679,bayes_h1_marginal_boundary,measured_graph,0.003800203279326921,0.23308182143269146,11,h1_z
0.00015848931924611142,1.0000004458439482,6.632786334375851,16659.427629990118,16658.951252917115,-0.47637707300245236,6.632786334375851,bayes_h1_marginal_boundary,measured_graph,0.005806982725325942,0.2327787773201523,11,h1_z
0.00019952623149688788,1.0000004459553358,5.621446845027094,16659.840690608886,16659.45692266179,-0.38376794709688455,5.621446845027094,bayes_h1_marginal_boundary,measured_graph,0.009628532792996216,0.2324184116796189,11,h1_z
0.0002511886431509582,1.0000003155508377,4.470640218271001,16660.33348479636,16660.032325975168,-0.30115882119131615,4.470640218271001,bayes_h1_marginal_boundary,measured_graph,0.01711806210724132,0.2320336628622807,11,h1_z
0.00031622776601683794,1.0000001500789397,3.259969832164643,16660.866210863507,16660.63766116822,-0.22854969528574837,3.259969832164643,bayes_h1_marginal_boundary,measured_graph,0.03135799826750292,0.2316709273978416,11,h1_z
0.00039810717055349735,1.000000047558295,2.113400846144941,16661.37688623061,16661.21094566123,-0.16594056938017995,2.113400846144941,bayes_h1_marginal_boundary,measured_graph,0.05563173744170364,0.23136823204370832,11,h1_z
0.0005011872336272725,1.0000000105020665,1.1563056996965315,16661.80282467793,16661.689493234455,-0.11333144347461188,1.1563056996965315,bayes_h1_marginal_boundary,measured_graph,0.08977454114419815,0.23113757762846493,11,h1_z
0.000630957344480193,1.000000001784874,0.4710070932414965,16662.102864855253,16662.032142537682,-0.07072231756904392,0.4710070932414965,bayes_h1_marginal_boundary,measured_graph,0.12646312101066176,0.23096735433674578,11,h1_z
0.0007943282347242822,1.0000000002723344,0.08573154344776412,16662.26289350424,16662.22478031258,-0.03811319166347554,0.08573154344776412,bayes_h1_marginal_boundary,measured_graph,0.15332939367295984,0.23083854513261767,11,h1_z
0.001,1.0000000000460136,-0.0,16662.283150150062,16662.267646084303,-0.015504065757907535,-0.0,bayes_h1_marginal_boundary,measured_graph,0.1600448804594177,0.23073915042253484,11,h1_z
0.0012589254117941675,1.0000000394544035,0.22594170697993832,16662.157570170664,16662.154675230813,-0.0028949398523394052,0.22594170697993832,bayes_h1_marginal_boundary,measured_graph,0.14294835701552128,0.23067131622870854,11,h1_z
0.001584893192461114,1.00000002038179,0.8297486456722254,16661.853057575412,16661.852771761467,-0.0002858139467712683,0.8297486456722254,bayes_h1_marginal_boundary,measured_graph,0.1056973641982334,0.23065490095093996,11,h1_z
0.0019952623149688807,1.0000000139442915,1.970849357334373,16661.289898093677,16661.282221405636,-0.007676688041203171,1.970849357334373,bayes_h1_marginal_boundary,measured_graph,0.059741660037349334,0.2307318200625135,11,h1_z
0.002511886431509582,1.0000000114137595,3.9399136580250342,16660.322756817426,16660.29768925529,-0.025067562135635053,3.9399136580250342,bayes_h1_marginal_boundary,measured_graph,0.022320319451616416,0.23097265301347136,11,h1_z
0.0031622776601683794,1.0000000102239652,7.18629015776969,16658.726959441647,16658.67450100542,-0.05245843623006681,7.18629015776969,bayes_h1_marginal_boundary,measured_graph,0.00440310159208922,0.23148283515838464,11,h1_z
0.003981071705534973,1.0000000095101504,12.300662173314777,16656.20716430797,16656.117314997646,-0.08984931032449865,12.300662173314777,bayes_h1_marginal_boundary,measured_graph,0.00034133980308297357,0.23240037332869265,11,h1_z
0.005011872336272725,1.000000008950091,19.89103270497435,16652.459369916236,16652.322129731816,-0.13724018441893068,19.89103270497435,bayes_h1_marginal_boundary,measured_graph,7.672888988384194e-06,0.23387070798853976,11,h1_z
0.006309573444801936,1.0000000084099245,30.303908453322947,16647.310322916153,16647.11569185764,-0.19463105851336257,30.303908453322947,bayes_h1_marginal_boundary,measured_graph,4.205635943554835e-08,0.23598609463135176,11,h1_z
0.00794328234724282,1.000000007817404,43.26334800111363,16640.897994016355,16640.635972083746,-0.26202193260779433,43.26334800111363,bayes_h1_marginal_boundary,measured_graph,6.452457217205361e-11,0.23870172180211077,11,h1_z
0.01,1.0000000071254942,57.690485120314406,16633.761816330847,16633.422403524146,-0.3394128067022262,57.690485120314406,bayes_h1_marginal_boundary,measured_graph,4.752390437928546e-14,0.2417847845201092,11,h1_z
0.012589254117941675,1.0000000063218633,71.97284074882919,16626.708029390684,16626.28122570989,-0.42680368079665804,71.97284074882919,bayes_h1_marginal_boundary,measured_graph,3.7630327181566944e-17,0.24486334220187225,11,h1_z
0.01584893192461114,1.0000000054423424,84.59932193307031,16620.49217967266,16619.967985117768,-0.5241945548910899,84.59932193307031,bayes_h1_marginal_boundary,measured_graph,6.81918452188654e-20,0.24756918143811524,11,h1_z
0.01995262314968881,1.0000000045586612,94.71773936460522,16615.540361830987,16614.908776402,-0.6315854289855218,94.71773936460522,bayes_h1_marginal_boundary,measured_graph,4.330579485181446e-22,0.2496777170688315,11,h1_z
0.025118864315095822,1.0000000037480343,102.28321822273574,16611.875013276014,16611.126036972935,-0.7489763030799538,102.28321822273574,bayes_h1_marginal_boundary,measured_graph,9.856509701312272e-24,0.2511575305426831,11,h1_z
0.03162277660168379,1.0000000030653264,107.85309008935292,16609.2174682168,16608.341101039627,-0.8763671771743852,107.85309008935292,bayes_h1_marginal_boundary,measured_graph,6.084723464481436e-25,0.25213069835221336,11,h1_z
0.039810717055349734,1.0000000025289482,112.25921983124135,16607.15179421995,16606.138036168682,-1.0137580512688171,112.25921983124135,bayes_h1_marginal_boundary,measured_graph,6.72143384800689e-26,0.2527959260131304,11,h1_z
0.05011872336272725,1.0000000021261246,116.32034317323269,16605.26862342305,16604.107474497687,-1.1611489253632492,116.32034317323269,bayes_h1_marginal_boundary,measured_graph,8.82267334128705e-27,0.2533565176508433,11,h1_z
0.06309573444801936,1.0000000018341082,120.66811833127576,16603.252126718122,16601.933586918665,-1.3185397994576809,120.66811833127576,bayes_h1_marginal_boundary,measured_graph,1.003443259435841e-27,0.2539744906350832,11,h1_z
0.07943282347242822,1.0000000016425172,125.70085871989431,16600.90314739791,16599.417216724356,-1.4859306735521132,125.70085871989431,bayes_h1_marginal_boundary,measured_graph,8.103024091802937e-29,0.2547564612084647,11,h1_z
0.1,1.000000001567109,131.61258502486453,16598.124675119518,16596.46135357187,-1.663321547646544,131.61258502486453,bayes_h1_marginal_boundary,measured_graph,4.2163055274710505e-30,0.25575943759549014,11,h1_z
1e-05,1.0000000012748973,19.85251832164795,16605.858209628655,16603.490523044788,-2.3676865838692702,19.85251832164795,bayes_h1_marginal_boundary,measured_graph,1.2814736537181998e-05,0.08516014295101823,12,h1_z
1.2589254117941661e-05,1.0000000042432262,19.401216019272397,16605.871251653938,16603.716174195975,-2.155077457963703,19.401216019272397,bayes_h1_marginal_boundary,measured_graph,1.6058638865622782e-05,0.08515339494089831,12,h1_z
1.584893192461114e-05,1.0000000138542087,18.953331941789656,16605.892584566776,16603.940116234717,-1.952468332058134,18.953331941789656,bayes_h1_marginal_boundary,measured_graph,2.0089333259460074e-05,0.0851426259237024,12,h1_z
1.9952623149688786e-05,1.0000000433021676,18.499043597512355,16605.927119613007,16604.167260406855,-1.7598592061525666,18.499043597512355,bayes_h1_marginal_boundary,measured_graph,2.5212330054506697e-05,0.0851255473986211,12,h1_z
2.5118864315095822e-05,1.0000001268531062,18.02304986242234,16605.98250735465,16604.4052572744,-1.5772500802469966,18.02304986242234,bayes_h1_marginal_boundary,measured_graph,3.1987014714647554e-05,0.08509866430556934,12,h1_z
3.1622776601683795e-05,1.000000342754113,17.501845971448347,16606.070500174228,16604.665859219887,-1.404640954341429,17.501845971448347,bayes_h1_marginal_boundary,measured_graph,4.150990094478036e-05,0.0850567629398494,12,h1_z
3.9810717055349695e-05,1.0000000034984038,16.900009147015226,16606.20880946054,16604.966777632104,-1.2420318284358616,16.900009147015226,bayes_h1_marginal_boundary,measured_graph,5.608398996780853e-05,0.08499239409465292,12,h1_z
5.011872336272725e-05,1.0000000114969338,16.16618295232911,16606.423113431978,16605.333690729447,-1.089422702530293,16.16618295232911,bayes_h1_marginal_boundary,measured_graph,8.09444798191922e-05,0.08489546050832747,12,h1_z
6.309573444801929e-05,1.0000000322327305,15.229575342127646,16606.748808111173,16605.801994534548,-0.9468135766247254,15.229575342127646,bayes_h1_marginal_boundary,measured_graph,0.0001292912084997366,0.08475395693273428,12,h1_z
7.943282347242822e-05,1.0000000730270606,14.001899927628983,16607.230036692516,16606.415832241797,-0.8142044507191568,14.001899927628983,bayes_h1_marginal_boundary,measured_graph,0.00023886654280747362,0.08455673859496682,12,h1_z
0.0001,1.000000123450574,12.392436060639739,16607.912159500105,16607.22056417529,-0.6915953248135883,12.392436060639739,bayes_h1_marginal_boundary,measured_graph,0.00053412875876006,0.08430004149015981,12,h1_z
0.00012589254117941674,1.0000001407639592,10.347347404785978,16608.822094702125,16608.24310850322,-0.5789861989080206,10.347347404785978,bayes_h1_marginal_boundary,measured_graph,0.0014850166437634898,0.08399704377269712,12,h1_z
0.00015848931924611142,1.000000097516571,7.914954970809049,16609.93568179321,16609.459304720207,-0.47637707300245236,7.914954970809049,bayes_h1_marginal_boundary,measured_graph,0.005010933359776855,0.08368392560164865,12,h1_z
0.00019952623149688788,1.00000269865429,5.305188844446093,16611.147955730485,16610.76418778339,-0.38376794709688455,5.305188844446093,bayes_h1_marginal_boundary,measured_graph,0.018476603578560687,0.08341127238137828,12,h1_z
0.0002511886431509582,1.0000008066356592,2.8747699927989743,16612.280556030404,16611.979397209212,-0.30115882119131615,2.8747699927989743,bayes_h1_marginal_boundary,measured_graph,0.06228463001380125,0.08322114909571028,12,h1_z
0.00031622776601683794,1.0000001604939093,1.0145904298042296,16613.138036685996,16612.90948699071,-0.22854969528574837,1.0145904298042296,bayes_h1_marginal_boundary,measured_graph,0.15787514002470665,0.08312765688313103,12,h1_z
0.00039810717055349735,1.0000000226490062,0.011998560214124154,16613.576723494883,16613.410782925504,-0.16594056938017995,0.011998560214124154,bayes_h1_marginal_boundary,measured_graph,0.26062964173251507,0.08312105291349184,12,h1_z
0.0005011872336272725,1.0000000024583997,-0.0,16613.530113649085,16613.41678220561,-0.11333144347461188,-0.0,bayes_h1_marginal_boundary,measured_graph,0.2621979315587121,0.08318408572638537,12,h1_z
0.000630957344480193,1.000000000224216,1.002943721388874,16612.986032662488,16612.915310344917,-0.07072231756904392,1.002943721388874,bayes_h1_marginal_boundary,measured_graph,0.15879718497717846,0.08330513097745607,12,h1_z
0.0007943282347242822,1.000000057636947,3.018561323217,16611.945614735665,16611.907501544003,-0.03811319166347554,3.018561323217,bayes_h1_marginal_boundary,measured_graph,0.05796381988956618,0.0834827302027667,12,h1_z
0.001,1.000000011483338,6.086250713604386,16610.38916091457,16610.37365684881,-0.015504065757907535,6.086250713604386,bayes_h1_marginal_boundary,measured_graph,0.012503071394726038,0.08372539917242022,12,h1_z
0.0012589254117941675,1.0000000027125988,10.329800266634265,16608.254777012145,16608.251882072294,-0.0028949398523394052,10.329800266634265,bayes_h1_marginal_boundary,measured_graph,0.0014981028623445838,0.08405076649859498,12,h1_z
0.001584893192461114,1.000000000878906,15.982179752070806,16605.42597814352,16605.425692329576,-0.0002858139467712683,15.982179752070806,bayes_h1_marginal_boundary,measured_graph,8.874482221845638e-05,0.08448572128221411,12,h1_z
0.0019952623149688807,1.0000000004214724,23.399803271255223,16601.724557258025,16601.716880569984,-0.007676688041203171,23.399803271255223,bayes_h1_marginal_boundary,measured_graph,2.1748361445439783e-06,0.08506740037426219,12,h1_z
0.002511886431509582,1.0000000002848612,33.063414989715966,16596.91014227289,16596.885074710754,-0.025067562135635053,33.063414989715966,bayes_h1_marginal_boundary,measured_graph,1.733803677681907e-08,0.08584405457074712,12,h1_z
0.0031622776601683794,1.0000000002455056,45.54935399501119,16590.694563644334,16590.642105208106,-0.05245843623006681,45.54935399501119,bayes_h1_marginal_boundary,measured_graph,3.3706426683360746e-11,0.08687393621430224,12,h1_z
0.003981071705534973,1.0000000002521017,61.44261832492339,16582.785322353473,16582.69547304315,-0.08984931032449865,61.44261832492339,bayes_h1_marginal_boundary,measured_graph,1.1927082277222788e-14,0.0882193388081426,12,h1_z
0.005011872336272725,1.0000000002998997,81.164287179432,16572.971878800316,16572.834638615896,-0.13724018441893068,81.164287179432,bayes_h1_marginal_boundary,measured_graph,6.223407464936583e-19,0.08993254498539464,12,h1_z
0.006309573444801936,1.0000000004057095,104.72252757821843,16561.250149475014,16561.055518416502,-0.19463105851336257,104.72252757821843,bayes_h1_marginal_boundary,measured_graph,4.768934221427006e-24,0.09203277106978995,12,h1_z
0.00794328234724282,1.0000000006030834,131.47746803977498,16547.940070118333,16547.678048185724,-0.26202193260779433,131.47746803977498,bayes_h1_marginal_boundary,measured_graph,7.39026189514093e-30,0.09448007342769855,12,h1_z
0.01,1.0000000009345766,160.0848011214257,16533.7137944516,16533.3743816449,-0.3394128067022262,160.0848011214257,bayes_h1_marginal_boundary,measured_graph,4.5358259305823964e-36,0.09716104126823408,12,h1_z
0.012589254117941675,1.0000000014299082,188.74357365486503,16519.471799058974,16519.04499537818,-0.42680368079665804,188.74357365486503,bayes_h1_marginal_boundary,measured_graph,2.713207411799282e-42,0.0999024648411555,12,h1_z
0.01584893192461114,1.0000000020758004,215.68783046075987,16506.097061530123,16505.57286697523,-0.5241945548910899,215.68783046075987,bayes_h1_marginal_boundary,measured_graph,3.82482852748715e-48,0.10251519354674864,12,h1_z
0.01995262314968881,1.0000000028052431,239.6939433746229,16494.201395947286,16493.5698105183,-0.6315854289855218,239.6939433746229,bayes_h1_marginal_boundary,measured_graph,2.3428839900976804e-53,0.10485061436332897,12,h1_z
0.025118864315095822,1.0000000035323038,260.39665717671596,16483.967429920333,16483.218453617254,-0.7489763030799538,260.39665717671596,bayes_h1_marginal_boundary,measured_graph,7.485375688683708e-58,0.10684563913966494,12,h1_z
0.03162277660168379,1.000000004220505,278.32162529454945,16475.13233673551,16474.255969558337,-0.8763671771743852,278.32162529454945,bayes_h1_marginal_boundary,measured_graph,9.590830846315072e-62,0.10853823511673218,12,h1_z
0.039810717055349734,1.0000000049297004,294.6264070528705,16467.117336730444,16466.103578679176,-1.0137580512688171,294.6264070528705,bayes_h1_marginal_boundary,measured_graph,2.7625990508212217e-65,0.1100458433106252,12,h1_z
0.05011872336272725,1.000000005804967,310.6515562548593,16459.252153003545,16458.091004078182,-1.1611489253632492,310.6515562548593,bayes_h1_marginal_boundary,measured_graph,9.151682047162931e-69,0.1115164128695437,12,h1_z
0.06309573444801936,1.000000007030322,327.4738469136573,16450.99839854824,16449.679858748783,-1.3185397994576809,327.4738469136573,bayes_h1_marginal_boundary,measured_graph,2.0351054632953727e-72,0.11307584334507481,12,h1_z
0.07943282347242822,1.000000008789998,345.6258283892312,16442.08979868455,16440.603868010996,-1.4859306735521132,345.6258283892312,bayes_h1_marginal_boundary,measured_graph,2.3277386887212176e-76,0.11479279625687908,12,h1_z
0.1,1.0000000112630631,365.0598910053159,16432.5501582506,16430.886836702954,-1.663321547646544,365.0598910053159,bayes_h1_marginal_boundary,measured_graph,1.4024298514746495e-80,0.11667108640942844,12,h1_z
1e-05,1.0000000097289408,22.179136151171406,17862.481258205687,17860.11357162182,-2.3676865838692702,22.179136151171406,bayes_h1_marginal_boundary,measured_graph,3.3153284601809484e-06,0.07095130493497913,13,h1_z
1.2589254117941661e-05,1.0000000318115008,21.674258776241913,17862.521087767247,17860.366010309284,-2.155077457963703,21.674258776241913,bayes_h1_marginal_boundary,measured_graph,4.2673600859841125e-06,0.07093692932587964,13,h1_z
1.584893192461114e-05,1.0000000970458296,21.14151382921409,17862.584851114858,17860.6323827828,-1.952468332058134,21.14151382921409,bayes_h1_marginal_boundary,measured_graph,5.569848546962243e-06,0.07091433072516497,13,h1_z
1.9952623149688786e-05,1.0000002712312188,20.554031129504438,17862.685983338804,17860.926124132653,-1.7598592061525666,20.554031129504438,bayes_h1_marginal_boundary,measured_graph,7.471600345716512e-06,0.07087916745200926,13,h1_z
2.5118864315095822e-05,1.0000006837277815,19.87158282934979,17862.84459836298,17861.26734828273,-1.5772500802469966,19.87158282934979,bayes_h1_marginal_boundary,measured_graph,1.0510064928481494e-05,0.07082525914703212,13,h1_z
3.1622776601683795e-05,1.0000000092380543,19.03605095526291,17863.089755174115,17861.685114219774,-1.404640954341429,19.03605095526291,bayes_h1_marginal_boundary,measured_graph,1.596021877595828e-05,0.0707444778736177,13,h1_z
3.9810717055349695e-05,1.0000000254181223,17.96903721083072,17863.460652920425,17862.21862109199,-1.2420318284358616,17.96903721083072,bayes_h1_marginal_boundary,measured_graph,2.721058826249052e-05,0.07062729669050279,13,h1_z
5.011872336272725e-05,1.000000055108263,16.575415030340082,17864.004854884766,17862.915432182235,-1.089422702530293,16.575415030340082,bayes_h1_marginal_boundary,measured_graph,5.4620936528577605e-05,0.07046562533729993,13,h1_z
6.309573444801929e-05,1.0000000867308418,14.76342023840698,17864.768243154827,17863.8214295782,-0.9468135766247254,14.76342023840698,bayes_h1_marginal_boundary,measured_graph,0.00013515397149516564,0.07025820226767966,13,h1_z
7.943282347242822e-05,1.0000000896356809,12.489831119404698,17865.77242858842,17864.958224137703,-0.8142044507191568,12.489831119404698,bayes_h1_marginal_boundary,measured_graph,0.00042124272758468527,0.07001773065134122,13,h1_z
0.0001,1.0000000551767976,9.824864698537567,17866.98230267295,17866.290707348136,-0.6915953248135883,9.824864698537567,bayes_h1_marginal_boundary,measured_graph,0.0015966970456471434,0.06977353471183838,13,h1_z
0.00012589254117941674,1.0000015807559373,6.994411074221716,17868.2849203592,17867.705934160294,-0.5789861989080206,6.994411074221716,bayes_h1_marginal_boundary,measured_graph,0.006574272734561816,0.06956213029589749,13,h1_z
0.00015848931924611142,1.0000004364146537,4.337338276789524,17869.510847632013,17869.03447055901,-0.47637707300245236,4.337338276789524,bayes_h1_marginal_boundary,measured_graph,0.024821255431634028,0.06940937108421648,13,h1_z
0.00019952623149688788,1.0000000818049188,2.181039661052637,17870.496387813975,17870.11261986688,-0.38376794709688455,2.181039661052637,bayes_h1_marginal_boundary,measured_graph,0.07295550011564661,0.06931940008033617,13,h1_z
0.0002511886431509582,1.0000000111437461,0.7248879567123367,17871.14185454024,17870.84069571905,-0.30115882119131615,0.7248879567123367,bayes_h1_marginal_boundary,measured_graph,0.15109752964232068,0.06928051020175444,13,h1_z
0.00031622776601683794,1.0000000011920196,0.01571482475992525,17871.42383198031,17871.195282285025,-0.22854969528574837,0.01571482475992525,bayes_h1_marginal_boundary,measured_graph,0.21540330022071968,0.06927716201304894,13,h1_z
0.00039810717055349735,1.0000000001078018,-0.0,17871.369080266784,17871.203139697405,-0.16594056938017995,-0.0,bayes_h1_marginal_boundary,measured_graph,0.21710247961303789,0.06929785748625233,13,h1_z
0.0005011872336272725,1.000000034472622,0.5932137456475175,17871.019864268055,17870.90653282458,-0.11333144347461188,0.5932137456475175,bayes_h1_marginal_boundary,measured_graph,0.16138012799048346,0.06933696974348377,13,h1_z
0.000630957344480193,1.0000000063162842,1.72911508505058,17870.40930447245,17870.33858215488,-0.07072231756904392,1.72911508505058,bayes_h1_marginal_boundary,measured_graph,0.09145179069830582,0.06939374523069536,13,h1_z
0.0007943282347242822,1.0000000012041925,3.3851317496664706,17869.548687014234,17869.510573822572,-0.03811319166347554,3.3851317496664706,bayes_h1_marginal_boundary,measured_graph,0.039956989915797464,0.06947105783798414,13,h1_z
0.001,1.0000000002612415,5.593815590720624,17868.421735967804,17868.406231902045,-0.015504065757907535,5.593815590720624,bayes_h1_marginal_boundary,measured_graph,0.013242901896731869,0.06957486253854678,13,h1_z
0.0012589254117941675,1.0000000000730556,8.450168988223595,17866.980950143145,17866.978055203293,-0.0028949398523394052,8.450168988223595,bayes_h1_marginal_boundary,measured_graph,0.0031749281565552944,0.0697143475313458,13,h1_z
0.001584893192461114,1.0000000000293685,12.119639941753121,17865.143605540474,17865.14331972653,-0.0002858139467712683,12.119639941753121,bayes_h1_marginal_boundary,measured_graph,0.0005068954688265086,0.06990258945081257,13,h1_z
0.0019952623149688807,1.0000000000170661,16.845968191591965,17862.78783228965,17862.78015560161,-0.007676688041203171,16.845968191591965,bayes_h1_marginal_boundary,measured_graph,4.770998387411708e-05,0.07015737585641511,13,h1_z
0.002511886431509582,1.000000000013018,22.95099026930984,17859.752712124886,17859.72764456275,-0.025067562135635053,22.95099026930984,bayes_h1_marginal_boundary,measured_graph,2.2538269604209867e-06,0.07050158428474529,13,h1_z
0.0031622776601683794,1.0000000000115896,30.809364949032897,17855.850915659117,17855.79845722289,-0.05245843623006681,30.809364949032897,bayes_h1_marginal_boundary,measured_graph,4.430943268410338e-08,0.07096197855525259,13,h1_z
0.003981071705534973,1.0000000000109974,40.77458696085523,17850.9056955273,17850.815846216978,-0.08984931032449865,40.77458696085523,bayes_h1_marginal_boundary,measured_graph,3.0379157413299967e-10,0.07156479523621491,13,h1_z
0.005011872336272725,1.0000000000103566,53.043556303826335,17844.818601729912,17844.681361545492,-0.13724018441893068,53.043556303826335,bayes_h1_marginal_boundary,measured_graph,6.582682100685587e-13,0.07232700962597516,13,h1_z
0.006309573444801936,1.000000000009078,67.4902954372883,17837.652623037273,17837.45799197876,-0.19463105851336257,67.4902954372883,bayes_h1_marginal_boundary,measured_graph,4.801018047345703e-16,0.0732447890362568,13,h1_z
0.00794328234724282,1.0000000000070195,83.55136112099717,17829.689481069516,17829.427459136907,-0.26202193260779433,83.55136112099717,bayes_h1_marginal_boundary,measured_graph,1.5621302361364487e-19,0.07428416589142503,13,h1_z
0.01,1.0000000000046687,100.23730611366773,17821.423899447273,17821.08448664057,-0.3394128067022262,100.23730611366773,bayes_h1_marginal_boundary,measured_graph,3.7188642085790743e-23,0.07537913039887191,13,h1_z
0.012589254117941675,1.0000000000028086,116.27345352465636,17813.493216615872,17813.066412935077,-0.42680368079665804,116.27345352465636,bayes_h1_marginal_boundary,measured_graph,1.2251948283219221e-26,0.07643861070968797,13,h1_z
0.01584893192461114,1.0000000000018767,130.34323870814842,17806.555714898223,17806.03152034333,-0.5241945548910899,130.34323870814842,bayes_h1_marginal_boundary,measured_graph,1.0789221808364404e-29,0.07736246342839653,13,h1_z
0.01995262314968881,1.0000000000018687,141.41381401735998,17801.12781811771,17800.496232688725,-0.6315854289855218,141.41381401735998,bayes_h1_marginal_boundary,measured_graph,4.256427470493007e-32,0.0780666212513491,13,h1_z
0.025118864315095822,1.0000000000026648,149.04769228282385,17797.428269859072,17796.679293555993,-0.7489763030799538,149.04769228282385,bayes_h1_marginal_boundary,measured_graph,9.362021503316515e-34,0.0785100432981577,13,h1_z
0.03162277660168379,1.0000000000038376,153.53324404976593,17795.312884849696,17794.436517672522,-0.8763671771743852,153.53324404976593,bayes_h1_marginal_boundary,measured_graph,9.939040126651338e-35,0.07870849596260199,13,h1_z
0.039810717055349734,1.0000000000045146,155.76865417369845,17794.332570661823,17793.318812610556,-1.0137580512688171,155.76865417369845,bayes_h1_marginal_boundary,measured_graph,3.2503587904311403e-35,0.07872762843886091,13,h1_z
0.05011872336272725,1.0000000000043765,156.99408713257435,17793.86724505648,17792.706096131118,-1.1611489253632492,156.99408713257435,bayes_h1_marginal_boundary,measured_graph,1.7612942495586523e-35,0.07866213121388953,13,h1_z
0.06309573444801936,1.000000000003971,158.5012360552355,17793.271061469244,17791.952521669788,-1.3185397994576809,158.5012360552355,bayes_h1_marginal_boundary,measured_graph,8.290079338849705e-36,0.07861218007514449,13,h1_z
0.07943282347242822,1.0000000000037923,161.3892164548888,17791.994462143513,17790.50853146996,-1.4859306735521132,161.3892164548888,bayes_h1_marginal_boundary,measured_graph,1.9563281819131136e-36,0.07866370757973426,13,h1_z
0.1,1.0000000000038418,166.3814386041995,17789.675741942952,17788.012420395306,-1.663321547646544,166.3814386041995,bayes_h1_marginal_boundary,measured_graph,1.6121091585947518e-37,0.0788739970404655,13,h1_z
1e-05,1.000000003202373,141.442045525946,13160.085411828699,13157.71772524483,-2.3676865838692702,141.442045525946,bayes_h1_marginal_boundary,measured_graph,1.0374361924239876e-31,0.0549337111399898,14,h1_z
1.2589254117941661e-05,1.000000008460511,140.9356408421154,13160.126005044709,13157.970927586744,-2.155077457963703,140.9356408421154,bayes_h1_marginal_boundary,measured_graph,1.3363670987290709e-31,0.05492194646838161,14,h1_z
1.584893192461114e-05,1.000000021106268,140.41852968198873,13160.181951498866,13158.229483166808,-1.952468332058134,140.41852968198873,bayes_h1_marginal_boundary,measured_graph,1.7306730722190692e-31,0.05490488524369927,14,h1_z
1.9952623149688786e-05,1.0000000478981017,139.87886858874845,13160.259172919581,13158.499313713428,-1.7598592061525666,139.87886858874845,bayes_h1_marginal_boundary,measured_graph,2.266736061815478e-31,0.05488038714373132,14,h1_z
2.5118864315095822e-05,1.0000000953284358,139.30166694679792,13160.36516461465,13158.787914534403,-1.5772500802469966,139.30166694679792,bayes_h1_marginal_boundary,measured_graph,3.0250927722574544e-31,0.054845946773561485,14,h1_z
3.1622776601683795e-05,1.00000015957027,138.6702262908875,13160.5082758167,13159.103634862358,-1.404640954341429,138.6702262908875,bayes_h1_marginal_boundary,measured_graph,4.148148489092075e-31,0.05479926723499325,14,h1_z
3.9810717055349695e-05,1.000000213032891,137.97069121232198,13160.695434230078,13159.453402401641,-1.2420318284358616,137.97069121232198,bayes_h1_marginal_boundary,measured_graph,5.885134685963864e-31,0.05473947256798215,14,h1_z
5.011872336272725e-05,1.000000212744598,137.20100681829354,13160.927667301186,13159.838244598655,-1.089422702530293,137.20100681829354,bayes_h1_marginal_boundary,measured_graph,8.647513506976662e-31,0.054668729829312396,14,h1_z
6.309573444801929e-05,1.0000001490467316,136.3823613159475,13161.194380926454,13160.247567349828,-0.9468135766247254,136.3823613159475,bayes_h1_marginal_boundary,measured_graph,1.3021405430850354e-30,0.05459304987754086,14,h1_z
7.943282347242822e-05,1.000000070131839,135.5645921189389,13161.470656399051,13160.656451948333,-0.8142044507191568,135.5645921189389,bayes_h1_marginal_boundary,measured_graph,1.959901232640667e-30,0.05452052360635997,14,h1_z
0.0001,1.000000022140313,134.81415011456556,13161.723268275333,13161.03167295052,-0.6915953248135883,134.81415011456556,bayes_h1_marginal_boundary,measured_graph,2.8522697551945507e-30,0.054457180290117584,14,h1_z
0.00012589254117941674,1.0000000049520705,134.18502519387403,13161.925221609774,13161.346235410865,-0.5789861989080206,134.18502519387403,bayes_h1_marginal_boundary,measured_graph,3.906639505717898e-30,0.05440379241084075,14,h1_z
0.00015848931924611142,1.0000000008778218,133.69153045105122,13162.069359855279,13161.592982782277,-0.47637707300245236,133.69153045105122,bayes_h1_marginal_boundary,measured_graph,4.9999350102853755e-30,0.05435632367669075,14,h1_z
0.00019952623149688788,1.000000000145857,133.30111868149106,13162.171956614153,13161.788188667057,-0.38376794709688455,133.30111868149106,bayes_h1_marginal_boundary,measured_graph,6.077727132444353e-30,0.05430863757351037,14,h1_z
0.0002511886431509582,1.000000000028051,132.94530330050839,13162.26725517874,13161.966096357548,-0.30115882119131615,132.94530330050839,bayes_h1_marginal_boundary,measured_graph,7.261151969092448e-30,0.05425457802062377,14,h1_z
0.00031622776601683794,1.000000031232752,132.53420136959176,13162.400197018293,13162.171647323006,-0.22854969528574837,132.53420136959176,bayes_h1_marginal_boundary,measured_graph,8.918158286372694e-30,0.05418843249067958,14,h1_z
0.00039810717055349735,1.0000000171813996,131.9643327362828,13162.622522209042,13162.45658163966,-0.16594056938017995,131.9643327362828,bayes_h1_marginal_boundary,measured_graph,1.1858249334926256e-29,0.05410440067501137,14,h1_z
0.0005011872336272725,1.000000011896434,131.11788812981467,13162.993135386369,13162.879803942895,-0.11333144347461188,131.11788812981467,bayes_h1_marginal_boundary,measured_graph,1.8106048885754084e-29,0.05399576522435069,14,h1_z
0.000630957344480193,1.0000000094584465,129.85590107265307,13163.581519789044,13163.510797471476,-0.07072231756904392,129.85590107265307,bayes_h1_marginal_boundary,measured_graph,3.402990182675516e-29,0.05385408619630542,14,h1_z
0.0007943282347242822,1.0000000080127613,128.00860487279715,13164.472558763067,13164.434445571404,-0.03811319166347554,128.00860487279715,bayes_h1_marginal_boundary,measured_graph,8.57029890907276e-29,0.053668480731185714,14,h1_z
0.001,1.000000006906838,125.3666094554028,13165.770947345858,13165.7554432801,-0.015504065757907535,125.3666094554028,bayes_h1_marginal_boundary,measured_graph,3.2114264848762626e-28,0.05342511552933979,14,h1_z
0.0012589254117941675,1.0000000059032683,121.67826950726521,13167.602508194022,13167.59961325417,-0.0028949398523394052,121.67826950726521,bayes_h1_marginal_boundary,measured_graph,2.03053662887187e-27,0.0531072277638868,14,h1_z
0.001584893192461114,1.0000000049343887,116.66095683110689,13170.108555406196,13170.108269592249,-0.0002858139467712683,116.66095683110689,bayes_h1_marginal_boundary,measured_graph,2.4952061533984234e-26,0.05269621112874845,14,h1_z
0.0019952623149688807,1.000000004010441,110.03282092392328,13173.430014233882,13173.42233754584,-0.007676688041203171,110.03282092392328,bayes_h1_marginal_boundary,measured_graph,6.861006924753773e-25,0.0521742287889972,14,h1_z
0.002511886431509582,1.0000000031699006,101.5607829141918,13177.683424112842,13177.658356550706,-0.025067562135635053,101.5607829141918,bayes_h1_marginal_boundary,measured_graph,4.7431573989843144e-23,0.05152800607553076,14,h1_z
0.0031622776601683794,1.0000000024440319,91.10386910435045,13182.939271891857,13182.886813455627,-0.05245843623006681,91.10386910435045,bayes_h1_marginal_boundary,measured_graph,8.846215591717846e-21,0.05075221423086456,14,h1_z
0.003981071705534973,1.0000000018400532,78.63891422667803,13189.209140204788,13189.119290894463,-0.08984931032449865,78.63891422667803,bayes_h1_marginal_boundary,measured_graph,4.5028562185574914e-18,0.04985129992608901,14,h1_z
0.005011872336272725,1.000000001348574,64.31299979133473,13196.419488296553,13196.282248112135,-0.13724018441893068,64.31299979133473,bayes_h1_marginal_boundary,measured_graph,5.811936670736885e-15,0.04884229361090805,14,h1_z
0.006309573444801936,1.0000000009616934,48.60655465534728,13204.330101738642,13204.135470680128,-0.19463105851336257,48.60655465534728,bayes_h1_marginal_boundary,measured_graph,1.4960017440670157e-11,0.047763341847524676,14,h1_z
0.00794328234724282,1.0000000006785363,32.58427136391401,13212.408634258452,13212.146612325845,-0.26202193260779433,32.58427136391401,bayes_h1_marginal_boundary,measured_graph,4.5094825459359005e-08,0.04668569209958595,14,h1_z
0.01,1.0000000004948926,17.983131377812242,13219.786595125599,13219.447182318896,-0.3394128067022262,17.983131377812242,bayes_h1_marginal_boundary,measured_graph,6.679192694811973e-05,0.04571427974565449,14,h1_z
0.012589254117941675,1.0000000003955596,6.829436054475082,13225.450833661362,13225.024029980565,-0.42680368079665804,6.829436054475082,bayes_h1_marginal_boundary,measured_graph,0.017648920179138376,0.044962341143760465,14,h1_z
0.01584893192461114,1.0000000003610146,0.6685662010277156,13228.62865946218,13228.104464907288,-0.5241945548910899,0.6685662010277156,bayes_h1_marginal_boundary,measured_graph,0.3841793606560345,0.044509576002224716,14,h1_z
0.01995262314968881,1.0000000003776879,-0.0,13229.070333436788,13228.438748007802,-0.6315854289855218,-0.0,bayes_h1_marginal_boundary,measured_graph,0.5366749634808381,0.04437661182096953,14,h1_z
0.025118864315095822,1.0000000004439928,4.363516437329963,13227.005966092218,13226.256989789137,-0.7489763030799538,4.363516437329963,bayes_h1_marginal_boundary,measured_graph,0.060559987966662815,0.04453456361899365,14,h1_z
0.03162277660168379,1.0000000005748846,12.855103959009284,13222.887563205471,13222.011196028297,-0.8763671771743852,12.855103959009284,bayes_h1_marginal_boundary,measured_graph,0.0008674830116965866,0.04493423958389089,14,h1_z
0.039810717055349734,1.0000000008117385,24.597550695463724,13217.15373071134,13216.13997266007,-1.0137580512688171,24.597550695463724,bayes_h1_marginal_boundary,measured_graph,2.445800715568352e-06,0.04553076526852334,14,h1_z
0.05011872336272725,1.0000000012485732,38.9523953671378,13210.123699249596,13208.962550324233,-1.1611489253632492,38.9523953671378,bayes_h1_marginal_boundary,measured_graph,1.867695846521898e-09,0.04629421770726896,14,h1_z
0.06309573444801936,1.0000000020985165,55.490398116126016,13202.012088749198,13200.69354894974,-1.3185397994576809,55.490398116126016,bayes_h1_marginal_boundary,measured_graph,4.787673054322898e-13,0.04720745596315403,14,h1_z
0.07943282347242822,1.0000000038780603,73.82616161771512,13193.011597872497,13191.525667198945,-1.4859306735521132,73.82616161771512,bayes_h1_marginal_boundary,measured_graph,4.9953282324919296e-17,0.048256077804381944,14,h1_z
0.1,1.0000000079524025,93.47946153104931,13183.362338789924,13181.699017242277,-1.663321547646544,93.47946153104931,bayes_h1_marginal_boundary,measured_graph,2.6971442752987994e-21,0.04941914404170979,14,h1_z
1e-05,1.0000001638710536,85.01163228153018,13066.13688215317,13063.7691955693,-2.3676865838692702,85.01163228153018,bayes_h1_marginal_boundary,measured_graph,3.6593700340007533e-20,0.17950346630628092,15,h1_z
1.2589254117941661e-05,1.000000000850742,84.47336067292781,13066.193408831567,13064.038331373602,-2.155077457963703,84.47336067292781,bayes_h1_marginal_boundary,measured_graph,4.789503799038975e-20,0.17944600957586737,15,h1_z
1.584893192461114e-05,1.000000003771942,83.89013516202976,13066.282412461109,13064.329944129051,-1.952468332058134,83.89013516202976,bayes_h1_marginal_boundary,measured_graph,6.411155824364298e-20,0.17935540794752916,15,h1_z
1.9952623149688786e-05,1.0000000157232767,83.22475081424273,13066.422495509098,13064.662636302945,-1.7598592061525666,83.22475081424273,bayes_h1_marginal_boundary,measured_graph,8.941753799483636e-20,0.17921291145126744,15,h1_z
2.5118864315095822e-05,1.0000000617983291,82.41922163850177,13066.642650971062,13065.065400890815,-1.5772500802469966,82.41922163850177,bayes_h1_marginal_boundary,measured_graph,1.3376458482466383e-19,0.178989670420838,15,h1_z
3.1622776601683795e-05,1.0000002289786083,81.38400737919801,13066.987648974808,13065.583008020467,-1.404640954341429,81.38400737919801,bayes_h1_marginal_boundary,measured_graph,2.244579882442717e-19,0.17864216318768203,15,h1_z
3.9810717055349695e-05,1.0000007916086038,79.98301050074588,13067.52553828813,13066.283506459693,-1.2420318284358616,79.98301050074588,bayes_h1_marginal_boundary,measured_graph,4.5222823366423695e-19,0.17810681375122686,15,h1_z
5.011872336272725e-05,1.000002488424947,78.01481996104849,13068.357024432073,13067.267601729542,-1.089422702530293,78.01481996104849,bayes_h1_marginal_boundary,measured_graph,1.209887021990567e-18,0.17729589360553108,15,h1_z
6.309573444801929e-05,1.00000022685359,75.19456651462315,13069.62454202938,13068.677728452754,-0.9468135766247254,75.19456651462315,bayes_h1_marginal_boundary,measured_graph,4.956271320868355e-18,0.17610143003971618,15,h1_z
7.943282347242822e-05,1.0000006827034706,71.15350539466453,13071.512463463452,13070.698259012734,-0.8142044507191568,71.15350539466453,bayes_h1_marginal_boundary,measured_graph,3.738181170889668e-17,0.17441778123170107,15,h1_z
0.0001,1.0000013765625477,65.48958864644737,13074.221812711656,13073.530217386842,-0.6915953248135883,65.48958864644737,bayes_h1_marginal_boundary,measured_graph,6.346937774201386e-16,0.1722076072881787,15,h1_z
0.00012589254117941674,1.0000015800557638,57.929621193561616,13077.889187312194,13077.310201113285,-0.5789861989080206,57.929621193561616,bayes_h1_marginal_boundary,measured_graph,2.7809316480567264e-14,0.16960220107744126,15,h1_z
0.00015848931924611142,1.0000008843239467,48.613130181758606,13082.444823692189,13081.968446619187,-0.47637707300245236,48.613130181758606,bayes_h1_marginal_boundary,measured_graph,2.9325176394183154e-12,0.16695289385545023,15,h1_z
0.00019952623149688788,1.0000046174201511,38.311208201343106,13087.50317555649,13087.119407609394,-0.38376794709688455,38.311208201343106,bayes_h1_marginal_boundary,measured_graph,5.061445532668072e-10,0.16469052753615213,15,h1_z
0.0002511886431509582,1.000000800022665,28.237937373647583,13092.457201844434,13092.156043023242,-0.30115882119131615,28.237937373647583,bayes_h1_marginal_boundary,measured_graph,7.792154146089963e-08,0.16306571510427703,15,h1_z
0.00031622776601683794,1.000000083622286,19.49216185966725,13096.757480475519,13096.528930780232,-0.22854969528574837,19.49216185966725,bayes_h1_marginal_boundary,measured_graph,6.17701360820515e-06,0.16205225567446088,15,h1_z
0.00039810717055349735,1.0000006027129837,12.634026167903357,13100.123939195495,13099.957998626114,-0.16594056938017995,12.634026167903357,bayes_h1_marginal_boundary,measured_graph,0.00019054773976986077,0.16147493393550558,15,h1_z
0.0005011872336272725,1.0000000689848234,7.679435756956082,13102.548625275062,13102.435293831588,-0.11333144347461188,7.679435756956082,bayes_h1_marginal_boundary,measured_graph,0.002269234822636339,0.1611527705012301,15,h1_z
0.000630957344480193,1.0000000072914208,4.329302832524263,13104.181082611372,13104.110360293804,-0.07072231756904392,4.329302832524263,bayes_h1_marginal_boundary,measured_graph,0.012115785078364116,0.1609588971849576,15,h1_z
0.0007943282347242822,1.000000000780455,2.193353692535311,13105.216448055462,13105.178334863798,-0.03811319166347554,2.193353692535311,bayes_h1_marginal_boundary,measured_graph,0.03525064138244982,0.16082100581352768,15,h1_z
0.001,1.0000000000927178,0.9201601107488386,13105.830435720449,13105.814931654691,-0.015504065757907535,0.9201601107488386,bayes_h1_marginal_boundary,measured_graph,0.06662504215676737,0.16070328346725424,15,h1_z
0.0012589254117941675,1.0000000485227298,0.246211172612675,13106.154801063612,13106.15190612376,-0.0028949398523394052,0.246211172612675,bayes_h1_marginal_boundary,measured_graph,0.09332191654629775,0.16059086745654244,15,h1_z
0.001584893192461114,1.0000000161382538,-0.0,13106.275297524013,13106.275011710066,-0.0002858139467712683,-0.0,bayes_h1_marginal_boundary,measured_graph,0.10554744533174033,0.16048032543430676,15,h1_z
0.0019952623149688807,1.000000006485193,0.08435583032041905,13106.240510482947,13106.232833794906,-0.007676688041203171,0.08435583032041905,bayes_h1_marginal_boundary,measured_graph,0.10118825121971355,0.16037375022561975,15,h1_z
0.002511886431509582,1.0000000030958556,0.44352412243097206,13106.078317210986,13106.05324964885,-0.025067562135635053,0.44352412243097206,bayes_h1_marginal_boundary,measured_graph,0.0845546870785955,0.1602731560733372,15,h1_z
0.0031622776601683794,1.0000000016938626,1.0149058876013441,13105.820017202495,13105.767558766265,-0.05245843623006681,1.0149058876013441,bayes_h1_marginal_boundary,measured_graph,0.063542414436578,0.16017283927926285,15,h1_z
0.003981071705534973,1.0000000010255128,1.677006860216352,13105.526357590283,13105.436508279958,-0.08984931032449865,1.677006860216352,bayes_h1_marginal_boundary,measured_graph,0.04563418654193531,0.1600513648606413,15,h1_z
0.005011872336272725,1.0000000006726089,2.231122060718917,13105.296690864125,13105.159450679706,-0.13724018441893068,2.231122060718917,bayes_h1_marginal_boundary,measured_graph,0.03459120781044758,0.1598704642457976,15,h1_z
0.006309573444801936,1.0000000004748846,2.4582803135272115,13105.240502611816,13105.045871553302,-0.19463105851336257,2.4582803135272115,bayes_h1_marginal_boundary,measured_graph,0.030877273067066585,0.15958876266477268,15,h1_z
0.00794328234724282,1.0000000003611202,2.2383654152326926,13105.417850935057,13105.15582900245,-0.26202193260779433,2.2383654152326926,bayes_h1_marginal_boundary,measured_graph,0.03446615620479734,0.15918701425695408,15,h1_z
0.01,1.0000000002956384,1.6493734683353978,13105.789737782601,13105.450324975898,-0.3394128067022262,1.6493734683353978,bayes_h1_marginal_boundary,measured_graph,0.04626907616022101,0.15868789090560823,15,h1_z
0.012589254117941675,1.0000000002592986,0.9746662472862226,13106.21448226722,13105.787678586423,-0.42680368079665804,0.9746662472862226,bayes_h1_marginal_boundary,measured_graph,0.06483382429038728,0.15815613407244375,15,h1_z
0.01584893192461114,1.0000000002412295,0.6252825541669154,13106.486564987874,13105.962370432982,-0.5241945548910899,0.6252825541669154,bayes_h1_marginal_boundary,measured_graph,0.07720925193160935,0.15768144303631493,15,h1_z
0.01995262314968881,1.0000000002346665,1.028938149145688,13106.392128064479,13105.760542635493,-0.6315854289855218,1.028938149145688,bayes_h1_marginal_boundary,measured_graph,0.06309815286837807,0.15735525635082337,15,h1_z
0.025118864315095822,1.000000000235098,2.5241475988914317,13105.761914213701,13105.01293791062,-0.7489763030799538,2.5241475988914317,bayes_h1_marginal_boundary,measured_graph,0.02987693479482957,0.15724922227434787,15,h1_z
0.03162277660168379,1.0000000002397562,5.292959414764482,13104.504899179858,13103.628532002684,-0.8763671771743852,5.292959414764482,bayes_h1_marginal_boundary,measured_graph,0.0074833523238484285,0.15740174334719115,15,h1_z
0.039810717055349734,1.000000000247684,9.364824038711959,13102.606357741979,13101.59259969071,-1.0137580512688171,9.364824038711959,bayes_h1_marginal_boundary,measured_graph,0.0009770167832363493,0.1578189788356913,15,h1_z
0.05011872336272725,1.000000000259594,14.678049813705002,13100.097135728576,13098.935986803213,-1.1611489253632492,14.678049813705002,bayes_h1_marginal_boundary,measured_graph,6.857245632017397e-05,0.15848785547664976,15,h1_z
0.06309573444801936,1.0000000002770195,21.140583474720188,13097.023259772164,13095.704719972706,-1.3185397994576809,21.140583474720188,bayes_h1_marginal_boundary,measured_graph,2.709120686271334e-06,0.15938950916851796,15,h1_z
0.07943282347242822,1.000000000300507,28.648321689091972,13093.436781539072,13091.95085086552,-1.4859306735521132,28.648321689091972,bayes_h1_marginal_boundary,measured_graph,6.346637791533644e-08,0.16050424435975885,15,h1_z
0.1,1.000000000327238,37.06737583091308,13089.404645342256,13087.74132379461,-1.663321547646544,37.06737583091308,bayes_h1_marginal_boundary,measured_graph,9.426909441797468e-10,0.16180867922878547,15,h1_z
1e-05,1.0000000070362705,14.436683660613198,17571.00903741379,17568.641350829923,-2.3676865838692702,14.436683660613198,bayes_h1_marginal_boundary,measured_graph,0.0001237405817342272,0.1531263913189207,16,h1_z
1.2589254117941661e-05,1.0000000106592,14.004343812906882,17571.01259821174,17568.857520753776,-2.155077457963703,14.004343812906882,bayes_h1_marginal_boundary,measured_graph,0.00015360082859650138,0.1531228300600146,16,h1_z
1.584893192461114e-05,1.0000000161772296,13.58746287527174,17571.018429554653,17569.065961222594,-1.952468332058134,13.58746287527174,bayes_h1_marginal_boundary,measured_graph,0.00018919868079005789,0.15311722050054333,16,h1_z
1.9952623149688786e-05,1.000000024785229,13.183308319697971,17571.02789770653,17569.26803850038,-1.7598592061525666,13.183308319697971,bayes_h1_marginal_boundary,measured_graph,0.0002315683230182958,0.1531083913515118,16,h1_z
2.5118864315095822e-05,1.000000038844354,12.787563479309028,17571.043161000824,17569.465910920575,-1.5772500802469966,12.787563479309028,bayes_h1_marginal_boundary,measured_graph,0.000282237067312456,0.15309452032467763,16,h1_z
3.1622776601683795e-05,1.0000000631738195,12.393457638827385,17571.067604795157,17569.662963840816,-1.404640954341429,12.393457638827385,bayes_h1_marginal_boundary,measured_graph,0.00034371069555755616,0.15307280266975665,16,h1_z
3.9810717055349695e-05,1.0000001074526486,11.990481851244112,17571.106483563042,17569.864451734607,-1.2420318284358616,11.990481851244112,bayes_h1_marginal_boundary,measured_graph,0.000420434287976163,0.1530389966805875,16,h1_z
5.011872336272725e-05,1.000000190060032,11.562587398293545,17571.167821663614,17570.078398961083,-1.089422702530293,11.562587398293545,bayes_h1_marginal_boundary,measured_graph,0.0005207319523535283,0.15298686999859967,16,h1_z
6.309573444801929e-05,1.0000003419227081,11.085890645670588,17571.26356091402,17570.316747337394,-0.9468135766247254,11.085890645670588,bayes_h1_marginal_boundary,measured_graph,0.0006608876124373031,0.15290769687269734,16,h1_z
7.943282347242822e-05,1.000000602352456,10.526319897464418,17571.410737162216,17570.596532711497,-0.8142044507191568,10.526319897464418,bayes_h1_marginal_boundary,measured_graph,0.0008742524452677663,0.15279024345576114,16,h1_z
0.0001,1.0000009863040733,9.838634771593206,17571.631970599246,17570.940375274433,-0.6915953248135883,9.838634771593206,bayes_h1_marginal_boundary,measured_graph,0.0012330076849430337,0.15262217186643245,16,h1_z
0.00012589254117941674,1.0000014062370672,8.9700959902475,17571.953630864013,17571.374644665106,-0.5789861989080206,8.9700959902475,bayes_h1_marginal_boundary,measured_graph,0.0019035600577327306,0.15239424494437373,16,h1_z
0.00015848931924611142,1.0000016182929405,7.874161201405514,17572.39898913253,17571.922612059527,-0.47637707300245236,7.874161201405514,bayes_h1_marginal_boundary,measured_graph,0.003292651746066153,0.15210803109024035,16,h1_z
0.00019952623149688788,1.0000013903462364,6.5384476373001235,17572.974236788676,17572.59046884158,-0.38376794709688455,6.5384476373001235,bayes_h1_marginal_boundary,measured_graph,0.006420846894472624,0.15178414473828522,16,h1_z
0.0002511886431509582,1.000000837547624,5.019991720808321,17573.650855621017,17573.349696799825,-0.30115882119131615,5.019991720808321,bayes_h1_marginal_boundary,measured_graph,0.013718948539175551,0.1514623813442028,16,h1_z
0.00031622776601683794,1.0000003455214557,3.4603234983369475,17574.358080606347,17574.12953091106,-0.22854969528574837,3.4603234983369475,bayes_h1_marginal_boundary,measured_graph,0.029922541524826655,0.151186606670206,16,h1_z
0.00039810717055349735,1.000000101273076,2.050427287700586,17575.00041958576,17574.83447901638,-0.16594056938017995,2.050427287700586,bayes_h1_marginal_boundary,measured_graph,0.06055549387984327,0.15098296864391791,16,h1_z
0.0005011872336272725,1.0000000235145177,0.9578765907353954,17575.494085808336,17575.38075436486,-0.11333144347461188,0.9578765907353954,bayes_h1_marginal_boundary,measured_graph,0.10456778770917408,0.1508511607167583,16,h1_z
0.000630957344480193,1.0000000051885616,0.27160062248731265,17575.794614666556,17575.723892348986,-0.07072231756904392,0.27160062248731265,bayes_h1_marginal_boundary,measured_graph,0.14737399381205962,0.1507740833542128,16,h1_z
0.0007943282347242822,1.0000000013682524,-0.0,17575.89780585189,17575.85969266023,-0.03811319166347554,-0.0,bayes_h1_marginal_boundary,measured_graph,0.1688100034716622,0.15073255832767235,16,h1_z
0.001,1.0000000005195258,0.10691665086778812,17575.821738400555,17575.806234334796,-0.015504065757907535,0.10691665086778812,bayes_h1_marginal_boundary,measured_graph,0.160022673928205,0.15071369956082636,16,h1_z
0.0012589254117941675,1.0000000002940914,0.5525613055579015,17575.5863069473,17575.58341200745,-0.0028949398523394052,0.5525613055579015,bayes_h1_marginal_boundary,measured_graph,0.12805926824281572,0.15071257227681956,16,h1_z
0.001584893192461114,1.0000000002240563,1.322151110136474,17575.198902919106,17575.19861710516,-0.0002858139467712683,1.322151110136474,bayes_h1_marginal_boundary,measured_graph,0.08715588418705597,0.15073118116236833,16,h1_z
0.0019952623149688807,1.0000000002022436,2.441588039691851,17574.646575328425,17574.638898640384,-0.007676688041203171,2.441588039691851,bayes_h1_marginal_boundary,measured_graph,0.04979824900313656,0.1507774614470324,16,h1_z
0.002511886431509582,1.0000000001982037,3.9850265213826788,17573.892246961674,17573.867179399538,-0.025067562135635053,3.9850265213826788,bayes_h1_marginal_boundary,measured_graph,0.02301763317521157,0.15086498879881488,16,h1_z
0.0031622776601683794,1.0000000002013825,6.079184146612533,17572.87255902315,17572.820100586923,-0.05245843623006681,6.079184146612533,bayes_h1_marginal_boundary,measured_graph,0.008078302544789976,0.1510134311798537,16,h1_z
0.003981071705534973,1.0000000002075342,8.911305115216237,17571.493889412945,17571.40404010262,-0.08984931032449865,8.911305115216237,bayes_h1_marginal_boundary,measured_graph,0.001960346581822357,0.1512502686178707,16,h1_z
0.005011872336272725,1.0000000002147156,12.753022461976798,17569.62042161366,17569.48318142924,-0.13724018441893068,12.753022461976798,bayes_h1_marginal_boundary,measured_graph,0.00028715377988434244,0.15161532629401783,16,h1_z
0.006309573444801936,1.0000000002219744,18.009175348008284,17567.049736044737,17566.855104986225,-0.19463105851336257,18.009175348008284,bayes_h1_marginal_boundary,measured_graph,2.0737454214558562e-05,0.15216923409063945,16,h1_z
0.00794328234724282,1.0000000002289464,25.270017821530928,17563.486705682073,17563.224683749464,-0.26202193260779433,25.270017821530928,bayes_h1_marginal_boundary,measured_graph,5.496465800073959e-07,0.1530024710681303,16,h1_z
0.01,1.0000000002357052,35.29522199667554,17558.551494468593,17558.21208166189,-0.3394128067022262,35.29522199667554,bayes_h1_marginal_boundary,measured_graph,3.6571106739705466e-09,0.15423457780720257,16,h1_z
0.012589254117941675,1.0000000002425156,48.846816455203225,17551.863088113423,17551.436284432628,-0.42680368079665804,48.846816455203225,bayes_h1_marginal_boundary,measured_graph,4.172984353007713e-12,0.15599148229126386,16,h1_z
0.01584893192461114,1.0000000002495335,66.38473338565382,17543.191520522294,17542.667325967403,-0.5241945548910899,66.38473338565382,bayes_h1_marginal_boundary,measured_graph,6.488383075554032e-16,0.15836196045657397,16,h1_z
0.01995262314968881,1.0000000002566267,87.82474555726367,17532.578905310584,17531.947319881598,-0.6315854289855218,87.82474555726367,bayes_h1_marginal_boundary,measured_graph,1.4338277909108836e-20,0.16136055317769976,16,h1_z
0.025118864315095822,1.000000000263559,112.62540653658652,17520.295965695015,17519.546989391936,-0.7489763030799538,112.62540653658652,bayes_h1_marginal_boundary,measured_graph,5.903395614548472e-26,0.16493658011025095,16,h1_z
0.03162277660168379,1.0000000002702905,140.20861266594875,17506.63175350443,17505.755386327255,-0.8763671771743852,140.20861266594875,bayes_h1_marginal_boundary,measured_graph,6.04623162775174e-32,0.1690349092285908,16,h1_z
0.039810717055349734,1.000000000277261,170.3700677870147,17491.68841681799,17490.674658766722,-1.0137580512688171,170.3700677870147,bayes_h1_marginal_boundary,measured_graph,1.7061138876496454e-38,0.1736612760780024,16,h1_z
0.05011872336272725,1.0000000002856624,203.3318355106603,17475.354923830262,17474.1937749049,-1.1611489253632492,203.3318355106603,bayes_h1_marginal_boundary,measured_graph,1.187001041558569e-45,0.17889628113589479,16,h1_z
0.06309573444801936,1.0000000002978309,239.37460235800972,17457.49093128068,17456.172391481225,-1.3185397994576809,239.37460235800972,bayes_h1_marginal_boundary,measured_graph,1.7695536035195286e-53,0.184838996201345,16,h1_z
0.07943282347242822,1.0000000003177678,278.2759023014223,17438.20767218307,17436.72174150952,-1.4859306735521132,278.2759023014223,bayes_h1_marginal_boundary,measured_graph,6.317623940054188e-62,0.19150610984481564,16,h1_z
0.1,1.0000000003518017,318.9451739794822,17418.050427218135,17416.38710567049,-1.663321547646544,318.9451739794822,bayes_h1_marginal_boundary,measured_graph,9.31823447307174e-71,0.19874780679464024,16,h1_z
1e-05,1.000000228344748,10.112242548741051,11715.314365546335,11712.946678962466,-2.3676865838692702,10.112242548741051,bayes_h1_marginal_boundary,measured_graph,0.0009731861274404594,0.4390205487854371,17,h1_z
1.2589254117941661e-05,1.0000002670027552,9.681276166877069,11715.317239611362,11713.162162153398,-2.155077457963703,9.681276166877069,bayes_h1_marginal_boundary,measured_graph,0.0012071995650504745,0.4390162421006634,17,h1_z
1.584893192461114e-05,1.0000003167419476,9.268731263822701,11715.320902936983,11713.368434604925,-1.952468332058134,9.268731263822701,bayes_h1_marginal_boundary,measured_graph,0.0014837545295406313,0.439010628340718,17,h1_z
1.9952623149688786e-05,1.0000003751858395,8.874146220026887,11715.325586332976,11713.565727126823,-1.7598592061525666,8.874146220026887,bayes_h1_marginal_boundary,measured_graph,0.0018073618518180126,0.4390032585965937,17,h1_z
2.5118864315095822e-05,1.0000004365661905,8.496909237728687,11715.331595698219,11713.754345617972,-1.5772500802469966,8.496909237728687,bayes_h1_marginal_boundary,measured_graph,0.0021825343179387585,0.4389935036799311,17,h1_z
3.1622776601683795e-05,1.0000004936156521,8.136202140805835,11715.339340120774,11713.934699166433,-1.404640954341429,8.136202140805835,bayes_h1_marginal_boundary,measured_graph,0.0026138919551801447,0.43898046983672767,17,h1_z
3.9810717055349695e-05,1.0000005414042163,7.790919892828242,11715.349372118859,11714.107340290422,-1.2420318284358616,7.790919892828242,bayes_h1_marginal_boundary,measured_graph,0.0031064525165103514,0.4389628717776202,17,h1_z
5.011872336272725e-05,1.0000005801001066,7.459554108987504,11715.362445884874,11714.273023182343,-1.089422702530293,7.459554108987504,bayes_h1_marginal_boundary,measured_graph,0.003666231506787016,0.4389388422481128,17,h1_z
6.309573444801929e-05,1.0000006146004272,7.140023587267933,11715.379602019828,11714.432788443202,-0.9468135766247254,7.140023587267933,bayes_h1_marginal_boundary,measured_graph,0.0043013527144324624,0.4389056475615545,17,h1_z
7.943282347242822e-05,1.0000006525346004,6.829428059398197,11715.402290657856,11714.588086207137,-0.8142044507191568,6.829428059398197,bayes_h1_marginal_boundary,measured_graph,0.005024004485172048,0.43885926622766597,17,h1_z
0.0001,1.0000007031974283,6.523693298418948,11715.43254891244,11714.740953587627,-0.6915953248135883,6.523693298418948,bayes_h1_marginal_boundary,measured_graph,0.0058538215384644895,0.43879377792689644,17,h1_z
0.00012589254117941674,1.0000007782412852,6.217069660244306,11715.473251605623,11714.894265406714,-0.5789861989080206,6.217069660244306,bayes_h1_marginal_boundary,measured_graph,0.006823731899193458,0.43870051477566563,17,h1_z
0.00015848931924611142,1.0000008934878262,5.90145229773043,11715.528451160973,11715.052074087971,-0.47637707300245236,5.90145229773043,bayes_h1_marginal_boundary,measured_graph,0.007990195301720465,0.4385669769807854,17,h1_z
0.00019952623149688788,1.00000107042877,5.565535367637494,11715.603800500114,11715.220032553018,-0.38376794709688455,5.565535367637494,bayes_h1_marginal_boundary,measured_graph,0.009451501972783265,0.438375681171727,17,h1_z
0.0002511886431509582,1.0000013339041258,5.1939519353582,11715.70698309035,11715.405824269157,-0.30115882119131615,5.1939519353582,bayes_h1_marginal_boundary,measured_graph,0.011381228596907208,0.4381035226625035,17,h1_z
0.00031622776601683794,1.0000000131068651,4.76678282564535,11715.8479585193,11715.619408824014,-0.22854969528574837,4.76678282564535,bayes_h1_marginal_boundary,measured_graph,0.014091192245925872,0.4377234204429219,17,h1_z
0.00039810717055349735,1.000000019056298,4.26124913469539,11716.03811623887,11715.872175669489,-0.16594056938017995,4.26124913469539,bayes_h1_marginal_boundary,measured_graph,0.018143580093200756,0.4372086318686741,17,h1_z
0.0005011872336272725,1.0000000252315495,3.656237836326909,11716.288012762147,11716.174681318673,-0.11333144347461188,3.656237836326909,bayes_h1_marginal_boundary,measured_graph,0.024552714869702553,0.43654761303324413,17,h1_z
0.000630957344480193,1.0000000277029546,2.9441822723929363,11716.601431418208,11716.53070910064,-0.07072231756904392,2.9441822723929363,bayes_h1_marginal_boundary,measured_graph,0.03505261489541978,0.43576188389298987,17,h1_z
0.0007943282347242822,1.0000020958109472,2.1488796159464982,11716.966473620527,11716.928360428863,-0.03811319166347554,2.1488796159464982,bayes_h1_marginal_boundary,measured_graph,0.05216968315201077,0.4349193832552226,17,h1_z
0.001,1.0000014366854346,1.3403032599198923,11717.348152672634,11717.332648606876,-0.015504065757907535,1.3403032599198923,bayes_h1_marginal_boundary,measured_graph,0.07816247879924142,0.4341237972661326,17,h1_z
0.0012589254117941675,1.0000008473133573,0.6318853192315146,11717.689752517073,11717.68685757722,-0.0028949398523394052,0.6318853192315146,bayes_h1_marginal_boundary,measured_graph,0.11138567092747594,0.43346852051417994,17,h1_z
0.001584893192461114,1.0000004780691305,0.15015168963509495,11717.928010205966,11717.927724392019,-0.0002858139467712683,0.15015168963509495,bayes_h1_marginal_boundary,measured_graph,0.1417217327925464,0.4329998849627469,17,h1_z
0.0019952623149688807,1.0000002896999878,-0.0,11718.010476924877,11718.002800236836,-0.007676688041203171,-0.0,bayes_h1_marginal_boundary,measured_graph,0.1527711960770933,0.43271853573842955,17,h1_z
0.002511886431509582,1.0000002018039378,0.25444018480629893,11717.900647706569,11717.875580144433,-0.025067562135635053,0.25444018480629893,bayes_h1_marginal_boundary,measured_graph,0.13452112625170212,0.4326137929594822,17,h1_z
0.0031622776601683794,1.0000001617226013,0.9731491259517497,11717.56868411009,11717.51622567386,-0.05245843623006681,0.9731491259517497,bayes_h1_marginal_boundary,measured_graph,0.09391280906116081,0.43269577164079653,17,h1_z
0.003981071705534973,1.0000001435837402,2.2291474082194327,11716.978075843052,11716.888226532727,-0.08984931032449865,2.2291474082194327,bayes_h1_marginal_boundary,measured_graph,0.050117369644932935,0.43300790316001525,17,h1_z
0.005011872336272725,1.0000001357669845,4.123678218482382,11716.078201312013,11715.940961127595,-0.13724018441893068,4.123678218482382,bayes_h1_marginal_boundary,measured_graph,0.01943551849517619,0.43362343034925466,17,h1_z
0.006309573444801936,1.0000001333591961,6.784102987854567,11714.805379801423,11714.610748742909,-0.19463105851336257,6.784102987854567,bayes_h1_marginal_boundary,measured_graph,0.005139161108512535,0.43463440217170823,17,h1_z
0.00794328234724282,1.0000001347905203,10.34947640295286,11713.090083967967,11712.82806203536,-0.26202193260779433,10.34947640295286,bayes_h1_marginal_boundary,measured_graph,0.000864333274773856,0.4361383022583058,17,h1_z
0.01,1.0000001404286019,14.940924853173783,11710.871750616952,11710.53233781025,-0.3394128067022262,14.940924853173783,bayes_h1_marginal_boundary,measured_graph,8.702837405176906e-05,0.4382182215709322,17,h1_z
0.012589254117941675,1.0000001519239385,20.597641964683135,11708.130782935292,11707.703979254495,-0.42680368079665804,20.597641964683135,bayes_h1_marginal_boundary,measured_graph,5.14422974295553e-06,0.44090208022102967,17,h1_z
0.01584893192461114,1.0000001718572664,27.181222181032354,11704.936383701212,11704.41218914632,-0.5241945548910899,27.181222181032354,bayes_h1_marginal_boundary,measured_graph,1.9129960642278845e-07,0.44410124427034525,17,h1_z
0.01995262314968881,1.0000002036653848,34.324883827965095,11701.47194375184,11700.840358322854,-0.6315854289855218,34.324883827965095,bayes_h1_marginal_boundary,measured_graph,5.376351560900903e-09,0.4475761839625084,17,h1_z
0.025118864315095822,1.0000002519227347,41.52019857403502,11697.9916772529,11697.242700949819,-0.7489763030799538,41.52019857403502,bayes_h1_marginal_boundary,measured_graph,1.4724647767650094e-10,0.4509889923206228,17,h1_z
0.03162277660168379,1.0000003230014096,48.3098772081139,11694.724228809953,11693.84786163278,-0.8763671771743852,48.3098772081139,bayes_h1_marginal_boundary,measured_graph,4.9395220944372556e-12,0.4540262658849308,17,h1_z
0.039810717055349734,1.0000004266015283,54.44150920598986,11691.79580368511,11690.782045633841,-1.0137580512688171,54.44150920598986,bayes_h1_marginal_boundary,measured_graph,2.302597143170352e-13,0.4565007254807921,17,h1_z
0.05011872336272725,1.000000580218884,59.895138583597145,11689.2163798704,11688.055230945038,-1.1611489253632492,59.895138583597145,bayes_h1_marginal_boundary,measured_graph,1.5065286285348482e-14,0.45837233786824527,17,h1_z
0.06309573444801936,1.0000008193527519,64.82094155943196,11686.910869256579,11685.59232945712,-1.3185397994576809,64.82094155943196,bayes_h1_marginal_boundary,measured_graph,1.2833728967931547e-15,0.4597115894939871,17,h1_z
0.07943282347242822,1.0000012120072306,69.45555377419078,11684.760954023293,11683.27502334974,-1.4859306735521132,69.45555377419078,bayes_h1_marginal_boundary,measured_graph,1.2646187248161885e-16,0.4606536777711364,17,h1_z
0.1,1.000001864050005,74.05060355828391,11682.640820005341,11680.977498457694,-1.663321547646544,74.05060355828391,bayes_h1_marginal_boundary,measured_graph,1.2710341677115268e-17,0.46136656454349056,17,h1_z
1e-05,1.0000000182786808,9.745247338221816,6304.171604379692,6301.8039177958235,-2.3676865838692702,9.745247338221816,bayes_h1_marginal_boundary,measured_graph,0.0012200082214654396,1.277307020068971,18,h1_z
1.2589254117941661e-05,1.0000000203128798,9.319469186277274,6304.171884329759,6302.016806871796,-2.155077457963703,9.319469186277274,bayes_h1_marginal_boundary,measured_graph,0.0015094520038498101,1.2773062384154092,18,h1_z
1.584893192461114e-05,1.0000000218790868,8.913405860846979,6304.172306866569,6302.219838534511,-1.952468332058134,8.913405860846979,bayes_h1_marginal_boundary,measured_graph,0.0018492466433001746,1.2773040841875098,18,h1_z
1.9952623149688786e-05,1.000000022934854,8.526901813658696,6304.172949764257,6302.413090558105,-1.7598592061525666,8.526901813658696,bayes_h1_marginal_boundary,measured_graph,0.0022434847744855543,1.2772995192896395,18,h1_z
2.5118864315095822e-05,1.0000000236007194,8.159713753955657,6304.173934668203,6302.596684587957,-1.5772500802469966,8.159713753955657,bayes_h1_marginal_boundary,measured_graph,0.002695609638597898,1.2772908402448848,18,h1_z
3.1622776601683795e-05,1.0000000240638154,7.811460551376513,6304.175452143588,6302.770811189246,-1.404640954341429,7.811460551376513,bayes_h1_marginal_boundary,measured_graph,0.003208331406875629,1.2772752778642027,18,h1_z
3.9810717055349695e-05,1.0000000245104745,7.481544658898201,6304.177800963921,6302.935769135485,-1.2420318284358616,7.481544658898201,bayes_h1_marginal_boundary,measured_graph,0.0037837248606085215,1.2772483649995108,18,h1_z
5.011872336272725e-05,1.0000000251202659,7.169029272932676,6304.181449530998,6303.092026828468,-1.089422702530293,7.169029272932676,bayes_h1_marginal_boundary,measured_graph,0.00442365656075033,1.2772029446733328,18,h1_z
6.309573444801929e-05,1.0000000261025361,6.8724473413331,6304.1871313708925,6303.240317794268,-0.9468135766247254,6.8724473413331,bayes_h1_marginal_boundary,measured_graph,0.005130779495462473,1.2771276287725568,18,h1_z
7.943282347242822e-05,1.0000000277608454,6.589507220089217,6304.195992305609,6303.38178785489,-0.8142044507191568,6.589507220089217,bayes_h1_marginal_boundary,measured_graph,0.0059104836071715555,1.2770044371462936,18,h1_z
0.0001,1.0000000305971117,6.316645498478465,6304.209814040509,6303.518218715695,-0.6915953248135883,6.316645498478465,bayes_h1_marginal_boundary,measured_graph,0.006774452268368167,1.2768052630443631,18,h1_z
0.00012589254117941674,1.0000000354996126,6.048363458698077,6304.231345934493,6303.652359735585,-0.5789861989080206,6.048363458698077,bayes_h1_marginal_boundary,measured_graph,0.007746952478038656,1.2764867798636814,18,h1_z
0.00015848931924611142,1.0000000441031012,5.77628120312329,6304.264777936375,6303.788400863373,-0.47637707300245236,5.77628120312329,bayes_h1_marginal_boundary,measured_graph,0.008875908223588407,1.2759835863070494,18,h1_z
0.00019952623149688788,1.000000059452124,5.487883965713991,6304.3163674291745,6303.932599482077,-0.38376794709688455,5.487883965713991,bayes_h1_marginal_boundary,measured_graph,0.010252681528254546,1.2752001681266851,18,h1_z
0.0002511886431509582,1.0000000869797272,5.165092259834637,6304.395154156208,6304.093995335017,-0.30115882119131615,5.165092259834637,bayes_h1_marginal_boundary,measured_graph,0.012048439347542527,1.2740044220978322,18,h1_z
0.00031622776601683794,1.0000001348542003,4.783208541915883,6304.513486889262,6304.2849371939765,-0.22854969528574837,4.783208541915883,bayes_h1_marginal_boundary,measured_graph,0.014583299378210504,1.272230244041721,18,h1_z
0.00039810717055349735,1.000000209540695,4.3116954404158605,6304.686634314106,6304.5206937447265,-0.16594056938017995,4.3116954404158605,bayes_h1_marginal_boundary,measured_graph,0.018460504287140946,1.2697045385233159,18,h1_z
0.0005011872336272725,1.0000002990332466,3.719696761410887,6304.930024527704,6304.816693084229,-0.11333144347461188,3.719696761410887,bayes_h1_marginal_boundary,measured_graph,0.02481958070085442,1.2663201953437253,18,h1_z
0.000630957344480193,1.0000003521787948,2.990314797825704,6305.25210638359,6305.181384066022,-0.07072231756904392,2.990314797825704,bayes_h1_marginal_boundary,measured_graph,0.03574190706920547,1.2621620538395717,18,h1_z
0.0007943282347242822,1.0000003092228162,2.1450171641627094,6305.642146074517,6305.604032882853,-0.03811319166347554,2.1450171641627094,bayes_h1_marginal_boundary,measured_graph,0.054542089316923746,1.2576284499906827,18,h1_z
0.001,1.0000001909641911,1.2683918198908941,6306.057849620747,6306.042345554989,-0.015504065757907535,1.2683918198908941,bayes_h1_marginal_boundary,measured_graph,0.08454512003738271,1.2534043205066885,18,h1_z
0.0012589254117941675,1.0000000850422335,0.5089582532909844,6306.424957278141,6306.422062338289,-0.0028949398523394052,0.5089582532909844,bayes_h1_marginal_boundary,measured_graph,0.12359401729549663,1.2501979678992967,18,h1_z
0.001584893192461114,1.0000000308937185,0.03945998214658175,6306.657097287808,6306.656811473861,-0.0002858139467712683,0.03945998214658175,bayes_h1_marginal_boundary,measured_graph,0.1562959422293892,1.2484254551237528,18,h1_z
0.0019952623149688807,1.000001226522822,-0.0,6306.6842181529755,6306.676541464934,-0.007676688041203171,-0.0,bayes_h1_marginal_boundary,measured_graph,0.15941028169268903,1.2481423482756173,18,h1_z
0.002511886431509582,1.000000664420009,0.4698472384643537,6306.466685407838,6306.441617845702,-0.025067562135635053,0.4698472384643537,bayes_h1_marginal_boundary,measured_graph,0.1260347481005422,1.2492419323360269,18,h1_z
0.0031622776601683794,1.0000004313543425,1.4846710298024846,6305.986664386263,6305.934205950033,-0.05245843623006681,1.4846710298024846,bayes_h1_marginal_boundary,measured_graph,0.07587943900388831,1.2516769548575932,18,h1_z
0.003981071705534973,1.0000003296175513,3.0760309216148016,6305.228375314451,6305.138526004127,-0.08984931032449865,3.0760309216148016,bayes_h1_marginal_boundary,measured_graph,0.034242439846432,1.2555814029865322,18,h1_z
0.005011872336272725,1.0000002804074735,5.305954924793696,6304.160804186957,6304.023564002538,-0.13724018441893068,5.305954924793696,bayes_h1_marginal_boundary,measured_graph,0.011229045890234398,1.2612852605836438,18,h1_z
0.006309573444801936,1.0000002498988956,8.278881747375635,6302.73173164976,6302.537100591247,-0.19463105851336257,8.278881747375635,bayes_h1_marginal_boundary,measured_graph,0.0025396858519624215,1.2692667061554816,18,h1_z
0.00794328234724282,1.0000002205041403,12.118397625903526,6300.879364584591,6300.617342651983,-0.26202193260779433,12.118397625903526,bayes_h1_marginal_boundary,measured_graph,0.00037242576626678333,1.2800299845830487,18,h1_z
0.01,1.0000001821826934,16.8982288212228,6298.566839861025,6298.227427054323,-0.3394128067022262,16.8982288212228,bayes_h1_marginal_boundary,measured_graph,3.4128135603823224e-05,1.2938659136731152,18,h1_z
0.012589254117941675,1.0000001329870232,22.535994131472762,6295.835348079995,6295.408544399198,-0.42680368079665804,22.535994131472762,bayes_h1_marginal_boundary,measured_graph,2.0365139131688876e-06,1.3104953291842505,18,h1_z
0.01584893192461114,1.0000000811263021,28.704320663669932,6292.848575687991,6292.324381133099,-0.5241945548910899,28.704320663669932,bayes_h1_marginal_boundary,measured_graph,9.320780780074735e-08,1.3287515270066743,18,h1_z
0.01995262314968881,1.0000000397017317,34.852047535074234,6289.882103126382,6289.250517697397,-0.6315854289855218,34.852047535074234,bayes_h1_marginal_boundary,measured_graph,4.31012996160902e-09,1.3466257830705475,18,h1_z
0.025118864315095822,1.000000015410881,40.38087898319827,6287.235078276415,6286.486101973335,-0.7489763030799538,40.38087898319827,bayes_h1_marginal_boundary,measured_graph,2.715938120453294e-10,1.361886582651002,18,h1_z
0.03162277660168379,1.0000000048920126,44.88671322889604,6285.10955202766,6284.233184850486,-0.8763671771743852,44.88671322889604,bayes_h1_marginal_boundary,measured_graph,2.8542393955376483e-11,1.3729895997618509,18,h1_z
0.039810717055349734,1.0000000013787658,48.29862825040618,6283.5409853910005,6282.527227339731,-1.0137580512688171,48.29862825040618,bayes_h1_marginal_boundary,measured_graph,5.183253658470323e-12,1.3796393709255672,18,h1_z
0.05011872336272725,1.0000000003960907,50.83995055948435,6282.417715110555,6281.256566185192,-1.1611489253632492,50.83995055948435,bayes_h1_marginal_boundary,measured_graph,1.454659458288948e-12,1.3826592799246773,18,h1_z
0.06309573444801936,1.0000000001370515,52.883140799644025,6281.55351086457,6280.234971065112,-1.3185397994576809,52.883140799644025,bayes_h1_marginal_boundary,measured_graph,5.23706798487392e-13,1.3834210288969728,18,h1_z
0.07943282347242822,1.000000000063448,54.811020986830044,6280.756961645072,6279.271030971519,-1.4859306735521132,54.811020986830044,bayes_h1_marginal_boundary,measured_graph,1.997350801523986e-13,1.3832891549713004,18,h1_z
0.1,1.0000000000377767,56.931615826964844,6279.874055099099,6278.210733551452,-1.663321547646544,56.931615826964844,bayes_h1_marginal_boundary,measured_graph,6.91788008218985e-14,1.3832963004850491,18,h1_z
1e-05,1.0000006066855243,4.247601437064986,3172.2519205238946,3169.8842339400253,-2.3676865838692702,4.247601437064986,bayes_h1_marginal_boundary,measured_graph,0.007194339624990706,3.121540915121023,19,h1_z
1.2589254117941661e-05,1.0000006142994171,3.823660505128828,3172.251281863957,3170.0962044059934,-2.155077457963703,3.823660505128828,bayes_h1_marginal_boundary,measured_graph,0.008893005061794829,3.1215642921416356,19,h1_z
1.584893192461114e-05,1.0000006228215628,3.4200525506412305,3172.2504767152955,3170.298008383237,-1.952468332058134,3.4200525506412305,bayes_h1_marginal_boundary,measured_graph,0.010881553289859123,3.1215937126222935,19,h1_z
1.9952623149688786e-05,1.0000006312037024,3.036865082379336,3172.249461323521,3170.489602117368,-1.7598592061525666,3.036865082379336,bayes_h1_marginal_boundary,measured_graph,0.013179501830541264,3.1216307366887692,19,h1_z
2.5118864315095822e-05,1.0000006383286644,2.674209037161745,3172.2481802202237,3170.670930139977,-1.5772500802469966,2.674209037161745,bayes_h1_marginal_boundary,measured_graph,0.015799696857102877,3.1216773238759346,19,h1_z
3.1622776601683795e-05,1.0000006435552762,2.3322252989328263,3172.246562963433,3170.8419220090914,-1.404640954341429,2.3322252989328263,bayes_h1_marginal_boundary,measured_graph,0.01874604173576062,3.121735932916298,19,h1_z
3.9810717055349695e-05,1.0000006469307772,2.011093145841187,3172.244519914073,3171.002488085637,-1.2420318284358616,2.011093145841187,bayes_h1_marginal_boundary,measured_graph,0.022011140229223028,3.1218096463300045,19,h1_z
5.011872336272725e-05,1.0000006489458448,1.7110412632455336,3172.241936729465,3171.152514026935,-1.089422702530293,1.7110412632455336,bayes_h1_marginal_boundary,measured_graph,0.025573959852909597,3.1219023250134894,19,h1_z
6.309573444801929e-05,1.0000006501641383,1.4323622107140181,3172.2386671298254,3171.291853553201,-0.9468135766247254,1.4323622107140181,bayes_h1_marginal_boundary,measured_graph,0.02939763317385703,3.1220187975911156,19,h1_z
7.943282347242822e-05,1.0000006510185755,1.1754315692624004,3172.2345233246456,3171.4203188739266,-0.8142044507191568,1.1754315692624004,bayes_h1_marginal_boundary,measured_graph,0.03342751915505071,3.1221650889892434,19,h1_z
0.0001,1.0000006517883666,0.9407334660945708,3172.229263250324,3171.5376679255105,-0.6915953248135883,0.9407334660945708,bayes_h1_marginal_boundary,measured_graph,0.0375896422030565,3.122348691276246,19,h1_z
0.00012589254117941674,1.0000006526527774,0.7288948381537921,3172.2225734383887,3171.643587239481,-0.5789861989080206,0.7288948381537921,bayes_h1_marginal_boundary,measured_graph,0.04178961455730001,3.1225788750913357,19,h1_z
0.00015848931924611142,1.0000006537511554,0.5407317118670107,3172.2140458756267,3171.7376688026243,-0.47637707300245236,0.5407317118670107,bayes_h1_marginal_boundary,measured_graph,0.045912132935213935,3.1228670291334484,19,h1_z
0.00019952623149688788,1.0000006552306397,0.3773119951938497,3172.2031466080575,3171.819378660961,-0.38376794709688455,0.3773119951938497,bayes_h1_marginal_boundary,measured_graph,0.0498211341522294,3.123226993356145,19,h1_z
0.0002511886431509582,1.0000006572873623,0.24004080782651727,3172.1891730758357,3171.8880142546445,-0.30115882119131615,0.24004080782651727,bayes_h1_marginal_boundary,measured_graph,0.0533607185852716,3.1236753102066297,19,h1_z
0.00031622776601683794,1.0000006602133606,0.13077609514402866,3172.1711963062717,3171.942646610986,-0.22854969528574837,0.13077609514402866,bayes_h1_marginal_boundary,measured_graph,0.056357043294887166,3.124231244171956,19,h1_z
0.00039810717055349735,1.0000006644629174,0.051983759465656476,3172.1479833482053,3171.982042778825,-0.16594056938017995,0.051983759465656476,bayes_h1_marginal_boundary,measured_graph,0.05862160956051411,3.1249162964040837,19,h1_z
0.0005011872336272725,1.0000006707538065,0.006941792382349377,3172.1178952058413,3172.0045637623666,-0.11333144347461188,0.006941792382349377,bayes_h1_marginal_boundary,measured_graph,0.05995680438174091,3.125752759683974,19,h1_z
0.000630957344480193,1.0000006802189805,-0.0,3172.078756976127,3172.008034658558,-0.07072231756904392,-0.0,bayes_h1_marginal_boundary,measured_graph,0.06016526979732902,3.1267606612083534,19,h1_z
0.0007943282347242822,1.0000006946125801,0.036893222388243885,3172.027701239027,3171.9895880473637,-0.03811319166347554,0.036893222388243885,bayes_h1_marginal_boundary,measured_graph,0.0590655982473604,3.1279524371044722,19,h1_z
0.001,1.0000007165247768,0.12509030334422278,3171.9609935726435,3171.9454895068857,-0.015504065757907535,0.12509030334422278,bayes_h1_marginal_boundary,measured_graph,0.05651748845858931,3.129325508535912,19,h1_z
0.0012589254117941675,1.0000007494230991,0.27414681478876446,3171.873856191016,3171.8709612511634,-0.0028949398523394052,0.27414681478876446,bayes_h1_marginal_boundary,measured_graph,0.052458472929321834,3.1308559798445907,19,h1_z
0.001584893192461114,1.0000007970730411,0.4960515826514893,3171.760294681179,3171.760008867232,-0.0002858139467712683,0.4960515826514893,bayes_h1_marginal_boundary,measured_graph,0.04694935562461158,3.1325038032612906,19,h1_z
0.0019952623149688807,1.0000008616731961,0.8056885811165557,3171.6128670560406,3171.6051903679995,-0.007676688041203171,0.8056885811165557,bayes_h1_marginal_boundary,measured_graph,0.0402154392007129,3.1342500221653813,19,h1_z
0.002511886431509582,1.0000009407223716,1.2218212904581378,3171.4221915754642,3171.3971240133287,-0.025067562135635053,1.2218212904581378,bayes_h1_marginal_boundary,measured_graph,0.03266109541514218,3.1361882693258925,19,h1_z
0.0031622776601683794,1.0000010253445362,1.76921276959456,3171.1758867099907,3171.1234282737605,-0.05245843623006681,1.76921276959456,bayes_h1_marginal_boundary,measured_graph,0.024840835390894524,3.138661091513621,19,h1_z
0.003981071705534973,1.0000011048925215,2.481947128644606,3170.85691040456,3170.7670610942355,-0.08984931032449865,2.481947128644606,bayes_h1_marginal_boundary,measured_graph,0.017393937184822857,3.1423684281401116,19,h1_z
0.005011872336272725,1.0000011764680152,3.406516874083536,3170.4420164059347,3170.304776221516,-0.13724018441893068,3.406516874083536,bayes_h1_marginal_boundary,measured_graph,0.010955447653245786,3.148362900275148,19,h1_z
0.006309573444801936,1.0000012485607213,4.602485919622268,3169.90142275726,3169.7067916987467,-0.19463105851336257,4.602485919622268,bayes_h1_marginal_boundary,measured_graph,0.006024607381513016,3.157948593336593,19,h1_z
0.00794328234724282,1.0000013340604428,6.139894860032655,3169.200109161149,3168.9380872285415,-0.26202193260779433,6.139894860032655,bayes_h1_marginal_boundary,measured_graph,0.0027930881350391717,3.1725774714408392,19,h1_z
0.01,1.0000014398999637,8.093426235464904,3168.3007343475274,3167.9613215408253,-0.3394128067022262,8.093426235464904,bayes_h1_marginal_boundary,measured_graph,0.0010516729210656693,3.1937471503597257,19,h1_z
0.012589254117941675,1.0000015584606123,10.532216618623352,3167.1687300300428,3166.741926349246,-0.42680368079665804,10.532216618623352,bayes_h1_marginal_boundary,measured_graph,0.0003106734131223894,3.2228072006597905,19,h1_z
0.01584893192461114,1.0000016612558302,13.506379906605616,3165.779039260146,3165.254844705255,-0.5241945548910899,13.506379906605616,bayes_h1_marginal_boundary,measured_graph,7.022192595803832e-05,3.260695699509554,19,h1_z
0.01995262314968881,1.0000016992738505,17.039633924588088,3164.1198031252493,3163.4882176962637,-0.6315854289855218,17.039633924588088,bayes_h1_marginal_boundary,measured_graph,1.2001523365531449e-05,3.307879318365159,19,h1_z
0.025118864315095822,1.000001616799359,21.14019305807051,3162.1869144326024,3161.4379381295225,-0.7489763030799538,21.14019305807051,bayes_h1_marginal_boundary,measured_graph,1.544583078944512e-06,3.3647782090464804,19,h1_z
0.03162277660168379,1.000001378681296,25.823045699265094,3159.9728789860997,3159.0965118089252,-0.8763671771743852,25.823045699265094,bayes_h1_marginal_boundary,measured_graph,1.4857397472452104e-07,3.432402193967238,19,h1_z
0.039810717055349734,1.0000010032345592,31.10893507624405,3157.4673251717045,3156.4535671204358,-1.0137580512688171,31.10893507624405,bayes_h1_marginal_boundary,measured_graph,1.0571252536026019e-08,3.5122720683136235,19,h1_z
0.05011872336272725,1.0000005831120646,36.97344373656324,3154.6824617156394,3153.521312790276,-1.1611489253632492,36.97344373656324,bayes_h1_marginal_boundary,measured_graph,5.632024983558876e-10,3.6049649865466495,19,h1_z
0.06309573444801936,1.0000002504422392,43.27605049020531,3151.6885492129127,3150.370009413455,-1.3185397994576809,43.27605049020531,bayes_h1_marginal_boundary,measured_graph,2.4102989152132227e-11,3.7079557811124055,19,h1_z
0.07943282347242822,1.0000030365625139,49.743393649494465,3148.6222685073626,3147.1363378338106,-1.4859306735521132,49.743393649494465,bayes_h1_marginal_boundary,measured_graph,9.49959700674075e-13,3.814674524401684,19,h1_z
0.1,1.000000882670786,56.0414424082137,3145.6506350020973,3143.987313454451,-1.663321547646544,56.0414424082137,bayes_h1_marginal_boundary,measured_graph,4.074752835539941e-14,3.9162563626316724,19,h1_z
1e-05,1.0000005861925636,4.239234348830905,3230.2722714516276,3227.9045848677583,-2.3676865838692702,4.239234348830905,bayes_h1_marginal_boundary,measured_graph,0.007237869549163013,3.0843441243146414,20,h1_z
1.2589254117941661e-05,1.0000005935060385,3.8153238244121894,3230.2716175879314,3228.1165401299677,-2.155077457963703,3.8153238244121894,bayes_h1_marginal_boundary,measured_graph,0.008946676872161725,3.0843673404406613,20,h1_z
1.584893192461114e-05,1.0000006016980785,3.4117542166422936,3230.270793265911,3228.3183249338526,-1.952468332058134,3.4117542166422936,bayes_h1_marginal_boundary,measured_graph,0.010947016660261488,3.084396558801896,20,h1_z
1.9952623149688786e-05,1.000000609762827,3.028615128670026,3230.2697536839914,3228.5098944778388,-1.7598592061525666,3.028615128670026,bayes_h1_marginal_boundary,measured_graph,0.013258468919758352,3.0844333290532053,20,h1_z
2.5118864315095822e-05,1.0000006166250208,2.6660201554868763,3230.268442044677,3228.6911919644303,-1.5772500802469966,2.6660201554868763,bayes_h1_marginal_boundary,measured_graph,0.015893877919974205,3.0844795977500183,20,h1_z
3.1622776601683795e-05,1.0000006216644788,2.324113560972364,3230.2667862160292,3228.8621452616876,-1.404640954341429,2.324113560972364,bayes_h1_marginal_boundary,measured_graph,0.018857058421216166,3.084537807634469,20,h1_z
3.9810717055349695e-05,1.0000006249231457,2.0030789313032074,3230.264694404958,3229.022662576522,-1.2420318284358616,2.0030789313032074,bayes_h1_marginal_boundary,measured_graph,0.022140413654613465,3.0846110216091733,20,h1_z
5.011872336272725e-05,1.0000006268715471,1.7031504588085227,3230.2620495152996,3229.1726268127695,-1.089422702530293,1.7031504588085227,bayes_h1_marginal_boundary,measured_graph,0.025722570779989313,3.08470307660081,20,h1_z
6.309573444801929e-05,1.0000006280522986,1.424627766442427,3230.2587017355772,3229.3118881589526,-0.9468135766247254,1.424627766442427,bayes_h1_marginal_boundary,measured_graph,0.02956615198868075,3.084818772136423,20,h1_z
7.943282347242822e-05,1.0000006288830903,1.1678955298084475,3230.2544587279885,3229.4402542772696,-0.8142044507191568,1.1678955298084475,bayes_h1_marginal_boundary,measured_graph,0.03361580392979148,3.084964098178203,20,h1_z
0.0001,1.0000006296339186,0.9334496366436724,3230.2490725486655,3229.557477223852,-0.6915953248135883,0.9334496366436724,bayes_h1_marginal_boundary,measured_graph,0.03779660402656601,3.085146505369538,20,h1_z
0.00012589254117941674,1.000000630478717,0.7219323036188143,3230.242222089272,3229.6632358903644,-0.5789861989080206,0.7219323036188143,bayes_h1_marginal_boundary,measured_graph,0.04201295085888253,3.0853752161934866,20,h1_z
0.00015848931924611142,1.0000006315533394,0.5341795067797648,3230.2334893617863,3229.757112288784,-0.47637707300245236,0.5341795067797648,bayes_h1_marginal_boundary,measured_graph,0.04614803229851242,3.0856615647994596,20,h1_z
0.00019952623149688788,1.0000006330018778,0.37128532447059115,3230.222327327035,3229.8385593799385,-0.38376794709688455,0.37128532447059115,bayes_h1_marginal_boundary,measured_graph,0.05006396130968534,3.0860193315590156,20,h1_z
0.0002511886431509582,1.0000006350169308,0.2346893443072986,3230.2080161912113,3229.90685737002,-0.30115882119131615,0.2346893443072986,bayes_h1_marginal_boundary,measured_graph,0.05360269808361698,3.086464997232596,20,h1_z
0.00031622776601683794,1.000000637885729,0.12629501495302975,3230.189604229983,3229.9610545346973,-0.22854969528574837,0.12629501495302975,bayes_h1_marginal_boundary,measured_graph,0.05658797851191262,3.0870177676203916,20,h1_z
0.00039810717055349735,1.0000006420556138,0.04862827848592133,3230.165828472311,3229.999887902931,-0.16594056938017995,0.04862827848592133,bayes_h1_marginal_boundary,measured_graph,0.058828706238109374,3.087699095962389,20,h1_z
0.0005011872336272725,1.0000006482341477,0.00504593767800543,3230.1350105168094,3230.021679073335,-0.11333144347461188,0.00504593767800543,bayes_h1_marginal_boundary,measured_graph,0.06012472216779734,3.088531248419733,20,h1_z
0.000630957344480193,1.00000065753926,-0.0,3230.094924359743,3230.024202042174,-0.07072231756904392,-0.0,bayes_h1_marginal_boundary,measured_graph,0.06027660648741648,3.0895342596058457,20,h1_z
0.0007943282347242822,1.0000006717033105,0.03935494621509861,3230.0426377607296,3230.0045245690662,-0.03811319166347554,0.03935494621509861,bayes_h1_marginal_boundary,measured_graph,0.059102108656164665,3.0907206219807737,20,h1_z
0.001,1.0000006932859637,0.1307384075171285,3229.974336904173,3229.958832838415,-0.015504065757907535,0.1307384075171285,bayes_h1_marginal_boundary,measured_graph,0.05646239676435011,3.092087883630777,20,h1_z
0.0012589254117941675,1.00000072571485,0.2838911411763547,3229.885151411438,3229.8822564715856,-0.0028949398523394052,0.2838911411763547,bayes_h1_marginal_boundary,measured_graph,0.052300111644164614,3.0936123916895353,20,h1_z
0.001584893192461114,1.000000772711029,0.5110064347609296,3229.76898463874,3229.7686988247933,-0.0002858139467712683,0.5110064347609296,bayes_h1_marginal_boundary,measured_graph,0.04668583777115289,3.0952545452597193,20,h1_z
0.0019952623149688807,1.0000008364450435,0.8271885235371883,3229.6182844684463,3229.610607780405,-0.007676688041203171,0.8271885235371883,bayes_h1_marginal_boundary,measured_graph,0.039859063292683405,3.096996094531924,20,h1_z
0.002511886431509582,1.0000009144594721,1.2514580771958208,3229.4235405657114,3229.398473003576,-0.025067562135635053,1.2514580771958208,bayes_h1_marginal_boundary,measured_graph,0.032240229553102295,3.098931257532079,20,h1_z
0.0031622776601683794,1.000000998080726,1.8089419619300315,3229.172189497439,3229.1197310612088,-0.05245843623006681,1.8089419619300315,bayes_h1_marginal_boundary,measured_graph,0.024397315246872133,3.1014015079440838,20,h1_z
0.003981071705534973,1.000001077041033,2.534308553356823,3228.84689707582,3228.7570477654954,-0.08984931032449865,2.534308553356823,bayes_h1_marginal_boundary,measured_graph,0.016975816962264464,3.105101531229805,20,h1_z
0.005011872336272725,1.000001148828405,3.4749706369902924,3228.4239569080974,3228.2867167236786,-0.13724018441893068,3.4749706369902924,bayes_h1_marginal_boundary,measured_graph,0.010606412360114982,3.1110734252652654,20,h1_z
0.006309573444801936,1.0000012221422012,4.691832007285484,3227.8729170970446,3227.678286038531,-0.19463105851336257,4.691832007285484,bayes_h1_marginal_boundary,measured_graph,0.005772054440549017,3.120608017004951,20,h1_z
0.00794328234724282,1.0000013099688945,6.256721397899128,3227.157863275832,3226.895841343224,-0.26202193260779433,6.256721397899128,bayes_h1_marginal_boundary,measured_graph,0.0026394838254927143,3.1351455225875027,20,h1_z
0.01,1.0000014193289362,8.246442678055246,3226.240393509848,3225.900980703146,-0.3394128067022262,8.246442678055246,bayes_h1_marginal_boundary,measured_graph,0.0009760150596847813,3.1561762426470805,20,h1_z
0.012589254117941675,1.000001542482056,10.732227683221026,3225.08489188136,3224.6580882005633,-0.42680368079665804,10.732227683221026,bayes_h1_marginal_boundary,measured_graph,0.0002816275670133374,3.185048742505147,20,h1_z
0.01584893192461114,1.0000016502085889,13.765763023580803,3223.6655150852744,3223.1413205303834,-0.5241945548910899,13.765763023580803,bayes_h1_marginal_boundary,measured_graph,6.179471503267302e-05,3.2227080742161327,20,h1_z
0.01995262314968881,1.0000016921604968,17.37158073023693,3221.969997106041,3221.3384116770553,-0.6315854289855218,17.37158073023693,bayes_h1_marginal_boundary,measured_graph,1.0184928099545112e-05,3.2696349596716745,20,h1_z
0.025118864315095822,1.00000161156735,21.55827699447582,3219.9940398480157,3219.245063544936,-0.7489763030799538,21.55827699447582,bayes_h1_marginal_boundary,measured_graph,1.255533846819281e-06,3.3262636679527473,20,h1_z
0.03162277660168379,1.000001373499714,26.341195313716526,3217.72997156249,3216.8536043853155,-0.8763671771743852,26.341195313716526,bayes_h1_marginal_boundary,measured_graph,1.1487642408830876e-07,3.393605554072112,20,h1_z
0.039810717055349734,1.0000009976344166,31.74073766685251,3215.1675912600163,3214.1538332087475,-1.0137580512688171,31.74073766685251,bayes_h1_marginal_boundary,measured_graph,7.722095776872009e-09,3.473157925277502,20,h1_z
0.05011872336272725,1.0000005780245182,37.72936816402671,3212.3206668855237,3211.1595179601604,-1.1611489253632492,37.72936816402671,bayes_h1_marginal_boundary,measured_graph,3.866522967938312e-10,3.5654449342433567,20,h1_z
0.06309573444801936,1.0000002470894904,44.15888275196539,3209.2633004656486,3207.944760666191,-1.3185397994576809,44.15888275196539,bayes_h1_marginal_boundary,measured_graph,1.552992079949348e-11,3.667869923843204,20,h1_z
0.07943282347242822,1.000002989033107,50.744688456320546,3206.1377884875656,3204.6518578140135,-1.4859306735521132,50.744688456320546,bayes_h1_marginal_boundary,measured_graph,5.768723226460342e-13,3.7738037537261033,20,h1_z
0.1,1.000000863789425,57.14199716618077,3203.1165250067297,3201.4532034590834,-1.663321547646544,57.14199716618077,bayes_h1_marginal_boundary,measured_graph,2.3546250872819622e-14,3.8743719118623674,20,h1_z
1e-05,1.0000001070224735,114.20843425820203,10355.74311164737,10353.375425063501,-2.3676865838692702,114.20843425820203,bayes_h1_marginal_boundary,measured_graph,1.5846491813882217e-25,0.24720599860351983,21,h1_z
1.2589254117941661e-05,1.0000001280153112,113.78042309269586,10355.744508104219,10353.589430646254,-2.155077457963703,113.78042309269586,bayes_h1_marginal_boundary,measured_graph,1.962793333727309e-25,0.24720436939571444,21,h1_z
1.584893192461114e-05,1.000000160331128,113.37149259485886,10355.74636422723,10353.793895895173,-1.952468332058134,113.37149259485886,bayes_h1_marginal_boundary,measured_graph,2.408089941423832e-25,0.247202123579986,21,h1_z
1.9952623149688786e-05,1.0000002093115103,112.98128984844516,10355.748856474533,10353.98899726838,-1.7598592061525666,112.98128984844516,bayes_h1_marginal_boundary,measured_graph,2.9268748539192488e-25,0.24719898772189577,21,h1_z
2.5118864315095822e-05,1.0000002818356406,112.60930325157096,10355.752240647063,10354.174990566817,-1.5772500802469966,112.60930325157096,bayes_h1_marginal_boundary,measured_graph,3.5251696031748677e-25,0.24719455126731474,21,h1_z
3.1622776601683795e-05,1.0000003856548976,112.25478199684585,10355.75689214852,10354.35225119418,-1.404640954341429,112.25478199684585,bayes_h1_marginal_boundary,measured_graph,4.208848845136063e-25,0.24718819255851154,21,h1_z
3.9810717055349695e-05,1.000000527613858,111.91661173967441,10355.763368151202,10354.521336322765,-1.2420318284358616,111.91661173967441,bayes_h1_marginal_boundary,measured_graph,4.984206959642464e-25,0.24717896353690424,21,h1_z
5.011872336272725e-05,1.0000007111396323,111.59312191546269,10355.772503937402,10354.68308123487,-1.089422702530293,111.59312191546269,bayes_h1_marginal_boundary,measured_graph,5.859235987543695e-25,0.2471654098488398,21,h1_z
6.309573444801929e-05,1.0000000038825458,111.28173196984426,10355.785589784306,10354.83877620768,-0.9468135766247254,111.28173196984426,bayes_h1_marginal_boundary,measured_graph,6.846339913967547e-25,0.247145405925072,21,h1_z
7.943282347242822e-05,1.0000000051883637,110.9786905073488,10355.804501389646,10354.990296938928,-0.8142044507191568,110.9786905073488,bayes_h1_marginal_boundary,measured_graph,7.96641772277357e-25,0.247115289785209,21,h1_z
0.0001,1.0000000069769033,110.6780712936561,10355.832201870588,10355.140606545774,-0.6915953248135883,110.6780712936561,bayes_h1_marginal_boundary,measured_graph,9.258522960592941e-25,0.24706979551250985,21,h1_z
0.00012589254117941674,1.0000000097155353,110.37084202351252,10355.873207379755,10355.294221180846,-0.5789861989080206,110.37084202351252,bayes_h1_marginal_boundary,measured_graph,1.0795821525847517e-24,0.24700066975952623,21,h1_z
0.00015848931924611142,1.0000000144766517,110.04313740862926,10355.93445056129,10355.458073488287,-0.47637707300245236,110.04313740862926,bayes_h1_marginal_boundary,measured_graph,1.2717912985118467e-24,0.24689527806267644,21,h1_z
0.00019952623149688788,1.0000000236849882,109.67375452726264,10356.026532876067,10355.64276492897,-0.38376794709688455,109.67375452726264,bayes_h1_marginal_boundary,measured_graph,1.5297706445472815e-24,0.24673454010694668,21,h1_z
0.0002511886431509582,1.000000042871418,109.23058091794519,10356.165510554822,10355.86435173363,-0.30115882119131615,109.23058091794519,bayes_h1_marginal_boundary,measured_graph,1.9092387899003766e-24,0.24649032823815353,21,h1_z
0.00031622776601683794,1.0000000842641517,108.66588105032497,10356.375251362726,10356.14670166744,-0.22854969528574837,108.66588105032497,bayes_h1_marginal_boundary,measured_graph,2.5321140763343677e-24,0.24612287825329243,21,h1_z
0.00039810717055349735,1.000000171481632,107.91102217535445,10356.690071674306,10356.524131104925,-0.16594056938017995,107.91102217535445,bayes_h1_marginal_boundary,measured_graph,3.693165666992403e-24,0.24557997261621414,21,h1_z
0.0005011872336272725,1.000000335298232,106.87292711763803,10357.156510077257,10357.043178633783,-0.11333144347461188,106.87292711763803,bayes_h1_marginal_boundary,measured_graph,6.2060928264976965e-24,0.24480189714136352,21,h1_z
0.000630957344480193,1.000000571328689,105.43795107304322,10357.83138897365,10357.76066665608,-0.07072231756904392,105.43795107304322,bayes_h1_marginal_boundary,measured_graph,1.2718015680123819e-23,0.24373860264701883,21,h1_z
0.0007943282347242822,1.000000757584517,103.49329785522059,10358.771106456656,10358.732993264992,-0.03811319166347554,103.49329785522059,bayes_h1_marginal_boundary,measured_graph,3.362756624836428e-23,0.2423832963182299,21,h1_z
0.001,1.0000006982219882,100.9753661150935,10360.007463200813,10359.991959135055,-0.015504065757907535,100.9753661150935,bayes_h1_marginal_boundary,measured_graph,1.1842881049433216e-22,0.24081013063514806,21,h1_z
0.0012589254117941675,1.0000004112306853,97.93426987678322,10361.515402194063,10361.51250725421,-0.0028949398523394052,97.93426987678322,bayes_h1_marginal_boundary,measured_graph,5.41780069837177e-22,0.23917519392960548,21,h1_z
0.001584893192461114,1.0000001516500336,94.56282989407191,10363.198513059513,10363.198227245566,-0.0002858139467712683,94.56282989407191,bayes_h1_marginal_boundary,measured_graph,2.923626671048178e-21,0.23764634845863553,21,h1_z
0.0019952623149688807,1.0000026046672066,91.13287692993617,10364.920880415675,10364.913203727634,-0.007676688041203171,91.13287692993617,bayes_h1_marginal_boundary,measured_graph,1.6245262670822583e-20,0.23630574176371444,21,h1_z
0.002511886431509582,1.0000007287505757,87.86638806259725,10366.571515723439,10366.546448161303,-0.025067562135635053,87.86638806259725,bayes_h1_marginal_boundary,measured_graph,8.318323058083376e-20,0.23512002189561465,21,h1_z
0.0031622776601683794,1.0000001908855884,84.85226309242717,10368.105969082619,10368.053510646389,-0.05245843623006681,84.85226309242717,bayes_h1_marginal_boundary,measured_graph,3.7544359883197493e-19,0.2339878838223473,21,h1_z
0.003981071705534973,1.0000000526775923,82.06096315963441,10369.53900992311,10369.449160612785,-0.08984931032449865,82.06096315963441,bayes_h1_marginal_boundary,measured_graph,1.5158903323918299e-18,0.2328095510071862,21,h1_z
0.005011872336272725,1.0000000168212848,79.41976505583443,10370.906999849103,10370.769759664685,-0.13724018441893068,79.41976505583443,bayes_h1_marginal_boundary,measured_graph,5.678016683929184e-18,0.2315230131843231,21,h1_z
0.006309573444801936,1.0000000066376347,76.88035390037112,10372.23409630093,10372.039465242417,-0.19463105851336257,76.88035390037112,bayes_h1_marginal_boundary,measured_graph,2.0212628334036844e-17,0.2301096639899124,21,h1_z
0.00794328234724282,1.000000003348111,74.44711049433317,10373.518108878043,10373.256086945436,-0.26202193260779433,74.44711049433317,bayes_h1_marginal_boundary,measured_graph,6.823306539138929e-17,0.22858335386651712,21,h1_z
0.01,1.0000000021264794,72.16514182815808,10374.736484085226,10374.397071278523,-0.3394128067022262,72.16514182815808,bayes_h1_marginal_boundary,measured_graph,2.1355910018792592e-16,0.22697323460105728,21,h1_z
0.012589254117941675,1.0000000015843005,70.07500105412691,10375.868945346336,10375.442141665539,-0.42680368079665804,70.07500105412691,bayes_h1_marginal_boundary,measured_graph,6.072763730539943e-16,0.2253024073649597,21,h1_z
0.01584893192461114,1.000000001261879,68.14646168398394,10376.930605905502,10376.40641135061,-0.5241945548910899,68.14646168398394,bayes_h1_marginal_boundary,measured_graph,1.592807851834985e-15,0.2235638307409978,21,h1_z
0.01995262314968881,1.0000000010056325,66.21101496519987,10378.005720138988,10377.374134710002,-0.6315854289855218,66.21101496519987,bayes_h1_marginal_boundary,measured_graph,4.192183679476008e-15,0.22169864434271233,21,h1_z
0.025118864315095822,1.0000000007845276,63.90157626423752,10379.277830363564,10378.528854060483,-0.7489763030799538,63.90157626423752,bayes_h1_marginal_boundary,measured_graph,1.3302355345683452e-14,0.21957861906582432,21,h1_z
0.03162277660168379,1.0000000006038947,60.60545465427276,10381.05328204264,10380.176914865466,-0.8763671771743852,60.60545465427276,bayes_h1_marginal_boundary,measured_graph,6.913090756078009e-14,0.21699467647270174,21,h1_z
0.039810717055349734,1.000000000466387,55.46983517294211,10383.7584826574,10382.744724606131,-1.0137580512688171,55.46983517294211,bayes_h1_marginal_boundary,measured_graph,9.012761098227127e-13,0.21366723896922193,21,h1_z
0.05011872336272725,1.0000000003662877,47.5107280690645,10387.885427083433,10386.72427815807,-1.1611489253632492,47.5107280690645,bayes_h1_marginal_boundary,measured_graph,4.821209541584473e-11,0.2092981194094232,21,h1_z
0.06309573444801936,1.0000000002933749,35.83240111845953,10393.88198143283,10392.563441633372,-1.3185397994576809,35.83240111845953,bayes_h1_marginal_boundary,measured_graph,1.6560463341644674e-08,0.2036632414033168,21,h1_z
0.07943282347242822,1.0000000002356604,19.92502832738319,10402.003058702463,10400.51712802891,-1.4859306735521132,19.92502832738319,bayes_h1_marginal_boundary,measured_graph,4.7131861848700865e-05,0.1967228144083701,21,h1_z
0.1,1.000000000182605,-0.0,10412.142963740249,10410.479642192602,-1.663321547646544,-0.0,bayes_h1_marginal_boundary,measured_graph,0.9999528515284853,0.18871497537467893,21,h1_z
1e-05,1.0000000001727203,19.431253262948303,17029.04979394251,17026.682107358643,-2.3676865838692702,19.431253262948303,bayes_h1_marginal_boundary,measured_graph,1.7888818278586507e-05,0.05718478222550748,22,h1_z
1.2589254117941661e-05,1.000000000539269,19.01391659087676,17029.045853152642,17026.89077569468,-2.155077457963703,19.01391659087676,bayes_h1_marginal_boundary,measured_graph,2.2039673639204125e-05,0.05718358864697704,22,h1_z
1.584893192461114e-05,1.0000000017717054,18.61260714536911,17029.043898749493,17027.091430417433,-1.952468332058134,18.61260714536911,bayes_h1_marginal_boundary,measured_graph,2.6936948632900688e-05,0.057181210563099834,22,h1_z
1.9952623149688786e-05,1.0000000059674958,18.222836699649633,17029.046174846444,17027.286315640293,-1.7598592061525666,18.222836699649633,bayes_h1_marginal_boundary,measured_graph,3.273301239890126e-05,0.05717684362633306,22,h1_z
2.5118864315095822e-05,1.000000020071589,17.83701662097883,17029.056475759877,17027.479225679628,-1.5772500802469966,17.83701662097883,bayes_h1_marginal_boundary,measured_graph,3.969773612331051e-05,0.05716920545027948,22,h1_z
3.1622776601683795e-05,1.0000000656513863,17.442646737785253,17029.081051575566,17027.676410621225,-1.404640954341429,17.442646737785253,bayes_h1_marginal_boundary,measured_graph,4.8350622808238165e-05,0.05715628515626778,22,h1_z
3.9810717055349695e-05,1.0000002032887592,17.01962708323117,17029.129952276937,17027.887920448502,-1.2420318284358616,17.01962708323117,bayes_h1_marginal_boundary,measured_graph,5.973923040747151e-05,0.057134998246247896,22,h1_z
5.011872336272725e-05,1.0000005802834218,16.536480543647485,17029.218916420825,17028.129493718294,-1.089422702530293,16.536480543647485,bayes_h1_marginal_boundary,measured_graph,7.606301946174532e-05,0.05710076433805324,22,h1_z
6.309573444801929e-05,1.0000000085105571,15.9454472519501,17029.371823940768,17028.425010364143,-0.9468135766247254,15.9454472519501,bayes_h1_marginal_boundary,measured_graph,0.00010221504169788424,0.05704716631437714,22,h1_z
7.943282347242822e-05,1.000000027881387,15.177951656281948,17029.622962612695,17028.808758161977,-0.8142044507191568,15.177951656281948,bayes_h1_marginal_boundary,measured_graph,0.000150028705203921,0.05696583467671929,22,h1_z
0.0001,1.0000000744172504,14.142571764103195,17030.01804343288,17029.326448108066,-0.6915953248135883,14.142571764103195,bayes_h1_marginal_boundary,measured_graph,0.00025177015548497305,0.05684771928041227,22,h1_z
0.00012589254117941674,1.0000001518036223,12.734067109144235,17030.609686634452,17030.030700435545,-0.5789861989080206,12.734067109144235,bayes_h1_marginal_boundary,measured_graph,0.0005091633647341298,0.05668643910978755,22,h1_z
0.00015848931924611142,1.0000002171672968,10.864816419474664,17031.441702853383,17030.96532578038,-0.47637707300245236,10.864816419474664,bayes_h1_marginal_boundary,measured_graph,0.001296461957668232,0.056484694962604984,22,h1_z
0.00019952623149688788,1.0000001972402348,8.528655428541242,17032.517174222943,17032.133406275847,-0.38376794709688455,8.528655428541242,bayes_h1_marginal_boundary,measured_graph,0.004169180437405106,0.05626121398761063,22,h1_z
0.0002511886431509582,1.0000001041340596,5.880949022095592,17033.758418300262,17033.45725947907,-0.30115882119131615,5.880949022095592,bayes_h1_marginal_boundary,measured_graph,0.015667252123438613,0.05605073830579513,22,h1_z
0.00031622776601683794,1.0000022225727194,3.271929636328423,17034.99031886724,17034.761769171953,-0.22854969528574837,3.271929636328423,bayes_h1_marginal_boundary,measured_graph,0.05774763376570883,0.05589093354739276,22,h1_z
0.00039810717055349735,1.0000005558208784,1.1677724543915247,17035.9797883323,17035.81384776292,-0.16594056938017995,1.1677724543915247,bayes_h1_marginal_boundary,measured_graph,0.16536596140216642,0.0558049763408635,22,h1_z
0.0005011872336272725,1.0000000974887926,-0.0,17036.51106543359,17036.397733990118,-0.11333144347461188,-0.0,bayes_h1_marginal_boundary,measured_graph,0.29649999244960606,0.05579566143565603,22,h1_z
0.000630957344480193,1.000000013042766,0.06370854644774226,17036.436602034464,17036.365879716894,-0.07072231756904392,0.06370854644774226,bayes_h1_marginal_boundary,measured_graph,0.2872040445439519,0.055855515342236324,22,h1_z
0.0007943282347242822,1.000000001469031,1.535181139021006,17035.66825661227,17035.630143420607,-0.03811319166347554,1.535181139021006,bayes_h1_marginal_boundary,measured_graph,0.13761454480836824,0.05597908608589776,22,h1_z
0.001,1.000000000156193,4.563611675104767,17034.131432218324,17034.115928152565,-0.015504065757907535,4.563611675104767,bayes_h1_marginal_boundary,measured_graph,0.030272549821732598,0.05616989144116128,22,h1_z
0.0012589254117941675,1.0000000555805164,9.368395914360008,17031.71643097279,17031.713536032938,-0.0028949398523394052,9.368395914360008,bayes_h1_marginal_boundary,measured_graph,0.002739702220358391,0.056442433599770504,22,h1_z
0.001584893192461114,1.0000000158186877,16.306245377796586,17028.244897115164,17028.24461130122,-0.0002858139467712683,16.306245377796586,bayes_h1_marginal_boundary,measured_graph,8.53431154188845e-05,0.05682241988988386,22,h1_z
0.0019952623149688807,1.0000000061153023,25.896160680313187,17023.457330338002,17023.44965364996,-0.007676688041203171,25.896160680313187,bayes_h1_marginal_boundary,measured_graph,7.059027010460766e-07,0.05734643425683939,22,h1_z
0.002511886431509582,1.0000000033289707,38.78425655324099,17017.030673275633,17017.005605713497,-0.025067562135635053,38.78425655324099,bayes_h1_marginal_boundary,measured_graph,1.1223553568782971e-09,0.05805997201626641,22,h1_z
0.0031622776601683794,1.0000000023734528,55.61104785705538,17008.64466849782,17008.59221006159,-0.05245843623006681,55.61104785705538,bayes_h1_marginal_boundary,measured_graph,2.490227805353157e-13,0.05901080929337002,22,h1_z
0.003981071705534973,1.000000001984585,76.74364255266846,16998.115762024107,16998.025912713783,-0.08984931032449865,76.74364255266846,bayes_h1_marginal_boundary,measured_graph,6.41733107941487e-18,0.06023418113200842,22,h1_z
0.005011872336272725,1.0000000017877746,101.90413602328044,16985.582906162897,16985.445665978477,-0.13724018441893068,101.90413602328044,bayes_h1_marginal_boundary,measured_graph,2.2071035414916827e-23,0.061729390634708614,22,h1_z
0.006309573444801936,1.0000000016515527,129.88077938721108,16971.651975355024,16971.457344296512,-0.19463105851336257,129.88077938721108,bayes_h1_marginal_boundary,measured_graph,1.8568284858222888e-29,0.06343685677177031,22,h1_z
0.00794328234724282,1.0000000015254604,158.62158222280414,16957.348964811325,16957.086942878715,-0.26202193260779433,158.62158222280414,bayes_h1_marginal_boundary,measured_graph,1.0660700722274101e-35,0.06523509209805255,22,h1_z
0.01,1.000000001391712,185.8321048318394,16943.8210943809,16943.481681574198,-0.3394128067022262,185.8321048318394,bayes_h1_marginal_boundary,measured_graph,1.31551511429852e-41,0.06697209370644785,22,h1_z
0.012589254117941675,1.0000000012469799,209.75996905024658,16931.94455314579,16931.517749464994,-0.42680368079665804,209.75996905024658,bayes_h1_marginal_boundary,measured_graph,8.379655128979603e-47,0.06851815059059353,22,h1_z
0.01584893192461114,1.0000000010938066,229.6495647721822,16922.097146158918,16921.572951604026,-0.5241945548910899,229.6495647721822,bayes_h1_marginal_boundary,measured_graph,4.02027082834125e-51,0.06980505538469829,22,h1_z
0.01995262314968881,1.000000000936836,245.66766737573926,16914.195485731234,16913.563900302248,-0.6315854289855218,245.66766737573926,bayes_h1_marginal_boundary,measured_graph,1.3364986517429185e-54,0.07082991057816425,22,h1_z
0.025118864315095822,1.0000000007823362,258.5147953377964,16907.8893126243,16907.14033632122,-0.7489763030799538,258.5147953377964,bayes_h1_marginal_boundary,measured_graph,2.168952963377004e-57,0.07163220610746826,22,h1_z
0.03162277660168379,1.0000000006394407,269.02838598794915,16902.759908173317,16901.883540996143,-0.8763671771743852,269.02838598794915,bayes_h1_marginal_boundary,measured_graph,1.1304540957685138e-59,0.07226572347788672,22,h1_z
0.039810717055349734,1.0000000005213818,277.9432922913111,16898.43984589573,16897.426087844462,-1.0137580512688171,277.9432922913111,bayes_h1_marginal_boundary,measured_graph,1.3104052505935058e-61,0.0727798257876983,22,h1_z
0.05011872336272725,1.0000000004465697,285.84161690861947,16894.63807446117,16893.476925535808,-1.1611489253632492,285.84161690861947,bayes_h1_marginal_boundary,measured_graph,2.525260733796312e-63,0.0732145850914657,22,h1_z
0.06309573444801936,1.0000000004435456,293.2389451356066,16891.09680122177,16889.778261422314,-1.3185397994576809,293.2389451356066,bayes_h1_marginal_boundary,measured_graph,6.251681020100235e-65,0.07360679271263668,22,h1_z
0.07943282347242822,1.0000000005740861,300.67139869469247,16887.547965316324,16886.06203464277,-1.4859306735521132,300.67139869469247,bayes_h1_marginal_boundary,measured_graph,1.5207577102717327e-66,0.07399689635256597,22,h1_z
0.1,1.000000001010406,308.6512106883238,16883.735450193602,16882.072128645956,-1.663321547646544,308.6512106883238,bayes_h1_marginal_boundary,measured_graph,2.813622765622284e-68,0.07442649820925891,22,h1_z
1e-05,1.0000000000009923,6.693289063445263,12978.833723936572,12976.466037352702,-2.3676865838692702,6.693289063445263,bayes_h1_marginal_boundary,measured_graph,0.00546020331195889,0.06051302750925781,23,h1_z
1.2589254117941661e-05,1.0000000000035145,6.272652401425148,12978.831433141677,12976.676355683712,-2.155077457963703,6.272652401425148,bayes_h1_marginal_boundary,measured_graph,0.006738277690235789,0.060512803553612375,23,h1_z
1.584893192461114e-05,1.0000000000123168,5.87309105861641,12978.828604687174,12976.876136355117,-1.952468332058134,5.87309105861641,bayes_h1_marginal_boundary,measured_graph,0.008228346046593468,0.06051232646825617,23,h1_z
1.9952623149688786e-05,1.0000000000418232,5.494807591803692,12978.825137294676,12977.065278088523,-1.7598592061525666,5.494807591803692,bayes_h1_marginal_boundary,measured_graph,0.009941587950760198,0.0605114198383303,23,h1_z
2.5118864315095822e-05,1.0000000001346268,5.138007900739467,12978.820928014302,12977.243677934055,-1.5772500802469966,5.138007900739467,bayes_h1_marginal_boundary,measured_graph,0.011883211516086694,0.06050980348875396,23,h1_z
3.1622776601683795e-05,1.0000000004020566,4.802877790338243,12978.815883943596,12977.411242989256,-1.404640954341429,4.802877790338243,bayes_h1_marginal_boundary,measured_graph,0.01405097322746596,0.060507044165636015,23,h1_z
3.9810717055349695e-05,1.0000000010918524,4.489556111362617,12978.80993565718,12977.567903828744,-1.2420318284358616,4.489556111362617,bayes_h1_marginal_boundary,measured_graph,0.01643400233721706,0.06050249735256877,23,h1_z
5.011872336272725e-05,1.0000000026447957,4.198135787304636,12978.803036693304,12977.713613990773,-1.089422702530293,4.198135787304636,bayes_h1_marginal_boundary,measured_graph,0.01901185370331044,0.06049526096156519,23,h1_z
6.309573444801929e-05,1.0000000055863298,3.9287874339897826,12978.795101744056,12977.84828816743,-0.9468135766247254,3.9287874339897826,bayes_h1_marginal_boundary,measured_graph,0.021752677217376913,0.06048419589090911,23,h1_z
7.943282347242822e-05,1.0000000099566395,3.68222240576506,12978.78577513226,12977.971570681542,-0.8142044507191568,3.68222240576506,bayes_h1_marginal_boundary,measured_graph,0.024606714541257242,0.06046811719044604,23,h1_z
0.0001,1.0000000142760683,3.4608529033685045,12978.773850757554,12978.08225543274,-0.6915953248135883,3.4608529033685045,bayes_h1_marginal_boundary,measured_graph,0.027486750971530343,0.06044627279439769,23,h1_z
0.00012589254117941674,1.0000000155021096,3.2709100200227113,12978.756213073322,12978.177226874413,-0.5789861989080206,3.2709100200227113,bayes_h1_marginal_boundary,measured_graph,0.030225185911417717,0.06041907008472294,23,h1_z
0.00015848931924611142,1.0000000119954278,3.124885912402533,12978.726616001226,12978.250238928224,-0.47637707300245236,3.124885912402533,bayes_h1_marginal_boundary,measured_graph,0.03251454739065341,0.06038858455970739,23,h1_z
0.00019952623149688788,1.0000000063433674,3.041827266879409,12978.675536198081,12978.291768250985,-0.38376794709688455,3.041827266879409,bayes_h1_marginal_boundary,measured_graph,0.033893285399920314,0.06035806042841024,23,h1_z
0.0002511886431509582,1.000000002282008,3.0422482220237725,12978.592716594605,12978.291557773413,-0.30115882119131615,3.0422482220237725,bayes_h1_marginal_boundary,measured_graph,0.03388615237419337,0.06033025376003674,23,h1_z
0.00031622776601683794,1.0000000005804475,3.1379690005596785,12978.472247079431,12978.243697384145,-0.22854969528574837,3.1379690005596785,bayes_h1_marginal_boundary,measured_graph,0.03230254620923122,0.06030583519173933,23,h1_z
0.00039810717055349735,1.0000000001121876,3.322748342019622,12978.317248282796,12978.151307713415,-0.16594056938017995,3.322748342019622,bayes_h1_marginal_boundary,measured_graph,0.029451839984549817,0.060283149791770595,23,h1_z
0.0005011872336272725,1.0000000570480942,3.569338078810688,12978.141344288493,12978.02801284502,-0.11333144347461188,3.569338078810688,bayes_h1_marginal_boundary,measured_graph,0.0260355137117672,0.060259065390515745,23,h1_z
0.000630957344480193,1.0000000155457216,3.8322048164336593,12977.967301793777,12977.896579476208,-0.07072231756904392,3.8322048164336593,bayes_h1_marginal_boundary,measured_graph,0.022828919907433513,0.06022976894046803,23,h1_z
0.0007943282347242822,1.0000000042301278,4.051256480546726,12977.825166835815,12977.787053644151,-0.03811319166347554,4.051256480546726,bayes_h1_marginal_boundary,measured_graph,0.02046062519783023,0.060190923288824534,23,h1_z
0.001,1.0000000012127528,4.153751752979588,12977.751310073692,12977.735806007935,-0.015504065757907535,4.153751752979588,bayes_h1_marginal_boundary,measured_graph,0.019438481443189673,0.06013744351332692,23,h1_z
0.0012589254117941675,1.0000000003865368,4.056285216018296,12977.787434216269,12977.784539276416,-0.0028949398523394052,4.056285216018296,bayes_h1_marginal_boundary,measured_graph,0.020409244284303796,0.06006332478701388,23,h1_z
0.001584893192461114,1.0000000001440785,3.6734406933610444,12977.976247351691,12977.975961537744,-0.0002858139467712683,3.6734406933610444,bayes_h1_marginal_boundary,measured_graph,0.024714996638000048,0.05996214543251446,23,h1_z
0.0019952623149688807,1.0000000000651603,2.9449653823503468,12978.34787588129,12978.34019919325,-0.007676688041203171,2.9449653823503468,bayes_h1_marginal_boundary,measured_graph,0.03557516799471069,0.059829118964685346,23,h1_z
0.002511886431509582,1.0000000000361131,1.8968437556104618,12978.889327568755,12978.86426000662,-0.025067562135635053,1.8968437556104618,bayes_h1_marginal_boundary,measured_graph,0.06008190289276061,0.059665816893654834,23,h1_z
0.0031622776601683794,1.0000000000240576,0.7433038142917212,12979.49348841351,12979.441029977279,-0.05245843623006681,0.7433038142917212,bayes_h1_marginal_boundary,measured_graph,0.10696253685058278,0.05948801884136527,23,h1_z
0.003981071705534973,1.0000000000185902,-0.0,12979.90253119475,12979.812681884425,-0.08984931032449865,-0.0,bayes_h1_marginal_boundary,measured_graph,0.1551093818525209,0.05933432758768287,23,h1_z
0.005011872336272725,1.0000000000161253,0.5181955177358759,12979.690824309975,12979.553584125557,-0.13724018441893068,0.5181955177358759,bayes_h1_marginal_boundary,measured_graph,0.11970528917827844,0.05926876741772175,23,h1_z
0.006309573444801936,1.0000000000154021,3.3317410243726044,12978.341442430752,12978.146811372239,-0.19463105851336257,3.3317410243726044,bayes_h1_marginal_boundary,measured_graph,0.029319711733156437,0.05936962788300978,23,h1_z
0.00794328234724282,1.000000000016069,9.308365886387037,12975.420520873839,12975.158498941231,-0.26202193260779433,9.308365886387037,bayes_h1_marginal_boundary,measured_graph,0.001476903423111156,0.05970431258071292,23,h1_z
0.01,1.0000000000182034,18.75204903458871,12970.776070173833,12970.43665736713,-0.3394128067022262,18.75204903458871,bayes_h1_marginal_boundary,measured_graph,1.3142632284988161e-05,0.06030041973016069,23,h1_z
0.012589254117941675,1.0000000000221012,31.16843569980483,12964.65526771532,12964.228464034522,-0.42680368079665804,31.16843569980483,bayes_h1_marginal_boundary,measured_graph,2.6454420353873082e-08,0.06112700292255658,23,h1_z
0.01584893192461114,1.0000000000281124,45.36407889813199,12957.65483699025,12957.130642435359,-0.5241945548910899,45.36407889813199,bayes_h1_marginal_boundary,measured_graph,2.1875273724581202e-11,0.06209832665830895,23,h1_z
0.01995262314968881,1.000000000036548,59.915489189883374,12950.48652271847,12949.854937289483,-0.6315854289855218,59.915489189883374,bayes_h1_marginal_boundary,measured_graph,1.5141011845858406e-14,0.06310607978079151,23,h1_z
0.025118864315095822,1.0000000000476703,73.80014664192277,12943.661584866544,12942.912608563463,-0.7489763030799538,73.80014664192277,bayes_h1_marginal_boundary,measured_graph,1.462648068421068e-17,0.06406863829570887,23,h1_z
0.03162277660168379,1.000000000062126,86.85094201663378,12937.263578053282,12936.387210876108,-0.8763671771743852,86.85094201663378,bayes_h1_marginal_boundary,measured_graph,2.1438561140890236e-20,0.06497146035157862,23,h1_z
0.039810717055349734,1.0000000000814673,99.87871241688481,12930.887083727252,12929.873325675982,-1.0137580512688171,99.87871241688481,bayes_h1_marginal_boundary,measured_graph,3.178712399084274e-23,0.0658825974973863,23,h1_z
0.05011872336272725,1.0000000001097125,114.53887739746642,12923.704392111054,12922.543243185692,-1.1611489253632492,114.53887739746642,bayes_h1_marginal_boundary,measured_graph,2.0837079971403204e-26,0.06694688234748909,23,h1_z
0.06309573444801936,1.0000000001562568,133.00318332408642,12914.62963002184,12913.311090222382,-1.3185397994576809,133.00318332408642,bayes_h1_marginal_boundary,measured_graph,2.0387490443394705e-30,0.06836465015018806,23,h1_z
0.07943282347242822,1.0000000002424236,157.3875155470123,12902.604854784471,12901.118924110919,-1.4859306735521132,157.3875155470123,bayes_h1_marginal_boundary,measured_graph,1.0336495164822205e-35,0.0703518602639996,23,h1_z
0.1,1.0000000004160106,188.96282115522263,12886.99459285446,12885.331271306814,-1.663321547646544,188.96282115522263,bayes_h1_marginal_boundary,measured_graph,1.43841038791769e-42,0.07307938775898061,23,h1_z
1e-05,1.0000000168800245,60.48335241983659,9888.218866060912,9885.851179477042,-2.3676865838692702,60.48335241983659,bayes_h1_marginal_boundary,measured_graph,2.214457543292712e-14,0.18924268960754728,24,h1_z
1.2589254117941661e-05,1.0000000317753217,60.01711532558693,9888.239375482131,9886.084298024167,-2.155077457963703,60.01711532558693,bayes_h1_marginal_boundary,measured_graph,2.795821606377593e-14,0.1892233079988081,24,h1_z
1.584893192461114e-05,1.0000000631829074,59.556422045592626,9888.267112996222,9886.314644664164,-1.952468332058134,59.556422045592626,bayes_h1_marginal_boundary,measured_graph,3.5200410771184514e-14,0.18919591253582402,24,h1_z
1.9952623149688786e-05,1.0000001324134453,59.09530165463002,9888.305064065798,9886.545204859645,-1.7598592061525666,59.09530165463002,bayes_h1_marginal_boundary,measured_graph,4.4328062772399506e-14,0.18915669589462245,24,h1_z
2.5118864315095822e-05,1.0000002894149025,58.624955553787004,9888.357627990314,9886.780377910067,-1.5772500802469966,58.624955553787004,bayes_h1_marginal_boundary,measured_graph,5.6080659243810956e-14,0.18909987962840094,24,h1_z
3.1622776601683795e-05,1.0000000014142323,58.132273505569174,9888.431359888516,9887.026718934176,-1.404640954341429,58.132273505569174,bayes_h1_marginal_boundary,measured_graph,7.174599413310321e-14,0.1890167293155022,24,h1_z
3.9810717055349695e-05,1.0000000045699748,57.59771745512626,9888.536028787834,9887.293996959397,-1.2420318284358616,57.59771745512626,bayes_h1_marginal_boundary,measured_graph,9.37292256665514e-14,0.1888938153671534,24,h1_z
5.011872336272725e-05,1.0000000151351638,56.99188697546924,9888.686334901757,9887.596912199226,-1.089422702530293,56.99188697546924,bayes_h1_marginal_boundary,measured_graph,1.268905986461952e-13,0.18871095053611828,24,h1_z
6.309573444801929e-05,1.0000000503405884,56.270701299014036,9888.904318614079,9887.957505037453,-0.9468135766247254,56.270701299014036,bayes_h1_marginal_boundary,measured_graph,1.8198388249966462e-13,0.1884379136522819,24,h1_z
7.943282347242822e-05,1.0000001642848557,55.36848488308897,9889.222817696134,9888.408613245416,-0.8142044507191568,55.36848488308897,bayes_h1_marginal_boundary,measured_graph,2.857240067187807e-13,0.18803055552894302,24,h1_z
0.0001,1.0000005098135378,54.18895358005102,9889.689974221748,9888.998378896935,-0.6915953248135883,54.18895358005102,bayes_h1_marginal_boundary,measured_graph,5.153220190376942e-13,0.18742704943908353,24,h1_z
0.00012589254117941674,1.0000014388620075,52.59532846341972,9890.37417765416,9889.79519145525,-0.5789861989080206,52.59532846341972,bayes_h1_marginal_boundary,measured_graph,1.1432204824894016e-12,0.18654735963537938,24,h1_z
0.00015848931924611142,1.0000034660736,50.40443674086782,9891.367014389529,9890.890637316526,-0.47637707300245236,50.40443674086782,bayes_h1_marginal_boundary,measured_graph,3.4188188487251587e-12,0.1853031583475246,24,h1_z
0.00019952623149688788,1.0000065256005317,47.39742604817366,9892.77791060997,9892.394142662873,-0.38376794709688455,47.39742604817366,bayes_h1_marginal_boundary,measured_graph,1.5375886520484614e-11,0.18363056887767112,24,h1_z
0.0002511886431509582,1.000008575819619,43.37115559602171,9894.708436710142,9894.40727788895,-0.30115882119131615,43.37115559602171,bayes_h1_marginal_boundary,measured_graph,1.1511546843599065e-10,0.1815542688429933,24,h1_z
0.00031622776601683794,1.0000069523619834,38.254614077712176,9897.19409834339,9896.965548648104,-0.22854969528574837,38.254614077712176,bayes_h1_marginal_boundary,measured_graph,1.4865398605738139e-09,0.17925473616927426,24,h1_z
0.00039810717055349735,1.0000031504860372,32.26040570798068,9900.12859340235,9899.96265283297,-0.16594056938017995,32.26040570798068,bayes_h1_marginal_boundary,measured_graph,2.9771613220048396e-08,0.17704748910794724,24,h1_z
0.0005011872336272725,1.0000007728509372,25.926595708409877,9903.24288927623,9903.129557832755,-0.11333144347461188,25.926595708409877,bayes_h1_marginal_boundary,measured_graph,7.065969106624802e-07,0.17522075815845967,24,h1_z
0.000630957344480193,1.0000001078759009,19.917119092646317,9906.205018458206,9906.134296140637,-0.07072231756904392,19.917119092646317,bayes_h1_marginal_boundary,measured_graph,1.425978576952918e-05,0.17387114626425695,24,h1_z
0.0007943282347242822,1.0000008659371524,14.714489300036803,9908.773724228606,9908.735611036942,-0.03811319166347554,14.714489300036803,bayes_h1_marginal_boundary,measured_graph,0.00019224263304764297,0.1729068713772359,24,h1_z
0.001,1.000000110707582,10.473198923027667,9910.871760291204,9910.856256225446,-0.015504065757907535,10.473198923027667,bayes_h1_marginal_boundary,measured_graph,0.001602633474118589,0.1721662767765678,24,h1_z
0.0012589254117941675,1.0000000131904156,7.09431979618239,9912.548590728722,9912.54569578887,-0.0028949398523394052,7.09431979618239,bayes_h1_marginal_boundary,measured_graph,0.008680574915196148,0.1715128929267755,24,h1_z
0.001584893192461114,1.0000000018042958,4.393235705258121,9913.896523648278,9913.896237834331,-0.0002858139467712683,4.393235705258121,bayes_h1_marginal_boundary,measured_graph,0.03350282643314355,0.17087129487349315,24,h1_z
0.0019952623149688807,1.000000000373584,2.2513874190481147,9914.974838665477,9914.967161977436,-0.007676688041203171,2.2513874190481147,bayes_h1_marginal_boundary,measured_graph,0.09776375934434464,0.17023034525303357,24,h1_z
0.002511886431509582,1.000000000142181,0.7115358551745885,9915.762155321509,9915.737087759373,-0.025067562135635053,0.7115358551745885,bayes_h1_marginal_boundary,measured_graph,0.21113119794496124,0.16963944515842222,24,h1_z
0.0031622776601683794,1.000000000091449,-0.0,9916.14531412319,9916.09285568696,-0.05245843623006681,-0.0,bayes_h1_marginal_boundary,measured_graph,0.3013425504520586,0.16919853745687963,24,h1_z
0.003981071705534973,1.0000000000770686,0.4591285159913241,9915.95314073929,9915.863291428965,-0.08984931032449865,0.4591285159913241,bayes_h1_marginal_boundary,measured_graph,0.23953113323759845,0.16903266389033025,24,h1_z
0.005011872336272725,1.0000000000694391,2.4098715918153175,9915.025160075471,9914.887919891053,-0.13724018441893068,2.4098715918153175,bayes_h1_marginal_boundary,measured_graph,0.09031574993800338,0.169252979927496,24,h1_z
0.006309573444801936,1.000000000060821,6.024951221617812,9913.275011134665,9913.080380076151,-0.19463105851336257,6.024951221617812,bayes_h1_marginal_boundary,measured_graph,0.014816953741459655,0.16992438693645673,24,h1_z
0.00794328234724282,1.0000000000507678,11.285476513392496,9910.712139362871,9910.450117430264,-0.26202193260779433,11.285476513392496,bayes_h1_marginal_boundary,measured_graph,0.001067702776174457,0.1710567385151453,24,h1_z
0.01,1.0000000000411666,18.012203006841446,9907.426166990243,9907.08675418354,-0.3394128067022262,18.012203006841446,bayes_h1_marginal_boundary,measured_graph,3.696240942063899e-05,0.17261440867208144,24,h1_z
0.012589254117941675,1.0000000000334708,25.927598649363063,9903.555860043076,9903.129056362279,-0.42680368079665804,25.927598649363063,bayes_h1_marginal_boundary,measured_graph,7.062426620029771e-07,0.17453250501359718,24,h1_z
0.01584893192461114,1.000000000028011,34.74251842406011,9899.245791029822,9898.72159647493,-0.5241945548910899,34.74251842406011,bayes_h1_marginal_boundary,measured_graph,8.606338829687434e-09,0.1767406221944652,24,h1_z
0.01995262314968881,1.0000000000244569,44.26374856834809,9894.592566831772,9893.960981402786,-0.6315854289855218,44.26374856834809,bayes_h1_marginal_boundary,measured_graph,7.367320848067696e-11,0.17919472037655942,24,h1_z
0.025118864315095822,1.000000000022274,54.46323758912695,9889.610213195478,9888.861236892397,-0.7489763030799538,54.46323758912695,bayes_h1_marginal_boundary,measured_graph,4.4928165290745516e-13,0.18189937826897526,24,h1_z
0.03162277660168379,1.0000000000208975,65.44415190969812,9884.247146909285,9883.370779732111,-0.8763671771743852,65.44415190969812,bayes_h1_marginal_boundary,measured_graph,1.8537170140155637e-15,0.1848992883704511,24,h1_z
0.039810717055349734,1.0000000000198532,77.31659168425176,9878.448317896104,9877.434559844834,-1.0137580512688171,77.31659168425176,bayes_h1_marginal_boundary,measured_graph,4.897516362515554e-18,0.188241776372553,24,h1_z
0.05011872336272725,1.000000060732141,90.05596904756021,9872.226020088543,9871.06487116318,-1.1611489253632492,90.05596904756021,bayes_h1_marginal_boundary,measured_graph,8.38793873521701e-21,0.19193128359010564,24,h1_z
0.06309573444801936,1.0000000570564505,103.4123689264452,9865.705211023196,9864.386671223738,-1.3185397994576809,103.4123689264452,bayes_h1_marginal_boundary,measured_graph,1.0552366511903924e-23,0.1958969045773038,24,h1_z
0.07943282347242822,1.000000052772906,116.92657475905071,9859.115498980987,9857.629568307435,-1.4859306735521132,116.92657475905071,bayes_h1_marginal_boundary,measured_graph,1.2268101396903671e-26,0.1999923834569844,24,h1_z
0.1,1.0000000480630062,130.08283050197133,9852.714761983621,9851.051440435975,-1.663321547646544,130.08283050197133,bayes_h1_marginal_boundary,measured_graph,1.7058181105684305e-29,0.20404340215387903,24,h1_z
1e-05,1.000000002989205,26.123065689280338,13087.352257432627,13084.984570848757,-2.3676865838692702,26.123065689280338,bayes_h1_marginal_boundary,measured_graph,6.476608537190666e-07,0.1449056200413758,25,h1_z
1.2589254117941661e-05,1.0000000045470996,25.67676105118153,13087.362800625771,13085.207723167807,-2.155077457963703,25.67676105118153,bayes_h1_marginal_boundary,measured_graph,8.095831653285274e-07,0.14490108066976676,25,h1_z
1.584893192461114e-05,1.0000000070399495,25.244319115401595,13087.376412467755,13085.423944135697,-1.952468332058134,25.244319115401595,bayes_h1_marginal_boundary,measured_graph,1.0049976401624917e-06,0.14489501419550968,25,h1_z
1.9952623149688786e-05,1.0000000110585354,24.82375584359761,13087.394084977752,13085.634225771599,-1.7598592061525666,24.82375584359761,bayes_h1_marginal_boundary,measured_graph,1.2401927726062529e-06,0.1448868206317896,25,h1_z
2.5118864315095822e-05,1.0000000176193002,24.412344396947447,13087.41718157517,13085.839931494924,-1.5772500802469966,24.412344396947447,bayes_h1_marginal_boundary,measured_graph,1.5234424633586298e-06,0.14487562667803783,25,h1_z
3.1622776601683795e-05,1.0000000285520039,24.00629161859979,13087.447598838438,13086.042957884098,-1.404640954341429,24.00629161859979,bayes_h1_marginal_boundary,measured_graph,1.8663766703083337e-06,0.1448601484676056,25,h1_z
3.9810717055349695e-05,1.000000047326338,23.600258134898468,13087.488006454385,13086.245974625948,-1.2420318284358616,23.600258134898468,bayes_h1_marginal_boundary,measured_graph,2.2864849538433776e-06,0.14483848360849047,25,h1_z
5.011872336272725e-05,1.0000000808356349,23.186645188499824,13087.542203801679,13086.452781099148,-1.089422702530293,23.186645188499824,bayes_h1_marginal_boundary,measured_graph,2.81179243401445e-06,0.14480779910706967,25,h1_z
6.309573444801929e-05,1.0000001431942047,22.75453898714477,13087.61564777645,13086.668834199825,-0.9468135766247254,22.75453898714477,bayes_h1_marginal_boundary,measured_graph,3.4899075906488662e-06,0.14476387217305411,25,h1_z
7.943282347242822e-05,1.0000002635174439,22.28816812011428,13087.716224084059,13086.90201963334,-0.8142044507191568,22.28816812011428,bayes_h1_marginal_boundary,measured_graph,4.406411727661187e-06,0.14470043918118433,25,h1_z
0.0001,1.0000005005184547,21.764711229963723,13087.85534340323,13087.163748078416,-0.6915953248135883,21.764711229963723,bayes_h1_marginal_boundary,measured_graph,5.724694216966144e-06,0.1446083359239632,25,h1_z
0.00012589254117941674,1.000000004185129,21.1512769726869,13088.049451405963,13087.470465207054,-0.5789861989080206,21.1512769726869,bayes_h1_marginal_boundary,measured_graph,7.779610438532638e-06,0.14447459104894206,25,h1_z
0.00015848931924611142,1.0000000111060234,20.401590099911118,13088.321685716444,13087.845308643442,-0.47637707300245236,20.401590099911118,bayes_h1_marginal_boundary,measured_graph,1.1317494350628196e-05,0.1442815026909197,25,h1_z
0.00019952623149688788,1.0000000276021586,19.452552065362397,13088.703595607813,13088.319827660716,-0.38376794709688455,19.452552065362397,bayes_h1_marginal_boundary,measured_graph,1.818994044423354e-05,0.1440074830531301,25,h1_z
0.0002511886431509582,1.0000000594410754,18.22442044633135,13089.235052291424,13088.933893470232,-0.30115882119131615,18.22442044633135,bayes_h1_marginal_boundary,measured_graph,3.361372709213456e-05,0.14363070417396703,25,h1_z
0.00031622776601683794,1.0000001007730908,16.629878538919,13089.959714119224,13089.731164423938,-0.22854969528574837,16.629878538919,bayes_h1_marginal_boundary,measured_graph,7.46048472509079e-05,0.14313867042640652,25,h1_z
0.00039810717055349735,1.0000001204332611,14.60099882344366,13090.911544851057,13090.745604281676,-0.16594056938017995,14.60099882344366,bayes_h1_marginal_boundary,measured_graph,0.00020574660511865758,0.14254340668841947,25,h1_z
0.0005011872336272725,1.0000000908985296,12.138226964503701,13092.09032165462,13091.976990211146,-0.11333144347461188,12.138226964503701,bayes_h1_marginal_boundary,measured_graph,0.0007048826033393319,0.14189343898801224,25,h1_z
0.000630957344480193,1.0000000399709095,9.36264159797065,13093.43550521198,13093.364782894412,-0.07072231756904392,9.36264159797065,bayes_h1_marginal_boundary,measured_graph,0.002823758144679579,0.14126493266139103,25,h1_z
0.0007943282347242822,1.0000009583530778,6.522672727114696,13094.822880521504,13094.78476732984,-0.03811319166347554,6.522672727114696,bayes_h1_marginal_boundary,measured_graph,0.011682045711223365,0.14072703494413924,25,h1_z
0.001,1.000000224867879,3.9241698129590077,13096.099522852675,13096.084018786918,-0.015504065757907535,3.9241698129590077,bayes_h1_marginal_boundary,measured_graph,0.04283281719405899,0.1403103972387066,25,h1_z
0.0012589254117941675,1.0000000406849512,1.8365552032082633,13097.130721031646,13097.127826091793,-0.0028949398523394052,1.8365552032082633,bayes_h1_marginal_boundary,measured_graph,0.12164559650739042,0.14000895221583587,25,h1_z
0.001584893192461114,1.0000000067289845,0.4625304260189296,13097.815124294335,13097.814838480388,-0.0002858139467712683,0.4625304260189296,bayes_h1_marginal_boundary,measured_graph,0.24180322102468801,0.1398095464312372,25,h1_z
0.0019952623149688807,1.000000001339782,-0.0,13098.053780381439,13098.046103693398,-0.007676688041203171,-0.0,bayes_h1_marginal_boundary,measured_graph,0.3047188268179388,0.1397206401595497,25,h1_z
0.002511886431509582,1.00000000047599,0.7548916710511548,13097.693725420007,13097.668657857872,-0.025067562135635053,0.7548916710511548,bayes_h1_marginal_boundary,measured_graph,0.20891837733223373,0.1397903544628095,25,h1_z
0.0031622776601683794,1.0000000004045624,3.258242772659287,13096.469440743298,13096.416982307068,-0.05245843623006681,3.258242772659287,bayes_h1_marginal_boundary,measured_graph,0.05975590926776586,0.14011839813476068,25,h1_z
0.003981071705534973,1.0000000007331469,8.351760332829144,13093.960072837308,13093.870223526983,-0.08984931032449865,8.351760332829144,bayes_h1_marginal_boundary,measured_graph,0.004680988500657419,0.14086573091765356,25,h1_z
0.005011872336272725,1.0000000020128867,17.187301186593686,13089.589693284519,13089.4524531001,-0.13724018441893068,17.187301186593686,bayes_h1_marginal_boundary,measured_graph,5.645783959886223e-05,0.14225605033129957,25,h1_z
0.006309573444801936,1.000000006493536,31.044813959586463,13082.718327772118,13082.523696713604,-0.19463105851336257,31.044813959586463,bayes_h1_marginal_boundary,measured_graph,5.5284526005392155e-08,0.1445522484776326,25,h1_z
0.00794328234724282,1.0000000216072082,50.88711363036418,13072.864568810823,13072.602546878215,-0.26202193260779433,50.88711363036418,bayes_h1_marginal_boundary,measured_graph,2.715832385053494e-12,0.14798860933777944,25,h1_z
0.01,1.0000000695378906,76.7555167222963,13060.007758138952,13059.66834533225,-0.3394128067022262,76.7555167222963,bayes_h1_marginal_boundary,measured_graph,6.55617599825358e-18,0.15266360232680393,25,h1_z
0.012589254117941675,1.0000002099442606,107.4216751421045,13044.762069803142,13044.335266122345,-0.42680368079665804,107.4216751421045,bayes_h1_marginal_boundary,measured_graph,1.437404208570227e-24,0.15845148402865258,25,h1_z
0.01584893192461114,1.0000005927602067,140.7388255028054,13028.200885496886,13027.676690941995,-0.5241945548910899,140.7388255028054,bayes_h1_marginal_boundary,measured_graph,8.372432114942685e-32,0.16501992711299462,25,h1_z
0.01995262314968881,1.0000015993585327,174.60086022968244,13011.377259007542,13010.745673578556,-0.6315854289855218,174.60086022968244,bayes_h1_marginal_boundary,measured_graph,3.713677795299283e-39,0.1719799233018156,25,h1_z
0.025118864315095822,1.0000000770651218,207.8702646077836,12994.859947692587,12994.110971389506,-0.7489763030799538,207.8702646077836,bayes_h1_marginal_boundary,measured_graph,2.215362765822317e-46,0.1790907105855938,25,h1_z
0.03162277660168379,1.0000002709004492,240.71512905952477,12978.56490634081,12977.688539163635,-0.8763671771743852,240.71512905952477,bayes_h1_marginal_boundary,measured_graph,1.6340794071921058e-53,0.1864061702856951,25,h1_z
0.039810717055349734,1.0000008551796165,274.2299732000756,12961.944875144629,12960.93111709336,-1.0137580512688171,274.2299732000756,bayes_h1_marginal_boundary,measured_graph,8.622182697130519e-61,0.19429051209724457,25,h1_z
0.05011872336272725,1.0000020174130513,309.5496604460968,12944.432422395712,12943.27127347035,-1.1611489253632492,309.5496604460968,bayes_h1_marginal_boundary,measured_graph,1.8452048362625275e-68,0.20325085972096624,25,h1_z
0.06309573444801936,1.0000028296159775,346.9102623722065,12925.909512306753,12924.590972507294,-1.3185397994576809,346.9102623722065,bayes_h1_marginal_boundary,measured_graph,1.423288550305741e-76,0.21357731415549464,25,h1_z
0.07943282347242822,1.0000019957947883,385.27655777577456,12906.893755479063,12905.40782480551,-1.4859306735521132,385.27655777577456,bayes_h1_marginal_boundary,measured_graph,6.639842277079776e-85,0.22498467378826967,25,h1_z
0.1,1.000000685329859,422.7531800879842,12888.332835197052,12886.669513649405,-1.663321547646544,422.7531800879842,bayes_h1_marginal_boundary,measured_graph,4.832953626325947e-93,0.23664587768683878,25,h1_z
1e-05,1.0000003866548992,50.38889854341687,8851.93964173316,8849.571955149291,-2.3676865838692702,50.38889854341687,bayes_h1_marginal_boundary,measured_graph,5.297841609552403e-12,0.10419282197294026,26,h1_z
1.2589254117941661e-05,1.000000397356457,49.955172487243544,8851.943895635342,8849.788818177378,-2.155077457963703,49.955172487243544,bayes_h1_marginal_boundary,measured_graph,6.580840825592824e-12,0.10419049264083381,26,h1_z
1.584893192461114e-05,1.0000004140902845,49.5391241117577,8851.949310697179,8849.99684236512,-1.952468332058134,49.5391241117577,bayes_h1_marginal_boundary,measured_graph,8.10261387274589e-12,0.10418745840407154,26,h1_z
1.9952623149688786e-05,1.0000004399696294,49.14008284180818,8851.956222206249,8850.196363000096,-1.7598592061525666,49.14008284180818,bayes_h1_marginal_boundary,measured_graph,9.891812007060798e-12,0.10418347772661336,26,h1_z
2.5118864315095822e-05,1.0000004793613584,48.757164597074734,8851.965072202709,8850.387822122462,-1.5772500802469966,48.757164597074734,bayes_h1_marginal_boundary,measured_graph,1.1979135969047553e-11,0.10417821263396629,26,h1_z
3.1622776601683795e-05,1.0000005379688246,48.38919390814408,8851.976448421268,8850.571807466928,-1.404640954341429,48.38919390814408,bayes_h1_marginal_boundary,measured_graph,1.4398899956693302e-11,0.104171184692193,26,h1_z
3.9810717055349695e-05,1.0000006224490199,48.034593507934915,8851.991139495469,8850.749107667032,-1.2420318284358616,48.034593507934915,bayes_h1_marginal_boundary,measured_graph,1.7192135001260538e-11,0.10416170944135762,26,h1_z
5.011872336272725e-05,1.000000739326151,47.69122683248497,8852.010213707288,8850.920791004757,-1.089422702530293,47.69122683248497,bayes_h1_marginal_boundary,measured_graph,2.041225283267029e-11,0.10414879906650755,26,h1_z
6.309573444801929e-05,1.0000008936102203,47.356172902105754,8852.035131546572,8851.088317969947,-0.9468135766247254,47.356172902105754,bayes_h1_marginal_boundary,measured_graph,2.4134981794357386e-11,0.10413101945289095,26,h1_z
7.943282347242822e-05,1.0000010889557016,47.025406006177946,8852.06790586863,8851.25370141791,-0.8142044507191568,47.025406006177946,bayes_h1_marginal_boundary,measured_graph,2.84755482463402e-11,0.10410628494645593,26,h1_z
0.0001,1.0000000083959457,46.69326162910147,8852.111368931262,8851.419773606449,-0.6915953248135883,46.69326162910147,bayes_h1_marginal_boundary,measured_graph,3.361989319980079e-11,0.10407164569555066,26,h1_z
0.00012589254117941674,1.0000000111329657,46.352146648907365,8852.169317295455,8851.590331096546,-0.5789861989080206,46.352146648907365,bayes_h1_marginal_boundary,measured_graph,3.98720445857333e-11,0.10402267136180657,26,h1_z
0.00015848931924611142,1.000000015365195,45.99130730013712,8852.247127843933,8851.770750770931,-0.47637707300245236,45.99130730013712,bayes_h1_marginal_boundary,measured_graph,4.775554165386448e-11,0.1039534565624341,26,h1_z
0.00019952623149688788,1.0000000221295904,45.59627075495155,8852.35203699062,8851.968269043524,-0.38376794709688455,45.59627075495155,bayes_h1_marginal_boundary,measured_graph,5.8184173709270525e-11,0.10385620034730968,26,h1_z
0.0002511886431509582,1.000000032598128,45.14819236144103,8852.493467061471,8852.192308240279,-0.30115882119131615,45.14819236144103,bayes_h1_marginal_boundary,measured_graph,7.279538680409422e-11,0.10372171653578237,26,h1_z
0.00031622776601683794,1.000000046650575,44.62439407674901,8852.682757077911,8852.454207382625,-0.22854969528574837,44.62439407674901,bayes_h1_marginal_boundary,measured_graph,9.458999671206122e-11,0.10354129983253745,26,h1_z
0.00039810717055349735,1.0000000598546002,44.00168570330061,8852.93150213873,8852.76556156935,-0.16594056938017995,44.00168570330061,bayes_h1_marginal_boundary,measured_graph,1.291411399226567e-10,0.10331073143046103,26,h1_z
0.0005011872336272725,1.0000000627996901,43.26455689451177,8853.247457417217,8853.134125973744,-0.11333144347461188,43.26455689451177,bayes_h1_marginal_boundary,measured_graph,1.8669388904235686e-10,0.10303567004897836,26,h1_z
0.000630957344480193,1.0000000502048458,42.418028866992245,8853.628112305072,8853.557389987503,-0.07072231756904392,42.418028866992245,bayes_h1_marginal_boundary,measured_graph,2.8506987690623476e-10,0.10273416697970882,26,h1_z
0.0007943282347242822,1.0000000304097185,41.49715571524575,8854.05593975504,8854.017826563377,-0.03811319166347554,41.49715571524575,bayes_h1_marginal_boundary,measured_graph,4.5176896429586113e-10,0.10243008764356262,26,h1_z
0.001,1.0000014927023337,40.55745201161699,8854.503182480948,8854.487678415191,-0.015504065757907535,40.55745201161699,bayes_h1_marginal_boundary,measured_graph,7.227206418659119e-10,0.10213794640418146,26,h1_z
0.0012589254117941675,1.0000008982281843,39.63980971214187,8854.949394504782,8854.946499564929,-0.0028949398523394052,39.63980971214187,bayes_h1_marginal_boundary,measured_graph,1.1434941639407084e-09,0.10185166083488563,26,h1_z
0.001584893192461114,1.0000006135715154,38.733461746211105,8855.399959361841,8855.399673547894,-0.0002858139467712683,38.733461746211105,bayes_h1_marginal_boundary,measured_graph,1.7990569550532572e-09,0.10154580669882764,26,h1_z
0.0019952623149688807,1.0000004989169948,37.765306450899516,8855.891427883591,8855.88375119555,-0.007676688041203171,37.765306450899516,bayes_h1_marginal_boundary,measured_graph,2.91928949022911e-09,0.10118677350708276,26,h1_z
0.002511886431509582,1.0000004700245926,36.62520503108681,8856.478869467592,8856.453801905456,-0.025067562135635053,36.62520503108681,bayes_h1_marginal_boundary,measured_graph,5.162345194572947e-09,0.10074300266057519,26,h1_z
0.0031622776601683794,1.0000004878626991,35.21210281269305,8857.212811450883,8857.160353014653,-0.05245843623006681,35.21210281269305,bayes_h1_marginal_boundary,measured_graph,1.0464013454579913e-08,0.1001923960293876,26,h1_z
0.003981071705534973,1.0000005410526804,33.480114374458935,8858.116196544095,8858.02634723377,-0.08984931032449865,33.480114374458935,bayes_h1_marginal_boundary,measured_graph,2.487681635382388e-08,0.09952750911555222,26,h1_z
0.005011872336272725,1.000000639667307,31.455775804228324,8859.175756703304,8859.038516518885,-0.13724018441893068,31.455775804228324,bayes_h1_marginal_boundary,measured_graph,6.84501391596027e-08,0.09875553427867174,26,h1_z
0.006309573444801936,1.0000008173101322,29.194329120808106,8860.36387091911,8860.169239860596,-0.19463105851336257,29.194329120808106,bayes_h1_marginal_boundary,measured_graph,2.1205144841944752e-07,0.09788740788404258,26,h1_z
0.00794328234724282,1.0000011413626508,26.677072332575335,8861.68989018732,8861.427868254712,-0.26202193260779433,26.677072332575335,bayes_h1_marginal_boundary,measured_graph,7.465460631515269e-07,0.09691743005119824,26,h1_z
0.01,1.0000017322204358,23.72327264240812,8863.244180906499,8862.904768099796,-0.3394128067022262,23.72327264240812,bayes_h1_marginal_boundary,measured_graph,3.2693849766065862e-06,0.09580943362005515,26,h1_z
0.012589254117941675,1.000000029005387,20.033045323725673,8865.176685439934,8864.749881759137,-0.42680368079665804,20.033045323725673,bayes_h1_marginal_boundary,measured_graph,2.069134601632009e-05,0.09451295488802462,26,h1_z
0.01584893192461114,1.0000000530204431,15.422175492378301,8867.579511229702,8867.05531667481,-0.5241945548910899,15.422175492378301,bayes_h1_marginal_boundary,measured_graph,0.00020750396785615473,0.09301617287221274,26,h1_z
0.01995262314968881,1.0000000911540945,10.146794090447656,8870.324592804762,8869.693007375776,-0.6315854289855218,10.146794090447656,bayes_h1_marginal_boundary,measured_graph,0.002901088129454669,0.09140661877192638,26,h1_z
0.025118864315095822,1.0000001383165433,5.057074140964687,8872.986843653598,8872.237867350517,-0.7489763030799538,5.057074140964687,bayes_h1_marginal_boundary,measured_graph,0.03696405146816008,0.08987937792633745,26,h1_z
0.03162277660168379,1.000000175246386,1.3449654930118413,8874.970288851668,8874.093921674494,-0.8763671771743852,1.3449654930118413,bayes_h1_marginal_boundary,measured_graph,0.23651229227813383,0.08866505136581913,26,h1_z
0.039810717055349734,1.0000001768364455,-0.0,8875.780162472269,8874.766404421,-1.0137580512688171,-0.0,bayes_h1_marginal_boundary,measured_graph,0.4633501023357588,0.08792601207634898,26,h1_z
0.05011872336272725,1.0000001358866806,1.4195069685556518,8875.217799862085,8874.056650936722,-1.1611489253632492,1.4195069685556518,bayes_h1_marginal_boundary,measured_graph,0.22785955324569904,0.08770589548629673,26,h1_z
0.06309573444801936,1.0000000751073268,5.429632019968267,8873.370128210474,8872.051588411015,-1.3185397994576809,5.429632019968267,bayes_h1_marginal_boundary,measured_graph,0.0306817163611497,0.08795409945723764,26,h1_z
0.07943282347242822,1.0000000276373364,11.515009290429589,8870.494830449337,8869.008899775785,-1.4859306735521132,11.515009290429589,bayes_h1_marginal_boundary,measured_graph,0.0014637158185412552,0.08857289084551158,26,h1_z
0.1,1.000000006210522,18.98521278462067,8866.937119576336,8865.27379802869,-1.663321547646544,18.98521278462067,bayes_h1_marginal_boundary,measured_graph,3.493998290942346e-05,0.08944441278335437,26,h1_z
1e-05,1.0000022915605153,6.044185088401264,1674.1117123175197,1671.7440257336505,-2.3676865838692702,6.044185088401264,bayes_h1_marginal_boundary,measured_graph,0.003306245878908952,0.41238769507194734,27,h1_z
1.2589254117941661e-05,1.0000023752734992,5.617889566422491,1674.1122509526035,1671.9571734946398,-2.155077457963703,5.617889566422491,bayes_h1_marginal_boundary,measured_graph,0.004091702453136592,0.4123811651908305,27,h1_z
1.584893192461114e-05,1.0000025035319438,5.211310764967948,1674.1129312274252,1672.1604628953671,-1.952468332058134,5.211310764967948,bayes_h1_marginal_boundary,measured_graph,0.0050140828928827525,0.41237279704578267,27,h1_z
1.9952623149688786e-05,1.0000026962589805,4.824372710302214,1674.1137911288527,1672.3539319227,-1.7598592061525666,4.824372710302214,bayes_h1_marginal_boundary,measured_graph,0.006084347922401333,0.4123620296800578,27,h1_z
2.5118864315095822e-05,1.0000029774628036,4.45697811947457,1674.1148792983608,1672.5376292181138,-1.5772500802469966,4.45697811947457,bayes_h1_marginal_boundary,measured_graph,0.007311268986296744,0.4123481087095231,27,h1_z
3.1622776601683795e-05,1.0000033702157634,4.109001833494403,1674.1162583154453,1672.711617361104,-1.404640954341429,4.109001833494403,bayes_h1_marginal_boundary,measured_graph,0.008700713185298107,0.4123300094952553,27,h1_z
3.9810717055349695e-05,1.0000038853114144,3.7802819228713815,1674.1180091448512,1672.8759773164154,-1.2420318284358616,3.7802819228713815,bayes_h1_marginal_boundary,measured_graph,0.010254995502255752,0.4123063254030059,27,h1_z
5.011872336272725e-05,1.0000045048596342,3.4706076246384328,1674.1202371680622,1673.0308144655319,-1.089422702530293,3.4706076246384328,bayes_h1_marginal_boundary,measured_graph,0.011972377268325335,0.41227510243981547,27,h1_z
6.309573444801929e-05,1.0000051714463998,3.1797030726947924,1674.1230803181284,1673.1762667415037,-0.9468135766247254,3.1797030726947924,bayes_h1_marginal_boundary,measured_graph,0.013846803032666744,0.41223358994073084,27,h1_z
7.943282347242822e-05,1.0000058006284325,2.907205373277975,1674.1267200419313,1673.312515591212,-0.8142044507191568,2.907205373277975,bayes_h1_marginal_boundary,measured_graph,0.015867979769558487,0.4121778611132773,27,h1_z
0.0001,1.0000063202444562,2.652634519061394,1674.131396343134,1673.4398010183204,-0.6915953248135883,2.652634519061394,bayes_h1_marginal_boundary,measured_graph,0.01802191747791997,0.4121022395046371,27,h1_z
0.00012589254117941674,1.0000067080480481,2.415350936624236,1674.137429008447,1673.558442809539,-0.5789861989080206,2.415350936624236,bayes_h1_marginal_boundary,measured_graph,0.02029207561529609,0.41199844557652016,27,h1_z
0.00015848931924611142,1.0000069957037592,2.1944949938001628,1674.1452478539534,1673.668870780951,-0.47637707300245236,2.1944949938001628,bayes_h1_marginal_boundary,measured_graph,0.022661295324986983,0.4118543424055862,27,h1_z
0.00019952623149688788,1.000007245015842,1.9889019352017385,1674.155435257347,1673.7716673102502,-0.38376794709688455,1.9889019352017385,bayes_h1_marginal_boundary,measured_graph,0.025114740552507547,0.4116521165716213,27,h1_z
0.0002511886431509582,1.0000075256774592,1.7969849698029066,1674.168784614141,1673.8676257929496,-0.30115882119131615,1.7969849698029066,bayes_h1_marginal_boundary,measured_graph,0.02764413056952636,0.41136572023288637,27,h1_z
0.00031622776601683794,1.0000079086750644,1.6165798772412927,1674.186378034516,1673.9578283392304,-0.22854969528574837,1.6165798772412927,bayes_h1_marginal_boundary,measured_graph,0.030253623903031802,0.4109575069320025,27,h1_z
0.00039810717055349735,1.0000003560302493,1.444593101196915,1674.2097622966328,1674.0438217272526,-0.16594056938017995,1.444593101196915,bayes_h1_marginal_boundary,measured_graph,0.03297037278359339,0.410376133390784,27,h1_z
0.0005011872336272725,1.0000004060712806,1.277414599279382,1674.240742421686,1674.1274109782114,-0.11333144347461188,1.277414599279382,bayes_h1_marginal_boundary,measured_graph,0.03584480383608738,0.4095468702495523,27,h1_z
0.000630957344480193,1.0000004781149907,1.1098804018615738,1674.2819003944894,1674.2111780769203,-0.07072231756904392,1.1098804018615738,bayes_h1_marginal_boundary,measured_graph,0.03897676554882838,0.4083833648795431,27,h1_z
0.0007943282347242822,1.000000569476877,0.9360721205534901,1674.336195409238,1674.2980822175743,-0.03811319166347554,0.9360721205534901,bayes_h1_marginal_boundary,measured_graph,0.042515548415366256,0.40679508357709177,27,h1_z
0.001,1.000000654151267,0.7502637723314365,1674.4064904574432,1674.3909863916854,-0.015504065757907535,0.7502637723314365,bayes_h1_marginal_boundary,measured_graph,0.04665471659589674,0.40472598387142766,27,h1_z
0.0012589254117941675,1.0000006717566734,0.5499658545381862,1674.4940302904342,1674.491135350582,-0.0028949398523394052,0.5499658545381862,bayes_h1_marginal_boundary,measured_graph,0.05156911707952766,0.4022183611562783,27,h1_z
0.001584893192461114,1.000010463761335,0.3422670307477347,1674.595270576424,1674.5949847624772,-0.0002858139467712683,0.3422670307477347,bayes_h1_marginal_boundary,measured_graph,0.05721249960042449,0.399472309630596,27,h1_z
0.0019952623149688807,1.0000073423294586,0.15095448280044366,1674.698317724492,1674.6906410364509,-0.007676688041203171,0.15095448280044366,bayes_h1_marginal_boundary,measured_graph,0.06295553433381737,0.39683834912220045,27,h1_z
0.002511886431509582,1.0000044601930056,0.02014047018974452,1674.781115604892,1674.7560480427562,-0.025067562135635053,0.02014047018974452,bayes_h1_marginal_boundary,measured_graph,0.06721091629985661,0.3946606809868803,27,h1_z
0.0031622776601683794,1.0000026089504657,-0.0,1674.8185767140812,1674.766118277851,-0.05245843623006681,-0.0,bayes_h1_marginal_boundary,measured_graph,0.06789116541354544,0.3931179078753141,27,h1_z
0.003981071705534973,1.0000016502832014,0.1232948800061422,1674.7943201481726,1674.704470837848,-0.08984931032449865,0.1232948800061422,bayes_h1_marginal_boundary,measured_graph,0.06383224526602774,0.3921855988420598,27,h1_z
0.005011872336272725,1.0000012017894193,0.3925011516939776,1674.707107886423,1674.569867702004,-0.13724018441893068,0.3925011516939776,bayes_h1_marginal_boundary,measured_graph,0.05579338636971793,0.39173998415741734,27,h1_z
0.006309573444801936,1.000001006338755,0.7892961089733035,1674.5661012818778,1674.3714702233644,-0.19463105851336257,0.7892961089733035,bayes_h1_marginal_boundary,measured_graph,0.04575302271823503,0.3916769839088996,27,h1_z
0.00794328234724282,1.000000938820948,1.2967545431979488,1674.3797629388598,1674.1177410062521,-0.26202193260779433,1.2967545431979488,bayes_h1_marginal_boundary,measured_graph,0.03549985609355912,0.3919760200356187,27,h1_z
0.01,1.0000009460401091,1.9185777270540711,1674.1462422210263,1673.806829414324,-0.3394128067022262,1.9185777270540711,bayes_h1_marginal_boundary,measured_graph,0.026013536856095257,0.3927221467860376,27,h1_z
0.012589254117941675,1.0000010091144245,2.686853972937115,1673.8494949721792,1673.4226912913825,-0.42680368079665804,2.686853972937115,bayes_h1_marginal_boundary,measured_graph,0.017716190303460586,0.3941159249473823,27,h1_z
0.01584893192461114,1.0000011247488871,3.6573640970100314,1673.461630784237,1672.937436229346,-0.5241945548910899,3.6573640970100314,bayes_h1_marginal_boundary,measured_graph,0.010905026894063684,0.3964756941483835,27,h1_z
0.01995262314968881,1.0000012924348798,4.893804415430623,1672.9508014991213,1672.3192160701358,-0.6315854289855218,4.893804415430623,bayes_h1_marginal_boundary,measured_graph,0.005876748934185467,0.4002085825190465,27,h1_z
0.025118864315095822,1.0000014980984957,6.4415676290445845,1672.2943107664087,1671.5453344633288,-0.7489763030799538,6.4415676290445845,bayes_h1_marginal_boundary,measured_graph,0.0027104701308042867,0.4057143568455144,27,h1_z
0.03162277660168379,1.000001693360854,8.294764467907044,1671.495103221072,1670.6187360438976,-0.8763671771743852,8.294764467907044,bayes_h1_marginal_boundary,measured_graph,0.0010730699798734173,0.4132120829754033,27,h1_z
0.039810717055349734,1.0000017921568938,10.371150873030274,1670.5943008926047,1669.580542841336,-1.0137580512688171,10.371150873030274,bayes_h1_marginal_boundary,measured_graph,0.00037996751295290616,0.4225536766700763,27,h1_z
0.05011872336272725,1.0000017164390542,12.516791244946944,1669.6688715807409,1668.5077226553776,-1.1611489253632492,12.516791244946944,bayes_h1_marginal_boundary,measured_graph,0.00012996505035377823,0.43315784790885514,27,h1_z
0.06309573444801936,1.0000014639573458,14.545941140139803,1668.811687507239,1667.4931477077812,-1.3185397994576809,14.545941140139803,bayes_h1_marginal_boundary,measured_graph,4.711967411630774e-05,0.44415122060430706,27,h1_z
0.07943282347242822,1.000001114945707,16.293022096383538,1668.1055379032114,1666.6196072296593,-1.4859306735521132,16.293022096383538,bayes_h1_marginal_boundary,measured_graph,1.967109196627766e-05,0.4546368268494828,27,h1_z
0.1,1.000000771236357,17.649578605117767,1667.6046505229388,1665.9413289752922,-1.663321547646544,17.649578605117767,bayes_h1_marginal_boundary,measured_graph,9.982882644919668e-06,0.46392209656368977,27,h1_z
1e-05,1.0000006626982312,9.469663215086712,1598.9282042701168,1596.5605176862475,-2.3676865838692702,9.469663215086712,bayes_h1_marginal_boundary,measured_graph,0.0011800843008043865,0.5741570133249371,28,h1_z
1.2589254117941661e-05,1.00000069083569,9.044368174164902,1598.928242664672,1596.7731652067084,-2.155077457963703,9.044368174164902,bayes_h1_marginal_boundary,measured_graph,0.001459703594649852,0.5741557453484163,28,h1_z
1.584893192461114e-05,1.0000007343627317,8.639048208806798,1598.9282935214455,1596.9758251893875,-1.952468332058134,8.639048208806798,bayes_h1_marginal_boundary,measured_graph,0.0017876347554795192,0.5741539581933655,28,h1_z
1.9952623149688786e-05,1.0000008008950432,8.253693899798236,1598.9283615500444,1597.1685023438918,-1.7598592061525666,8.253693899798236,bayes_h1_marginal_boundary,measured_graph,0.0021674915581611784,0.5741514061439291,28,h1_z
2.5118864315095822e-05,1.0000009006969215,7.888291632375513,1598.9284535578502,1597.3512034776031,-1.5772500802469966,7.888291632375513,bayes_h1_marginal_boundary,measured_graph,0.0026019773329076443,0.5741477152238912,28,h1_z
3.1622776601683795e-05,1.000001046164053,7.5428214579619635,1598.9285795191513,1597.52393856481,-1.404640954341429,7.5428214579619635,bayes_h1_marginal_boundary,measured_graph,0.0030925832838883754,0.5741423126836117,28,h1_z
3.9810717055349695e-05,1.0000012493584718,7.217253770617845,1598.9287542369177,1597.686722408482,-1.2420318284358616,7.217253770617845,bayes_h1_marginal_boundary,measured_graph,0.0036392972488976717,0.5741343167818299,28,h1_z
5.011872336272725e-05,1.0000015165604668,6.911544132043673,1598.9289999302994,1597.839577227769,-1.089422702530293,6.911544132043673,bayes_h1_marginal_boundary,measured_graph,0.004240348328454708,0.5741223639403162,28,h1_z
6.309573444801929e-05,1.0000018407653184,6.625625239477358,1598.9293502506769,1597.9825366740522,-0.9468135766247254,6.625625239477358,bayes_h1_marginal_boundary,measured_graph,0.004892017842453707,0.574104336359669,28,h1_z
7.943282347242822e-05,1.0000021976610325,6.359394521728063,1598.929856483646,1598.1156520329268,-0.8142044507191568,6.359394521728063,bayes_h1_marginal_boundary,measured_graph,0.005588552024266006,0.5740769307308944,28,h1_z
0.0001,1.0000025535897743,6.112694981583445,1598.9305971278127,1598.2390018029992,-0.6915953248135883,6.112694981583445,bayes_h1_marginal_boundary,measured_graph,0.0063222173556365,0.5740349747250076,28,h1_z
0.00012589254117941674,1.0000028865234902,5.885285353430845,1598.9316928159835,1598.3527066170755,-0.5789861989080206,5.885285353430845,bayes_h1_marginal_boundary,measured_graph,0.007083547263225255,0.5739703485686243,28,h1_z
0.00015848931924611142,1.0000032065626074,5.676793191798879,1598.9333297708938,1598.4569526978914,-0.47637707300245236,5.676793191798879,bayes_h1_marginal_boundary,measured_graph,0.007861841676085148,0.5738702936380066,28,h1_z
0.00019952623149688788,1.000003563174647,5.486641105370381,1598.9357966882026,1598.5520287411057,-0.38376794709688455,5.486641105370381,bayes_h1_marginal_boundary,measured_graph,0.008646001261435372,0.5737147687211794,28,h1_z
0.0002511886431509582,1.0000040469371774,5.313931517207948,1598.9395423563783,1598.638383535187,-0.30115882119131615,5.313931517207948,bayes_h1_marginal_boundary,measured_graph,0.009425810517843903,0.573472329281625,28,h1_z
0.00031622776601683794,1.0000001108700913,5.157191905647323,1598.9453030362529,1598.7167533409672,-0.22854969528574837,5.157191905647323,bayes_h1_marginal_boundary,measured_graph,0.010194226514086045,0.5730951254293393,28,h1_z
0.00039810717055349735,1.0000001519382216,5.014383319357876,1598.954098203492,1598.788157634112,-0.16594056938017995,5.014383319357876,bayes_h1_marginal_boundary,measured_graph,0.010948755810006825,0.5725040180077727,28,h1_z
0.0005011872336272725,1.000000235439317,4.882071864180034,1598.9676448051755,1598.8543133617009,-0.11333144347461188,4.882071864180034,bayes_h1_marginal_boundary,measured_graph,0.011697574969289812,0.5715814819032081,28,h1_z
0.000630957344480193,1.000000422311186,4.755066299899227,1598.9885384614104,1598.9178161438413,-0.07072231756904392,4.755066299899227,bayes_h1_marginal_boundary,measured_graph,0.012464496647332058,0.5701460521064959,28,h1_z
0.0007943282347242822,1.000000882328674,4.625449211361229,1599.0207378797738,1598.9826246881103,-0.03811319166347554,4.625449211361229,bayes_h1_marginal_boundary,measured_graph,0.013299053657811305,0.5679259857074587,28,h1_z
0.001,1.0000021005094362,4.481329046533119,1599.0701888362821,1599.0546847705243,-0.015504065757907535,4.481329046533119,bayes_h1_marginal_boundary,measured_graph,0.014292757801953396,0.5645288093945702,28,h1_z
0.0012589254117941675,1.0000053770824897,4.305229866200534,1599.1456293005429,1599.1427343606906,-0.0028949398523394052,4.305229866200534,bayes_h1_marginal_boundary,measured_graph,0.015608295749549196,0.5594241447825741,28,h1_z
0.001584893192461114,1.0000134236020397,4.072176360533831,1599.2595469274706,1599.259261113524,-0.0002858139467712683,4.072176360533831,bayes_h1_marginal_boundary,measured_graph,0.017537287080842266,0.5519864262761961,28,h1_z
0.0019952623149688807,1.0000027859205058,3.747192173719668,1599.4294298949721,1599.421753206931,-0.007676688041203171,3.747192173719668,bayes_h1_marginal_boundary,measured_graph,0.020631548770506533,0.5417078809003747,28,h1_z
0.002511886431509582,1.0000048992600619,3.2864735990337977,1599.6771800564097,1599.652112494274,-0.025067562135635053,3.2864735990337977,bayes_h1_marginal_boundary,measured_graph,0.025976198730442313,0.5286713398280003,28,h1_z
0.0031622776601683794,1.000004502022235,2.647497405002923,1600.0240590275196,1599.9716005912894,-0.05245843623006681,2.647497405002923,bayes_h1_marginal_boundary,measured_graph,0.03575423709751656,0.5142384496847368,28,h1_z
0.003981071705534973,1.0000175747071811,1.8396720295363593,1600.4653625893473,1600.3755132790227,-0.08984931032449865,1.8396720295363593,bayes_h1_marginal_boundary,measured_graph,0.05354816182963315,0.5009392165777463,28,h1_z
0.005011872336272725,1.0000044687763252,0.9899117338368342,1600.9376336112914,1600.8003934268725,-0.13724018441893068,0.9899117338368342,bayes_h1_marginal_boundary,measured_graph,0.08189693921269925,0.4909509200188398,28,h1_z
0.006309573444801936,1.000000766520609,0.3165694061076465,1601.3316956492504,1601.137064590737,-0.19463105851336257,0.3165694061076465,bayes_h1_marginal_boundary,measured_graph,0.11467852531181259,0.48471712751086066,28,h1_z
0.00794328234724282,1.0000033578635454,-0.0,1601.5573712263986,1601.2953492937909,-0.26202193260779433,-0.0,bayes_h1_marginal_boundary,measured_graph,0.13434585533516447,0.481399305861315,28,h1_z
0.01,1.000000930504545,0.10954929220497434,1601.5799874543907,1601.2405746476884,-0.3394128067022262,0.10954929220497434,bayes_h1_marginal_boundary,measured_graph,0.1271850151734516,0.4799020657905589,28,h1_z
0.012589254117941675,1.00000034393869,0.6254818179422728,1601.4094120656164,1600.9826083848197,-0.42680368079665804,0.6254818179422728,bayes_h1_marginal_boundary,measured_graph,0.0982658514704722,0.47938856498479704,28,h1_z
0.01584893192461114,1.0000001719333302,1.4890603354033374,1601.0750136809802,1600.5508191260892,-0.5241945548910899,1.4890603354033374,bayes_h1_marginal_boundary,measured_graph,0.06380855786223776,0.47934874687023066,28,h1_z
0.01995262314968881,1.0000001068937083,2.637113796183712,1600.6083778246846,1599.976792395699,-0.6315854289855218,2.637113796183712,bayes_h1_marginal_boundary,measured_graph,0.0359403488131037,0.4795104576476591,28,h1_z
0.025118864315095822,1.0000000742943242,4.015358980228029,1600.0366461067567,1599.2876698036769,-0.7489763030799538,4.015358980228029,bayes_h1_marginal_boundary,measured_graph,0.01804264269419445,0.47976164015118283,28,h1_z
0.03162277660168379,1.000000053315525,5.580716614524135,1599.3813581637032,1598.5049909865288,-0.8763671771743852,5.580716614524135,bayes_h1_marginal_boundary,measured_graph,0.00824872940991832,0.4801123940502681,28,h1_z
0.039810717055349734,1.000000037916166,7.300464631481191,1598.658875029319,1597.6451169780503,-1.0137580512688171,7.300464631481191,bayes_h1_marginal_boundary,measured_graph,0.0034909893209260985,0.48067781844259555,28,h1_z
0.05011872336272725,1.0000000264876772,9.150179101063713,1597.8814086686223,1596.720259743259,-1.1611489253632492,9.150179101063713,bayes_h1_marginal_boundary,measured_graph,0.0013844845915256308,0.48165168017892906,28,h1_z
0.06309573444801936,1.000000018359131,11.110186321926903,1597.0587959322852,1595.7402561328274,-1.3185397994576809,11.110186321926903,bayes_h1_marginal_boundary,measured_graph,0.0005196105573665556,0.4832541739938248,28,h1_z
0.07943282347242822,1.0000000127811892,13.16174688918818,1596.2004065227488,1594.7144758491968,-1.4859306735521132,13.16174688918818,bayes_h1_marginal_boundary,measured_graph,0.00018628901637559873,0.4856658561312447,28,h1_z
0.1,1.0000012648698193,15.284310768061005,1595.316515457407,1593.6531939097604,-1.663321547646544,15.284310768061005,bayes_h1_marginal_boundary,measured_graph,6.445822759308752e-05,0.48897574550316597,28,h1_z
1e-05,1.000000761536412,14.808307531458922,6468.101248274996,6465.733561691127,-2.3676865838692702,14.808307531458922,bayes_h1_marginal_boundary,measured_graph,8.736722476609569e-05,0.6861712743851078,29,h1_z
1.2589254117941661e-05,1.000000883346212,14.382680810258535,6468.101452509691,6465.946375051727,-2.155077457963703,14.382680810258535,bayes_h1_marginal_boundary,measured_graph,0.00010808668783009562,0.6861710525158868,29,h1_z
1.584893192461114e-05,1.0000010573668898,13.976917351883458,6468.101725112972,6466.149256780915,-1.952468332058134,13.976917351883458,bayes_h1_marginal_boundary,measured_graph,0.0001323983656564077,0.6861705987677097,29,h1_z
1.9952623149688786e-05,1.0000012931234985,13.590962843121815,6468.102093241448,6466.342234035295,-1.7598592061525666,13.590962843121815,bayes_h1_marginal_boundary,measured_graph,0.00016058004706057208,0.6861697566418287,29,h1_z
2.5118864315095822e-05,1.000000010359004,13.224659559289648,6468.102635757458,6466.5253856772115,-1.5772500802469966,13.224659559289648,bayes_h1_marginal_boundary,measured_graph,0.00019285607700840195,0.6861688217833208,29,h1_z
3.1622776601683795e-05,1.0000000125694344,12.878027614207895,6468.103342604094,6466.698701649752,-1.404640954341429,12.878027614207895,bayes_h1_marginal_boundary,measured_graph,0.00022935251076243072,0.6861664206479499,29,h1_z
3.9810717055349695e-05,1.000000014809827,12.550827800689149,6468.1043333849475,6466.862301556512,-1.2420318284358616,12.550827800689149,bayes_h1_marginal_boundary,measured_graph,0.00027011831724742876,0.6861623432243321,29,h1_z
5.011872336272725e-05,1.000000016811038,12.242795140920862,6468.105740588926,6467.016317886396,-1.089422702530293,12.242795140920862,bayes_h1_marginal_boundary,measured_graph,0.00031509570085532976,0.6861555398390669,29,h1_z
6.309573444801929e-05,1.0000000184254527,11.953527272766223,6468.107765397098,6467.160951820473,-0.9468135766247254,11.953527272766223,bayes_h1_marginal_boundary,measured_graph,0.0003641297787062309,0.686144330887862,29,h1_z
7.943282347242822e-05,1.0000000197044374,11.682408972610574,6468.1107154212705,6467.296510970551,-0.8142044507191568,11.682408972610574,bayes_h1_marginal_boundary,measured_graph,0.00041699302251393814,0.6861260376537994,29,h1_z
0.0001,1.0000000208618174,11.428494310968745,6468.1150636261855,6467.423468301372,-0.6915953248135883,11.428494310968745,bayes_h1_marginal_boundary,measured_graph,0.0004734407722983712,0.6860964023988649,29,h1_z
0.00012589254117941674,1.0000000222060355,11.190322953261784,6468.121540179133,6467.542553980225,-0.5789861989080206,11.190322953261784,bayes_h1_marginal_boundary,measured_graph,0.0005333151358800353,0.6860486840045378,29,h1_z
0.00015848931924611142,1.0000000241342117,10.965634973312262,6468.131275043203,6467.6548979702,-0.47637707300245236,10.965634973312262,bayes_h1_marginal_boundary,measured_graph,0.000596725070399462,0.6859722638527523,29,h1_z
0.00019952623149688788,1.000000027223603,10.750931611049964,6468.146017598428,6467.762249651331,-0.38376794709688455,10.750931611049964,bayes_h1_marginal_boundary,measured_graph,0.0006643493694134394,0.6858505369715605,29,h1_z
0.0002511886431509582,1.0000000324482277,10.54080825118399,6468.1684701524555,6467.867311331264,-0.30115882119131615,10.54080825118399,bayes_h1_marginal_boundary,measured_graph,0.0007379454086102844,0.6856578218484983,29,h1_z
0.00031622776601683794,1.0000000416101644,10.32696614741144,6468.202782078436,6467.974232383151,-0.22854969528574837,10.32696614741144,bayes_h1_marginal_boundary,measured_graph,0.0008212198868577881,0.685355079219151,29,h1_z
0.00039810717055349735,1.0000000581647464,10.096810596696741,6468.255250727888,6468.089310158508,-0.16594056938017995,10.096810596696741,bayes_h1_marginal_boundary,measured_graph,0.0009213764350664419,0.6848845891542752,29,h1_z
0.0005011872336272725,1.0000000885676683,9.831618432277537,6468.335237684192,6468.2219062407175,-0.11333144347461188,9.831618432277537,bayes_h1_marginal_boundary,measured_graph,0.0010520172171173301,0.6841648322582187,29,h1_z
0.000630957344480193,1.0000001433191974,9.50452927481092,6468.4561731370195,6468.385450819451,-0.07072231756904392,9.50452927481092,bayes_h1_marginal_boundary,measured_graph,0.0012389373779990095,0.6830893724440937,29,h1_z
0.0007943282347242822,1.000000233098842,9.079313560254377,6468.636171868393,6468.598058676729,-0.03811319166347554,9.079313560254377,bayes_h1_marginal_boundary,measured_graph,0.0015324410419452247,0.6815380471419452,29,h1_z
0.001,1.0000003496190009,8.512266971762074,6468.8970860367335,6468.881581970975,-0.015504065757907535,8.512266971762074,bayes_h1_marginal_boundary,measured_graph,0.0020347749244065197,0.6794131338192608,29,h1_z
0.0012589254117941675,1.0000004350034073,7.761418530282754,6469.259901131567,6469.257006191715,-0.0028949398523394052,7.761418530282754,bayes_h1_marginal_boundary,measured_graph,0.002961836251584149,0.6767073554741123,29,h1_z
0.001584893192461114,1.000000404974454,6.807023620835025,6469.734489460386,6469.734203646439,-0.0002858139467712683,6.807023620835025,bayes_h1_marginal_boundary,measured_graph,0.004773152012734688,0.6735766722972232,29,h1_z
0.0019952623149688807,1.0000002642088717,5.678988450197721,6470.305897919799,6470.298221231757,-0.007676688041203171,5.678988450197721,bayes_h1_marginal_boundary,measured_graph,0.008389865348489697,0.6703373239255003,29,h1_z
0.002511886431509582,1.0000001220004076,4.469209285220131,6470.928178376382,6470.903110814246,-0.025067562135635053,4.469209285220131,bayes_h1_marginal_boundary,measured_graph,0.01536226309516651,0.6673234453300162,29,h1_z
0.0031622776601683794,1.0000000441163583,3.303188721765764,6471.538579532204,6471.486121095973,-0.05245843623006681,3.303188721765764,bayes_h1_marginal_boundary,measured_graph,0.027520311595682984,0.6646931789568588,29,h1_z
0.003981071705534973,1.000001400015145,2.2826347205445927,6472.086247406908,6471.996398096584,-0.08984931032449865,2.2826347205445927,bayes_h1_marginal_boundary,measured_graph,0.04584202909395566,0.6623650309560827,29,h1_z
0.005011872336272725,1.000000659958953,1.448752567752308,6472.550579357399,6472.41333917298,-0.13724018441893068,1.448752567752308,bayes_h1_marginal_boundary,measured_graph,0.06955671149234545,0.6601241888369311,29,h1_z
0.006309573444801936,1.000000351802826,0.7966767703346704,6472.9340081302025,6472.739377071689,-0.19463105851336257,0.7966767703346704,bayes_h1_marginal_boundary,measured_graph,0.09636858928564343,0.6577659054910477,29,h1_z
0.00794328234724282,1.0000002153877667,0.31801859726147086,6473.240728090834,6472.978706158226,-0.26202193260779433,0.31801859726147086,bayes_h1_marginal_boundary,measured_graph,0.12242632221946546,0.6551878874018483,29,h1_z
0.01,1.0000001537066212,0.03426813337682688,6473.45999419687,6473.120581390168,-0.3394128067022262,0.03426813337682688,bayes_h1_marginal_boundary,measured_graph,0.1410881157680473,0.6524096664583542,29,h1_z
0.012589254117941675,1.000000131826379,-0.0,6473.564519137653,6473.137715456856,-0.42680368079665804,-0.0,bayes_h1_marginal_boundary,measured_graph,0.14352635780283712,0.6495511674237454,29,h1_z
0.01584893192461114,1.000000137555036,0.28203566720003437,6473.520892178148,6472.996697623256,-0.5241945548910899,0.28203566720003437,bayes_h1_marginal_boundary,measured_graph,0.12464888474048456,0.6467935695634878,29,h1_z
0.01995262314968881,1.0000001675642631,0.9338126720595028,6473.302394549812,6472.670809120827,-0.6315854289855218,0.9338126720595028,bayes_h1_marginal_boundary,measured_graph,0.08998224385552105,0.6443330385242607,29,h1_z
0.025118864315095822,1.0000002204698542,1.9812441220728942,6472.8960696989,6472.14709339582,-0.7489763030799538,1.9812441220728942,bayes_h1_marginal_boundary,measured_graph,0.053297884255492534,0.6423355459989466,29,h1_z
0.03162277660168379,1.00000029087792,3.423511968640014,6472.30232664971,6471.425959472536,-0.8763671771743852,3.423511968640014,bayes_h1_marginal_boundary,measured_graph,0.025913464852268586,0.6409066322220474,29,h1_z
0.039810717055349734,1.0000003644200912,5.239076781905169,6471.531935117173,6470.518177065904,-1.0137580512688171,5.239076781905169,bayes_h1_marginal_boundary,measured_graph,0.010453954265503461,0.6400800175306168,29,h1_z
0.05011872336272725,1.0000004176695372,7.386619633118244,6470.60555456566,6469.444405640297,-1.1611489253632492,7.386619633118244,bayes_h1_marginal_boundary,measured_graph,0.0035722972628784446,0.6398145063159338,29,h1_z
0.06309573444801936,1.0000004284498112,9.803142159336858,6469.554684176645,6468.236144377188,-1.3185397994576809,9.803142159336858,bayes_h1_marginal_boundary,measured_graph,0.0010671031245722575,0.6399974839294106,29,h1_z
0.07943282347242822,1.0000003920056877,12.407988650051266,6468.419651805383,6466.933721131831,-1.4859306735521132,12.407988650051266,bayes_h1_marginal_boundary,measured_graph,0.0002901156539951384,0.640465110879282,29,h1_z
0.1,1.0000003251334453,15.114167787693077,6467.243953110657,6465.58063156301,-1.663321547646544,15.114167787693077,bayes_h1_marginal_boundary,measured_graph,7.497765093059165e-05,0.6410384407792349,29,h1_z
1e-05,1.0000000012542172,5.671176273794117,9890.244107711553,9887.876421127683,-2.3676865838692702,5.671176273794117,bayes_h1_marginal_boundary,measured_graph,0.005257488769148413,0.39861602767834764,30,h1_z
1.2589254117941661e-05,1.0000000017883266,5.249262801691657,9890.242455321699,9888.087377863734,-2.155077457963703,5.249262801691657,bayes_h1_marginal_boundary,measured_graph,0.006492256950869684,0.3986178805808857,30,h1_z
1.584893192461114e-05,1.0000000024745013,4.84810356662274,9890.240425813327,9888.287957481269,-1.952468332058134,4.84810356662274,bayes_h1_marginal_boundary,measured_graph,0.007934258049039645,0.3986199746074686,30,h1_z
1.9952623149688786e-05,1.0000000032967278,4.467834367966134,9890.23795128675,9888.478092080597,-1.7598592061525666,4.467834367966134,bayes_h1_marginal_boundary,measured_graph,0.009595789853459349,0.3986222326205435,30,h1_z
2.5118864315095822e-05,1.000000004225882,4.1085912871712935,9890.234963701241,9888.657713620994,-1.5772500802469966,4.1085912871712935,bayes_h1_marginal_boundary,measured_graph,0.011483899210965378,0.3986244761024182,30,h1_z
3.1622776601683795e-05,1.0000000052637414,3.770490387087193,9890.231405025377,9888.826764071036,-1.404640954341429,3.770490387087193,bayes_h1_marginal_boundary,measured_graph,0.013599002382013354,0.39862635186622125,30,h1_z
3.9810717055349695e-05,1.0000000065082046,3.453590409579192,9890.227245888227,9888.98521405979,-1.2420318284358616,3.453590409579192,bayes_h1_marginal_boundary,measured_graph,0.015933860316532596,0.3986272133972546,30,h1_z
5.011872336272725e-05,1.0000000082235638,3.1578276014006406,9890.22251816641,9889.13309546388,-1.089422702530293,3.1578276014006406,bayes_h1_marginal_boundary,measured_graph,0.018473325535081117,0.39862593154591885,30,h1_z
6.309573444801929e-05,1.0000000109447191,2.882905958507763,9890.217369861952,9889.270556285326,-0.9468135766247254,2.882905958507763,bayes_h1_marginal_boundary,measured_graph,0.021195494808833572,0.39862059785156184,30,h1_z
7.943282347242822e-05,1.0000000157103028,2.6281182688835543,9890.212154580857,9889.397950130138,-0.8142044507191568,2.6281182688835543,bayes_h1_marginal_boundary,measured_graph,0.02407520553409631,0.39860807108348634,30,h1_z
0.0001,1.00000002458486,2.392064408504666,9890.207572385141,9889.515977060328,-0.6915953248135883,2.392064408504666,bayes_h1_marginal_boundary,measured_graph,0.027091212818870145,0.3985833107175403,30,h1_z
0.00012589254117941674,1.0000000416991428,2.172228261897544,9890.20488133254,9889.625895133631,-0.5789861989080206,2.172228261897544,bayes_h1_marginal_boundary,measured_graph,0.030238849301327527,0.39853846096899154,30,h1_z
0.00015848931924611142,1.0000000749745537,1.9643880885269027,9890.206192293319,9889.729815220317,-0.47637707300245236,1.9643880885269027,bayes_h1_marginal_boundary,measured_graph,0.033550359713291934,0.3984617470756417,30,h1_z
0.00019952623149688788,1.000000137877376,1.76190406166279,9890.214825180845,9889.831057233749,-0.38376794709688455,1.76190406166279,bayes_h1_marginal_boundary,measured_graph,0.037124962926142036,0.3983365267897801,30,h1_z
0.0002511886431509582,1.0000002475507246,1.5551281426669448,9890.235604014439,9889.934445193247,-0.30115882119131615,1.5551281426669448,bayes_h1_marginal_boundary,measured_graph,0.041168671145080625,0.39814146062900396,30,h1_z
0.00031622776601683794,1.0000004102200433,1.331635536163958,9890.274741191784,9890.046191496498,-0.22854969528574837,1.331635536163958,bayes_h1_marginal_boundary,measured_graph,0.04603600746442034,0.3978537719825077,30,h1_z
0.00039810717055349735,1.0000005875573679,1.078740271343122,9890.33857969829,9890.172639128908,-0.16594056938017995,1.078740271343122,bayes_h1_marginal_boundary,measured_graph,0.05224120198787652,0.39745829811915623,30,h1_z
0.0005011872336272725,1.0000006768572773,0.7903922847326612,9890.430144565687,9890.316813122214,-0.11333144347461188,0.7903922847326612,bayes_h1_marginal_boundary,measured_graph,0.06034303235633646,0.3969630794682065,30,h1_z
0.000630957344480193,1.0000005858947354,0.4793498713588633,9890.54305664647,9890.4723343289,-0.07072231756904392,0.4793498713588633,bayes_h1_marginal_boundary,measured_graph,0.07049675593491393,0.39641434318055735,30,h1_z
0.0007943282347242822,1.0000003645616335,0.19003024106496014,9890.655107335711,9890.616994144048,-0.03811319166347554,0.19003024106496014,bayes_h1_marginal_boundary,measured_graph,0.08146932009302066,0.3958938089198306,30,h1_z
0.001,1.0000001636352944,-0.0,9890.727513330337,9890.71200926458,-0.015504065757907535,-0.0,bayes_h1_marginal_boundary,measured_graph,0.0895898138968426,0.39548795625391864,30,h1_z
0.0012589254117941675,1.000000056711466,0.0010217587041552179,9890.71439332508,9890.711498385228,-0.0028949398523394052,0.0010217587041552179,bayes_h1_marginal_boundary,measured_graph,0.08954405600014376,0.3952495864717727,30,h1_z
0.001584893192461114,1.000000017279253,0.26976171592104947,9890.577414220566,9890.57712840662,-0.0002858139467712683,0.26976171592104947,bayes_h1_marginal_boundary,measured_graph,0.07828537245017443,0.39518655304061007,30,h1_z
0.0019952623149688807,1.0000000054456335,0.8510815657900821,9890.294145169726,9890.286468481685,-0.007676688041203171,0.8510815657900821,bayes_h1_marginal_boundary,measured_graph,0.058539447687806126,0.3952820048129361,30,h1_z
0.002511886431509582,1.0000000020454376,1.7636565345092095,9889.855248559461,9889.830180997325,-0.025067562135635053,1.7636565345092095,bayes_h1_marginal_boundary,measured_graph,0.037092446929346656,0.3955206767948875,30,h1_z
0.0031622776601683794,1.0000000009807442,3.0177217493619537,9889.25560682613,9889.203148389899,-0.05245843623006681,3.0177217493619537,bayes_h1_marginal_boundary,measured_graph,0.019813841411350314,0.3959028524871486,30,h1_z
0.003981071705534973,1.0000000005926415,4.6306452111348335,9888.486535969338,9888.396686659013,-0.08984931032449865,4.6306452111348335,bayes_h1_marginal_boundary,measured_graph,0.00884558994713922,0.39644602582677485,30,h1_z
0.005011872336272725,1.0000000004264784,6.633049756655964,9887.53272457067,9887.395484386252,-0.13724018441893068,6.633049756655964,bayes_h1_marginal_boundary,measured_graph,0.003250200708847798,0.39718009137026933,30,h1_z
0.006309573444801936,1.0000000003446923,9.064591645706969,9886.37434450024,9886.179713441727,-0.19463105851336257,9.064591645706969,bayes_h1_marginal_boundary,measured_graph,0.0009636239117601592,0.3981392768138943,30,h1_z
0.00794328234724282,1.0000000003006857,11.962312371437292,9884.992875011469,9884.730853078861,-0.26202193260779433,11.962312371437292,bayes_h1_marginal_boundary,measured_graph,0.00022629528620998388,0.3993523080103057,30,h1_z
0.01,1.0000000002783254,15.348327863397571,9883.377258139584,9883.037845332881,-0.3394128067022262,15.348327863397571,bayes_h1_marginal_boundary,measured_graph,4.1630496041381574e-05,0.40083404136212913,30,h1_z
0.012589254117941675,1.0000000002734786,19.226337080115627,9881.52564440532,9881.098840724522,-0.42680368079665804,19.226337080115627,bayes_h1_marginal_boundary,measured_graph,5.988424574420556e-06,0.4025841543025752,30,h1_z
0.01584893192461114,1.000000000286146,23.593542981227074,9879.439432328858,9878.915237773967,-0.5241945548910899,23.593542981227074,bayes_h1_marginal_boundary,measured_graph,6.745060847150467e-07,0.4045970221479813,30,h1_z
0.01995262314968881,1.0000000003146794,28.464207822416938,9877.111490782358,9876.479905353372,-0.6315854289855218,28.464207822416938,bayes_h1_marginal_boundary,measured_graph,5.90655755136555e-08,0.4068798885020624,30,h1_z
0.025118864315095822,1.0000000003500222,33.88545610670917,9874.518257514306,9873.769281211225,-0.7489763030799538,33.88545610670917,bayes_h1_marginal_boundary,measured_graph,3.927582646440525e-09,0.4094656265575291,30,h1_z
0.03162277660168379,1.0000000003708749,39.91987601116125,9871.628438436173,9870.752071259,-0.8763671771743852,39.91987601116125,bayes_h1_marginal_boundary,measured_graph,1.9220633581615513e-10,0.41240203669428555,30,h1_z
0.039810717055349734,1.0000000003491512,46.59912410552715,9868.426205263086,9867.412447211816,-1.0137580512688171,46.59912410552715,bayes_h1_marginal_boundary,measured_graph,6.813768970309097e-12,0.41571963632337167,30,h1_z
0.05011872336272725,1.0000000002738108,53.8992535291618,9864.923531425362,9863.7623825,-1.1611489253632492,53.8992535291618,bayes_h1_marginal_boundary,measured_graph,1.7708608684269635e-13,0.4194126452878465,30,h1_z
0.06309573444801936,1.0000000001711307,61.77349318800043,9861.143802470038,9859.82526267058,-1.3185397994576809,61.77349318800043,bayes_h1_marginal_boundary,measured_graph,3.453941874971555e-15,0.42346016326836694,30,h1_z
0.07943282347242822,1.0000000000844833,70.18831422762742,9857.103782824319,9855.617852150766,-1.4859306735521132,70.18831422762742,bayes_h1_marginal_boundary,measured_graph,5.141145000664138e-17,0.427852622429845,30,h1_z
0.1,1.0000000000347664,79.07206666634738,9852.839297479053,9851.175975931406,-1.663321547646544,79.07206666634738,bayes_h1_marginal_boundary,measured_graph,6.053095439328378e-19,0.4325579363301852,30,h1_z
1e-05,1.0000000026682294,51.994113388616825,13461.408115736718,13459.040429152848,-2.3676865838692702,51.994113388616825,bayes_h1_marginal_boundary,measured_graph,1.371642736079517e-12,0.2027242220562385,31,h1_z
1.2589254117941661e-05,1.0000000074242543,51.5405485476731,13461.422289031285,13459.26721157332,-2.155077457963703,51.5405485476731,bayes_h1_marginal_boundary,measured_graph,1.7208038209574113e-12,0.20270999049913496,31,h1_z
1.584893192461114e-05,1.000000020857543,51.09415564861774,13461.442876354906,13459.490408022848,-1.952468332058134,51.09415564861774,bayes_h1_marginal_boundary,measured_graph,2.151118563516131e-12,0.20268841890864797,31,h1_z
1.9952623149688786e-05,1.0000000576201433,50.64843484555604,13461.473127630532,13459.713268424379,-1.7598592061525666,50.64843484555604,bayes_h1_marginal_boundary,measured_graph,2.6881369512305383e-12,0.20265550732139323,31,h1_z
2.5118864315095822e-05,1.0000001539706038,50.19339035606026,13461.518040749374,13459.940790669127,-1.5772500802469966,50.19339035606026,bayes_h1_marginal_boundary,measured_graph,3.3749166078344485e-12,0.20260504866783266,31,h1_z
3.1622776601683795e-05,1.000000000758668,49.71360134036877,13461.585326131313,13460.180685176972,-1.404640954341429,49.71360134036877,bayes_h1_marginal_boundary,measured_graph,4.289907294681921e-12,0.20252749552755459,31,h1_z
3.9810717055349695e-05,1.0000000028984475,49.185425682855566,13461.686804834166,13460.444773005729,-1.2420318284358616,49.185425682855566,bayes_h1_marginal_boundary,measured_graph,5.5864998817143866e-12,0.20240815110260016,31,h1_z
5.011872336272725e-05,1.0000000106370976,48.57264932448743,13461.840583887444,13460.751161184913,-1.089422702530293,48.57264932448743,bayes_h1_marginal_boundary,measured_graph,7.589313436680945e-12,0.20222496723889793,31,h1_z
6.309573444801929e-05,1.0000000370613138,47.82052836508228,13462.074035241241,13461.127221664616,-0.9468135766247254,47.82052836508228,bayes_h1_marginal_boundary,measured_graph,1.1054102330749125e-11,0.2019456386385489,31,h1_z
7.943282347242822e-05,1.0000001197705959,46.84795532049975,13462.427712637626,13461.613508186907,-0.8142044507191568,46.84795532049975,bayes_h1_marginal_boundary,measured_graph,1.7976909574936064e-11,0.20152508619837203,31,h1_z
0.0001,1.000000345322429,45.5390005088484,13462.959580917546,13462.267985592733,-0.6915953248135883,45.5390005088484,bayes_h1_marginal_boundary,measured_graph,3.459003168052113e-11,0.20090563358506708,31,h1_z
0.00012589254117941674,1.000000837321812,43.738185102618445,13463.747379494756,13463.168393295848,-0.5789861989080206,43.738185102618445,bayes_h1_marginal_boundary,measured_graph,8.511244307177927e-11,0.20002523197351255,31,h1_z
0.00015848931924611142,1.0000015711202872,41.26045139877169,13464.883637220773,13464.407260147771,-0.47637707300245236,41.26045139877169,bayes_h1_marginal_boundary,measured_graph,2.937826164076494e-10,0.19884203623723024,31,h1_z
0.00019952623149688788,1.0000020515444212,37.935869287783134,13466.453319150361,13466.069551203265,-0.38376794709688455,37.935869287783134,bayes_h1_marginal_boundary,measured_graph,1.5486380548586153e-09,0.19737936463253933,31,h1_z
0.0002511886431509582,1.0000016621343069,33.70798709551673,13468.48465112059,13468.183492299398,-0.30115882119131615,33.70798709551673,bayes_h1_marginal_boundary,measured_graph,1.282398142075373e-08,0.19576959533236374,31,h1_z
0.00031622776601683794,1.0000007620642246,28.760517637325393,13470.88577672378,13470.657227028494,-0.22854969528574837,28.760517637325393,bayes_h1_marginal_boundary,measured_graph,1.5217812285093927e-07,0.1942380491910085,31,h1_z
0.00039810717055349735,1.000000191176069,23.558290596221923,13473.424281118427,13473.258340549046,-0.16594056938017995,23.558290596221923,bayes_h1_marginal_boundary,measured_graph,2.0511691285238807e-06,0.1929951719860381,31,h1_z
0.0005011872336272725,1.0000019456800227,18.693572886772017,13475.804030847245,13475.69069940377,-0.11333144347461188,18.693572886772017,bayes_h1_marginal_boundary,measured_graph,2.33540120566401e-05,0.1921235859280052,31,h1_z
0.000630957344480193,1.00000030969149,14.626507323893748,13477.794954502779,13477.72423218521,-0.07072231756904392,14.626507323893748,bayes_h1_marginal_boundary,measured_graph,0.00017844877287713474,0.19157232014334544,31,h1_z
0.0007943282347242822,1.0000000383871686,11.537745423840533,13479.3067263269,13479.268613135237,-0.03811319166347554,11.537745423840533,bayes_h1_marginal_boundary,measured_graph,0.0008360450702175725,0.19123081334961517,31,h1_z
0.001,1.0000000040838868,9.358161833930353,13480.373908995949,13480.358404930192,-0.015504065757907535,9.358161833930353,bayes_h1_marginal_boundary,measured_graph,0.002486109501412557,0.1909974220601984,31,h1_z
0.0012589254117941675,1.0000000004134864,7.884789635449124,13481.097985969285,13481.095091029432,-0.0028949398523394052,7.884789635449124,bayes_h1_marginal_boundary,measured_graph,0.005193485951097017,0.19080195999296687,31,h1_z
0.001584893192461114,1.000000000044818,6.881076341604057,13481.597233490302,13481.596947676355,-0.0002858139467712683,6.881076341604057,bayes_h1_marginal_boundary,measured_graph,0.008578523268953576,0.19060153931101312,31,h1_z
0.0019952623149688807,1.0000000276124863,6.130307557152264,13481.980008756622,13481.97233206858,-0.007676688041203171,6.130307557152264,bayes_h1_marginal_boundary,measured_graph,0.012486476488554603,0.19036967672023322,31,h1_z
0.002511886431509582,1.000000009125646,5.453339990435779,13482.335883414074,13482.310815851939,-0.025067562135635053,5.453339990435779,bayes_h1_marginal_boundary,measured_graph,0.01751626645815315,0.19008802327125826,31,h1_z
0.0031622776601683794,1.0000000039161838,4.7111435141196125,13482.734372526327,13482.681914090097,-0.05245843623006681,4.7111435141196125,bayes_h1_marginal_boundary,measured_graph,0.025386770687181273,0.1897424965567402,31,h1_z
0.003981071705534973,1.0000000021055926,3.808900160183839,13483.22288507739,13483.133035767065,-0.08984931032449865,3.808900160183839,bayes_h1_marginal_boundary,measured_graph,0.039859065749811066,0.1893238191610837,31,h1_z
0.005011872336272725,1.0000000013148544,2.7149140375840943,13483.817269012783,13483.680028828365,-0.13724018441893068,2.7149140375840943,bayes_h1_marginal_boundary,measured_graph,0.06887842110952054,0.18883298296771442,31,h1_z
0.006309573444801936,1.0000000008921481,1.505072039184597,13484.479580886078,13484.284949827565,-0.19463105851336257,1.505072039184597,bayes_h1_marginal_boundary,measured_graph,0.12612379652692993,0.1882930713442082,31,h1_z
0.00794328234724282,1.0000000006386762,0.43381777532340493,13485.082598892102,13484.820576959495,-0.26202193260779433,0.43381777532340493,bayes_h1_marginal_boundary,measured_graph,0.21548494981326358,0.18776728946946306,31,h1_z
0.01,1.0000000004890437,-0.0,13485.37689865386,13485.037485847157,-0.3394128067022262,-0.0,bayes_h1_marginal_boundary,measured_graph,0.26768206624987423,0.18737578725421616,31,h1_z
0.012589254117941675,1.0000000004184364,0.9210568017988408,13485.003761127055,13484.576957446257,-0.42680368079665804,0.9210568017988408,bayes_h1_marginal_boundary,measured_graph,0.16889404327227914,0.18729130238355346,31,h1_z
0.01584893192461114,1.0000000004142486,3.9153957923917915,13483.603982505852,13483.079787950961,-0.5241945548910899,3.9153957923917915,bayes_h1_marginal_boundary,measured_graph,0.03779217460330968,0.18769050491029265,31,h1_z
0.01995262314968881,1.0000000004626481,9.31862198019735,13481.009760286044,13480.378174857058,-0.6315854289855218,9.31862198019735,bayes_h1_marginal_boundary,measured_graph,0.002535748770010698,0.1886657839992747,31,h1_z
0.025118864315095822,1.000000000527843,16.768821264937287,13477.402051517769,13476.653075214688,-0.7489763030799538,16.768821264937287,bayes_h1_marginal_boundary,measured_graph,6.113867244270552e-05,0.1901485307648758,31,h1_z
0.03162277660168379,1.000000000539894,25.245295618628006,13473.291205215017,13472.414838037843,-0.8763671771743852,25.245295618628006,bayes_h1_marginal_boundary,measured_graph,8.824152100811816e-07,0.1919087014777988,31,h1_z
0.039810717055349734,1.000000000444474,33.52746437686801,13469.287511709992,13468.273753658723,-1.0137580512688171,33.52746437686801,bayes_h1_marginal_boundary,measured_graph,1.4035338472556392e-08,0.1936538041376251,31,h1_z
0.05011872336272725,1.0000000002831402,40.82749722789595,13465.784886158572,13464.623737233209,-1.1611489253632492,40.82749722789595,bayes_h1_marginal_boundary,measured_graph,3.6478829780914175e-10,0.19518056345420415,31,h1_z
0.06309573444801936,1.0000000001576421,47.21646535717082,13462.74779296803,13461.429253168571,-1.3185397994576809,47.21646535717082,bayes_h1_marginal_boundary,measured_graph,1.4951821242744964e-11,0.19648950328019665,31,h1_z
0.07943282347242822,1.0000000001178035,53.6587406134131,13459.694046214003,13458.20811554045,-1.4859306735521132,53.6587406134131,bayes_h1_marginal_boundary,measured_graph,5.967216552368881e-13,0.19780774131076734,31,h1_z
0.1,1.0000000001710925,61.776001932437794,13455.812806428585,13454.149484880938,-1.663321547646544,61.776001932437794,bayes_h1_marginal_boundary,measured_graph,1.03069673265335e-14,0.1995429338544636,31,h1_z
1e-05,1.000000000018069,5.630253325129161,11329.670153278137,11327.302466694267,-2.3676865838692702,5.630253325129161,bayes_h1_marginal_boundary,measured_graph,0.006406705562066016,0.293299637767314,32,h1_z
1.2589254117941661e-05,1.000000000037315,5.20973631295783,11329.667802658318,11327.512725200353,-2.155077457963703,5.20973631295783,bayes_h1_marginal_boundary,measured_graph,0.007905855536158963,0.2933003194061251,32,h1_z
1.584893192461114e-05,1.0000000000805176,4.810059094626922,11329.665032141576,11327.712563809519,-1.952468332058134,4.810059094626922,bayes_h1_marginal_boundary,measured_graph,0.009654675455606916,0.2933005913344171,32,h1_z
1.9952623149688786e-05,1.0000000001795875,4.431215721360786,11329.661844702305,11327.901985496152,-1.7598592061525666,4.431215721360786,bayes_h1_marginal_boundary,measured_graph,0.01166816260423905,0.2933000047780256,32,h1_z
2.5118864315095822e-05,1.0000000004100302,4.073066721724899,11329.658310076216,11328.08105999597,-1.5772500802469966,4.073066721724899,bayes_h1_marginal_boundary,measured_graph,0.01395640423183866,0.2932977970376397,32,h1_z
3.1622776601683795e-05,1.0000000009513252,3.735227924589708,11329.654620348878,11328.249979394537,-1.404640954341429,3.735227924589708,bayes_h1_marginal_boundary,measured_graph,0.01652472734751093,0.29329270103128285,32,h1_z
3.9810717055349695e-05,1.0000000022285926,3.416889169908245,11329.651180600315,11328.409148771878,-1.2420318284358616,3.416889169908245,bayes_h1_marginal_boundary,measured_graph,0.019375846479472707,0.29328265360519806,32,h1_z
5.011872336272725e-05,1.0000000052297915,3.116528160713642,11329.648751979006,11328.559329276475,-1.089422702530293,3.116528160713642,bayes_h1_marginal_boundary,measured_graph,0.022515585721653016,0.2932643654864202,32,h1_z
6.309573444801929e-05,1.000000012156528,2.831479296408361,11329.648667285253,11328.701853708628,-0.9468135766247254,2.831479296408361,bayes_h1_marginal_boundary,measured_graph,0.025964551406617697,0.29323272823412755,32,h1_z
7.943282347242822e-05,1.0000000275454732,2.5573320556868566,11329.653131779707,11328.838927328989,-0.8142044507191568,2.5573320556868566,bayes_h1_marginal_boundary,measured_graph,0.02977907068204188,0.2931800975869919,32,h1_z
0.0001,1.0000000594787235,2.2872093505393423,11329.665584006376,11328.973988681562,-0.6915953248135883,2.2872093505393423,bayes_h1_marginal_boundary,measured_graph,0.03408533295814943,0.29309567823109856,32,h1_z
0.00012589254117941674,1.0000001185462914,2.0111974576793727,11329.690980826901,11329.111994627992,-0.5789861989080206,2.0111974576793727,bayes_h1_marginal_boundary,measured_graph,0.039129361538227124,0.29296564490000454,32,h1_z
0.00015848931924611142,1.0000002087133963,1.7166896201342752,11329.735625619767,11329.259248546765,-0.47637707300245236,1.7166896201342752,bayes_h1_marginal_boundary,measured_graph,0.045337161503606,0.2927752911698067,32,h1_z
0.00019952623149688788,1.0000003065199952,1.3911921792350768,11329.80576521431,11329.421997267214,-0.38376794709688455,1.3911921792350768,bayes_h1_marginal_boundary,measured_graph,0.05335009502374314,0.29251493117090277,32,h1_z
0.0002511886431509582,1.000000350923843,1.0296754038645304,11329.903914476092,11329.6027556549,-0.30115882119131615,1.0296754038645304,bayes_h1_marginal_boundary,measured_graph,0.06392011793966837,0.29218988615935465,32,h1_z
0.00031622776601683794,1.0000002927691605,0.6470230899249145,11330.022631507156,11329.79408181187,-0.22854969528574837,0.6470230899249145,bayes_h1_marginal_boundary,measured_graph,0.0773979507030073,0.29182972575442734,32,h1_z
0.00039810717055349735,1.0000001695580907,0.2905633223890618,11330.138252265018,11329.972311695637,-0.16594056938017995,0.2905633223890618,bayes_h1_marginal_boundary,measured_graph,0.09249829272377368,0.29148610495808663,32,h1_z
0.0005011872336272725,1.000000067517704,0.04160097208296065,11330.210124314264,11330.09679287079,-0.11333144347461188,0.04160097208296065,bayes_h1_marginal_boundary,measured_graph,0.10475993115398213,0.29121398372225166,32,h1_z
0.000630957344480193,1.0000000192268603,-0.0,11330.1883156744,11330.117593356832,-0.07072231756904392,-0.0,bayes_h1_marginal_boundary,measured_graph,0.1069618093194953,0.2910502308879663,32,h1_z
0.0007943282347242822,1.0000000042517392,0.2639089391377638,11330.023752078927,11329.985638887263,-0.03811319166347554,0.2639089391377638,bayes_h1_marginal_boundary,measured_graph,0.09373928630749473,0.29101042135882305,32,h1_z
0.001,1.0000000008140826,0.9251787856883311,11329.670508029745,11329.655003963988,-0.015504065757907535,0.9251787856883311,bayes_h1_marginal_boundary,measured_graph,0.06734862289527715,0.29110486655886075,32,h1_z
0.0012589254117941675,1.0000000001516174,2.0867054425725655,11329.077135575399,11329.074240635546,-0.0028949398523394052,2.0867054425725655,bayes_h1_marginal_boundary,measured_graph,0.03767961105050316,0.2913582931856663,32,h1_z
0.001584893192461114,1.0000000000305598,3.8900435092109547,11328.172857416173,11328.172571602227,-0.0002858139467712683,3.8900435092109547,bayes_h1_marginal_boundary,measured_graph,0.01529383940275171,0.2918224410035926,32,h1_z
0.0019952623149688807,1.000000030410257,6.536305732239271,11326.857117178753,11326.849440490712,-0.007676688041203171,6.536305732239271,bayes_h1_marginal_boundary,measured_graph,0.0040727521806263435,0.29258017237723033,32,h1_z
0.002511886431509582,1.0000000132253941,10.28550814218761,11324.999906847874,11324.974839285738,-0.025067562135635053,10.28550814218761,bayes_h1_marginal_boundary,measured_graph,0.0006248259034110912,0.29374111519122464,32,h1_z
0.0031622776601683794,1.0000000066761559,15.426063008166238,11322.457020288979,11322.404561852749,-0.05245843623006681,15.426063008166238,bayes_h1_marginal_boundary,measured_graph,4.780812592122477e-05,0.2954278339482816,32,h1_z
0.003981071705534973,1.0000000040008037,22.226219383643183,11319.094332975335,11319.00448366501,-0.08984931032449865,22.226219383643183,bayes_h1_marginal_boundary,measured_graph,1.5953887479514204e-06,0.2977576649514002,32,h1_z
0.005011872336272725,1.0000000029579428,30.90992207736781,11314.799872502566,11314.662632318148,-0.13724018441893068,30.90992207736781,bayes_h1_marginal_boundary,measured_graph,2.0759861105372696e-08,0.3008368553198188,32,h1_z
0.006309573444801936,1.0000000027512095,41.69604363581311,11309.464202597439,11309.269571538925,-0.19463105851336257,41.69604363581311,bayes_h1_marginal_boundary,measured_graph,9.441650203267076e-11,0.3047822433488232,32,h1_z
0.00794328234724282,1.0000000030975962,54.864473109963,11302.947378734458,11302.68535680185,-0.26202193260779433,54.864473109963,bayes_h1_marginal_boundary,measured_graph,1.304847562309857e-13,0.30975461936148163,32,h1_z
0.01,1.0000000038879164,70.73118769431676,11295.091412316377,11294.751999509674,-0.3394128067022262,70.73118769431676,bayes_h1_marginal_boundary,measured_graph,4.6789293072845554e-17,0.31595305050361866,32,h1_z
0.012589254117941675,1.0000000049893063,89.44279236272996,11285.823000856264,11285.396197175467,-0.42680368079665804,89.44279236272996,bayes_h1_marginal_boundary,measured_graph,4.045508854655979e-21,0.3235265826123618,32,h1_z
0.01584893192461114,1.0000000060812062,110.65098879127618,11275.316293516085,11274.792098961194,-0.5241945548910899,110.65098879127618,bayes_h1_marginal_boundary,measured_graph,1.003856917570004e-25,0.33241677615652077,32,h1_z
0.01995262314968881,1.0000000066120815,133.30196923334006,11264.098194169148,11263.466608740162,-0.6315854289855218,133.30196923334006,bayes_h1_marginal_boundary,measured_graph,1.210804170615132e-30,0.3422242575403319,32,h1_z
0.025118864315095822,1.0000000060750271,155.8041421152884,11252.964498602269,11252.215522299188,-0.7489763030799538,155.8041421152884,bayes_h1_marginal_boundary,measured_graph,1.5732188865241488e-35,0.3522338724575129,32,h1_z
0.03162277660168379,1.000000004503608,176.57380262360675,11242.707059222203,11241.830692045029,-0.8763671771743852,176.57380262360675,bayes_h1_marginal_boundary,measured_graph,4.860877501501239e-40,0.36164574383388426,32,h1_z
0.039810717055349734,1.0000000025810498,194.59817048407422,11233.832266166064,11232.818508114795,-1.0137580512688171,194.59817048407422,bayes_h1_marginal_boundary,measured_graph,5.926153900631342e-44,0.3698744778403524,32,h1_z
0.05011872336272725,1.0000000010857384,209.6432122460319,11226.457136159179,11225.295987233816,-1.1611489253632492,209.6432122460319,bayes_h1_marginal_boundary,measured_graph,3.2046722313210007e-47,0.3767104764644436,32,h1_z
0.06309573444801936,1.0000000003095855,222.07617520592248,11220.39804555333,11219.07950575387,-1.3185397994576809,222.07617520592248,bayes_h1_marginal_boundary,measured_graph,6.397348555114654e-50,0.3822756910067106,32,h1_z
0.07943282347242822,1.0000000000533456,232.52850745512478,11215.339270302822,11213.85333962927,-1.4859306735521132,232.52850745512478,bayes_h1_marginal_boundary,measured_graph,3.437992335632109e-52,0.386863652499149,32,h1_z
0.1,1.0000000000058291,241.60473714786713,11210.978546330545,11209.315224782898,-1.663321547646544,241.60473714786713,bayes_h1_marginal_boundary,measured_graph,3.6764331052606344e-54,0.39077922830073847,32,h1_z
1e-05,1.000000032386725,138.7964301774955,8568.746280562362,8566.378593978492,-2.3676865838692702,138.7964301774955,bayes_h1_marginal_boundary,measured_graph,5.699167076345542e-31,0.33094927701164456,33,h1_z
1.2589254117941661e-05,1.0000000469856591,138.36611985654963,8568.74882659693,8566.593749138965,-2.155077457963703,138.36611985654963,bayes_h1_marginal_boundary,measured_graph,7.067276579313559e-31,0.3309437118562162,33,h1_z
1.584893192461114e-05,1.000000066578291,137.95380306006336,8568.752375869266,8566.799907537208,-1.952468332058134,137.95380306006336,bayes_h1_marginal_boundary,measured_graph,8.685314369938289e-31,0.3309356744766381,33,h1_z
1.9952623149688786e-05,1.0000000917555547,137.55855760665145,8568.757389470067,8566.997530263914,-1.7598592061525666,137.55855760665145,bayes_h1_marginal_boundary,measured_graph,1.0583078129459819e-30,0.33092392289058853,33,h1_z
2.5118864315095822e-05,1.0000001234399933,137.17898737069117,8568.764565462141,8567.187315381894,-1.5772500802469966,137.17898737069117,bayes_h1_marginal_boundary,measured_graph,1.2794833294985014e-30,0.3309065438241685,33,h1_z
3.1622776601683795e-05,1.000000164450417,136.81296314462452,8568.774968449268,8567.370327494928,-1.404640954341429,136.81296314462452,bayes_h1_marginal_boundary,measured_graph,1.5364406278048482e-30,0.33088057852862907,33,h1_z
3.9810717055349695e-05,1.0000002222672209,136.45721879418852,8568.790231498582,8567.548199670146,-1.2420318284358616,136.45721879418852,bayes_h1_marginal_boundary,measured_graph,1.8355435237280803e-30,0.3308414418998669,33,h1_z
5.011872336272725e-05,1.0000003134986524,136.10672370248358,8568.812869918529,8567.723447215998,-1.089422702530293,136.10672370248358,bayes_h1_marginal_boundary,measured_graph,2.1871256249388288e-30,0.3307820289352621,33,h1_z
6.309573444801929e-05,1.0000004723881375,135.75371411943706,8568.846765584147,8567.899952007521,-0.9468135766247254,135.75371411943706,bayes_h1_marginal_boundary,measured_graph,2.6093286688291713e-30,0.3306913621316058,33,h1_z
7.943282347242822e-05,1.000000002409151,135.38618373386998,8568.897921651023,8568.083717200305,-0.8142044507191568,135.38618373386998,bayes_h1_marginal_boundary,measured_graph,3.1357179719331022e-30,0.3305527281974554,33,h1_z
0.0001,1.000000005566689,134.98579329904896,8568.975507742529,8568.283912417715,-0.6915953248135883,134.98579329904896,bayes_h1_marginal_boundary,measured_graph,3.8307223304358825e-30,0.3303404822602024,33,h1_z
0.00012589254117941674,1.0000000139757956,134.5245779855686,8569.093506273364,8568.514520074456,-0.5789861989080206,134.5245779855686,bayes_h1_marginal_boundary,measured_graph,4.8242777775377e-30,0.3300170956222649,33,h1_z
0.00015848931924611142,1.0000000363295245,133.9608681043428,8569.27275208807,8568.796375015068,-0.47637707300245236,133.9608681043428,bayes_h1_marginal_boundary,measured_graph,6.394997095119807e-30,0.3295293005836147,33,h1_z
0.00019952623149688788,1.0000000918705774,133.2345707213608,8569.543291653656,8569.15952370656,-0.38376794709688455,133.2345707213608,bayes_h1_marginal_boundary,measured_graph,9.195044266887197e-30,0.3288070157371854,33,h1_z
0.0002511886431509582,1.0000002093061389,132.26391901497846,8569.946008380943,8569.64484955975,-0.30115882119131615,132.26391901497846,bayes_h1_marginal_boundary,measured_graph,1.4939228305671876e-29,0.32777000438496967,33,h1_z
0.00031622776601683794,1.0000003911867448,130.94862214425302,8570.5310476904,8570.302497995113,-0.22854969528574837,130.94862214425302,bayes_h1_marginal_boundary,measured_graph,2.883641392330192e-29,0.3263512313827109,33,h1_z
0.00039810717055349735,1.0000005370871659,129.18822198666385,8571.348638643289,8571.182698073908,-0.16594056938017995,129.18822198666385,bayes_h1_marginal_boundary,measured_graph,6.953561307174254e-29,0.3245429922540951,33,h1_z
0.0005011872336272725,1.0000004820891637,126.92376805336971,8572.428256484029,8572.314925040555,-0.11333144347461188,126.92376805336971,bayes_h1_marginal_boundary,measured_graph,2.157382799825044e-28,0.3224489568895445,33,h1_z
0.000630957344480193,1.0000002568138535,124.1930800553273,8573.750991357145,8573.680269039576,-0.07072231756904392,124.1930800553273,bayes_h1_marginal_boundary,measured_graph,8.450620066332818e-28,0.3202846567669726,33,h1_z
0.0007943282347242822,1.0000000778696898,121.15364615278668,8575.23809918251,8575.199985990846,-0.03811319166347554,121.15364615278668,bayes_h1_marginal_boundary,measured_graph,3.8627203053619284e-27,0.3182768086740883,33,h1_z
0.001,1.0000012039907717,118.02219733549282,8576.78121446525,8576.765710399493,-0.015504065757907535,118.02219733549282,bayes_h1_marginal_boundary,measured_graph,1.848752326088055e-26,0.3165237444765677,33,h1_z
0.0012589254117941675,1.0000002391504363,114.95540151452224,8578.302003249832,8578.299108309979,-0.0028949398523394052,114.95540151452224,bayes_h1_marginal_boundary,measured_graph,8.5669253880987e-26,0.3149507960534888,33,h1_z
0.001584893192461114,1.0000000415948638,111.9688157388955,8579.792687011739,8579.792401197792,-0.0002858139467712683,111.9688157388955,bayes_h1_marginal_boundary,measured_graph,3.813764269145542e-25,0.31337799880642486,33,h1_z
0.0019952623149688807,1.0000000078966138,108.94824841189984,8581.310361549331,8581.30268486129,-0.007676688041203171,108.94824841189984,bayes_h1_marginal_boundary,measured_graph,1.726878198779803e-24,0.31161620014265956,33,h1_z
0.002511886431509582,1.0000000020822177,105.72957716760357,8582.937088045574,8582.912020483438,-0.025067562135635053,105.72957716760357,bayes_h1_marginal_boundary,measured_graph,8.633507824745713e-24,0.3095275304559394,33,h1_z
0.0031622776601683794,1.0000000008627608,102.1935644870573,8584.732485259941,8584.680026823711,-0.05245843623006681,102.1935644870573,bayes_h1_marginal_boundary,measured_graph,5.0585108343520305e-23,0.3070559856213309,33,h1_z
0.003981071705534973,1.0000000005169345,98.32935838382036,8586.701979185655,8586.61212987533,-0.08984931032449865,98.32935838382036,bayes_h1_marginal_boundary,measured_graph,3.492403206522818e-22,0.30423543371626716,33,h1_z
0.005011872336272725,1.00000000037547,94.22720382268017,8588.800447340318,8588.6632071559,-0.13724018441893068,94.22720382268017,bayes_h1_marginal_boundary,measured_graph,2.7157883638828496e-21,0.30116415214106984,33,h1_z
0.006309573444801936,1.000000000291249,89.99405925909741,8590.974410496205,8590.779779437691,-0.19463105851336257,89.99405925909741,bayes_h1_marginal_boundary,measured_graph,2.254818480969536e-20,0.29794410146901745,33,h1_z
0.00794328234724282,1.0000000002304432,85.64851955795166,8593.214571220871,8592.952549288264,-0.26202193260779433,85.64851955795166,bayes_h1_marginal_boundary,measured_graph,1.9803116494830325e-19,0.29461805574434885,33,h1_z
0.01,1.0000000001878189,81.06901299948004,8595.581715374203,8595.2423025675,-0.3394128067022262,81.06901299948004,bayes_h1_marginal_boundary,measured_graph,1.9550629986492106e-18,0.2911440775302605,33,h1_z
0.012589254117941675,1.0000000001638678,76.00951474980684,8598.198855373133,8597.772051692336,-0.42680368079665804,76.00951474980684,bayes_h1_marginal_boundary,measured_graph,2.4536738920514364e-17,0.28740978700691433,33,h1_z
0.01584893192461114,1.0000000001601688,70.14589303027242,8601.228057106995,8600.703862552104,-0.5241945548910899,70.14589303027242,bayes_h1_marginal_boundary,measured_graph,4.603478511653718e-16,0.2832623296154116,33,h1_z
0.01995262314968881,1.0000000001812177,63.1297041851758,8604.843542403638,8604.211956974652,-0.6315854289855218,63.1297041851758,bayes_h1_marginal_boundary,measured_graph,1.5368524365026633e-14,0.2785409548124904,33,h1_z
0.025118864315095822,1.0000000002395009,54.65910321392221,8609.19623376336,8608.447257460279,-0.7489763030799538,54.65910321392221,bayes_h1_marginal_boundary,measured_graph,1.0616950684875557e-12,0.27311765671419636,33,h1_z
0.03162277660168379,1.0000000003645375,44.59379157492367,8614.356280456952,8613.479913279778,-0.8763671771743852,44.59379157492367,bayes_h1_marginal_boundary,measured_graph,1.6280001921635996e-10,0.2669581679409515,33,h1_z
0.039810717055349734,1.0000000006225536,33.149515909011825,8620.215809164003,8619.202051112734,-1.0137580512688171,33.149515909011825,bayes_h1_marginal_boundary,measured_graph,4.974475970922354e-08,0.26021526962543245,33,h1_z
0.05011872336272725,1.0000000011511219,21.166383145191503,8626.354766420007,8625.193617494644,-1.1611489253632492,21.166383145191503,bayes_h1_marginal_boundary,measured_graph,1.9899930285972575e-05,0.2533411852416874,33,h1_z
0.06309573444801936,1.000000002192347,10.280293122137664,8631.95520230563,8630.636662506171,-1.3185397994576809,10.280293122137664,bayes_h1_marginal_boundary,measured_graph,0.004599768430589225,0.24713237987387401,33,h1_z
0.07943282347242822,1.0000000040467865,2.6379739476105897,8635.943752766987,8634.457822093435,-1.4859306735521132,2.6379739476105897,bayes_h1_marginal_boundary,measured_graph,0.2100121840489588,0.2425629372857784,33,h1_z
0.1,1.0000000068702994,-0.0,8637.440130614887,8635.77680906724,-1.663321547646544,-0.0,bayes_h1_marginal_boundary,measured_graph,0.7853680976815287,0.24038647625662032,33,h1_z
1e-05,1.0000000006313725,3.7813694163414766,12038.80745007326,12036.43976348939,-2.3676865838692702,3.7813694163414766,bayes_h1_marginal_boundary,measured_graph,0.01150829035678697,0.17921517982028715,34,h1_z
1.2589254117941661e-05,1.0000000007562215,3.359028410020983,12038.806011450515,12036.65093399255,-2.155077457963703,3.359028410020983,bayes_h1_marginal_boundary,measured_graph,0.014214153298687379,0.17921579707859314,34,h1_z
1.584893192461114e-05,1.0000000009362429,2.957455767416832,12038.80418864591,12036.851720313853,-1.952468332058134,2.957455767416832,bayes_h1_marginal_boundary,measured_graph,0.01737486289870455,0.17921653593882733,34,h1_z
1.9952623149688786e-05,1.0000000011836108,2.576864505554113,12038.801875150937,12037.042015944784,-1.7598592061525666,2.576864505554113,bayes_h1_marginal_boundary,measured_graph,0.02101675825510838,0.17921740587579682,34,h1_z
2.5118864315095822e-05,1.0000000015020192,2.2175314384476223,12038.798932558584,12037.221682478337,-1.5772500802469966,2.2175314384476223,bayes_h1_marginal_boundary,measured_graph,0.025153238739728558,0.1792184063528064,34,h1_z
3.1622776601683795e-05,1.0000000018797757,1.8798191803180089,12038.795179561743,12037.390538607402,-1.404640954341429,1.8798191803180089,bayes_h1_marginal_boundary,measured_graph,0.029780171741494107,0.17921951744342068,34,h1_z
3.9810717055349695e-05,1.000000002290442,1.5642075174291676,12038.790376267283,12037.548344438846,-1.2420318284358616,1.5642075174291676,bayes_h1_marginal_boundary,measured_graph,0.03487075895394723,0.1792206846991656,34,h1_z
5.011872336272725e-05,1.000000002708101,1.2713392089353874,12038.784201295624,12037.694778593093,-1.089422702530293,1.2713392089353874,bayes_h1_marginal_boundary,measured_graph,0.04036983226596793,0.17922179566729457,34,h1_z
6.309573444801929e-05,1.0000000031315186,1.0020886679994874,12038.776217440187,12037.829403863561,-0.9468135766247254,1.0020886679994874,bayes_h1_marginal_boundary,measured_graph,0.04618744696282884,0.1792226452351239,34,h1_z
7.943282347242822e-05,1.0000000035996552,0.7576679893063556,12038.765818653626,12037.951614202908,-0.8142044507191568,0.7576679893063556,bayes_h1_marginal_boundary,measured_graph,0.05219143441476544,0.1792228883032584,34,h1_z
0.0001,1.0000000041897585,0.5397956360284297,12038.75214570436,12038.060550379547,-0.6915953248135883,0.5397956360284297,bayes_h1_marginal_boundary,measured_graph,0.05819820814587571,0.1792219839739719,34,h1_z
0.00012589254117941674,1.0000000050023483,0.35097258554014843,12038.7339481037,12038.154961904791,-0.5789861989080206,0.35097258554014843,bayes_h1_marginal_boundary,measured_graph,0.06396052470890284,0.17921915135566396,34,h1_z
0.00015848931924611142,1.000000006126385,0.19494462629882037,12038.709352957414,12038.232975884412,-0.47637707300245236,0.19494462629882037,bayes_h1_marginal_boundary,measured_graph,0.06915013920918063,0.1792133931134871,34,h1_z
0.00019952623149688788,1.000000007546444,0.07748326882938272,12038.675474510243,12038.291706563146,-0.38376794709688455,0.07748326882938272,bayes_h1_marginal_boundary,measured_graph,0.0733330027699365,0.179203708232394,34,h1_z
0.0002511886431509582,1.0000000089552465,0.00768405511189485,12038.627764991197,12038.326606170005,-0.30115882119131615,0.00768405511189485,bayes_h1_marginal_boundary,measured_graph,0.07593747898925732,0.17918969356740036,34,h1_z
0.00031622776601683794,1.0000000095980788,-0.0,12038.558997892847,12038.330448197561,-0.22854969528574837,-0.0,bayes_h1_marginal_boundary,measured_graph,0.07622979405776124,0.17917271864706777,34,h1_z
0.00039810717055349735,1.0000000086166314,0.07701031659235014,12038.457883608646,12038.291943039265,-0.16594056938017995,0.07701031659235014,bayes_h1_marginal_boundary,measured_graph,0.07335034632437808,0.17915750360805513,34,h1_z
0.0005011872336272725,1.0000000060790082,0.27215099566819845,12038.3077041432,12038.194372699727,-0.11333144347461188,0.27215099566819845,bayes_h1_marginal_boundary,measured_graph,0.06653159093881696,0.17915310043172192,34,h1_z
0.000630957344480193,1.0000000033172687,0.630362345091271,12038.085989342584,12038.015267025015,-0.07072231756904392,0.630362345091271,bayes_h1_marginal_boundary,measured_graph,0.05562157757547169,0.17917176227950904,34,h1_z
0.0007943282347242822,1.0000000015101485,1.2044403895888536,12037.76634119443,12037.728228002767,-0.03811319166347554,1.2044403895888536,bayes_h1_marginal_boundary,measured_graph,0.04174301740861952,0.17922569321593576,34,h1_z
0.001,1.000000000688455,2.0482750068913447,12037.321814759873,12037.306310694115,-0.015504065757907535,2.0482750068913447,bayes_h1_marginal_boundary,measured_graph,0.02737458096925759,0.1793246123686782,34,h1_z
0.0012589254117941675,1.000000000388655,3.213208427623613,12036.726738923602,12036.72384398375,-0.0028949398523394052,3.213208427623613,bayes_h1_marginal_boundary,measured_graph,0.015289222533256302,0.17947704334600242,34,h1_z
0.001584893192461114,1.0000000002970026,4.753296126717032,12035.95408594815,12035.953800134203,-0.0002858139467712683,4.753296126717032,bayes_h1_marginal_boundary,measured_graph,0.007078799428264393,0.1796944140697945,34,h1_z
0.0019952623149688807,1.0000000002850935,6.738245308602927,12034.9690022313,12034.96132554326,-0.007676688041203171,6.738245308602927,bayes_h1_marginal_boundary,measured_graph,0.0026238159565303795,0.17999493610857806,34,h1_z
0.002511886431509582,1.0000000003052785,9.267266720977204,12033.721882399208,12033.696814837072,-0.025067562135635053,9.267266720977204,bayes_h1_marginal_boundary,measured_graph,0.000740906401016177,0.18040571462642513,34,h1_z
0.0031622776601683794,1.000000000339178,12.476739152727532,12032.144537057427,12032.092078621197,-0.05245843623006681,12.476739152727532,bayes_h1_marginal_boundary,measured_graph,0.00014887962403239266,0.18096298156685778,34,h1_z
0.003981071705534973,1.000000000381628,16.535769206842815,12030.152412904465,12030.06256359414,-0.08984931032449865,16.535769206842815,bayes_h1_marginal_boundary,measured_graph,1.956266807519709e-05,0.18171001459058964,34,h1_z
0.005011872336272725,1.0000000004349685,21.624631463400874,12027.655372650279,12027.51813246586,-0.13724018441893068,21.624631463400874,bayes_h1_marginal_boundary,measured_graph,1.5360158162155514e-06,0.18269157284713017,34,h1_z
0.006309573444801936,1.0000000005064908,27.894693205191288,12024.577732653479,12024.383101594965,-0.19463105851336257,27.894693205191288,bayes_h1_marginal_boundary,measured_graph,6.681424723582954e-08,0.1839440874256054,34,h1_z
0.00794328234724282,1.000000000608233,35.41768008530926,12020.883630087514,12020.621608154906,-0.26202193260779433,35.41768008530926,bayes_h1_marginal_boundary,measured_graph,1.5533639968185709e-09,0.1854829894939553,34,h1_z
0.01,1.0000000007599752,44.145720813943626,12016.597000597292,12016.25758779059,-0.3394128067022262,44.145720813943626,bayes_h1_marginal_boundary,measured_graph,1.9769845343812786e-11,0.18729222630559386,34,h1_z
0.012589254117941675,1.0000000009961132,53.91209449276721,12011.801204631975,12011.374400951177,-0.42680368079665804,53.91209449276721,bayes_h1_marginal_boundary,measured_graph,1.4971391713693746e-13,0.18932404077602955,34,h1_z
0.01584893192461114,1.0000000013760122,64.48501914782173,12006.612133178542,12006.08793862365,-0.5241945548910899,64.48501914782173,bayes_h1_marginal_boundary,measured_graph,7.574967185340718e-16,0.19151352820999207,34,h1_z
0.01995262314968881,1.0000000019922157,75.63822788131074,12001.142919685892,12000.511334256906,-0.6315854289855218,75.63822788131074,bayes_h1_marginal_boundary,measured_graph,2.867426216274556e-18,0.1937995339086604,34,h1_z
0.025118864315095822,1.000000002964201,87.17518495921104,11995.491832021036,11994.742855717956,-0.7489763030799538,87.17518495921104,bayes_h1_marginal_boundary,measured_graph,8.959295339001369e-21,0.19613396492678292,34,h1_z
0.03162277660168379,1.0000000044054034,98.89504458406373,11989.759293082703,11988.88292590553,-0.8763671771743852,98.89504458406373,bayes_h1_marginal_boundary,measured_graph,2.5546927250502423e-23,0.19847306244657498,34,h1_z
0.039810717055349734,1.000000006373014,110.56346892328656,11984.062471787187,11983.048713735918,-1.0137580512688171,110.56346892328656,bayes_h1_marginal_boundary,measured_graph,7.474334323701882e-26,0.20076615920165472,34,h1_z
0.05011872336272725,1.000000008852932,121.9356578822044,11978.523768181822,11977.362619256459,-1.1611489253632492,121.9356578822044,bayes_h1_marginal_boundary,measured_graph,2.5359054890481907e-28,0.20295713357195533,34,h1_z
0.06309573444801936,1.000000011876633,132.79827615316026,11973.24984992044,11971.931310120981,-1.3185397994576809,132.79827615316026,bayes_h1_marginal_boundary,measured_graph,1.1100575031978822e-30,0.204992615188519,34,h1_z
0.07943282347242822,1.0000000159139424,142.98675704461493,11968.323000348806,11966.837069675254,-1.4859306735521132,142.98675704461493,bayes_h1_marginal_boundary,measured_graph,6.806830898891124e-33,0.20682638655025998,34,h1_z
0.1,1.000000022806,152.39315024399912,11963.797194623208,11962.133873075561,-1.663321547646544,152.39315024399912,bayes_h1_marginal_boundary,measured_graph,6.171242764985439e-35,0.20842533514578943,34,h1_z
1e-05,1.0000001412687647,4.675028803238092,8826.232595972453,8823.864909388583,-2.3676865838692702,4.675028803238092,bayes_h1_marginal_boundary,measured_graph,0.0064825147450308825,0.22107104732031907,35,h1_z
1.2589254117941661e-05,1.0000001456961989,4.2487021578454005,8826.233150169244,8824.07807271128,-2.155077457963703,4.2487021578454005,bayes_h1_marginal_boundary,measured_graph,0.0080226744247867,0.2210706519791659,35,h1_z
1.584893192461114e-05,1.0000001522476465,3.842099267836602,8826.233842488342,8824.281374156284,-1.952468332058134,3.842099267836602,bayes_h1_marginal_boundary,measured_graph,0.009831320715399125,0.2210701174542019,35,h1_z
1.9952623149688786e-05,1.000000161611553,3.4551548023955547,8826.234705595158,8824.474846389005,-1.7598592061525666,3.4551548023955547,bayes_h1_marginal_boundary,measured_graph,0.011929872079229457,0.22106938616901933,35,h1_z
2.5118864315095822e-05,1.000000174332696,3.087790053079516,8826.23577884391,8824.658528763663,-1.5772500802469966,3.087790053079516,bayes_h1_marginal_boundary,measured_graph,0.014335341015962821,0.22106837306421942,35,h1_z
3.1622776601683795e-05,1.000000190429767,2.739911471664527,8826.23710900871,8824.83246805437,-1.404640954341429,2.739911471664527,bayes_h1_marginal_boundary,measured_graph,0.017058816703849636,0.22106695116420105,35,h1_z
3.9810717055349695e-05,1.0000002089904672,2.4114099629186967,8826.23875063718,8824.996718808743,-1.2420318284358616,2.4114099629186967,bayes_h1_marginal_boundary,measured_graph,0.02010398256856674,0.2210649291806326,35,h1_z
5.011872336272725e-05,1.0000002281706306,2.1021617669066472,8826.24076560928,8825.151342906749,-1.089422702530293,2.1021617669066472,bayes_h1_marginal_boundary,measured_graph,0.023465752814742145,0.22106201675583792,35,h1_z
6.309573444801929e-05,1.000000245989034,1.8120322997419862,8826.243221216957,8825.296407640331,-0.9468135766247254,1.8120322997419862,bayes_h1_marginal_boundary,measured_graph,0.027129094906628667,0.22105777080958744,35,h1_z
7.943282347242822e-05,1.000000261589319,1.5408851247411803,8826.24618567855,8825.431981227832,-0.8142044507191568,1.5408851247411803,bayes_h1_marginal_boundary,measured_graph,0.03106806218916792,0.22105151375786514,35,h1_z
0.0001,1.0000002759879176,1.288599547886406,8826.249719341073,8825.55812401626,-0.6915953248135883,1.288599547886406,bayes_h1_marginal_boundary,measured_graph,0.03524498116043478,0.22104221160569887,35,h1_z
0.00012589254117941674,1.0000002918841595,1.055102617803641,8826.25385868021,8825.6748724813,-0.5789861989080206,1.055102617803641,bayes_h1_marginal_boundary,measured_graph,0.039609603668350465,0.22102829912746758,35,h1_z
0.00015848931924611142,1.0000003131297772,0.8404253327571496,8826.258588196826,8825.782211123824,-0.47637707300245236,0.8404253327571496,bayes_h1_marginal_boundary,measured_graph,0.044097815596144306,0.22100744673553877,35,h1_z
0.00019952623149688788,1.0000003444426504,0.6448004228514037,8826.263791525873,8825.880023578777,-0.38376794709688455,0.6448004228514037,bayes_h1_marginal_boundary,measured_graph,0.048629128499655346,0.22097629366912971,35,h1_z
0.0002511886431509582,1.0000003910776327,0.46883453941336484,8826.269165341688,8825.968006520496,-0.30115882119131615,0.46883453941336484,bayes_h1_marginal_boundary,measured_graph,0.05310152487774876,0.22093025182111098,35,h1_z
0.00031622776601683794,1.0000004571928935,0.31382008077707724,8826.2740634451,8826.045513749814,-0.22854969528574837,0.31382008077707724,bayes_h1_marginal_boundary,measured_graph,0.05738097912320555,0.22086364642379955,35,h1_z
0.00039810717055349735,1.0000005409652966,0.1823138863692293,8826.277207416399,8826.111266847018,-0.16594056938017995,0.1823138863692293,bayes_h1_marginal_boundary,measured_graph,0.061280762696874984,0.22077068466984326,35,h1_z
0.0005011872336272725,1.0000006262600183,0.07919422505801776,8826.276158121147,8826.162826677673,-0.11333144347461188,0.07919422505801776,bayes_h1_marginal_boundary,measured_graph,0.06452326149431828,0.22064779491846437,35,h1_z
0.000630957344480193,1.000000679212036,0.013392028457019478,8826.266450093543,8826.195727775974,-0.07072231756904392,0.013392028457019478,bayes_h1_marginal_boundary,measured_graph,0.06668145647555518,0.22049714313334548,35,h1_z
0.0007943282347242822,1.000000666250127,-0.0,8826.240536981866,8826.202423790202,-0.03811319166347554,-0.0,bayes_h1_marginal_boundary,measured_graph,0.0671294546841909,0.22032919010536348,35,h1_z
0.001,1.000000587440863,0.06118038406930282,8826.187337663925,8826.171833598168,-0.015504065757907535,0.06118038406930282,bayes_h1_marginal_boundary,measured_graph,0.06510704246846573,0.22016075707808058,35,h1_z
0.0012589254117941675,1.000000480565093,0.22346643467972171,8826.093585512715,8826.090690572863,-0.0028949398523394052,0.22346643467972171,bayes_h1_marginal_boundary,measured_graph,0.0600327170213097,0.22000811799733672,35,h1_z
0.001584893192461114,1.0000003854772574,0.5116795123904012,8825.946869847954,8825.946584034007,-0.0002858139467712683,0.5116795123904012,bayes_h1_marginal_boundary,measured_graph,0.05197605638691652,0.2198808532131655,35,h1_z
0.0019952623149688807,1.000000318581131,0.9448645505690365,8825.737668202959,8825.729991514918,-0.007676688041203171,0.9448645505690365,bayes_h1_marginal_boundary,measured_graph,0.04185413675960536,0.2197824714595323,35,h1_z
0.002511886431509582,1.0000002780325319,1.5403155187923403,8825.457333592942,8825.432266030806,-0.025067562135635053,1.5403155187923403,bayes_h1_marginal_boundary,measured_graph,0.031076911725816222,0.21971685140687394,35,h1_z
0.0031622776601683794,1.0000002571464504,2.3263251856187708,8825.091719633623,8825.039261197393,-0.05245843623006681,2.3263251856187708,bayes_h1_marginal_boundary,measured_graph,0.0209777074069493,0.21969586704358904,35,h1_z
0.003981071705534973,1.0000002515057527,3.360225020795042,8824.61216059013,8824.522311279805,-0.08984931032449865,3.360225020795042,bayes_h1_marginal_boundary,measured_graph,0.012509775819818637,0.2197463341918058,35,h1_z
0.005011872336272725,1.0000002609199188,4.7487482836186246,8823.965289832811,8823.828049648393,-0.13724018441893068,4.7487482836186246,bayes_h1_marginal_boundary,measured_graph,0.006247921027594957,0.219917364239789,35,h1_z
0.006309573444801936,1.0000002899421467,6.667795599638339,8823.063157048897,8822.868525990383,-0.19463105851336257,6.667795599638339,bayes_h1_marginal_boundary,measured_graph,0.0023934243306164174,0.22028871508654022,35,h1_z
0.00794328234724282,1.0000003486781628,9.37316257711791,8821.77786443425,8821.515842501643,-0.26202193260779433,9.37316257711791,bayes_h1_marginal_boundary,measured_graph,0.000618809149868204,0.22097708314217823,35,h1_z
0.01,1.0000004537106215,13.182919360151573,8819.95037691683,8819.610964110127,-0.3394128067022262,13.182919360151573,bayes_h1_marginal_boundary,measured_graph,9.210401291043185e-05,0.22213168927102564,35,h1_z
0.012589254117941675,1.0000006261581964,18.40551649369445,8817.426469224152,8816.999665543355,-0.42680368079665804,18.40551649369445,bayes_h1_marginal_boundary,measured_graph,6.764037308540563e-06,0.2239068531818106,35,h1_z
0.01584893192461114,1.000000879430097,25.205616213374014,8814.123810238407,8813.599615683515,-0.5241945548910899,25.205616213374014,bayes_h1_marginal_boundary,measured_graph,2.25726788137567e-07,0.2264055621489046,35,h1_z
0.01995262314968881,1.0000011905634643,33.45508910835997,8810.106464665008,8809.474879236022,-0.6315854289855218,33.45508910835997,bayes_h1_marginal_boundary,measured_graph,3.6494954253986544e-09,0.22960974388730485,35,h1_z
0.025118864315095822,1.0000014735365563,42.672387462167535,8805.6152063622,8804.866230059119,-0.7489763030799538,42.672387462167535,bayes_h1_marginal_boundary,measured_graph,3.636820923988159e-11,0.23333785961540252,35,h1_z
0.03162277660168379,1.0000000125922108,52.12646822945317,8801.01555685265,8800.139189675476,-0.8763671771743852,52.12646822945317,bayes_h1_marginal_boundary,measured_graph,3.2195439846429504e-13,0.23726818676783673,35,h1_z
0.039810717055349734,1.0000000112860137,61.06557190774038,8796.683395887601,8795.669637836332,-1.0137580512688171,61.06557190774038,bayes_h1_marginal_boundary,measured_graph,3.687165761820934e-15,0.24102481669744236,35,h1_z
0.05011872336272725,1.0000012319524674,68.9438624256909,8792.89164150272,8791.730492577357,-1.1611489253632492,68.9438624256909,bayes_h1_marginal_boundary,measured_graph,7.177011018573678e-17,0.24428595102126155,35,h1_z
0.06309573444801936,1.000000875268086,75.54760081939094,8789.747163179965,8788.428623380507,-1.3185397994576809,75.54760081939094,bayes_h1_marginal_boundary,measured_graph,2.6421656420861784e-18,0.24686331502182232,35,h1_z
0.07943282347242822,1.0000005487021324,81.00009215232421,8787.188308387593,8785.70237771404,-1.4859306735521132,81.00009215232421,bayes_h1_marginal_boundary,measured_graph,1.72968329690778e-19,0.248729917920965,35,h1_z
0.1,1.0000003126752532,85.67201895652397,8785.029735859587,8783.36641431194,-1.663321547646544,85.67201895652397,bayes_h1_marginal_boundary,measured_graph,1.6729022917391005e-20,0.2500007511146365,35,h1_z
1e-05,1.0000000180409954,6.669114541176896,4172.227503885575,4169.859817301706,-2.3676865838692702,6.669114541176896,bayes_h1_marginal_boundary,measured_graph,0.003799693090893199,0.2057611243978319,36,h1_z
1.2589254117941661e-05,1.0000000190245015,6.239401283470215,4172.229751388523,4170.07467393056,-2.155077457963703,6.239401283470215,bayes_h1_marginal_boundary,measured_graph,0.00471041929693351,0.2057564506321535,36,h1_z
1.584893192461114e-05,1.0000000205723525,5.8285236306001025,4172.2325810890525,4170.280112756995,-1.952468332058134,5.8285236306001025,bayes_h1_marginal_boundary,measured_graph,0.005784695673958575,0.2057504335600506,36,h1_z
1.9952623149688786e-05,1.0000000229827648,5.436179635024018,4172.236143960935,4170.476284754783,-1.7598592061525666,5.436179635024018,bayes_h1_marginal_boundary,measured_graph,0.007038448419997038,0.20574264725687744,36,h1_z
2.5118864315095822e-05,1.0000000266807991,5.061988756584469,4172.240630274249,4170.6633801940025,-1.5772500802469966,5.061988756584469,bayes_h1_marginal_boundary,measured_graph,0.008486555371138876,0.20573250964883277,36,h1_z
3.1622776601683795e-05,1.000000032235445,4.705471137091081,4172.246279958091,4170.841639003749,-1.404640954341429,4.705471137091081,bayes_h1_marginal_boundary,measured_graph,0.010142575905340654,0.20571921514579797,36,h1_z
3.9810717055349695e-05,1.0000000403396139,4.366021166502833,4172.253395817479,4171.011363989043,-1.2420318284358616,4.366021166502833,bayes_h1_marginal_boundary,measured_graph,0.012018738641064123,0.20570163407361428,36,h1_z
5.011872336272725e-05,1.000000051733347,4.042873561040324,4172.262360494305,4171.1729377917745,-1.089422702530293,4.042873561040324,bayes_h1_marginal_boundary,measured_graph,0.014126335030283318,0.20567816124786273,36,h1_z
6.309573444801929e-05,1.0000000671158544,3.7350594664603705,4172.273658415689,4171.3268448390645,-0.9468135766247254,3.7350594664603705,bayes_h1_marginal_boundary,measured_graph,0.016476709450425543,0.20564648655243115,36,h1_z
7.943282347242822e-05,1.0000000872559642,3.441349041167996,4172.28790450243,4171.473700051711,-0.8142044507191568,3.441349041167996,bayes_h1_marginal_boundary,measured_graph,0.019083098498225037,0.2056032463452168,36,h1_z
0.0001,1.0000001136938859,3.160175415858248,4172.305882189179,4171.614286864366,-0.6915953248135883,3.160175415858248,bayes_h1_marginal_boundary,measured_graph,0.021963672983928605,0.20554349481102457,36,h1_z
0.00012589254117941674,1.0000001504585863,2.8895328074559075,4172.328594367475,4171.749608168567,-0.5789861989080206,2.8895328074559075,bayes_h1_marginal_boundary,measured_graph,0.025146309966737612,0.20545990971627617,36,h1_z
0.00015848931924611142,1.0000002073436507,2.6268393436002953,4172.357331973497,4171.8809549004945,-0.47637707300245236,2.6268393436002953,bayes_h1_marginal_boundary,measured_graph,0.028675924315931103,0.20534162442201545,36,h1_z
0.00019952623149688788,1.0000003064970115,2.368755120862261,4172.393764958961,4172.009997011864,-0.38376794709688455,2.368755120862261,bayes_h1_marginal_boundary,measured_graph,0.03262568977909225,0.2051725824969417,36,h1_z
0.0002511886431509582,1.0000004974658343,2.1109559067172086,4172.440055440127,4172.138896618936,-0.30115882119131615,2.1109559067172086,bayes_h1_marginal_boundary,measured_graph,0.037114198865654695,0.20492941233867745,36,h1_z
0.00031622776601683794,1.000000891625159,1.8479049315119482,4172.498971801824,4172.270422106539,-0.22854969528574837,1.8479049315119482,bayes_h1_marginal_boundary,measured_graph,0.04233122962883599,0.20457918037532788,36,h1_z
0.00039810717055349735,1.0000017300183797,1.572795813497578,4172.573917234926,4172.407976665546,-0.16594056938017995,1.572795813497578,bayes_h1_marginal_boundary,measured_graph,0.04857357514576452,0.20407831651801542,36,h1_z
0.0005011872336272725,1.000003467126869,1.2781813924138987,4172.668615319562,4172.555283876088,-0.11333144347461188,1.2781813924138987,bayes_h1_marginal_boundary,measured_graph,0.056282681245966165,0.20337589889829674,36,h1_z
0.000630957344480193,1.0000067041668363,0.9585563281762006,4172.785818725775,4172.715096408207,-0.07072231756904392,0.9585563281762006,bayes_h1_marginal_boundary,measured_graph,0.06603595750921097,0.20242706294597382,36,h1_z
0.0007943282347242822,1.000000520085711,0.6170911038880149,4172.9239422120145,4172.885829020351,-0.03811319166347554,0.6170911038880149,bayes_h1_marginal_boundary,measured_graph,0.07833010536813768,0.2012235752555333,36,h1_z
0.001,1.0000008837972862,0.2817997603342519,4173.068978757886,4173.053474692128,-0.015504065757907535,0.2817997603342519,bayes_h1_marginal_boundary,measured_graph,0.09262672327833876,0.19983055873806801,36,h1_z
0.0012589254117941675,1.0000011621142901,0.027657261260173982,4173.183440881517,4173.180545941665,-0.0028949398523394052,0.027657261260173982,bayes_h1_marginal_boundary,measured_graph,0.10517745148932779,0.19841566783692516,36,h1_z
0.001584893192461114,1.0000012432819765,-0.0,4173.194660386242,4173.194374572295,-0.0002858139467712683,-0.0,bayes_h1_marginal_boundary,measured_graph,0.10664201472954285,0.19721782202379892,36,h1_z
0.0019952623149688807,1.000001221684902,0.41704346468941367,4172.993529527991,4172.98585283995,-0.007676688041203171,0.41704346468941367,bayes_h1_marginal_boundary,measured_graph,0.08657021650597686,0.1964824985188693,36,h1_z
0.002511886431509582,1.0000012611852644,1.5440040055673308,4172.4474401316465,4172.422372569511,-0.025067562135635053,1.5440040055673308,bayes_h1_marginal_boundary,measured_graph,0.04927789315234715,0.196425534408379,36,h1_z
0.0031622776601683794,1.0000014790119245,3.646094761119457,4171.423785627965,4171.371327191735,-0.05245843623006681,3.646094761119457,bayes_h1_marginal_boundary,measured_graph,0.01722617773151453,0.19724816556072838,36,h1_z
0.003981071705534973,1.000001944697273,6.91995831467284,4169.824244725282,4169.734395414958,-0.08984931032449865,6.91995831467284,bayes_h1_marginal_boundary,measured_graph,0.0033518030038831572,0.19914947857119647,36,h1_z
0.005011872336272725,1.0000026168646938,11.399711881615076,4167.631758815906,4167.494518631487,-0.13724018441893068,11.399711881615076,bayes_h1_marginal_boundary,measured_graph,0.000356871904575666,0.20227975084317712,36,h1_z
0.006309573444801936,1.000003179877096,16.87825727278687,4164.949876994415,4164.755245935901,-0.19463105851336257,16.87825727278687,bayes_h1_marginal_boundary,measured_graph,2.306010829583564e-05,0.206635836722024,36,h1_z
0.00794328234724282,1.0000031322460838,22.92972494542846,4161.991534032189,4161.7295120995805,-0.26202193260779433,22.92972494542846,bayes_h1_marginal_boundary,measured_graph,1.1189272063182678e-06,0.21197336088049698,36,h1_z
0.01,1.000002372137906,29.066323027967883,4159.000625865013,4158.661213058311,-0.3394128067022262,29.066323027967883,bayes_h1_marginal_boundary,measured_graph,5.20303193185996e-08,0.217842172946529,36,h1_z
0.012589254117941675,1.0000014035753721,34.93852663769758,4156.151914934243,4155.725111253446,-0.42680368079665804,34.93852663769758,bayes_h1_marginal_boundary,measured_graph,2.7613641299789603e-09,0.22376815471614625,36,h1_z
0.01584893192461114,1.0000006994290809,40.44462012439544,4153.496259064988,4152.972064510097,-0.5241945548910899,40.44462012439544,bayes_h1_marginal_boundary,measured_graph,1.7599108551164306e-10,0.22945819153615832,36,h1_z
0.01995262314968881,1.0000003254249152,45.69304893175649,4150.9794355354015,4150.347850106416,-0.6315854289855218,45.69304893175649,bayes_h1_marginal_boundary,measured_graph,1.2758770781944149e-11,0.2348707939824904,36,h1_z
0.025118864315095822,1.0000045568335794,50.86391239366094,4148.511394678544,4147.762418375464,-0.7489763030799538,50.86391239366094,bayes_h1_marginal_boundary,measured_graph,9.615460786588978e-13,0.2401175987372858,36,h1_z
0.03162277660168379,1.0000025047939807,56.071204068301085,4146.035139715318,4145.158772538144,-0.8763671771743852,56.071204068301085,bayes_h1_marginal_boundary,measured_graph,7.115756547908014e-14,0.24529825942170458,36,h1_z
0.039810717055349734,1.0000012372787044,61.3080633731297,4143.554100936999,4142.54034288573,-1.0137580512688171,61.3080633731297,bayes_h1_marginal_boundary,measured_graph,5.188616015146088e-15,0.25037671117439686,36,h1_z
0.05011872336272725,1.0000004962137399,66.47556890362284,4141.117739045846,4139.956590120483,-1.1611489253632492,66.47556890362284,bayes_h1_marginal_boundary,measured_graph,3.9168953036403835e-16,0.2551678627017504,36,h1_z
0.06309573444801936,1.0000001608222824,71.44934397040379,4138.78824238655,4137.469702587093,-1.3185397994576809,71.44934397040379,bayes_h1_marginal_boundary,measured_graph,3.2576200580346286e-17,0.25941762329204154,36,h1_z
0.07943282347242822,1.0000000441641879,76.13556418381086,4136.612523153942,4135.126592480389,-1.4859306735521132,76.13556418381086,bayes_h1_marginal_boundary,measured_graph,3.1282441462579146e-18,0.26292278941014385,36,h1_z
0.1,1.0000000104962834,80.49158092860489,4134.611905655639,4132.948584107992,-1.663321547646544,80.49158092860489,bayes_h1_marginal_boundary,measured_graph,3.5432649066331425e-19,0.2656047394822683,36,h1_z
1e-05,1.000003347190174,14.334669643887992,1764.01842071617,1761.6507341323008,-2.3676865838692702,14.334669643887992,bayes_h1_marginal_boundary,measured_graph,0.00013050260212076276,0.6057960752368295,37,h1_z
1.2589254117941661e-05,1.0000034642052524,13.90842161965793,1764.0189356023795,1761.8638581444159,-2.155077457963703,13.90842161965793,bayes_h1_marginal_boundary,measured_graph,0.00016150194376739243,0.6057833655661191,37,h1_z
1.584893192461114e-05,1.0000036435839024,13.501895724009955,1764.019589424298,1762.0671210922399,-1.952468332058134,13.501895724009955,bayes_h1_marginal_boundary,measured_graph,0.00019790361636208724,0.6057671268626185,37,h1_z
1.9952623149688786e-05,1.0000039155232097,13.115013351628477,1764.0204214845833,1762.2605622784306,-1.7598592061525666,13.115013351628477,bayes_h1_marginal_boundary,measured_graph,0.00024013981406299475,0.605746307542513,37,h1_z
2.5118864315095822e-05,1.0000043200987592,12.747671540329975,1764.021483264327,1762.4442331840798,-1.5772500802469966,12.747671540329975,bayes_h1_marginal_boundary,measured_graph,0.000288556878193125,0.6057195050707237,37,h1_z
3.1622776601683795e-05,1.0000049043067787,12.399734203343087,1764.0228428069147,1762.6182018525733,-1.404640954341429,12.399734203343087,bayes_h1_marginal_boundary,measured_graph,0.000343387959918812,0.6056848312172869,37,h1_z
3.9810717055349695e-05,1.0000057107577618,12.071019573862486,1764.0245909957493,1762.7825591673136,-1.2420318284358616,12.071019573862486,bayes_h1_marginal_boundary,measured_graph,0.00040472919988219277,0.605639718178879,37,h1_z
5.011872336272725e-05,1.0000067544259823,11.761282045883945,1764.0268506338332,1762.9374279313029,-1.089422702530293,11.761282045883945,bayes_h1_marginal_boundary,measured_graph,0.00047252325619774344,0.6055806352188768,37,h1_z
6.309573444801929e-05,1.0000002906136176,11.47005117470053,1764.0298569435192,1763.0830433668946,-0.9468135766247254,11.47005117470053,bayes_h1_marginal_boundary,measured_graph,0.0005465918706352118,0.6055050854152798,37,h1_z
7.943282347242822e-05,1.0000003402003708,11.19710976778424,1764.033718521072,1763.2195140703527,-0.8142044507191568,11.19710976778424,bayes_h1_marginal_boundary,measured_graph,0.0006265152428692891,0.605401680307393,37,h1_z
0.0001,1.0000003888233344,10.941697879648927,1764.038815339234,1763.3472200144204,-0.6915953248135883,10.941697879648927,bayes_h1_marginal_boundary,measured_graph,0.000711858423546315,0.6052624476664783,37,h1_z
0.00012589254117941674,1.0000004336865547,10.702900557152589,1764.0456048745766,1763.4666186756685,-0.5789861989080206,10.702900557152589,bayes_h1_marginal_boundary,measured_graph,0.0008021356310210471,0.6050728404498125,37,h1_z
0.00015848931924611142,1.0000004762587251,10.479405412314463,1764.05474332109,1763.5783662480876,-0.47637707300245236,10.479405412314463,bayes_h1_marginal_boundary,measured_graph,0.0008969725700828278,0.6048115030220588,37,h1_z
0.00019952623149688788,1.0000005225081703,10.269306730178414,1764.0671835362525,1763.6834155891556,-0.38376794709688455,10.269306730178414,bayes_h1_marginal_boundary,measured_graph,0.0009963261093705819,0.6044467971134135,37,h1_z
0.0002511886431509582,1.0000005824043052,10.069806345115921,1764.0843246028783,1763.7831657816869,-0.30115882119131615,10.069806345115921,bayes_h1_marginal_boundary,measured_graph,0.001100835609687647,0.603931530964136,37,h1_z
0.00031622776601683794,1.0000006711816534,9.876757133219598,1764.1082400829207,1763.879690387635,-0.22854969528574837,9.876757133219598,bayes_h1_marginal_boundary,measured_graph,0.001212390635867394,0.6031950583747806,37,h1_z
0.00039810717055349735,1.0000008143703725,9.683970075627713,1764.1420244858111,1763.976083916431,-0.16594056938017995,9.683970075627713,bayes_h1_marginal_boundary,measured_graph,0.001335075268730856,0.6021317208331841,37,h1_z
0.0005011872336272725,1.0000010593337205,9.482176189897473,1764.1903123027707,1764.076980859296,-0.11333144347461188,9.482176189897473,bayes_h1_marginal_boundary,measured_graph,0.0014768103811036303,0.6005847184958819,37,h1_z
0.000630957344480193,1.0000014989211226,9.25751160441132,1764.2600354696083,1764.1893131520392,-0.07072231756904392,9.25751160441132,bayes_h1_marginal_boundary,measured_graph,0.0016523803867933033,0.5983256670704085,37,h1_z
0.0007943282347242822,1.0000023137759224,8.989415048588853,1764.361474621614,1764.3233614299504,-0.03811319166347554,8.989415048588853,bayes_h1_marginal_boundary,measured_graph,0.0018894110841998705,0.595034175644281,37,h1_z
0.001,1.0000038141333887,8.647994655912953,1764.5095756920462,1764.4940716262884,-0.015504065757907535,8.647994655912953,bayes_h1_marginal_boundary,measured_graph,0.0022411191938321736,0.590292617021013,37,h1_z
0.0012589254117941675,1.0000063230354324,8.191492781079887,1764.7252175035571,1764.722322563705,-0.0028949398523394052,8.191492781079887,bayes_h1_marginal_boundary,measured_graph,0.002815743418650769,0.5836343147075282,37,h1_z
0.001584893192461114,1.0000094537236786,7.566058741223969,1765.0353253975795,1765.0350395836329,-0.0002858139467712683,7.566058741223969,bayes_h1_marginal_boundary,measured_graph,0.00384950026484779,0.5747154697129956,37,h1_z
0.0019952623149688807,1.000010936058239,6.71374704642767,1765.468872119072,1765.461195431031,-0.007676688041203171,6.71374704642767,bayes_h1_marginal_boundary,measured_graph,0.005894968473302136,0.5636684862533726,37,h1_z
0.002511886431509582,1.0000083226401728,5.599945924602707,1766.0431635540792,1766.0180959919435,-0.025067562135635053,5.599945924602707,bayes_h1_marginal_boundary,measured_graph,0.010288222010767775,0.5514844193028268,37,h1_z
0.0031622776601683794,1.0000037897307767,4.264547288567428,1766.7382537461913,1766.6857953099611,-0.05245843623006681,4.264547288567428,bayes_h1_marginal_boundary,measured_graph,0.020059423931831865,0.5398824247194038,37,h1_z
0.003981071705534973,1.0000010912855128,2.8573347753849703,1767.479250876877,1767.3894015665524,-0.08984931032449865,2.8573347753849703,bayes_h1_marginal_boundary,measured_graph,0.04054065596002739,0.5303796215924641,37,h1_z
0.005011872336272725,1.0000053451093485,1.5922233326659807,1768.1591974723308,1768.0219572879118,-0.13724018441893068,1.5922233326659807,bayes_h1_marginal_boundary,measured_graph,0.07631435372522441,0.5234679102860954,37,h1_z
0.006309573444801936,1.0000017805453933,0.6470170487514224,1768.6891914883824,1768.4945604298691,-0.19463105851336257,0.6470170487514224,bayes_h1_marginal_boundary,measured_graph,0.12242078708354294,0.51878279056452,37,h1_z
0.00794328234724282,1.0000007700575855,0.11089965319752082,1769.0246410602538,1768.762619127646,-0.26202193260779433,0.11089965319752082,bayes_h1_marginal_boundary,measured_graph,0.16005586051952259,0.5157314081224225,37,h1_z
0.01,1.000000473391946,-0.0,1769.1574817609471,1768.8180689542448,-0.3394128067022262,-0.0,bayes_h1_marginal_boundary,measured_graph,0.1691816025266767,0.5138894845439134,37,h1_z
0.012589254117941675,1.0000003856330655,0.2939871100184064,1769.0978790800323,1768.6710753992356,-0.42680368079665804,0.2939871100184064,bayes_h1_marginal_boundary,measured_graph,0.14605439986715113,0.5130567001123816,37,h1_z
0.01584893192461114,1.0000003381753393,0.958065374103171,1768.8632308220842,1768.3390362671933,-0.5241945548910899,0.958065374103171,bayes_h1_marginal_boundary,measured_graph,0.10478807969998574,0.5132175430662305,37,h1_z
0.01995262314968881,1.0000002562676265,1.9548265592770804,1768.4722411035918,1767.8406556746063,-0.6315854289855218,1.9548265592770804,bayes_h1_marginal_boundary,measured_graph,0.06366019146767089,0.5145358869393653,37,h1_z
0.025118864315095822,1.0000001502269724,3.258273505766283,1767.9379085044416,1767.1889322013617,-0.7489763030799538,3.258273505766283,bayes_h1_marginal_boundary,measured_graph,0.03317630632608154,0.5173313720153112,37,h1_z
0.03162277660168379,1.000000070774926,4.864252642200427,1767.262309810319,1766.3859426331446,-0.8763671771743852,4.864252642200427,bayes_h1_marginal_boundary,measured_graph,0.01486257618583702,0.521979304905949,37,h1_z
0.039810717055349734,1.000002433191295,6.782813152529798,1766.4404204292487,1765.42666237798,-1.0137580512688171,6.782813152529798,bayes_h1_marginal_boundary,measured_graph,0.005694872068868509,0.5288066047267256,37,h1_z
0.05011872336272725,1.000001427691208,9.008094105531654,1765.4751708268423,1764.314021901479,-1.1611489253632492,9.008094105531654,bayes_h1_marginal_boundary,measured_graph,0.0018718470232795305,0.5380113982081471,37,h1_z
0.06309573444801936,1.0000010106395054,11.475006851816943,1764.3991053277941,1763.0805655283364,-1.3185397994576809,11.475006851816943,bayes_h1_marginal_boundary,measured_graph,0.0005452391807881704,0.5494861880459035,37,h1_z
0.07943282347242822,1.000000880432472,14.027587761015184,1763.2902057472893,1761.8042750737372,-1.4859306735521132,14.027587761015184,bayes_h1_marginal_boundary,measured_graph,0.00015216022958313482,0.5625921684248022,37,h1_z
0.1,1.0000009095042879,16.44017029532006,1762.2613053542314,1760.5979838065848,-1.663321547646544,16.44017029532006,bayes_h1_marginal_boundary,measured_graph,4.5542358114738254e-05,0.5761552519672838,37,h1_z
1e-05,1.0000042118046761,15.462900198273928,1644.393578146769,1642.0258915628997,-2.3676865838692702,15.462900198273928,bayes_h1_marginal_boundary,measured_graph,4.501663694093974e-05,0.6208912424339625,38,h1_z
1.2589254117941661e-05,1.0000042946921839,15.0370018323365,1644.393918203832,1642.2388407458684,-2.155077457963703,15.0370018323365,bayes_h1_marginal_boundary,measured_graph,5.5700065017457556e-05,0.6208834724597013,38,h1_z
1.584893192461114e-05,1.000004423790236,14.630919998314766,1644.3943499949373,1642.4418816628793,-1.952468332058134,14.630919998314766,bayes_h1_marginal_boundary,measured_graph,6.823940822796845e-05,0.6208734820340096,38,h1_z
1.9952623149688786e-05,1.0000046232457678,14.244602837932234,1644.3948994492232,1642.6350402430705,-1.7598592061525666,14.244602837932234,bayes_h1_marginal_boundary,measured_graph,8.277953023256573e-05,0.6208605749368662,38,h1_z
2.5118864315095822e-05,1.0000049273983895,13.877982459079703,1644.3956005127438,1642.8183504324968,-1.5772500802469966,13.877982459079703,bayes_h1_marginal_boundary,measured_graph,9.943369109388448e-05,0.6208438047552671,38,h1_z
3.1622776601683795e-05,1.000005381777352,13.530969185816957,1644.3964980234696,1642.9918570691282,-1.404640954341429,13.530969185816957,bayes_h1_marginal_boundary,measured_graph,0.00011827325142993531,0.6208218704748767,38,h1_z
3.9810717055349695e-05,1.0000060396422483,13.203443314459946,1644.3976518332424,1643.1556200048067,-1.2420318284358616,13.203443314459946,bayes_h1_marginal_boundary,measured_graph,0.00013931820663606694,0.6207929630821974,38,h1_z
5.011872336272725e-05,1.000006949080842,12.895243121912245,1644.3991428036109,1643.3097201010805,-1.089422702530293,12.895243121912245,bayes_h1_marginal_boundary,measured_graph,0.0001625296862050801,0.6207545380308946,38,h1_z
6.309573444801929e-05,1.000000289033831,12.60600178237928,1644.4011543474717,1643.454340770847,-0.9468135766247254,12.60600178237928,bayes_h1_marginal_boundary,measured_graph,0.0001878194894710011,0.6207054953501495,38,h1_z
7.943282347242822e-05,1.0000003398080972,12.335678517347787,1644.403706854082,1643.5895024033628,-0.8142044507191568,12.335678517347787,bayes_h1_marginal_boundary,measured_graph,0.00021500106287201774,0.6206360010894069,38,h1_z
0.0001,1.0000003950099228,12.083721302241429,1644.4070763357295,1643.715481010916,-0.6915953248135883,12.083721302241429,bayes_h1_marginal_boundary,measured_graph,0.00024386665481738114,0.620540533893509,38,h1_z
0.00012589254117941674,1.0000004498374628,11.84952446933221,1644.4115656262786,1643.8325794273705,-0.5789861989080206,11.84952446933221,bayes_h1_marginal_boundary,measured_graph,0.0002741622256803964,0.6204077135838373,38,h1_z
0.00015848931924611142,1.0000005019673905,11.632218986768294,1644.4176092416549,1643.9412321686525,-0.47637707300245236,11.632218986768294,bayes_h1_marginal_boundary,measured_graph,0.00030562924111629,0.6202205089812364,38,h1_z
0.00019952623149688788,1.0000005542426684,11.430542285435422,1644.4258384664158,1644.042070519319,-0.38376794709688455,11.430542285435422,bayes_h1_marginal_boundary,measured_graph,0.00033805583956863594,0.6199532275128212,38,h1_z
0.0002511886431509582,1.0000006153470975,11.242638708115464,1644.4371811291703,1644.136022307979,-0.30115882119131615,11.242638708115464,bayes_h1_marginal_boundary,measured_graph,0.0003713566331898405,0.6195668770820966,38,h1_z
0.00031622776601683794,1.0000007003294475,11.065752946783505,1644.4530148839306,1644.224465188645,-0.22854969528574837,11.065752946783505,bayes_h1_marginal_boundary,measured_graph,0.0004056966679086919,0.6190020681721594,38,h1_z
0.00039810717055349735,1.0000008344387028,10.895759378649018,1644.4754025420923,1644.3094619727121,-0.16594056938017995,10.895759378649018,bayes_h1_marginal_boundary,measured_graph,0.0004416874658153919,0.6181683023554071,38,h1_z
0.0005011872336272725,1.000001064413361,10.726442747161855,1644.5074517319304,1644.3941202884557,-0.11333144347461188,10.726442747161855,bayes_h1_marginal_boundary,measured_graph,0.00048070840362243684,0.6169282284706981,38,h1_z
0.000630957344480193,1.000001485349716,10.54841040719657,1644.5538587760075,1644.4831364584384,-0.07072231756904392,10.54841040719657,bayes_h1_marginal_boundary,measured_graph,0.000525461553968707,0.6150756291976134,38,h1_z
0.0007943282347242822,1.0000023012799222,10.347480259175427,1644.6217147241125,1644.583601532449,-0.03811319166347554,10.347480259175427,bayes_h1_marginal_boundary,measured_graph,0.0005809949708511923,0.6123076352343725,38,h1_z
0.001,1.0000039462714223,10.102377351880932,1644.721657051854,1644.7061529860962,-0.015504065757907535,10.102377351880932,bayes_h1_marginal_boundary,measured_graph,0.0006567435151997666,0.6081977208108582,38,h1_z
0.0012589254117941675,1.000007228465674,9.781663030083564,1644.869405086847,1644.8665101469949,-0.0028949398523394052,9.781663030083564,bayes_h1_marginal_boundary,measured_graph,0.000770970966055216,0.6021923173375647,38,h1_z
0.001584893192461114,1.0000130336126394,9.340248065176183,1645.0875034433952,1645.0872176294486,-0.0002858139467712683,9.340248065176183,bayes_h1_marginal_boundary,measured_graph,0.0009613688918414399,0.5936888080100646,38,h1_z
0.0019952623149688807,1.0000019787858367,8.71703929678597,1645.4064987016848,1645.3988220136437,-0.007676688041203171,8.71703929678597,bayes_h1_marginal_boundary,measured_graph,0.0013128591327466552,0.582304960531454,38,h1_z
0.002511886431509582,1.0000024119695765,7.8430148153456685,1645.8609018164996,1645.8358342543638,-0.025067562135635053,7.8430148153456685,bayes_h1_marginal_boundary,measured_graph,0.0020324044367090563,0.5683686560961532,38,h1_z
0.0031622776601683794,1.0000153683560935,6.672044542988715,1646.4737778267724,1646.4213193905423,-0.05245843623006681,6.672044542988715,bayes_h1_marginal_boundary,measured_graph,0.0036499179208515503,0.5533922851442925,38,h1_z
0.003981071705534973,1.0000058188960603,5.246742834290217,1647.223819555216,1647.1339702448915,-0.08984931032449865,5.246742834290217,bayes_h1_marginal_boundary,measured_graph,0.007443606933477962,0.5396232589035729,38,h1_z
0.005011872336272725,1.0000013194027424,3.738383712372979,1648.025389990269,1647.8881498058502,-0.13724018441893068,3.738383712372979,bayes_h1_marginal_boundary,measured_graph,0.01582411583734385,0.5286059542795484,38,h1_z
0.006309573444801936,1.0000046879957825,2.3703711266166465,1648.7667871572417,1648.5721560987283,-0.19463105851336257,2.3703711266166465,bayes_h1_marginal_boundary,measured_graph,0.031360256921222046,0.5204526850988702,38,h1_z
0.00794328234724282,1.0000010843299252,1.2984790193549998,1649.3701240849668,1649.1081021523592,-0.26202193260779433,1.2984790193549998,bayes_h1_marginal_boundary,measured_graph,0.05359669692908275,0.5144128166200381,38,h1_z
0.01,1.0000002810559196,0.5699427684412512,1649.8117830845183,1649.472370277816,-0.3394128067022262,0.5699427684412512,bayes_h1_marginal_boundary,measured_graph,0.07715030770321905,0.5096763722301357,38,h1_z
0.012589254117941675,1.0000000869593102,0.15676148195188944,1650.1057646018573,1649.6789609210607,-0.42680368079665804,0.15676148195188944,bayes_h1_marginal_boundary,measured_graph,0.09485469652306096,0.5057223858334707,38,h1_z
0.01584893192461114,1.0000024580893698,-0.0,1650.2815362169276,1649.7573416620367,-0.5241945548910899,-0.0,bayes_h1_marginal_boundary,measured_graph,0.10258861394648192,0.502273363408119,38,h1_z
0.01995262314968881,1.0000013248537607,0.029980189486650488,1650.3739369962789,1649.7423515672933,-0.6315854289855218,0.029980189486650488,bayes_h1_marginal_boundary,measured_graph,0.10106226950877041,0.49914877798642204,38,h1_z
0.025118864315095822,1.0000008018581261,0.1704643322850643,1650.421085798974,1649.6721094958941,-0.7489763030799538,0.1704643322850643,bayes_h1_marginal_boundary,measured_graph,0.09420702792816026,0.49617066418312816,38,h1_z
0.03162277660168379,1.0000005351835595,0.34478947642628555,1650.461314100998,1649.5849469238235,-0.8763671771743852,0.34478947642628555,bayes_h1_marginal_boundary,measured_graph,0.08634338658520073,0.4931844599489467,38,h1_z
0.039810717055349734,1.0000003864498448,0.4954114356619357,1650.5233939954744,1649.5096359442057,-1.0137580512688171,0.4954114356619357,bayes_h1_marginal_boundary,measured_graph,0.08007960749365049,0.4901574187546243,38,h1_z
0.05011872336272725,1.000000302768621,0.6141194272690882,1650.6114308737654,1649.450281948402,-1.1611489253632492,0.6141194272690882,bayes_h1_marginal_boundary,measured_graph,0.07546486907981259,0.4873252171782829,38,h1_z
0.06309573444801936,1.0000002664816163,0.7734302925268821,1650.689166315231,1649.3706265157732,-1.3185397994576809,0.7734302925268821,bayes_h1_marginal_boundary,measured_graph,0.06968686190794089,0.4853519115756228,38,h1_z
0.07943282347242822,1.0000002741853016,1.1456151733054867,1650.670464748936,1649.184534075384,-1.4859306735521132,1.1456151733054867,bayes_h1_marginal_boundary,measured_graph,0.05785381308311701,0.4854454420536104,38,h1_z
0.1,1.0000003251338057,1.9884999673327002,1650.4264132260168,1648.7630916783703,-1.663321547646544,1.9884999673327002,bayes_h1_marginal_boundary,measured_graph,0.037957874071389654,0.48930857878686135,38,h1_z
1e-05,1.0000010721230315,4.229200219589984,8316.855021068275,8314.487334484405,-2.3676865838692702,4.229200219589984,bayes_h1_marginal_boundary,measured_graph,0.00847116525172758,0.28965047650417525,39,h1_z
1.2589254117941661e-05,1.000001095118883,3.80422867219022,8316.85489771607,8314.699820258105,-2.155077457963703,3.80422867219022,bayes_h1_marginal_boundary,measured_graph,0.010476701079994414,0.2896500100010831,39,h1_z
1.584893192461114e-05,1.000001129672694,3.3993381582258735,8316.854733847145,8314.902265515087,-1.952468332058134,3.3993381582258735,bayes_h1_marginal_boundary,measured_graph,0.012827600055447093,0.2896494010898653,39,h1_z
1.9952623149688786e-05,1.0000011798722337,3.0145596858455974,8316.85451395743,8315.094654751278,-1.7598592061525666,3.0145596858455974,bayes_h1_marginal_boundary,measured_graph,0.015548875798067192,0.28964860066237513,39,h1_z
2.5118864315095822e-05,1.0000012493127404,2.6499381509311206,8316.854215598982,8315.276965518735,-1.5772500802469966,2.6499381509311206,bayes_h1_marginal_boundary,measured_graph,0.0186584496442988,0.2896475401602321,39,h1_z
3.1622776601683795e-05,1.0000013389452151,2.3055393838694727,8316.853805856606,8315.449164902266,-1.404640954341429,2.3055393838694727,bayes_h1_marginal_boundary,measured_graph,0.022164645869489408,0.28964612287944697,39,h1_z
3.9810717055349695e-05,1.000001444359428,1.9814611506626534,8316.853235847306,8315.61120401887,-1.2420318284358616,1.9814611506626534,bayes_h1_marginal_boundary,measured_graph,0.02606354533831899,0.28964421085156933,39,h1_z
5.011872336272725e-05,1.0000015546950918,1.6778505132788268,8316.852432040092,8315.763009337561,-1.089422702530293,1.6778505132788268,bayes_h1_marginal_boundary,measured_graph,0.030336236630165627,0.28964160471784606,39,h1_z
6.309573444801929e-05,1.0000016558956784,1.3949313951452496,8316.851282473253,8315.904468896628,-0.9468135766247254,1.3949313951452496,bayes_h1_marginal_boundary,measured_graph,0.034945946620055846,0.28963801293541735,39,h1_z
7.943282347242822e-05,1.0000017375328134,1.1330484110112593,8316.849614839413,8316.035410388695,-0.8142044507191568,1.1330484110112593,bayes_h1_marginal_boundary,measured_graph,0.03983492250715266,0.28963300595570257,39,h1_z
0.0001,1.0000017976840203,0.8927366334755789,8316.847161602276,8316.155566277463,-0.6915953248135883,0.8927366334755789,bayes_h1_marginal_boundary,measured_graph,0.04492075180458416,0.2896259506486302,39,h1_z
0.00012589254117941674,1.0000018419171328,0.6748331930939457,8316.843504196562,8316.264517997653,-0.5789861989080206,0.6748331930939457,bayes_h1_marginal_boundary,measured_graph,0.05009151269444921,0.2896159202469008,39,h1_z
0.00015848931924611142,1.0000018788195555,0.4806567844207166,8316.837983274992,8316.36160620199,-0.47637707300245236,0.4806567844207166,bayes_h1_marginal_boundary,measured_graph,0.05519872144463755,0.28960157865624886,39,h1_z
0.00019952623149688788,1.0000019164537788,0.3122967692397651,8316.829554156677,8316.44578620958,-0.38376794709688455,0.3122967692397651,bayes_h1_marginal_boundary,measured_graph,0.06004653220329351,0.28958105322730643,39,h1_z
0.0002511886431509582,1.000001960910357,0.17307623316082754,8316.816555298812,8316.51539647762,-0.30115882119131615,0.17307623316082754,bayes_h1_marginal_boundary,measured_graph,0.0643753030412632,0.28955185004687256,39,h1_z
0.00031622776601683794,1.0000020154656557,0.0682812454397208,8316.796343666767,8316.56779397148,-0.22854969528574837,0.0682812454397208,bayes_h1_marginal_boundary,measured_graph,0.0678383426067443,0.28951094759811047,39,h1_z
0.00039810717055349735,1.0000020785908843,0.006266244574362645,8316.764742041294,8316.598801471913,-0.16594056938017995,0.006266244574362645,bayes_h1_marginal_boundary,measured_graph,0.06997479184579142,0.28945533144322566,39,h1_z
0.0005011872336272725,1.0000021403261403,-0.0,8316.715266037674,8316.6019345942,-0.11333144347461188,-0.0,bayes_h1_marginal_boundary,measured_graph,0.07019437523684502,0.28938332529593197,39,h1_z
0.000630957344480193,1.000002179549889,0.06888532806988223,8316.638214247734,8316.567491930165,-0.07072231756904392,0.06888532806988223,bayes_h1_marginal_boundary,measured_graph,0.06781785571862951,0.2892968555898575,39,h1_z
0.0007943282347242822,1.0000021685559695,0.24010441335485666,8316.519995579187,8316.481882387523,-0.03811319166347554,0.24010441335485666,bayes_h1_marginal_boundary,measured_graph,0.06225357580296122,0.2892038528728866,39,h1_z
0.001,1.0000020883792777,0.5478837123446283,8316.343496803785,8316.327992738028,-0.015504065757907535,0.5478837123446283,bayes_h1_marginal_boundary,measured_graph,0.05337413828195124,0.2891186028746603,39,h1_z
0.0012589254117941675,1.0000019428881244,1.0287573328314465,8316.090450867638,8316.087555927785,-0.0028949398523394052,1.0287573328314465,bayes_h1_marginal_boundary,measured_graph,0.041967248504641785,0.28905789557129635,39,h1_z
0.001584893192461114,1.0000017544462754,1.7122879259659385,8315.746076445164,8315.745790631217,-0.0002858139467712683,1.7122879259659385,bayes_h1_marginal_boundary,measured_graph,0.02981835728145093,0.28903364145949706,39,h1_z
0.0019952623149688807,1.0000015484091123,2.6090504749154206,8315.305086044784,8315.297409356743,-0.007676688041203171,2.6090504749154206,bayes_h1_marginal_boundary,measured_graph,0.01904382582818793,0.2890449721211358,39,h1_z
0.002511886431509582,1.000001346036345,3.6988254448369844,8314.777589433917,8314.752521871782,-0.025067562135635053,3.6988254448369844,bayes_h1_marginal_boundary,measured_graph,0.011043648436465202,0.2890718528263451,39,h1_z
0.0031622776601683794,1.0000011643203726,4.923857122888876,8314.192464468986,8314.140006032756,-0.05245843623006681,4.923857122888876,bayes_h1_marginal_boundary,measured_graph,0.0059854984667342065,0.28907299117394364,39,h1_z
0.003981071705534973,1.0000010136247395,6.197590526084241,8313.592988641483,8313.503139331158,-0.08984931032449865,6.197590526084241,bayes_h1_marginal_boundary,measured_graph,0.0031660125326022177,0.2889949548147454,39,h1_z
0.005011872336272725,1.000000896896751,7.4391914061052375,8313.019579075566,8312.882338891148,-0.13724018441893068,7.4391914061052375,bayes_h1_marginal_boundary,measured_graph,0.0017017761162629753,0.2887965053775576,39,h1_z
0.006309573444801936,1.0000008141297676,8.625756814355555,8312.483687245536,8312.289056187023,-0.19463105851336257,8.625756814355555,bayes_h1_marginal_boundary,measured_graph,0.0009402493018122117,0.28847841923162154,39,h1_z
0.00794328234724282,1.0000007669384585,9.829791870619374,8311.949060591498,8311.68703865889,-0.26202193260779433,9.829791870619374,bayes_h1_marginal_boundary,measured_graph,0.0005149797227887088,0.2880989454757983,39,h1_z
0.01,1.0000007589335012,11.212488540222694,8311.335103130792,8310.995690324089,-0.3394128067022262,11.212488540222694,bayes_h1_marginal_boundary,measured_graph,0.00025795346278801353,0.2877637175728782,39,h1_z
0.012589254117941675,1.0000007925384575,12.981669121723826,8310.537903714136,8310.111100033339,-0.42680368079665804,12.981669121723826,bayes_h1_marginal_boundary,measured_graph,0.00010650467715255471,0.2876014484889133,39,h1_z
0.01584893192461114,1.000000862626779,15.354416643094737,8309.448920827544,8308.924726272653,-0.5241945548910899,15.354416643094737,bayes_h1_marginal_boundary,measured_graph,3.2518694535047e-05,0.2877481158663914,39,h1_z
0.01995262314968881,1.0000009459615113,18.547146943172265,8307.9599465516,8307.328361122614,-0.6315854289855218,18.547146943172265,bayes_h1_marginal_boundary,measured_graph,6.5893189051349095e-06,0.2883470830565549,39,h1_z
0.025118864315095822,1.0000009929291638,22.77666323279118,8305.962579280886,8305.213602977805,-0.7489763030799538,22.77666323279118,bayes_h1_marginal_boundary,measured_graph,7.950834872576422e-07,0.28955017047621856,39,h1_z
0.03162277660168379,1.0000009420641593,28.252243625422125,8303.352179958663,8302.47581278149,-0.8763671771743852,28.252243625422125,bayes_h1_marginal_boundary,measured_graph,5.145239072936466e-08,0.291506158699799,39,h1_z
0.039810717055349734,1.0000007678859462,35.16738671042549,8300.031999290257,8299.018241238988,-1.0137580512688171,35.16738671042549,bayes_h1_marginal_boundary,measured_graph,1.6210683152235643e-09,0.29434549972649415,39,h1_z
0.05011872336272725,1.0000005196796056,43.701958263693086,8295.912104387717,8294.750955462354,-1.1611489253632492,43.701958263693086,bayes_h1_marginal_boundary,measured_graph,2.272702825191319e-11,0.2981772757362076,39,h1_z
0.06309573444801936,1.0000002889303146,54.005283050457365,8290.91783286843,8289.599293068972,-1.3185397994576809,54.005283050457365,bayes_h1_marginal_boundary,measured_graph,1.3158430826714643e-13,0.30308946297039924,39,h1_z
0.07943282347242822,1.000000134017134,66.11028240239466,8285.032724066556,8283.546793393003,-1.4859306735521132,66.11028240239466,bayes_h1_marginal_boundary,measured_graph,3.0948306604049047e-16,0.3091170121679896,39,h1_z
0.1,1.0000000540174874,79.78848159088739,8278.371015346404,8276.707693798757,-1.663321547646544,79.78848159088739,bayes_h1_marginal_boundary,measured_graph,3.314772107595584e-19,0.31616363327642094,39,h1_z
1e-05,1.0000026698263484,5.95015558041996,11524.068395545204,11521.700708961334,-2.3676865838692702,5.95015558041996,bayes_h1_marginal_boundary,measured_graph,0.005381525252936903,0.7301493986899192,40,h1_z
1.2589254117941661e-05,1.0000028170852908,5.531172433948086,11524.065277992535,11521.91020053457,-2.155077457963703,5.531172433948086,bayes_h1_marginal_boundary,measured_graph,0.006635695010908148,0.7301553831214509,40,h1_z
1.584893192461114e-05,1.0000030233059771,5.133732777627301,11524.061388694789,11522.10892036273,-1.952468332058134,5.133732777627301,bayes_h1_marginal_boundary,measured_graph,0.008094487218424056,0.7301627108409913,40,h1_z
1.9952623149688786e-05,1.0000032947289206,4.758193627156288,11524.05654914412,11522.296689937966,-1.7598592061525666,4.758193627156288,bayes_h1_marginal_boundary,measured_graph,0.009766447774037401,0.7301716171980367,40,h1_z
2.5118864315095822e-05,1.0000036225603808,4.404978909293277,11524.050547377145,11522.473297296898,-1.5772500802469966,4.404978909293277,bayes_h1_marginal_boundary,measured_graph,0.011652959403693465,0.730182337181904,40,h1_z
3.1622776601683795e-05,1.000003976600215,4.074582296572771,11524.043136557599,11522.638495603258,-1.404640954341429,4.074582296572771,bayes_h1_marginal_boundary,measured_graph,0.013746145811214028,0.730195066967706,40,h1_z
3.9810717055349695e-05,1.0000043109061618,3.7675631973615964,11524.0340369813,11522.792005152864,-1.2420318284358616,3.7675631973615964,bayes_h1_marginal_boundary,measured_graph,0.016026891493972215,0.7302098876701636,40,h1_z
5.011872336272725e-05,1.0000045842079721,3.4845293394646433,11524.022944784343,11522.933522081812,-1.089422702530293,3.4845293394646433,bayes_h1_marginal_boundary,measured_graph,0.018463299644391966,0.7302266288835424,40,h1_z
6.309573444801929e-05,1.00000478045142,3.2260940687192488,11524.00955329381,11523.062739717185,-0.9468135766247254,3.2260940687192488,bayes_h1_marginal_boundary,measured_graph,0.02101008570523337,0.7302446437913335,40,h1_z
7.943282347242822e-05,1.0000049115481469,2.992789499927312,11523.9935964523,11523.17939200158,-0.8142044507191568,2.992789499927312,bayes_h1_marginal_boundary,measured_graph,0.02360963469488698,0.7302624503113971,40,h1_z
0.0001,1.00000500433886,2.784907472658233,11523.974928340029,11523.283333015215,-0.6915953248135883,2.784907472658233,bayes_h1_marginal_boundary,measured_graph,0.0261957161621768,0.7302771584375709,40,h1_z
0.00012589254117941674,1.0000050876011775,2.602226238239382,11523.953659831333,11523.374673632425,-0.5789861989080206,2.602226238239382,bayes_h1_marginal_boundary,measured_graph,0.028701130417165797,0.7302835630236839,40,h1_z
0.00015848931924611142,1.0000051877611367,2.4435609956708504,11523.930383326711,11523.454006253709,-0.47637707300245236,2.4435609956708504,bayes_h1_marginal_boundary,measured_graph,0.0310708204833736,0.7302727439386213,40,h1_z
0.00019952623149688788,1.000005331456738,2.306055156615912,11523.906527120333,11523.522759173236,-0.38376794709688455,2.306055156615912,bayes_h1_marginal_boundary,measured_graph,0.03328217772163476,0.7302299955123851,40,h1_z
0.0002511886431509582,1.0000055507128351,2.184120800153323,11523.88488517266,11523.583726351468,-0.30115882119131615,2.184120800153323,bayes_h1_marginal_boundary,measured_graph,0.0353744294917139,0.730131960922881,40,h1_z
0.00031622776601683794,1.0000058880273206,2.0679802264894533,11523.870346333586,11523.6417966383,-0.22854969528574837,2.0679802264894533,bayes_h1_marginal_boundary,measured_graph,0.03748944831901755,0.7299431275959021,40,h1_z
0.00039810717055349735,1.0000063985428038,1.94195126872728,11523.870751686562,11523.70481111718,-0.16594056938017995,1.94195126872728,bayes_h1_marginal_boundary,measured_graph,0.03992784675408866,0.7296126704743575,40,h1_z
0.0005011872336272725,1.000007141887792,1.7831548934882449,11523.897540748274,11523.7842093048,-0.11333144347461188,1.7831548934882449,bayes_h1_marginal_boundary,measured_graph,0.043227297476454,0.7290745466668225,40,h1_z
0.000630957344480193,1.0000081459587902,1.5625166386525962,11523.965250749787,11523.894528432218,-0.07072231756904392,1.5625166386525962,bayes_h1_marginal_boundary,measured_graph,0.04826908574920746,0.7282571696538399,40,h1_z
0.0007943282347242822,1.0000004228765835,1.2514764739571547,11524.08816170623,11524.050048514566,-0.03811319166347554,1.2514764739571547,bayes_h1_marginal_boundary,measured_graph,0.05639110264221075,0.7271160146875112,40,h1_z
0.001,1.0000004959198654,0.8431661708200409,11524.269707731892,11524.254203666134,-0.015504065757907535,0.8431661708200409,bayes_h1_marginal_boundary,measured_graph,0.0691630349624597,0.7256762693618276,40,h1_z
0.0012589254117941675,1.0000005302741704,0.3845084429012786,11524.486427469947,11524.483532530094,-0.0028949398523394052,0.3845084429012786,bayes_h1_marginal_boundary,measured_graph,0.08699019464009998,0.7241188050220204,40,h1_z
0.001584893192461114,1.0000098945149134,0.019192688461771468,11524.66647622126,11524.666190407313,-0.0002858139467712683,0.019192688461771468,bayes_h1_marginal_boundary,measured_graph,0.10442334736769505,0.7227859229478186,40,h1_z
0.0019952623149688807,1.0000083499987442,-0.0,11524.683463439585,11524.675786751544,-0.007676688041203171,-0.0,bayes_h1_marginal_boundary,measured_graph,0.10543025333577827,0.7221149135387815,40,h1_z
0.002511886431509582,1.0000066467398263,0.6495452970448241,11524.376081665157,11524.351014103022,-0.025067562135635053,0.6495452970448241,bayes_h1_marginal_boundary,measured_graph,0.07619356268654894,0.7224604366665278,40,h1_z
0.0031622776601683794,1.0000052362544878,2.2701586305192905,11523.593165872515,11523.540707436285,-0.05245843623006681,2.2701586305192905,bayes_h1_marginal_boundary,measured_graph,0.033884927981560876,0.724013589236167,40,h1_z
0.003981071705534973,1.000004211352536,5.063620665398048,11522.23382572917,11522.143976418845,-0.08984931032449865,5.063620665398048,bayes_h1_marginal_boundary,measured_graph,0.0083832804169835,0.7268121977643673,40,h1_z
0.005011872336272725,1.0000034848777117,9.083410476061545,11520.271321697932,11520.134081513514,-0.13724018441893068,9.083410476061545,bayes_h1_marginal_boundary,measured_graph,0.001123382687775856,0.7307827526708122,40,h1_z
0.006309573444801936,1.0000029513612212,14.200858840329602,11517.769988389893,11517.57535733138,-0.19463105851336257,14.200858840329602,bayes_h1_marginal_boundary,measured_graph,8.695367340940732e-05,0.7357253504575724,40,h1_z
0.00794328234724282,1.0000025437077629,20.077451246001147,11514.899083061151,11514.637061128544,-0.26202193260779433,20.077451246001147,bayes_h1_marginal_boundary,measured_graph,4.604708120135567e-06,0.7412534597131343,40,h1_z
0.01,1.0000022349191575,26.18793735156578,11511.921230882464,11511.581818075761,-0.3394128067022262,26.18793735156578,bayes_h1_marginal_boundary,measured_graph,2.1693364224052618e-07,0.7467807688078841,40,h1_z
0.012589254117941675,1.000002021989001,31.947444121848093,11509.128868371417,11508.70206469062,-0.42680368079665804,31.947444121848093,bayes_h1_marginal_boundary,measured_graph,1.2180522085278983e-08,0.7516444445395651,40,h1_z
0.01584893192461114,1.0000019066563104,36.90942304736018,11506.745269782756,11506.221075227864,-0.5241945548910899,36.90942304736018,bayes_h1_marginal_boundary,measured_graph,1.0190274201415182e-09,0.7553373846063601,40,h1_z
0.01995262314968881,1.0000018811538816,40.90572770912331,11504.854508325969,11504.222922896983,-0.6315854289855218,40.90572770912331,bayes_h1_marginal_boundary,measured_graph,1.3816541280223115e-10,0.7576901764293595,40,h1_z
0.025118864315095822,1.0000019221261724,44.036255790215364,11503.406635159517,11502.657658856437,-0.7489763030799538,44.036255790215364,bayes_h1_marginal_boundary,measured_graph,2.8881104862540712e-11,0.7588736564178991,40,h1_z
0.03162277660168379,1.0000019912865048,46.54804820211211,11502.278129827662,11501.401762650488,-0.8763671771743852,46.54804820211211,bayes_h1_marginal_boundary,measured_graph,8.225930034461074e-12,0.7592573434855161,40,h1_z
0.039810717055349734,1.0000020412407429,48.707778467593016,11501.335655569017,11500.321897517748,-1.0137580512688171,48.707778467593016,bayes_h1_marginal_boundary,measured_graph,2.7938658095886685e-12,0.759249987892429,40,h1_z
0.05011872336272725,1.0000020252549122,50.727026016709715,11500.473422668552,11499.31227374319,-1.1611489253632492,50.727026016709715,bayes_h1_marginal_boundary,measured_graph,1.017961865345557e-12,0.759199741296828,40,h1_z
0.06309573444801936,1.0000019091679315,52.7381692549061,11499.62524192355,11498.306702124091,-1.3185397994576809,52.7381692549061,bayes_h1_marginal_boundary,measured_graph,3.7240654369894467e-13,0.7593531758033331,40,h1_z
0.07943282347242822,1.0000016830227403,54.801993524270074,11498.760720662962,11497.27478998941,-1.4859306735521132,54.801993524270074,bayes_h1_marginal_boundary,measured_graph,1.3269774954951813e-13,0.7598502347660961,40,h1_z
0.1,1.0000013676596406,56.939057163086545,11497.869579717648,11496.206258170001,-1.663321547646544,56.939057163086545,bayes_h1_marginal_boundary,measured_graph,4.558333379913085e-14,0.7607480156408251,40,h1_z
1e-05,1.0000008739907087,10.967638667869323,10823.81409716575,10821.44641058188,-2.3676865838692702,10.967638667869323,bayes_h1_marginal_boundary,measured_graph,0.00046048415471499325,0.21723516947066498,41,h1_z
1.2589254117941661e-05,1.0000010455391042,10.534161419251177,10823.818226664154,10821.66314920619,-2.155077457963703,10.534161419251177,bayes_h1_marginal_boundary,measured_graph,0.000571930265531696,0.2172304778559929,41,h1_z
1.584893192461114e-05,1.000001257759053,10.117919062340661,10823.823738716703,10821.871270384645,-1.952468332058134,10.117919062340661,bayes_h1_marginal_boundary,measured_graph,0.0007042534101560614,0.2172239542048307,41,h1_z
1.9952623149688786e-05,1.0000014963840453,9.717832002617797,10823.83117312066,10822.071313914506,-1.7598592061525666,9.717832002617797,bayes_h1_marginal_boundary,measured_graph,0.000860214501811408,0.21721477128637734,41,h1_z
2.5118864315095822e-05,1.000000013169658,9.332242942095036,10823.841358525015,10822.264108444768,-1.5772500802469966,9.332242942095036,bayes_h1_marginal_boundary,measured_graph,0.0010431250153376927,0.21720187668348367,41,h1_z
3.1622776601683795e-05,1.000000015096212,8.959031153481192,10823.855355293415,10822.450714339075,-1.404640954341429,8.959031153481192,bayes_h1_marginal_boundary,measured_graph,0.0012571244426688112,0.21718304669067806,41,h1_z
3.9810717055349695e-05,1.0000000170607282,8.594743708716123,10823.874889889894,10822.632858061457,-1.2420318284358616,8.594743708716123,bayes_h1_marginal_boundary,measured_graph,0.0015082810830727416,0.21715562466944224,41,h1_z
5.011872336272725e-05,1.0000000193296446,8.234394420745957,10823.902455407973,10822.813032705442,-1.089422702530293,8.234394420745957,bayes_h1_marginal_boundary,measured_graph,0.0018060556903446822,0.21711538991519977,41,h1_z
6.309573444801929e-05,1.0000000223952497,7.87063112675969,10823.941727929061,10822.994914352435,-0.9468135766247254,7.87063112675969,bayes_h1_marginal_boundary,measured_graph,0.002166313636169482,0.21705610565796427,41,h1_z
7.943282347242822e-05,1.0000000270068192,7.492717753328179,10823.99807548987,10823.183871039151,-0.8142044507191568,7.492717753328179,bayes_h1_marginal_boundary,measured_graph,0.0026168822401958516,0.21696878403813688,41,h1_z
0.0001,1.0000000342292545,7.085309122256149,10824.0791706795,10823.387575354687,-0.6915953248135883,7.085309122256149,bayes_h1_marginal_boundary,measured_graph,0.0032081291247678047,0.2168410410851059,41,h1_z
0.00012589254117941674,1.0000000453227131,6.627345295790292,10824.195543466829,10823.61655726792,-0.5789861989080206,6.627345295790292,bayes_h1_marginal_boundary,measured_graph,0.0040336426589274105,0.21665713603725026,41,h1_z
0.00015848931924611142,1.0000000608007285,6.092004391364753,10824.360604793135,10823.884227720133,-0.47637707300245236,6.092004391364753,bayes_h1_marginal_boundary,measured_graph,0.005271633652499969,0.21639994671133492,41,h1_z
0.00019952623149688788,1.0000000777598244,5.449726189322973,10824.58913476825,10824.205366821154,-0.38376794709688455,5.449726189322973,bayes_h1_marginal_boundary,measured_graph,0.007267987324543965,0.21605674569855732,41,h1_z
0.0002511886431509582,1.0000000869705996,4.677413362558582,10824.892682055728,10824.591523234536,-0.30115882119131615,4.677413362558582,bayes_h1_marginal_boundary,measured_graph,0.010693497216077387,0.21562978785262812,41,h1_z
0.00031622776601683794,1.000000077662511,3.775902362591296,10825.270828429806,10825.04227873452,-0.22854969528574837,3.775902362591296,bayes_h1_marginal_boundary,measured_graph,0.01678341707218759,0.2151478617174245,41,h1_z
0.00039810717055349735,1.0000000522547967,2.790740163753071,10825.70080040332,10825.534859833939,-0.16594056938017995,2.790740163753071,bayes_h1_marginal_boundary,measured_graph,0.0274666466451557,0.21466697307677632,41,h1_z
0.0005011872336272725,1.0000020889393555,1.8191010091395583,10826.13401085472,10826.020679411246,-0.11333144347461188,1.8191010091395583,bayes_h1_marginal_boundary,measured_graph,0.04464721791360099,0.21424918735577295,41,h1_z
0.000630957344480193,1.0000011326491636,0.9838634780608118,10826.509020494354,10826.438298176785,-0.07072231756904392,0.9838634780608118,bayes_h1_marginal_boundary,measured_graph,0.06778973363407624,0.2139318182896873,41,h1_z
0.0007943282347242822,1.000000640316875,0.3853205089326366,10826.775682853013,10826.737569661349,-0.03811319166347554,0.3853205089326366,bayes_h1_marginal_boundary,measured_graph,0.09143992933814028,0.21371153104920176,41,h1_z
0.001,1.0000004165948917,0.06393158730861614,10826.913768187918,10826.898264122161,-0.015504065757907535,0.06393158730861614,bayes_h1_marginal_boundary,measured_graph,0.10738029664156286,0.21355875895398815,41,h1_z
0.0012589254117941675,1.0000003178646069,-0.0,10826.933124855668,10826.930229915815,-0.0028949398523394052,-0.0,bayes_h1_marginal_boundary,measured_graph,0.11086824354494235,0.21343886156156913,41,h1_z
0.001584893192461114,1.000000272945471,0.1384142610731942,10826.861308599226,10826.861022785279,-0.0002858139467712683,0.1384142610731942,bayes_h1_marginal_boundary,measured_graph,0.1034548587940688,0.21332444284810906,41,h1_z
0.0019952623149688807,1.0000002503047245,0.41592974054219667,10826.729941733585,10826.722265045544,-0.007676688041203171,0.41592974054219667,bayes_h1_marginal_boundary,measured_graph,0.09005113097134819,0.21319734473859467,41,h1_z
0.002511886431509582,1.0000002364227372,0.77939655087539,10826.565599202513,10826.540531640378,-0.025067562135635053,0.77939655087539,bayes_h1_marginal_boundary,measured_graph,0.07508675855748105,0.2130466730482493,41,h1_z
0.0031622776601683794,1.0000002260752094,1.1951248809345998,10826.385125911578,10826.332667475348,-0.05245843623006681,1.1951248809345998,bayes_h1_marginal_boundary,measured_graph,0.06099427825757642,0.2128674128608768,41,h1_z
0.003981071705534973,1.0000002180216196,1.6526955285808071,10826.19373146185,10826.103882151525,-0.08984931032449865,1.6526955285808071,bayes_h1_marginal_boundary,measured_graph,0.04852090504321027,0.21266079863014514,41,h1_z
0.005011872336272725,1.0000002128015704,2.1641501674857864,10825.98539501649,10825.848154832072,-0.13724018441893068,2.1641501674857864,bayes_h1_marginal_boundary,measured_graph,0.03757231279984632,0.21243533149225935,41,h1_z
0.006309573444801936,1.0000002114120417,2.757421923946822,10825.746150012355,10825.551518953842,-0.19463105851336257,2.757421923946822,bayes_h1_marginal_boundary,measured_graph,0.027928049416096435,0.21220635141076147,41,h1_z
0.00794328234724282,1.0000002145230766,3.465323220425489,10825.45959023821,10825.197568305603,-0.26202193260779433,3.465323220425489,bayes_h1_marginal_boundary,measured_graph,0.019602966189246177,0.21199310102013708,41,h1_z
0.01,1.0000002221224367,4.318127255541185,10825.110579094748,10824.771166288045,-0.3394128067022262,4.318127255541185,bayes_h1_marginal_boundary,measured_graph,0.012797871568839433,0.2118153735429654,41,h1_z
0.012589254117941675,1.00000023338939,5.352112572199985,10824.680977310512,10824.254173629715,-0.42680368079665804,5.352112572199985,bayes_h1_marginal_boundary,measured_graph,0.0076315137116203125,0.21169441030562192,41,h1_z
0.01584893192461114,1.0000002465373135,6.637277848498343,10824.135785546458,10823.611590991566,-0.5241945548910899,6.637277848498343,bayes_h1_marginal_boundary,measured_graph,0.0040136601352078775,0.21166011747446806,41,h1_z
0.01995262314968881,1.0000002585250145,8.30103375465842,10823.411298467472,10822.779713038486,-0.6315854289855218,8.30103375465842,bayes_h1_marginal_boundary,measured_graph,0.0017468700152897675,0.21175778677965035,41,h1_z
0.025118864315095822,1.00000026493937,10.502172119435272,10822.428120159178,10821.679143856098,-0.7489763030799538,10.502172119435272,bayes_h1_marginal_boundary,measured_graph,0.000581151639635598,0.21203977457852666,41,h1_z
0.03162277660168379,1.0000002608318397,13.330859213769145,10821.141167486105,10820.26480030893,-0.8763671771743852,13.330859213769145,bayes_h1_marginal_boundary,measured_graph,0.00014126932478173972,0.21253401723991466,41,h1_z
0.039810717055349734,1.0000002430709605,16.694609926056728,10819.596683004056,10818.582924952787,-1.0137580512688171,16.694609926056728,bayes_h1_marginal_boundary,measured_graph,2.627959590927657e-05,0.2132083611538465,41,h1_z
0.05011872336272725,1.0000002129609284,20.326995986550173,10817.927880847903,10816.76673192254,-1.1611489253632492,20.326995986550173,bayes_h1_marginal_boundary,measured_graph,4.274212123863186e-06,0.21397569249012285,41,h1_z
0.06309573444801936,1.0000001762752284,23.98222182504469,10816.257658802751,10814.939119003293,-1.3185397994576809,23.98222182504469,bayes_h1_marginal_boundary,measured_graph,6.87280253123352e-07,0.21476195459507616,41,h1_z
0.07943282347242822,1.0000001400795941,27.669455887622462,10814.581432645557,10813.095501972004,-1.4859306735521132,27.669455887622462,bayes_h1_marginal_boundary,measured_graph,1.0875798747723265e-07,0.21558827384799592,41,h1_z
0.1,1.0000001095196627,31.696240023487917,10812.745431451718,10811.082109904071,-1.663321547646544,31.696240023487917,bayes_h1_marginal_boundary,measured_graph,1.4522991980107216e-08,0.21658670069321803,41,h1_z
1e-05,1.000000464620979,21.622183623676392,9590.386184557883,9588.018497974013,-2.3676865838692702,21.622183623676392,bayes_h1_marginal_boundary,measured_graph,3.295611917495964e-06,0.17189487534218806,42,h1_z
1.2589254117941661e-05,1.000000639235267,21.187590981455287,9590.390871753089,9588.235794295124,-2.155077457963703,21.187590981455287,bayes_h1_marginal_boundary,measured_graph,4.095497431195839e-06,0.17188909993125168,42,h1_z
1.584893192461114e-05,1.000000870931769,20.767776740129193,9590.398169747845,9588.445701415787,-1.952468332058134,20.767776740129193,bayes_h1_marginal_boundary,measured_graph,5.05205607206565e-06,0.1718798537616787,42,h1_z
1.9952623149688786e-05,1.0000000057447325,20.359721385175362,9590.409588299417,9588.649729093264,-1.7598592061525666,20.359721385175362,bayes_h1_marginal_boundary,measured_graph,6.195498505725229e-06,0.17186520331539312,42,h1_z
2.5118864315095822e-05,1.0000000078939373,19.958842986714444,9590.427418372741,9588.850168292494,-1.5772500802469966,19.958842986714444,bayes_h1_marginal_boundary,measured_graph,7.5705232009792455e-06,0.1718417841496593,42,h1_z
3.1622776601683795e-05,1.0000000110073626,19.557809034620732,9590.455326222882,9589.050685268541,-1.404640954341429,19.557809034620732,bayes_h1_marginal_boundary,measured_graph,9.251439454912318e-06,0.17180468612230154,42,h1_z
3.9810717055349695e-05,1.0000000160169054,19.145266652023565,9590.498988288276,9589.25695645984,-1.2420318284358616,19.145266652023565,bayes_h1_marginal_boundary,measured_graph,1.1370819120901448e-05,0.17174621573472224,42,h1_z
5.011872336272725e-05,1.0000000250362258,18.703715924748394,9590.567154526008,9589.477731823477,-1.089422702530293,18.703715924748394,bayes_h1_marginal_boundary,measured_graph,1.4179903434482992e-05,0.17165470463574176,42,h1_z
6.309573444801929e-05,1.0000000427354332,18.20659603909735,9590.673105342928,9589.726291766303,-0.9468135766247254,18.20659603909735,bayes_h1_marginal_boundary,measured_graph,1.818115565164599e-05,0.1715129508651111,42,h1_z
7.943282347242822e-05,1.0000000789654715,17.61461095775303,9590.836488757694,9590.022284306975,-0.8142044507191568,17.61461095775303,bayes_h1_marginal_boundary,measured_graph,2.4443838855068693e-05,0.17129676768620147,42,h1_z
0.0001,1.0000001516457342,16.8720506762038,9591.085159772563,9590.39356444775,-0.6915953248135883,16.8720506762038,bayes_h1_marginal_boundary,measured_graph,3.543352250153598e-05,0.1709748461685261,42,h1_z
0.00012589254117941674,1.0000002814785238,15.905519736035785,9591.455816116742,9590.876829917834,-0.5789861989080206,15.905519736035785,bayes_h1_marginal_boundary,measured_graph,5.745050562899863e-05,0.1705125861363252,42,h1_z
0.00015848931924611142,1.0000004571736927,14.630517881181731,9591.990707918263,9591.51433084526,-0.47637707300245236,14.630517881181731,bayes_h1_marginal_boundary,measured_graph,0.0001086818419596716,0.16988401479671414,42,h1_z
0.00019952623149688788,1.0000005779218866,12.974592698614288,9592.72606138364,9592.342293436544,-0.38376794709688455,12.974592698614288,bayes_h1_marginal_boundary,measured_graph,0.0002487348138106914,0.16909414876373724,42,h1_z
0.0002511886431509582,1.000000505860597,10.923129251765204,9593.669183981161,9593.368025159969,-0.30115882119131615,10.923129251765204,bayes_h1_marginal_boundary,measured_graph,0.0006937551216502732,0.16820301219412673,42,h1_z
0.00031622776601683794,1.0000002815406512,8.573699725660845,9594.771289618307,9594.542739923021,-0.22854969528574837,8.573699725660845,bayes_h1_marginal_boundary,measured_graph,0.002245837564701532,0.16732450248356326,42,h1_z
0.00039810717055349735,1.0000000982348052,6.151391947656521,9595.919834381404,9595.753893812023,-0.16594056938017995,6.151391947656521,bayes_h1_marginal_boundary,measured_graph,0.0075400771997761375,0.16657927613879078,42,h1_z
0.0005011872336272725,1.0000018114057203,3.941819095674873,9596.972011681488,9596.858680238014,-0.11333144347461188,3.941819095674873,bayes_h1_marginal_boundary,measured_graph,0.02276032404546804,0.16603220037302324,42,h1_z
0.000630957344480193,1.0000005249582822,2.174989228216873,9597.812817489312,9597.742095171743,-0.07072231756904392,2.174989228216873,bayes_h1_marginal_boundary,measured_graph,0.05506056605659511,0.16567449901660747,42,h1_z
0.0007943282347242822,1.0000001586164837,0.9523423621831171,9598.391531796424,9598.35341860476,-0.03811319166347554,0.9523423621831171,bayes_h1_marginal_boundary,measured_graph,0.10146939372974932,0.16545426011438022,42,h1_z
0.001,1.0000000579657984,0.25508099432408926,9598.717553354447,9598.70204928869,-0.015504065757907535,0.25508099432408926,bayes_h1_marginal_boundary,measured_graph,0.14379488829475712,0.16531682667579223,42,h1_z
0.0012589254117941675,1.0000000271882876,-0.0,9598.832484725704,9598.829589785852,-0.0028949398523394052,-0.0,bayes_h1_marginal_boundary,measured_graph,0.16335543253074303,0.1652234452177958,42,h1_z
0.001584893192461114,1.0000000158428026,0.09378565232327674,9598.782982773637,9598.78269695969,-0.0002858139467712683,0.09378565232327674,bayes_h1_marginal_boundary,measured_graph,0.15587206401774087,0.16515316459434543,42,h1_z
0.0019952623149688807,1.0000000106875235,0.4664110399862693,9598.6040609539,9598.596384265858,-0.007676688041203171,0.4664110399862693,bayes_h1_marginal_boundary,measured_graph,0.12937599754720125,0.16509880761980816,42,h1_z
0.002511886431509582,1.0000000078699187,1.0854229247815965,9598.311945885596,9598.28687832346,-0.025067562135635053,1.0854229247815965,bayes_h1_marginal_boundary,measured_graph,0.09493732453154997,0.1650632131261571,42,h1_z
0.0031622776601683794,1.0000000061405547,1.9566675414171186,9597.903714451373,9597.851256015143,-0.05245843623006681,1.9566675414171186,bayes_h1_marginal_boundary,measured_graph,0.06141134707032539,0.16505659556741364,42,h1_z
0.003981071705534973,1.0000000050533067,3.112777258422284,9597.363050466965,9597.27320115664,-0.08984931032449865,3.112777258422284,bayes_h1_marginal_boundary,measured_graph,0.0344510599677743,0.16509345610703088,42,h1_z
0.005011872336272725,1.0000000044151856,4.589488871555659,9596.672085534492,9596.534845350074,-0.13724018441893068,4.589488871555659,bayes_h1_marginal_boundary,measured_graph,0.01646412808421602,0.16518757894495292,42,h1_z
0.006309573444801936,1.000000004098268,6.3970703455852345,9595.825685671573,9595.631054613059,-0.19463105851336257,6.3970703455852345,bayes_h1_marginal_boundary,measured_graph,0.006668488494312602,0.16534587967905606,42,h1_z
0.00794328234724282,1.0000000039733845,8.502702733869228,9594.840260351524,9594.578238418917,-0.26202193260779433,8.502702733869228,bayes_h1_marginal_boundary,measured_graph,0.0023269933523244186,0.16556427445804622,42,h1_z
0.01,1.0000000038904184,10.83477797147134,9593.751613606819,9593.412200800116,-0.3394128067022262,10.83477797147134,bayes_h1_marginal_boundary,measured_graph,0.0007250892043287575,0.16582793266293858,42,h1_z
0.012589254117941675,1.0000000036958152,13.304445569283416,9592.604170682007,9592.17736700121,-0.42680368079665804,13.304445569283416,bayes_h1_marginal_boundary,measured_graph,0.00021091619802640803,0.1661150586647591,42,h1_z
0.01584893192461114,1.0000000032911902,15.832951276239328,9591.437308702623,9590.913114147732,-0.5241945548910899,15.832951276239328,bayes_h1_marginal_boundary,measured_graph,5.9573332660303763e-05,0.16640251197156644,42,h1_z
0.01995262314968881,1.0000000026868474,18.37778930251443,9590.27228056358,9589.640695134594,-0.6315854289855218,18.37778930251443,bayes_h1_marginal_boundary,measured_graph,1.6689654262620242e-05,0.16667302111022927,42,h1_z
0.025118864315095822,1.0000000019806012,20.954537622688804,9589.101297277588,9588.352320974507,-0.7489763030799538,20.954537622688804,bayes_h1_marginal_boundary,measured_graph,4.601649665456506e-06,0.16692336273761083,42,h1_z
0.03162277660168379,1.0000000012888408,23.65240694900058,9587.879753488525,9587.003386311351,-0.8763671771743852,23.65240694900058,bayes_h1_marginal_boundary,measured_graph,1.1942044111965362e-06,0.1671710448701587,42,h1_z
0.039810717055349734,1.0000000007138554,26.63815541941949,9586.524270127411,9585.510512076142,-1.0137580512688171,26.63815541941949,bayes_h1_marginal_boundary,measured_graph,2.683685554673033e-07,0.16745612915490574,42,h1_z
0.05011872336272725,1.0000000003291545,30.1355883347278,9584.92294454385,9583.761795618488,-1.1611489253632492,30.1355883347278,bayes_h1_marginal_boundary,measured_graph,4.669535920414015e-08,0.16783524694393476,42,h1_z
0.06309573444801936,1.0000000001353153,34.374550958724285,9582.960854105948,9581.64231430649,-1.3185397994576809,34.374550958724285,bayes_h1_marginal_boundary,measured_graph,5.607827968056453e-09,0.16836825314904966,42,h1_z
0.07943282347242822,1.000000000061425,39.520240082681994,9580.555400418063,9579.06946974451,-1.4859306735521132,39.520240082681994,bayes_h1_marginal_boundary,measured_graph,4.279790261669517e-10,0.16910093608145096,42,h1_z
0.1,1.0000000000367106,45.59824837384076,9577.693787146578,9576.030465598931,-1.663321547646544,45.59824837384076,bayes_h1_marginal_boundary,measured_graph,2.049272703712811e-11,0.17004518039431696,42,h1_z
1e-05,1.000000662952082,39.05506134967072,11128.32761033246,11125.95992374859,-2.3676865838692702,39.05506134967072,bayes_h1_marginal_boundary,measured_graph,9.78425522905965e-10,0.4996700866264355,43,h1_z
1.2589254117941661e-05,1.000000703656133,38.63092938026239,11128.32706719126,11126.171989733295,-2.155077457963703,38.63092938026239,bayes_h1_marginal_boundary,measured_graph,1.2095584505704325e-09,0.49967123139789504,43,h1_z
1.584893192461114e-05,1.0000007621055673,38.22704315135343,11128.326401179807,11126.37393284775,-1.952468332058134,38.22704315135343,bayes_h1_marginal_boundary,measured_graph,1.4802314942538032e-09,0.49967259901577477,43,h1_z
1.9952623149688786e-05,1.0000008418583262,37.84344530615999,11128.3255909765,11126.565731770346,-1.7598592061525666,37.84344530615999,bayes_h1_marginal_boundary,measured_graph,1.7931922531746644e-09,0.49967420547532204,43,h1_z
2.5118864315095822e-05,1.0000009430789003,37.48017711280045,11128.324615947273,11126.747365867026,-1.5772500802469966,37.48017711280045,bayes_h1_marginal_boundary,measured_graph,2.1503519143908668e-09,0.4996760474735362,43,h1_z
3.1622776601683795e-05,1.0000010596085023,37.137270878047275,11128.323459938743,11126.918818984403,-1.404640954341429,37.137270878047275,bayes_h1_marginal_boundary,measured_graph,2.5525289868069272e-09,0.4996780836335769,43,h1_z
3.9810717055349695e-05,1.000001178288339,36.81473635837392,11128.322118072676,11127.08008624424,-1.2420318284358616,36.81473635837392,bayes_h1_marginal_boundary,measured_graph,2.999218896912054e-09,0.4996802018439148,43,h1_z
5.011872336272725e-05,1.0000012833196916,36.51253731466568,11128.320608468624,11127.231185766093,-1.089422702530293,36.51253731466568,bayes_h1_marginal_boundary,measured_graph,3.4884287115827364e-09,0.4996821638924602,43,h1_z
6.309573444801929e-05,1.0000013640236123,36.230551855886006,11128.318992072109,11127.372178495483,-0.9468135766247254,36.230551855886006,bayes_h1_marginal_boundary,measured_graph,4.016633597770804e-09,0.499683515120849,43,h1_z
7.943282347242822e-05,1.0000014195536076,35.96850645493396,11128.317405646678,11127.50320119596,-0.8142044507191568,35.96850645493396,bayes_h1_marginal_boundary,measured_graph,4.578936833660006e-09,0.49968344125468855,43,h1_z
0.0001,1.0000014570027953,35.72586830766522,11128.316115594407,11127.624520269594,-0.6915953248135883,35.72586830766522,bayes_h1_marginal_boundary,measured_graph,5.1695513870514274e-09,0.49968054429050435,43,h1_z
0.00012589254117941674,1.0000014864495521,35.50167352942299,11128.315603857624,11127.736617658715,-0.5789861989080206,35.50167352942299,bayes_h1_marginal_boundary,measured_graph,5.782772861926228e-09,0.49967249540613823,43,h1_z
0.00015848931924611142,1.0000015177584345,35.294259198806685,11128.316701897025,11127.840324824023,-0.47637707300245236,35.294259198806685,bayes_h1_marginal_boundary,measured_graph,6.4146886798204234e-09,0.4996555106140921,43,h1_z
0.00019952623149688788,1.0000015601657142,35.10085774320032,11128.320793498922,11127.937025551826,-0.38376794709688455,35.10085774320032,bayes_h1_marginal_boundary,measured_graph,7.065976298700239e-09,0.4996235938420827,43,h1_z
0.0002511886431509582,1.0000016231118949,34.917009949644125,11128.330108269796,11128.028949448604,-0.30115882119131615,34.917009949644125,bayes_h1_marginal_boundary,measured_graph,7.746298306860106e-09,0.4995675262843355,43,h1_z
0.00031622776601683794,1.0000000146895807,34.7357100494919,11128.348149093967,11128.11959939868,-0.22854969528574837,34.7357100494919,bayes_h1_marginal_boundary,measured_graph,8.481311039017186e-09,0.499474133116153,43,h1_z
0.00039810717055349735,1.0000000165923493,34.546737970820686,11128.380026007397,11128.214085438016,-0.16594056938017995,34.546737970820686,bayes_h1_marginal_boundary,measured_graph,9.321756539541754e-09,0.4993236902003461,43,h1_z
0.0005011872336272725,1.0000000192281588,34.33546109124654,11128.433055321277,11128.319723877803,-0.11333144347461188,34.33546109124654,bayes_h1_marginal_boundary,measured_graph,1.0360386267399029e-08,0.49909266897090665,43,h1_z
0.000630957344480193,1.0000000223871999,34.08289261344544,11128.516730434272,11128.446008116704,-0.07072231756904392,34.08289261344544,bayes_h1_marginal_boundary,measured_graph,1.1754942136657829e-08,0.4987549083992872,43,h1_z
0.0007943282347242822,1.000000025216634,33.76656093355268,11128.642287148314,11128.60417395665,-0.03811319166347554,33.76656093355268,bayes_h1_marginal_boundary,measured_graph,1.3769274157549402e-08,0.49828797245736717,43,h1_z
0.001,1.0000000263009585,33.36190398433246,11128.822006497017,11128.80650243126,-0.015504065757907535,33.36190398433246,bayes_h1_marginal_boundary,measured_graph,1.685703494953861e-08,0.49767896669805767,43,h1_z
0.0012589254117941675,1.0000021570491855,32.84046874294654,11129.070114991806,11129.067220051953,-0.0028949398523394052,32.84046874294654,bayes_h1_marginal_boundary,measured_graph,2.1878090336344562e-08,0.4969205914463415,43,h1_z
0.001584893192461114,1.0000018811059217,32.15805657069359,11129.408711952026,11129.40842613808,-0.0002858139467712683,32.15805657069359,bayes_h1_marginal_boundary,measured_graph,3.0774664826383086e-08,0.49599316194384213,43,h1_z
0.0019952623149688807,1.0000015910403113,31.232579451163474,11129.878841385886,11129.871164697845,-0.007676688041203171,31.232579451163474,bayes_h1_marginal_boundary,measured_graph,4.888303191574048e-08,0.49483341226313643,43,h1_z
0.002511886431509582,1.0000013474188247,29.92245452397765,11130.551294723573,11130.526227161437,-0.025067562135635053,29.92245452397765,bayes_h1_marginal_boundary,measured_graph,9.411268155189015e-08,0.4933266123855397,43,h1_z
0.0031622776601683794,1.0000011510890352,28.03046296834873,11131.524681375482,11131.472222939252,-0.05245843623006681,28.03046296834873,bayes_h1_marginal_boundary,measured_graph,2.423755983083593e-07,0.4913311878652213,43,h1_z
0.003981071705534973,1.0000009681178732,25.351811591252044,11132.901397938125,11132.8115486278,-0.08984931032449865,25.351811591252044,bayes_h1_marginal_boundary,measured_graph,9.250189933301513e-07,0.48873811816083096,43,h1_z
0.005011872336272725,1.000000765529068,21.76903984548335,11134.740174685103,11134.602934500685,-0.13724018441893068,21.76903984548335,bayes_h1_marginal_boundary,measured_graph,5.5480408449765074e-06,0.4855493252385556,43,h1_z
0.006309573444801936,1.0000005431504666,17.368598805795045,11136.997786079042,11136.803155020529,-0.19463105851336257,17.368598805795045,bayes_h1_marginal_boundary,measured_graph,5.008218641963503e-05,0.48194097748561193,43,h1_z
0.00794328234724282,1.0000003387853682,12.51597566997225,11139.491488521047,11139.22946658844,-0.26202193260779433,12.51597566997225,bayes_h1_marginal_boundary,measured_graph,0.000566783248174709,0.4782602260366685,43,h1_z
0.01,1.0000001913181829,7.809547114877205,11141.92209367269,11141.582680865988,-0.3394128067022262,7.809547114877205,bayes_h1_marginal_boundary,measured_graph,0.005962178597954907,0.4749276325617033,43,h1_z
0.012589254117941675,1.0000001061606383,3.89346726887743,11143.967524469785,11143.540720788988,-0.42680368079665804,3.89346726887743,bayes_h1_marginal_boundary,measured_graph,0.04224457207086758,0.4722906529876963,43,h1_z
0.01584893192461114,1.0000000640414584,1.2327533472052892,11145.395272304715,11144.871077749824,-0.5241945548910899,1.2327533472052892,bayes_h1_marginal_boundary,measured_graph,0.15978558690710945,0.4705238086065255,43,h1_z
0.01995262314968881,1.000000044801652,-0.0,11146.119039852412,11145.487454423426,-0.6315854289855218,-0.0,bayes_h1_marginal_boundary,measured_graph,0.2959556193023211,0.4696286109034387,43,h1_z
0.025118864315095822,1.000000036254182,0.11664377453053021,11146.178108839242,11145.429132536161,-0.7489763030799538,0.11664377453053021,bayes_h1_marginal_boundary,measured_graph,0.27918862287083585,0.46950077101483245,43,h1_z
0.03162277660168379,1.0000000323323113,1.3685887400824868,11145.679527230559,11144.803160053385,-0.8763671771743852,1.3685887400824868,bayes_h1_marginal_boundary,measured_graph,0.14929364498769168,0.4700005416378652,43,h1_z
0.039810717055349734,1.000000030072031,3.506497967442556,11144.747963490974,11143.734205439705,-1.0137580512688171,3.506497967442556,bayes_h1_marginal_boundary,measured_graph,0.05126255299795808,0.4709915708025169,43,h1_z
0.05011872336272725,1.0000000280444663,6.299747190914786,11143.498729753332,11142.337580827969,-1.1611489253632492,6.299747190914786,bayes_h1_marginal_boundary,measured_graph,0.012683930950518426,0.47235066339375004,43,h1_z
0.06309573444801936,1.000000025700307,9.548948136762192,11142.031520154504,11140.712980355045,-1.3185397994576809,9.548948136762192,bayes_h1_marginal_boundary,measured_graph,0.002498612155460144,0.4739624181863842,43,h1_z
0.07943282347242822,1.0000000229089892,13.069319582493335,11140.438725305732,11138.95279463218,-1.4859306735521132,13.069319582493335,bayes_h1_marginal_boundary,measured_graph,0.0004297935581286495,0.4757088954004152,43,h1_z
0.1,1.0000000196094834,16.67110197139482,11138.815224985376,11137.151903437729,-1.663321547646544,16.67110197139482,bayes_h1_marginal_boundary,measured_graph,7.098111115514427e-05,0.47746728765715074,43,h1_z
1e-05,1.0000017357070041,6.809025656893937,6152.10899548172,6149.741308897851,-2.3676865838692702,6.809025656893937,bayes_h1_marginal_boundary,measured_graph,0.0028653637799242126,1.8060471065051085,44,h1_z
1.2589254117941661e-05,1.0000017564244108,6.381032932331436,6152.110382718096,6149.955305260132,-2.155077457963703,6.381032932331436,bayes_h1_marginal_boundary,measured_graph,0.0035490915814182567,1.8060310552917138,44,h1_z
1.584893192461114e-05,1.000001786962788,5.972318576412363,6152.11213077015,6150.159662438092,-1.952468332058134,5.972318576412363,bayes_h1_marginal_boundary,measured_graph,0.004353799256187457,1.8060107827924625,44,h1_z
1.9952623149688786e-05,1.0000018304824612,5.582693810498313,6152.114334027201,6150.354474821049,-1.7598592061525666,5.582693810498313,bayes_h1_marginal_boundary,measured_graph,0.0052902274390724145,1.8059851598906485,44,h1_z
2.5118864315095822e-05,1.0000018894332827,5.211919821411357,6152.117111895839,6150.539861815592,-1.5772500802469966,5.211919821411357,bayes_h1_marginal_boundary,measured_graph,0.006367763019932519,1.805952745929812,44,h1_z
3.1622776601683795e-05,1.0000019636976734,4.8596941320065525,6152.120615614636,6150.715974660295,-1.404640954341429,4.8596941320065525,bayes_h1_marginal_boundary,measured_graph,0.007594019869999096,1.8059116977560195,44,h1_z
3.9810717055349695e-05,1.0000020485502152,4.5256331009513815,6152.125037004258,6150.883005175822,-1.2420318284358616,4.5256331009513815,bayes_h1_marginal_boundary,measured_graph,0.008974539230828854,1.8058596482389626,44,h1_z
5.011872336272725e-05,1.0000021344308767,4.209249417881438,6152.130619719887,6151.041197017357,-1.089422702530293,4.209249417881438,bayes_h1_marginal_boundary,measured_graph,0.010512693538051676,1.8057935408173194,44,h1_z
6.309573444801929e-05,1.0000022103892106,3.9099230709598487,6152.137673767443,6151.190860190818,-0.9468135766247254,3.9099230709598487,bayes_h1_marginal_boundary,measured_graph,0.012209894026770746,1.8057094018775397,44,h1_z
7.943282347242822e-05,1.0000022695849236,3.626863677311121,6152.146594338362,6151.332389887642,-0.8142044507191568,3.626863677311121,bayes_h1_marginal_boundary,measured_graph,0.014066221791726495,1.8056020291049455,44,h1_z
0.0001,1.0000023120855368,3.3590613671149185,6152.157886367554,6151.4662910427405,-0.6915953248135883,3.3590613671149185,bayes_h1_marginal_boundary,measured_graph,0.016081627330749387,1.8054645674218917,44,h1_z
0.00012589254117941674,1.0000023429602694,3.1052227881082217,6152.172196531152,6151.593210332244,-0.5789861989080206,3.1052227881082217,bayes_h1_marginal_boundary,measured_graph,0.018257879682946503,1.8052879294316202,44,h1_z
0.00015848931924611142,1.0000023686352622,2.8636883736126038,6152.190354612494,6151.713977539492,-0.47637707300245236,2.8636883736126038,bayes_h1_marginal_boundary,measured_graph,0.020601501418698084,1.805059999040376,44,h1_z
0.00019952623149688788,1.0000023947183512,2.6323272466215712,6152.213426050084,6151.829658102987,-0.38376794709688455,2.6323272466215712,bayes_h1_marginal_boundary,measured_graph,0.02312801194154195,1.8047645467304347,44,h1_z
0.0002511886431509582,1.000002425693212,2.408408637100365,6152.242776228939,6151.941617407748,-0.30115882119131615,2.408408637100365,bayes_h1_marginal_boundary,measured_graph,0.025867926074902275,1.8043797964949182,44,h1_z
0.00031622776601683794,1.0000024654182462,2.188457316678978,6152.280142763244,6152.0515930679585,-0.22854969528574837,2.188457316678978,bayes_h1_marginal_boundary,measured_graph,0.028875095783363825,1.803876651847343,44,h1_z
0.00039810717055349735,1.000002517512808,1.9681235474545247,6152.327700521951,6152.161759952571,-0.16594056938017995,1.9681235474545247,bayes_h1_marginal_boundary,measured_graph,0.0322380157852347,1.8032167965167307,44,h1_z
0.0005011872336272725,1.0000025850391385,1.7421518999326508,6152.388077219806,6152.274745776332,-0.11333144347461188,1.7421518999326508,bayes_h1_marginal_boundary,measured_graph,0.036094200244411026,1.8023514010332415,44,h1_z
0.000630957344480193,1.0000026687948853,1.5046461436104437,6152.464220972061,6152.393498654493,-0.07072231756904392,1.5046461436104437,bayes_h1_marginal_boundary,measured_graph,0.040645375778783015,1.8012222376736402,44,h1_z
0.0007943282347242822,1.000002763245176,1.2500305989960907,6152.558919618464,6152.5208064268,-0.03811319166347554,1.2500305989960907,bayes_h1_marginal_boundary,measured_graph,0.04616365706242141,1.7997687710410066,44,h1_z
0.001,1.0000028497105968,0.97538081919447,6152.673635382459,6152.658131316701,-0.015504065757907535,0.97538081919447,bayes_h1_marginal_boundary,measured_graph,0.05295898440231781,1.797946491151119,44,h1_z
0.0012589254117941675,1.0000028902511076,0.6849001577611489,6152.806266587269,6152.803371647417,-0.0028949398523394052,0.6849001577611489,bayes_h1_marginal_boundary,measured_graph,0.06123739702944161,1.7957600679002625,44,h1_z
0.001584893192461114,1.0000028334934485,0.39656896978704026,6152.947823055351,6152.9475372414045,-0.0002858139467712683,0.39656896978704026,bayes_h1_marginal_boundary,measured_graph,0.07073380880039627,1.7933035506493387,44,h1_z
0.0019952623149688807,1.0000026433749556,0.1485662113118451,6153.079215308683,6153.071538620642,-0.007676688041203171,0.1485662113118451,bayes_h1_marginal_boundary,measured_graph,0.0800719046163749,1.7907784896226215,44,h1_z
0.002511886431509582,1.0000023327497072,-0.0,6153.1708892884335,6153.145821726298,-0.025067562135635053,-0.0,bayes_h1_marginal_boundary,measured_graph,0.08624638520346412,1.788454782022967,44,h1_z
0.0031622776601683794,1.0000019578017925,0.02169645360663708,6153.187431935725,6153.134973499495,-0.05245843623006681,0.02169645360663708,bayes_h1_marginal_boundary,measured_graph,0.08531582146507764,1.7865846004860735,44,h1_z
0.003981071705534973,1.0000015761426004,0.281393961451613,6153.094974055896,6153.005124745572,-0.08984931032449865,0.281393961451613,bayes_h1_marginal_boundary,measured_graph,0.07492676453601002,1.785340345278788,44,h1_z
0.005011872336272725,1.000001223261225,0.834533174886019,6152.865795323274,6152.728555138855,-0.13724018441893068,0.834533174886019,bayes_h1_marginal_boundary,measured_graph,0.056823021795204195,1.7848234721288334,44,h1_z
0.006309573444801936,1.000000919265805,1.7255302847206622,6152.477687642451,6152.283056583938,-0.19463105851336257,1.7255302847206622,bayes_h1_marginal_boundary,measured_graph,0.03639542216327255,1.785107939246745,44,h1_z
0.00794328234724282,1.0000006745179684,2.9931343291955272,6151.911276494308,6151.6492545617,-0.26202193260779433,2.9931343291955272,bayes_h1_marginal_boundary,measured_graph,0.01931034532981417,1.7862690694309638,44,h1_z
0.01,1.000000487314204,4.672325653278676,6151.149071706361,6150.809658899659,-0.3394128067022262,4.672325653278676,bayes_h1_marginal_boundary,measured_graph,0.008339850726500862,1.7883957838247788,44,h1_z
0.012589254117941675,1.0000003471021004,6.791167438537741,6150.177041687826,6149.750238007029,-0.42680368079665804,6.791167438537741,bayes_h1_marginal_boundary,measured_graph,0.002891063492971156,1.791590463130945,44,h1_z
0.01584893192461114,1.0000002421489111,9.363874325685174,6148.988079118347,6148.463884563455,-0.5241945548910899,9.363874325685174,bayes_h1_marginal_boundary,measured_graph,0.0007987326312075677,1.7959420944424607,44,h1_z
0.01995262314968881,1.0000001632953353,12.383184943142624,6147.585814683712,6146.954229254727,-0.6315854289855218,12.383184943142624,bayes_h1_marginal_boundary,measured_graph,0.0001765088385269573,1.8014874530441736,44,h1_z
0.025118864315095822,1.0000001042248134,15.818596146769778,6145.985499955993,6145.236523652913,-0.7489763030799538,15.818596146769778,bayes_h1_marginal_boundary,measured_graph,3.167935953190598e-05,1.8082068590229632,44,h1_z
0.03162277660168379,1.0000000613258704,19.623431884547244,6144.210472961198,6143.334105784024,-0.8763671771743852,19.623431884547244,bayes_h1_marginal_boundary,measured_graph,4.726795463571727e-06,1.8160611415853674,44,h1_z
0.039810717055349734,1.0000000325682465,23.742985478573246,6142.2880870382805,6141.274328987011,-1.0137580512688171,23.742985478573246,bayes_h1_marginal_boundary,measured_graph,6.025833301031356e-07,1.825018501594792,44,h1_z
0.05011872336272725,1.000000015493233,28.112947401697966,6140.250496950812,6139.089348025449,-1.1611489253632492,28.112947401697966,bayes_h1_marginal_boundary,measured_graph,6.777849769227352e-08,1.8350221398487538,44,h1_z
0.06309573444801936,1.0000000066317682,32.64655979899544,6138.141081626258,6136.8225418268,-1.3185397994576809,32.64655979899544,bayes_h1_marginal_boundary,measured_graph,7.0247442075151604e-09,1.8458967224499583,44,h1_z
0.07943282347242822,1.0000000025811249,37.219912007565654,6136.021796396068,6134.535865722515,-1.4859306735521132,37.219912007565654,bayes_h1_marginal_boundary,measured_graph,7.13739448384906e-10,1.857242668815086,44,h1_z
0.1,1.000000362322273,41.669465022643635,6133.974410762623,6132.311089214976,-1.663321547646544,41.669465022643635,bayes_h1_marginal_boundary,measured_graph,7.714922010725543e-11,1.8684015941323426,44,h1_z
1e-05,1.0000003915646778,3.9316457597524277,5837.044247948259,5834.67656136439,-2.3676865838692702,3.9316457597524277,bayes_h1_marginal_boundary,measured_graph,0.009396428711483969,3.8665061494637154,45,h1_z
1.2589254117941661e-05,1.0000003926537038,3.508947982572863,5837.042987710944,5834.88791025298,-2.155077457963703,3.508947982572863,bayes_h1_marginal_boundary,measured_graph,0.011607815037095596,3.8665324033463553,45,h1_z
1.584893192461114e-05,1.0000003935548512,3.1069160429360636,5837.041394554856,5835.088926222798,-1.952468332058134,3.1069160429360636,bayes_h1_marginal_boundary,measured_graph,0.014192228856604166,3.866565418649106,45,h1_z
1.9952623149688786e-05,1.0000003940826117,2.7257300368873985,5837.039378431975,5835.279519225823,-1.7598592061525666,2.7257300368873985,bayes_h1_marginal_boundary,measured_graph,0.01717212713932133,3.866606923790722,45,h1_z
2.5118864315095822e-05,1.000000394152751,2.3656211520719808,5837.036823748477,5835.45957366823,-1.5772500802469966,2.3656211520719808,bayes_h1_marginal_boundary,measured_graph,0.020559888072270684,3.8666590805173398,45,h1_z
3.1622776601683795e-05,1.0000003937866777,2.026887460751823,5837.033581468232,5835.6289405138905,-1.404640954341429,2.026887460751823,bayes_h1_marginal_boundary,measured_graph,0.024354310154833674,3.8667245873020955,45,h1_z
3.9810717055349695e-05,1.0000003930558337,1.7099152557311754,5837.029458444837,5835.787426616401,-1.2420318284358616,1.7099152557311754,bayes_h1_marginal_boundary,measured_graph,0.02853681319428111,3.866806803792887,45,h1_z
5.011872336272725e-05,1.0000003920307239,1.4152081676711532,5837.024202862961,5835.934780160431,-1.089422702530293,1.4152081676711532,bayes_h1_marginal_boundary,measured_graph,0.03306741937818647,3.866909897563559,45,h1_z
6.309573444801929e-05,1.0000003907673964,1.1434272980150126,5837.017484171884,5836.070670595259,-0.9468135766247254,1.1434272980150126,bayes_h1_marginal_boundary,measured_graph,0.03788059302843053,3.867039011937341,45,h1_z
7.943282347242822e-05,1.0000003893243685,0.8954470409553323,5837.008865174508,5836.194660723789,-0.8142044507191568,0.8954470409553323,bayes_h1_marginal_boundary,measured_graph,0.042881009210351935,3.8672004484068574,45,h1_z
0.0001,1.000000387797266,0.6724333082274825,5836.997762914966,5836.306167590153,-0.6915953248135883,0.6724333082274825,bayes_h1_marginal_boundary,measured_graph,0.04793931396109447,3.8674018469328675,45,h1_z
0.00012589254117941674,1.0000003863699947,0.475953661107269,5836.983393612621,5836.404407413713,-0.5789861989080206,0.475953661107269,bayes_h1_marginal_boundary,measured_graph,0.05288796150112095,3.867652328792042,45,h1_z
0.00015848931924611142,1.000000385392346,0.30813242373369576,5836.964695105402,5836.4883180324,-0.47637707300245236,0.30813242373369576,bayes_h1_marginal_boundary,measured_graph,0.057517333858674746,3.867962535035,45,h1_z
0.00019952623149688788,1.0000003855013297,0.171867833358192,5836.940218274684,5836.556450327587,-0.38376794709688455,0.171867833358192,bayes_h1_marginal_boundary,measured_graph,0.06157270403215789,3.8683444448511652,45,h1_z
0.0002511886431509582,1.0000003878071375,0.07113130346078833,5836.907977413727,5836.606818592536,-0.30115882119131615,0.07113130346078833,bayes_h1_marginal_boundary,measured_graph,0.06475344610887042,3.868810795998663,45,h1_z
0.00031622776601683794,1.0000003941572455,0.011367418614099734,5836.865250230245,5836.636700534959,-0.22854969528574837,0.011367418614099734,bayes_h1_marginal_boundary,measured_graph,0.0667176051482565,3.869373888182669,45,h1_z
0.00039810717055349735,1.0000004074481637,-0.0,5836.808324813646,5836.642384244266,-0.16594056938017995,-0.0,bayes_h1_marginal_boundary,measured_graph,0.06709788830730774,3.870043647715914,45,h1_z
0.0005011872336272725,1.0000004318114721,0.04701213733278564,5836.732209619075,5836.6188781756,-0.11333144347461188,0.04701213733278564,bayes_h1_marginal_boundary,measured_graph,0.06553907331783661,3.870825356286617,45,h1_z
0.000630957344480193,1.000000472150943,0.1654924358226708,5836.630360343924,5836.559638026355,-0.07072231756904392,0.1654924358226708,bayes_h1_marginal_boundary,measured_graph,0.061769292430758745,3.8717188710667227,45,h1_z
0.0007943282347242822,1.0000005319557121,0.3719258321689267,5836.494534519846,5836.456421328182,-0.03811319166347554,0.3719258321689267,bayes_h1_marginal_boundary,measured_graph,0.05571167090919565,3.872723640656607,45,h1_z
0.001,1.0000006084211526,0.6859011625347193,5836.314937728757,5836.299433662999,-0.015504065757907535,0.6859011625347193,bayes_h1_marginal_boundary,measured_graph,0.04761757860010519,3.873855431685241,45,h1_z
0.0012589254117941675,1.0000006871458766,1.1289232444250956,5836.080817561906,5836.077922622054,-0.0028949398523394052,1.1289232444250956,bayes_h1_marginal_boundary,measured_graph,0.03815630262242354,3.8751756513278703,45,h1_z
0.001584893192461114,1.0000000027225215,1.722274237901729,5835.781532939262,5835.7812471253155,-0.0002858139467712683,1.722274237901729,bayes_h1_marginal_boundary,measured_graph,0.02836101394591265,3.8768199895573883,45,h1_z
0.0019952623149688807,1.000000002812241,2.484433819394326,5835.40784402261,5835.400167334569,-0.007676688041203171,2.484433819394326,bayes_h1_marginal_boundary,measured_graph,0.019374071721732864,3.8789912636140507,45,h1_z
0.002511886431509582,1.0000000026797102,3.4288442265460617,5834.953029693129,5834.927962130993,-0.025067562135635053,3.4288442265460617,bayes_h1_marginal_boundary,measured_graph,0.012082165737939318,3.8819295580853477,45,h1_z
0.0031622776601683794,1.0000006916705275,4.562895350820327,5834.413395005086,5834.360936568856,-0.05245843623006681,4.562895350820327,bayes_h1_marginal_boundary,measured_graph,0.006853125991086338,3.8858551113750175,45,h1_z
0.003981071705534973,1.0000006283907878,5.887476767204134,5833.788495170988,5833.698645860664,-0.08984931032449865,5.887476767204134,bayes_h1_marginal_boundary,measured_graph,0.0035339428032130638,3.890935185406332,45,h1_z
0.005011872336272725,1.0000005590322834,7.395534004825095,5833.081857426273,5832.944617241854,-0.13724018441893068,7.395534004825095,bayes_h1_marginal_boundary,measured_graph,0.0016626048683078061,3.897235885340135,45,h1_z
0.006309573444801936,1.0000004883379332,9.06817123982728,5832.302929682866,5832.108298624353,-0.19463105851336257,9.06817123982728,bayes_h1_marginal_boundary,measured_graph,0.0007204112515970046,3.904671243993585,45,h1_z
0.00794328234724282,1.0000004197943468,10.869771507750556,5831.469520422999,5831.207498490391,-0.26202193260779433,10.869771507750556,bayes_h1_marginal_boundary,measured_graph,0.0002926630940456805,3.912942273797889,45,h1_z
0.01,1.00000035567921,12.746319460437007,5830.60863732075,5830.269224514048,-0.3394128067022262,12.746319460437007,bayes_h1_marginal_boundary,measured_graph,0.00011451984438874354,3.9215210643047875,45,h1_z
0.012589254117941675,1.000000296525826,14.631181518916492,5829.753597165605,5829.326793484808,-0.42680368079665804,14.631181518916492,bayes_h1_marginal_boundary,measured_graph,4.4626019785566695e-05,3.9297195667039464,45,h1_z
0.01584893192461114,1.000000241864716,16.458772623806,5828.937192487255,5828.412997932363,-0.5241945548910899,16.458772623806,bayes_h1_marginal_boundary,measured_graph,1.7895003498715837e-05,3.9368399780151577,45,h1_z
0.01995262314968881,1.0000001917950796,18.18166517734244,5828.18313708458,5827.551551655595,-0.6315854289855218,18.18166517734244,bayes_h1_marginal_boundary,measured_graph,7.561542947587054e-06,3.942359473686417,45,h1_z
0.025118864315095822,1.0000001475749307,19.78311861570728,5827.499801239493,5826.750824936413,-0.7489763030799538,19.78311861570728,bayes_h1_marginal_boundary,measured_graph,3.395152040909439e-06,3.9460740134771504,45,h1_z
0.03162277660168379,1.0000001106884753,21.276311623269066,5826.880595609806,5826.004228432632,-0.8763671771743852,21.276311623269066,bayes_h1_marginal_boundary,measured_graph,1.609223943314526e-06,3.9481158989579352,45,h1_z
0.039810717055349734,1.000000081675874,22.687941226005933,5826.312171682533,5825.298413631263,-1.0137580512688171,22.687941226005933,bayes_h1_marginal_boundary,measured_graph,7.94483738051999e-07,3.9488117550190935,45,h1_z
0.05011872336272725,1.0000000599392656,24.0369137264006,5825.785076306429,5824.623927381066,-1.1611489253632492,24.0369137264006,bayes_h1_marginal_boundary,measured_graph,4.047243699605644e-07,3.948469736783024,45,h1_z
0.06309573444801936,1.0000000443595727,25.325901194466496,5825.297973446491,5823.979433647033,-1.3185397994576809,25.325901194466496,bayes_h1_marginal_boundary,measured_graph,2.124512464101252e-07,3.947262959120467,45,h1_z
0.07943282347242822,1.000000033900175,26.553683112997533,5824.85147336132,5823.365542687768,-1.4859306735521132,26.553683112997533,bayes_h1_marginal_boundary,measured_graph,1.149872869645421e-07,3.945301840255699,45,h1_z
0.1,1.0000000278002315,27.738971929546096,5824.43621982714,5822.772898279493,-1.663321547646544,27.738971929546096,bayes_h1_marginal_boundary,measured_graph,6.357225708626525e-08,3.94283475278193,45,h1_z
1e-05,1.0000000140768606,4.668619475238302,4827.388422354247,4825.020735770378,-2.3676865838692702,4.668619475238302,bayes_h1_marginal_boundary,measured_graph,0.0061646966080782595,4.213999816082637,46,h1_z
1.2589254117941661e-05,1.0000000143859322,4.242686223635246,4827.388779854144,4825.23370239618,-2.155077457963703,4.242686223635246,bayes_h1_marginal_boundary,measured_graph,0.007627846384902223,4.213985643087931,46,h1_z
1.584893192461114e-05,1.0000000147131403,3.836573686101474,4827.389226997005,4825.436758664947,-1.952468332058134,3.836573686101474,bayes_h1_marginal_boundary,measured_graph,0.00934519042571253,4.213967774074362,46,h1_z
1.9952623149688786e-05,1.0000000150179056,3.4502388777327724,4827.389785275283,4825.629926069131,-1.7598592061525666,3.4502388777327724,bayes_h1_marginal_boundary,measured_graph,0.011336518291264926,4.21394523726463,46,h1_z
2.5118864315095822e-05,1.000000015268048,3.0836297119312803,4827.390480732279,4825.813230652032,-1.5772500802469966,3.0836297119312803,bayes_h1_marginal_boundary,measured_graph,0.013617201436761628,4.213916801085806,46,h1_z
3.1622776601683795e-05,1.000000015454886,2.7366838472735253,4827.3913445387025,4825.986703584361,-1.404640954341429,2.7366838472735253,bayes_h1_marginal_boundary,measured_graph,0.016196687360310467,4.213880902687157,46,h1_z
3.9810717055349695e-05,1.000000015591463,2.409327956253037,4827.392413358307,4826.150381529871,-1.2420318284358616,2.409327956253037,bayes_h1_marginal_boundary,measured_graph,0.019077024074312793,4.213835556127656,46,h1_z
5.011872336272725e-05,1.000000015699559,2.1014779629604163,4827.3937292290475,4826.304306526517,-1.089422702530293,2.1014779629604163,bayes_h1_marginal_boundary,measured_graph,0.022251505729394893,4.2137782344569725,46,h1_z
6.309573444801929e-05,1.0000000157987978,1.8130412095470092,4827.395338479849,4826.448524903224,-0.9468135766247254,1.8130412095470092,bayes_h1_marginal_boundary,measured_graph,0.025703522795452835,4.2137057187397575,46,h1_z
7.943282347242822e-05,1.0000000159028581,1.5439222032309772,4827.397288857102,4826.583084406382,-0.8142044507191568,1.5439222032309772,bayes_h1_marginal_boundary,measured_graph,0.029405671368114273,4.213613906484001,46,h1_z
0.0001,1.0000000160199702,1.2940347503463272,4827.399623457638,4826.708028132824,-0.6915953248135883,1.2940347503463272,bayes_h1_marginal_boundary,measured_graph,0.0333191159842181,4.213497573214143,46,h1_z
0.00012589254117941674,1.0000000161540776,1.0633252047664428,4827.402369104522,4826.823382905614,-0.5789861989080206,1.0633252047664428,bayes_h1_marginal_boundary,measured_graph,0.03739309488573108,4.213350087118568,46,h1_z
0.00015848931924611142,1.0000000163048093,0.8518147383074393,4827.405515211846,4826.929138138844,-0.47637707300245236,0.8518147383074393,bayes_h1_marginal_boundary,measured_graph,0.04156428612298208,4.213163094484579,46,h1_z
0.00019952623149688788,1.0000000164654717,0.659673758511417,4827.408976575839,4827.025208628742,-0.38376794709688455,0.659673758511417,bayes_h1_marginal_boundary,measured_graph,0.04575548987445353,4.212926236951206,46,h1_z
0.0002511886431509582,1.000000016618263,0.487350007339046,4827.412529325519,4827.111370504328,-0.30115882119131615,0.487350007339046,bayes_h1_marginal_boundary,measured_graph,0.04987269493821901,4.212627057821262,46,h1_z
0.00031622776601683794,1.0000000167254381,0.3357849262029049,4827.415702740182,4827.187153044896,-0.22854969528574837,0.3357849262029049,bayes_h1_marginal_boundary,measured_graph,0.05379907092316674,4.212251452515761,46,h1_z
0.00039810717055349735,1.0000000167150551,0.20677158903890813,4827.417600282858,4827.251659713478,-0.16594056938017995,0.20677158903890813,bayes_h1_marginal_boundary,measured_graph,0.05738384780006611,4.211785388623049,46,h1_z
0.0005011872336272725,1.0000000164621152,0.10352966399113939,4827.416612119477,4827.303280676002,-0.11333144347461188,0.10352966399113939,bayes_h1_marginal_boundary,measured_graph,0.060423846041490224,4.211219214220689,46,h1_z
0.000630957344480193,1.0000000157748923,0.03158492389775347,4827.409975363617,4827.339253046049,-0.07072231756904392,0.03158492389775347,bayes_h1_marginal_boundary,measured_graph,0.06263700258501237,4.210556531109499,46,h1_z
0.0007943282347242822,1.000000014417923,-0.0,4827.393158699661,4827.355045507998,-0.03811319166347554,-0.0,bayes_h1_marginal_boundary,measured_graph,0.06363404723781896,4.209829463334067,46,h1_z
0.001,1.0000000122269466,0.022813442919868976,4827.359142852296,4827.343638786538,-0.015504065757907535,0.022813442919868976,bayes_h1_marginal_boundary,measured_graph,0.06291231550757415,4.209118917491798,46,h1_z
0.0012589254117941675,1.0000000093274697,0.12007752710633213,4827.297901684296,4827.295006744444,-0.0028949398523394052,0.12007752710633213,bayes_h1_marginal_boundary,measured_graph,0.05992596582861684,4.208569271064398,46,h1_z
0.001584893192461114,1.0000000062682588,0.3171950303367339,4827.196733806776,4827.196447992829,-0.0002858139467712683,0.3171950303367339,bayes_h1_marginal_boundary,measured_graph,0.05430146171733947,4.2083752781717925,46,h1_z
0.0019952623149688807,1.0000008346350757,0.6410559819960326,4827.042194205041,4827.034517517,-0.007676688041203171,0.6410559819960326,bayes_h1_marginal_boundary,measured_graph,0.04618341126292782,4.208723130848495,46,h1_z
0.002511886431509582,1.000000573324484,1.1129665191965614,4826.823629810535,4826.798562248399,-0.025067562135635053,1.1129665191965614,bayes_h1_marginal_boundary,measured_graph,0.03647639727556614,4.209723255308571,46,h1_z
0.0031622776601683794,1.000000403101675,1.7416896834674844,4826.536659102494,4826.484200666264,-0.05245843623006681,1.7416896834674844,bayes_h1_marginal_boundary,measured_graph,0.026637069058694045,4.21137110020739,46,h1_z
0.003981071705534973,1.0000003003913003,2.52059461385943,4826.184597511392,4826.094748201068,-0.08984931032449865,2.52059461385943,bayes_h1_marginal_boundary,measured_graph,0.018044688113086616,4.213599870091478,46,h1_z
0.005011872336272725,1.0000002337177742,3.429628471010801,4825.777471456911,4825.640231272492,-0.13724018441893068,3.429628471010801,bayes_h1_marginal_boundary,measured_graph,0.011453947444093223,4.216326802661965,46,h1_z
0.006309573444801936,1.000000181321271,4.438214369734851,4825.330569381644,4825.13593832313,-0.19463105851336257,4.438214369734851,bayes_h1_marginal_boundary,measured_graph,0.006917410373906021,4.219435518116995,46,h1_z
0.00794328234724282,1.0000001345701328,5.505995919533234,4824.864069480839,4824.602047548231,-0.26202193260779433,5.505995919533234,bayes_h1_marginal_boundary,measured_graph,0.00405581113666988,4.222700741977612,46,h1_z
0.01,1.0000000939227875,6.583400013494611,4824.402758307952,4824.06334550125,-0.3394128067022262,6.583400013494611,bayes_h1_marginal_boundary,measured_graph,0.0023665865774362286,4.225737592963406,46,h1_z
0.012589254117941675,1.0000000622776974,7.617167355612764,4823.973265510988,4823.546461830191,-0.42680368079665804,7.617167355612764,bayes_h1_marginal_boundary,measured_graph,0.0014113758139529383,4.22806012518898,46,h1_z
0.01584893192461114,1.0000000404129052,8.562086496722259,4823.598196814528,4823.0740022596365,-0.5241945548910899,8.562086496722259,bayes_h1_marginal_boundary,measured_graph,0.0008799461317296005,4.229243242565176,46,h1_z
0.01995262314968881,1.0000000266099585,9.392479982698205,4823.290390945634,4822.6588055166485,-0.6315854289855218,9.392479982698205,bayes_h1_marginal_boundary,measured_graph,0.0005809495666336088,4.2290728710625585,46,h1_z
0.025118864315095822,1.0000000183557711,10.106475120028335,4823.050784251063,4822.301807947983,-0.7489763030799538,10.106475120028335,bayes_h1_marginal_boundary,measured_graph,0.0004065335177189825,4.2275891391091704,46,h1_z
0.03162277660168379,1.0000000136026648,10.72454167140313,4822.86914184947,4821.992774672296,-0.8763671771743852,10.72454167140313,bayes_h1_marginal_boundary,measured_graph,0.0002984591594814768,4.225058308058067,46,h1_z
0.039810717055349734,1.0000000111090759,11.28872634178515,4822.724440388374,4821.710682337105,-1.0137580512688171,11.28872634178515,bayes_h1_marginal_boundary,measured_graph,0.00022509910437634053,4.221963601658676,46,h1_z
0.05011872336272725,1.000000010307535,11.863769944649903,4822.584309461035,4821.423160535673,-1.1611489253632492,11.863769944649903,bayes_h1_marginal_boundary,measured_graph,0.00016885138809784368,4.219027272040367,46,h1_z
0.06309573444801936,1.000000010960536,12.533445359073085,4822.406862627919,4821.088322828461,-1.3185397994576809,12.533445359073085,bayes_h1_marginal_boundary,measured_graph,0.0001208054330996196,4.217181827739088,46,h1_z
0.07943282347242822,1.0000000128045776,13.384586327971192,4822.1486830175645,4820.662752344012,-1.4859306735521132,13.384586327971192,bayes_h1_marginal_boundary,measured_graph,7.893389863132361e-05,4.217400071306235,46,h1_z
0.1,1.0000000154767705,14.481079370152656,4821.777827370568,4820.114505822921,-1.663321547646544,14.481079370152656,bayes_h1_marginal_boundary,measured_graph,4.5620822904792235e-05,4.2204069090298955,46,h1_z
1e-05,1.000000576354907,4.294179243145663,3624.2372117124473,3621.869525128578,-2.3676865838692702,4.294179243145663,bayes_h1_marginal_boundary,measured_graph,0.007216800731325508,4.499923314795186,47,h1_z
1.2589254117941661e-05,1.000000653303095,3.8698087037755613,3624.236787856227,3622.081710398263,-2.155077457963703,3.8698087037755613,bayes_h1_marginal_boundary,measured_graph,0.008922685911144092,4.49994165903303,47,h1_z
1.584893192461114e-05,1.0000007325010438,3.465662676034299,3624.236251744192,3622.2837834121337,-1.952468332058134,3.465662676034299,bayes_h1_marginal_boundary,measured_graph,0.010920808720763257,4.499964801221918,47,h1_z
1.9952623149688786e-05,1.0000008029817595,3.081802209801026,3624.235572851403,3622.4757136452504,-1.7598592061525666,3.081802209801026,bayes_h1_marginal_boundary,measured_graph,0.013231498795726436,4.4999940143557104,47,h1_z
2.5118864315095822e-05,1.0000008565162015,2.7183059633307494,3624.2347118487323,3622.6574617684855,-1.5772500802469966,2.7183059633307494,bayes_h1_marginal_boundary,measured_graph,0.015868696302358182,4.500030890863819,47,h1_z
3.1622776601683795e-05,1.0000008911730578,2.375275805646197,3624.2336178016694,3622.828976847328,-1.404640954341429,2.375275805646197,bayes_h1_marginal_boundary,measured_graph,0.018837761795861267,4.500077420072609,47,h1_z
3.9810717055349695e-05,1.0000009103463836,2.0528444141173168,3624.232224371528,3622.9901925430922,-1.2420318284358616,2.0528444141173168,bayes_h1_marginal_boundary,measured_graph,0.022133209152329032,4.500136098532645,47,h1_z
5.011872336272725e-05,1.0000009192221562,1.7511857465269713,3624.2304445794175,3623.1410218768874,-1.089422702530293,1.7511857465269713,bayes_h1_marginal_boundary,measured_graph,0.025736455558755107,4.5002100746603,47,h1_z
6.309573444801929e-05,1.0000009221222417,1.470529690946023,3624.2281634813025,3623.281349904678,-0.9468135766247254,1.470529690946023,bayes_h1_marginal_boundary,measured_graph,0.029613683022624165,4.500303327157233,47,h1_z
7.943282347242822e-05,1.0000009217492738,1.2111827965482007,3624.225227802596,3623.411023351877,-0.8142044507191568,1.2111827965482007,bayes_h1_marginal_boundary,measured_graph,0.033713891597440836,4.500420883472522,47,h1_z
0.0001,1.0000009195050954,0.9735579015923577,3624.2214311241682,3623.5298357993547,-0.6915953248135883,0.9735579015923577,bayes_h1_marginal_boundary,measured_graph,0.037967191813403245,4.500569089690582,47,h1_z
0.00012589254117941674,1.0000009160171264,0.7582168538965561,3624.2164925221105,3623.6375063232026,-0.5789861989080206,0.7582168538965561,bayes_h1_marginal_boundary,measured_graph,0.04228333079397377,4.500755942870428,47,h1_z
0.00015848931924611142,1.0000009115341042,0.565932538758716,3624.210025553774,3623.7336484807715,-0.47637707300245236,0.565932538758716,bayes_h1_marginal_boundary,measured_graph,0.04655037664535783,4.5009914917467295,47,h1_z
0.00019952623149688788,1.0000009061725474,0.3977792902596775,3624.2014930521177,3623.817725105021,-0.38376794709688455,0.3977792902596775,bayes_h1_marginal_boundary,measured_graph,0.05063341425590513,4.501288299277353,47,h1_z
0.0002511886431509582,1.0000009000860663,0.25526460183118616,3624.1901412704265,3623.8889824492353,-0.30115882119131615,0.25526460183118616,bayes_h1_marginal_boundary,measured_graph,0.05437307374239099,4.501661932506513,47,h1_z
0.00031622776601683794,1.0000008936325795,0.14051968520288938,3624.1749046028353,3623.9463549075494,-0.22854969528574837,0.14051968520288938,bayes_h1_marginal_boundary,measured_graph,0.05758381402307138,4.502131386381421,47,h1_z
0.00039810717055349735,1.0000008876066038,0.05657071670611913,3624.154269961178,3623.988329391798,-0.16594056938017995,0.05657071670611913,bayes_h1_marginal_boundary,measured_graph,0.0600523094107123,4.5027192350873415,47,h1_z
0.0005011872336272725,1.0000008836023884,0.007713134298683144,3624.126089626476,3624.0127581830016,-0.11333144347461188,0.007713134298683144,bayes_h1_marginal_boundary,measured_graph,0.06153738012728169,4.503451111499366,47,h1_z
0.000630957344480193,1.0000008845620068,-0.0,3624.08733706772,3624.016614750151,-0.07072231756904392,-0.0,bayes_h1_marginal_boundary,measured_graph,0.06177516138091069,4.504353849918546,47,h1_z
0.0007943282347242822,1.000000895484252,0.04181641182549356,3624.0338197359015,3623.995706544238,-0.03811319166347554,0.04181641182549356,bayes_h1_marginal_boundary,measured_graph,0.060496962572116945,4.505451444460295,47,h1_z
0.001,1.0000009239971464,0.14442206672902103,3623.959907782544,3623.9444037167864,-0.015504065757907535,0.14442206672902103,bayes_h1_marginal_boundary,measured_graph,0.05747156656076515,4.506758430649523,47,h1_z
0.0012589254117941675,1.0000009798248815,0.32218917439149664,3623.8584151028076,3623.855520162955,-0.0028949398523394052,0.32218917439149664,bayes_h1_marginal_boundary,measured_graph,0.05258373109203414,4.508272597688929,47,h1_z
0.001584893192461114,1.000000005734297,0.5920818417989722,3623.7208596431983,3623.7205738292514,-0.0002858139467712683,0.5920818417989722,bayes_h1_marginal_boundary,measured_graph,0.045945708220862136,4.509976626656427,47,h1_z
0.0019952623149688807,1.0000000067458676,0.9719839784038413,3623.53829944899,3623.530622760949,-0.007676688041203171,0.9719839784038413,bayes_h1_marginal_boundary,measured_graph,0.037997082294990124,4.511847151538746,47,h1_z
0.002511886431509582,1.0000000079081628,1.4777513314284079,3623.302806646572,3623.2777390844367,-0.025067562135635053,1.4777513314284079,bayes_h1_marginal_boundary,measured_graph,0.029506946156338237,4.513913018783684,47,h1_z
0.0031622776601683794,1.0000000088200673,2.1200401262840387,3623.009053123239,3622.956594687009,-0.05245843623006681,2.1200401262840387,bayes_h1_marginal_boundary,measured_graph,0.021401934200140648,4.516296404761964,47,h1_z
0.003981071705534973,1.0000000090258456,2.902183844224055,3622.6553721383634,3622.565522828039,-0.08984931032449865,2.902183844224055,bayes_h1_marginal_boundary,measured_graph,0.014474803411996726,4.519223692594581,47,h1_z
0.005011872336272725,1.0000000083273761,3.8198234795272583,3622.243943194806,3622.1067030103873,-0.13724018441893068,3.8198234795272583,bayes_h1_marginal_boundary,measured_graph,0.009148497192175205,4.52296736357535,47,h1_z
0.006309573444801936,1.0000000068905417,4.861424809003438,3621.7805334041627,3621.585902345649,-0.19463105851336257,4.861424809003438,bayes_h1_marginal_boundary,measured_graph,0.005434616515553176,4.527747616127286,47,h1_z
0.00794328234724282,1.0000009589826067,6.00821614520828,3621.2745286101544,3621.0125066775468,-0.26202193260779433,6.00821614520828,bayes_h1_marginal_boundary,measured_graph,0.003062995294668578,4.5336316291266625,47,h1_z
0.01,1.0000007172802006,7.233308500813109,3620.7393733064464,3620.3999604997443,-0.3394128067022262,7.233308500813109,bayes_h1_marginal_boundary,measured_graph,0.0016600489898039921,4.540471936262156,47,h1_z
0.012589254117941675,1.000000500833495,8.502546687157519,3620.1921450873688,3619.765341406572,-0.42680368079665804,8.502546687157519,bayes_h1_marginal_boundary,measured_graph,0.0008800540267950806,4.54789641417995,47,h1_z
0.01584893192461114,1.0000003341178647,9.780611631116699,3619.6505034894835,3619.1263089345925,-0.5241945548910899,9.780611631116699,bayes_h1_marginal_boundary,measured_graph,0.00046449501568141243,4.555461541748953,47,h1_z
0.01995262314968881,1.0000002211319166,11.043006567416342,3619.1266968954283,3618.4951114664427,-0.6315854289855218,11.043006567416342,bayes_h1_marginal_boundary,measured_graph,0.0002470901771175197,4.56290876871159,47,h1_z
0.025118864315095822,1.0000001515084125,12.28783005243804,3618.6216760270117,3617.872699723932,-0.7489763030799538,12.28783005243804,bayes_h1_marginal_boundary,measured_graph,0.00013260060191002792,4.570378878366179,47,h1_z
0.03162277660168379,1.0000001109983423,13.539446188970942,3618.12325883284,3617.2468916556654,-0.8763671771743852,13.539446188970942,bayes_h1_marginal_boundary,measured_graph,7.09186573240875e-05,4.5784245824374965,47,h1_z
0.039810717055349734,1.000000087785491,14.842431302664409,3617.6091571500874,3616.5953990988187,-1.0137580512688171,14.842431302664409,bayes_h1_marginal_boundary,measured_graph,3.696756815534507e-05,4.58783956666441,47,h1_z
0.05011872336272725,1.000000073757316,16.250578278283683,3617.0524745363723,3615.891325611009,-1.1611489253632492,16.250578278283683,bayes_h1_marginal_boundary,measured_graph,1.828292390198993e-05,4.59943946402124,47,h1_z
0.06309573444801936,1.0000000637667132,17.81476800339351,3616.4277705479117,3615.109230748454,-1.3185397994576809,17.81476800339351,bayes_h1_marginal_boundary,measured_graph,8.363463550149191e-06,4.613866425350946,47,h1_z
0.07943282347242822,1.000000055009938,19.56934593038295,3615.7178724585115,3614.2319417849594,-1.4859306735521132,19.56934593038295,bayes_h1_marginal_boundary,measured_graph,3.4784391674064847e-06,4.631389430540868,47,h1_z
0.1,1.0000000467272598,21.518122317197594,3614.9208751391984,3613.257553591552,-1.663321547646544,21.518122317197594,bayes_h1_marginal_boundary,measured_graph,1.3128436170069816e-06,4.651708372939648,47,h1_z
1e-05,1.0000076711934907,4.4788958287390415,2224.075776009341,2221.708089425472,-2.3676865838692702,4.4788958287390415,bayes_h1_marginal_boundary,measured_graph,0.006654210269341646,0.8943025414575403,48,h1_z
1.2589254117941661e-05,1.000007680340268,4.053830733587347,2224.0756994310113,2221.9206219730477,-2.155077457963703,4.053830733587347,bayes_h1_marginal_boundary,measured_graph,0.008229969634861646,0.894302121699572,48,h1_z
1.584893192461114e-05,1.000007693615402,3.648809559636902,2224.075600892081,2222.123132560023,-1.952468332058134,3.648809559636902,bayes_h1_marginal_boundary,measured_graph,0.010077376008018814,0.8943016120512832,48,h1_z
1.9952623149688786e-05,1.0000077128482654,3.26384616976884,2224.0754734611096,2222.315614254957,-1.7598592061525666,3.26384616976884,bayes_h1_marginal_boundary,measured_graph,0.012216342530543696,0.8943010003638654,48,h1_z
2.5118864315095822e-05,1.0000077404492402,2.8989594680761,2224.07530768605,2222.4980576058033,-1.5772500802469966,2.8989594680761,bayes_h1_marginal_boundary,measured_graph,0.014661396598820639,0.8943002780153934,48,h1_z
3.1622776601683795e-05,1.0000077792612332,2.554175548555577,2224.075090519905,2222.6704495655636,-1.404640954341429,2.554175548555577,bayes_h1_marginal_boundary,measured_graph,0.017419842283630572,0.8942994449054239,48,h1_z
3.9810717055349695e-05,1.0000078319556924,2.229530889581838,2224.074803723486,2222.8327718950504,-1.2420318284358616,2.229530889581838,bayes_h1_marginal_boundary,measured_graph,0.02048990338715018,0.8942985182441135,48,h1_z
5.011872336272725e-05,1.0000078997374493,1.9250771531624196,2224.0744214657902,2222.98499876326,-1.089422702530293,1.9250771531624196,bayes_h1_marginal_boundary,measured_graph,0.02385894299338462,0.8942975475213302,48,h1_z
6.309573444801929e-05,1.0000079805598436,1.6408884681386553,2224.0739066823967,2223.127093105772,-0.9468135766247254,1.6408884681386553,bayes_h1_marginal_boundary,measured_graph,0.027501855024648726,0.89429663918516,48,h1_z
7.943282347242822e-05,1.0000080680688983,1.377072585820315,2224.07320549765,2223.259001046931,-0.8142044507191568,1.377072585820315,bayes_h1_marginal_boundary,measured_graph,0.03137970665151523,0.8942959962237458,48,h1_z
0.0001,1.0000081531262965,1.133788079065198,2224.0722386251223,2223.3806433003087,-0.6915953248135883,1.133788079065198,bayes_h1_marginal_boundary,measured_graph,0.035438671968973816,0.8942959809571597,48,h1_z
0.00012589254117941674,1.0000082280427758,0.9112709387409268,2224.0708880693787,2223.491901870471,-0.5789861989080206,0.9112709387409268,bayes_h1_marginal_boundary,measured_graph,0.03960923200536552,0.8942972155752209,48,h1_z
0.00015848931924611142,1.000008290357693,0.7098757525945985,2224.0689765365464,2223.592599463544,-0.47637707300245236,0.7098757525945985,bayes_h1_marginal_boundary,measured_graph,0.04380551907011546,0.8943007449790891,48,h1_z
0.00019952623149688788,1.0000083429796334,0.5301395586675426,2224.0662355076042,2223.6824675605076,-0.38376794709688455,0.5301395586675426,bayes_h1_marginal_boundary,measured_graph,0.04792455064020367,0.8943082994560483,48,h1_z
0.0002511886431509582,1.000008391492791,0.37288095081657957,2224.062255685624,2223.761096864433,-0.30115882119131615,0.37288095081657957,bayes_h1_marginal_boundary,measured_graph,0.051844933560160664,0.8943227123847914,48,h1_z
0.00031622776601683794,1.0000084416253772,0.23935361398798705,2224.0564102281332,2223.8278605328474,-0.22854969528574837,0.23935361398798705,bayes_h1_marginal_boundary,measured_graph,0.05542445292537341,0.8943485760203659,48,h1_z
0.00039810717055349735,1.0000084982957593,0.13148277242089534,2224.0477365230113,2223.881795953631,-0.16594056938017995,0.13148277242089534,bayes_h1_marginal_boundary,measured_graph,0.05849587890559477,0.894393259823127,48,h1_z
0.0005011872336272725,1.00000856581336,0.052225214491045335,2224.0347561760705,2223.921424732596,-0.11333144347461188,0.052225214491045335,bayes_h1_marginal_boundary,measured_graph,0.06086054410265495,0.8944684692800599,48,h1_z
0.000630957344480193,1.0000086485172424,0.00610689519544394,2224.0152062098127,2223.9444838922436,-0.07072231756904392,0.00610689519544394,bayes_h1_marginal_boundary,measured_graph,0.06228024272712518,0.8945925813747992,48,h1_z
0.0007943282347242822,1.0000087515795353,-0.0,2223.9856505315047,2223.9475373398413,-0.03811319166347554,-0.0,bayes_h1_marginal_boundary,measured_graph,0.06247070281663705,0.8947940363978278,48,h1_z
0.001,1.0000088820354618,0.04418695469121303,2223.9409479282535,2223.9254438624957,-0.015504065757907535,0.04418695469121303,bayes_h1_marginal_boundary,measured_graph,0.061105642746896456,0.8951160603916044,48,h1_z
0.0012589254117941675,1.0000090500702756,0.15368997117820982,2223.8735872941047,2223.8706923542522,-0.0028949398523394052,0.15368997117820982,bayes_h1_marginal_boundary,measured_graph,0.05784995676754367,0.8956229220548125,48,h1_z
0.001584893192461114,1.0000092699151677,0.34968253929491766,2223.772981884141,2223.772696070194,-0.0002858139467712683,0.34968253929491766,bayes_h1_marginal_boundary,measured_graph,0.05244979478551984,0.8964079159307318,48,h1_z
0.0019952623149688807,1.000009558118074,0.6605572683820355,2223.6249353936914,2223.6172587056503,-0.007676688041203171,0.6605572683820355,bayes_h1_marginal_boundary,measured_graph,0.0448991587152069,0.8976037285601951,48,h1_z
0.002511886431509582,1.0000099259266466,1.1221028379995914,2223.411553482977,2223.3864859208416,-0.025067562135635053,1.1221028379995914,bayes_h1_marginal_boundary,measured_graph,0.03564633273226572,0.8993970897154564,48,h1_z
0.0031622776601683794,1.0000103678291288,1.7766810873563372,2223.1116552323933,2223.059196796163,-0.05245843623006681,1.7766810873563372,bayes_h1_marginal_boundary,measured_graph,0.02569656044784843,0.9020498286837416,48,h1_z
0.003981071705534973,1.000010864220486,2.6724563030038553,2222.701158498664,2222.6113091883394,-0.08984931032449865,2.6724563030038553,bayes_h1_marginal_boundary,measured_graph,0.016419498153068167,0.9059225063722544,48,h1_z
0.005011872336272725,1.0000114240783484,3.864469882118101,2222.152542583201,2222.0153023987823,-0.13724018441893068,3.864469882118101,bayes_h1_marginal_boundary,measured_graph,0.009047267250571712,0.9114845059346365,48,h1_z
0.006309573444801936,1.0000121618674862,5.4178044388427224,2221.4332661789335,2221.23863512042,-0.19463105851336257,5.4178044388427224,bayes_h1_marginal_boundary,measured_graph,0.004161166620122013,0.9192922827649861,48,h1_z
0.00794328234724282,1.0000133654724073,7.409812938100913,2220.5046528033986,2220.242630870791,-0.26202193260779433,7.409812938100913,bayes_h1_marginal_boundary,measured_graph,0.0015369366128168101,0.9299385580126378,48,h1_z
0.01,1.0000155436957743,9.926804342058858,2219.323547975514,2218.984135168812,-0.3394128067022262,9.926804342058858,bayes_h1_marginal_boundary,measured_graph,0.0004366145633613583,0.9439987146341782,48,h1_z
0.012589254117941675,1.0000194987054212,13.052353415277139,2217.8481643129994,2217.421360632203,-0.42680368079665804,13.052353415277139,bayes_h1_marginal_boundary,measured_graph,9.149426230372372e-05,0.9620012152607004,48,h1_z
0.01584893192461114,1.0000032568369992,16.84728627201457,2216.048088758725,2215.523894203834,-0.5241945548910899,16.84728627201457,bayes_h1_marginal_boundary,measured_graph,1.3719385530436453e-05,0.9844327939577011,48,h1_z
0.01995262314968881,1.000005089104801,21.32608932752828,2213.9160781050628,2213.284492676077,-0.6315854289855218,21.32608932752828,bayes_h1_marginal_boundary,measured_graph,1.4614196219865558e-06,1.0116409680447407,48,h1_z
0.025118864315095822,1.0000082400575279,26.428025313866783,2211.482500985988,2210.733524682908,-0.7489763030799538,26.428025313866783,bayes_h1_marginal_boundary,measured_graph,1.1399967447859434e-07,1.0437034986397264,48,h1_z
0.03162277660168379,1.0000133161171856,32.00084778009932,2208.823480626966,2207.9471134497917,-0.8763671771743852,32.00084778009932,bayes_h1_marginal_boundary,measured_graph,7.0271720765645556e-09,1.0800836080512124,48,h1_z
0.039810717055349734,1.0000209334244252,37.814805436018105,2206.053892673101,2205.0401346218323,-1.0137580512688171,37.814805436018105,bayes_h1_marginal_boundary,measured_graph,3.839686124540184e-10,1.1195312103599753,48,h1_z
0.05011872336272725,1.0000317761271695,43.62405019927701,2203.296661165566,2202.135512240203,-1.1611489253632492,43.62405019927701,bayes_h1_marginal_boundary,measured_graph,2.10297568841304e-11,1.1605881129937614,48,h1_z
0.06309573444801936,1.0000089963260281,49.24750071412382,2200.642326782237,2199.3237869827794,-1.3185397994576809,49.24750071412382,bayes_h1_marginal_boundary,measured_graph,1.2639138942834796e-12,1.2027046893386786,48,h1_z
0.07943282347242822,1.0000131964769483,54.607616182186575,2198.1296599223,2196.643729248748,-1.4859306735521132,54.607616182186575,bayes_h1_marginal_boundary,measured_graph,8.665292020465838e-14,1.2470239757961734,48,h1_z
0.1,1.0000166206209529,59.67442394878526,2195.773646913095,2194.1103253654487,-1.663321547646544,59.67442394878526,bayes_h1_marginal_boundary,measured_graph,6.879230731725024e-15,1.296070912493585,48,h1_z
1e-05,1.0000000371108317,3.7538513509589393,8086.034134142299,8083.66644755843,-2.3676865838692702,3.7538513509589393,bayes_h1_marginal_boundary,measured_graph,0.00946978558908735,0.2182449644223299,49,h1_z
1.2589254117941661e-05,1.0000000386390522,3.3327180218402646,8086.032091680953,8083.87701422299,-2.155077457963703,3.3327180218402646,bayes_h1_marginal_boundary,measured_graph,0.011689288742994283,0.21824747906454528,49,h1_z
1.584893192461114e-05,1.000000040908614,2.9326580603501498,8086.0295125357925,8084.077044203735,-1.952468332058134,2.9326580603501498,bayes_h1_marginal_boundary,measured_graph,0.014277757563016647,0.21825059691022622,49,h1_z
1.9952623149688786e-05,1.0000000441471069,2.5539581506291142,8086.026253364747,8084.266394158595,-1.7598592061525666,2.5539581506291142,bayes_h1_marginal_boundary,measured_graph,0.017254152964019408,0.21825444563608307,49,h1_z
2.5118864315095822e-05,1.000000048512017,2.196983924941378,8086.022131351686,8084.444881271439,-1.5772500802469966,2.196983924941378,bayes_h1_marginal_boundary,measured_graph,0.020625743475800453,0.21825916885592953,49,h1_z
3.1622776601683795e-05,1.0000000539496376,1.8622027659039304,8086.016912805299,8084.612271850958,-1.404640954341429,1.8622027659039304,bayes_h1_marginal_boundary,measured_graph,0.024384082391165622,0.21826491984204716,49,h1_z
3.9810717055349695e-05,1.0000000600624528,1.550213504158819,8086.010298310266,8084.76826648183,-1.2420318284358616,1.550213504158819,bayes_h1_marginal_boundary,measured_graph,0.028500601413324618,0.21827184723018186,49,h1_z
5.011872336272725e-05,1.0000000661404598,1.2617849913713144,8086.001903440754,8084.912480738224,-1.089422702530293,1.2617849913713144,bayes_h1_marginal_boundary,measured_graph,0.0329219446371844,0.21828006674828263,49,h1_z
6.309573444801929e-05,1.0000000714620911,0.9979057722903235,8085.991233924389,8085.044420347765,-0.9468135766247254,0.9979057722903235,bayes_h1_marginal_boundary,measured_graph,0.03756523626156549,0.21828960932759806,49,h1_z
7.943282347242822e-05,1.0000000756978278,0.7598468653304735,8085.977654251964,8085.1634498012445,-0.8142044507191568,0.7598468653304735,bayes_h1_marginal_boundary,measured_graph,0.042313598362788626,0.21830033056980438,49,h1_z
0.0001,1.0000000790840085,0.5492383421460545,8085.96034938765,8085.268754062837,-0.6915953248135883,0.5492383421460545,bayes_h1_marginal_boundary,measured_graph,0.047012464575333,0.2183117595284466,49,h1_z
0.00012589254117941674,1.0000000822912878,0.3681567031744635,8085.93828108123,8085.3592948823225,-0.5789861989080206,0.3681567031744635,bayes_h1_marginal_boundary,measured_graph,0.051467656938271454,0.21832285818950442,49,h1_z
0.00015848931924611142,1.0000000862271945,0.21921190038301575,8085.910144356721,8085.433767283718,-0.47637707300245236,0.21921190038301575,bayes_h1_marginal_boundary,measured_graph,0.055446910265996185,0.2183316647428455,49,h1_z
0.00019952623149688788,1.000000091967302,0.10560796422760177,8085.874337198893,8085.490569251796,-0.38376794709688455,0.10560796422760177,bayes_h1_marginal_boundary,measured_graph,0.0586875705583217,0.2183348246961678,49,h1_z
0.0002511886431509582,1.000000100772182,0.03113036586182716,8085.82896687217,8085.527808050979,-0.30115882119131615,0.03113036586182716,bayes_h1_marginal_boundary,measured_graph,0.0609142269092493,0.2183271175250852,49,h1_z
0.00031622776601683794,1.0000001139574752,-0.0,8085.771922929195,8085.54337323391,-0.22854969528574837,-0.0,bayes_h1_marginal_boundary,measured_graph,0.061869785423480594,0.21830132081965345,49,h1_z
0.00039810717055349735,1.0000001322158556,0.01657035194330092,8085.701028627318,8085.535088057938,-0.16594056938017995,0.01657035194330092,bayes_h1_marginal_boundary,measured_graph,0.061359301010657966,0.21824910016058602,49,h1_z
0.0005011872336272725,1.0000001540381513,0.08499339223271818,8085.614207981268,8085.500876537793,-0.11333144347461188,0.08499339223271818,bayes_h1_marginal_boundary,measured_graph,0.059295608359157474,0.2181637127813486,49,h1_z
0.000630957344480193,1.0000001740696642,0.20918610021362838,8085.509502501372,8085.438780183803,-0.07072231756904392,0.20918610021362838,bayes_h1_marginal_boundary,measured_graph,0.055725557920073915,0.21804426168900215,49,h1_z
0.0007943282347242822,1.0000001844744368,0.3932372977342311,8085.384867776706,8085.346754585043,-0.03811319166347554,0.3932372977342311,bayes_h1_marginal_boundary,measured_graph,0.0508262672340874,0.21789860604784733,49,h1_z
0.001,1.0000001805627687,0.6412630883005477,8085.238245755518,8085.2227416897595,-0.015504065757907535,0.6412630883005477,bayes_h1_marginal_boundary,measured_graph,0.04489832088161815,0.2177405795587365,49,h1_z
0.0012589254117941675,1.0000001644402654,0.9548945001824904,8085.0688209236705,8085.0659259838185,-0.0028949398523394052,0.9548945001824904,bayes_h1_marginal_boundary,measured_graph,0.03838184998677865,0.2175814824024478,49,h1_z
0.001584893192461114,1.000000141700132,1.3291592745590606,8084.879079410577,8084.87879359663,-0.0002858139467712683,1.3291592745590606,bayes_h1_marginal_boundary,measured_graph,0.0318313707177927,0.2174227210104752,49,h1_z
0.0019952623149688807,1.0000001166990145,1.752562604171544,8084.674768619865,8084.667091931824,-0.007676688041203171,1.752562604171544,bayes_h1_marginal_boundary,measured_graph,0.025758138598942822,0.21725604838227242,49,h1_z
0.002511886431509582,1.0000000917693628,2.218675235433693,8084.459103178328,8084.434035616193,-0.025067562135635053,2.218675235433693,bayes_h1_marginal_boundary,measured_graph,0.02040325248409295,0.2170714624289611,49,h1_z
0.0031622776601683794,1.0000000687138155,2.75253291226727,8084.219565214006,8084.167106777776,-0.05245843623006681,2.75253291226727,bayes_h1_marginal_boundary,measured_graph,0.015623332738914598,0.21687035850760347,49,h1_z
0.003981071705534973,1.0000000495413588,3.446681926758174,8083.909881580855,8083.820032270531,-0.08984931032449865,3.446681926758174,bayes_h1_marginal_boundary,measured_graph,0.011041832097865035,0.21668230356906076,49,h1_z
0.005011872336272725,1.0000000357348113,4.486394280087552,8083.437416278285,8083.300176093866,-0.13724018441893068,4.486394280087552,bayes_h1_marginal_boundary,measured_graph,0.006565540279417362,0.21657972034702053,49,h1_z
0.006309573444801936,1.000002214506411,6.128854969818349,8082.673576807514,8082.478945749001,-0.19463105851336257,6.128854969818349,bayes_h1_marginal_boundary,measured_graph,0.0028881162022119746,0.21667551766863333,49,h1_z
0.00794328234724282,1.0000019418730455,8.615381892999721,8081.497704220018,8081.23568228741,-0.26202193260779433,8.615381892999721,bayes_h1_marginal_boundary,measured_graph,0.0008330521738138896,0.2170906186112695,49,h1_z
0.01,1.0000018348963637,12.057525722959326,8079.854023179132,8079.51461037243,-0.3394128067022262,12.057525722959326,bayes_h1_marginal_boundary,measured_graph,0.00014901163033751916,0.21789669099644118,49,h1_z
0.012589254117941675,1.0000018025568898,16.382135721460145,8077.779109053977,8077.35230537318,-0.42680368079665804,16.382135721460145,bayes_h1_marginal_boundary,measured_graph,1.7145219006321747e-05,0.21907902334316598,49,h1_z
0.01584893192461114,1.0000017913419872,21.390376963467133,8075.372379307068,8074.848184752176,-0.5241945548910899,21.390376963467133,bayes_h1_marginal_boundary,measured_graph,1.401577991411247e-06,0.22055207245961408,49,h1_z
0.01995262314968881,1.000001812670041,26.884936382442902,8072.732490471673,8072.100905042688,-0.6315854289855218,26.884936382442902,bayes_h1_marginal_boundary,measured_graph,8.984395283726318e-08,0.22221996306328176,49,h1_z
0.025118864315095822,1.000001929646352,32.76270717938678,8069.910995947296,8069.162019644216,-0.7489763030799538,32.76270717938678,bayes_h1_marginal_boundary,measured_graph,4.754962975939635e-09,0.22403133442658546,49,h1_z
0.03162277660168379,1.0000022403580964,39.01258927496383,8066.913445773602,8066.037078596428,-0.8763671771743852,39.01258927496383,bayes_h1_marginal_boundary,measured_graph,2.089308092258206e-10,0.22598960186222,49,h1_z
0.039810717055349734,1.0000028980953604,45.65041645357269,8063.731923058393,8062.718165007123,-1.0137580512688171,45.65041645357269,bayes_h1_marginal_boundary,measured_graph,7.56165099184344e-12,0.22812727530158008,49,h1_z
0.05011872336272725,1.0000000707214365,52.665936930367025,8060.371553694089,8059.210404768726,-1.1611489253632492,52.665936930367025,bayes_h1_marginal_boundary,measured_graph,2.265769431512117e-13,0.2304810462621824,49,h1_z
0.06309573444801936,1.0000001280843493,60.01546588738893,8056.854180089673,8055.535640290215,-1.3185397994576809,60.01546588738893,bayes_h1_marginal_boundary,measured_graph,5.744943712412535e-15,0.23308374775686155,49,h1_z
0.07943282347242822,1.0000002460108843,67.62670913193324,8053.215949341496,8051.730018667943,-1.4859306735521132,67.62670913193324,bayes_h1_marginal_boundary,measured_graph,1.277983677940531e-16,0.23596623124596128,49,h1_z
0.1,1.0000004792420094,75.38208692526314,8049.515651318925,8047.852329771278,-1.663321547646544,75.38208692526314,bayes_h1_marginal_boundary,measured_graph,2.6452481346504137e-18,0.23914427668954855,49,h1_z
1e-05,1.0000000896194075,29.83205201410965,12456.923022581552,12454.555335997682,-2.3676865838692702,29.83205201410965,bayes_h1_marginal_boundary,measured_graph,1.0559762770722275e-07,0.3049069385177439,50,h1_z
1.2589254117941661e-05,1.0000001066416275,29.39818311662748,12456.927347904388,12454.772270446423,-2.155077457963703,29.39818311662748,bayes_h1_marginal_boundary,measured_graph,1.311799906864294e-07,0.30490285584970883,50,h1_z
1.584893192461114e-05,1.0000001298479484,28.98150905537841,12456.933075809106,12454.980607477048,-1.952468332058134,28.98150905537841,bayes_h1_marginal_boundary,measured_graph,1.615649752839294e-07,0.30489715329275474,50,h1_z
1.9952623149688786e-05,1.000000159314751,28.58097223459845,12456.94073509359,12455.180875887438,-1.7598592061525666,28.58097223459845,bayes_h1_marginal_boundary,measured_graph,1.9738888055055782e-07,0.3048890825224392,50,h1_z
2.5118864315095822e-05,1.0000001934138272,28.19504723996579,12456.951088465,12455.373838384754,-1.5772500802469966,28.19504723996579,bayes_h1_marginal_boundary,measured_graph,2.39400598518501e-07,0.3048775096089864,50,h1_z
3.1622776601683795e-05,1.0000002287817538,27.821506616164697,12456.965249650995,12455.560608696655,-1.404640954341429,27.821506616164697,bayes_h1_marginal_boundary,measured_graph,2.885616068517833e-07,0.30486070391819026,50,h1_z
3.9810717055349695e-05,1.0000002617294914,27.457060843804356,12456.984863411271,12455.742831582835,-1.2420318284358616,27.457060843804356,bayes_h1_marginal_boundary,measured_graph,3.462397628466918e-07,0.3048360094323435,50,h1_z
5.011872336272725e-05,1.0000002905099397,27.096803573240322,12457.012382920648,12455.922960218117,-1.089422702530293,27.096803573240322,bayes_h1_marginal_boundary,measured_graph,4.1457758175751666e-07,0.3047993355977526,50,h1_z
6.309573444801929e-05,1.000000316693736,26.73335732324631,12457.05149691974,12456.104683343114,-0.9468135766247254,26.73335732324631,bayes_h1_marginal_boundary,measured_graph,4.971954714838494e-07,0.3047443762162015,50,h1_z
7.943282347242822e-05,1.0000003449472727,26.355564797788247,12457.107784056561,12456.293579605843,-0.8142044507191568,26.355564797788247,bayes_h1_marginal_boundary,measured_graph,6.005701861977874e-07,0.3046614313580284,50,h1_z
0.0001,1.0000003824434305,25.94650824326527,12457.189703207918,12456.498107883104,-0.6915953248135883,25.94650824326527,bayes_h1_marginal_boundary,measured_graph,7.368672777795837e-07,0.30453568403430586,50,h1_z
0.00012589254117941674,1.0000004393551867,25.480580721425213,12457.310057842933,12456.731071644024,-0.5789861989080206,25.480580721425213,bayes_h1_marginal_boundary,measured_graph,9.301738949342849e-07,0.30434481788670054,50,h1_z
0.00015848931924611142,1.0000005307477202,24.919339270614728,12457.488069442432,12457.01169236943,-0.47637707300245236,24.919339270614728,bayes_h1_marginal_boundary,measured_graph,1.2315050002855688e-06,0.30405607556536574,50,h1_z
0.00019952623149688788,1.0000006785808642,24.206106934245327,12457.75207648471,12457.368308537614,-0.38376794709688455,24.206106934245327,bayes_h1_marginal_boundary,measured_graph,1.7591894568253052e-06,0.30362351453822145,50,h1_z
0.0002511886431509582,1.000000908246233,23.260145742195164,12458.142447954831,12457.84128913364,-0.30115882119131615,23.260145742195164,bayes_h1_marginal_boundary,measured_graph,2.8230948934365275e-06,0.30298776937568045,50,h1_z
0.00031622776601683794,1.000001223423213,21.973429223107814,12458.71319708847,12458.484647393183,-0.22854969528574837,21.973429223107814,bayes_h1_marginal_boundary,measured_graph,5.371955648864524e-06,0.3020834289472348,50,h1_z
0.00039810717055349735,1.000001539488265,20.217455931488075,12459.528574608374,12459.362634038993,-0.16594056938017995,20.217455931488075,bayes_h1_marginal_boundary,measured_graph,1.2925197082681356e-05,0.30086193307152803,50,h1_z
0.0005011872336272725,1.000001631593533,17.873293705142714,12460.64804659564,12460.534715152166,-0.11333144347461188,17.873293705142714,bayes_h1_marginal_boundary,measured_graph,4.1731647826043803e-05,0.29933429096455805,50,h1_z
0.000630957344480193,1.0000013076061713,14.897162150260556,12462.093503247175,12462.022780929607,-0.07072231756904392,14.897162150260556,bayes_h1_marginal_boundary,measured_graph,0.00018480949893841866,0.2976162263780153,50,h1_z
0.0007943282347242822,1.0000007408197586,11.408091967248765,12463.805429212776,12463.767316021112,-0.03811319166347554,11.408091967248765,bayes_h1_marginal_boundary,measured_graph,0.001057709130360074,0.2959250896768342,50,h1_z
0.001,1.000000303887153,7.733124577858689,12465.620303781565,12465.604799715808,-0.015504065757907535,7.733124577858689,bayes_h1_marginal_boundary,measured_graph,0.006643168718427211,0.29449365041791603,50,h1_z
0.0012589254117941675,1.0000001038018616,4.340886844729539,12467.303813522225,12467.300918582372,-0.0028949398523394052,4.340886844729539,bayes_h1_marginal_boundary,measured_graph,0.03622349468854703,0.2934641298785476,50,h1_z
0.001584893192461114,1.0000024466322441,1.6985392350979964,12468.622378201135,12468.622092387188,-0.0002858139467712683,1.6985392350979964,bayes_h1_marginal_boundary,measured_graph,0.13575906553206646,0.292867908679087,50,h1_z
0.0019952623149688807,1.0000013221458115,0.16950855180766666,12469.394284416874,12469.386607728833,-0.007676688041203171,0.16950855180766666,bayes_h1_marginal_boundary,measured_graph,0.2916041055172968,0.2926918978767837,50,h1_z
0.002511886431509582,1.0000008773490152,-0.0,12469.496429566872,12469.471362004737,-0.025067562135635053,-0.0,bayes_h1_marginal_boundary,measured_graph,0.31739636487808176,0.29293606520704907,50,h1_z
0.0031622776601683794,1.0000006835024189,1.3209206819228712,12468.863360100006,12468.810901663775,-0.05245843623006681,1.3209206819228712,bayes_h1_marginal_boundary,measured_graph,0.16397123469767227,0.2936154654188357,50,h1_z
0.003981071705534973,1.0000005859831542,4.0995232238055905,12467.511449703159,12467.421600392834,-0.08984931032449865,4.0995232238055905,bayes_h1_marginal_boundary,measured_graph,0.0408697321281763,0.29470794011441676,50,h1_z
0.005011872336272725,1.000000526332529,8.067415759316646,12465.574894309497,12465.437654125079,-0.13724018441893068,8.067415759316646,bayes_h1_marginal_boundary,measured_graph,0.005620628416619815,0.2960993810656823,50,h1_z
0.006309573444801936,1.0000004802588902,12.735398358756356,12463.298293883872,12463.103662825359,-0.19463105851336257,12.735398358756356,bayes_h1_marginal_boundary,measured_graph,0.0005446848959131699,0.2975833071699046,50,h1_z
0.00794328234724282,1.0000004368044109,17.55563379571322,12460.955567039488,12460.69354510688,-0.26202193260779433,17.55563379571322,bayes_h1_marginal_boundary,measured_graph,4.891527580471715e-05,0.29893339758293985,50,h1_z
0.01,1.0000003919439495,22.14461224072511,12458.738468691077,12458.399055884374,-0.3394128067022262,22.14461224072511,bayes_h1_marginal_boundary,measured_graph,4.931289490713629e-06,0.30000159392338427,50,h1_z
0.012589254117941675,1.000000346387549,26.418848715748027,12456.68874132766,12456.261937646863,-0.42680368079665804,26.418848715748027,bayes_h1_marginal_boundary,measured_graph,5.818644723912136e-07,0.3007750216269914,50,h1_z
0.01584893192461114,1.0000003035051654,30.577588688363903,12454.706762215446,12454.182567660555,-0.5241945548910899,30.577588688363903,bayes_h1_marginal_boundary,measured_graph,7.273826367619849e-08,0.3013659862407853,50,h1_z
0.01995262314968881,1.000000266931489,34.968357108333294,12452.618768879556,12451.98718345057,-0.6315854289855218,34.968357108333294,bayes_h1_marginal_boundary,measured_graph,8.096916895330967e-09,0.3019525499447288,50,h1_z
0.025118864315095822,1.0000002390373859,39.91335527726187,12450.263660669187,12449.514684366106,-0.7489763030799538,39.91335527726187,bayes_h1_marginal_boundary,measured_graph,6.831671464246172e-10,0.3027034386125418,50,h1_z
0.03162277660168379,1.0000002209407346,45.57537328892067,12447.56004253745,12446.683675360277,-0.8763671771743852,45.57537328892067,bayes_h1_marginal_boundary,measured_graph,4.0274984640716236e-11,0.303720734419425,50,h1_z
0.039810717055349734,1.0000002133331305,51.9167577591943,12444.526741176409,12443.51298312514,-1.0137580512688171,51.9167577591943,bayes_h1_marginal_boundary,measured_graph,1.6905236154358276e-12,0.30502273541756464,50,h1_z
0.05011872336272725,1.0000002170089224,58.75374284136342,12441.255639509418,12440.094490584055,-1.1611489253632492,58.75374284136342,bayes_h1_marginal_boundary,measured_graph,5.538457085069055e-14,0.3065669877103301,50,h1_z
0.06309573444801936,1.0000002327071815,65.85643771867763,12437.861682944857,12436.543143145398,-1.3185397994576809,65.85643771867763,bayes_h1_marginal_boundary,measured_graph,1.5887596410168189e-15,0.3082912580077594,50,h1_z
0.07943282347242822,1.0000002603948202,73.03613813302218,12434.439223611778,12432.953292938226,-1.4859306735521132,73.03613813302218,bayes_h1_marginal_boundary,measured_graph,4.3853682010972105e-17,0.310146993031789,50,h1_z
0.1,1.0000002982250205,80.1975036504009,12431.035931727183,12429.372610179536,-1.663321547646544,80.1975036504009,bayes_h1_marginal_boundary,measured_graph,1.2216176522531517e-18,0.3121163824266651,50,h1_z
1e-05,1.000000012982931,3.648863107784564,11043.481731660962,11041.114045077093,-2.3676865838692702,3.648863107784564,bayes_h1_marginal_boundary,measured_graph,0.012320017532350076,0.1791007266680799,51,h1_z
1.2589254117941661e-05,1.000000013379291,3.2234052448875445,11043.481851466506,11041.326774008541,-2.155077457963703,3.2234052448875445,bayes_h1_marginal_boundary,measured_graph,0.015240468825802005,0.1791004063417215,51,h1_z
1.584893192461114e-05,1.000000013887951,2.818092544810497,11043.481898690638,11041.52943035858,-1.952468332058134,2.818092544810497,bayes_h1_marginal_boundary,measured_graph,0.018664263685970534,0.17909999129995807,51,h1_z
1.9952623149688786e-05,1.0000000144851107,2.4330826909026655,11043.481794491687,11041.721935285534,-1.7598592061525666,2.4330826909026655,bayes_h1_marginal_boundary,measured_graph,0.022626359804259585,0.17909944987816154,51,h1_z
2.5118864315095822e-05,1.0000000151142043,2.068643106111267,11043.481405158176,11041.90415507793,-1.5772500802469966,2.068643106111267,bayes_h1_marginal_boundary,measured_graph,0.027148868836229554,0.17909873783650043,51,h1_z
3.1622776601683795e-05,1.0000000157054474,1.7252179935021559,11043.480508588575,11042.075867634234,-1.404640954341429,1.7252179935021559,bayes_h1_marginal_boundary,measured_graph,0.032234842679508324,0.17909779243142027,51,h1_z
3.9810717055349695e-05,1.0000000162126819,1.4035331310187757,11043.478741893912,11042.236710065476,-1.2420318284358616,1.4035331310187757,bayes_h1_marginal_boundary,measured_graph,0.037859819172986524,0.179096523420052,51,h1_z
5.011872336272725e-05,1.0000000166374652,1.1047572416864568,11043.475520712673,11042.386098010142,-1.089422702530293,1.1047572416864568,bayes_h1_marginal_boundary,measured_graph,0.04395992019941222,0.17909479955144056,51,h1_z
6.309573444801929e-05,1.0000000170218062,0.8307451329965261,11043.469917641112,11042.523104064487,-0.9468135766247254,0.8307451329965261,bayes_h1_marginal_boundary,measured_graph,0.050414779118936534,0.17909242887461124,51,h1_z
7.943282347242822e-05,1.0000000174239212,0.5843921094310645,11043.460485026988,11042.64628057627,-0.8142044507191568,0.5843921094310645,bayes_h1_marginal_boundary,measured_graph,0.057023352696486666,0.17908913187750766,51,h1_z
0.0001,1.0000000178975827,0.3701237469940679,11043.445010082301,11042.753414757488,-0.6915953248135883,0.3701237469940679,bayes_h1_marginal_boundary,measured_graph,0.06347175866772806,0.17908450991620398,51,h1_z
0.00012589254117941674,1.0000000184758029,0.1945136098911462,11043.420206024948,11042.84121982604,-0.5789861989080206,0.1945136098911462,bayes_h1_marginal_boundary,measured_graph,0.06929689708820401,0.1790780212345453,51,h1_z
0.00015848931924611142,1.0000000191451692,0.06693640402227174,11043.381385501976,11042.905008428974,-0.47637707300245236,0.06693640402227174,bayes_h1_marginal_boundary,measured_graph,0.07386127953524083,0.17906899741843094,51,h1_z
0.00019952623149688788,1.0000000198026624,-0.0,11043.322244578081,11042.938476630985,-0.38376794709688455,-0.0,bayes_h1_marginal_boundary,measured_graph,0.07637511590566119,0.17905676077817978,51,h1_z
0.0002511886431509582,1.0000000202222494,0.009288449597079307,11043.234991227378,11042.933832406186,-0.30115882119131615,0.009288449597079307,bayes_h1_marginal_boundary,measured_graph,0.07602123508548704,0.17904090439925663,51,h1_z
0.00031622776601683794,1.000000020115165,0.11188073057201109,11043.111085960985,11042.882536265699,-0.22854969528574837,0.11188073057201109,bayes_h1_marginal_boundary,measured_graph,0.07221996778567598,0.17902169822371716,51,h1_z
0.00039810717055349735,1.0000000193378085,0.3235470892759622,11042.942643655728,11042.776703086347,-0.16594056938017995,0.3235470892759622,bayes_h1_marginal_boundary,measured_graph,0.06496725608550595,0.17900037567086827,51,h1_z
0.0005011872336272725,1.0000000180795354,0.6556137260158721,11042.72400121145,11042.610669767977,-0.11333144347461188,0.6556137260158721,bayes_h1_marginal_boundary,measured_graph,0.055028436124509084,0.17897899631911374,51,h1_z
0.000630957344480193,1.0000000167643333,1.11352817497027,11042.452434861068,11042.3817125435,-0.07072231756904392,1.11352817497027,bayes_h1_marginal_boundary,measured_graph,0.04376755754409904,0.17896000022732372,51,h1_z
0.0007943282347242822,1.0000000157599687,1.6988944549702865,11042.127142595164,11042.0890294035,-0.03811319166347554,1.6988944549702865,bayes_h1_marginal_boundary,measured_graph,0.032661914586934154,0.17894608178943355,51,h1_z
0.001,1.0000000152271573,2.4149826128632412,11041.74648939031,11041.730985324553,-0.015504065757907535,2.4149826128632412,bayes_h1_marginal_boundary,measured_graph,0.022832058630617064,0.17894081134399448,51,h1_z
0.0012589254117941675,1.0000000151722495,3.273920637297124,11041.30441125219,11041.301516312336,-0.0028949398523394052,3.273920637297124,bayes_h1_marginal_boundary,measured_graph,0.014860350360413267,0.1789497653351323,51,h1_z
0.001584893192461114,1.0000000155474535,4.3031275550492865,11040.787198667407,11040.78691285346,-0.0002858139467712683,4.3031275550492865,bayes_h1_marginal_boundary,measured_graph,0.008882589790442572,0.17898160548393133,51,h1_z
0.0019952623149688807,1.0000000162983662,5.54835043318235,11040.171978102435,11040.164301414394,-0.007676688041203171,5.54835043318235,bayes_h1_marginal_boundary,measured_graph,0.004765877705100096,0.1790484960380417,51,h1_z
0.002511886431509582,1.0000000173489927,7.069852209348028,11039.428618088446,11039.403550526311,-0.025067562135635053,7.069852209348028,bayes_h1_marginal_boundary,measured_graph,0.0022271680159561867,0.17916503106472065,51,h1_z
0.0031622776601683794,1.000000018545611,8.928221578535158,11038.526824277948,11038.474365841717,-0.05245843623006681,8.928221578535158,bayes_h1_marginal_boundary,measured_graph,0.0008794541446054168,0.17934481313446143,51,h1_z
0.003981071705534973,1.0000000196039565,11.161455263776588,11037.447598309422,11037.357748999097,-0.08984931032449865,11.161455263776588,bayes_h1_marginal_boundary,measured_graph,0.00028792055234627917,0.1795951742671879,51,h1_z
0.005011872336272725,1.000000020140785,13.76716442095858,11036.192134604924,11036.054894420506,-0.13724018441893068,13.76716442095858,bayes_h1_marginal_boundary,measured_graph,7.824383212108532e-05,0.17991367809418193,51,h1_z
0.006309573444801936,1.0000000198367598,16.7097684747896,11034.778223452104,11034.58359239359,-0.19463105851336257,16.7097684747896,bayes_h1_marginal_boundary,measured_graph,1.796684251479501e-05,0.18029149654492918,51,h1_z
0.00794328234724282,1.0000000186152036,19.952371424737066,11033.224312851224,11032.962290918616,-0.26202193260779433,19.952371424737066,bayes_h1_marginal_boundary,measured_graph,3.5509902267014706e-06,0.18072319717213112,51,h1_z
0.01,1.0000000166539558,23.484452492106357,11031.535663191635,11031.196250384932,-0.3394128067022262,23.484452492106357,bayes_h1_marginal_boundary,measured_graph,6.072504123871494e-07,0.18121458638352564,51,h1_z
0.012589254117941675,1.0000000142565753,27.32690378103871,11029.701828421263,11029.275024740466,-0.42680368079665804,27.32690378103871,bayes_h1_marginal_boundary,measured_graph,8.891808943435955e-08,0.1817830164062818,51,h1_z
0.01584893192461114,1.0000000117547283,31.531106363152503,11027.6971180043,11027.172923449409,-0.5241945548910899,31.531106363152503,bayes_h1_marginal_boundary,measured_graph,1.0865735561023486e-08,0.18245479447998197,51,h1_z
0.01995262314968881,1.0000000094740857,36.18766021326519,11025.476231953338,11024.844646524352,-0.6315854289855218,36.18766021326519,bayes_h1_marginal_boundary,measured_graph,1.0590130467373583e-09,0.18326536144161973,51,h1_z
0.025118864315095822,1.000000007677033,41.423352902278566,11022.975776482926,11022.226800179846,-0.7489763030799538,41.423352902278566,bayes_h1_marginal_boundary,measured_graph,7.726540558038476e-11,0.18425819469857077,51,h1_z
0.03162277660168379,1.0000000064806291,47.34525437849152,11020.142216618913,11019.26584944174,-0.8763671771743852,47.34525437849152,bayes_h1_marginal_boundary,measured_graph,4.000004886634057e-12,0.18547099289978625,51,h1_z
0.039810717055349734,1.0000000058313048,53.92931859525925,11016.987575384625,11015.973817333355,-1.0137580512688171,53.92931859525925,bayes_h1_marginal_boundary,measured_graph,1.4871307129106475e-13,0.18690517057767103,51,h1_z
0.05011872336272725,1.0000000055648448,60.9424116598675,11013.628419726414,11012.467270801051,-1.1611489253632492,60.9424116598675,bayes_h1_marginal_boundary,measured_graph,4.4614428428124544e-15,0.18850004079016652,51,h1_z
0.06309573444801936,1.000000005544372,68.03651918700052,11010.238756836943,11008.920217037485,-1.3185397994576809,68.03651918700052,bayes_h1_marginal_boundary,measured_graph,1.285314647831902e-16,0.19015390575905317,51,h1_z
0.07943282347242822,1.000000005805314,75.01645955529239,11006.916177526891,11005.430246853339,-1.4859306735521132,75.01645955529239,bayes_h1_marginal_boundary,measured_graph,3.920438666816011e-18,0.19180377861328193,51,h1_z
0.1,1.0000000064834402,82.04240433538871,11003.580596010937,11001.91727446329,-1.663321547646544,82.04240433538871,bayes_h1_marginal_boundary,measured_graph,1.1686114571848988e-19,0.1934980255177527,51,h1_z
1e-05,1.000000469687215,68.4965853759386,12602.269607303928,12599.901920720058,-2.3676865838692702,68.4965853759386,bayes_h1_marginal_boundary,measured_graph,3.5706747220169325e-16,0.09045201703256767,52,h1_z
1.2589254117941661e-05,1.0000000037467371,67.96225113002583,12602.324165300979,12600.169087843014,-2.155077457963703,67.96225113002583,bayes_h1_marginal_boundary,measured_graph,4.664225041590285e-16,0.09041961458743754,52,h1_z
1.584893192461114e-05,1.0000000113722187,67.37530163242263,12602.415030923874,12600.462562591816,-1.952468332058134,67.37530163242263,bayes_h1_marginal_boundary,measured_graph,6.255095724354346e-16,0.0903674007382802,52,h1_z
1.9952623149688786e-05,1.0000000369457074,66.69186422298662,12602.564140502687,12600.804281296534,-1.7598592061525666,66.69186422298662,bayes_h1_marginal_boundary,measured_graph,8.803198771297263e-16,0.0902840411129657,52,h1_z
2.5118864315095822e-05,1.0000001230242528,65.84348794674588,12602.805719514901,12601.228469434654,-1.5772500802469966,65.84348794674588,bayes_h1_marginal_boundary,measured_graph,1.3454360984952825e-15,0.09015224750350895,52,h1_z
3.1622776601683795e-05,1.0000004019290467,64.72513157863796,12603.19228857305,12601.787647618708,-1.404640954341429,64.72513157863796,bayes_h1_marginal_boundary,measured_graph,2.353483053671976e-15,0.08994646455791463,52,h1_z
3.9810717055349695e-05,1.0000012342653999,63.179851947541465,12603.802319262693,12602.560287434257,-1.2420318284358616,63.179851947541465,bayes_h1_marginal_boundary,measured_graph,5.096409116331241e-15,0.0896307707990263,52,h1_z
5.011872336272725e-05,1.0000033907561272,60.98333131047548,12604.74797045532,12603.65854775279,-1.089422702530293,60.98333131047548,bayes_h1_marginal_boundary,measured_graph,1.5283846944504267e-14,0.0891591135862629,52,h1_z
6.309573444801929e-05,1.0000002938802028,57.83878003507925,12606.177636967113,12605.230823390488,-0.9468135766247254,57.83878003507925,bayes_h1_marginal_boundary,measured_graph,7.363144329118692e-14,0.08848308670697541,52,h1_z
7.943282347242822e-05,1.000000656575441,53.40985610811913,12608.259489804686,12607.445285353968,-0.8142044507191568,53.40985610811913,bayes_h1_marginal_boundary,measured_graph,6.742049309909543e-13,0.08757323819887822,52,h1_z
0.0001,1.0000008965312916,47.431369213558355,12611.126124126062,12610.434528801248,-0.6915953248135883,47.431369213558355,bayes_h1_marginal_boundary,measured_graph,1.3396885906498157e-11,0.0864607028725292,52,h1_z
0.00012589254117941674,1.0000006399812462,39.92386753901155,12614.76726583743,12614.188279638522,-0.5789861989080206,39.92386753901155,bayes_h1_marginal_boundary,measured_graph,5.717907610998891e-10,0.08527051890313152,52,h1_z
0.00015848931924611142,1.0000046245449778,31.403413737978553,12618.92488361204,12618.448506539038,-0.47637707300245236,31.403413737978553,bayes_h1_marginal_boundary,measured_graph,4.0497682235398266e-08,0.08419066877990324,52,h1_z
0.00019952623149688788,1.0000010290287467,22.826426694933616,12623.120768007657,12622.73700006056,-0.38376794709688455,22.826426694933616,bayes_h1_marginal_boundary,measured_graph,2.950524603568266e-06,0.08336799385653916,52,h1_z
0.0002511886431509582,1.0000001398003107,15.190170418874914,12626.856287019782,12626.55512819859,-0.30115882119131615,15.190170418874914,bayes_h1_marginal_boundary,measured_graph,0.00013430470337039285,0.0828326917672999,52,h1_z
0.00031622776601683794,1.0000011624277962,9.120552016851434,12629.818487094888,12629.589937399602,-0.22854969528574837,9.120552016851434,bayes_h1_marginal_boundary,measured_graph,0.002793136188200146,0.0825268083302846,52,h1_z
0.00039810717055349735,1.0000001819941176,4.772119211291283,12631.930094371763,12631.764153802382,-0.16594056938017995,4.772119211291283,bayes_h1_marginal_boundary,measured_graph,0.024566444058580463,0.0823705764281621,52,h1_z
0.0005011872336272725,1.0000000306475296,1.982929263904225,12633.272080219549,12633.158748776075,-0.11333144347461188,1.982929263904225,bayes_h1_marginal_boundary,measured_graph,0.09908483702244889,0.08230204916906822,52,h1_z
0.000630957344480193,1.0000000066283288,0.4765476587199373,12633.982661896236,12633.911939578667,-0.07072231756904392,0.4765476587199373,bayes_h1_marginal_boundary,measured_graph,0.21043298163194257,0.08228564815473743,52,h1_z
0.0007943282347242822,1.0000000021320727,-0.0,12634.188326599691,12634.150213408027,-0.03811319166347554,-0.0,bayes_h1_marginal_boundary,measured_graph,0.26705137476585356,0.08230651577757346,52,h1_z
0.001,1.0000000010792875,0.38823830203546095,12633.971598322767,12633.95609425701,-0.015504065757907535,0.38823830203546095,bayes_h1_marginal_boundary,measured_graph,0.21993276889718794,0.08236380682079306,52,h1_z
0.0012589254117941675,1.000000000809828,1.5819956495979568,12633.362110523081,12633.359215583228,-0.0028949398523394052,1.5819956495979568,bayes_h1_marginal_boundary,measured_graph,0.12107900058459266,0.08246631027376276,52,h1_z
0.001584893192461114,1.000000000795373,3.6195165477292903,12632.34074094811,12632.340455134163,-0.0002858139467712683,3.6195165477292903,bayes_h1_marginal_boundary,measured_graph,0.04371462791029114,0.08262977493025746,52,h1_z
0.0019952623149688807,1.0000000009073573,6.606889322112693,12630.854445435012,12630.846768746971,-0.007676688041203171,6.606889322112693,bayes_h1_marginal_boundary,measured_graph,0.009815830049988978,0.08287402660709023,52,h1_z
0.002511886431509582,1.0000000010986827,10.663889253239176,12628.843336343543,12628.818268781408,-0.025067562135635053,10.663889253239176,bayes_h1_marginal_boundary,measured_graph,0.00129110240135288,0.08321818786852041,52,h1_z
0.0031622776601683794,1.000000001325368,15.854627365613851,12626.27535816145,12626.22289972522,-0.05245843623006681,15.854627365613851,bayes_h1_marginal_boundary,measured_graph,9.633990844981846e-05,0.08367429051050419,52,h1_z
0.003981071705534973,1.000000001533813,22.14413801890987,12623.167993708897,12623.078144398572,-0.08984931032449865,22.14413801890987,bayes_h1_marginal_boundary,measured_graph,4.150078809368082e-06,0.08424328613435766,52,h1_z
0.005011872336272725,1.0000000016889221,29.43406488727851,12619.570421148806,12619.433180964388,-0.13724018441893068,29.43406488727851,bayes_h1_marginal_boundary,measured_graph,1.0840987352854376e-07,0.08491910810725796,52,h1_z
0.006309573444801936,1.0000000018060566,37.67126577590534,12615.509211578588,12615.314580520075,-0.19463105851336257,37.67126577590534,bayes_h1_marginal_boundary,measured_graph,1.763532191331979e-09,0.08570051836321685,52,h1_z
0.00794328234724282,1.000000001944601,46.93328245716839,12610.94559411205,12610.683572179443,-0.26202193260779433,46.93328245716839,bayes_h1_marginal_boundary,measured_graph,1.718549412405228e-11,0.08660079111283717,52,h1_z
0.01,1.000000002173228,57.39430516580978,12605.792473631825,12605.453060825123,-0.3394128067022262,57.39430516580978,bayes_h1_marginal_boundary,measured_graph,9.195594353826635e-14,0.08764461552615326,52,h1_z
0.012589254117941675,1.0000000025399056,69.1781552191751,12599.987939479237,12599.56113579844,-0.42680368079665804,69.1781552191751,bayes_h1_marginal_boundary,measured_graph,2.539506203549356e-16,0.08885214923558475,52,h1_z
0.01584893192461114,1.0000000030531722,82.20523821761526,12593.571788854111,12593.04759429922,-0.5241945548910899,82.20523821761526,bayes_h1_marginal_boundary,measured_graph,3.766640288005833e-19,0.09022120086773108,52,h1_z
0.01995262314968881,1.0000000036745598,96.16365376090107,12586.699971956563,12586.068386527577,-0.6315854289855218,96.16365376090107,bayes_h1_marginal_boundary,measured_graph,3.5068946864504137e-22,0.091722242132245,52,h1_z
0.025118864315095822,1.0000000043315116,110.64399985083219,12579.577189785692,12578.828213482611,-0.7489763030799538,110.64399985083219,bayes_h1_marginal_boundary,measured_graph,2.5151015367379677e-25,0.09331240410945746,52,h1_z
0.03162277660168379,1.0000000049443525,125.31733839622757,12572.367911387088,12571.491544209914,-0.8763671771743852,125.31733839622757,bayes_h1_marginal_boundary,measured_graph,1.6378741999621598e-28,0.09495628843309464,52,h1_z
0.039810717055349734,1.0000000054503755,140.00789705343777,12565.160022932578,12564.146264881309,-1.0137580512688171,140.00789705343777,bayes_h1_marginal_boundary,measured_graph,1.0574656317242764e-31,0.09663588237400905,52,h1_z
0.05011872336272725,1.000000005824766,154.67191366627958,12557.97540550025,12556.814256574888,-1.1611489253632492,154.67191366627958,bayes_h1_marginal_boundary,measured_graph,6.918556830775533e-35,0.09834928940937304,52,h1_z
0.06309573444801936,1.0000000060984924,169.3718573879014,12550.782824513535,12549.464284714077,-1.3185397994576809,169.3718573879014,bayes_h1_marginal_boundary,measured_graph,4.4459368674401477e-38,0.10010831867768306,52,h1_z
0.07943282347242822,1.0000000063576557,184.22718510542109,12543.52255152887,12542.036620855317,-1.4859306735521132,184.22718510542109,bayes_h1_marginal_boundary,measured_graph,2.6434424757240025e-41,0.10193260654560007,52,h1_z
0.1,1.0000000067196322,199.28803894797966,12536.169515481684,12534.506193934038,-1.663321547646544,199.28803894797966,bayes_h1_marginal_boundary,measured_graph,1.4182311037681843e-44,0.10383308344737742,52,h1_z
1e-05,1.000000047729079,41.68488371775675,13807.038351620713,13804.670665036843,-2.3676865838692702,41.68488371775675,bayes_h1_marginal_boundary,measured_graph,4.759236159210851e-10,0.3227837590693217,53,h1_z
1.2589254117941661e-05,1.000000065493505,41.339239506443846,13806.998564600464,13804.8434871425,-2.155077457963703,41.339239506443846,bayes_h1_marginal_boundary,measured_graph,5.6570881022832e-10,0.32280812625940886,53,h1_z
1.584893192461114e-05,1.0000000902057924,41.03247550024753,13806.949337477656,13804.996869145598,-1.952468332058134,41.03247550024753,bayes_h1_marginal_boundary,measured_graph,6.594864851354469e-10,0.3228372311885005,53,h1_z
1.9952623149688786e-05,1.0000001226772515,40.76846885345003,13806.88873167515,13805.128872468997,-1.7598592061525666,40.76846885345003,bayes_h1_marginal_boundary,measured_graph,7.52548015645344e-10,0.32287137988110715,53,h1_z
2.5118864315095822e-05,1.0000001625912027,40.55150648086419,13806.814603735536,13805.23735365529,-1.5772500802469966,40.55150648086419,bayes_h1_marginal_boundary,measured_graph,8.387779314783348e-10,0.32291041841208834,53,h1_z
3.1622776601683795e-05,1.000000208783943,40.386042200050724,13806.724726750037,13805.320085795696,-1.404640954341429,40.386042200050724,bayes_h1_marginal_boundary,measured_graph,9.111232048588513e-10,0.3229532990647698,53,h1_z
3.9810717055349695e-05,1.0000002611285583,40.27618682934917,13806.617045309484,13805.375013481047,-1.2420318284358616,40.27618682934917,bayes_h1_marginal_boundary,measured_graph,9.62569060545816e-10,0.3229973531668476,53,h1_z
5.011872336272725e-05,1.000000323845224,40.22474451574453,13806.49015734038,13805.40073463785,-1.089422702530293,40.22474451574453,bayes_h1_marginal_boundary,measured_graph,9.876486050764074e-10,0.32303709602354064,53,h1_z
6.309573444801929e-05,1.0000004095874993,40.23149652340362,13806.344172210645,13805.39735863402,-0.9468135766247254,40.23149652340362,bayes_h1_marginal_boundary,measured_graph,9.843199215890539e-10,0.32306229893828786,53,h1_z
7.943282347242822e-05,1.0000005459376156,40.290265413350426,13806.182178639765,13805.367974189046,-0.8142044507191568,40.290265413350426,bayes_h1_marginal_boundary,measured_graph,9.55817048431376e-10,0.3230549429076515,53,h1_z
0.0001,1.0000007909769273,40.3840537469041,13806.012675347083,13805.32108002227,-0.6915953248135883,40.3840537469041,bayes_h1_marginal_boundary,measured_graph,9.120295182264431e-10,0.3229845384687294,53,h1_z
0.00012589254117941674,1.0000012731781707,40.47725034509858,13805.853467922081,13805.274481723172,-0.5789861989080206,40.47725034509858,bayes_h1_marginal_boundary,measured_graph,8.705054821837648e-10,0.32280124335288707,53,h1_z
0.00015848931924611142,1.0000022881368629,40.5036231792983,13805.737672379075,13805.261295306072,-0.47637707300245236,40.5036231792983,bayes_h1_marginal_boundary,measured_graph,8.591019846829134e-10,0.32242649756069813,53,h1_z
0.00019952623149688788,1.0000045065808807,40.34889291987565,13805.72242838288,13805.338660435784,-0.38376794709688455,40.34889291987565,bayes_h1_marginal_boundary,measured_graph,9.282051447800128e-10,0.3217422058924582,53,h1_z
0.0002511886431509582,1.000000333416019,39.82725133088388,13805.900640051472,13805.59948123028,-0.30115882119131615,39.82725133088388,bayes_h1_marginal_boundary,measured_graph,1.204805670996575e-09,0.3205848336845255,53,h1_z
0.00031622776601683794,1.0000008658106463,38.66049240920984,13806.411410386403,13806.182860691117,-0.22854969528574837,38.66049240920984,bayes_h1_marginal_boundary,measured_graph,2.1591135542077196e-09,0.3187507488970673,53,h1_z
0.00039810717055349735,1.0000019291754194,36.46917781832235,13807.444458555941,13807.27851798656,-0.16594056938017995,36.46917781832235,bayes_h1_marginal_boundary,measured_graph,6.458228417038615e-09,0.3160571075639507,53,h1_z
0.0005011872336272725,1.0000031508282454,32.82806614580477,13809.212405266293,13809.09907382282,-0.11333144347461188,32.82806614580477,bayes_h1_marginal_boundary,measured_graph,3.988143301387775e-08,0.31247361475951374,53,h1_z
0.000630957344480193,1.0000031951158717,27.447655143972952,13811.860001641304,13811.789279323735,-0.07072231756904392,27.447655143972952,bayes_h1_marginal_boundary,measured_graph,5.876410947791129e-07,0.3083138888727797,53,h1_z
0.0007943282347242822,1.0000017755920758,20.50263089613145,13815.29990463932,13815.261791447656,-0.03811319166347554,20.50263089613145,bayes_h1_marginal_boundary,measured_graph,1.8932371286759443e-05,0.3042913612332244,53,h1_z
0.001,1.0000092871494712,12.894242059661337,13819.081489931648,13819.065985865891,-0.015504065757907535,12.894242059661337,bayes_h1_marginal_boundary,measured_graph,0.000849856610465515,0.30121605888332464,53,h1_z
0.0012589254117941675,1.0000023255993091,6.065711495488358,13822.48314608783,13822.480251147977,-0.0028949398523394052,6.065711495488358,bayes_h1_marginal_boundary,measured_graph,0.025831060025040816,0.2995588743246522,53,h1_z
0.001584893192461114,1.0000004814702075,1.4398026129238133,13824.793491403207,13824.79320558926,-0.0002858139467712683,1.4398026129238133,bayes_h1_marginal_boundary,measured_graph,0.2610030481710145,0.2993424816363008,53,h1_z
0.0019952623149688807,1.0000001041116116,-0.0,13825.520783583763,13825.513106895722,-0.007676688041203171,-0.0,bayes_h1_marginal_boundary,measured_graph,0.5361604120624683,0.30039397984554556,53,h1_z
0.002511886431509582,1.0000020905800981,2.3053304102904804,13824.385509252712,13824.360441690576,-0.025067562135635053,2.3053304102904804,bayes_h1_marginal_boundary,measured_graph,0.16931623635193022,0.30258499076073836,53,h1_z
0.0031622776601683794,1.0000010555610597,8.73735323189976,13821.196888716002,13821.144430279772,-0.05245843623006681,8.73735323189976,bayes_h1_marginal_boundary,measured_graph,0.006792076937315812,0.3059422287066184,53,h1_z
0.003981071705534973,1.000000680765738,19.74006522095442,13815.73292359557,13815.643074285244,-0.08984931032449865,19.74006522095442,bayes_h1_marginal_boundary,measured_graph,2.7720052299810623e-05,0.31066278671531716,53,h1_z
0.005011872336272725,1.0000005259988651,35.94113753745842,13807.67977831141,13807.542538126992,-0.13724018441893068,35.94113753745842,bayes_h1_marginal_boundary,measured_graph,8.409610691464057e-09,0.31710056482981985,53,h1_z
0.006309573444801936,1.0000004597189984,58.139451583123446,13796.638012162673,13796.44338110416,-0.19463105851336257,58.139451583123446,bayes_h1_marginal_boundary,measured_graph,1.2719593805921202e-13,0.3257377807421336,53,h1_z
0.00794328234724282,1.0000004408528171,87.145434378348,13782.202411639155,13781.940389706548,-0.26202193260779433,87.145434378348,bayes_h1_marginal_boundary,measured_graph,6.395935971791308e-20,0.3371331941235579,53,h1_z
0.01,1.0000004612310491,123.45123164859251,13764.126903878128,13763.787491071425,-0.3394128067022262,123.45123164859251,bayes_h1_marginal_boundary,measured_graph,8.359886856448958e-28,0.3518115878465156,53,h1_z
0.012589254117941675,1.0000005318943817,166.776836507157,13742.55149232294,13742.124688642143,-0.42680368079665804,166.776836507157,bayes_h1_marginal_boundary,measured_graph,3.267118163426321e-37,0.37007148943373225,53,h1_z
0.01584893192461114,1.0000006861322799,215.71383384699948,13718.180384527113,13717.656189972222,-0.5241945548910899,215.71383384699948,bayes_h1_marginal_boundary,measured_graph,7.720241560480732e-48,0.3917602469170892,53,h1_z
0.01995262314968881,1.0000009903747975,267.7922726902216,13692.248555979597,13691.61697055061,-0.6315854289855218,267.7922726902216,bayes_h1_marginal_boundary,measured_graph,3.792639653221362e-59,0.4161594511960042,53,h1_z
0.025118864315095822,1.0000015418068835,320.0902581818591,13666.216954107873,13665.467977804792,-0.7489763030799538,320.0902581818591,bayes_h1_marginal_boundary,measured_graph,1.669468867124544e-70,0.4421221272440465,53,h1_z
0.03162277660168379,1.0000023863122527,370.0660424387024,13641.356452853544,13640.48008567637,-0.8763671771743852,370.0660424387024,bayes_h1_marginal_boundary,measured_graph,2.3467923228021205e-81,0.4684230591588535,53,h1_z
0.039810717055349734,1.000000047912306,416.11360462481025,13618.470062634586,13617.456304583317,-1.0137580512688171,416.11360462481025,bayes_h1_marginal_boundary,measured_graph,2.3516548306799922e-91,0.49408810346493737,53,h1_z
0.05011872336272725,1.0000000557468296,457.68562548197224,13597.831443080098,13596.670294154736,-1.1611489253632492,457.68562548197224,bayes_h1_marginal_boundary,measured_graph,2.208634987456163e-100,0.5185439160140988,53,h1_z
0.06309573444801936,1.0000000482567903,495.15547379224154,13579.25390979906,13577.9353699996,-1.3185397994576809,495.15547379224154,bayes_h1_marginal_boundary,measured_graph,1.6130572006451857e-108,0.5416685731705817,53,h1_z
0.07943282347242822,1.0000000313750572,529.5124766302142,13562.242799254167,13560.756868580615,-1.4859306735521132,529.5124766302142,bayes_h1_marginal_boundary,measured_graph,5.586263208631551e-116,0.563758479509411,53,h1_z
0.1,1.000001649069646,561.8856210957965,13546.23361789547,13544.570296347823,-1.663321547646544,561.8856210957965,bayes_h1_marginal_boundary,measured_graph,5.216538210970544e-123,0.5853204142212411,53,h1_z
1e-05,1.000001027046261,8.506848898181488,9833.838592931284,9831.470906347415,-2.3676865838692702,8.506848898181488,bayes_h1_marginal_boundary,measured_graph,0.0021909605001899832,0.7266587238811073,54,h1_z
1.2589254117941661e-05,1.000000007480827,8.071947459109651,9833.843434524915,9831.68835706695,-2.155077457963703,8.071947459109651,bayes_h1_marginal_boundary,measured_graph,0.0027231539575555902,0.7266419032216099,54,h1_z
1.584893192461114e-05,1.0000000092003238,7.654509009018511,9833.849544624054,9831.897076291996,-1.952468332058134,7.654509009018511,bayes_h1_marginal_boundary,measured_graph,0.003355195288148048,0.7266199175463253,54,h1_z
1.9952623149688786e-05,1.0000000111053826,7.25376614439665,9833.85730693046,9832.097447724307,-1.7598592061525666,7.25376614439665,bayes_h1_marginal_boundary,measured_graph,0.004099567208074785,0.7265917038072652,54,h1_z
2.5118864315095822e-05,1.0000000130058837,6.868783269506821,9833.867189241999,9832.289939161752,-1.5772500802469966,6.868783269506821,bayes_h1_marginal_boundary,measured_graph,0.004969766447637432,0.7265553430512212,54,h1_z
3.1622776601683795e-05,1.0000000147488255,6.498337911991257,9833.87980279485,9832.47516184051,-1.404640954341429,6.498337911991257,bayes_h1_marginal_boundary,measured_graph,0.005981046336617179,0.7265082474426742,54,h1_z
3.9810717055349695e-05,1.0000000163155554,6.1408226329840545,9833.89595130845,9832.653919480013,-1.2420318284358616,6.1408226329840545,bayes_h1_marginal_boundary,measured_graph,0.007151721985474892,0.726446894397351,54,h1_z
5.011872336272725e-05,1.0000000178389292,5.794110100614489,9833.91669844873,9832.827275746198,-1.089422702530293,5.794110100614489,bayes_h1_marginal_boundary,measured_graph,0.008505469532978883,0.726366446704951,54,h1_z
6.309573444801929e-05,1.0000000195596255,5.455367891339847,9833.943460427461,9832.996646850836,-0.9468135766247254,5.455367891339847,bayes_h1_marginal_boundary,measured_graph,0.01007523603813225,0.7262602130926916,54,h1_z
7.943282347242822e-05,1.0000000217990885,5.120807012070145,9833.978131741189,9833.16392729047,-0.8142044507191568,5.120807012070145,bayes_h1_marginal_boundary,measured_graph,0.011909792671671984,0.726118894861662,54,h1_z
0.0001,1.0000000249945789,4.785349114361452,9834.023251564138,9833.331656239325,-0.6915953248135883,4.785349114361452,bayes_h1_marginal_boundary,measured_graph,0.01408471158189568,0.7259295695176217,54,h1_z
0.00012589254117941674,1.0000000298036635,4.4422094369874685,9834.08221227692,9833.503226078012,-0.5789861989080206,4.4422094369874685,bayes_h1_marginal_boundary,measured_graph,0.016720905499134856,0.7256744111867627,54,h1_z
0.00015848931924611142,1.0000000372809101,4.082433260799007,9834.159491239108,9833.683114166106,-0.47637707300245236,4.082433260799007,bayes_h1_marginal_boundary,measured_graph,0.020016318201017236,0.725329307088447,54,h1_z
0.00019952623149688788,1.0000000491130028,3.694530790566205,9834.260833348319,9833.877065401222,-0.38376794709688455,3.694530790566205,bayes_h1_marginal_boundary,measured_graph,0.02430055248381697,0.7248629344517272,54,h1_z
0.0002511886431509582,1.000000067758666,3.2646010054631915,9834.393189114966,9834.092030293774,-0.30115882119131615,3.2646010054631915,bayes_h1_marginal_boundary,measured_graph,0.030128271354606613,0.7242377351844931,54,h1_z
0.00031622776601683794,1.0000000958679158,2.777830141771119,9834.563965420906,9834.33541572562,-0.22854969528574837,2.777830141771119,bayes_h1_marginal_boundary,measured_graph,0.03843042295784939,0.7234157712933759,54,h1_z
0.00039810717055349735,1.0000001335130753,2.2230773092269374,9834.778732711273,9834.612792141892,-0.16594056938017995,2.2230773092269374,bayes_h1_marginal_boundary,measured_graph,0.05071520802774075,0.7223742872956564,54,h1_z
0.0005011872336272725,1.0000001722866316,1.6031629145472834,9835.036080782706,9834.922749339232,-0.11333144347461188,1.6031629145472834,bayes_h1_marginal_boundary,measured_graph,0.06914342870743878,0.721135470361856,54,h1_z
0.000630957344480193,1.0000001921127777,0.9531133650198171,9835.318496431564,9835.247774113996,-0.07072231756904392,0.9531133650198171,bayes_h1_marginal_boundary,measured_graph,0.09569899518990661,0.7198062594382425,54,h1_z
0.0007943282347242822,1.000000175125305,0.3640270674295607,9835.580430454454,9835.54231726279,-0.03811319166347554,0.3640270674295607,bayes_h1_marginal_boundary,measured_graph,0.12847713459614848,0.7186027656068069,54,h1_z
0.001,1.0000001296153431,-0.0,9835.739834862263,9835.724330796505,-0.015504065757907535,-0.0,bayes_h1_marginal_boundary,measured_graph,0.15412508012131404,0.7178188511838894,54,h1_z
0.0012589254117941675,1.0000000834643525,0.08940040188463172,9835.682525535416,9835.679630595563,-0.0028949398523394052,0.08940040188463172,bayes_h1_marginal_boundary,measured_graph,0.14738736845459044,0.7177366096561191,54,h1_z
0.001584893192461114,1.0000000533850744,0.8891894609732844,9835.280021879966,9835.279736066019,-0.0002858139467712683,0.8891894609732844,bayes_h1_marginal_boundary,measured_graph,0.09880712829085067,0.7185569448400176,54,h1_z
0.0019952623149688807,1.0000000384518566,2.654516237660573,9834.404749365716,9834.397072677675,-0.007676688041203171,2.654516237660573,bayes_h1_marginal_boundary,measured_graph,0.040874498601017446,0.7204300853920118,54,h1_z
0.002511886431509582,1.0000000325480594,5.648750747091981,9832.925022985095,9832.89995542296,-0.025067562135635053,5.648750747091981,bayes_h1_marginal_boundary,measured_graph,0.009146662949417525,0.7235611264244006,54,h1_z
0.0031622776601683794,1.0000000311051094,10.189786762875883,9830.681895851298,9830.629437415068,-0.05245843623006681,10.189786762875883,bayes_h1_marginal_boundary,measured_graph,0.000944472318936666,0.7283063138365328,54,h1_z
0.003981071705534973,1.0000000313603328,16.695165444805752,9827.466597384428,9827.376748074103,-0.08984931032449865,16.695165444805752,bayes_h1_marginal_boundary,measured_graph,3.652281149754618e-05,0.7352154186329929,54,h1_z
0.005011872336272725,1.0000000314018413,25.68935664514356,9823.016892658352,9822.879652473934,-0.13724018441893068,25.68935664514356,bayes_h1_marginal_boundary,measured_graph,4.0691190676625937e-07,0.7450200369003053,54,h1_z
0.006309573444801936,1.0000000297142537,37.759122135343205,9817.039400787347,9816.844769728834,-0.19463105851336257,37.759122135343205,bayes_h1_marginal_boundary,measured_graph,9.740564419772345e-10,0.7585792791251549,54,h1_z
0.00794328234724282,1.0000000254380126,53.478489899556735,9809.247107779334,9808.985085846727,-0.26202193260779433,53.478489899556735,bayes_h1_marginal_boundary,measured_graph,3.759817659803495e-13,0.7768129775679994,54,h1_z
0.01,1.0000000189871157,73.35727389675958,9799.385106654829,9799.045693848126,-0.3394128067022262,73.35727389675958,bayes_h1_marginal_boundary,measured_graph,1.8136090946035788e-17,0.8006846292232606,54,h1_z
0.012589254117941675,1.0000000120089052,97.83841466041486,9787.231927147095,9786.805123466298,-0.42680368079665804,97.83841466041486,bayes_h1_marginal_boundary,measured_graph,8.760552826492666e-23,0.8312619247963992,54,h1_z
0.01584893192461114,1.0000000062786238,127.26375803829433,9772.61664633225,9772.092451777358,-0.5241945548910899,127.26375803829433,bayes_h1_marginal_boundary,measured_graph,3.5719007605542586e-29,0.8697335804518138,54,h1_z
0.01995262314968881,1.0000007081100664,161.69599168600325,9755.50792038249,9754.876334953504,-0.6315854289855218,161.69599168600325,bayes_h1_marginal_boundary,measured_graph,1.1913375971985504e-36,0.9171752033649221,54,h1_z
0.025118864315095822,1.0000003219838431,200.64262593595777,9736.151994131607,9735.403017828527,-0.7489763030799538,200.64262593595777,bayes_h1_marginal_boundary,measured_graph,4.157963533110755e-45,0.9740390155283525,54,h1_z
0.03162277660168379,1.0000001206731084,242.8741669848714,9715.163614481244,9714.28724730407,-0.8763671771743852,242.8741669848714,bayes_h1_marginal_boundary,measured_graph,2.8081354764291666e-54,1.0395830394577972,54,h1_z
0.039810717055349734,1.0000000385889196,286.4700450348246,9693.503066330362,9692.489308279093,-1.0137580512688171,286.4700450348246,bayes_h1_marginal_boundary,measured_graph,9.587236058433347e-64,1.1115115642088282,54,h1_z
0.05011872336272725,1.0000000113570577,329.1185047847248,9672.326227329506,9671.165078404143,-1.1611489253632492,329.1185047847248,bayes_h1_marginal_boundary,measured_graph,5.256516781496323e-73,1.186047652735484,54,h1_z
0.06309573444801936,1.0000000033338694,368.62627459419673,9652.729733298866,9651.411193499407,-1.3185397994576809,368.62627459419673,bayes_h1_marginal_boundary,measured_graph,1.385781773464003e-81,1.2586339209177966,54,h1_z
0.07943282347242822,1.0000000010162373,403.4672699502589,9635.476626494928,9633.990695821376,-1.4859306735521132,403.4672699502589,bayes_h1_marginal_boundary,measured_graph,3.7676350754742705e-89,1.3251631897241376,54,h1_z
0.1,1.0000000003233704,433.1023616128841,9620.83647153771,9619.173149990063,-1.663321547646544,433.1023616128841,bayes_h1_marginal_boundary,measured_graph,1.3832173937855839e-95,1.3831595074836298,54,h1_z
1e-05,1.000021354898103,53.35595415929765,3849.021784334558,3846.654097750689,-2.3676865838692702,53.35595415929765,bayes_h1_marginal_boundary,measured_graph,9.21160206214426e-13,1.4264672891496868,55,h1_z
1.2589254117941661e-05,1.0000217167504775,52.930016050984705,3849.022144262809,3846.8670668048453,-2.155077457963703,52.930016050984705,bayes_h1_marginal_boundary,measured_graph,1.1397942280665227e-12,1.4264518547115104,55,h1_z
1.584893192461114e-05,1.0000222343142344,52.52376195092893,3849.0226621869315,3847.070193854873,-1.952468332058134,52.52376195092893,bayes_h1_marginal_boundary,measured_graph,1.3965079433743236e-12,1.426430572550307,55,h1_z
1.9952623149688786e-05,1.0000229375331184,52.13703288454417,3849.0234175942182,3847.2635583880656,-1.7598592061525666,52.13703288454417,bayes_h1_marginal_boundary,measured_graph,1.694418014572345e-12,1.4264008871000717,55,h1_z
2.5118864315095822e-05,1.000023825458967,51.76958264611494,3849.024533587527,3847.44728350728,-1.5772500802469966,51.76958264611494,bayes_h1_marginal_boundary,measured_graph,2.03615748695368e-12,1.4263590010755771,55,h1_z
3.1622776601683795e-05,1.0000248412848913,51.42102844257715,3849.0262015633907,3847.621560609049,-1.404640954341429,51.42102844257715,bayes_h1_marginal_boundary,measured_graph,2.423812099808268e-12,1.4262992103034484,55,h1_z
3.9810717055349695e-05,1.0000258698664068,51.0907742498739,3849.0287195338365,3847.7866877054007,-1.2420318284358616,51.0907742498739,bayes_h1_marginal_boundary,measured_graph,2.858990655754606e-12,1.4262128318652758,55,h1_z
5.011872336272725e-05,1.0000267813199406,50.77789138722801,3849.0325518392538,3847.9431291367237,-1.089422702530293,50.77789138722801,bayes_h1_marginal_boundary,measured_graph,3.343138633267977e-12,1.4260864836414342,55,h1_z
6.309573444801929e-05,1.000027500271836,50.48093016191069,3849.038423326007,3848.0916097493823,-0.9468135766247254,50.48093016191069,bayes_h1_marginal_boundary,measured_graph,3.878275860228839e-12,1.4258993860709406,55,h1_z
7.943282347242822e-05,1.0000280406576258,50.19762052904662,3849.0474690165333,3848.2332645658144,-0.8142044507191568,50.19762052904662,bayes_h1_marginal_boundary,measured_graph,4.468467485291255e-12,1.4256191957919409,55,h1_z
0.0001,1.0000284827600596,49.92439763724633,3849.061471336528,3848.3698760117145,-0.6915953248135883,49.92439763724633,bayes_h1_marginal_boundary,measured_graph,5.1225735092028206e-12,1.4251955464545152,55,h1_z
0.00012589254117941674,1.000028932205816,49.655653891421025,3849.083234083535,3848.504247884627,-0.5789861989080206,49.655653891421025,bayes_h1_marginal_boundary,measured_graph,5.859292275519988e-12,1.4245499599986469,55,h1_z
0.00015848931924611142,1.000029501565766,49.38256354011446,3849.117170133283,3848.6407930602804,-0.47637707300245236,49.38256354011446,bayes_h1_marginal_boundary,measured_graph,6.716545768617965e-12,1.4235601225774246,55,h1_z
0.00019952623149688788,1.0000303200384932,49.091240415038556,3849.170222569915,3848.7864546228184,-0.38376794709688455,49.091240415038556,bayes_h1_marginal_boundary,measured_graph,7.769731147200788e-12,1.4220356288191316,55,h1_z
0.0002511886431509582,1.0000315612831374,48.759865077442555,3849.2533011128075,3848.9521422916164,-0.30115882119131615,48.759865077442555,bayes_h1_marginal_boundary,measured_graph,9.169871115828384e-12,1.4196811960004185,55,h1_z
0.00031622776601683794,1.0000334845917864,48.35424636687094,3849.383501342188,3849.154951646902,-0.22854969528574837,48.35424636687094,bayes_h1_marginal_boundary,measured_graph,1.1231615189189888e-11,1.4160424392063773,55,h1_z
0.00039810717055349735,1.0000364902141923,47.8210752726136,3849.5874777634112,3849.421537194031,-0.16594056938017995,47.8210752726136,bayes_h1_marginal_boundary,measured_graph,1.466286538853866e-11,1.4104300021800997,55,h1_z
0.0005011872336272725,1.0000411783784031,47.07796779731234,3849.906422375156,3849.7930909316815,-0.11333144347461188,47.07796779731234,bayes_h1_marginal_boundary,measured_graph,2.1260946055764852e-11,1.4018242205122098,55,h1_z
0.000630957344480193,1.0000103083502874,45.998426470954655,3850.4035839124294,3850.3328615948603,-0.07072231756904392,45.998426470954655,bayes_h1_marginal_boundary,measured_graph,3.6475563179228794e-11,1.3888185436457285,55,h1_z
0.0007943282347242822,1.000013002796988,44.399085019004815,3851.1706455124986,3851.1325323208353,-0.03811319166347554,44.399085019004815,bayes_h1_marginal_boundary,measured_graph,8.115113338511501e-11,1.3694931572160558,55,h1_z
0.001,1.0000163236347719,42.01914115763975,3852.3380083172756,3852.322504251518,-0.015504065757907535,42.01914115763975,bayes_h1_marginal_boundary,measured_graph,2.667428781124417e-10,1.341911704279206,55,h1_z
0.0012589254117941675,1.000018394782889,38.533633312040365,3854.06815311417,3854.0652581743175,-0.0028949398523394052,38.533633312040365,bayes_h1_marginal_boundary,measured_graph,1.523916757802245e-09,1.3050264034560282,55,h1_z
0.001584893192461114,1.000015737824219,33.63710326369073,3856.513809012439,3856.5135231984923,-0.0002858139467712683,33.63710326369073,bayes_h1_marginal_boundary,measured_graph,1.7629063213815242e-08,1.260636887516533,55,h1_z
0.0019952623149688807,1.0000379606098742,27.27304140553133,3859.703230815613,3859.695554127572,-0.007676688041203171,27.27304140553133,bayes_h1_marginal_boundary,measured_graph,4.247835683039488e-07,1.2147912943713322,55,h1_z
0.002511886431509582,1.0000145506999525,19.92712168442995,3863.393581550258,3863.3685139881227,-0.025067562135635053,19.92712168442995,bayes_h1_marginal_boundary,measured_graph,1.6722989169053176e-05,1.1756181748713448,55,h1_z
0.0031622776601683794,1.0000256664558946,12.62824035030826,3867.0704130914137,3867.0179546551835,-0.05245843623006681,12.62824035030826,bayes_h1_marginal_boundary,measured_graph,0.0006430516430461848,1.1480285367424847,55,h1_z
0.003981071705534973,1.0000087681760752,6.466753282302307,3870.188547499511,3870.0986981891865,-0.08984931032449865,6.466753282302307,bayes_h1_marginal_boundary,measured_graph,0.014002183641043425,1.1322969637518094,55,h1_z
0.005011872336272725,1.0000034080794267,2.161206349153872,3872.3887118401794,3872.2514716557607,-0.13724018441893068,2.161206349153872,bayes_h1_marginal_boundary,measured_graph,0.12054061600100371,1.126474769379356,55,h1_z
0.006309573444801936,1.0000163787093284,0.0019752933794734417,3873.5257182421615,3873.331087183648,-0.19463105851336257,0.0019752933794734417,bayes_h1_marginal_boundary,measured_graph,0.35481704352493865,1.1289483745335904,55,h1_z
0.00794328234724282,1.0000100649777337,-0.0,3873.5940967629454,3873.3320748303377,-0.26202193260779433,-0.0,bayes_h1_marginal_boundary,measured_graph,0.35516765051285387,1.1390542953867298,55,h1_z
0.01,1.0000066621136388,1.9889315688014904,3872.677021852639,3872.337609045937,-0.3394128067022262,1.9889315688014904,bayes_h1_marginal_boundary,measured_graph,0.13138397576332192,1.1564745311729063,55,h1_z
0.012589254117941675,1.000004503221217,5.626868666220616,3870.945444178024,3870.5186404972274,-0.42680368079665804,5.626868666220616,bayes_h1_marginal_boundary,measured_graph,0.02130955577089545,1.180438484614333,55,h1_z
0.01584893192461114,1.0000029871971117,10.393157299338782,3868.6596907355593,3868.1354961806683,-0.5241945548910899,10.393157299338782,bayes_h1_marginal_boundary,measured_graph,0.0019660201743492553,1.2090850447745216,55,h1_z
0.01995262314968881,1.0000019159661149,15.662451094025528,3866.1324347123104,3865.500849283325,-0.6315854289855218,15.662451094025528,bayes_h1_marginal_boundary,measured_graph,0.00014105073733872717,1.2394782367378805,55,h1_z
0.025118864315095822,1.0000012063164976,20.853779448569185,3863.654161409133,3862.905185106053,-0.7489763030799538,20.853779448569185,bayes_h1_marginal_boundary,measured_graph,1.0521865154624754e-05,1.2683656644617896,55,h1_z
0.03162277660168379,1.0000007743587838,25.564966573200763,3861.4259587209117,3860.5495915437373,-0.8763671771743852,25.564966573200763,bayes_h1_marginal_boundary,measured_graph,9.978642093991741e-07,1.293196903891188,55,h1_z
0.039810717055349734,1.000000529615441,29.61304477878457,3859.539310492214,3858.5255524409454,-1.0137580512688171,29.61304477878457,bayes_h1_marginal_boundary,measured_graph,1.318385544317319e-07,1.3126857557747342,55,h1_z
0.05011872336272725,1.0000003995044762,32.98495623058716,3858.0007456404073,3856.839596715044,-1.1611489253632492,32.98495623058716,bayes_h1_marginal_boundary,measured_graph,2.4425370718276727e-08,1.326679855323347,55,h1_z
0.06309573444801936,1.000000338329695,35.7573822092445,3856.771923525173,3855.4533837257154,-1.3185397994576809,35.7573822092445,bayes_h1_marginal_boundary,measured_graph,6.106839583827552e-09,1.3356670245010247,55,h1_z
0.07943282347242822,1.0000003220867368,38.03519272367339,3855.800409142053,3854.314478468501,-1.4859306735521132,38.03519272367339,bayes_h1_marginal_boundary,measured_graph,1.9552227568936387e-09,1.3403334268298495,55,h1_z
0.1,1.000000340647731,39.925558344389174,3855.0326172057894,3853.369295658143,-1.663321547646544,39.925558344389174,bayes_h1_marginal_boundary,measured_graph,7.598162271931758e-10,1.3413582570702638,55,h1_z
1e-05,1.0000001198957855,6.581591511417173,2648.5673458738315,2646.1996592899623,-2.3676865838692702,6.581591511417173,bayes_h1_marginal_boundary,measured_graph,0.00232982502603268,5.232115082782553,56,h1_z
1.2589254117941661e-05,1.0000001462889747,6.156231086885782,2648.5674169601916,2646.412339502228,-2.155077457963703,6.156231086885782,bayes_h1_marginal_boundary,measured_graph,0.002881967961914406,5.232113681173898,56,h1_z
1.584893192461114e-05,1.0000001824997198,5.750833146010336,2648.567506804724,2646.6150384726657,-1.952468332058134,5.750833146010336,bayes_h1_marginal_boundary,measured_graph,0.003529556943592783,5.232111838975667,56,h1_z
1.9952623149688786e-05,1.0000002287899201,5.365387472280418,2648.5676205156833,2646.8077613095306,-1.7598592061525666,5.365387472280418,bayes_h1_marginal_boundary,measured_graph,0.004279752531601557,5.232109407380862,56,h1_z
2.5118864315095822e-05,1.0000002825291139,4.9998808734017075,2648.567764689217,2646.99051460897,-1.5772500802469966,4.9998808734017075,bayes_h1_marginal_boundary,measured_graph,0.005137920818658263,5.2321061830733395,56,h1_z
3.1622776601683795e-05,1.0000003376888043,4.654296262334356,2648.5679478688453,2647.1633069145037,-1.404640954341429,4.654296262334356,bayes_h1_marginal_boundary,measured_graph,0.00610703138355578,5.232101879532543,56,h1_z
3.9810717055349695e-05,1.000000386663641,4.328611466062284,2648.5681811410755,2647.3261493126397,-1.2420318284358616,4.328611466062284,bayes_h1_marginal_boundary,measured_graph,0.007187067219071785,5.232096076238964,56,h1_z
5.011872336272725e-05,1.0000004238923996,4.022797613822149,2648.56847894129,2647.4790562387598,-1.089422702530293,4.022797613822149,bayes_h1_marginal_boundary,measured_graph,0.008374489473222974,5.232088138313017,56,h1_z
6.309573444801929e-05,1.0000004482574407,3.736816834512865,2648.568860205039,2647.6220466284144,-0.9468135766247254,3.736816834512865,bayes_h1_marginal_boundary,measured_graph,0.00966180522526446,5.232077100690312,56,h1_z
7.943282347242822e-05,1.0000004622889973,3.470618916559033,2648.5693500381103,2647.7551455873913,-0.8142044507191568,3.470618916559033,bayes_h1_marginal_boundary,measured_graph,0.011037289187236015,5.232061500189417,56,h1_z
0.0001,1.0000004696811868,3.224136508738411,2648.569982116115,2647.8783867913016,-0.6915953248135883,3.224136508738411,bayes_h1_marginal_boundary,measured_graph,0.012484909437160897,5.232039117048686,56,h1_z
0.00012589254117941674,1.0000004735052304,2.9972782245113194,2648.570802132323,2647.991815933415,-0.5789861989080206,2.9972782245113194,bayes_h1_marginal_boundary,measured_graph,0.01398450333760615,5.232006565477553,56,h1_z
0.00015848931924611142,1.0000004757501804,2.7899186096528865,2648.5718728138468,2648.0954957408444,-0.47637707300245236,2.7899186096528865,bayes_h1_marginal_boundary,measured_graph,0.015512243564762704,5.231958646545991,56,h1_z
0.00019952623149688788,1.0000004775842675,2.6018833463595,2648.5732813195877,2648.189513372491,-0.38376794709688455,2.6018833463595,bayes_h1_marginal_boundary,measured_graph,0.017041426814878916,5.231887331780722,56,h1_z
0.0002511886431509582,1.0000004797501219,2.4329272101449533,2648.5751502617895,2648.2739914405984,-0.30115882119131615,2.4329272101449533,bayes_h1_marginal_boundary,measured_graph,0.01854361118596719,5.2317801709076175,56,h1_z
0.00031622776601683794,1.0000004828794085,2.282700997858228,2648.5776542420276,2648.3491045467417,-0.22854969528574837,2.282700997858228,bayes_h1_marginal_boundary,measured_graph,0.019990125475656876,5.23161780116081,56,h1_z
0.00039810717055349735,1.000000487728721,2.1507016830446446,2648.581044773529,2648.4151042041485,-0.16594056938017995,2.1507016830446446,bayes_h1_marginal_boundary,measured_graph,0.021353978796867876,5.231370061233598,56,h1_z
0.0005011872336272725,1.0000004954007908,2.0361971569118396,2648.5856879106896,2648.472356467215,-0.11333144347461188,2.0361971569118396,bayes_h1_marginal_boundary,measured_graph,0.022612217236202218,5.230989957610197,56,h1_z
0.000630957344480193,1.0000005076244838,1.9381127952956376,2648.592120965592,2648.521398648023,-0.07072231756904392,1.9381127952956376,bayes_h1_marginal_boundary,measured_graph,0.023748812439787263,5.230404374765346,56,h1_z
0.0007943282347242822,1.0000005271815686,1.8548616363068504,2648.6011374191808,2648.5630242275174,-0.03811319166347554,1.8548616363068504,bayes_h1_marginal_boundary,measured_graph,0.024758233644328696,5.229499970657726,56,h1_z
0.001,1.0000005586107583,1.7840937362307159,2648.6139122433133,2648.5984081775555,-0.015504065757907535,1.7840937362307159,bayes_h1_marginal_boundary,measured_graph,0.025649961130298805,5.228102255422779,56,h1_z
0.0012589254117941675,1.0000006094001024,1.7223359212894138,2648.6321820248786,2648.629287085026,-0.0028949398523394052,1.7223359212894138,bayes_h1_marginal_boundary,measured_graph,0.026454359461893173,5.22594577116552,56,h1_z
0.001584893192461114,1.00000069197757,1.66449852403548,2648.6584915976,2648.658205783653,-0.0002858139467712683,1.66449852403548,bayes_h1_marginal_boundary,measured_graph,0.027230554289708272,5.222634549185191,56,h1_z
0.0019952623149688807,1.0000008267426865,1.6032605230402623,2648.696501472192,2648.6888247841507,-0.007676688041203171,1.6032605230402623,bayes_h1_marginal_boundary,measured_graph,0.028077222566690253,5.217596888253015,56,h1_z
0.002511886431509582,1.0000010453210721,1.5284520375416832,2648.7512965890355,2648.7262290269,-0.025067562135635053,1.5284520375416832,bayes_h1_marginal_boundary,measured_graph,0.02914731811278959,5.210051394761216,56,h1_z
0.0031622776601683794,1.0000013886508239,1.4268121773438907,2648.829507393229,2648.777048956999,-0.05245843623006681,1.4268121773438907,bayes_h1_marginal_boundary,measured_graph,0.030666867450888605,5.19902822964075,56,h1_z
0.003981071705534973,1.0000018828189425,1.2830057394630785,2648.938801486264,2648.8489521759393,-0.08984931032449865,1.2830057394630785,bayes_h1_marginal_boundary,measured_graph,0.03295312359924129,5.183530655532485,56,h1_z
0.005011872336272725,1.0000024672944634,1.083484768902963,2649.085952845638,2648.9487126612194,-0.13724018441893068,1.083484768902963,bayes_h1_marginal_boundary,measured_graph,0.03641011205938251,5.162944150558826,56,h1_z
0.006309573444801936,1.0000029086673086,0.8249814462587892,2649.272595381055,2649.0779643225414,-0.19463105851336257,0.8249814462587892,bayes_h1_marginal_boundary,measured_graph,0.04143385089545888,5.13769454506818,56,h1_z
0.00794328234724282,1.000002890178698,0.5270746536461957,2649.4889396514554,2649.2269177188477,-0.26202193260779433,0.5270746536461957,bayes_h1_marginal_boundary,measured_graph,0.048088910400201926,5.109794247256244,56,h1_z
0.01,1.0000023568741876,0.24132894237754954,2649.709203381184,2649.369790574482,-0.3394128067022262,0.24132894237754954,bayes_h1_marginal_boundary,measured_graph,0.05547455533279928,5.082531432636154,56,h1_z
0.012589254117941675,1.0000016270808076,0.04295820642255421,2649.895779623256,2649.4689759424596,-0.42680368079665804,0.04295820642255421,bayes_h1_marginal_boundary,measured_graph,0.061258941419629745,5.059002337606791,56,h1_z
0.01584893192461114,1.0000010227940743,-0.0,2650.014649600562,2649.490455045671,-0.5241945548910899,-0.0,bayes_h1_marginal_boundary,measured_graph,0.06258896122782773,5.0405332478153575,56,h1_z
0.01995262314968881,1.0000006276783056,0.13965439591993345,2650.0522132766964,2649.420627847711,-0.6315854289855218,0.13965439591993345,bayes_h1_marginal_boundary,measured_graph,0.05836764582003456,5.026345225849834,56,h1_z
0.025118864315095822,1.0000003872976417,0.43927264300236857,2650.0197950272495,2649.2708187241697,-0.7489763030799538,0.43927264300236857,bayes_h1_marginal_boundary,measured_graph,0.05024708839346458,5.014388999164407,56,h1_z
0.03162277660168379,1.0000002370993581,0.847507762117857,2649.9430683417863,2649.066701164612,-0.8763671771743852,0.847507762117857,bayes_h1_marginal_boundary,measured_graph,0.040969793172708394,5.002373662269104,56,h1_z
0.039810717055349734,1.0000001393151385,1.3200642372066795,2649.844180978336,2648.8304229270675,-1.0137580512688171,1.3200642372066795,bayes_h1_marginal_boundary,measured_graph,0.03234814914099552,4.988514989866082,56,h1_z
0.05011872336272725,1.000000076540166,1.8509243269045328,2649.726141807582,2648.5649928822186,-1.1611489253632492,1.8509243269045328,bayes_h1_marginal_boundary,measured_graph,0.02480702206540521,4.9720833005330265,56,h1_z
0.06309573444801936,1.0000000392595203,2.483123260231878,2649.5674332150124,2648.248893415555,-1.3185397994576809,2.483123260231878,bayes_h1_marginal_boundary,measured_graph,0.018083995023188578,4.953736077269695,56,h1_z
0.07943282347242822,1.00000189720068,3.291578155524803,2649.3305966414605,2647.8446659679084,-1.4859306735521132,3.291578155524803,bayes_h1_marginal_boundary,measured_graph,0.012070927150064636,4.9353568911967125,56,h1_z
0.1,1.0000010671938862,4.349084042022696,2648.979234572306,2647.3159130246595,-1.663321547646544,4.349084042022696,bayes_h1_marginal_boundary,measured_graph,0.007113873583958951,4.919352893596925,56,h1_z
1e-05,1.0000000643358917,7.211162782028623,5397.490305826278,5395.122619242409,-2.3676865838692702,7.211162782028623,bayes_h1_marginal_boundary,measured_graph,0.0017595756953386267,3.7082336727923835,57,h1_z
1.2589254117941661e-05,1.0000000688035664,6.7813043327605556,5397.492625925007,5395.337548467043,-2.155077457963703,6.7813043327605556,bayes_h1_marginal_boundary,measured_graph,0.002181476459219376,3.708182134784054,57,h1_z
1.584893192461114e-05,1.0000000726061737,6.370244558002014,5397.49554668648,5395.5430783544225,-1.952468332058134,6.370244558002014,bayes_h1_marginal_boundary,measured_graph,0.002679236349774323,3.708117145072623,57,h1_z
1.9952623149688786e-05,1.0000000753711071,5.977672564160457,5397.4992235574955,5395.739364351343,-1.7598592061525666,5.977672564160457,bayes_h1_marginal_boundary,measured_graph,0.0032602954063732374,3.708035157499776,57,h1_z
2.5118864315095822e-05,1.0000000770984443,5.6031971245174645,5397.503852151412,5395.926602071165,-1.5772500802469966,5.6031971245174645,bayes_h1_marginal_boundary,measured_graph,0.003931635615882338,3.7079316708272674,57,h1_z
3.1622776601683795e-05,1.0000000780396432,5.2463260207478015,5397.509678577391,5396.10503762305,-1.404640954341429,5.2463260207478015,bayes_h1_marginal_boundary,measured_graph,0.0046996642896529935,3.7078009619558,57,h1_z
3.9810717055349695e-05,1.0000000784936853,4.906440177237528,5397.5170123732405,5396.274980544805,-1.2420318284358616,4.906440177237528,bayes_h1_marginal_boundary,measured_graph,0.005570216934822778,3.707635739707687,57,h1_z
5.011872336272725e-05,1.0000000786888321,4.582761385370759,5397.526242643268,5396.436819940738,-1.089422702530293,4.582761385370759,bayes_h1_marginal_boundary,measured_graph,0.006548744789683989,3.7074266933368616,57,h1_z
6.309573444801929e-05,1.0000000787654189,4.274312238134371,5397.537858090981,5396.591044514356,-0.9468135766247254,4.274312238134371,bayes_h1_marginal_boundary,measured_graph,0.0076407668389988125,3.7071619019726407,57,h1_z
7.943282347242822e-05,1.0000000788030992,3.9798668142902898,5397.552471676998,5396.738267226278,-0.8142044507191568,3.9798668142902898,bayes_h1_marginal_boundary,measured_graph,0.008852683927261113,3.7068260612825528,57,h1_z
0.0001,1.0000000788516235,3.6978908280234464,5397.570850544225,5396.879255219412,-0.6915953248135883,3.6978908280234464,bayes_h1_marginal_boundary,measured_graph,0.010193076087027485,3.7063994728001837,57,h1_z
0.00012589254117941674,1.000000078952963,3.4264707311576785,5397.5939514667525,5397.014965267845,-0.5789861989080206,3.4264707311576785,bayes_h1_marginal_boundary,measured_graph,0.011674637142805122,3.705856733342581,57,h1_z
0.00015848931924611142,1.000000079155871,3.163233309685893,5397.622961051583,5397.146583978581,-0.47637707300245236,3.163233309685893,bayes_h1_marginal_boundary,measured_graph,0.0133169469910209,3.7051650662784024,57,h1_z
0.00019952623149688788,1.0000000795260886,2.9052620251331973,5397.659337567954,5397.275569620857,-0.38376794709688455,2.9052620251331973,bayes_h1_marginal_boundary,measured_graph,0.015150341549744241,3.7042822753888944,57,h1_z
0.0002511886431509582,1.000000080153289,2.6490263603391213,5397.704846274445,5397.403687453254,-0.30115882119131615,2.6490263603391213,bayes_h1_marginal_boundary,measured_graph,0.017221195275418093,3.7031544241870407,57,h1_z
0.00031622776601683794,1.0000000811517649,2.390360634044555,5397.761570011687,5397.533020316401,-0.22854969528574837,2.390360634044555,bayes_h1_marginal_boundary,measured_graph,0.01959890645922191,3.7017136467410827,57,h1_z
0.00039810717055349735,1.0000000826448772,2.124567545764876,5397.831857429921,5397.665916860541,-0.16594056938017995,2.124567545764876,bayes_h1_marginal_boundary,measured_graph,0.022384534939220893,3.699877158531435,57,h1_z
0.0005011872336272725,1.0000000847112687,1.8467914102384384,5397.918136371779,5397.804804928304,-0.11333144347461188,1.8467914102384384,bayes_h1_marginal_boundary,measured_graph,0.025719729538049844,3.697549824546293,57,h1_z
0.000630957344480193,1.0000000872553685,1.5529178609303926,5398.022464020527,5397.951741702958,-0.07072231756904392,1.5529178609303926,bayes_h1_marginal_boundary,measured_graph,0.02979066705368019,3.694634772046259,57,h1_z
0.0007943282347242822,1.0000000897672014,1.2413970369234448,5398.145615306626,5398.107502114962,-0.03811319166347554,1.2413970369234448,bayes_h1_marginal_boundary,measured_graph,0.03481177077823165,3.691059027044189,57,h1_z
0.001,1.000000091033786,0.9164467086284276,5398.285481344868,5398.269977279109,-0.015504065757907535,0.9164467086284276,bayes_h1_marginal_boundary,measured_graph,0.040953232073210596,3.6868210805506267,57,h1_z
0.0012589254117941675,1.0000000891690253,0.5927295128458354,5398.434730816853,5398.431835877001,-0.0028949398523394052,0.5927295128458354,bayes_h1_marginal_boundary,measured_graph,0.04814846857211702,3.6820567669753417,57,h1_z
0.001584893192461114,1.0000000826256368,0.3001801183254429,5398.578396388208,5398.578110574261,-0.0002858139467712683,0.3001801183254429,bayes_h1_marginal_boundary,measured_graph,0.05573253176336012,3.6770887706369657,57,h1_z
0.0019952623149688807,1.0000000720462092,0.084894229488782,5398.69343020672,5398.685753518679,-0.007676688041203171,0.084894229488782,bayes_h1_marginal_boundary,measured_graph,0.06206653619560592,3.672384522198761,57,h1_z
0.002511886431509582,1.0000000607396506,-0.0,5398.753268195559,5398.7282006334235,-0.025067562135635053,-0.0,bayes_h1_marginal_boundary,measured_graph,0.06475779560685942,3.668364982594124,57,h1_z
0.0031622776601683794,1.0000000523007062,0.08469860315744882,5398.738309768075,5398.685851331845,-0.05245843623006681,0.08469860315744882,bayes_h1_marginal_boundary,measured_graph,0.06207260741691102,3.6651485538944306,57,h1_z
0.003981071705534973,1.000000048163771,0.34160521878402506,5398.647247334356,5398.5573980240315,-0.08984931032449865,0.34160521878402506,bayes_h1_marginal_boundary,measured_graph,0.05459004168601792,3.662446857442697,57,h1_z
0.005011872336272725,1.0000000476478823,0.7293748942320235,5398.500753370727,5398.3635131863075,-0.13724018441893068,0.7293748942320235,bayes_h1_marginal_boundary,measured_graph,0.04496869772843512,3.65970511640393,57,h1_z
0.006309573444801936,1.0000000492662944,1.1766138630118803,5398.334524760431,5398.139893701918,-0.19463105851336257,1.1766138630118803,bayes_h1_marginal_boundary,measured_graph,0.03595784058399015,3.6563264985140225,57,h1_z
0.00794328234724282,1.000000051755459,1.6062404599997535,5398.187102336032,5397.925080403424,-0.26202193260779433,1.6062404599997535,bayes_h1_marginal_boundary,measured_graph,0.029006903657355296,3.65179906782591,57,h1_z
0.01,1.0000000544956416,1.956028607510234,5398.08959913637,5397.750186329668,-0.3394128067022262,1.956028607510234,bayes_h1_marginal_boundary,measured_graph,0.024352628371798437,3.645710325623347,57,h1_z
0.012589254117941675,1.0000000574002097,2.1884628626030462,5398.060772882919,5397.633969202122,-0.42680368079665804,2.1884628626030462,bayes_h1_marginal_boundary,measured_graph,0.021680704198052125,3.6377210276958145,57,h1_z
0.01584893192461114,1.0000000604934327,2.289946527180291,5398.107421924725,5397.583227369833,-0.5241945548910899,2.289946527180291,bayes_h1_marginal_boundary,measured_graph,0.020608030402867527,3.627549387206945,57,h1_z
0.01995262314968881,1.0000000634870105,2.264267836448198,5398.2276521441845,5397.596066715199,-0.6315854289855218,2.264267836448198,bayes_h1_marginal_boundary,measured_graph,0.02087432992000691,3.6149904174963656,57,h1_z
0.025118864315095822,1.000000065652244,2.128293297948403,5398.413030287529,5397.664053984449,-0.7489763030799538,2.128293297948403,bayes_h1_marginal_boundary,measured_graph,0.022342874140758064,3.599987132047527,57,h1_z
0.03162277660168379,1.0000000660578858,1.9156562595526339,5398.646739680821,5397.770372503647,-0.8763671771743852,1.9156562595526339,bayes_h1_marginal_boundary,measured_graph,0.024849209943748216,3.5827581267079167,57,h1_z
0.039810717055349734,1.0000000638392175,1.6886748089618777,5398.897621280212,5397.883863228943,-1.0137580512688171,1.6886748089618777,bayes_h1_marginal_boundary,measured_graph,0.027835625255971205,3.5639720934800936,57,h1_z
0.05011872336272725,1.0000000582914292,1.553379489980216,5399.112659813796,5397.951510888433,-1.1611489253632492,1.553379489980216,bayes_h1_marginal_boundary,measured_graph,0.02978379172851037,3.5449114716199777,57,h1_z
0.06309573444801936,1.0000000492970986,1.6635288714151102,5399.2149759971735,5397.896436197716,-1.3185397994576809,1.6635288714151102,bayes_h1_marginal_boundary,measured_graph,0.02818781107431481,3.527444465857873,57,h1_z
0.07943282347242822,1.0000000381251128,2.192747931496342,5399.117757341228,5397.631826667675,-1.4859306735521132,2.192747931496342,bayes_h1_marginal_boundary,measured_graph,0.021634302269096295,3.513592392846048,57,h1_z
0.1,1.0000000272562724,3.272338141032378,5398.755353110554,5397.092031562907,-1.663321547646544,3.272338141032378,bayes_h1_marginal_boundary,measured_graph,0.012609935289585513,3.504778168695104,57,h1_z
1e-05,1.0000005523482602,10.856730107936528,5302.023675889829,5299.65598930596,-2.3676865838692702,10.856730107936528,bayes_h1_marginal_boundary,measured_graph,0.0011970962544311115,3.2041742549816496,58,h1_z
1.2589254117941661e-05,1.0000005829630447,10.431020415173407,5302.0239216103055,5299.868844152342,-2.155077457963703,10.431020415173407,bayes_h1_marginal_boundary,measured_graph,0.0014810535354111566,3.2041695059517235,58,h1_z
1.584893192461114e-05,1.0000006261323533,10.025184162255755,5302.0242306108585,5300.071762278801,-1.952468332058134,10.025184162255755,bayes_h1_marginal_boundary,measured_graph,0.0018142493651318607,3.2041635086124156,58,h1_z
1.9952623149688786e-05,1.00000068383088,9.63918885253588,5302.024619139813,5300.264759933661,-1.7598592061525666,9.63918885253588,bayes_h1_marginal_boundary,measured_graph,0.0022004666777128063,3.204155935237747,58,h1_z
2.5118864315095822e-05,1.0000007552988297,9.272993654223683,5302.0251076130635,5300.447857532817,-1.5772500802469966,9.272993654223683,bayes_h1_marginal_boundary,measured_graph,0.0026426099950189012,3.204146374628611,58,h1_z
3.1622776601683795e-05,1.0000008352580096,8.926547314022173,5302.025721657259,5300.621080702917,-1.404640954341429,8.926547314022173,bayes_h1_marginal_boundary,measured_graph,0.0031424106658912813,3.2041343099738797,58,h1_z
3.9810717055349695e-05,1.000000914109308,8.599785671236532,5302.026493352746,5300.78446152431,-1.2420318284358616,8.599785671236532,bayes_h1_marginal_boundary,measured_graph,0.0037001414725792965,3.204119085711147,58,h1_z
5.011872336272725e-05,1.0000009815175825,8.292628732593585,5302.027462696162,5300.938039993632,-1.089422702530293,8.292628732593585,bayes_h1_marginal_boundary,measured_graph,0.004314362288132668,3.2040998583141427,58,h1_z
6.309573444801929e-05,1.000001031375453,8.004977157645044,5302.028679357731,5301.081865781106,-0.9468135766247254,8.004977157645044,bayes_h1_marginal_boundary,measured_graph,0.004981720491272331,3.2040755302455026,58,h1_z
7.943282347242822e-05,1.0000010638343073,7.7367079394043685,5302.030204840946,5301.216000390226,-0.8142044507191568,7.7367079394043685,bayes_h1_marginal_boundary,measured_graph,0.005696830232893879,3.2040446682481973,58,h1_z
0.0001,1.0000010831699837,7.48766919348418,5302.032115088,5301.340519763186,-0.6915953248135883,7.48766919348418,bayes_h1_marginal_boundary,measured_graph,0.0064522524934092365,3.2040053995075475,58,h1_z
0.00012589254117941674,1.0000010944231852,7.257674164655327,5302.034503476509,5301.455517277601,-0.5789861989080206,7.257674164655327,bayes_h1_marginal_boundary,measured_graph,0.0072385926926991995,3.20395526842175,58,h1_z
0.00015848931924611142,1.0000011014967816,7.046494670294123,5302.037484097784,5301.561107024781,-0.47637707300245236,7.046494670294123,bayes_h1_marginal_boundary,measured_graph,0.008044724662803253,3.203891030920903,58,h1_z
0.00019952623149688788,1.0000011068877013,6.853854322547704,5302.041195145752,5301.657427198655,-0.38376794709688455,6.853854322547704,bayes_h1_marginal_boundary,measured_graph,0.008858139280698242,3.203808357807771,58,h1_z
0.0002511886431509582,1.0000011121263332,6.67942216879419,5302.045802096723,5301.744643275531,-0.30115882119131615,6.67942216879419,bayes_h1_marginal_boundary,measured_graph,0.009665402974264247,3.2037014059153157,58,h1_z
0.00031622776601683794,1.0000011182751225,6.5228079129610705,5302.051500098733,5301.822950403448,-0.22854969528574837,6.5228079129610705,bayes_h1_marginal_boundary,measured_graph,0.010452695982455644,3.203562193768281,58,h1_z
0.00039810717055349735,1.000001126298045,6.383560639649659,5302.058514609484,5301.892574040104,-0.16594056938017995,6.383560639649659,bayes_h1_marginal_boundary,measured_graph,0.011206383491590276,3.2033796863470183,58,h1_z
0.0005011872336272725,1.0000011373225142,6.2611739452477195,5302.067098830779,5301.953767387305,-0.11333144347461188,6.2611739452477195,bayes_h1_marginal_boundary,measured_graph,0.011913556075228638,3.2031384509946053,58,h1_z
0.000630957344480193,1.0000011528481392,6.1551014376073,5302.0775259586935,5302.006803641125,-0.07072231756904392,6.1551014376073,bayes_h1_marginal_boundary,measured_graph,0.012562462133500889,3.2028166983622257,58,h1_z
0.0007943282347242822,1.0000011749173,6.06478715441699,5302.090073974384,5302.05196078272,-0.03811319166347554,6.06478715441699,bayes_h1_marginal_boundary,measured_graph,0.01314275049120551,3.2023834923155845,58,h1_z
0.001,1.000001206171243,5.989714155322872,5302.105001348025,5302.089497282267,-0.015504065757907535,5.989714155322872,bayes_h1_marginal_boundary,measured_graph,0.013645459278616446,3.2017949722376864,58,h1_z
0.0012589254117941675,1.000001249527562,5.929468281854497,5302.122515158853,5302.119620219001,-0.0028949398523394052,5.929468281854497,bayes_h1_marginal_boundary,measured_graph,0.014062754104327727,3.2009897486414847,58,h1_z
0.001584893192461114,1.0000013068690887,5.883797144806522,5302.142741601472,5302.142455787525,-0.0002858139467712683,5.883797144806522,bayes_h1_marginal_boundary,measured_graph,0.014387579763347862,3.1998845137797787,58,h1_z
0.0019952623149688807,1.0000013757463007,5.85260825135083,5302.165726922294,5302.158050234253,-0.007676688041203171,5.85260825135083,bayes_h1_marginal_boundary,measured_graph,0.014613704673411661,3.198372648699956,58,h1_z
0.002511886431509582,1.0000014435605495,5.835786261490284,5302.191528791319,5302.166461229183,-0.025067562135635053,5.835786261490284,bayes_h1_marginal_boundary,measured_graph,0.014737138843729297,3.196330686874281,58,h1_z
0.0031622776601683794,1.0000014822767582,5.832618516527873,5302.220503537895,5302.168045101665,-0.05245843623006681,5.832618516527873,bayes_h1_marginal_boundary,measured_graph,0.014760499087335526,3.1936367808030055,58,h1_z
0.003981071705534973,1.0000014537088333,5.840535202523824,5302.253936068991,5302.164086758667,-0.08984931032449865,5.840535202523824,bayes_h1_marginal_boundary,measured_graph,0.014702187453987192,3.1901958767680743,58,h1_z
0.005011872336272725,1.0000013336438829,5.852937824654873,5302.29512563202,5302.157885447601,-0.13724018441893068,5.852937824654873,bayes_h1_marginal_boundary,measured_graph,0.01461129672834895,3.1859490302544167,58,h1_z
0.006309573444801936,1.0000011370818003,5.856477042894767,5302.350746896995,5302.156115838481,-0.19463105851336257,5.856477042894767,bayes_h1_marginal_boundary,measured_graph,0.014585463308673222,3.180843253949927,58,h1_z
0.00794328234724282,1.000000910600545,5.829570040126782,5302.431591272473,5302.169569339865,-0.26202193260779433,5.829570040126782,bayes_h1_marginal_boundary,measured_graph,0.014783014759167892,3.174778629562576,58,h1_z
0.01,1.0000006984040355,5.74515908376452,5302.551187624748,5302.211774818046,-0.3394128067022262,5.74515908376452,bayes_h1_marginal_boundary,measured_graph,0.015420292679809622,3.167591886907962,58,h1_z
0.012589254117941675,1.0000005221886072,5.579001803964275,5302.7216571387435,5302.294853457946,-0.42680368079665804,5.579001803964275,bayes_h1_marginal_boundary,measured_graph,0.01675611034369688,3.1591114437030683,58,h1_z
0.01584893192461114,1.000000385166759,5.319930453311827,5302.948583688164,5302.424389133273,-0.5241945548910899,5.319930453311827,bayes_h1_marginal_boundary,measured_graph,0.019073475711719492,3.1492511990123773,58,h1_z
0.01995262314968881,1.0000002824959016,4.9753731041837455,5303.228253236822,5302.596667807837,-0.6315854289855218,4.9753731041837455,bayes_h1_marginal_boundary,measured_graph,0.02265945803996424,3.1380722650071853,58,h1_z
0.025118864315095822,1.000000207409787,4.56777270222301,5303.549444311897,5302.800468008817,-0.7489763030799538,4.56777270222301,bayes_h1_marginal_boundary,measured_graph,0.02778170024169984,3.125752434802542,58,h1_z
0.03162277660168379,1.0000001538936911,4.12217868202606,5303.899632196089,5303.0232650189155,-0.8763671771743852,4.12217868202606,bayes_h1_marginal_boundary,measured_graph,0.03471509300686715,3.1124505505942373,58,h1_z
0.039810717055349734,1.0000001176800837,3.64692279909832,5304.2746510116485,5303.260892960379,-1.0137580512688171,3.64692279909832,bayes_h1_marginal_boundary,measured_graph,0.04402697396844808,3.0981104247190063,58,h1_z
0.05011872336272725,1.0000000955754118,3.1103874351247214,5304.690309567729,5303.529160642366,-1.1611489253632492,3.1103874351247214,bayes_h1_marginal_boundary,measured_graph,0.05757394794742948,3.0822849548736637,58,h1_z
0.06309573444801936,1.000000084327368,2.4234829075467132,5305.191152705613,5303.872612906155,-1.3185397994576809,2.4234829075467132,bayes_h1_marginal_boundary,measured_graph,0.08116811004537836,3.064071151502826,58,h1_z
0.07943282347242822,1.0000000803354645,1.4424962971952482,5305.849036884883,5304.363106211331,-1.4859306735521132,1.4424962971952482,bayes_h1_marginal_boundary,measured_graph,0.13255739769428915,3.0422215080551043,58,h1_z
0.1,1.0000000799500504,-0.0,5306.747675907575,5305.0843543599285,-1.663321547646544,-0.0,bayes_h1_marginal_boundary,measured_graph,0.27267044106342153,3.01544387779722,58,h1_z
1e-05,1.0000014221763796,137.5597910000888,7574.39557697888,7572.027890395011,-2.3676865838692702,137.5597910000888,bayes_h1_marginal_boundary,measured_graph,1.3257062006154974e-30,0.4614439615034746,59,h1_z
1.2589254117941661e-05,1.0000014685426628,137.1397211260828,7574.393002789978,7572.237925332014,-2.155077457963703,137.1397211260828,bayes_h1_marginal_boundary,measured_graph,1.635551793927725e-30,0.46144429560844963,59,h1_z
1.584893192461114e-05,1.000001537185823,136.7407864245215,7574.389861014853,7572.437392682795,-1.952468332058134,136.7407864245215,bayes_h1_marginal_boundary,measured_graph,1.9966036995315375e-30,0.46144419123344094,59,h1_z
1.9952623149688786e-05,1.0000016360276591,136.3631652289041,7574.386062486756,7572.6262032806035,-1.7598592061525666,136.3631652289041,bayes_h1_marginal_boundary,measured_graph,2.4115222440583344e-30,0.461443229894528,59,h1_z
2.5118864315095822e-05,1.0000017723943788,136.00701461242352,7574.381528669091,7572.804278588844,-1.5772500802469966,136.00701461242352,bayes_h1_marginal_boundary,measured_graph,2.881564837328114e-30,0.4614407086757754,59,h1_z
3.1622776601683795e-05,1.0000019492270174,135.67242576150966,7574.376213968642,7572.971573014301,-1.404640954341429,135.67242576150966,bayes_h1_marginal_boundary,measured_graph,3.406304292347258e-30,0.46143546568308075,59,h1_z
3.9810717055349695e-05,1.0000021601585178,135.35934552710387,7574.370144959939,7573.128113131504,-1.2420318284358616,135.35934552710387,bayes_h1_marginal_boundary,measured_graph,3.983528704028206e-30,0.4614256027453683,59,h1_z
5.011872336272725e-05,1.0000023874174924,135.06744322809936,7574.363486983536,7573.274064281006,-1.089422702530293,135.06744322809936,bayes_h1_marginal_boundary,measured_graph,4.6094990494693584e-30,0.4614080465203796,59,h1_z
6.309573444801929e-05,1.0000026078262614,134.79588992238496,7574.356654510488,7573.409840933863,-0.9468135766247254,134.79588992238496,bayes_h1_marginal_boundary,measured_graph,5.2798402305904045e-30,0.4613778589330832,59,h1_z
7.943282347242822e-05,1.00000280599573,134.54299928020555,7574.350490705672,7573.536286254953,-0.8142044507191568,134.54299928020555,bayes_h1_marginal_boundary,measured_graph,5.991496170544417e-30,0.461327167517092,59,h1_z
0.0001,1.0000029846258136,134.30565342807677,7574.346554505831,7573.654959181017,-0.6915953248135883,134.30565342807677,bayes_h1_marginal_boundary,measured_graph,6.746434108388742e-30,0.4612435352232028,59,h1_z
0.00012589254117941674,1.0000031643015266,134.07840409711935,7574.347570045404,7573.768583846496,-0.5789861989080206,134.07840409711935,bayes_h1_marginal_boundary,measured_graph,7.558242960410127e-30,0.46110753502700624,59,h1_z
0.00015848931924611142,1.0000033774186932,133.85210382149853,7574.358111057309,7573.881733984306,-0.47637707300245236,133.85210382149853,bayes_h1_marginal_boundary,measured_graph,8.46372080458141e-30,0.4608892780308181,59,h1_z
0.00019952623149688788,1.0000036648595052,133.61190265341793,7574.385602515444,7574.001834568347,-0.38376794709688455,133.61190265341793,bayes_h1_marginal_boundary,measured_graph,9.543778463333688e-30,0.46054378162721643,59,h1_z
0.0002511886431509582,1.00000407743179,133.3345004081184,7574.4416945121875,7574.140535690996,-0.30115882119131615,133.3345004081184,bayes_h1_marginal_boundary,measured_graph,1.0963708543423828e-29,0.4600056268658045,59,h1_z
0.00031622776601683794,1.0000046762615087,132.9848156203734,7574.543927780154,7574.315378084869,-0.22854969528574837,132.9848156203734,bayes_h1_marginal_boundary,measured_graph,1.3058418073498265e-29,0.45918489169297394,59,h1_z
0.00039810717055349735,1.0000055169259794,132.5130232842912,7574.71721482229,7574.55127425291,-0.16594056938017995,132.5130232842912,bayes_h1_marginal_boundary,measured_graph,1.653251680335504e-29,0.45796971490712735,59,h1_z
0.0005011872336272725,1.0000065859980884,131.8547350706176,7574.993749803221,7574.880418359747,-0.11333144347461188,131.8547350706176,bayes_h1_marginal_boundary,measured_graph,2.2976530083580245e-29,0.45624642668843834,59,h1_z
0.000630957344480193,1.0000076617612434,130.94035842163976,7575.408329001804,7575.337606684236,-0.07072231756904392,130.94035842163976,bayes_h1_marginal_boundary,measured_graph,3.6294332088796955e-29,0.4539524524495944,59,h1_z
0.0007943282347242822,1.0000082047636847,129.72299468961683,7575.984401741911,7575.946288550247,-0.03811319166347554,129.72299468961683,bayes_h1_marginal_boundary,measured_graph,6.670923868081281e-29,0.45116558461975254,59,h1_z
0.001,1.0000076480474385,128.23022968851365,7576.708175116557,7576.692671050799,-0.015504065757907535,128.23022968851365,bayes_h1_marginal_boundary,measured_graph,1.4071350654223284e-28,0.4481831379383641,59,h1_z
0.0012589254117941675,1.0000060964864785,126.6199231517785,7577.500719259018,7577.497824319166,-0.0028949398523394052,126.6199231517785,bayes_h1_marginal_boundary,measured_graph,3.1478164979219277e-28,0.4454809842657922,59,h1_z
0.001584893192461114,1.000004349033618,125.18096625576254,7578.217588581121,7578.217302767174,-0.0002858139467712683,125.18096625576254,bayes_h1_marginal_boundary,measured_graph,6.463606768101347e-28,0.4434999629774888,59,h1_z
0.0019952623149688807,1.0000030271020481,124.23407196319567,7578.698426601499,7578.690749913458,-0.007676688041203171,124.23407196319567,bayes_h1_marginal_boundary,measured_graph,1.0377444278827115e-27,0.44241939388982476,59,h1_z
0.002511886431509582,1.000002204741135,123.9874664557774,7578.839120229302,7578.814052667167,-0.025067562135635053,123.9874664557774,bayes_h1_marginal_boundary,measured_graph,1.1739243625772323e-27,0.44212639065012155,59,h1_z
0.0031622776601683794,1.0000017087933475,124.45488596922223,7578.632801346675,7578.580342910444,-0.05245843623006681,124.45488596922223,bayes_h1_marginal_boundary,measured_graph,9.292685901169872e-28,0.442349712358704,59,h1_z
0.003981071705534973,1.0000013724646921,125.46325428910131,7578.166008060829,7578.076158750505,-0.08984931032449865,125.46325428910131,bayes_h1_marginal_boundary,measured_graph,5.612765003181505e-28,0.442781292577367,59,h1_z
0.005011872336272725,1.0000010977727156,126.69252457678886,7577.59876379108,7577.461523606661,-0.13724018441893068,126.69252457678886,bayes_h1_marginal_boundary,measured_graph,3.0355976509468e-28,0.44309797335906087,59,h1_z
0.006309573444801936,1.0000008486105325,127.69119124189456,7577.156821332622,7576.962190274108,-0.19463105851336257,127.69119124189456,bayes_h1_marginal_boundary,measured_graph,1.8424109118954783e-28,0.4429021215801351,59,h1_z
0.00794328234724282,1.0000006277901414,127.85297915925548,7577.143318248036,7576.881296315428,-0.26202193260779433,127.85297915925548,bayes_h1_marginal_boundary,measured_graph,1.6992399000864975e-28,0.4416304896913955,59,h1_z
0.01,1.0000087609473587,126.38245147425368,7577.955972964631,7577.616560157929,-0.3394128067022262,126.38245147425368,bayes_h1_marginal_boundary,measured_graph,3.5446693236291954e-28,0.4384920046223981,59,h1_z
0.012589254117941675,1.000006621858255,122.31604686024548,7580.07656614573,7579.649762464933,-0.42680368079665804,122.31604686024548,bayes_h1_marginal_boundary,measured_graph,2.707598527980508e-27,0.4325363189644313,59,h1_z
0.01584893192461114,1.0000050276227146,114.70494412924745,7583.979508385323,7583.455313830432,-0.5241945548910899,114.70494412924745,bayes_h1_marginal_boundary,measured_graph,1.2170662741426288e-25,0.42291483648234984,59,h1_z
0.01995262314968881,1.0000038696751243,103.00281517867006,7589.937963734706,7589.3063783057205,-0.6315854289855218,103.00281517867006,bayes_h1_marginal_boundary,measured_graph,4.230573481966002e-23,0.4093652576301391,59,h1_z
0.025118864315095822,1.0000030292772386,87.52933611449589,7597.7920941408875,7597.043117837808,-0.7489763030799538,87.52933611449589,bayes_h1_marginal_boundary,measured_graph,9.692203620904289e-20,0.3926216651530172,59,h1_z
0.03162277660168379,1.0000024245598014,69.6325434948667,7606.867881324796,7605.991514147622,-0.8763671771743852,69.6325434948667,bayes_h1_marginal_boundary,measured_graph,7.458674740777737e-16,0.3743424896691708,59,h1_z
0.039810717055349734,1.000002018622722,51.26870527925894,7616.187191306695,7615.173433255426,-1.0137580512688171,51.26870527925894,bayes_h1_marginal_boundary,measured_graph,7.2496738784540946e-12,0.3564572249641189,59,h1_z
0.05011872336272725,1.0000018067434064,34.25147981488226,7624.843194912977,7623.682045987614,-1.1611489253632492,34.25147981488226,bayes_h1_marginal_boundary,measured_graph,3.593867230832297e-08,0.34042614363876395,59,h1_z
0.06309573444801936,1.0000018007398181,19.753653549829323,7632.249498919598,7630.930959120141,-1.3185397994576809,19.753653549829323,bayes_h1_marginal_boundary,measured_graph,5.055044721058485e-05,0.3269588634469593,59,h1_z
0.07943282347242822,1.0000020101532916,8.297430152395464,7638.14500149241,7636.659070818858,-1.4859306735521132,8.297430152395464,bayes_h1_marginal_boundary,measured_graph,0.015538614936749453,0.3161981766215967,59,h1_z
0.1,1.0000023971897338,-0.0,7642.471107442702,7640.8077858950555,-1.663321547646544,-0.0,bayes_h1_marginal_boundary,measured_graph,0.9844107986701172,0.30801853668206486,59,h1_z
1e-05,1.0000001419339797,12.183798185318665,6368.448223140946,6366.080536557077,-2.3676865838692702,12.183798185318665,bayes_h1_marginal_boundary,measured_graph,0.0004287980712686752,0.12109464636588119,60,h1_z
1.2589254117941661e-05,1.0000002103463332,11.759724190498673,6368.4476510124505,6366.292573554487,-2.155077457963703,11.759724190498673,bayes_h1_marginal_boundary,measured_graph,0.0005300774400541107,0.121091485698204,60,h1_z
1.584893192461114e-05,1.000000315553869,11.354098701962357,6368.447854630813,6366.495386298755,-1.952468332058134,11.354098701962357,bayes_h1_marginal_boundary,measured_graph,0.0006492616884929729,0.12108568344568568,60,h1_z
1.9952623149688786e-05,1.0000004776842248,10.965447831129495,6368.449570940324,6366.689711734171,-1.7598592061525666,10.965447831129495,bayes_h1_marginal_boundary,measured_graph,0.0007885227741515886,0.12107550834575537,60,h1_z
2.5118864315095822e-05,1.000000731283386,10.591303474497181,6368.454033992734,6366.876783912488,-1.5772500802469966,10.591303474497181,bayes_h1_marginal_boundary,measured_graph,0.0009507331912448112,0.12105819794741061,60,h1_z
3.1622776601683795e-05,1.0000000049426538,10.227563043790724,6368.463295082182,6367.058654127841,-1.404640954341429,10.227563043790724,bayes_h1_marginal_boundary,measured_graph,0.0011403650193341534,0.12102946476368939,60,h1_z
3.9810717055349695e-05,1.0000000093977373,9.867745333780476,6368.480594811282,6367.238562982846,-1.2420318284358616,9.867745333780476,bayes_h1_marginal_boundary,measured_graph,0.0013651403700609898,0.1209824471728987,60,h1_z
5.011872336272725e-05,1.000000019355639,9.501426584278306,6368.511145060127,6367.421722357597,-1.089422702530293,9.501426584278306,bayes_h1_marginal_boundary,measured_graph,0.0016395415061201395,0.12090693105265549,60,h1_z
6.309573444801929e-05,1.0000000427528228,9.112488676501016,6368.56300488811,6367.616191311486,-0.9468135766247254,9.112488676501016,bayes_h1_marginal_boundary,measured_graph,0.001991494948685011,0.12078788009193467,60,h1_z
7.943282347242822e-05,1.0000000978898258,8.676710668592932,6368.648284766159,6367.83408031544,-0.8142044507191568,8.676710668592932,bayes_h1_marginal_boundary,measured_graph,0.002476322486154025,0.12060449278082769,60,h1_z
0.0001,1.0000002190613144,8.159431938043781,6368.784315005528,6368.092719680714,-0.6915953248135883,8.159431938043781,bayes_h1_marginal_boundary,measured_graph,0.003207250270307994,0.12033079307695708,60,h1_z
0.00012589254117941674,1.000000441459829,7.514983374514486,6368.993930161387,6368.414943962479,-0.5789861989080206,7.514983374514486,bayes_h1_marginal_boundary,measured_graph,0.004426628521412488,0.1199404121693348,60,h1_z
0.00015848931924611142,1.0000007236126454,6.6918827937279275,6369.302871325875,6368.826494252872,-0.47637707300245236,6.6918827937279275,bayes_h1_marginal_boundary,measured_graph,0.006680471230747396,0.11941903801508316,60,h1_z
0.00019952623149688788,1.0000008608330608,5.650364242470459,6369.731021475598,6369.347253528501,-0.38376794709688455,5.650364242470459,bayes_h1_marginal_boundary,measured_graph,0.011245272343737543,0.1187847391495607,60,h1_z
0.0002511886431509582,1.0000006682777327,4.396677386161173,6370.275255777847,6369.974096956656,-0.30115882119131615,4.396677386161173,bayes_h1_marginal_boundary,measured_graph,0.021047698776459112,0.11810416782822616,60,h1_z
0.00031622776601683794,1.000000317617191,3.0219167034920247,6370.890026993276,6370.66147729799,-0.22854969528574837,3.0219167034920247,bayes_h1_marginal_boundary,measured_graph,0.04185333879091814,0.11748001776219431,60,h1_z
0.00039810717055349735,1.0000000939907094,1.7072246411389642,6371.484763898547,6371.318823329167,-0.16594056938017995,1.7072246411389642,bayes_h1_marginal_boundary,measured_graph,0.08076289218330768,0.11700340520848548,60,h1_z
0.0005011872336272725,1.0000015367176838,0.6677743909731362,6371.951879897724,6371.83854845425,-0.11333144347461188,0.6677743909731362,bayes_h1_marginal_boundary,measured_graph,0.1358080823555537,0.11671106322721544,60,h1_z
0.000630957344480193,1.0000004164209881,0.07152481831144542,6372.207395558149,6372.13667324058,-0.07072231756904392,0.07152481831144542,bayes_h1_marginal_boundary,measured_graph,0.18297829079955896,0.11658777863604963,60,h1_z
0.0007943282347242822,1.0000001243573566,-0.0,6372.2105488414,6372.172435649736,-0.03811319166347554,-0.0,bayes_h1_marginal_boundary,measured_graph,0.1896404527500315,0.1165979908611168,60,h1_z
0.001,1.0000000480166438,0.46439407798425236,6371.955742676502,6371.940238610744,-0.015504065757907535,0.46439407798425236,bayes_h1_marginal_boundary,measured_graph,0.15034503507736205,0.11671320588971705,60,h1_z
0.0012589254117941675,1.0000000254422534,1.4443059271325183,6371.453177626022,6371.45028268617,-0.0028949398523394052,1.4443059271325183,bayes_h1_marginal_boundary,measured_graph,0.09210939639437979,0.11691986396519363,60,h1_z
0.001584893192461114,1.0000000178061814,2.914284179390961,6370.715579373988,6370.715293560041,-0.0002858139467712683,2.914284179390961,bayes_h1_marginal_boundary,measured_graph,0.044167438662396974,0.11721486211004782,60,h1_z
0.0019952623149688807,1.0000000153249884,4.846512575240922,6369.756856050157,6369.749179362116,-0.007676688041203171,4.846512575240922,bayes_h1_marginal_boundary,measured_graph,0.016808313880335532,0.11759575024714933,60,h1_z
0.002511886431509582,1.000000015333777,7.194760939641128,6368.600122742051,6368.575055179916,-0.025067562135635053,7.194760939641128,bayes_h1_marginal_boundary,measured_graph,0.005195274464698955,0.11804986511903964,60,h1_z
0.0031622776601683794,1.000000017231389,9.876935678323207,6367.286426246805,6367.2339678105745,-0.05245843623006681,9.876935678323207,bayes_h1_marginal_boundary,measured_graph,0.0013588817057193382,0.11854736008944747,60,h1_z
0.003981071705534973,1.0000000212700253,12.781909443045151,6365.871330238538,6365.781480928214,-0.08984931032449865,12.781909443045151,bayes_h1_marginal_boundary,measured_graph,0.0003179615561649594,0.11904555660765066,60,h1_z
0.005011872336272725,1.0000000285384578,15.81715948506644,6364.401096091622,6364.263855907203,-0.13724018441893068,15.81715948506644,bayes_h1_marginal_boundary,measured_graph,6.970732893128643e-05,0.11950852949958124,60,h1_z
0.006309573444801936,1.0000000419752053,18.978978054341496,6362.877577681079,6362.682946622565,-0.19463105851336257,18.978978054341496,bayes_h1_marginal_boundary,measured_graph,1.4344924370885723e-05,0.11993328723565759,60,h1_z
0.00794328234724282,1.0000000694893032,22.394034629525777,6361.237440267581,6360.975418334973,-0.26202193260779433,22.394034629525777,bayes_h1_marginal_boundary,measured_graph,2.600926921255655e-06,0.12036350435406605,60,h1_z
0.01,1.0000001332568487,26.291275080227933,6359.366210916324,6359.026798109622,-0.3394128067022262,26.291275080227933,bayes_h1_marginal_boundary,measured_graph,3.7055539335834874e-07,0.12087792844775196,60,h1_z
0.012589254117941675,1.0000002998299913,30.91904048797369,6357.139719086546,6356.712915405749,-0.42680368079665804,30.91904048797369,bayes_h1_marginal_boundary,measured_graph,3.663925620166316e-08,0.12156169640114656,60,h1_z
0.01584893192461114,1.000000782320393,36.47241350339027,6354.460423452932,6353.936228898041,-0.5241945548910899,36.47241350339027,bayes_h1_marginal_boundary,measured_graph,2.280588974414678e-09,0.12248584347829436,60,h1_z
0.01995262314968881,1.000002281564839,43.07370513003298,6351.267168513705,6350.63558308472,-0.6315854289855218,43.07370513003298,bayes_h1_marginal_boundary,measured_graph,8.406103964390316e-11,0.12371233839771242,60,h1_z
0.025118864315095822,1.0000001462077655,50.76683267229964,6347.537995616666,6346.789019313586,-0.7489763030799538,50.76683267229964,bayes_h1_marginal_boundary,measured_graph,1.794954056316979e-12,0.12531337287559038,60,h1_z
0.03162277660168379,1.0000006005505044,59.45789976181368,6343.319852946003,6342.443485768829,-0.8763671771743852,59.45789976181368,bayes_h1_marginal_boundary,measured_graph,2.3270841997296562e-14,0.12737167338397387,60,h1_z
0.039810717055349734,1.0000019760098249,68.81824869749107,6338.77706935226,6337.763311300991,-1.0137580512688171,68.81824869749107,bayes_h1_marginal_boundary,measured_graph,2.1589279642104798e-16,0.1299414003764404,60,h1_z
0.05011872336272725,1.0000044299052602,78.28579142917806,6334.19068886051,6333.029539935147,-1.1611489253632492,78.28579142917806,bayes_h1_marginal_boundary,measured_graph,1.8983984426135294e-18,0.1329718614522788,60,h1_z
0.06309573444801936,1.0000059196770226,87.25555483973767,6329.863198029325,6328.544658229867,-1.3185397994576809,87.25555483973767,bayes_h1_marginal_boundary,measured_graph,2.141055831310679e-20,0.13625004457181178,60,h1_z
0.07943282347242822,1.0000043712017215,95.33843144173989,6325.989150602419,6324.503219928866,-1.4859306735521132,95.33843144173989,bayes_h1_marginal_boundary,measured_graph,3.762301877201741e-22,0.1394428019432818,60,h1_z
0.1,1.0000017612646508,102.46511314231611,6322.603200626225,6320.939879078578,-1.663321547646544,102.46511314231611,bayes_h1_marginal_boundary,measured_graph,1.066385842876824e-23,0.14224654129664902,60,h1_z
1e-05,1.0000008201139712,11.38415305223316,5486.807917673126,5484.440231089257,-2.3676865838692702,11.38415305223316,bayes_h1_marginal_boundary,measured_graph,0.0004594833964074606,0.0695341791612072,61,h1_z
1.2589254117941661e-05,1.000000931958221,10.900834719488557,5486.836967713593,5484.68189025563,-2.155077457963703,10.900834719488557,bayes_h1_marginal_boundary,measured_graph,0.0005850878304435378,0.0695056464882738,61,h1_z
1.584893192461114e-05,1.0000010955622505,10.415531055972679,5486.8770104194455,5484.924542087388,-1.952468332058134,10.415531055972679,bayes_h1_marginal_boundary,measured_graph,0.0007457674372078675,0.06946558500427556,61,h1_z
1.9952623149688786e-05,1.0000013308615805,9.918872650481717,5486.932730496285,5485.172871290133,-1.7598592061525666,9.918872650481717,bayes_h1_marginal_boundary,measured_graph,0.0009559857508541946,0.06940897529532562,61,h1_z
2.5118864315095822e-05,1.000001661639516,9.397409448520193,5487.010852971361,5485.433602891114,-1.5772500802469966,9.397409448520193,bayes_h1_marginal_boundary,measured_graph,0.001240754087644334,0.06932880316040285,61,h1_z
3.1622776601683795e-05,1.0000021122369234,8.832225266805835,5487.120835936313,5485.716194981971,-1.404640954341429,8.832225266805835,bayes_h1_marginal_boundary,measured_graph,0.0016459396234851222,0.06921574071820814,61,h1_z
3.9810717055349695e-05,1.000002692916211,8.197782365312378,5487.2754482611535,5486.033416432718,-1.2420318284358616,8.197782365312378,bayes_h1_marginal_boundary,measured_graph,0.002260379843662452,0.06905849932991681,61,h1_z
5.011872336272725e-05,1.0000033536404342,7.462206245323614,5487.490627195242,5486.401204492712,-1.089422702530293,7.462206245323614,bayes_h1_marginal_boundary,measured_graph,0.003265199722385982,0.0688458724499094,61,h1_z
6.309573444801929e-05,1.000003898581061,6.591615108072801,5487.783313637962,5486.836500061338,-0.9468135766247254,6.591615108072801,bayes_h1_marginal_boundary,measured_graph,0.00504610420087265,0.0685718404440863,61,h1_z
7.943282347242822e-05,1.0000039642383418,5.562564083917096,5488.165230024135,5487.351025573415,-0.8142044507191568,5.562564083917096,bayes_h1_marginal_boundary,measured_graph,0.00844134800659921,0.06824401513941186,61,h1_z
0.0001,1.0000032945523156,4.385205710430455,5488.631300084972,5487.939704760159,-0.6915953248135883,4.385205710430455,bayes_h1_marginal_boundary,measured_graph,0.015207993823020446,0.06789120495713223,61,h1_z
0.00012589254117941674,1.0000021609362444,3.1294742250956915,5489.146556701734,5488.567570502826,-0.5789861989080206,3.1294742250956915,bayes_h1_marginal_boundary,measured_graph,0.028493812022622578,0.06756005391647625,61,h1_z
0.00015848931924611142,1.0000011603651093,1.9293272519480524,5489.644021062402,5489.1676439894,-0.47637707300245236,1.9293272519480524,bayes_h1_marginal_boundary,measured_graph,0.051922926078958306,0.06729517163590434,61,h1_z
0.00019952623149688788,1.0000005738647977,0.9427035461721971,5490.044723789385,5489.660955842288,-0.38376794709688455,0.9427035461721971,bayes_h1_marginal_boundary,measured_graph,0.08503579463064599,0.0671165373074235,61,h1_z
0.0002511886431509582,1.0000003051493747,0.2868866979970335,5490.290023087567,5489.9888642663755,-0.30115882119131615,0.2868866979970335,bayes_h1_marginal_boundary,measured_graph,0.11803494270361034,0.06701528242526664,61,h1_z
0.00031622776601683794,1.0000001945911214,-0.0,5490.360857310659,5490.132307615374,-0.22854969528574837,-0.0,bayes_h1_marginal_boundary,measured_graph,0.13624081987848968,0.06696768903096627,61,h1_z
0.00039810717055349735,1.000000150772758,0.050001274819805985,5490.273247547344,5490.107306977964,-0.16594056938017995,0.050001274819805985,bayes_h1_marginal_boundary,measured_graph,0.13287693735325495,0.06695038623565751,61,h1_z
0.0005011872336272725,1.0000001344824332,0.3686544711690658,5490.061311823264,5489.947980379789,-0.11333144347461188,0.3686544711690658,bayes_h1_marginal_boundary,measured_graph,0.11330653200311397,0.06694692056491298,61,h1_z
0.000630957344480193,1.000000129583502,0.8817722757194133,5489.762143795083,5489.691421477514,-0.07072231756904392,0.8817722757194133,bayes_h1_marginal_boundary,measured_graph,0.08766633115517976,0.06694751065485063,61,h1_z
0.0007943282347242822,1.000000128927131,1.5248695103528007,5489.407986051861,5489.369872860198,-0.03811319166347554,1.5248695103528007,bayes_h1_marginal_boundary,measured_graph,0.06356031509248278,0.0669465708059401,61,h1_z
0.001,1.0000001289564606,2.2469209388891613,5489.024351211688,5489.008847145929,-0.015504065757907535,2.2469209388891613,bayes_h1_marginal_boundary,measured_graph,0.044299065622698024,0.06694045987626944,61,h1_z
0.0012589254117941675,1.0000001276219095,3.0081364530869905,5488.6311343286825,5488.6282393888305,-0.0028949398523394052,3.0081364530869905,bayes_h1_marginal_boundary,measured_graph,0.03027601538761121,0.06692599654951771,61,h1_z
0.001584893192461114,1.0000001235569924,3.7761819488932815,5488.244502454874,5488.244216640927,-0.0002858139467712683,3.7761819488932815,bayes_h1_marginal_boundary,measured_graph,0.020621476469588597,0.06689962236899599,61,h1_z
0.0019952623149688807,1.0000001158604153,4.523579297318065,5487.878194654756,5487.870517966715,-0.007676688041203171,4.523579297318065,bayes_h1_marginal_boundary,measured_graph,0.014191375282031552,0.06685713636834269,61,h1_z
0.002511886431509582,1.0000001042415159,5.22833612100294,5487.543207117008,5487.5181395548725,-0.025067562135635053,5.22833612100294,bayes_h1_marginal_boundary,measured_graph,0.009976736109864255,0.06679418123027574,61,h1_z
0.0031622776601683794,1.0000000893022183,5.879436088687726,5487.24504800726,5487.19258957103,-0.05245843623006681,5.879436088687726,bayes_h1_marginal_boundary,measured_graph,0.007204501290326761,0.06670781579803947,61,h1_z
0.003981071705534973,1.000000072615813,6.48679790897404,5486.978757971211,5486.888908660887,-0.08984931032449865,6.48679790897404,bayes_h1_marginal_boundary,measured_graph,0.005317616091095537,0.06659918426339059,61,h1_z
0.005011872336272725,1.000000056314422,7.090248328726375,5486.72442363543,5486.587183451011,-0.13724018441893068,7.090248328726375,bayes_h1_marginal_boundary,measured_graph,0.003932596480829143,0.06647621831666407,61,h1_z
0.006309573444801936,1.0000000422823163,7.756783115213693,5486.448547116281,5486.253916057767,-0.19463105851336257,7.756783115213693,bayes_h1_marginal_boundary,measured_graph,0.0028180143243572656,0.06635410272145262,61,h1_z
0.00794328234724282,1.000000031477236,8.558630697829358,5486.115014199067,5485.852992266459,-0.26202193260779433,8.558630697829358,bayes_h1_marginal_boundary,measured_graph,0.001887227281954451,0.06625171816923874,61,h1_z
0.01,1.0000000238246165,9.54043619951517,5485.701502322318,5485.362089515616,-0.3394128067022262,9.54043619951517,bayes_h1_marginal_boundary,measured_graph,0.0011551219865729252,0.06618538014214359,61,h1_z
0.012589254117941675,1.000000018576252,10.697894714840004,5485.210163938751,5484.783360257954,-0.42680368079665804,10.697894714840004,bayes_h1_marginal_boundary,measured_graph,0.0006475732896370203,0.06616407938631695,61,h1_z
0.01584893192461114,1.0000016189230396,11.98381162286205,5484.664596358834,5484.140401803943,-0.5241945548910899,11.98381162286205,bayes_h1_marginal_boundary,measured_graph,0.00034045178731848945,0.06618921448276034,61,h1_z
0.01995262314968881,1.0000013464249267,13.336017430739957,5484.095884328989,5483.464298900004,-0.6315854289855218,13.336017430739957,bayes_h1_marginal_boundary,measured_graph,0.0001731521378959952,0.06625837170805554,61,h1_z
0.025118864315095822,1.000001102567606,14.709943332143666,5483.526312252382,5482.777335949302,-0.7489763030799538,14.709943332143666,bayes_h1_marginal_boundary,measured_graph,8.711313421445303e-05,0.06636958072485083,61,h1_z
0.03162277660168379,1.00000090143644,16.10054591289736,5482.958401836099,5482.082034658925,-0.8763671771743852,16.10054591289736,bayes_h1_marginal_boundary,measured_graph,4.3462842461261964e-05,0.06652531775468917,61,h1_z
0.039810717055349734,1.0000007753336033,17.549838887962323,5482.371146222662,5481.357388171393,-1.0137580512688171,17.549838887962323,bayes_h1_marginal_boundary,measured_graph,2.1057565236834184e-05,0.0667346531129779,61,h1_z
0.05011872336272725,1.000000754533651,19.13885305652184,5481.724030012476,5480.562881087113,-1.1611489253632492,19.13885305652184,bayes_h1_marginal_boundary,measured_graph,9.513889704322995e-06,0.06701356070084027,61,h1_z
0.06309573444801936,1.0000008766398223,20.96647396393928,5480.967610432862,5479.649070633404,-1.3185397994576809,20.96647396393928,bayes_h1_marginal_boundary,measured_graph,3.815006434044464e-06,0.06738341701136914,61,h1_z
0.07943282347242822,1.0000012073041433,23.123944674849554,5480.056265951502,5478.570335277949,-1.4859306735521132,23.123944674849554,bayes_h1_marginal_boundary,measured_graph,1.2971985735233182e-06,0.06786856773271338,61,h1_z
0.1,1.000001818599171,25.675582968673552,5478.957837678684,5477.294516131037,-1.663321547646544,25.675582968673552,bayes_h1_marginal_boundary,measured_graph,3.6218065266673565e-07,0.06849331097571422,61,h1_z
1e-05,1.0000048262042802,4.352153048352193,7108.1832068935755,7105.815520309707,-2.3676865838692702,4.352153048352193,bayes_h1_marginal_boundary,measured_graph,0.0074138320269305814,0.46585564749611347,62,h1_z
1.2589254117941661e-05,1.0000048399245522,3.927221081174139,7108.183063751259,7106.027986293296,-2.155077457963703,3.927221081174139,bayes_h1_marginal_boundary,measured_graph,0.009168864325410942,0.46585614231753736,62,h1_z
1.584893192461114e-05,1.0000048609882397,3.522371995191861,7108.182879168345,7106.230410836287,-1.952468332058134,3.522371995191861,bayes_h1_marginal_boundary,measured_graph,0.011226061275398783,0.46585674844602587,62,h1_z
1.9952623149688786e-05,1.0000048924253444,3.137632321595447,7108.182639879237,7106.422780673085,-1.7598592061525666,3.137632321595447,bayes_h1_marginal_boundary,measured_graph,0.013607319025858017,0.4658574851776393,62,h1_z
2.5118864315095822e-05,1.0000049374946032,2.773038370150971,7108.182327729054,7106.605077648807,-1.5772500802469966,2.773038370150971,bayes_h1_marginal_boundary,measured_graph,0.01632838145698093,0.465858371578217,62,h1_z
3.1622776601683795e-05,1.000004998504881,2.428640421587261,7108.181917577431,7106.777276623089,-1.404640954341429,2.428640421587261,bayes_h1_marginal_boundary,measured_graph,0.019396715772368442,0.4658594236416753,62,h1_z
3.9810717055349695e-05,1.000005074747176,2.10450899283569,7108.181374165901,7106.939342337465,-1.2420318284358616,2.10450899283569,bayes_h1_marginal_boundary,measured_graph,0.02280932574028652,0.4658606491117549,62,h1_z
5.011872336272725e-05,1.000005160382035,1.8007443743681506,7108.180647349229,7107.091224646699,-1.089422702530293,1.8007443743681506,bayes_h1_marginal_boundary,measured_graph,0.026550585104079427,0.46586203815245614,62,h1_z
6.309573444801929e-05,1.0000052445359295,1.5174913727078092,7108.179664724154,7107.232851147529,-0.9468135766247254,1.5174913727078092,bayes_h1_marginal_boundary,measured_graph,0.030590156863808775,0.4658635468226845,62,h1_z
7.943282347242822e-05,1.0000053154399802,1.2549622022943367,7108.178320183455,7107.364115732736,-0.8142044507191568,1.2549622022943367,bayes_h1_marginal_boundary,measured_graph,0.034881021031361543,0.46586506911931624,62,h1_z
0.0001,1.0000053664898998,1.0134718817043904,7108.176456217844,7107.484860893031,-0.6915953248135883,1.0134718817043904,bayes_h1_marginal_boundary,measured_graph,0.03935755815817936,0.46586639253748674,62,h1_z
0.00012589254117941674,1.00000539902737,0.7934928694721748,7108.173836598055,7107.594850399147,-0.5789861989080206,0.7934928694721748,bayes_h1_marginal_boundary,measured_graph,0.04393351804312893,0.46586713067408414,62,h1_z
0.00015848931924611142,1.0000054200611033,0.595739807064092,7108.170104003353,7107.693726930351,-0.47637707300245236,0.595739807064092,bayes_h1_marginal_boundary,measured_graph,0.048499528144444366,0.46586662359948716,62,h1_z
0.00019952623149688788,1.0000054384311996,0.4213014852248307,7108.1647140383675,7107.78094609127,-0.38376794709688455,0.4213014852248307,bayes_h1_marginal_boundary,measured_graph,0.05291957085168126,0.4658637955687165,62,h1_z
0.0002511886431509582,1.0000054628488497,0.2718457598002715,7108.156832775174,7107.855673953983,-0.30115882119131615,0.2718457598002715,bayes_h1_marginal_boundary,measured_graph,0.057025645776257246,0.46585696683078687,62,h1_z
0.00031622776601683794,1.0000055020310452,0.14993440962280147,7108.145179324357,7107.916629629071,-0.22854969528574837,0.14993440962280147,bayes_h1_marginal_boundary,measured_graph,0.06060981039239915,0.465843642382539,62,h1_z
0.00039810717055349735,1.0000055654898266,0.05949739343850524,7108.1277887065435,7107.9618481371635,-0.16594056938017995,0.05949739343850524,bayes_h1_marginal_boundary,measured_graph,0.06341340508264444,0.46582036535841453,62,h1_z
0.0005011872336272725,1.000005663559514,0.006522673182189465,7108.101666940766,7107.988335497292,-0.11333144347461188,0.006522673182189465,bayes_h1_marginal_boundary,measured_graph,0.06511550128564614,0.46578285492624294,62,h1_z
0.000630957344480193,1.0000058055119971,-0.0,7108.062319151451,7107.991596833883,-0.07072231756904392,-0.0,bayes_h1_marginal_boundary,measured_graph,0.06532821152394047,0.4657268522186697,62,h1_z
0.0007943282347242822,1.0000059952129876,0.05307567013915104,7108.003172190477,7107.965058998813,-0.03811319166347554,0.05307567013915104,bayes_h1_marginal_boundary,measured_graph,0.06361734398769306,0.46565023932770433,62,h1_z
0.001,1.0000062264900478,0.18416857971715217,7107.9150166097825,7107.899512544024,-0.015504065757907535,0.18416857971715217,bayes_h1_marginal_boundary,measured_graph,0.05958117584101006,0.46555660889566786,62,h1_z
0.0012589254117941675,1.0000064862092404,0.417417096268764,7107.7857832256,7107.782888285748,-0.0028949398523394052,0.417417096268764,bayes_h1_marginal_boundary,measured_graph,0.05302245082408682,0.46545883880210775,62,h1_z
0.001584893192461114,1.0000067752287884,0.7813765927876375,7107.601194351436,7107.600908537489,-0.0002858139467712683,0.7813765927876375,bayes_h1_marginal_boundary,measured_graph,0.04420048120670037,0.4653787599863045,62,h1_z
0.0019952623149688807,1.0000071427634925,1.304902046938878,7107.3468224984545,7107.339145810413,-0.007676688041203171,1.304902046938878,bayes_h1_marginal_boundary,measured_graph,0.034020828805691954,0.4653391149467763,62,h1_z
0.002511886431509582,1.0000077119373292,2.0104965688369703,7107.0114161116,7106.986348549464,-0.025067562135635053,2.0104965688369703,bayes_h1_marginal_boundary,measured_graph,0.02390710483112005,0.4653497680898392,62,h1_z
0.0031622776601683794,1.0000003635248247,2.9072595876223204,7106.590425476302,7106.537967040072,-0.05245843623006681,2.9072595876223204,bayes_h1_marginal_boundary,measured_graph,0.01526853505740336,0.465397473192768,62,h1_z
0.003981071705534973,1.0000004519463586,3.989294583792798,7106.0867988523105,7105.996949541986,-0.08984931032449865,3.989294583792798,bayes_h1_marginal_boundary,measured_graph,0.008888663320316043,0.46543063025411113,62,h1_z
0.005011872336272725,1.0000006250346183,5.233355119360567,7105.512159458622,7105.3749192742025,-0.13724018441893068,5.233355119360567,bayes_h1_marginal_boundary,measured_graph,0.004771908896382807,0.4653644439081843,62,h1_z
0.006309573444801936,1.0000009842705,6.60317382437097,7104.884640980211,7104.690009921697,-0.19463105851336257,6.60317382437097,bayes_h1_marginal_boundary,measured_graph,0.002405690711040534,0.4650710743142484,62,h1_z
0.00794328234724282,1.0000017733077406,8.05515094509974,7104.226043293941,7103.964021361333,-0.26202193260779433,8.05515094509974,bayes_h1_marginal_boundary,measured_graph,0.0011639838793966587,0.46439913391988197,62,h1_z
0.01,1.0000035414279442,9.553027007201308,7103.554496136984,7103.215083330282,-0.3394128067022262,9.553027007201308,bayes_h1_marginal_boundary,measured_graph,0.0005504112619651878,0.4632364056149276,62,h1_z
0.012589254117941675,1.000007307952664,11.094830740121324,7102.870985144619,7102.444181463822,-0.42680368079665804,11.094830740121324,bayes_h1_marginal_boundary,measured_graph,0.00025461787233684914,0.4616219131774487,62,h1_z
0.01584893192461114,1.0000143348457085,12.74402013582403,7102.143781320862,7101.619586765971,-0.5241945548910899,12.74402013582403,bayes_h1_marginal_boundary,measured_graph,0.00011162769514237741,0.4598540213272553,62,h1_z
0.01995262314968881,1.000002512557729,14.640968300822351,7101.302698112457,7100.671112683472,-0.6315854289855218,14.640968300822351,bayes_h1_marginal_boundary,measured_graph,4.323693474927724e-05,0.45850264461245044,62,h1_z
0.025118864315095822,1.0000042276220964,16.983872913378946,7100.248636680273,7099.499660377193,-0.7489763030799538,16.983872913378946,bayes_h1_marginal_boundary,measured_graph,1.339984037724865e-05,0.45825344780186333,62,h1_z
0.03162277660168379,1.000005988848093,19.967633198240947,7098.884147411936,7098.007780234762,-0.8763671771743852,19.967633198240947,bayes_h1_marginal_boundary,measured_graph,3.0142849935175907e-06,0.459740961585659,62,h1_z
0.039810717055349734,1.00000715146973,23.72233490519102,7097.1441874325565,7096.130429381287,-1.0137580512688171,23.72233490519102,bayes_h1_marginal_boundary,measured_graph,4.6117015644679784e-07,0.463397073332163,62,h1_z
0.05011872336272725,1.0000070588535737,28.2545141362516,7095.02548869112,7093.864339765757,-1.1611489253632492,28.2545141362516,bayes_h1_marginal_boundary,measured_graph,4.783116728596958e-08,0.4693800203686502,62,h1_z
0.06309573444801936,1.0000054883771294,33.41554524869389,7092.602364008993,7091.283824209536,-1.3185397994576809,33.41554524869389,bayes_h1_marginal_boundary,measured_graph,3.6224909830735254e-09,0.47750653072606064,62,h1_z
0.07943282347242822,1.0000031529998232,38.9250892720429,7090.014982871414,7088.529052197861,-1.4859306735521132,38.9250892720429,bayes_h1_marginal_boundary,measured_graph,2.3047563995803985e-10,0.48721128107409734,62,h1_z
0.1,1.000001269229684,44.457339560112814,7087.426248601473,7085.762927053826,-1.663321547646544,44.457339560112814,bayes_h1_marginal_boundary,measured_graph,1.4498135128643534e-11,0.4976528465788095,62,h1_z
1e-05,1.000000076983273,4.442030398093266,6253.983767799195,6251.616081215327,-2.3676865838692702,4.442030398093266,bayes_h1_marginal_boundary,measured_graph,0.0066757738498344965,0.7324633500626219,63,h1_z
1.2589254117941661e-05,1.00000007742405,4.016901326733205,6253.98372320897,6251.828645751007,-2.155077457963703,4.016901326733205,bayes_h1_marginal_boundary,measured_graph,0.008256903727003509,0.7324633429826048,63,h1_z
1.584893192461114e-05,1.0000000780508893,3.6118021161764773,6253.983663688343,6252.031195356285,-1.952468332058134,3.6118021161764773,bayes_h1_marginal_boundary,measured_graph,0.010110750574567416,0.7324633298755351,63,h1_z
1.9952623149688786e-05,1.00000007890232,3.2267444542394514,6253.983583393406,6252.2237241872535,-1.7598592061525666,3.2267444542394514,bayes_h1_marginal_boundary,measured_graph,0.01225737874340095,0.7324633067489684,63,h1_z
2.5118864315095822e-05,1.0000000799839959,2.8617453657498118,6253.983473811745,6252.406223731498,-1.5772500802469966,2.8617453657498118,bayes_h1_marginal_boundary,measured_graph,0.014711472716595973,0.7324632671705819,63,h1_z
3.1622776601683795e-05,1.0000000812384215,2.516829943850098,6253.98332239679,6252.578681442448,-1.404640954341429,2.516829943850098,bayes_h1_marginal_boundary,measured_graph,0.01748048921996112,0.7324632008161728,63,h1_z
3.9810717055349695e-05,1.0000000825357545,2.1920355765905697,6253.983110454514,6252.741078626078,-1.2420318284358616,2.1920355765905697,bayes_h1_marginal_boundary,measured_graph,0.020562777849612853,0.7324630911511623,63,h1_z
5.011872336272725e-05,1.0000000837154384,1.8874185132153798,6253.982809860296,6252.893387157766,-1.089422702530293,1.8874185132153798,bayes_h1_marginal_boundary,measured_graph,0.023945755207768697,0.732462911738162,63,h1_z
6.309573444801929e-05,1.0000000846656867,1.603064092427303,6253.982377944784,6253.03556436816,-0.9468135766247254,1.603064092427303,bayes_h1_marginal_boundary,measured_graph,0.02760420960350941,0.7324626203986017,63,h1_z
7.943282347242822e-05,1.000000085375458,1.3391027019788453,6253.981749514103,6253.167545063384,-0.8142044507191568,1.3391027019788453,bayes_h1_marginal_boundary,measured_graph,0.03149878514250742,0.7324621500482179,63,h1_z
0.0001,1.0000000859175582,1.0957347005423799,6253.980824388916,6253.289229064102,-0.6915953248135883,1.0957347005423799,bayes_h1_marginal_boundary,measured_graph,0.035574638379318145,0.7324613943778918,63,h1_z
0.00012589254117941674,1.0000000863961267,0.8732693152178399,6253.979447955672,6253.400461756764,-0.5789861989080206,0.8732693152178399,bayes_h1_marginal_boundary,measured_graph,0.03976017056183845,0.7324601856066251,63,h1_z
0.00015848931924611142,1.0000000869102637,0.6721852041064267,6253.977380885322,6253.50100381232,-0.47637707300245236,0.6721852041064267,bayes_h1_marginal_boundary,measured_graph,0.043965609547673,0.7324582603043956,63,h1_z
0.00019952623149688788,1.0000000875474215,0.49322426415346854,6253.974252229394,6253.5904842822965,-0.38376794709688455,0.49322426415346854,bayes_h1_marginal_boundary,measured_graph,0.04808105329380227,0.732455207918271,63,h1_z
0.0002511886431509582,1.0000000883926732,0.33753559872639016,6253.969487436201,6253.66832861501,-0.30115882119131615,0.33753559872639016,bayes_h1_marginal_boundary,measured_graph,0.05197342497686865,0.7324503957759242,63,h1_z
0.00031622776601683794,1.000000089538826,0.20689304564984923,6253.962199586834,6253.733649891548,-0.22854969528574837,0.20689304564984923,bayes_h1_marginal_boundary,measured_graph,0.05548173160782129,0.7324428659554746,63,h1_z
0.00039810717055349735,1.0000000910868783,0.10401541178907792,6253.951029277859,6253.785088708479,-0.16594056938017995,0.10401541178907792,bayes_h1_marginal_boundary,measured_graph,0.05841032214523928,0.7324312083587718,63,h1_z
0.0005011872336272725,1.0000000931236201,0.03301769619065453,6253.933919009753,6253.820587566278,-0.11333144347461188,0.03301769619065453,bayes_h1_marginal_boundary,measured_graph,0.06052106468672357,0.732413440646842,63,h1_z
0.000630957344480193,1.0000000956527917,-0.0,6253.907818731942,6253.837096414373,-0.07072231756904392,-0.0,bayes_h1_marginal_boundary,measured_graph,0.06152849059041909,0.7323869851132612,63,h1_z
0.0007943282347242822,1.0000000984489126,0.013711359451917815,6253.868353926311,6253.830240734647,-0.03811319166347554,0.013711359451917815,bayes_h1_marginal_boundary,measured_graph,0.06110811359641436,0.7323489343285483,63,h1_z
0.001,1.0000001008374861,0.08607206073975249,6253.809564449762,6253.794060384003,-0.015504065757907535,0.08607206073975249,bayes_h1_marginal_boundary,measured_graph,0.0589367184001754,0.7322968939374956,63,h1_z
0.0012589254117941675,1.000000101551867,0.2320932987404376,6253.723944704855,6253.721049765003,-0.0028949398523394052,0.2320932987404376,bayes_h1_marginal_boundary,measured_graph,0.05478704055710802,0.7322305794083039,63,h1_z
0.001584893192461114,1.0000000990393045,0.46852446307821083,6253.603119996781,6253.602834182834,-0.0002858139467712683,0.46852446307821083,bayes_h1_marginal_boundary,measured_graph,0.048678531322913034,0.7321536799512324,63,h1_z
0.0019952623149688807,1.0000000924346362,0.8107518848119071,6253.439397160008,6253.431720471967,-0.007676688041203171,0.8107518848119071,bayes_h1_marginal_boundary,measured_graph,0.041022651377391764,0.732074393927612,63,h1_z
0.002511886431509582,1.000000082463734,1.268464948374458,6253.227931502322,6253.202863940186,-0.025067562135635053,1.268464948374458,bayes_h1_marginal_boundary,measured_graph,0.03263116635997458,0.7320029930447468,63,h1_z
0.0031622776601683794,1.00000007105258,1.8420529107715993,6252.968528395218,6252.9160699589875,-0.05245843623006681,1.8420529107715993,bayes_h1_marginal_boundary,measured_graph,0.02449511901405803,0.7319473170131133,63,h1_z
0.003981071705534973,1.0000000599521555,2.5221030882566993,6252.665894180569,6252.576044870245,-0.08984931032449865,2.5221030882566993,bayes_h1_marginal_boundary,measured_graph,0.017434461352545182,0.7319096864000618,63,h1_z
0.005011872336272725,1.0000000499572348,3.2926327608056454,6252.32802021839,6252.19078003397,-0.13724018441893068,3.2926327608056454,bayes_h1_marginal_boundary,measured_graph,0.01186014890561103,0.7318869274623115,63,h1_z
0.006309573444801936,1.0000000411757137,4.136075881287979,6251.963689532243,6251.769058473729,-0.19463105851336257,4.136075881287979,bayes_h1_marginal_boundary,measured_graph,0.007779269105967469,0.7318711578517811,63,h1_z
0.00794328234724282,1.000000033584003,5.03693671164001,6251.580649991161,6251.318628058553,-0.26202193260779433,5.03693671164001,bayes_h1_marginal_boundary,measured_graph,0.004958146460192906,0.731848619303795,63,h1_z
0.01,1.0000000272819662,5.982246965275408,6251.185385738438,6250.845972931736,-0.3394128067022262,5.982246965275408,bayes_h1_marginal_boundary,measured_graph,0.0030906358502951407,0.7317979515113351,63,h1_z
0.012589254117941675,1.0000000224411127,6.959766495861913,6250.784016847239,6250.357213166442,-0.42680368079665804,6.959766495861913,bayes_h1_marginal_boundary,measured_graph,0.0018957548202213998,0.7316936132910609,63,h1_z
0.01584893192461114,1.0000000191796299,7.956928666548265,6250.382826635991,6249.858632081099,-0.5241945548910899,7.956928666548265,bayes_h1_marginal_boundary,measured_graph,0.0011514660952956141,0.731517951898748,63,h1_z
0.01995262314968881,1.0000000175197057,8.961839960235011,6249.987761863241,6249.356176434256,-0.6315854289855218,8.961839960235011,bayes_h1_marginal_boundary,measured_graph,0.0006966865719345262,0.7312745269328225,63,h1_z
0.025118864315095822,1.0000000174418975,9.964178290380005,6249.603983572263,6248.855007269183,-0.7489763030799538,9.964178290380005,bayes_h1_marginal_boundary,measured_graph,0.0004220680103277377,0.7309886958165689,63,h1_z
0.03162277660168379,1.0000000190185776,10.95426286152724,6249.236332160784,6248.35996498361,-0.8763671771743852,10.95426286152724,bayes_h1_marginal_boundary,measured_graph,0.0002572695009777928,0.7306929761031351,63,h1_z
0.039810717055349734,1.000000022693136,11.921609155251645,6248.890049888017,6247.876291836747,-1.0137580512688171,11.921609155251645,bayes_h1_marginal_boundary,measured_graph,0.0001586104237452004,0.7304120979927571,63,h1_z
0.05011872336272725,1.000000029928161,12.854454521928346,6248.571018078772,6247.409869153409,-1.1611489253632492,12.854454521928346,bayes_h1_marginal_boundary,measured_graph,9.948713578277484e-05,0.7301626587225166,63,h1_z
0.06309573444801936,1.0000000446647659,13.739317962537825,6248.285977232562,6246.967437433104,-1.3185397994576809,13.739317962537825,bayes_h1_marginal_boundary,measured_graph,6.391771972202985e-05,0.7299647617911806,63,h1_z
0.07943282347242822,1.0000000765550547,14.558548208306092,6248.043752983773,6246.55782231022,-1.4859306735521132,14.558548208306092,bayes_h1_marginal_boundary,measured_graph,4.243533993033282e-05,0.7298493676837929,63,h1_z
0.1,1.0000001478376825,15.285754082966378,6247.857540920537,6246.19421937289,-1.663321547646544,15.285754082966378,bayes_h1_marginal_boundary,measured_graph,2.949965495013307e-05,0.7298509064288288,63,h1_z
1e-05,1.000000132649138,4.6389327428851175,3512.468922060029,3510.1012354761597,-2.3676865838692702,4.6389327428851175,bayes_h1_marginal_boundary,measured_graph,0.005506313735236399,1.4722759758862443,64,h1_z
1.2589254117941661e-05,1.000000132775411,4.21372228524524,3512.4689181629433,3510.3138407049796,-2.155077457963703,4.21372228524524,bayes_h1_marginal_boundary,measured_graph,0.006810738886708739,1.4722763514334076,64,h1_z
1.584893192461114e-05,1.0000001329770627,3.8085150791048363,3512.468912640108,3510.51644430805,-1.952468332058134,3.8085150791048363,bayes_h1_marginal_boundary,measured_graph,0.008340341957236434,1.472276823626537,64,h1_z
1.9952623149688786e-05,1.0000001332868764,3.4233126873232322,3512.4689047100933,3510.7090455039406,-1.7598592061525666,3.4233126873232322,bayes_h1_marginal_boundary,measured_graph,0.010111823810887393,1.4722774171516229,64,h1_z
2.5118864315095822e-05,1.000000133740578,3.0581174986000406,3512.468893178549,3510.891643098302,-1.5772500802469966,3.0581174986000406,bayes_h1_marginal_boundary,measured_graph,0.012137538527299218,1.4722781628985118,64,h1_z
3.1622776601683795e-05,1.0000001343640113,2.712933187239287,3512.468876208324,3511.0642352539826,-1.404640954341429,2.712933187239287,bayes_h1_marginal_boundary,measured_graph,0.014424024198134806,1.4722790994648842,64,h1_z
3.9810717055349695e-05,1.0000001351498988,2.387765435836627,3512.4688509581197,3511.226819129684,-1.2420318284358616,2.387765435836627,bayes_h1_marginal_boundary,measured_graph,0.016970542369608765,1.4722802749890866,64,h1_z
5.011872336272725e-05,1.0000001360326018,2.0826230736711295,3512.4688130132968,3511.3793903107667,-1.089422702530293,2.0826230736711295,bayes_h1_marginal_boundary,measured_graph,0.01976771834017619,1.472281749350247,64,h1_z
6.309573444801929e-05,1.000000136885336,1.7975198729209296,3512.4687554877664,3511.5219419111418,-0.9468135766247254,1.7975198729209296,bayes_h1_marginal_boundary,measured_graph,0.022796381578963784,1.4722835967511352,64,h1_z
7.943282347242822e-05,1.0000001375619294,1.5324773850215934,3512.4686676058104,3511.6544631550914,-0.8142044507191568,1.5324773850215934,bayes_h1_marginal_boundary,measured_graph,0.026026703395568996,1.4722859086739866,64,h1_z
0.0001,1.0000001379631693,1.2875294196664981,3512.4685324625825,3511.776937137769,-0.6915953248135883,1.2875294196664981,bayes_h1_marginal_boundary,measured_graph,0.029417715100370712,1.4722887971755503,64,h1_z
0.00012589254117941674,1.0000001380705195,1.0627291176333529,3512.4683234876934,3511.8893372887856,-0.5789861989080206,1.0627291176333529,bayes_h1_marginal_boundary,measured_graph,0.03291726191135494,1.4722923984128533,64,h1_z
0.00015848931924611142,1.0000001379227097,0.8581601219857475,3512.4679988596117,3511.9916217866094,-0.47637707300245236,0.8581601219857475,bayes_h1_marginal_boundary,measured_graph,0.03646240377422274,1.4722968760860218,64,h1_z
0.00019952623149688788,1.0000001375701884,0.6739542214691028,3512.4674926839643,3512.0837247368677,-0.38376794709688455,0.6739542214691028,bayes_h1_marginal_boundary,measured_graph,0.039980212587915356,1.4723024241307756,64,h1_z
0.0002511886431509582,1.0000001370466924,0.5103191945318031,3512.4667010715275,3512.1655422503363,-0.30115882119131615,0.5103191945318031,bayes_h1_marginal_boundary,measured_graph,0.04338883543119903,1.4723092674727833,64,h1_z
0.00031622776601683794,1.0000001363641056,0.36758267777804576,3512.465460203999,3512.236910508713,-0.22854969528574837,0.36758267777804576,bayes_h1_marginal_boundary,measured_graph,0.04659859629533502,1.4723176588330602,64,h1_z
0.00039810717055349735,1.0000001355189687,0.24626108058055252,3512.4635118766923,3512.297571307312,-0.16594056938017995,0.24626108058055252,bayes_h1_marginal_boundary,measured_graph,0.0495127997451717,1.4723278682239929,64,h1_z
0.0005011872336272725,1.000000134501616,0.14716732510532893,3512.460449628524,3512.3471181850496,-0.11333144347461188,0.14716732510532893,bayes_h1_marginal_boundary,measured_graph,0.05202779497861074,1.4723401596251904,64,h1_z
0.000630957344480193,1.0000001333057107,0.07157796226238133,3512.45563518404,3512.384912866471,-0.07072231756904392,0.07157796226238133,bayes_h1_marginal_boundary,measured_graph,0.05403180075060408,1.4723547460194202,64,h1_z
0.0007943282347242822,1.0000001319397227,0.02148907547507406,3512.448070501528,3512.4099573098647,-0.03811319166347554,0.02148907547507406,bayes_h1_marginal_boundary,measured_graph,0.05540208450069353,1.4723717090529898,64,h1_z
0.001,1.000000130443395,-0.0,3512.43620591336,3512.4207018476022,-0.015504065757907535,-0.0,bayes_h1_marginal_boundary,measured_graph,0.05600056372202587,1.4723908626332711,64,h1_z
0.0012589254117941675,1.0000001289128673,0.011869060615026683,3512.417662257147,3512.4147673172947,-0.0028949398523394052,0.011869060615026683,bayes_h1_marginal_boundary,measured_graph,0.055669210863652716,1.4724115307238708,64,h1_z
0.001584893192461114,1.000000127538308,0.06427238903324906,3512.3888514670325,3512.3885656530856,-0.0002858139467712683,0.06427238903324906,bayes_h1_marginal_boundary,measured_graph,0.05422952829756118,1.4724321997072325,64,h1_z
0.0019952623149688807,1.0000001266561491,0.167736060484458,3512.344510505401,3512.33683381736,-0.007676688041203171,0.167736060484458,bayes_h1_marginal_boundary,measured_graph,0.05149546404048984,1.4724500005009231,64,h1_z
0.002511886431509582,1.0000001268104146,0.33705741616449814,3512.2772407016555,3512.25217313952,-0.025067562135635053,0.33705741616449814,bayes_h1_marginal_boundary,measured_graph,0.04731526870770056,1.4724599946849903,64,h1_z
0.0031622776601683794,1.0000001287960407,0.5917535125763607,3512.177283527544,3512.124825091314,-0.05245843623006681,0.5917535125763607,bayes_h1_marginal_boundary,measured_graph,0.041657648985416164,1.472454343617188,64,h1_z
0.003981071705534973,1.0000001336107067,0.9552709433073687,3512.032915686273,3511.9430663759485,-0.08984931032449865,0.9552709433073687,bayes_h1_marginal_boundary,measured_graph,0.03473425186307359,1.4724217783002513,64,h1_z
0.005011872336272725,1.000000142177858,1.4522440110040407,3511.831820026519,3511.6945798421,-0.13724018441893068,1.4522440110040407,bayes_h1_marginal_boundary,measured_graph,0.027092034414841884,1.4723485304588295,64,h1_z
0.006309573444801936,1.000000154713095,2.104015275915117,3511.563325268158,3511.3686942096447,-0.19463105851336257,2.104015275915117,bayes_h1_marginal_boundary,measured_graph,0.01955740758349287,1.4722226570708166,64,h1_z
0.00794328234724282,1.000000169915969,2.924189891405149,3511.2206288345074,3510.9586069018997,-0.26202193260779433,2.924189891405149,bayes_h1_marginal_boundary,measured_graph,0.012978145292737674,1.4720426300123175,64,h1_z
0.01,1.0000001848237794,3.916506937829581,3510.8018611853895,3510.4624483786874,-0.3394128067022262,3.916506937829581,bayes_h1_marginal_boundary,measured_graph,0.007901939915358328,1.471826153983946,64,h1_z
0.012589254117941675,1.0000001961950082,5.075521693775045,3510.3097446815113,3509.8829410007147,-0.42680368079665804,5.075521693775045,bayes_h1_marginal_boundary,measured_graph,0.004426463287614413,1.4716100779535277,64,h1_z
0.01584893192461114,1.0000002025740062,6.388283360068272,3509.750754722459,3509.226560167568,-0.5241945548910899,6.388283360068272,bayes_h1_marginal_boundary,measured_graph,0.0022961184735747634,1.4714372408494536,64,h1_z
0.01995262314968881,1.0000002048919892,7.8352719395907116,3509.1346513067924,3508.503065877807,-0.6315854289855218,7.8352719395907116,bayes_h1_marginal_boundary,measured_graph,0.0011137423012865266,1.4713411876573959,64,h1_z
0.025118864315095822,1.0000002053561445,9.391211596271205,3508.4740723525465,3507.7250960494666,-0.7489763030799538,9.391211596271205,bayes_h1_marginal_boundary,measured_graph,0.0005115837151569037,1.4713443865557827,64,h1_z
0.03162277660168379,1.0000002063393036,11.02804787291825,3507.7830450883175,3506.906677911143,-0.8763671771743852,11.02804787291825,bayes_h1_marginal_boundary,measured_graph,0.00022567436551292668,1.4714704614660583,64,h1_z
0.039810717055349734,1.0000002101656613,12.721198212631862,3507.073860792555,3506.0601027412863,-1.0137580512688171,12.721198212631862,bayes_h1_marginal_boundary,measured_graph,9.678750736578016e-05,1.4717581649277347,64,h1_z
0.05011872336272725,1.0000002194364577,14.457043150410755,3506.35332919776,3505.192180272397,-1.1611489253632492,14.457043150410755,bayes_h1_marginal_boundary,measured_graph,4.0633606110158234e-05,1.4722687961137941,64,h1_z
0.06309573444801936,1.0000002373557888,16.237178472600135,3505.6206524107597,3504.302112611302,-1.3185397994576809,16.237178472600135,bayes_h1_marginal_boundary,measured_graph,1.668529512068254e-05,1.4730867117876365,64,h1_z
0.07943282347242822,1.000000267648106,18.07529979802439,3504.868982622142,3503.38305194859,-1.4859306735521132,18.07529979802439,bayes_h1_marginal_boundary,measured_graph,6.6556567828926785e-06,1.4743136157111643,64,h1_z
0.1,1.0000003134597164,19.98604001214335,3504.091003389177,3502.4276818415306,-1.663321547646544,19.98604001214335,bayes_h1_marginal_boundary,measured_graph,2.5602298255303936e-06,1.4760547503569719,64,h1_z
1e-05,1.0000000028773084,4.629675227801272,6581.812332791094,6579.444646207226,-2.3676865838692702,4.629675227801272,bayes_h1_marginal_boundary,measured_graph,0.005428344560095723,0.9890139490122035,65,h1_z
1.2589254117941661e-05,1.0000000038390773,4.204843563880786,6581.8121394971495,6579.657062039186,-2.155077457963703,4.204843563880786,bayes_h1_marginal_boundary,measured_graph,0.006713027558533325,0.9890151316573067,65,h1_z
1.584893192461114e-05,1.000000005139663,3.8001102516827814,6581.811897027343,6579.859428695285,-1.952468332058134,3.8001102516827814,bayes_h1_marginal_boundary,measured_graph,0.008218738304050453,0.9890165799608376,65,h1_z
1.9952623149688786e-05,1.0000000067700903,3.4154997285259014,6581.8115931630155,6580.051733956863,-1.7598592061525666,3.4154997285259014,bayes_h1_marginal_boundary,measured_graph,0.00996144327148515,0.9890183390584298,65,h1_z
2.5118864315095822e-05,1.0000000086170717,3.05104215513893,6581.8112128238035,6580.233962743557,-1.5772500802469966,3.05104215513893,bayes_h1_marginal_boundary,measured_graph,0.011952623028307508,0.9890204519657317,65,h1_z
3.1622776601683795e-05,1.000000010461462,2.7067745481017482,6581.810737501417,6580.406096547075,-1.404640954341429,2.7067745481017482,bayes_h1_marginal_boundary,measured_graph,0.01419776500330813,0.9890229509232377,65,h1_z
3.9810717055349695e-05,1.0000000120580481,2.3827420046964107,6581.810144647214,6580.568112818778,-1.2420318284358616,2.3827420046964107,bayes_h1_marginal_boundary,measured_graph,0.016694859034580928,0.9890258417487119,65,h1_z
5.011872336272725e-05,1.0000000132576248,2.0789989235545363,6581.809407061879,6580.719984359349,-1.089422702530293,2.0789989235545363,bayes_h1_marginal_boundary,measured_graph,0.01943299452916952,0.9890290767017845,65,h1_z
6.309573444801929e-05,1.0000000140674614,1.7956100312585477,6581.808492382122,6580.861678805497,-0.9468135766247254,1.7956100312585477,bayes_h1_marginal_boundary,measured_graph,0.022391172950960304,0.9890325087077615,65,h1_z
7.943282347242822e-05,1.0000000146096655,1.5326508812995598,6581.807362831196,6580.993158380476,-0.8142044507191568,1.5326508812995598,bayes_h1_marginal_boundary,measured_graph,0.02553745994046815,0.9890358155873699,65,h1_z
0.0001,1.0000000150441222,1.2902072684701125,6581.805975511705,6581.114380186891,-0.6915953248135883,1.2902072684701125,bayes_h1_marginal_boundary,measured_graph,0.02882860714828475,0.9890383765618574,65,h1_z
0.00012589254117941674,1.0000000155274713,1.0683726693459903,6581.804283685361,6581.225297486453,-0.5789861989080206,1.0683726693459903,bayes_h1_marginal_boundary,measured_graph,0.03221027488521036,0.9890390740452697,65,h1_z
0.00015848931924611142,1.0000000162197111,0.8672423818734387,6581.802239703192,6581.3258626301895,-0.47637707300245236,0.8672423818734387,bayes_h1_marginal_boundary,measured_graph,0.03561798265925872,0.9890359810812133,65,h1_z
0.00019952623149688788,1.0000000173204908,0.6869026060230681,6581.799800465212,6581.416032518115,-0.38376794709688455,0.6869026060230681,bayes_h1_marginal_boundary,measured_graph,0.03897890214555966,0.9890258796538358,65,h1_z
0.0002511886431509582,1.0000000191251126,0.527412694060331,6581.796936295287,6581.495777474096,-0.30115882119131615,0.527412694060331,bayes_h1_marginal_boundary,measured_graph,0.04221457265910477,0.9890035431217243,65,h1_z
0.00031622776601683794,1.000000022104412,0.38878041577117983,6581.793643308526,6581.565093613241,-0.22854969528574837,0.38878041577117983,bayes_h1_marginal_boundary,measured_graph,0.045244523004767966,0.9889607250343584,65,h1_z
0.00039810717055349735,1.0000000270115807,0.27093644299202424,6581.78995616901,6581.62401559963,-0.16594056938017995,0.27093644299202424,bayes_h1_marginal_boundary,measured_graph,0.047990525722336815,0.9888848721975891,65,h1_z
0.0005011872336272725,1.000000034971712,0.17373246199531422,6581.785949033603,6581.6726175901285,-0.11333144347461188,0.17373246199531422,bayes_h1_marginal_boundary,measured_graph,0.05038057081946451,0.9887578201039552,65,h1_z
0.000630957344480193,1.00000004733894,0.09703118654397258,6581.781690545423,6581.710968227854,-0.07072231756904392,0.09703118654397258,bayes_h1_marginal_boundary,measured_graph,0.05235022518655198,0.9885552975365671,65,h1_z
0.0007943282347242822,1.00000006474422,0.04104529828327941,6581.777074363648,6581.738961171985,-0.03811319166347554,0.04104529828327941,bayes_h1_marginal_boundary,measured_graph,0.053836365796620045,0.9882490962152759,65,h1_z
0.001,1.0000000846304138,0.0072166630379797425,6581.7713795553655,6581.755875489607,-0.015504065757907535,0.0072166630379797425,bayes_h1_marginal_boundary,measured_graph,0.05475471592579522,0.9878148826136022,65,h1_z
0.0012589254117941675,1.0000000985003104,-0.0,6581.762378760978,6581.759483821126,-0.0028949398523394052,-0.0,bayes_h1_marginal_boundary,measured_graph,0.05495264597694968,0.9872479341001322,65,h1_z
0.001584893192461114,1.000000094857603,0.029549394768764614,6581.744994937689,6581.744709123742,-0.0002858139467712683,0.029549394768764614,bayes_h1_marginal_boundary,measured_graph,0.0541467056849167,0.9865828691992298,65,h1_z
0.0019952623149688807,1.0000000713730937,0.1139448202411586,6581.710188099047,6581.702511411006,-0.007676688041203171,0.1139448202411586,bayes_h1_marginal_boundary,measured_graph,0.05190937563948294,0.9859016530832044,65,h1_z
0.002511886431509582,1.0000000410874237,0.277717550030502,6581.6456926082465,6581.620625046111,-0.025067562135635053,0.277717550030502,bayes_h1_marginal_boundary,measured_graph,0.04782808681098455,0.9853113732459523,65,h1_z
0.0031622776601683794,1.0000000185969578,0.544201326683833,6581.539841594014,6581.487383157784,-0.05245843623006681,0.544201326683833,bayes_h1_marginal_boundary,measured_graph,0.04186169334564832,0.9848981729087649,65,h1_z
0.003981071705534973,1.0000000070953279,0.9251462016545702,6581.386760030623,6581.296910720299,-0.08984931032449865,0.9251462016545702,bayes_h1_marginal_boundary,measured_graph,0.03460155873902615,0.9846941036652046,65,h1_z
0.005011872336272725,1.0000000024993372,1.4161075295924093,6581.188670240749,6581.05143005633,-0.13724018441893068,1.4161075295924093,bayes_h1_marginal_boundary,measured_graph,0.02706978245863072,0.984680686088547,65,h1_z
0.006309573444801936,1.000000000890797,2.001594824327185,6580.953317467476,6580.758686408963,-0.19463105851336257,2.001594824327185,bayes_h1_marginal_boundary,measured_graph,0.020199834675116834,0.9848129715429422,65,h1_z
0.00794328234724282,1.000000000348765,2.6642463089774537,6580.689382599246,6580.4273606666375,-0.26202193260779433,2.6642463089774537,bayes_h1_marginal_boundary,measured_graph,0.014502900699317972,0.9850381883182923,65,h1_z
0.01,1.0000000001600249,3.3893822801383067,6580.404205487759,6580.064792681057,-0.3394128067022262,3.3893822801383067,bayes_h1_marginal_boundary,measured_graph,0.010092380084887177,0.9853025639663824,65,h1_z
0.012589254117941675,1.0000000000884754,4.16261387700979,6580.104980563418,6579.678176882621,-0.42680368079665804,4.16261387700979,bayes_h1_marginal_boundary,measured_graph,0.006856279129462583,0.9855541623278773,65,h1_z
0.01584893192461114,1.0000000000576708,4.966278976702597,6579.800538887666,6579.276344332775,-0.5241945548910899,4.966278976702597,bayes_h1_marginal_boundary,measured_graph,0.004587486835752355,0.9857491401649976,65,h1_z
0.01995262314968881,1.0000000000421607,5.782108636694829,6579.500014931764,6578.868429502779,-0.6315854289855218,5.782108636694829,bayes_h1_marginal_boundary,measured_graph,0.0030508416817840345,0.9858622733523141,65,h1_z
0.025118864315095822,1.000000000033116,6.600659611662195,6579.208130318375,6578.459154015295,-0.7489763030799538,6.600659611662195,bayes_h1_marginal_boundary,measured_graph,0.0020261592913531938,0.9858967938717393,65,h1_z
0.03162277660168379,1.0000000000273748,7.429615268316411,6578.921043364142,6578.044676186968,-0.8763671771743852,7.429615268316411,bayes_h1_marginal_boundary,measured_graph,0.00133865341963169,0.985886451760769,65,h1_z
0.039810717055349734,1.000000000023814,8.292812088253413,6578.626835828269,6577.6130777769995,-1.0137580512688171,8.292812088253413,bayes_h1_marginal_boundary,measured_graph,0.0008694154306287937,0.9858870055601381,65,h1_z
0.05011872336272725,1.0000000000221372,9.220007358513612,6578.310629067232,6577.149480141869,-1.1611489253632492,9.220007358513612,bayes_h1_marginal_boundary,measured_graph,0.0005468767361944655,0.9859625560085261,65,h1_z
0.06309573444801936,1.000000000022491,10.234025899786502,6577.9610106706905,6576.642470871233,-1.3185397994576809,10.234025899786502,bayes_h1_marginal_boundary,measured_graph,0.0003293806791097722,0.9861739080933518,65,h1_z
0.07943282347242822,1.0000000000255467,11.340829316322925,6577.574999836517,6576.089069162965,-1.4859306735521132,11.340829316322925,bayes_h1_marginal_boundary,measured_graph,0.00018939077118063026,0.9865694540059454,65,h1_z
0.1,1.000000000033242,12.523244386336955,6577.1611831756045,6575.497861627958,-1.663321547646544,12.523244386336955,bayes_h1_marginal_boundary,measured_graph,0.00010485777602754091,0.9871749932243701,65,h1_z
1e-05,1.000000002641367,3.330128582601901,10619.630989012949,10617.263302429079,-2.3676865838692702,3.330128582601901,bayes_h1_marginal_boundary,measured_graph,0.015714180556617365,0.1550039272484144,66,h1_z
1.2589254117941661e-05,1.0000000040424513,2.933010592823848,10619.616938881933,10617.461861423968,-2.155077457963703,2.933010592823848,bayes_h1_marginal_boundary,measured_graph,0.01916570568591602,0.155010240732025,66,h1_z
1.584893192461114e-05,1.000000006266132,2.562498085495463,10619.59958600969,10617.647117677632,-1.952468332058134,2.562498085495463,bayes_h1_marginal_boundary,measured_graph,0.023066440602003448,0.15501765668547013,66,h1_z
1.9952623149688786e-05,1.0000000098353439,2.2199091229049372,10619.57827136508,10617.818412158927,-1.7598592061525666,2.2199091229049372,bayes_h1_marginal_boundary,measured_graph,0.02737617897287506,0.15502615072790218,66,h1_z
2.5118864315095822e-05,1.0000000156920676,1.9066748596960679,10619.552279370779,10617.975029290532,-1.5772500802469966,1.9066748596960679,bayes_h1_marginal_boundary,measured_graph,0.03201774839266182,0.15503551418154407,66,h1_z
3.1622776601683795e-05,1.0000000256523358,1.6242387055972358,10619.520888321922,10618.116247367581,-1.404640954341429,1.6242387055972358,bayes_h1_marginal_boundary,measured_graph,0.03687406518286252,0.15504520810891564,66,h1_z
3.9810717055349695e-05,1.0000000434138943,1.3738597237170325,10619.483468686958,10618.241436858521,-1.2420318284358616,1.3738597237170325,bayes_h1_marginal_boundary,measured_graph,0.0417917083200878,0.15505413176302021,66,h1_z
5.011872336272725e-05,1.000000076720432,1.156265672732843,10619.439656586545,10618.350233884014,-1.089422702530293,1.156265672732843,bayes_h1_marginal_boundary,measured_graph,0.04659508110146379,0.15506027030210365,66,h1_z
6.309573444801929e-05,1.0000001417554398,0.971086669498618,10619.389636962256,10618.44282338563,-0.9468135766247254,0.971086669498618,bayes_h1_marginal_boundary,measured_graph,0.05111533149236702,0.15506019151606448,66,h1_z
7.943282347242822e-05,1.0000002710753024,0.8160067627904937,10619.334567789703,10618.520363338985,-0.8142044507191568,0.8160067627904937,bayes_h1_marginal_boundary,measured_graph,0.055236525857270395,0.15504840334465916,66,h1_z
0.0001,1.0000005242747976,0.6856483307565213,10619.277137879815,10618.585542555002,-0.6915953248135883,0.6856483307565213,bayes_h1_marginal_boundary,measured_graph,0.05895672208638312,0.15501672026330932,66,h1_z
0.00012589254117941674,1.000000990002885,0.5704698303961777,10619.22211800409,10618.643131805182,-0.5789861989080206,0.5704698303961777,bayes_h1_marginal_boundary,measured_graph,0.06245166521362896,0.15495411781734222,66,h1_z
0.00015848931924611142,1.0000000124311033,0.45652778908697655,10619.176479898839,10618.700102825836,-0.47637707300245236,0.45652778908697655,bayes_h1_marginal_boundary,measured_graph,0.06611290231089025,0.15484831200792004,66,h1_z
0.00019952623149688788,1.0000000252243804,0.3289693986880593,10619.147649968132,10618.763882021036,-0.38376794709688455,0.3289693986880593,bayes_h1_marginal_boundary,measured_graph,0.07046690146565428,0.15469016081029627,66,h1_z
0.0002511886431509582,1.000000039123443,0.1821524800725456,10619.138449301536,10618.837290480344,-0.30115882119131615,0.1821524800725456,bayes_h1_marginal_boundary,measured_graph,0.07583436667607651,0.15448404531999085,66,h1_z
0.00031622776601683794,1.0000000420855806,0.04232576750291628,10619.135753531915,10618.907203836628,-0.22854969528574837,0.04232576750291628,bayes_h1_marginal_boundary,measured_graph,0.08132593199416417,0.15426000053000033,66,h1_z
0.00039810717055349735,1.0000023646851859,-0.0,10619.09430728976,10618.92836672038,-0.16594056938017995,-0.0,bayes_h1_marginal_boundary,measured_graph,0.08306536401867347,0.1540789378597816,66,h1_z
0.0005011872336272725,1.00000120825574,0.23415947172543383,10618.924618427991,10618.811286984517,-0.11333144347461188,0.23415947172543383,bayes_h1_marginal_boundary,measured_graph,0.07388782615128972,0.15402037804962213,66,h1_z
0.000630957344480193,1.0000004707225998,1.005937972040556,10618.496120051928,10618.42539773436,-0.07072231756904392,1.005937972040556,bayes_h1_marginal_boundary,measured_graph,0.050232329338746357,0.15415566079764229,66,h1_z
0.0007943282347242822,1.000000159802584,2.6194981051849027,10617.656730859451,10617.618617667787,-0.03811319166347554,2.6194981051849027,bayes_h1_marginal_boundary,measured_graph,0.0224183263181706,0.1545362521736454,66,h1_z
0.001,1.0000000575328347,5.39245290845065,10616.247644331912,10616.232140266155,-0.015504065757907535,5.39245290845065,bayes_h1_marginal_boundary,measured_graph,0.005603555807937019,0.1552060673590682,66,h1_z
0.0012589254117941675,1.0000000269548308,9.667776077807503,10614.09737362133,10614.094478681476,-0.0028949398523394052,9.667776077807503,bayes_h1_marginal_boundary,measured_graph,0.0006608289661656101,0.156226024671232,66,h1_z
0.001584893192461114,1.000000018589796,15.858223879877187,10610.999540594388,10610.999254780441,-0.0002858139467712683,15.858223879877187,bayes_h1_marginal_boundary,measured_graph,2.991234152318994e-05,0.1576939105164898,66,h1_z
0.0019952623149688807,1.0000000186985902,24.48737438869648,10606.692356214073,10606.684679526032,-0.007676688041203171,24.48737438869648,bayes_h1_marginal_boundary,measured_graph,3.999946531045739e-07,0.15975455771463654,66,h1_z
0.002511886431509582,1.0000000248000245,36.18831027001579,10600.859279147508,10600.834211585372,-0.025067562135635053,36.18831027001579,bayes_h1_marginal_boundary,measured_graph,1.1514053492566054e-09,0.16259979693741305,66,h1_z
0.0031622776601683794,1.0000000382870287,51.62057285347328,10593.170538729873,10593.118080293643,-0.05245843623006681,51.62057285347328,bayes_h1_marginal_boundary,measured_graph,5.130444586013651e-13,0.16645254727034278,66,h1_z
0.003981071705534973,1.0000000610729836,71.26974797523872,10583.383342043086,10583.29349273276,-0.08984931032449865,71.26974797523872,bayes_h1_marginal_boundary,measured_graph,2.775817033809255e-17,0.17152268597592915,66,h1_z
0.005011872336272725,1.0000000899564796,95.13557421153018,10571.497819799033,10571.360579614615,-0.13724018441893068,95.13557421153018,bayes_h1_marginal_boundary,measured_graph,1.8238642732459e-22,0.17792370486083914,66,h1_z
0.006309573444801936,1.0000001100962972,122.42869621868886,10557.908649669549,10557.714018611035,-0.19463105851336257,122.42869621868886,bayes_h1_marginal_boundary,measured_graph,2.159565473258e-28,0.18556268409379295,66,h1_z
0.00794328234724282,1.0000001023925493,151.53232328974627,10543.424227008114,10543.162205075507,-0.26202193260779433,151.53232328974627,bayes_h1_marginal_boundary,measured_graph,1.0341750482882614e-34,0.19406745606448197,66,h1_z
0.01,1.000000068313516,180.4351649472119,10529.050197053477,10528.710784246774,-0.3394128067022262,180.4351649472119,bayes_h1_marginal_boundary,measured_graph,5.47547415897618e-41,0.20284764707014014,66,h1_z
0.012589254117941675,1.0000000322436706,207.47224915833795,10515.619045822008,10515.192242141211,-0.42680368079665804,207.47224915833795,bayes_h1_marginal_boundary,measured_graph,7.368744425023488e-47,0.2113103224652047,66,h1_z
0.01584893192461114,1.0000000110869514,231.87373493901032,10503.515693805766,10502.991499250875,-0.5241945548910899,231.87373493901032,bayes_h1_marginal_boundary,measured_graph,3.7040614372136384e-52,0.2190964109349569,66,h1_z
0.01995262314968881,1.000000002951468,253.79742846563022,10492.66123791655,10492.029652487565,-0.6315854289855218,253.79742846563022,bayes_h1_marginal_boundary,measured_graph,6.42700474722978e-57,0.22617223820232454,66,h1_z
0.025118864315095822,1.0000000006609842,273.9799986288417,10482.68734370904,10481.938367405959,-0.7489763030799538,273.9799986288417,bayes_h1_marginal_boundary,measured_graph,2.663294513635981e-61,0.23275434528881395,66,h1_z
0.03162277660168379,1.0000000001394305,293.32372313331507,10473.142872330896,10472.266505153722,-0.8763671771743852,293.32372313331507,bayes_h1_marginal_boundary,measured_graph,1.6787374871175877e-65,0.2391666549923502,66,h1_z
0.039810717055349734,1.000000000032276,312.61147783606793,10463.636385853615,10462.622627802346,-1.0137580512688171,312.61147783606793,bayes_h1_marginal_boundary,measured_graph,1.0881783239981522e-69,0.24572223594879797,66,h1_z
0.05011872336272725,1.0000000000095992,332.3884553285061,10453.89528798149,10452.734139056127,-1.1611489253632492,332.3884553285061,bayes_h1_marginal_boundary,measured_graph,5.523113573760346e-74,0.25266393618667643,66,h1_z
0.06309573444801936,1.000000000004031,352.9541585803454,10443.769827229666,10442.451287430207,-1.3185397994576809,352.9541585803454,bayes_h1_marginal_boundary,measured_graph,1.8897234593177739e-78,0.26015033832447515,66,h1_z
0.07943282347242822,1.0000000199223686,374.3570251333367,10433.235784827264,10431.749854153712,-1.4859306735521132,374.3570251333367,bayes_h1_marginal_boundary,measured_graph,4.254267892349251e-83,0.26824364393031014,66,h1_z
0.1,1.0000000163182436,396.30948983958297,10422.436943348235,10420.773621800588,-1.663321547646544,396.30948983958297,bayes_h1_marginal_boundary,measured_graph,7.27625131891235e-88,0.2768588298506464,66,h1_z
1e-05,1.0000001551107247,35.986084639465844,13370.353621134926,13367.985934551056,-2.3676865838692702,35.986084639465844,bayes_h1_marginal_boundary,measured_graph,5.33521843155681e-09,0.0854426890941334,67,h1_z
1.2589254117941661e-05,1.0000001783472001,35.59565142081556,13370.336228618346,13368.181151160381,-2.155077457963703,35.59565142081556,bayes_h1_marginal_boundary,measured_graph,6.485354211258392e-09,0.08544688279072646,67,h1_z
1.584893192461114e-05,1.0000002149312375,35.22383124089538,13370.319529582399,13368.367061250341,-1.952468332058134,35.22383124089538,bayes_h1_marginal_boundary,measured_graph,7.810402713283865e-09,0.08544929501062097,67,h1_z
1.9952623149688786e-05,1.0000002719188867,34.864262182960374,13370.306704985462,13368.546845779309,-1.7598592061525666,34.864262182960374,bayes_h1_marginal_boundary,measured_graph,9.348735142667374e-09,0.08544781928848554,67,h1_z
2.5118864315095822e-05,1.0000003611088433,34.50553668860812,13370.303458606732,13368.726208526485,-1.5772500802469966,34.50553668860812,bayes_h1_marginal_boundary,measured_graph,1.1185337876264895e-08,0.08543889218391713,67,h1_z
3.1622776601683795e-05,1.0000005046906848,34.12807333083401,13370.319581159712,13368.914940205372,-1.404640954341429,34.12807333083401,bayes_h1_marginal_boundary,measured_graph,1.3508721060484748e-08,0.08541666083485767,67,h1_z
3.9810717055349695e-05,1.0000007490708103,33.699355500641104,13370.371330948905,13369.129299120468,-1.2420318284358616,33.699355500641104,bayes_h1_marginal_boundary,measured_graph,1.6738214462680375e-08,0.0853717845979894,67,h1_z
5.011872336272725e-05,1.000001196704612,33.16697986311192,13370.484909641764,13369.395486939233,-1.089422702530293,33.16697986311192,bayes_h1_marginal_boundary,measured_graph,2.1843037376332478e-08,0.08528985187567156,67,h1_z
6.309573444801929e-05,1.0000020723339884,32.44920946323691,13370.701185715796,13369.75437213917,-0.9468135766247254,32.44920946323691,bayes_h1_marginal_boundary,measured_graph,3.127338496314773e-08,0.08514964240944334,67,h1_z
7.943282347242822e-05,1.00000382860715,31.423857489175134,13371.08125257692,13370.267048126201,-0.8142044507191568,31.423857489175134,bayes_h1_marginal_boundary,measured_graph,5.2218842760813704e-08,0.08492213407676201,67,h1_z
0.0001,1.000000247151648,29.919067426897527,13371.711038482154,13371.01944315734,-0.6915953248135883,29.919067426897527,bayes_h1_marginal_boundary,measured_graph,1.1081237250890447e-07,0.08457287830260476,67,h1_z
0.00012589254117941674,1.0000005331998039,27.71979863848901,13372.698063750453,13372.119077551544,-0.5789861989080206,27.71979863848901,bayes_h1_marginal_boundary,measured_graph,3.327770770526193e-07,0.08407056511986528,67,h1_z
0.00015848931924611142,1.0000009178192308,24.607688730509835,13374.151509578536,13373.675132505534,-0.47637707300245236,24.607688730509835,bayes_h1_marginal_boundary,measured_graph,1.577391451385668e-06,0.08340993719165131,67,h1_z
0.00019952623149688788,1.000001091754758,20.47054949900121,13376.127470068384,13375.743702121288,-0.38376794709688455,20.47054949900121,bayes_h1_marginal_boundary,measured_graph,1.2482680434534653e-05,0.08264044012134708,67,h1_z
0.0002511886431509582,1.0000008205569684,15.470776724680036,13378.54474732964,13378.243588508449,-0.30115882119131615,15.470776724680036,bayes_h1_marginal_boundary,measured_graph,0.00015205290286369712,0.08187589148178494,67,h1_z
0.00031622776601683794,1.0000084596231325,10.158424524121074,13381.128314304015,13380.899764608728,-0.22854969528574837,10.158424524121074,bayes_h1_marginal_boundary,measured_graph,0.0021654957666103966,0.0812507173262445,67,h1_z
0.00039810717055349735,1.0000038436175689,5.349240510149684,13383.470297185095,13383.304356615714,-0.16594056938017995,5.349240510149684,bayes_h1_marginal_boundary,measured_graph,0.023980508000870523,0.08085026776097072,67,h1_z
0.0005011872336272725,1.0000017160442136,1.8085518715524813,13385.188032378486,13385.074700935013,-0.11333144347461188,1.8085518715524813,bayes_h1_marginal_boundary,measured_graph,0.14083452970364385,0.08068193871780566,67,h1_z
0.000630957344480193,1.0000008770220514,-0.0,13386.049699188357,13385.978976870789,-0.07072231756904392,-0.0,bayes_h1_marginal_boundary,measured_graph,0.3478813901607681,0.08070956410289801,67,h1_z
0.0007943282347242822,1.0000005440792643,0.0734005151061865,13385.9803898049,13385.942276613236,-0.03811319166347554,0.0734005151061865,bayes_h1_marginal_boundary,measured_graph,0.3353454958463268,0.080893983492106,67,h1_z
0.001,1.0000003987812518,1.9977136225388676,13384.995624125277,13384.98012005952,-0.015504065757907535,1.9977136225388676,bayes_h1_marginal_boundary,measured_graph,0.12812479854208272,0.08121272892541133,67,h1_z
0.0012589254117941675,1.0000003256394225,5.698583842819062,13383.132579889232,13383.12968494938,-0.0028949398523394052,5.698583842819062,bayes_h1_marginal_boundary,measured_graph,0.020137216443719696,0.0816617410039328,67,h1_z
0.001584893192461114,1.0000002814631437,11.137681424512266,13380.41042197248,13380.410136158533,-0.0002858139467712683,11.137681424512266,bayes_h1_marginal_boundary,measured_graph,0.0013271328674839679,0.08225054973934766,67,h1_z
0.0019952623149688807,1.0000002487172936,18.33559035037979,13376.81885838364,13376.811181695599,-0.007676688041203171,18.33559035037979,bayes_h1_marginal_boundary,measured_graph,3.630014343348365e-05,0.0829970082841184,67,h1_z
0.002511886431509582,1.0000002195466768,27.359196755161975,13372.324446055343,13372.299378493208,-0.025067562135635053,27.359196755161975,bayes_h1_marginal_boundary,measured_graph,3.9852640985241876e-07,0.0839229764538922,67,h1_z
0.0031622776601683794,1.000000190106083,38.291757467290154,13366.885556573374,13366.833098137144,-0.05245843623006681,38.291757467290154,bayes_h1_marginal_boundary,measured_graph,1.6845414885012712e-09,0.08505074244341981,67,h1_z
0.003981071705534973,1.0000001586752816,51.19405564894623,13360.47179835664,13360.381949046316,-0.08984931032449865,51.19405564894623,bayes_h1_marginal_boundary,measured_graph,2.6593975210127786e-12,0.08639951534158873,67,h1_z
0.005011872336272725,1.0000001253590183,66.04720592956801,13353.092614090423,13352.955373906005,-0.13724018441893068,66.04720592956801,bayes_h1_marginal_boundary,measured_graph,1.5829334505783258e-15,0.08797986135089787,67,h1_z
0.006309573444801936,1.0000000921615948,82.65015946741914,13344.848528195593,13344.65389713708,-0.19463105851336257,82.65015946741914,bayes_h1_marginal_boundary,measured_graph,3.928050877786159e-19,0.0897818320231607,67,h1_z
0.00794328234724282,1.0000000623296117,100.47137164998276,13336.005312978405,13335.743291045797,-0.26202193260779433,100.47137164998276,bayes_h1_marginal_boundary,measured_graph,5.30090533394536e-23,0.09175522756042874,67,h1_z
0.01,1.000000038710292,118.55240234286975,13327.042188506057,13326.702775699354,-0.3394128067022262,118.55240234286975,bayes_h1_marginal_boundary,measured_graph,6.282089507278231e-27,0.09379283058239182,67,h1_z
0.012589254117941675,1.0000000222927614,135.63534329434697,13318.588108904412,13318.161305223615,-0.42680368079665804,135.63534329434697,bayes_h1_marginal_boundary,measured_graph,1.2262827665425043e-30,0.095739679195501,67,h1_z
0.01584893192461114,1.0000000121352215,150.57024899942917,13311.218046925966,13310.693852371074,-0.5241945548910899,150.57024899942917,bayes_h1_marginal_boundary,measured_graph,7.006757019102443e-34,0.09744112939871363,67,h1_z
0.01995262314968881,1.0000009998040162,162.7817929353223,13305.219665832114,13304.588080403128,-0.6315854289855218,162.7817929353223,bayes_h1_marginal_boundary,measured_graph,1.5624782615892384e-36,0.0988061481283264,67,h1_z
0.025118864315095822,1.0000006197179803,172.44961738122947,13300.503144483255,13299.754168180174,-0.7489763030799538,172.44961738122947,bayes_h1_marginal_boundary,measured_graph,1.2430041521921053e-38,0.09983904641710441,67,h1_z
0.03162277660168379,1.0000003882006763,180.30062726928008,13296.705030413323,13295.828663236149,-0.8763671771743852,180.30062726928008,bayes_h1_marginal_boundary,measured_graph,2.45271701290422e-40,0.10061868241203571,67,h1_z
0.039810717055349734,1.000000250973148,187.25289749224248,13293.366286175937,13292.352528124668,-1.0137580512688171,187.25289749224248,bayes_h1_marginal_boundary,measured_graph,7.585446440846628e-42,0.10125513731004127,67,h1_z
0.05011872336272725,1.0000001726831953,194.19447602109722,13290.042887785603,13288.88173886024,-1.1611489253632492,194.19447602109722,bayes_h1_marginal_boundary,measured_graph,2.3585034770858907e-43,0.1018618237097621,67,h1_z
0.06309573444801936,1.000000130991307,201.92868030324462,13286.333176518625,13285.014636719166,-1.3185397994576809,201.92868030324462,bayes_h1_marginal_boundary,measured_graph,4.933730240070273e-45,0.10254960912856009,67,h1_z
0.07943282347242822,1.0000001113262613,211.14262408196373,13281.89359550336,13280.407664829807,-1.4859306735521132,211.14262408196373,bayes_h1_marginal_boundary,measured_graph,4.924849124633094e-47,0.10342381498773279,67,h1_z
0.1,1.0000001027991898,222.33320009229283,13276.47569837229,13274.812376824642,-1.663321547646544,222.33320009229283,bayes_h1_marginal_boundary,measured_graph,1.8297435499356416e-49,0.1045742200821953,67,h1_z
1e-05,1.000000000067649,4.339923709711002,12747.145067231659,12744.777380647789,-2.3676865838692702,4.339923709711002,bayes_h1_marginal_boundary,measured_graph,0.008766154970780659,0.07799580078891631,68,h1_z
1.2589254117941661e-05,1.0000000001295453,3.913726299691916,12747.145556810763,12744.990479352799,-2.155077457963703,3.913726299691916,bayes_h1_marginal_boundary,measured_graph,0.010848176327771327,0.07799473067621637,68,h1_z
1.584893192461114e-05,1.0000000002633027,3.5067667042785615,12747.146427482563,12745.193959150505,-1.952468332058134,3.5067667042785615,bayes_h1_marginal_boundary,measured_graph,0.013296180096380308,0.0779930195814192,68,h1_z
1.9952623149688786e-05,1.0000000005624845,3.118559146718326,12747.147922135438,12745.388062929285,-1.7598592061525666,3.118559146718326,bayes_h1_marginal_boundary,measured_graph,0.016144518204001274,0.0779902994724546,68,h1_z
2.5118864315095822e-05,1.0000000012381596,2.748342548045912,12747.150421308868,12745.573171228622,-1.5772500802469966,2.748342548045912,bayes_h1_marginal_boundary,measured_graph,0.019427485879930654,0.07798600589095361,68,h1_z
3.1622776601683795e-05,1.0000000027348657,2.3949549737189955,12747.154505970126,12745.749865015785,-1.404640954341429,2.3949549737189955,bayes_h1_marginal_boundary,measured_graph,0.02318215144825832,0.0779792932174036,68,h1_z
3.9810717055349695e-05,1.0000000058908467,2.056694430360949,12747.1610271159,12745.918995287464,-1.2420318284358616,2.056694430360949,bayes_h1_marginal_boundary,measured_graph,0.027454028642928344,0.07796894233658076,68,h1_z
5.011872336272725e-05,1.000000012013013,1.7312397211971984,12747.171145344577,12746.081722642046,-1.089422702530293,1.7312397211971984,bayes_h1_marginal_boundary,measured_graph,0.03230558982060472,0.07795330546890618,68,h1_z
6.309573444801929e-05,1.0000000224080297,1.4158320399510558,12747.186240059295,12746.239426482669,-0.9468135766247254,1.4158320399510558,bayes_h1_marginal_boundary,measured_graph,0.03782401110348021,0.07793039605172691,68,h1_z
7.943282347242822e-05,1.0000000365612831,1.1081426513519546,12747.207475627687,12746.393271176968,-0.8142044507191568,1.1081426513519546,bayes_h1_marginal_boundary,measured_graph,0.04411451248630901,0.07789831236253565,68,h1_z
0.0001,1.000000049282697,0.8084849493498041,12747.234695352783,12746.54310002797,-0.6915953248135883,0.8084849493498041,bayes_h1_marginal_boundary,measured_graph,0.05124497993026696,0.07785617961025006,68,h1_z
0.00012589254117941674,1.000000051448838,0.5238197150356427,12747.264418844035,12746.685432645127,-0.5789861989080206,0.5238197150356427,bayes_h1_marginal_boundary,measured_graph,0.05908341611231095,0.0778054637047944,68,h1_z
0.00015848931924611142,1.0000000392644182,0.27246558644765173,12747.287486782423,12746.81110970942,-0.47637707300245236,0.27246558644765173,bayes_h1_marginal_boundary,measured_graph,0.06699562656369844,0.07775073151227739,68,h1_z
0.00019952623149688788,1.000000021282427,0.0855057327535178,12747.288357583364,12746.904589636268,-0.38376794709688455,0.0855057327535178,bayes_h1_marginal_boundary,measured_graph,0.07356043173981879,0.07769849259356455,68,h1_z
0.0002511886431509582,1.0000000083701381,-0.0,12747.248501323837,12746.947342502644,-0.30115882119131615,-0.0,bayes_h1_marginal_boundary,measured_graph,0.0767735465853655,0.07765414705616072,68,h1_z
0.00031622776601683794,1.0000000025908395,0.04500958276548772,12747.153387406548,12746.924837711262,-0.22854969528574837,0.04500958276548772,bayes_h1_marginal_boundary,measured_graph,0.0750650704912163,0.07761945130657955,68,h1_z
0.00039810717055349735,1.0000000007205032,0.2297901661368087,12746.998387988957,12746.832447419576,-0.16594056938017995,0.2297901661368087,bayes_h1_marginal_boundary,measured_graph,0.06844052036657391,0.07759263312333284,68,h1_z
0.0005011872336272725,1.000000000210232,0.5424636050920526,12746.789442143572,12746.676110700098,-0.11333144347461188,0.5424636050920526,bayes_h1_marginal_boundary,measured_graph,0.0585352029317102,0.07757035134501922,68,h1_z
0.000630957344480193,1.0000000000735065,0.9577536134238471,12746.539188013501,12746.468465695933,-0.07072231756904392,0.9577536134238471,bayes_h1_marginal_boundary,measured_graph,0.0475595841743265,0.07754942478595835,68,h1_z
0.0007943282347242822,1.0000000000329217,1.4467246136118774,12746.262093387502,12746.223980195839,-0.03811319166347554,1.4467246136118774,bayes_h1_marginal_boundary,measured_graph,0.037244259609587556,0.0775275033053642,68,h1_z
0.001,1.0000000578522255,1.9837910967471544,12745.970951020028,12745.95544695427,-0.015504065757907535,1.9837910967471544,bayes_h1_marginal_boundary,measured_graph,0.028473236814500685,0.07750305340468007,68,h1_z
0.0012589254117941675,1.0000000448473942,2.5504612995537173,12745.67500679272,12745.672111852868,-0.0028949398523394052,2.5504612995537173,bayes_h1_marginal_boundary,measured_graph,0.021447958918649066,0.07747519435846595,68,h1_z
0.001584893192461114,1.000000037814485,3.1372057270782534,12745.379025453052,12745.378739639105,-0.0002858139467712683,3.1372057270782534,bayes_h1_marginal_boundary,measured_graph,0.01599469767136518,0.07744358634522332,68,h1_z
0.0019952623149688807,1.0000000335400479,3.744317717566446,12745.082860331902,12745.075183643861,-0.007676688041203171,3.744317717566446,bayes_h1_marginal_boundary,measured_graph,0.011807102728518468,0.07740842075412657,68,h1_z
0.002511886431509582,1.0000000305397936,4.381089891536249,12744.781865119012,12744.756797556876,-0.025067562135635053,4.381089891536249,bayes_h1_marginal_boundary,measured_graph,0.00858756468128503,0.07737030317258113,68,h1_z
0.0031622776601683794,1.0000000280202608,5.060179864689417,12744.46971100653,12744.4172525703,-0.05245843623006681,5.060179864689417,bayes_h1_marginal_boundary,measured_graph,0.0061151555298590106,0.07732969524838784,68,h1_z
0.003981071705534973,1.0000000254735875,5.782296412580763,12744.146043606679,12744.056194296354,-0.08984931032449865,5.782296412580763,bayes_h1_marginal_boundary,measured_graph,0.004261886612484861,0.07728543727099414,68,h1_z
0.005011872336272725,1.0000000225401775,6.509595550378435,12743.829784911874,12743.692544727455,-0.13724018441893068,6.509595550378435,bayes_h1_marginal_boundary,measured_graph,0.002962585480216145,0.07723223393626405,68,h1_z
0.006309573444801936,1.0000000190376814,7.140230024724588,12743.571858548796,12743.377227490282,-0.19463105851336257,7.140230024724588,bayes_h1_marginal_boundary,measured_graph,0.002161376144903303,0.07715838484326962,68,h1_z
0.00794328234724282,1.0000000150819714,7.514794081289438,12743.451967394607,12743.189945462,-0.26202193260779433,7.514794081289438,bayes_h1_marginal_boundary,measured_graph,0.0017922343732970525,0.07704682063791093,68,h1_z
0.01,1.0000000111179093,7.478284137145238,12743.547613240775,12743.208200434072,-0.3394128067022262,7.478284137145238,bayes_h1_marginal_boundary,measured_graph,0.001825252012866583,0.07688170028870797,68,h1_z
0.012589254117941675,1.000000007695651,6.973317385494738,12743.887487490694,12743.460683809897,-0.42680368079665804,6.973317385494738,bayes_h1_marginal_boundary,measured_graph,0.002349497422617518,0.07665790454873038,68,h1_z
0.01584893192461114,1.0000000051431674,6.101044652965356,12744.421014731053,12743.896820176162,-0.5241945548910899,6.101044652965356,bayes_h1_marginal_boundary,measured_graph,0.0036340139504401564,0.07638679551736895,68,h1_z
0.01995262314968881,1.0000000034570626,5.109204262102139,12745.02432580058,12744.392740371593,-0.6315854289855218,5.109204262102139,bayes_h1_marginal_boundary,measured_graph,0.005967081842289837,0.0760942296379041,68,h1_z
0.025118864315095822,1.0000000024490943,4.319962498135283,12745.536337556658,12744.787361253577,-0.7489763030799538,4.319962498135283,bayes_h1_marginal_boundary,measured_graph,0.008854084573263012,0.07581261815761535,68,h1_z
0.03162277660168379,1.000000001936595,4.032927212669165,12745.807246073484,12744.93087889631,-0.8763671771743852,4.032927212669165,bayes_h1_marginal_boundary,measured_graph,0.010220510442526462,0.07557114052686574,68,h1_z
0.039810717055349734,1.000000001859925,4.437112410429108,12745.742544348699,12744.72878629743,-1.0137580512688171,4.437112410429108,bayes_h1_marginal_boundary,measured_graph,0.008350353974342266,0.0753875051403719,68,h1_z
0.05011872336272725,1.0000000024049727,5.574805484007811,12745.321088686003,12744.15993976064,-1.1611489253632492,5.574805484007811,bayes_h1_marginal_boundary,measured_graph,0.00472778778000989,0.07526502710179346,68,h1_z
0.06309573444801936,1.0000000043850825,7.38880869782588,12744.57147795319,12743.252938153732,-1.3185397994576809,7.38880869782588,bayes_h1_marginal_boundary,measured_graph,0.0019087637599457569,0.07519769963387438,68,h1_z
0.07943282347242822,1.000000010455692,9.81474557281399,12743.52590038979,12742.039969716237,-1.4859306735521132,9.81474557281399,bayes_h1_marginal_boundary,measured_graph,0.0005675010660697158,0.075179523084793,68,h1_z
0.1,1.0000000282719745,12.826147956027853,12742.197590072277,12740.53426852463,-1.663321547646544,12.826147956027853,bayes_h1_marginal_boundary,measured_graph,0.00012590673523004794,0.07520938101323095,68,h1_z
1e-05,1.000000133166546,3.4415886948081607,9154.801177958303,9152.433491374433,-2.3676865838692702,3.4415886948081607,bayes_h1_marginal_boundary,measured_graph,0.014932091430124928,0.33047507196913817,69,h1_z
1.2589254117941661e-05,1.0000001355273618,3.0194413280914887,9154.799642515756,9152.644565057792,-2.155077457963703,3.0194413280914887,bayes_h1_marginal_boundary,measured_graph,0.018441182952199698,0.3304768587202553,69,h1_z
1.584893192461114e-05,1.000000138317364,2.6182586728027673,9154.797624717494,9152.845156385436,-1.952468332058134,2.6182586728027673,bayes_h1_marginal_boundary,measured_graph,0.022537434790239827,0.33047914910425596,69,h1_z
1.9952623149688786e-05,1.0000001412525317,2.2383893949918274,9154.794950230495,9153.035091024341,-1.7598592061525666,2.2383893949918274,bayes_h1_marginal_boundary,measured_graph,0.02725160269953223,0.3304820973637184,69,h1_z
2.5118864315095822e-05,1.0000001439467858,1.8803299224600778,9154.791370840854,9153.214120760607,-1.5772500802469966,1.8803299224600778,bayes_h1_marginal_boundary,measured_graph,0.03259445136332322,0.3304859114189451,69,h1_z
3.1622776601683795e-05,1.0000001460902206,1.5447958846962138,9154.78652873383,9153.38188777949,-1.404640954341429,1.5447958846962138,bayes_h1_marginal_boundary,measured_graph,0.03854818777548411,0.33049087462533466,69,h1_z
3.9810717055349695e-05,1.0000001475899547,1.2328308626965736,9154.779902118926,9153.537870290489,-1.2420318284358616,1.2328308626965736,bayes_h1_marginal_boundary,measured_graph,0.04505534397380507,0.33049737769770543,69,h1_z
5.011872336272725e-05,1.000000148553318,0.94597232472006,9154.770722262008,9153.681299559477,-1.089422702530293,0.94597232472006,bayes_h1_marginal_boundary,measured_graph,0.052004011985749825,0.3305059660661134,69,h1_z
6.309573444801929e-05,1.000000149165137,0.686504695637268,9154.757846950644,9153.811033374019,-0.9468135766247254,0.686504695637268,bayes_h1_marginal_boundary,measured_graph,0.05920788252099944,0.33051741085894054,69,h1_z
7.943282347242822e-05,1.000000149583046,0.45784363202619716,9154.739568356543,9153.925363905824,-0.8142044507191568,0.45784363202619716,bayes_h1_marginal_boundary,measured_graph,0.06637929698857332,0.3305328165762208,69,h1_z
0.0001,1.0000001498962152,0.2651138383698708,9154.713324127466,9154.021728802652,-0.6915953248135883,0.2651138383698708,bayes_h1_marginal_boundary,measured_graph,0.07309427982693732,0.3305537868825831,69,h1_z
0.00012589254117941674,1.0000001501174107,0.11600269722111989,9154.675270572136,9154.096284373227,-0.5789861989080206,0.11600269722111989,bayes_h1_marginal_boundary,measured_graph,0.07875215819073302,0.3305826848108225,69,h1_z
0.00015848931924611142,1.0000001501657452,0.02198497903009411,9154.619670305325,9154.143293232322,-0.47637707300245236,0.02198497903009411,bayes_h1_marginal_boundary,measured_graph,0.08254260151178151,0.3306230505361813,69,h1_z
0.00019952623149688788,1.000000149808849,-0.0,9154.538053668934,9154.154285721837,-0.38376794709688455,-0.0,bayes_h1_marginal_boundary,measured_graph,0.08345495552742693,0.33068028680430817,69,h1_z
0.0002511886431509582,1.0000001485477419,0.0745891655133164,9154.418149960273,9154.11699113908,-0.30115882119131615,0.0745891655133164,bayes_h1_marginal_boundary,measured_graph,0.0803998611168228,0.3307627930883513,69,h1_z
0.00031622776601683794,1.000000145474076,0.28034412577108014,9154.242663354238,9154.014113658952,-0.22854969528574837,0.28034412577108014,bayes_h1_marginal_boundary,measured_graph,0.07253977039654423,0.33088379904174187,69,h1_z
0.00039810717055349735,1.0000001392464308,0.66432639597042,9153.988063093233,9153.822122523852,-0.16594056938017995,0.66432639597042,bayes_h1_marginal_boundary,measured_graph,0.05986810146947763,0.33106411450476014,69,h1_z
0.0005011872336272725,1.0000001284304643,1.2881096240525949,9153.623562353285,9153.510230909811,-0.11333144347461188,1.2881096240525949,bayes_h1_marginal_boundary,measured_graph,0.04382709438998729,0.33133571089095454,69,h1_z
0.000630957344480193,1.0000001122210151,2.229475859508966,9153.110270109652,9153.039547792083,-0.07072231756904392,2.229475859508966,bayes_h1_marginal_boundary,measured_graph,0.027373327812140205,0.33174545536472294,69,h1_z
0.0007943282347242822,1.0000000910608386,3.584075477298029,9152.400361174852,9152.362247983188,-0.03811319166347554,3.584075477298029,bayes_h1_marginal_boundary,measured_graph,0.013905289299349425,0.3323576848705688,69,h1_z
0.001,1.0000000667846758,5.465806403433817,9151.436886585878,9151.42138252012,-0.015504065757907535,5.465806403433817,bayes_h1_marginal_boundary,measured_graph,0.005427094076445082,0.33325341945252107,69,h1_z
0.0012589254117941675,1.0000000425483464,7.999890609738941,9150.15723535682,9150.154340416968,-0.0028949398523394052,7.999890609738941,bayes_h1_marginal_boundary,measured_graph,0.001528614434395314,0.3345218277605107,69,h1_z
0.001584893192461114,1.00000002232597,11.2972651748496,9148.50593894836,9148.505653134413,-0.0002858139467712683,11.2972651748496,bayes_h1_marginal_boundary,measured_graph,0.0002939558903015621,0.3362371004300697,69,h1_z
0.0019952623149688807,1.000000009096127,15.401691156701418,9146.461116831528,9146.453440143487,-0.007676688041203171,15.401691156701418,bayes_h1_marginal_boundary,measured_graph,3.775873094138965e-05,0.33841740396957304,69,h1_z
0.002511886431509582,1.0000000027500857,20.222290370016708,9144.068208098965,9144.043140536829,-0.025067562135635053,20.222290370016708,bayes_h1_marginal_boundary,measured_graph,3.3902956348528665e-06,0.3409792434885287,69,h1_z
0.0031622776601683794,1.0000000006151482,25.4985969299305,9141.457445693102,9141.404987256872,-0.05245843623006681,25.4985969299305,bayes_h1_marginal_boundary,measured_graph,2.4238300116678726e-07,0.3437232276409227,69,h1_z
0.003981071705534973,1.0000000001083194,30.851503637677524,9138.818383213324,9138.728533902999,-0.08984931032449865,30.851503637677524,bayes_h1_marginal_boundary,measured_graph,1.667758780829206e-08,0.346383312144223,69,h1_z
0.005011872336272725,1.0000000000168527,35.91185024630977,9136.3356007831,9136.198360598682,-0.13724018441893068,35.91185024630977,bayes_h1_marginal_boundary,measured_graph,1.3282900871870701e-09,0.3487208234895138,69,h1_z
0.006309573444801936,1.0000000173220227,40.44066656048744,9134.128583500107,9133.933952441594,-0.19463105851336257,40.44066656048744,bayes_h1_marginal_boundary,measured_graph,1.3799805463914795e-10,0.3505985503222489,69,h1_z
0.00794328234724282,1.0000000053743971,44.36457590859209,9132.234019700149,9131.971997767541,-0.26202193260779433,44.36457590859209,bayes_h1_marginal_boundary,measured_graph,1.9400229854860003e-11,0.35199290830659485,69,h1_z
0.01,1.0000000019723745,47.73288004389178,9130.627258506594,9130.287845699891,-0.3394128067022262,47.73288004389178,bayes_h1_marginal_boundary,measured_graph,3.6007164751603277e-12,0.35295918098605317,69,h1_z
0.012589254117941675,1.0000000009160006,50.6521355963996,9129.255021604435,9128.828217923638,-0.42680368079665804,50.6521355963996,bayes_h1_marginal_boundary,measured_graph,8.365282983026823e-13,0.3535867704928404,69,h1_z
0.01584893192461114,1.0000000005263445,53.23868321270129,9128.059138670378,9127.534944115487,-0.5241945548910899,53.23868321270129,bayes_h1_marginal_boundary,measured_graph,2.2951916671588173e-13,0.35396684684380997,69,h1_z
0.01995262314968881,1.000000000346059,55.59738080363968,9126.987180749004,9126.355595320018,-0.6315854289855218,55.59738080363968,bayes_h1_marginal_boundary,measured_graph,7.057230207564321e-14,0.35417682521751315,69,h1_z
0.025118864315095822,1.0000000002417755,57.817708919592405,9125.994407565122,9125.245431262041,-0.7489763030799538,57.817708919592405,bayes_h1_marginal_boundary,measured_graph,2.3253919248841966e-14,0.3542769897422626,69,h1_z
0.03162277660168379,1.0000000001691565,59.97456752939979,9125.043369134311,9124.167001957137,-0.8763671771743852,59.97456752939979,bayes_h1_marginal_boundary,measured_graph,7.909340341310844e-15,0.3543125110322153,69,h1_z
0.039810717055349734,1.0000000001131801,62.124696891740314,9124.105695327236,9123.091937275967,-1.0137580512688171,62.124696891740314,bayes_h1_marginal_boundary,measured_graph,2.699265507102624e-15,0.35431584333333305,69,h1_z
0.05011872336272725,1.0000000000709444,64.29967537606717,9123.165596959167,9122.004448033804,-1.1611489253632492,64.29967537606717,bayes_h1_marginal_boundary,measured_graph,9.098190543943836e-16,0.3543080359405466,69,h1_z
0.06309573444801936,1.0000000000424634,66.5046379273299,9122.22050655763,9120.901966758172,-1.3185397994576809,66.5046379273299,bayes_h1_marginal_boundary,measured_graph,3.0210192570950674e-16,0.3543002719948393,69,h1_z
0.07943282347242822,1.0000000000257168,68.7268589228006,9121.27678693399,9119.790856260437,-1.4859306735521132,68.7268589228006,bayes_h1_marginal_boundary,measured_graph,9.944989654697138e-17,0.35429671078603964,69,h1_z
0.1,1.0000000000169376,70.94658600976618,9120.344314264601,9118.680992716954,-1.663321547646544,70.94658600976618,bayes_h1_marginal_boundary,measured_graph,3.277907719860128e-17,0.354297979125392,69,h1_z
1e-05,1.000000286729852,83.29719635175934,16068.06725267497,16065.6995660911,-2.3676865838692702,83.29719635175934,bayes_h1_marginal_boundary,measured_graph,5.124979475338026e-19,0.06595845350523866,70,h1_z
1.2589254117941661e-05,1.000000426370106,82.84371493256549,16068.081384258661,16065.926306800697,-2.155077457963703,82.84371493256549,bayes_h1_marginal_boundary,measured_graph,6.429310043697528e-19,0.06595233463979894,70,h1_z
1.584893192461114e-05,1.000000659639474,82.39018881398079,16068.105538192047,16066.153069859989,-1.952468332058134,82.39018881398079,bayes_h1_marginal_boundary,measured_graph,8.065778935283502e-19,0.06594242433545544,70,h1_z
1.9952623149688786e-05,1.0000010575036171,81.92410826709602,16068.145969339585,16066.386110133431,-1.7598592061525666,81.92410826709602,bayes_h1_marginal_boundary,measured_graph,1.0182500020320103e-18,0.0659264998604745,70,h1_z
2.5118864315095822e-05,1.0000000116822219,81.42551849681331,16068.21265509882,16066.635405018573,-1.5772500802469966,81.42551849681331,bayes_h1_marginal_boundary,measured_graph,1.3065372994152417e-18,0.06590117458876514,70,h1_z
3.1622776601683795e-05,1.000000023256412,80.86359007337524,16068.321010184633,16066.916369230292,-1.404640954341429,80.86359007337524,bayes_h1_marginal_boundary,measured_graph,1.7303861062340592e-18,0.06586113478377587,70,h1_z
3.9810717055349695e-05,1.000000049045186,80.19042360239473,16068.494984294219,16067.252952465782,-1.2420318284358616,80.19042360239473,bayes_h1_marginal_boundary,measured_graph,2.4228094629131027e-18,0.06579869735338062,70,h1_z
5.011872336272725e-05,1.0000001067422237,79.33420714420572,16068.770483397408,16067.681060694877,-1.089422702530293,79.33420714420572,bayes_h1_marginal_boundary,measured_graph,3.71744286854194e-18,0.06570303430499465,70,h1_z
6.309573444801929e-05,1.0000002287142555,78.1914059926603,16069.199274847275,16068.25246127065,-0.9468135766247254,78.1914059926603,bayes_h1_marginal_boundary,measured_graph,6.582644779542627e-18,0.06556024165345664,70,h1_z
7.943282347242822e-05,1.0000004497264567,76.62271449293621,16069.85101147123,16069.036807020511,-0.8142044507191568,76.62271449293621,bayes_h1_marginal_boundary,measured_graph,1.4422397160340575e-17,0.06535528812099828,70,h1_z
0.0001,1.0000007391913641,74.46264354827872,16070.808437817654,16070.11684249284,-0.6915953248135883,74.46264354827872,bayes_h1_marginal_boundary,measured_graph,4.247084450843896e-17,0.06507773219877153,70,h1_z
0.00012589254117941674,1.0000009094448443,71.55951165833903,16072.147394636719,16071.56840843781,-0.5789861989080206,71.55951165833903,bayes_h1_marginal_boundary,measured_graph,1.8134182278490278e-16,0.06473190746570409,70,h1_z
0.00015848931924611142,1.0000007513998141,67.85864624136957,16073.895218219297,16073.418841146295,-0.47637707300245236,67.85864624136957,bayes_h1_marginal_boundary,measured_graph,1.15380041604006e-15,0.06434661163327988,70,h1_z
0.00019952623149688788,1.0000003881490551,63.50322008833609,16075.980322169908,16075.596554222811,-0.38376794709688455,63.50322008833609,bayes_h1_marginal_boundary,measured_graph,1.018355617755619e-14,0.06397171649334638,70,h1_z
0.0002511886431509582,1.0000001262819214,58.86242767751901,16078.218109249412,16077.91695042822,-0.30115882119131615,58.86242767751901,bayes_h1_marginal_boundary,measured_graph,1.0366561568245252e-13,0.06365508304515469,70,h1_z
0.00031622776601683794,1.000002030317805,54.40917193092173,16080.372127996805,16080.143578301519,-0.22854969528574837,54.40917193092173,bayes_h1_marginal_boundary,measured_graph,9.608308305309057e-13,0.06341734396759645,70,h1_z
0.00039810717055349735,1.000000594787642,50.51635909515244,16082.255925288784,16082.089984719403,-0.16594056938017995,50.51635909515244,bayes_h1_marginal_boundary,measured_graph,6.7291544548197524e-12,0.06324891232560413,70,h1_z
0.0005011872336272725,1.0000001936816447,47.337583684049605,16083.792703868428,16083.679372424955,-0.11333144347461188,47.337583684049605,bayes_h1_marginal_boundary,measured_graph,3.297788558705511e-11,0.06312512133416084,70,h1_z
0.000630957344480193,1.000000081500963,44.82593982413164,16085.005916672482,16084.935194354914,-0.07072231756904392,44.82593982413164,bayes_h1_marginal_boundary,measured_graph,1.1577621340859949e-10,0.0630222036445915,70,h1_z
0.0007943282347242822,1.000000045949633,42.826974881048955,16085.972790018119,16085.934676826455,-0.03811319166347554,42.826974881048955,bayes_h1_marginal_boundary,measured_graph,3.145495466032995e-10,0.06292345767513852,70,h1_z
0.001,1.0000000326036187,41.16477975234011,16086.781278456567,16086.76577439081,-0.015504065757907535,41.16477975234011,bayes_h1_marginal_boundary,measured_graph,7.221545462435437e-10,0.06281919108649818,70,h1_z
0.0012589254117941675,1.0000000266428637,39.6920839774466,16087.505017218109,16087.502122278256,-0.0028949398523394052,39.6920839774466,bayes_h1_marginal_boundary,measured_graph,1.5080716435162395e-09,0.0627047368194125,70,h1_z
0.001584893192461114,1.000000023421256,38.30671878841167,16088.19509068672,16088.194804872774,-0.0002858139467712683,38.30671878841167,bayes_h1_marginal_boundary,measured_graph,3.01474235441127e-09,0.06257852338457008,70,h1_z
0.0019952623149688807,1.0000000212545392,36.941050001518306,16088.885315954261,16088.87763926622,-0.007676688041203171,36.941050001518306,bayes_h1_marginal_boundary,measured_graph,5.967623445898246e-09,0.06244016177989422,70,h1_z
0.002511886431509582,1.000000019451706,35.52594045855221,16089.610261599839,16089.585194037703,-0.025067562135635053,35.52594045855221,bayes_h1_marginal_boundary,measured_graph,1.2108449768585825e-08,0.06228787020264545,70,h1_z
0.0031622776601683794,1.000000017686678,33.934232590239844,16090.43350640809,16090.38104797186,-0.05245843623006681,33.934232590239844,bayes_h1_marginal_boundary,measured_graph,2.6836354273042708e-08,0.06211505676965839,70,h1_z
0.003981071705534973,1.00000001579774,31.928204590334644,16091.473911282137,16091.384061971812,-0.08984931032449865,31.928204590334644,bayes_h1_marginal_boundary,measured_graph,7.316897343797775e-08,0.061907267571346764,70,h1_z
0.005011872336272725,1.0000000137734524,29.160224969768024,16092.905291966514,16092.768051782095,-0.13724018441893068,29.160224969768024,bayes_h1_marginal_boundary,measured_graph,2.9200218387362015e-07,0.061642356976619336,70,h1_z
0.006309573444801936,1.0000000117818881,25.274152189631423,16094.905719230677,16094.711088172164,-0.19463105851336257,25.274152189631423,bayes_h1_marginal_boundary,measured_graph,2.03814971197577e-06,0.061297011775913325,70,h1_z
0.00794328234724282,1.00000001012384,20.102041421327158,16097.559165488923,16097.297143556316,-0.26202193260779433,20.102041421327158,bayes_h1_marginal_boundary,measured_graph,2.7061113643531265e-05,0.06085972000091284,70,h1_z
0.01,1.0000000091170933,13.884659002847911,16100.745247572258,16100.405834765555,-0.3394128067022262,13.884659002847911,bayes_h1_marginal_boundary,measured_graph,0.0006059448563079937,0.06034562628550671,70,h1_z
0.012589254117941675,1.0000000090362204,7.4330367705879326,16104.058449562483,16103.631645881685,-0.42680368079665804,7.4330367705879326,bayes_h1_marginal_boundary,measured_graph,0.015254046664243058,0.05980725017685455,70,h1_z
0.01584893192461114,1.0000000101962518,2.1709427202622464,16106.78688746174,16106.262692906848,-0.5241945548910899,2.1709427202622464,bayes_h1_marginal_boundary,measured_graph,0.21185283266012012,0.05933656624914902,70,h1_z
0.01995262314968881,1.00000001317319,-0.0,16107.979749695965,16107.34816426698,-0.6315854289855218,-0.0,bayes_h1_marginal_boundary,measured_graph,0.6272613049864524,0.059055366950464934,70,h1_z
0.025118864315095822,1.0000000191554401,2.9450495921882975,16106.624615773966,16105.875639470885,-0.7489763030799538,2.9450495921882975,bayes_h1_marginal_boundary,measured_graph,0.14385968460829066,0.0590934074962881,70,h1_z
0.03162277660168379,1.0000000304606762,12.626899713632156,16101.911081587337,16101.034714410163,-0.8763671771743852,12.626899713632156,bayes_h1_marginal_boundary,measured_graph,0.0011364545261952383,0.05955885624234587,70,h1_z
0.039810717055349734,1.0000000511205027,29.757327631705266,16093.483258502396,16092.469500451127,-1.0137580512688171,29.757327631705266,bayes_h1_marginal_boundary,measured_graph,2.1663414225643673e-07,0.06051106088144923,70,h1_z
0.05011872336272725,1.000000086871916,53.91444799470628,16081.55208919499,16080.390940269626,-1.1611489253632492,53.91444799470628,bayes_h1_marginal_boundary,measured_graph,1.2304808743931218e-12,0.06194664032410199,70,h1_z
0.06309573444801936,1.0000001424443592,83.69124624594406,16066.821080943466,16065.502541144007,-1.3185397994576809,83.69124624594406,bayes_h1_marginal_boundary,measured_graph,4.208480150414603e-19,0.06380210194563854,70,h1_z
0.07943282347242822,1.0000002116983702,117.07520897514041,16050.296490452962,16048.81055977941,-1.4859306735521132,117.07520897514041,bayes_h1_marginal_boundary,measured_graph,2.3707725191273198e-26,0.06596719838179448,70,h1_z
0.1,1.0000002612847754,151.906502211943,16033.058234708655,16031.394913161008,-1.663321547646544,151.906502211943,bayes_h1_marginal_boundary,measured_graph,6.4769517129948844e-34,0.06830549173365477,70,h1_z
1e-05,1.0000000908879996,146.41468694976356,12642.309965870798,12639.942279286928,-2.3676865838692702,146.41468694976356,bayes_h1_marginal_boundary,measured_graph,6.895097730030385e-33,0.05289962161530453,71,h1_z
1.2589254117941661e-05,1.0000002476215857,145.89963172429998,12642.354884357625,12640.19980689966,-2.155077457963703,145.89963172429998,bayes_h1_marginal_boundary,measured_graph,8.920377781847751e-33,0.05288156338267452,71,h1_z
1.584893192461114e-05,1.00000072730915,145.34831661268618,12642.427932787525,12640.475464455467,-1.952468332058134,145.34831661268618,bayes_h1_marginal_boundary,measured_graph,1.175167582385305e-32,0.05285270779081341,71,h1_z
1.9952623149688786e-05,1.0000000124511108,144.7270662738374,12642.545948831044,12640.786089624891,-1.7598592061525666,144.7270662738374,bayes_h1_marginal_boundary,measured_graph,1.6032549878957908e-32,0.05280685209923829,71,h1_z
2.5118864315095822e-05,1.0000000573076606,143.98313305248666,12642.735306315813,12641.158056235567,-1.5772500802469966,143.98313305248666,bayes_h1_marginal_boundary,measured_graph,2.325656909454485e-32,0.052734259638908494,71,h1_z
3.1622776601683795e-05,1.0000002603937743,143.0337971164663,12643.037365157918,12641.632724203577,-1.404640954341429,143.0337971164663,bayes_h1_marginal_boundary,measured_graph,3.738447838513209e-32,0.05262015032161897,71,h1_z
3.9810717055349695e-05,1.0000011122303933,141.75135277527443,12643.51597820261,12642.273946374173,-1.2420318284358616,141.75135277527443,bayes_h1_marginal_boundary,measured_graph,7.098565202275094e-32,0.05244247551947998,71,h1_z
5.011872336272725e-05,1.000004249408327,139.9422661975659,12644.267912365558,12643.178489663027,-1.089422702530293,139.9422661975659,bayes_h1_marginal_boundary,measured_graph,1.7539157773085062e-31,0.05216980346368698,71,h1_z
6.309573444801929e-05,1.0000005525183115,137.32160368123004,12645.43563449782,12644.488820921195,-0.9468135766247254,137.32160368123004,bayes_h1_marginal_boundary,measured_graph,6.502470186927621e-31,0.051761245281011586,71,h1_z
7.943282347242822e-05,1.0000019936050075,133.49643177526013,12647.215611324898,12646.40140687418,-0.8142044507191568,133.49643177526013,bayes_h1_marginal_boundary,measured_graph,4.402545927426559e-30,0.051171326576803844,71,h1_z
0.0001,1.000004917626166,127.97985169099775,12649.851292241125,12649.159696916311,-0.6915953248135883,127.97985169099775,bayes_h1_marginal_boundary,measured_graph,6.944069198950908e-29,0.05037101188244271,71,h1_z
0.00012589254117941674,1.0000071543309454,120.31162558410142,12653.572796168668,12652.99380996976,-0.5789861989080206,120.31162558410142,bayes_h1_marginal_boundary,measured_graph,3.21179769524502e-27,0.049387326680164774,71,h1_z
0.00015848931924611142,1.0000052735897638,110.36309300879657,12658.444453330414,12657.968076257412,-0.47637707300245236,110.36309300879657,bayes_h1_marginal_boundary,measured_graph,4.645629623430929e-25,0.04834022623284369,71,h1_z
0.00019952623149688788,1.0000018166664897,98.74000632622847,12664.163387545792,12663.779619598696,-0.38376794709688455,98.74000632622847,bayes_h1_marginal_boundary,measured_graph,1.5522647196817667e-22,0.04740861757746713,71,h1_z
0.0002511886431509582,1.0000058678797052,86.81030166324126,12670.045630751381,12669.74447193019,-0.30115882119131615,86.81030166324126,bayes_h1_marginal_boundary,measured_graph,6.046001349283979e-20,0.0467181746268289,71,h1_z
0.00031622776601683794,1.0000009250901452,76.06718744814862,12675.344578733022,12675.116029037736,-0.22854969528574837,76.06718744814862,bayes_h1_marginal_boundary,measured_graph,1.3010855416896325e-17,0.04627905275467707,71,h1_z
0.00039810717055349735,1.0000001211747336,67.4330806923208,12679.59902298503,12679.43308241565,-0.16594056938017995,67.4330806923208,bayes_h1_marginal_boundary,measured_graph,9.753900272913174e-16,0.0460272897615912,71,h1_z
0.0005011872336272725,1.0000013158515557,61.09624144125701,12682.714833484655,12682.601502041181,-0.11333144347461188,61.09624144125701,bayes_h1_marginal_boundary,measured_graph,2.3184913003213192e-14,0.0458897421865153,71,h1_z
0.000630957344480193,1.0000003647656694,56.7599892619146,12684.840350448421,12684.769628130853,-0.07072231756904392,56.7599892619146,bayes_h1_marginal_boundary,measured_graph,2.0267989351445536e-13,0.04581252976054837,71,h1_z
0.0007943282347242822,1.0000001362634727,53.93925714892612,12686.21810737901,12686.179994187347,-0.03811319166347554,53.93925714892612,bayes_h1_marginal_boundary,measured_graph,8.304717490804167e-13,0.04576233262108316,71,h1_z
0.001,1.000000068700847,52.139996625897766,12687.095128514618,12687.079624448861,-0.015504065757907535,52.139996625897766,bayes_h1_marginal_boundary,measured_graph,2.0418757981142118e-12,0.04571941315816244,71,h1_z
0.0012589254117941675,1.0000000438928316,50.925355796596705,12687.689839803365,12687.686944863512,-0.0028949398523394052,50.925355796596705,bayes_h1_marginal_boundary,measured_graph,3.747876110111118e-12,0.04567054279435698,71,h1_z
0.001584893192461114,1.0000000328310494,49.91528255596131,12688.192267297776,12688.19198148383,-0.0002858139467712683,49.91528255596131,bayes_h1_marginal_boundary,measured_graph,6.210403869733819e-12,0.045604245145074336,71,h1_z
0.0019952623149688807,1.0000000269208003,48.76057683538238,12688.77701103216,12688.769334344119,-0.007676688041203171,48.76057683538238,bayes_h1_marginal_boundary,measured_graph,1.1062696683816162e-11,0.0455079176725945,71,h1_z
0.002511886431509582,1.0000000231315918,47.11802416189312,12689.615678242999,12689.590610680863,-0.025067562135635053,47.11802416189312,bayes_h1_marginal_boundary,measured_graph,2.5149930327124322e-11,0.04536646155382391,71,h1_z
0.0031622776601683794,1.0000000202852901,44.64625171149237,12690.878955342294,12690.826496906064,-0.05245843623006681,44.64625171149237,bayes_h1_marginal_boundary,measured_graph,8.655165050924694e-11,0.04516266211729113,71,h1_z
0.003981071705534973,1.0000000179771509,41.03885151258146,12692.720046315844,12692.63019700552,-0.08984931032449865,41.03885151258146,bayes_h1_marginal_boundary,measured_graph,5.255479596270924e-10,0.044880045591678235,71,h1_z
0.005011872336272725,1.0000000161493559,36.10365862841354,12695.235033632021,12695.097793447603,-0.13724018441893068,36.10365862841354,bayes_h1_marginal_boundary,measured_graph,6.198346816566204e-09,0.04450869067797807,71,h1_z
0.006309573444801936,1.000000014853077,29.876546144951135,12698.405980747848,12698.211349689334,-0.19463105851336257,29.876546144951135,bayes_h1_marginal_boundary,measured_graph,1.39468512053678e-07,0.044052980779426994,71,h1_z
0.00794328234724282,1.000000014142363,22.72011929608925,12702.051585046373,12701.789563113765,-0.26202193260779433,22.72011929608925,bayes_h1_marginal_boundary,measured_graph,4.99429869671997e-06,0.043537619657829395,71,h1_z
0.01,1.0000000141333063,15.324325905126898,12705.82687261595,12705.487459809247,-0.3394128067022262,15.324325905126898,bayes_h1_marginal_boundary,measured_graph,0.00020158148600097709,0.04300657006535839,71,h1_z
0.012589254117941675,1.0000000151434532,8.565064358579548,12709.293894263317,12708.86709058252,-0.42680368079665804,8.565064358579548,bayes_h1_marginal_boundary,measured_graph,0.0059184180444180785,0.042513215815388396,71,h1_z
0.01584893192461114,1.000000017795948,3.3018383066046226,12712.022898163399,12711.498703608508,-0.5241945548910899,3.3018383066046226,bayes_h1_marginal_boundary,measured_graph,0.08224332381647273,0.04210823972174069,71,h1_z
0.01995262314968881,1.0000000230532602,0.257437808704708,12713.652489286444,12713.020903857458,-0.6315854289855218,0.257437808704708,bayes_h1_marginal_boundary,measured_graph,0.3768632787724237,0.041834106237311056,71,h1_z
0.025118864315095822,1.000000032167375,-0.0,12713.89859906489,12713.14962276181,-0.7489763030799538,-0.0,bayes_h1_marginal_boundary,measured_graph,0.4286331265780261,0.04172603886468177,71,h1_z
0.03162277660168379,1.0000000464702505,2.8898464678313758,12712.581066705068,12711.704699527894,-0.8763671771743852,2.8898464678313758,bayes_h1_marginal_boundary,measured_graph,0.10105633527403994,0.04181006531588008,71,h1_z
0.039810717055349734,1.0000000671256861,8.899219464314228,12709.713771080922,12708.700013029653,-1.0137580512688171,8.899219464314228,bayes_h1_marginal_boundary,measured_graph,0.005007774666573306,0.04209225138700662,71,h1_z
0.05011872336272725,1.0000000951398986,17.424911866863113,12705.598315753741,12704.437166828378,-1.1611489253632492,17.424911866863113,bayes_h1_marginal_boundary,measured_graph,7.052030734584917e-05,0.04254594049873435,71,h1_z
0.06309573444801936,1.0000001313227702,27.33463102792666,12700.800847047305,12699.482307247847,-1.3185397994576809,27.33463102792666,bayes_h1_marginal_boundary,measured_graph,4.971025854979452e-07,0.0431115062925857,71,h1_z
0.07943282347242822,1.0000001745121372,37.36812519366504,12695.95149083853,12694.465560164977,-1.4859306735521132,37.36812519366504,bayes_h1_marginal_boundary,measured_graph,3.2938244332440024e-09,0.0437177612709894,71,h1_z
0.1,1.0000002160892594,46.676400372351054,12691.474744123281,12689.811422575634,-1.663321547646544,46.676400372351054,bayes_h1_marginal_boundary,measured_graph,3.1364197049684954e-11,0.044314030282974,71,h1_z
1e-05,1.0000000111249052,4.6505434865994175,7170.314653412302,7167.946966828433,-2.3676865838692702,4.6505434865994175,bayes_h1_marginal_boundary,measured_graph,0.005244357200957054,1.0658434180095289,72,h1_z
1.2589254117941661e-05,1.0000000120601282,4.225399002962149,7170.314616528215,7168.159539070251,-2.155077457963703,4.225399002962149,bayes_h1_marginal_boundary,measured_graph,0.006486511854062943,1.0658435048993176,72,h1_z
1.584893192461114e-05,1.0000000134583649,3.820274269546644,7170.314569769017,7168.362101436959,-1.952468332058134,3.820274269546644,bayes_h1_marginal_boundary,measured_graph,0.007942970218425329,1.0658436036958594,72,h1_z
1.9952623149688786e-05,1.0000000154787014,3.4351747743530723,7170.314510390708,7168.554651184556,-1.7598592061525666,3.4351747743530723,bayes_h1_marginal_boundary,measured_graph,0.009629555200758838,1.0658437113260897,72,h1_z
2.5118864315095822e-05,1.0000000182556479,3.0701076393870608,7170.314434832286,7168.737184752039,-1.5772500802469966,3.0701076393870608,bayes_h1_marginal_boundary,measured_graph,0.011557916382989626,1.065843820359216,72,h1_z
3.1622776601683795e-05,1.0000000218115501,2.725082164450214,7170.314338443849,7168.909697489507,-1.404640954341429,2.725082164450214,bayes_h1_marginal_boundary,measured_graph,0.013734121279752879,1.0658439158098527,72,h1_z
3.9810717055349695e-05,1.000000025949722,2.4001105822280806,7170.314215109054,7169.072183280618,-1.2420318284358616,2.4001105822280806,bayes_h1_marginal_boundary,measured_graph,0.016157254306672718,1.0658439698697741,72,h1_z
5.011872336272725e-05,1.0000000302183114,2.0952091224153264,7170.314056713055,7169.224634010525,-1.089422702530293,2.0952091224153264,bayes_h1_marginal_boundary,measured_graph,0.018818112968813756,1.0658439332498004,72,h1_z
6.309573444801929e-05,1.0000000340494297,1.8103995283599943,7170.313852384177,7169.3670388075525,-0.9468135766247254,1.8103995283599943,bayes_h1_marginal_boundary,measured_graph,0.021698099125926,1.0658437210473661,72,h1_z
7.943282347242822e-05,1.0000000370316677,1.5457112314652477,7170.313587406719,7169.499382956,-0.8142044507191568,1.5457112314652477,bayes_h1_marginal_boundary,measured_graph,0.024768403966054342,1.0658431899292253,72,h1_z
0.0001,1.000000039091821,1.301184481162636,7170.313241655965,7169.621646331151,-0.6915953248135883,1.301184481162636,bayes_h1_marginal_boundary,measured_graph,0.027989576763533034,1.0658421016140407,72,h1_z
0.00012589254117941674,1.0000000404407265,1.0768748789942038,7170.312787331143,7169.733801132235,-0.5789861989080206,1.0768748789942038,bayes_h1_marginal_boundary,measured_graph,0.03131154826049679,1.0658400646179673,72,h1_z
0.00015848931924611142,1.0000000413937828,0.8728599910027697,7170.3121856492335,7169.835808576231,-0.47637707300245236,0.8728599910027697,bayes_h1_marginal_boundary,measured_graph,0.03467414913114259,1.0658364414888066,72,h1_z
0.00019952623149688788,1.0000000422435797,0.6892490280297352,7170.311382004815,7169.927614057718,-0.38376794709688455,0.6892490280297352,bayes_h1_marginal_boundary,measured_graph,0.038008123340204564,1.0658302017931351,72,h1_z
0.0002511886431509582,1.000000043235266,0.5261970341543929,7170.3102988758465,7170.009140054655,-0.30115882119131615,0.5261970341543929,bayes_h1_marginal_boundary,measured_graph,0.04123658739840865,1.0658196912418576,72,h1_z
0.00031622776601683794,1.0000000446033435,0.3839257005110994,7170.308825416762,7170.080275721477,-0.22854969528574837,0.3839257005110994,bayes_h1_marginal_boundary,measured_graph,0.04427683253950454,1.0658022743777558,72,h1_z
0.00039810717055349735,1.00000004662871,0.2627540098656027,7170.30680213618,7170.1408615668,-0.16594056938017995,0.2627540098656027,bayes_h1_marginal_boundary,measured_graph,0.047042310402004024,1.0657737947066088,72,h1_z
0.0005011872336272725,1.0000000497006984,0.16314387107195216,7170.303998079671,7170.1906666361965,-0.11333144347461188,0.16314387107195216,bayes_h1_marginal_boundary,measured_graph,0.04944458203071986,1.0657277920614827,72,h1_z
0.000630957344480193,1.0000000543773309,0.08576990858091449,7170.300075935011,7170.229353617442,-0.07072231756904392,0.08576990858091449,bayes_h1_marginal_boundary,measured_graph,0.051394926877844305,1.0656544506848469,72,h1_z
0.0007943282347242822,1.0000000614132654,0.031631550615202286,7170.294535988089,7170.256422796425,-0.03811319166347554,0.031631550615202286,bayes_h1_marginal_boundary,measured_graph,0.05280514597961683,1.065539388953077,72,h1_z
0.001,1.000000071645395,0.0022457646064140135,7170.2866197551875,7170.271115689429,-0.015504065757907535,0.0022457646064140135,bayes_h1_marginal_boundary,measured_graph,0.05358673417464528,1.0653627648811068,72,h1_z
0.0012589254117941675,1.000000085468896,-0.0,7170.2751335115845,7170.2722385717325,-0.0028949398523394052,-0.0,bayes_h1_marginal_boundary,measured_graph,0.05364693956559477,1.0650998958037512,72,h1_z
0.001584893192461114,1.0000001015533764,0.028809331144657335,7170.258119720107,7170.25783390616,-0.0002858139467712683,0.028809331144657335,bayes_h1_marginal_boundary,measured_graph,0.05287971243353243,1.0647255398987299,72,h1_z
0.0019952623149688807,1.0000001151578415,0.0952565658644744,7170.232286976841,7170.2246102888,-0.007676688041203171,0.0952565658644744,bayes_h1_marginal_boundary,measured_graph,0.05115172110758416,1.06422401778243,72,h1_z
0.002511886431509582,1.0000001186116696,0.21019741817144677,7170.192207424782,7170.167139862647,-0.025067562135635053,0.21019741817144677,bayes_h1_marginal_boundary,measured_graph,0.04829488787309332,1.0636038351676047,72,h1_z
0.0031622776601683794,1.0000001069565487,0.39007461440269253,7170.129659700761,7170.077201264531,-0.05245843623006681,0.39007461440269253,bayes_h1_marginal_boundary,measured_graph,0.044140914368509455,1.06290737746853,72,h1_z
0.003981071705534973,1.0000000841236931,0.656169480213066,7170.03400314195,7169.944153831626,-0.08984931032449865,0.656169480213066,bayes_h1_marginal_boundary,measured_graph,0.038641996717755346,1.062202141907012,72,h1_z
0.005011872336272725,1.000000059806946,1.0305157147085993,7169.894220898797,7169.756980714378,-0.13724018441893068,1.0305157147085993,bayes_h1_marginal_boundary,measured_graph,0.03204581397562208,1.0615541759227278,72,h1_z
0.006309573444801936,1.000000040708817,1.5306014756188233,7169.701568892437,7169.506937833923,-0.19463105851336257,1.5306014756188233,bayes_h1_marginal_boundary,measured_graph,0.024956234860722078,1.0610067436711683,72,h1_z
0.00794328234724282,1.0000000278513723,2.1677631645270594,7169.450378922077,7169.188356989469,-0.26202193260779433,2.1677631645270594,bayes_h1_marginal_boundary,measured_graph,0.018147682030600517,1.0605831020186678,72,h1_z
0.01,1.0000000195361842,2.9511873531773745,7169.136057701846,7168.796644895144,-0.3394128067022262,2.9511873531773745,bayes_h1_marginal_boundary,measured_graph,0.012265994347993095,1.0603038862620922,72,h1_z
0.012589254117941675,1.0000000139510798,3.893504218167436,7168.752290143446,7168.325486462649,-0.42680368079665804,3.893504218167436,bayes_h1_marginal_boundary,measured_graph,0.007657398570938244,1.0601966748663891,72,h1_z
0.01584893192461114,1.000000009943198,5.012628563104954,7168.290118845071,7167.76592429018,-0.5241945548910899,5.012628563104954,bayes_h1_marginal_boundary,measured_graph,0.0043758909353956,1.0602881244596971,72,h1_z
0.01995262314968881,1.0000000069443524,6.32898645989917,7167.739330770768,7167.107745341783,-0.6315854289855218,6.32898645989917,bayes_h1_marginal_boundary,measured_graph,0.0022658074671806586,1.0605873285364378,72,h1_z
0.025118864315095822,1.0000000047253035,7.8614954758159,7167.090467136904,7166.3414908338245,-0.7489763030799538,7.8614954758159,bayes_h1_marginal_boundary,measured_graph,0.0010530352254884304,1.061075934146058,72,h1_z
0.03162277660168379,1.0000000031697818,9.624817129857547,7166.336197183978,7165.459830006804,-0.8763671771743852,9.624817129857547,bayes_h1_marginal_boundary,measured_graph,0.0004360562012795769,1.061712866596898,72,h1_z
0.039810717055349734,1.0000000021398983,11.627722492146859,7165.472135376928,7164.458377325659,-1.0137580512688171,11.627722492146859,bayes_h1_marginal_boundary,measured_graph,0.00016018324736511138,1.06244990999247,72,h1_z
0.05011872336272725,1.00000000146487,13.872770272259004,7164.497002360966,7163.335853435603,-1.1611489253632492,13.872770272259004,bayes_h1_marginal_boundary,measured_graph,5.213281337971743e-05,1.0632491355437732,72,h1_z
0.06309573444801936,1.0000000009937908,16.358309948895112,7163.4116233967425,7162.093083597285,-1.3185397994576809,16.358309948895112,bayes_h1_marginal_boundary,measured_graph,1.5044684320974573e-05,1.064093328608743,72,h1_z
0.07943282347242822,1.000000000636587,19.081495686463313,7162.217421402053,7160.731490728501,-1.4859306735521132,19.081495686463313,bayes_h1_marginal_boundary,measured_graph,3.855234590599435e-06,1.0649845085267617,72,h1_z
0.1,1.0000000003685834,22.038444609139333,7160.91633781481,7159.253016267163,-1.663321547646544,22.038444609139333,bayes_h1_marginal_boundary,measured_graph,8.789365197831128e-07,1.0659344042198,72,h1_z
1e-05,1.0000001007139676,4.642814710157836,8461.695882352535,8459.328195768665,-2.3676865838692702,4.642814710157836,bayes_h1_marginal_boundary,measured_graph,0.005613585247618601,1.9111555451500608,73,h1_z
1.2589254117941661e-05,1.0000001016029147,4.2175269369836315,8461.695917113217,8459.540839655252,-2.155077457963703,4.2175269369836315,bayes_h1_marginal_boundary,measured_graph,0.006943691041995213,1.911155032857455,73,h1_z
1.584893192461114e-05,1.0000001028552328,3.812222948337876,8461.695959981633,8459.743491649575,-1.952468332058134,3.812222948337876,bayes_h1_marginal_boundary,measured_graph,0.008503564919712887,1.9111543875176367,73,h1_z
1.9952623149688786e-05,1.0000001045241944,3.4268995836791873,8461.696012538057,8459.936153331904,-1.7598592061525666,3.4268995836791873,bayes_h1_marginal_boundary,measured_graph,0.010310338814759783,1.9111535745566337,73,h1_z
2.5118864315095822e-05,1.000000106581185,3.0615534672906506,8461.696076470345,8460.118826390099,-1.5772500802469966,3.0615534672906506,bayes_h1_marginal_boundary,measured_graph,0.012376756260364044,1.9111525504407951,73,h1_z
3.1622776601683795e-05,1.0000001088679804,2.7161813062193687,8461.696153424975,8460.291512470634,-1.404640954341429,2.7161813062193687,bayes_h1_marginal_boundary,measured_graph,0.01470968762671065,1.9111512603208225,73,h1_z
3.9810717055349695e-05,1.0000001111114198,2.3907804759764986,8461.696244714192,8460.454212885756,-1.2420318284358616,2.3907804759764986,bayes_h1_marginal_boundary,measured_graph,0.017308655842123308,1.9111496349547974,73,h1_z
5.011872336272725e-05,1.0000001130338556,2.0853500897428603,8461.696350781403,8460.606928078872,-1.089422702530293,2.0853500897428603,bayes_h1_marginal_boundary,measured_graph,0.020164465208364887,1.9111475866808147,73,h1_z
6.309573444801929e-05,1.0000001144907738,1.7998928620545485,8461.696470269342,8460.749656692717,-0.9468135766247254,1.7998928620545485,bayes_h1_marginal_boundary,measured_graph,0.02325803168117785,1.9111450042381728,73,h1_z
7.943282347242822e-05,1.0000001155145757,1.5344182664412074,8461.696598441242,8460.882393990523,-0.8142044507191568,1.5344182664412074,bayes_h1_marginal_boundary,measured_graph,0.02655950849132233,1.9111417461853972,73,h1_z
0.0001,1.0000001162445802,1.2889477943972452,8461.696724551359,8461.005129226545,-0.6915953248135883,1.2889477943972452,bayes_h1_marginal_boundary,measured_graph,0.03002778305300063,1.9111376324160496,73,h1_z
0.00012589254117941674,1.0000001168331751,1.0635236064081255,8461.696827519449,8461.11784132054,-0.5789861989080206,1.0635236064081255,bayes_h1_marginal_boundary,measured_graph,0.03361038675648558,1.9111324329375827,73,h1_z
0.00015848931924611142,1.0000001173975865,0.8582226151083887,8461.696868889192,8461.22049181619,-0.47637707300245236,0.8582226151083887,bayes_h1_marginal_boundary,measured_graph,0.03724380582814212,1.9111258527373693,73,h1_z
0.00019952623149688788,1.000000118015847,0.6731792051505181,8461.696781468265,8461.313013521169,-0.38376794709688455,0.6731792051505181,bayes_h1_marginal_boundary,measured_graph,0.04085410678251323,1.911117511055879,73,h1_z
0.0002511886431509582,1.0000001187395158,0.508621591667179,8461.696451149102,8461.39529232791,-0.30115882119131615,0.508621591667179,bayes_h1_marginal_boundary,measured_graph,0.044357693062474016,1.9111069125048898,73,h1_z
0.00031622776601683794,1.000000119605581,0.3649295422110299,8461.695688047925,8461.467138352638,-0.22854969528574837,0.3649295422110299,bayes_h1_marginal_boundary,measured_graph,0.04766189258203701,1.911093406055692,73,h1_z
0.00039810717055349735,1.0000001206423392,0.24272520085651195,8461.694181092696,8461.528240523316,-0.16594056938017995,0.24272520085651195,bayes_h1_marginal_boundary,measured_graph,0.05066495008138415,1.9110761258829112,73,h1_z
0.0005011872336272725,1.0000001218687624,0.14301441093994072,8461.691427361748,8461.578095918274,-0.11333144347461188,0.14301441093994072,bayes_h1_marginal_boundary,measured_graph,0.053254896136592685,1.911053905600168,73,h1_z
0.000630957344480193,1.0000001232863027,0.06740329180320259,8461.686623795411,8461.615901477842,-0.07072231756904392,0.06740329180320259,bayes_h1_marginal_boundary,measured_graph,0.05530676900318065,1.9110251560535607,73,h1_z
0.0007943282347242822,1.000000124858564,0.01842290431886795,8461.678504863248,8461.640391671584,-0.03811319166347554,0.01842290431886795,bayes_h1_marginal_boundary,measured_graph,0.056677964378769534,1.9109877019111094,73,h1_z
0.001,1.0000001264673228,-0.0,8461.665107189501,8461.649603123744,-0.015504065757907535,-0.0,bayes_h1_marginal_boundary,measured_graph,0.05720246272316992,1.910938599078946,73,h1_z
0.0012589254117941675,1.0000001278213502,0.018104888786183437,8461.643445619204,8461.64055067935,-0.0028949398523394052,0.018104888786183437,bayes_h1_marginal_boundary,measured_graph,0.056686977331832006,1.9108740395731019,73,h1_z
0.001584893192461114,1.0000001282812063,0.08157030129586929,8461.609103787043,8461.608817973096,-0.0002858139467712683,0.08157030129586929,bayes_h1_marginal_boundary,measured_graph,0.054916387509339575,1.9107896582064205,73,h1_z
0.0019952623149688807,1.000000126581186,0.20298270721832523,8461.555788458176,8461.548111770135,-0.007676688041203171,0.20298270721832523,bayes_h1_marginal_boundary,measured_graph,0.05168179534147882,1.9106819435188218,73,h1_z
0.002511886431509582,1.0000001205840592,0.39939050055181724,8461.474975435603,8461.449907873468,-0.025067562135635053,0.39939050055181724,bayes_h1_marginal_boundary,measured_graph,0.046847690028659045,1.9105518739494298,73,h1_z
0.0031622776601683794,1.0000001076196943,0.6924178898007085,8461.355852615074,8461.303394178844,-0.05245843623006681,0.6924178898007085,bayes_h1_marginal_boundary,measured_graph,0.04046300124879514,1.91041156647475,73,h1_z
0.003981071705534973,1.0000000862574394,1.107412596240465,8461.185746135949,8461.095896825624,-0.08984931032449865,1.107412596240465,bayes_h1_marginal_boundary,measured_graph,0.03288085764493755,1.9102922239212559,73,h1_z
0.005011872336272725,1.0000000590560827,1.6716607203816238,8460.951012947971,8460.813772763553,-0.13724018441893068,1.6716607203816238,bayes_h1_marginal_boundary,measured_graph,0.02479808895334655,1.9102471448271523,73,h1_z
0.006309573444801936,1.0000000328721197,2.412156894290092,8460.638155735112,8460.443524676599,-0.19463105851336257,2.412156894290092,bayes_h1_marginal_boundary,measured_graph,0.01712464244685848,1.9103419771294445,73,h1_z
0.00794328234724282,1.0000000142852028,3.353028623954742,8460.235110744374,8459.973088811767,-0.26202193260779433,3.353028623954742,bayes_h1_marginal_boundary,measured_graph,0.01069827635402051,1.910631411267996,73,h1_z
0.01,1.0000000047267106,4.511436541608418,8459.733297659643,8459.39388485294,-0.3394128067022262,4.511436541608418,bayes_h1_marginal_boundary,measured_graph,0.005994717598844432,1.9111329553373197,73,h1_z
0.012589254117941675,1.0000000011860923,5.8909231271536555,8459.130945240964,8458.704141560167,-0.42680368079665804,5.8909231271536555,bayes_h1_marginal_boundary,measured_graph,0.003007578856529744,1.9118132234138476,73,h1_z
0.01584893192461114,1.0000000002312122,7.474717069409962,8458.43643914393,8457.912244589039,-0.5241945548910899,7.474717069409962,bayes_h1_marginal_boundary,measured_graph,0.0013623871485257187,1.9125949912053573,73,h1_z
0.01995262314968881,1.000000000037639,9.224955436442542,8457.668710834509,8457.037125405523,-0.6315854289855218,9.224955436442542,bayes_h1_marginal_boundary,measured_graph,0.0005678597747604575,1.9133798879332269,73,h1_z
0.025118864315095822,1.0000000335902623,11.091296841314033,8456.852931006168,8456.103954703087,-0.7489763030799538,11.091296841314033,bayes_h1_marginal_boundary,measured_graph,0.0002233419065204049,1.9140750528342207,73,h1_z
0.03162277660168379,1.0000000127915976,13.024912101929658,8456.013514249953,8455.137147072779,-0.8763671771743852,13.024912101929658,bayes_h1_marginal_boundary,measured_graph,8.493584272974645e-05,1.9146147462758087,73,h1_z
0.039810717055349734,1.000000007434781,14.989152451194968,8455.168784949416,8454.155026898146,-1.0137580512688171,14.989152451194968,bayes_h1_marginal_boundary,measured_graph,3.180985048328042e-05,1.9149700399539575,73,h1_z
0.05011872336272725,1.000000005973621,16.960960997934308,8454.33027155014,8453.169122624777,-1.1611489253632492,16.960960997934308,bayes_h1_marginal_boundary,measured_graph,1.1868308923861793e-05,1.915145292755953,73,h1_z
0.06309573444801936,1.0000000055624683,18.92440343130147,8453.505941207552,8452.187401408093,-1.3185397994576809,18.92440343130147,bayes_h1_marginal_boundary,measured_graph,4.446647828722667e-06,1.9151653680609806,73,h1_z
0.07943282347242822,1.0000000053757367,20.862846534633718,8452.70411052998,8451.218179856427,-1.4859306735521132,20.862846534633718,bayes_h1_marginal_boundary,measured_graph,1.6869614696320424e-06,1.915062685541001,73,h1_z
0.1,1.0000000051884583,22.7557929202776,8451.935028211252,8450.271706663605,-1.663321547646544,22.7557929202776,bayes_h1_marginal_boundary,measured_graph,6.547222172536727e-07,1.9148697976238753,73,h1_z
1e-05,1.0000042204924133,158.18806889067127,8923.95398371567,8921.5862971318,-2.3676865838692702,158.18806889067127,bayes_h1_marginal_boundary,measured_graph,4.4656334028753786e-35,1.3882775827864884,74,h1_z
1.2589254117941661e-05,1.000004386649414,157.76236496136698,8923.954226554417,8921.799149096452,-2.155077457963703,157.76236496136698,bayes_h1_marginal_boundary,measured_graph,5.524888291498164e-35,1.388274880799601,74,h1_z
1.584893192461114e-05,1.0000046221666967,157.35650944140798,8923.95454518849,8922.002076856432,-1.952468332058134,157.35650944140798,bayes_h1_marginal_boundary,measured_graph,6.767899605191183e-35,1.3882712706584286,74,h1_z
1.9952623149688786e-05,1.0000049383081167,156.97044694540818,8923.954967310585,8922.195108104432,-1.7598592061525666,156.97044694540818,bayes_h1_marginal_boundary,measured_graph,8.208925487896323e-35,1.3882664120759398,74,h1_z
2.5118864315095822e-05,1.0000053312040627,156.60409765959776,8923.955532827584,8922.378282747337,-1.5772500802469966,156.60409765959776,bayes_h1_marginal_boundary,measured_graph,9.85911767533804e-35,1.388259825957891,74,h1_z
3.1622776601683795e-05,1.0000057716725803,156.25734532733986,8923.956299867807,8922.551658913466,-1.404640954341429,156.25734532733986,bayes_h1_marginal_boundary,measured_graph,1.1725580767084638e-34,1.3882508256409176,74,h1_z
3.9810717055349695e-05,1.0000062060223085,155.93001961491245,8923.957353598116,8922.71532176968,-1.2420318284358616,155.93001961491245,bayes_h1_marginal_boundary,measured_graph,1.3810590172908134e-34,1.3882383981397617,74,h1_z
5.011872336272725e-05,1.0000065761250323,155.62186983579522,8923.95881936177,8922.869396659238,-1.089422702530293,155.62186983579522,bayes_h1_marginal_boundary,measured_graph,1.611113408827178e-34,1.38822100571701,74,h1_z
6.309573444801929e-05,1.0000068478210689,155.33252419267956,8923.960883057422,8923.014069480796,-0.9468135766247254,155.33252419267956,bayes_h1_marginal_boundary,measured_graph,1.8619015790703317e-34,1.3881962794841636,74,h1_z
7.943282347242822e-05,1.0000070230005413,155.0614250626095,8923.96382349655,8923.149619045831,-0.8142044507191568,155.0614250626095,bayes_h1_marginal_boundary,measured_graph,2.1321862992016945e-34,1.3881605667151278,74,h1_z
0.0001,1.0000071277068172,154.80772701585374,8923.968063394022,8923.276468069209,-0.6915953248135883,154.80772701585374,bayes_h1_marginal_boundary,measured_graph,2.4205551343678875e-34,1.3881082493460632,74,h1_z
0.00012589254117941674,1.0000071929343115,154.5701383296473,8923.97424861122,8923.395262412312,-0.5789861989080206,154.5701383296473,bayes_h1_marginal_boundary,measured_graph,2.7258798352733206e-34,1.3880306856621047,74,h1_z
0.00015848931924611142,1.0000072439200134,154.3466761621603,8923.983370569058,8923.506993496056,-0.47637707300245236,154.3466761621603,bayes_h1_marginal_boundary,measured_graph,3.0481118552732775e-34,1.3879145595786433,74,h1_z
0.00019952623149688788,1.000007299240816,154.13428968186054,8923.996954683302,8923.613186736206,-0.38376794709688455,154.13428968186054,bayes_h1_marginal_boundary,measured_graph,3.389612388654788e-34,1.3877393398311286,74,h1_z
0.0002511886431509582,1.0000073743737337,153.92828473041664,8924.01734803312,8923.716189211927,-0.30115882119131615,153.92828473041664,bayes_h1_marginal_boundary,measured_graph,3.757365515102205e-34,1.3874734450408566,74,h1_z
0.00031622776601683794,1.0000074859173198,153.72146006370167,8924.048151240571,8923.819601545285,-0.22854969528574837,153.72146006370167,bayes_h1_marginal_boundary,measured_graph,4.166725119845495e-34,1.3870686180018132,74,h1_z
0.00039810717055349735,1.0000076552857127,153.50284825223935,8924.094848020397,8923.928907451016,-0.16594056938017995,153.50284825223935,bayes_h1_marginal_boundary,measured_graph,4.647996609221161e-34,1.3864520596248586,74,h1_z
0.0005011872336272725,1.0000079115302771,153.2559727642074,8924.165676638506,8924.052345195032,-0.11333144347461188,153.2559727642074,bayes_h1_marginal_boundary,measured_graph,5.258648392093583e-34,1.3855163674489908,74,h1_z
0.000630957344480193,1.0000082919734765,152.95665658940925,8924.2727256,8924.202003282431,-0.07072231756904392,152.95665658940925,bayes_h1_marginal_boundary,measured_graph,6.107589153667256e-34,1.3841089133812843,74,h1_z
0.0007943282347242822,1.00000883640482,152.57078544191245,8924.433052047843,8924.39493885618,-0.03811319166347554,152.57078544191245,bayes_h1_marginal_boundary,measured_graph,7.407312553611508e-34,1.382026032188493,74,h1_z
0.001,1.0000095655755101,152.0532316986537,8924.669219793566,8924.653715727809,-0.015504065757907535,152.0532316986537,bayes_h1_marginal_boundary,measured_graph,9.595023386583953e-34,1.379023997580941,74,h1_z
0.0012589254117941675,1.0000104326348405,151.3503931103187,8925.00802996183,8925.005135021976,-0.0028949398523394052,151.3503931103187,bayes_h1_marginal_boundary,measured_graph,1.3635325126341664e-33,1.3748653167732208,74,h1_z
0.001584893192461114,1.0000112583804384,150.4095226081481,8925.475856087009,8925.475570273062,-0.0002858139467712683,150.4095226081481,bayes_h1_marginal_boundary,measured_graph,2.182593872120206e-33,1.3694118223021718,74,h1_z
0.0019952623149688807,1.0000117319087045,149.19509184122944,8926.090462344562,8926.082785656521,-0.007676688041203171,149.19509184122944,bayes_h1_marginal_boundary,measured_graph,4.005744286366025e-33,1.3627312509473324,74,h1_z
0.002511886431509582,1.0000115884385368,147.70213842405792,8926.854329927242,8926.829262365107,-0.025067562135635053,147.70213842405792,bayes_h1_marginal_boundary,measured_graph,8.450335216149733e-33,1.355108709352343,74,h1_z
0.0031622776601683794,1.0000108550539264,145.94460009545946,8927.760489965636,8927.708031529406,-0.05245843623006681,145.94460009545946,bayes_h1_marginal_boundary,measured_graph,2.0347850411641856e-32,1.3468571558404028,74,h1_z
0.003981071705534973,1.0000098318207373,143.90548483552266,8928.8174384697,8928.727589159374,-0.08984931032449865,143.90548483552266,bayes_h1_marginal_boundary,measured_graph,5.640359543953845e-32,1.3380045017473667,74,h1_z
0.005011872336272725,1.0000088170301917,141.4735773617831,8930.080783080663,8929.943542896244,-0.13724018441893068,141.4735773617831,bayes_h1_marginal_boundary,measured_graph,1.902780916354734e-31,1.3281075454863143,74,h1_z
0.006309573444801936,1.0000079300784852,138.4161011182914,8931.666912076504,8931.47228101799,-0.19463105851336257,138.4161011182914,bayes_h1_marginal_boundary,measured_graph,8.776297116989714e-31,1.3163344674144475,74,h1_z
0.00794328234724282,1.000007133772453,134.41439263945722,8933.735157190014,8933.473135257407,-0.26202193260779433,134.41439263945722,bayes_h1_marginal_boundary,measured_graph,6.490397159489959e-30,1.3017434669436523,74,h1_z
0.01,1.0000063219526003,129.15266612617415,8936.443411320752,8936.103998514049,-0.3394128067022262,129.15266612617415,bayes_h1_marginal_boundary,measured_graph,9.01240433721042e-29,1.2836346019058422,74,h1_z
0.012589254117941675,1.0000053966271611,122.42890889326009,8939.892680811303,8939.465877130506,-0.42680368079665804,122.42890889326009,bayes_h1_marginal_boundary,measured_graph,2.599477123787099e-27,1.261868703281198,74,h1_z
0.01584893192461114,1.000004334102785,114.23915711000882,8944.084947577023,8943.560753022131,-0.5241945548910899,114.23915711000882,bayes_h1_marginal_boundary,measured_graph,1.56051520164731e-25,1.2370039824380177,74,h1_z
0.01995262314968881,1.000003218837124,104.7708098637595,8948.926512074242,8948.294926645256,-0.6315854289855218,104.7708098637595,bayes_h1_marginal_boundary,measured_graph,1.775388835768046e-23,1.2100955134130018,74,h1_z
0.025118864315095822,1.0000021980349594,94.2644664515974,8954.297074654418,8953.548098351337,-0.7489763030799538,94.2644664515974,bayes_h1_marginal_boundary,measured_graph,3.394040099064519e-21,1.1821686596981327,74,h1_z
0.03162277660168379,1.000001385523513,82.7968793963737,8960.158259056123,8959.281891878949,-0.8763671771743852,82.7968793963737,bayes_h1_marginal_boundary,measured_graph,1.0492327996098332e-18,1.1536565594948751,74,h1_z
0.039810717055349734,1.0000008118252524,70.13877606424649,8966.624701596282,8965.610943545013,-1.0137580512688171,70.13877606424649,bayes_h1_marginal_boundary,measured_graph,5.882258049045141e-16,1.124198527722843,74,h1_z
0.05011872336272725,1.0000086946028475,55.819730245882965,8973.931615379557,8972.770466454194,-1.1611489253632492,55.819730245882965,bayes_h1_marginal_boundary,measured_graph,7.566331504956343e-13,1.0929375252776474,74,h1_z
0.06309573444801936,1.0000051721471208,39.377422785200906,8982.310159983994,8980.991620184535,-1.3185397994576809,39.377422785200906,bayes_h1_marginal_boundary,measured_graph,2.8137600886205037e-09,1.0591190198343805,74,h1_z
0.07943282347242822,1.0000029809548057,20.653620509739994,8991.839451995818,8990.353521322266,-1.4859306735521132,20.653620509739994,bayes_h1_marginal_boundary,measured_graph,3.274229140575393e-05,1.0225621805650902,74,h1_z
0.1,1.0000016937085328,-0.0,9002.343653124783,9000.680331577136,-1.663321547646544,-0.0,bayes_h1_marginal_boundary,measured_graph,0.9999672548940769,0.9839496558420273,74,h1_z
1e-05,1.0000021903340859,4.945950512374111,4511.143586647996,4508.775900064127,-2.3676865838692702,4.945950512374111,bayes_h1_marginal_boundary,measured_graph,0.003887145876037296,1.0643065754202465,75,h1_z
1.2589254117941661e-05,1.0000022092196779,4.520507176364845,4511.1436991900955,4508.988621732132,-2.155077457963703,4.520507176364845,bayes_h1_marginal_boundary,measured_graph,0.0048085560828704564,1.0643051305639373,75,h1_z
1.584893192461114e-05,1.0000022371665884,4.115004916460748,4511.143841194142,4509.191372862084,-1.952468332058134,4.115004916460748,bayes_h1_marginal_boundary,measured_graph,0.005889363800499367,1.064303281927414,75,h1_z
1.9952623149688786e-05,1.0000022772333759,3.729428060420105,4511.144020496256,4509.384161290104,-1.7598592061525666,3.729428060420105,bayes_h1_marginal_boundary,measured_graph,0.007141596896756677,1.0643009085655142,75,h1_z
2.5118864315095822e-05,1.0000023319951477,3.3637565972894663,4511.144247101916,4509.5669970216695,-1.5772500802469966,3.3637565972894663,bayes_h1_marginal_boundary,measured_graph,0.008574323843882865,1.0642978495673534,75,h1_z
3.1622776601683795e-05,1.000002401854692,3.017964872011362,4511.14453383865,4509.739892884309,-1.404640954341429,3.017964872011362,bayes_h1_marginal_boundary,measured_graph,0.010192661499867002,1.0642938891118785,75,h1_z
3.9810717055349695e-05,1.0000024829665233,2.692019858794083,4511.144897219353,4509.902865390917,-1.2420318284358616,2.692019858794083,bayes_h1_marginal_boundary,measured_graph,0.011996806713482338,1.0642887344542173,75,h1_z
5.011872336272725e-05,1.0000025665081351,2.3858788982415717,4511.145358573724,4510.0559358711935,-1.089422702530293,2.3858788982415717,bayes_h1_marginal_boundary,measured_graph,0.013981163892337722,1.0642819821749034,75,h1_z
6.309573444801929e-05,1.0000026413671086,2.09948672432256,4511.145945534778,4510.199131958153,-0.9468135766247254,2.09948672432256,bayes_h1_marginal_boundary,measured_graph,0.016133648732542593,1.064273065842049,75,h1_z
7.943282347242822e-05,1.0000026994950457,1.832771446715924,4511.146694047676,4510.332489596956,-0.8142044507191568,1.832771446715924,bayes_h1_marginal_boundary,measured_graph,0.018435252220516354,1.0642611767105075,75,h1_z
0.0001,1.000002739522141,1.5856389312102692,4511.147651179523,4510.456055854709,-0.6915953248135883,1.5856389312102692,bayes_h1_marginal_boundary,measured_graph,0.020859948296148286,1.0642451464087126,75,h1_z
0.00012589254117941674,1.0000027656906663,1.3579648603408714,4511.148879089052,4510.569892890144,-0.5789861989080206,1.3579648603408714,bayes_h1_marginal_boundary,measured_graph,0.023375021767213216,1.0642232727518526,75,h1_z
0.00015848931924611142,1.0000027842718824,1.1495836156209407,4511.150460585506,4510.674083512504,-0.47637707300245236,1.1495836156209407,bayes_h1_marginal_boundary,measured_graph,0.02594187941754435,1.0641930568466087,75,h1_z
0.00019952623149688788,1.0000028010200779,0.9602728553873021,4511.152506839718,4510.768738892621,-0.38376794709688455,0.9602728553873021,bayes_h1_marginal_boundary,measured_graph,0.028517388067573885,1.0641508049646755,75,h1_z
0.0002511886431509582,1.000002820668057,0.7897323696979583,4511.155167956656,4510.854009135465,-0.30115882119131615,0.7897323696979583,bayes_h1_marginal_boundary,measured_graph,0.03105575854944537,1.0640910331670106,75,h1_z
0.00031622776601683794,1.0000028476005998,0.637555922361571,4511.158647054419,4510.9300973591335,-0.22854969528574837,0.637555922361571,bayes_h1_marginal_boundary,measured_graph,0.03351095751610239,1.0640055990231525,75,h1_z
0.00039810717055349735,1.0000028868321393,0.5031962696393748,4511.1632177548745,4510.997277185495,-0.16594056938017995,0.5031962696393748,bayes_h1_marginal_boundary,measured_graph,0.035839559659419824,1.0638824891723468,75,h1_z
0.0005011872336272725,1.0000029449158812,0.3859284860518528,4511.169242520763,4511.055911077288,-0.11333144347461188,0.3859284860518528,bayes_h1_marginal_boundary,measured_graph,0.03800380147491934,1.0637042581137428,75,h1_z
0.000630957344480193,1.0000030305883483,0.2848295923340629,4511.177182841716,4511.106460524147,-0.07072231756904392,0.2848295923340629,bayes_h1_marginal_boundary,measured_graph,0.039974255739401825,1.0634463377366439,75,h1_z
0.0007943282347242822,1.000003154693962,0.19882091665931512,4511.187578053648,4511.149464861985,-0.03811319166347554,0.19882091665931512,bayes_h1_marginal_boundary,measured_graph,0.04173082140593528,1.0630759831839027,75,h1_z
0.001,1.0000033282980891,0.12687114163236402,4511.200943815256,4511.185439749498,-0.015504065757907535,0.12687114163236402,bayes_h1_marginal_boundary,measured_graph,0.04325941362424909,1.0625536495150323,75,h1_z
0.0012589254117941675,1.0000035572579986,0.06852100648939086,4511.217509756922,4511.21461481707,-0.0028949398523394052,0.06852100648939086,bayes_h1_marginal_boundary,measured_graph,0.044540101172213305,1.0618398621125429,75,h1_z
0.001584893192461114,1.000003832549689,0.024883792033506325,4511.236719238244,4511.2364334242975,-0.0002858139467712683,0.024883792033506325,bayes_h1_marginal_boundary,measured_graph,0.04552258336642371,1.0609105301569275,75,h1_z
0.0019952623149688807,1.000004121559648,-0.0,4511.256552008355,4511.248875320314,-0.007676688041203171,-0.0,bayes_h1_marginal_boundary,measured_graph,0.04609250873913983,1.059778576086054,75,h1_z
0.002511886431509582,1.0000043745293992,0.0017411686039849883,4511.273072298148,4511.248004736012,-0.025067562135635053,0.0017411686039849883,bayes_h1_marginal_boundary,measured_graph,0.04605239878667291,1.058508243452872,75,h1_z
0.0031622776601683794,1.0000045542447198,0.04093841056419478,4511.280864551262,4511.228406115032,-0.05245843623006681,0.04093841056419478,bayes_h1_marginal_boundary,measured_graph,0.04515862227968491,1.0572016427211812,75,h1_z
0.003981071705534973,1.0000046657919828,0.12845830397782265,4511.274495478649,4511.184646168325,-0.08984931032449865,0.12845830397782265,bayes_h1_marginal_boundary,measured_graph,0.04322509738621474,1.0559547952293205,75,h1_z
0.005011872336272725,1.0000047537145376,0.2722856766431505,4511.249972666412,4511.112732481993,-0.13724018441893068,0.2722856766431505,bayes_h1_marginal_boundary,measured_graph,0.040225760475391385,1.0548123305647925,75,h1_z
0.006309573444801936,1.0000048756879252,0.4766611228151305,4511.20517581742,4511.010544758907,-0.19463105851336257,0.4766611228151305,bayes_h1_marginal_boundary,measured_graph,0.036318232037070096,1.0537510338187026,75,h1_z
0.00794328234724282,1.0000050857699216,0.7419882426529512,4511.139903131596,4510.877881198988,-0.26202193260779433,0.7419882426529512,bayes_h1_marginal_boundary,measured_graph,0.03180604338348454,1.0526901985634987,75,h1_z
0.01,1.0000054355433783,1.0630216651807132,4511.056777294426,4510.717364487724,-0.3394128067022262,1.0630216651807132,bayes_h1_marginal_boundary,measured_graph,0.027089321346436546,1.051510663284453,75,h1_z
0.012589254117941675,1.0000059791968934,1.4263303531497513,4510.9625138245365,4510.535710143739,-0.42680368079665804,1.4263303531497513,bayes_h1_marginal_boundary,measured_graph,0.022589501433079483,1.0500779173040473,75,h1_z
0.01584893192461114,1.0000067676194904,1.8108237863198156,4510.867657982046,4510.343463427154,-0.5241945548910899,1.8108237863198156,bayes_h1_marginal_boundary,measured_graph,0.018638671651797743,1.04827642334284,75,h1_z
0.01995262314968881,1.0000078193299249,2.1925410465883033,4510.784190226005,4510.15260479702,-0.6315854289855218,2.1925410465883033,bayes_h1_marginal_boundary,measured_graph,0.015400191020454602,1.0460541499660463,75,h1_z
0.025118864315095822,1.0000090613483248,2.549888907084096,4510.722907169852,4509.973930866772,-0.7489763030799538,2.549888907084096,bayes_h1_marginal_boundary,measured_graph,0.012880389784890848,1.0434571383655424,75,h1_z
0.03162277660168379,1.000000482808949,2.8637788658779755,4510.693353064549,4509.816985887375,-0.8763671771743852,2.8637788658779755,bayes_h1_marginal_boundary,measured_graph,0.01100952716245986,1.0406243127024457,75,h1_z
0.039810717055349734,1.0000005311342632,3.112393980301931,4510.7064363814325,4509.692678330163,-1.0137580512688171,3.112393980301931,bayes_h1_marginal_boundary,measured_graph,0.009722603636215918,1.0376869318418,75,h1_z
0.05011872336272725,1.000000533096545,3.2613029020449176,4510.779372794655,4509.618223869292,-1.1611489253632492,3.2613029020449176,bayes_h1_marginal_boundary,measured_graph,0.009025004343923317,1.0346784546244152,75,h1_z
0.06309573444801936,1.0000004830589626,3.2611428965228697,4510.93684367151,4509.618303872053,-1.3185397994576809,3.2611428965228697,bayes_h1_marginal_boundary,measured_graph,0.00902572639807186,1.0314325029511364,75,h1_z
0.07943282347242822,1.0000088022809894,3.0552926424661564,4511.207159672634,4509.721228999081,-1.4859306735521132,3.0552926424661564,bayes_h1_marginal_boundary,measured_graph,0.010004191101374287,1.0276128345044606,75,h1_z
0.1,1.0000072656063053,2.59959796563453,4511.612397885144,4509.949076337497,-1.663321547646544,2.59959796563453,bayes_h1_marginal_boundary,measured_graph,0.012564199418254556,1.022893889043382,75,h1_z
1e-05,1.0000003684539582,50.01218795544719,2114.0242331771997,2111.6565465933304,-2.3676865838692702,50.01218795544719,bayes_h1_marginal_boundary,measured_graph,3.839721397489599e-12,3.483119699542661,76,h1_z
1.2589254117941661e-05,1.0000003686681125,49.58700673933163,2114.024214659352,2111.869137201388,-2.155077457963703,49.58700673933163,bayes_h1_marginal_boundary,measured_graph,4.749267612366185e-12,3.483121632590916,76,h1_z
1.584893192461114e-05,1.0000003690467945,49.18183326551025,2114.024192270357,2112.071723938299,-1.952468332058134,49.18183326551025,bayes_h1_marginal_boundary,measured_graph,5.815793046950429e-12,3.4831239344190505,76,h1_z
1.9952623149688786e-05,1.0000003696784492,48.796668457952364,2114.0241655482305,2112.264306342078,-1.7598592061525666,48.796668457952364,bayes_h1_marginal_boundary,measured_graph,7.050930260603062e-12,3.4831266234962315,76,h1_z
2.5118864315095822e-05,1.0000003706777887,48.43151284740452,2114.0241342275986,2112.4468841473517,-1.5772500802469966,48.43151284740452,bayes_h1_marginal_boundary,measured_graph,8.463284738733711e-12,3.483129678070984,76,h1_z
3.1622776601683795e-05,1.0000003721703774,48.086366099223596,2114.024098475784,2112.619457521442,-1.404640954341429,48.086366099223596,bayes_h1_marginal_boundary,measured_graph,1.0057420691901118e-11,3.4831329994802305,76,h1_z
3.9810717055349695e-05,1.0000003742485246,47.76122620219576,2114.024059298392,2112.782027469956,-1.2420318284358616,47.76122620219576,bayes_h1_marginal_boundary,measured_graph,1.1832863323175791e-11,3.483136350612448,76,h1_z
5.011872336272725e-05,1.0000003768955537,47.45608810412523,2114.0240192215215,2112.9345965189914,-1.089422702530293,47.45608810412523,bayes_h1_marginal_boundary,measured_graph,1.3783190043783442e-11,3.483139254084331,76,h1_z
6.309573444801929e-05,1.0000003799157686,47.170941451216095,2114.0239834220706,2113.077169845446,-0.9468135766247254,47.170941451216095,bayes_h1_marginal_boundary,measured_graph,1.5895293567199786e-11,3.4831408253579386,76,h1_z
7.943282347242822e-05,1.0000003829587043,46.90576688310102,2114.0239615802225,2113.2097571295035,-0.8142044507191568,46.90576688310102,bayes_h1_marginal_boundary,measured_graph,1.814890716137451e-11,3.483139501202705,76,h1_z
0.0001,1.0000003856950195,46.66053000679585,2114.0239708924696,2113.332375567656,-0.6915953248135883,46.66053000679585,bayes_h1_marginal_boundary,measured_graph,2.0516486563823102e-11,3.483132600548912,76,h1_z
0.00012589254117941674,1.0000003880458495,46.435171648719916,2114.024040945602,2113.445054746694,-0.5789861989080206,46.435171648719916,bayes_h1_marginal_boundary,measured_graph,2.2963545140223068e-11,3.483115617878888,76,h1_z
0.00015848931924611142,1.0000003902871102,46.22959215461378,2114.0242215667495,2113.547844493747,-0.47637707300245236,46.22959215461378,bayes_h1_marginal_boundary,measured_graph,2.5449541106296182e-11,3.483081090451387,76,h1_z
0.00019952623149688788,1.000000393009804,46.04362619595122,2114.024595420175,2113.6408274730784,-0.38376794709688455,46.04362619595122,bayes_h1_marginal_boundary,measured_graph,2.7929422162804428e-11,3.4830167868381263,76,h1_z
0.0002511886431509582,1.000000397089104,45.877002460866606,2114.025298161812,2113.7241393406207,-0.30115882119131615,45.877002460866606,bayes_h1_marginal_boundary,measured_graph,3.0355950428058025e-11,3.4829028157935857,76,h1_z
0.00031622776601683794,1.000000403794181,45.72927930599235,2114.0265506133437,2113.798000918058,-0.22854969528574837,45.72927930599235,bayes_h1_marginal_boundary,measured_graph,3.2682969634689214e-11,3.4827070201369357,76,h1_z
0.00039810717055349735,1.0000004150974406,45.59974221916127,2114.0287100308537,2113.8627694614734,-0.16594056938017995,45.59974221916127,bayes_h1_marginal_boundary,measured_graph,3.486985419788124e-11,3.4823776502762978,76,h1_z
0.0005011872336272725,1.0000004342759712,45.487240684454264,2114.0323516723015,2113.919020228827,-0.11333144347461188,45.487240684454264,bayes_h1_marginal_boundary,measured_graph,3.6887526059474236e-11,3.4818317287188414,76,h1_z
0.000630957344480193,1.000000467079872,45.38992901471556,2114.0383983812653,2113.967676063696,-0.07072231756904392,45.38992901471556,bayes_h1_marginal_boundary,measured_graph,3.8726699882543345e-11,3.480936601183114,76,h1_z
0.0007943282347242822,1.0000005241881122,45.3048552285245,2114.048326148455,2114.0102129567917,-0.03811319166347554,45.3048552285245,bayes_h1_marginal_boundary,measured_graph,4.040955127374544e-11,3.479480740991917,76,h1_z
0.001,1.0000006268560602,45.2273099709455,2114.064489651339,2114.0489855855812,-0.015504065757907535,45.2273099709455,bayes_h1_marginal_boundary,measured_graph,4.2007106379444125e-11,3.477127665096679,76,h1_z
0.0012589254117941675,1.0000008211240232,45.14979762261646,2114.0906366995982,2114.0877417597458,-0.0028949398523394052,45.14979762261646,bayes_h1_marginal_boundary,measured_graph,4.366710085141736e-11,3.47334346244535,76,h1_z
0.001584893192461114,1.0000012169084194,45.06041519841892,2114.1327187857914,2114.1324329718445,-0.0002858139467712683,45.06041519841892,bayes_h1_marginal_boundary,measured_graph,4.566290172323679e-11,3.467283476142389,76,h1_z
0.0019952623149688807,1.0000021052696166,44.94030959138854,2114.200162463401,2114.1924857753597,-0.007676688041203171,44.94030959138854,bayes_h1_marginal_boundary,measured_graph,4.8489098198277476e-11,3.4576167551910215,76,h1_z
0.002511886431509582,1.0000043379496772,44.759717531202114,2114.3078493675885,2114.282781805453,-0.025067562135635053,44.759717531202114,bayes_h1_marginal_boundary,measured_graph,5.3071232645370965e-11,3.4422583729535305,76,h1_z
0.0031622776601683794,1.0000106195418046,44.47187155291067,2114.479163230829,2114.4267047945987,-0.05245843623006681,44.47187155291067,bayes_h1_marginal_boundary,measured_graph,6.128640330195418e-11,3.4179728754022483,76,h1_z
0.003981071705534973,1.0000022388622893,44.00329894576862,2114.7508404084942,2114.6609910981697,-0.08984931032449865,44.00329894576862,bayes_h1_marginal_boundary,measured_graph,7.746640171253651e-11,3.379870848201205,76,h1_z
0.005011872336272725,1.0000090809302864,43.24148405824508,2115.17913872635,2115.0418985419315,-0.13724018441893068,43.24148405824508,bayes_h1_marginal_boundary,measured_graph,1.133807654236362e-10,3.3206390268265658,76,h1_z
0.006309573444801936,1.0000049390853831,42.013963245357445,2115.850290006889,2115.6556589483753,-0.19463105851336257,42.013963245357445,bayes_h1_marginal_boundary,measured_graph,2.0945568012691733e-10,3.230361298133581,76,h1_z
0.00794328234724282,1.0000220352934628,40.0669586108952,2116.891183198214,2116.6291612656064,-0.26202193260779433,40.0669586108952,bayes_h1_marginal_boundary,measured_graph,5.544709874980699e-10,3.0976104922397627,76,h1_z
0.01,1.000013252257919,37.04302841825756,2118.4805391686273,2118.141126361925,-0.3394128067022262,37.04302841825756,bayes_h1_marginal_boundary,measured_graph,2.5148780186462285e-09,2.9165330140075874,76,h1_z
0.012589254117941675,1.0000160261426794,32.52726329417692,2120.825812604762,2120.3990089239655,-0.42680368079665804,32.52726329417692,bayes_h1_marginal_boundary,measured_graph,2.4049323394795184e-08,2.702715105614617,76,h1_z
0.01584893192461114,1.000024026691607,26.37137740860635,2124.001146421642,2123.476951866751,-0.5241945548910899,26.37137740860635,bayes_h1_marginal_boundary,measured_graph,5.221995558188162e-07,2.5003338284744805,76,h1_z
0.01995262314968881,1.0000200757506346,19.263626475226374,2127.6624127624264,2127.030827333441,-0.6315854289855218,19.263626475226374,bayes_h1_marginal_boundary,measured_graph,1.825008966882325e-05,2.3464304838850727,76,h1_z
0.025118864315095822,1.0000205497558152,12.488114465678336,2131.1675596412947,2130.418583338215,-0.7489763030799538,12.488114465678336,bayes_h1_marginal_boundary,measured_graph,0.000540192738027911,2.243218239992064,76,h1_z
0.03162277660168379,1.0000033681167186,7.019741553761378,2134.0291369713477,2133.1527697941733,-0.8763671771743852,7.019741553761378,bayes_h1_marginal_boundary,measured_graph,0.008317462123991764,2.176368562426277,76,h1_z
0.039810717055349734,1.0000110092402987,3.206904371553719,2136.072946436546,2135.059188385277,-1.0137580512688171,3.206904371553719,bayes_h1_marginal_boundary,measured_graph,0.055967757513266665,2.132566609589133,76,h1_z
0.05011872336272725,1.000003543421817,0.9641965692198937,2137.3416912118073,2136.180542286444,-1.1611489253632492,0.9641965692198937,bayes_h1_marginal_boundary,measured_graph,0.17176541290024755,2.103315231183472,76,h1_z
0.06309573444801936,1.0000013706453426,0.011117643134639366,2137.975621548944,2136.6570817494867,-1.3185397994576809,0.011117643134639366,bayes_h1_marginal_boundary,measured_graph,0.2766267516141672,2.0832975163558953,76,h1_z
0.07943282347242822,1.0000006211685881,-0.0,2138.148571244606,2136.662640571054,-1.4859306735521132,-0.0,bayes_h1_marginal_boundary,measured_graph,0.2781687522496188,2.068583498852341,76,h1_z
0.1,1.0000003270761186,0.5756680011945718,2138.038128118103,2136.3748065704567,-1.663321547646544,0.5756680011945718,bayes_h1_marginal_boundary,measured_graph,0.20859487034786814,2.0555606000666575,76,h1_z
1e-05,1.0000029986893544,7.5462913494011445,8424.35474795768,8421.98706137381,-2.3676865838692702,7.5462913494011445,bayes_h1_marginal_boundary,measured_graph,0.0021205432070315975,2.0726412121422753,78,h1_z
1.2589254117941661e-05,1.0000030266273932,7.1210429530801775,8424.354763029934,8422.19968557197,-2.155077457963703,7.1210429530801775,bayes_h1_marginal_boundary,measured_graph,0.002622941725116208,2.0726406165767686,78,h1_z
1.584893192461114e-05,1.0000030662420991,6.715784574043937,8424.354783093546,8422.402314761488,-1.952468332058134,6.715784574043937,bayes_h1_marginal_boundary,measured_graph,0.0032121023911619506,2.0726398172635,78,h1_z
1.9952623149688786e-05,1.0000031197625738,6.330512196655036,8424.354810156336,8422.594950950182,-1.7598592061525666,6.330512196655036,bayes_h1_marginal_boundary,measured_graph,0.0038944866052398686,2.072638736159029,78,h1_z
2.5118864315095822e-05,1.0000031871530601,5.965219817906473,8424.354847219804,8422.777597139557,-1.5772500802469966,5.965219817906473,bayes_h1_marginal_boundary,measured_graph,0.004674901305252691,2.0726372628028464,78,h1_z
3.1622776601683795e-05,1.00000326420098,5.619898391491006,8424.354898807105,8422.950257852764,-1.404640954341429,5.619898391491006,bayes_h1_marginal_boundary,measured_graph,0.005555946327396581,2.07263523840108,78,h1_z
3.9810717055349695e-05,1.0000033421137853,5.294534309134178,8424.35497172238,8423.112939893943,-1.2420318284358616,5.294534309134178,bayes_h1_marginal_boundary,measured_graph,0.0065374736953561705,2.0726324283436024,78,h1_z
5.011872336272725e-05,1.0000034104676356,4.989107195273391,8424.355076153404,8423.265653450873,-1.089422702530293,4.989107195273391,bayes_h1_marginal_boundary,measured_graph,0.0076160995049800815,2.0726284754941418,78,h1_z
6.309573444801929e-05,1.0000034623441323,4.703586483305116,8424.355227383483,8423.408413806857,-0.9468135766247254,4.703586483305116,bayes_h1_marginal_boundary,measured_graph,0.008784815490613633,2.072622826608009,78,h1_z
7.943282347242822e-05,1.000003497266379,4.437925802983955,8424.355448597737,8423.541244147018,-0.8142044507191568,4.437925802983955,bayes_h1_marginal_boundary,measured_graph,0.010032753179795356,2.0726146226059883,78,h1_z
0.0001,1.0000035196513393,4.192053864502668,8424.355775441072,8423.664180116259,-0.6915953248135883,4.192053864502668,bayes_h1_marginal_boundary,measured_graph,0.011345157807914773,2.072602533010618,78,h1_z
0.00012589254117941674,1.0000035353338685,3.965860028994939,8424.356263232921,8423.777277034013,-0.5789861989080206,3.965860028994939,bayes_h1_marginal_boundary,measured_graph,0.012703632113911756,2.072584496844047,78,h1_z
0.00015848931924611142,1.0000035493882997,3.7591716641109088,8424.356998289457,8423.880621216455,-0.47637707300245236,3.7591716641109088,bayes_h1_marginal_boundary,measured_graph,0.014086714627902529,2.072557311748123,78,h1_z
0.00019952623149688788,1.0000035658543942,3.5717185014764254,8424.358115744868,8423.974347797772,-0.38376794709688455,3.5717185014764254,bayes_h1_marginal_boundary,measured_graph,0.01547086704001261,2.072515985561459,78,h1_z
0.0002511886431509582,1.0000035884594822,3.4030764187773457,8424.359827660313,8424.058668839121,-0.30115882119131615,3.4030764187773457,bayes_h1_marginal_boundary,measured_graph,0.01683196489439559,2.0724527207397223,78,h1_z
0.00031622776601683794,1.000003621618877,3.2525789794563025,8424.362467254068,8424.133917558782,-0.22854969528574837,3.2525789794563025,bayes_h1_marginal_boundary,measured_graph,0.018147421247100903,2.072355336596951,78,h1_z
0.00039810717055349735,1.000003671554766,3.1191792131321563,8424.366558011325,8424.200617441944,-0.16594056938017995,3.1191792131321563,bayes_h1_marginal_boundary,measured_graph,0.019399132599991754,2.072204847997876,78,h1_z
0.0005011872336272725,1.0000037476906525,3.001236525033164,8424.372920229467,8424.259588785993,-0.11333144347461188,3.001236525033164,bayes_h1_marginal_boundary,measured_graph,0.02057752987678004,2.0719718264047122,78,h1_z
0.000630957344480193,1.0000038645955083,2.8961959368680255,8424.382831397645,8424.312109080076,-0.07072231756904392,2.8961959368680255,bayes_h1_marginal_boundary,measured_graph,0.02168715157476499,2.0716111258792127,78,h1_z
0.0007943282347242822,1.0000040447748744,2.800125328802096,8424.398257575773,8424.360144384109,-0.03811319166347554,2.800125328802096,bayes_h1_marginal_boundary,measured_graph,0.022754326335124288,2.0710547181026238,78,h1_z
0.001,1.0000043224930588,2.707097809321567,8424.422162209607,8424.40665814385,-0.015504065757907535,2.707097809321567,bayes_h1_marginal_boundary,measured_graph,0.023837716557706494,2.0702030951242003,78,h1_z
0.0012589254117941675,1.0000047482778736,2.608487114612217,8424.458858431057,8424.455963491204,-0.0028949398523394052,2.608487114612217,bayes_h1_marginal_boundary,measured_graph,0.025042500538044556,2.068917562622006,78,h1_z
0.001584893192461114,1.0000053922945034,2.492440955084021,8424.514272384915,8424.513986570968,-0.0002858139467712683,2.492440955084021,bayes_h1_marginal_boundary,measured_graph,0.02653852584609663,2.067019263571318,78,h1_z
0.0019952623149688807,1.0000063424142813,2.344139194545278,8424.595814139278,8424.588137451237,-0.007676688041203171,2.344139194545278,bayes_h1_marginal_boundary,measured_graph,0.02858117724932969,2.064304763288228,78,h1_z
0.002511886431509582,1.000007693569607,2.1477550151794276,8424.711397103056,8424.68632954092,-0.025067562135635053,2.1477550151794276,bayes_h1_marginal_boundary,measured_graph,0.03153003087256619,2.0605865135788415,78,h1_z
0.0031622776601683794,1.0000095399319584,1.8907025844346208,8424.867314192523,8424.814855756293,-0.05245843623006681,1.8907025844346208,bayes_h1_marginal_boundary,measured_graph,0.03585441344364881,2.0557496697333284,78,h1_z
0.003981071705534973,1.00001200883364,1.5691634779395827,8425.065474619865,8424.97562530954,-0.08984931032449865,1.5691634779395827,bayes_h1_marginal_boundary,measured_graph,0.04210793578266576,2.049790145034012,78,h1_z
0.005011872336272725,1.0000010966684973,1.1917519639246166,8425.301571250966,8425.164331066548,-0.13724018441893068,1.1917519639246166,bayes_h1_marginal_boundary,measured_graph,0.050853145466657784,2.042822925462232,78,h1_z
0.006309573444801936,1.0000015156537778,0.7850251506206405,8425.562325531713,8425.3676944732,-0.19463105851336257,0.7850251506206405,bayes_h1_marginal_boundary,measured_graph,0.062321432343339894,2.0350139500096853,78,h1_z
0.00794328234724282,1.0000021431491786,0.395405849259987,8425.824526056487,8425.56250412388,-0.26202193260779433,0.395405849259987,bayes_h1_marginal_boundary,measured_graph,0.07572550575017296,2.0267196233965024,78,h1_z
0.01,1.0000030510237257,0.09886093724344391,8426.050189386591,8425.710776579888,-0.3394128067022262,0.09886093724344391,bayes_h1_marginal_boundary,measured_graph,0.08782862667840745,2.01851946155971,78,h1_z
0.012589254117941675,1.000004252810477,-0.0,8426.187010729307,8425.76020704851,-0.42680368079665804,-0.0,bayes_h1_marginal_boundary,measured_graph,0.0922791258347403,2.011204606971151,78,h1_z
0.01584893192461114,1.0000056421030843,0.2201219490088988,8426.174340628897,8425.650146074006,-0.5241945548910899,0.2201219490088988,bayes_h1_marginal_boundary,measured_graph,0.08266175048514456,2.005620720362927,78,h1_z
0.01995262314968881,1.0000069826361366,0.8860848277654441,8425.948750063613,8425.317164634627,-0.6315854289855218,0.8860848277654441,bayes_h1_marginal_boundary,measured_graph,0.05925057866185892,2.0025168331158008,78,h1_z
0.025118864315095822,1.0000079751694506,2.12805100767946,8425.445157847751,8424.69618154467,-0.7489763030799538,2.12805100767946,bayes_h1_marginal_boundary,measured_graph,0.031842200076065634,2.0024972844227693,78,h1_z
0.03162277660168379,1.000008362946572,4.072317636717344,8424.600415407325,8423.724048230151,-0.8763671771743852,4.072317636717344,bayes_h1_marginal_boundary,measured_graph,0.012045114498744031,2.005997983553837,78,h1_z
0.039810717055349734,1.0000080303624936,6.812213401768531,8423.367858398895,8422.354100347626,-1.0137580512688171,6.812213401768531,bayes_h1_marginal_boundary,measured_graph,0.0030609069453235876,2.013170692159621,78,h1_z
0.05011872336272725,1.0000070597914008,10.366912565423263,8421.737899691161,8420.576750765798,-1.1611489253632492,10.366912565423263,bayes_h1_marginal_boundary,measured_graph,0.0005175555987494948,2.0237236814500053,78,h1_z
0.06309573444801936,1.000005702820991,14.666115866632026,8419.745688914652,8418.427149115194,-1.3185397994576809,14.666115866632026,bayes_h1_marginal_boundary,measured_graph,6.031104810634429e-05,2.0369290794642407,78,h1_z
0.07943282347242822,1.0000042678837773,19.588545865794003,8417.451864789165,8415.965934115613,-1.4859306735521132,19.588545865794003,bayes_h1_marginal_boundary,measured_graph,5.1464147458241605e-06,2.0519156104268323,78,h1_z
0.1,1.0000029986964003,25.032447776695335,8414.907304707809,8413.243983160162,-1.663321547646544,25.032447776695335,bayes_h1_marginal_boundary,measured_graph,3.3835804173902593e-07,2.068071419178712,78,h1_z
1e-05,1.000000003410719,35.537124004211364,12078.520283080057,12076.152596496187,-2.3676865838692702,35.537124004211364,bayes_h1_marginal_boundary,measured_graph,1.872122387838078e-08,0.13645490057074838,79,h1_z
1.2589254117941661e-05,1.0000000045899744,35.108788883531815,12078.521841514492,12076.366764056527,-2.155077457963703,35.108788883531815,bayes_h1_marginal_boundary,measured_graph,2.3192417825071137e-08,0.13645375268920706,79,h1_z
1.584893192461114e-05,1.0000000063846342,34.6992740269925,12078.523989816855,12076.571521484797,-1.952468332058134,34.6992740269925,bayes_h1_marginal_boundary,measured_graph,2.8462369193783184e-08,0.136452045124751,79,h1_z
1.9952623149688786e-05,1.0000000090803731,34.30805771420637,12078.526988847343,12076.76712964119,-1.7598592061525666,34.30805771420637,bayes_h1_marginal_boundary,measured_graph,3.4611672893537465e-08,0.13644948108949018,79,h1_z
2.5118864315095822e-05,1.0000000130821753,33.9343590924218,12078.531229032329,12076.953978952082,-1.5772500802469966,33.9343590924218,bayes_h1_marginal_boundary,measured_graph,4.1722489623214267e-08,0.1364456005270262,79,h1_z
3.1622776601683795e-05,1.0000000190041403,33.57700202131673,12078.537298441976,12077.132657487635,-1.404640954341429,33.57700202131673,bayes_h1_marginal_boundary,measured_graph,4.988492428025789e-08,0.13643969082018226,79,h1_z
3.9810717055349695e-05,1.000000027904376,33.23420831091062,12078.546086171275,12077.304054342838,-1.2420318284358616,33.23420831091062,bayes_h1_marginal_boundary,measured_graph,5.9211494901894754e-08,0.13643065203067645,79,h1_z
5.011872336272725e-05,1.000000041819639,32.903288640813116,12078.558936880418,12077.469514177887,-1.089422702530293,32.903288640813116,bayes_h1_marginal_boundary,measured_graph,6.986574897062925e-08,0.13641679920915614,79,h1_z
6.309573444801929e-05,1.0000000647971607,32.58019353491545,12078.577875307461,12077.631061730835,-0.9468135766247254,32.58019353491545,bayes_h1_marginal_boundary,measured_graph,8.211519526062462e-08,0.13639558656924056,79,h1_z
7.943282347242822e-05,1.0000001045947704,32.25889419939267,12078.605915849315,12077.791711398597,-0.8142044507191568,32.25889419939267,bayes_h1_marginal_boundary,measured_graph,9.642569863502635e-08,0.1363632575445608,79,h1_z
0.0001,1.0000001747952572,31.930611670108192,12078.647447988053,12077.955852663239,-0.6915953248135883,31.930611670108192,bayes_h1_marginal_boundary,measured_graph,1.1362618870380946e-07,0.1363144863027888,79,h1_z
0.00012589254117941674,1.0000002950829252,31.583063154579577,12078.708613119912,12078.129626921003,-0.5789861989080206,31.583063154579577,bayes_h1_marginal_boundary,measured_graph,1.3519095653625453e-07,0.13624222415696785,79,h1_z
0.00015848931924611142,1.0000004823085162,31.200253463368426,12078.797408839611,12078.321031766609,-0.47637707300245236,31.200253463368426,bayes_h1_marginal_boundary,measured_graph,1.6370943480631902e-07,0.13613824004664182,79,h1_z
0.00019952623149688788,1.0000007208775528,30.764013590302056,12078.922919650238,12078.539151703142,-0.38376794709688455,30.764013590302056,bayes_h1_marginal_boundary,measured_graph,2.036113549480009e-07,0.13599517016922924,79,h1_z
0.0002511886431509582,1.0000009215624135,30.259311659261584,12079.092661489854,12078.791502668662,-0.30115882119131615,30.259311659261584,bayes_h1_marginal_boundary,measured_graph,2.620575194381216e-07,0.13581077862233495,79,h1_z
0.00031622776601683794,1.0000009421468663,29.685182261873706,12079.307117062643,12079.078567367356,-0.22854969528574837,29.685182261873706,bayes_h1_marginal_boundary,measured_graph,3.491943759119439e-07,0.1355935063761264,79,h1_z
0.00039810717055349735,1.0000007324077123,29.069325675587606,12079.55243622988,12079.3864956605,-0.16594056938017995,29.069325675587606,bayes_h1_marginal_boundary,measured_graph,4.751150624053383e-07,0.13536495504316187,79,h1_z
0.0005011872336272725,1.0000004287280029,28.476109228449786,12079.796435327542,12079.683103884068,-0.11333144347461188,28.476109228449786,bayes_h1_marginal_boundary,measured_graph,6.391666604913635e-07,0.13515367849659965,79,h1_z
0.000630957344480193,1.0000001987633278,27.993791757082363,12079.99498493732,12079.924262619752,-0.07072231756904392,27.993791757082363,bayes_h1_marginal_boundary,measured_graph,8.134821389383656e-07,0.13498172489547214,79,h1_z
0.0007943282347242822,1.0000000814488035,27.701451599263237,12080.108545890325,12080.070432698662,-0.03811319166347554,27.701451599263237,bayes_h1_marginal_boundary,measured_graph,9.415185490582378e-07,0.13485508445255176,79,h1_z
0.001,1.0000000338618311,27.638706062287383,12080.117309532907,12080.10180546715,-0.015504065757907535,27.638706062287383,bayes_h1_marginal_boundary,measured_graph,9.71524821341096e-07,0.13476574096792882,79,h1_z
0.0012589254117941675,1.0000000160388407,27.799586099150474,12080.02426038857,12080.021365448718,-0.0028949398523394052,27.799586099150474,bayes_h1_marginal_boundary,measured_graph,8.964359083829378e-07,0.13470026641847113,79,h1_z
0.001584893192461114,1.000000009166926,28.14775438930883,12079.847567117586,12079.847281303639,-0.0002858139467712683,28.14775438930883,bayes_h1_marginal_boundary,measured_graph,7.532089312720585e-07,0.1346464572840592,79,h1_z
0.0019952623149688807,1.0000000063247245,28.63648841421673,12079.610590979226,12079.602914291185,-0.007676688041203171,28.63648841421673,bayes_h1_marginal_boundary,measured_graph,5.899133383910876e-07,0.13459555039804355,79,h1_z
0.002511886431509582,1.000000005116538,29.222230122239125,12079.33511099931,12079.310043437174,-0.025067562135635053,29.222230122239125,bayes_h1_marginal_boundary,measured_graph,4.4014525085563733e-07,0.13454195329213853,79,h1_z
0.0031622776601683794,1.0000000046914235,29.86981593830933,12079.038708965369,12078.986250529138,-0.05245843623006681,29.86981593830933,bayes_h1_marginal_boundary,measured_graph,3.184010908440292e-07,0.1344824933572009,79,h1_z
0.003981071705534973,1.0000000047382538,30.551316894245247,12078.735349361496,12078.64550005117,-0.08984931032449865,30.551316894245247,bayes_h1_marginal_boundary,measured_graph,2.264584313460421e-07,0.1344158527988134,79,h1_z
0.005011872336272725,1.0000000051549103,31.240085079316486,12078.438356143053,12078.301115958635,-0.13724018441893068,31.240085079316486,bayes_h1_marginal_boundary,measured_graph,1.604812814804172e-07,0.13434185914043636,79,h1_z
0.006309573444801936,1.0000000059407599,31.90107208063273,12078.16525351649,12077.970622457977,-0.19463105851336257,31.90107208063273,bayes_h1_marginal_boundary,measured_graph,1.1531687902753493e-07,0.13425999639337768,79,h1_z
0.00794328234724282,1.0000000071738984,32.47968128694265,12077.943339787429,12077.681317854822,-0.26202193260779433,32.47968128694265,bayes_h1_marginal_boundary,measured_graph,8.634744417045194e-08,0.13416702637373837,79,h1_z
0.01,1.000000009030135,32.893362720762525,12077.813889944615,12077.474477137912,-0.3394128067022262,32.893362720762525,bayes_h1_marginal_boundary,measured_graph,7.02133517457641e-08,0.13405463106536664,79,h1_z
0.012589254117941675,1.000000011832414,33.03019671408401,12077.832863822048,12077.406060141251,-0.42680368079665804,33.03019671408401,bayes_h1_marginal_boundary,measured_graph,6.557021099274237e-08,0.13390843840137592,79,h1_z
0.01584893192461114,1.0000000161315437,32.75489113549338,12078.067907485438,12077.543712930546,-0.5241945548910899,32.75489113549338,bayes_h1_marginal_boundary,measured_graph,7.524686799169842e-08,0.1337089370748645,79,h1_z
0.01995262314968881,1.000000022818869,31.91780267728973,12078.593842588634,12077.962257159648,-0.6315854289855218,31.91780267728973,bayes_h1_marginal_boundary,measured_graph,1.1435624253952433e-07,0.13343345865480666,79,h1_z
0.025118864315095822,1.000000033267479,30.36302807541142,12079.488620763668,12078.739644460587,-0.7489763030799538,30.36302807541142,bayes_h1_marginal_boundary,measured_graph,2.488140452972418e-07,0.13305821431809228,79,h1_z
0.03162277660168379,1.0000000494655028,27.93533996977203,12080.829855690581,12079.953488513407,-0.8763671771743852,27.93533996977203,bayes_h1_marginal_boundary,measured_graph,8.376077098874805e-07,0.13256018331112648,79,h1_z
0.039810717055349734,1.0000000739428363,24.488986768315954,12082.690423165404,12081.676665114135,-1.0137580512688171,24.488986768315954,bayes_h1_marginal_boundary,measured_graph,4.692526730987146e-06,0.1319195862317199,79,h1_z
0.05011872336272725,1.0000001085975914,19.911197042198182,12085.126708902557,12083.965559977194,-1.1611489253632492,19.911197042198182,bayes_h1_marginal_boundary,measured_graph,4.628722703488862e-05,0.131125461352518,79,h1_z
0.06309573444801936,1.0000001498843,14.176777786891762,12088.151309404306,12086.832769604847,-1.3185397994576809,14.176777786891762,bayes_h1_marginal_boundary,measured_graph,0.0008140938683267097,0.13018657587443572,79,h1_z
0.07943282347242822,1.000000179059096,7.421070864915237,12091.696553739388,12090.210623065836,-1.4859306735521132,7.421070864915237,bayes_h1_marginal_boundary,measured_graph,0.023859294757617493,0.1291428164975326,79,h1_z
0.1,1.0000001639662357,-0.0,12095.58448004594,12093.921158498293,-1.663321547646544,-0.0,bayes_h1_marginal_boundary,measured_graph,0.9752650606930077,0.12806903160127808,79,h1_z
1e-05,1.0000000001276632,7.127356760302064,15029.11935726065,15026.75167067678,-2.3676865838692702,7.127356760302064,bayes_h1_marginal_boundary,measured_graph,0.0031143768523906553,0.04466419358456594,80,h1_z
1.2589254117941661e-05,1.000000000327951,6.687946100853878,15029.126453464469,15026.971376006504,-2.155077457963703,6.687946100853878,bayes_h1_marginal_boundary,measured_graph,0.0038796091520938206,0.04466201352255843,80,h1_z
1.584893192461114e-05,1.0000000008990502,6.261726889206329,15029.136953944386,15027.184485612328,-1.952468332058134,6.261726889206329,bayes_h1_marginal_boundary,measured_graph,0.004801095016761654,0.04465867995622078,80,h1_z
1.9952623149688786e-05,1.0000000025406128,5.845218097339966,15029.152599214414,15027.392740008261,-1.7598592061525666,5.845218097339966,bayes_h1_marginal_boundary,measured_graph,0.005912675382153889,0.044653584086861875,80,h1_z
2.5118864315095822e-05,1.0000000071098205,5.433197099693643,15029.176000587331,15027.598750507084,-1.5772500802469966,5.433197099693643,bayes_h1_marginal_boundary,measured_graph,0.0072652950966538244,0.04464582659106176,80,h1_z
3.1622776601683795e-05,1.0000000188843663,5.0179874134664715,15029.210996304539,15027.806355350198,-1.404640954341429,5.0179874134664715,bayes_h1_marginal_boundary,measured_graph,0.00894159297341784,0.04463412942858597,80,h1_z
3.9810717055349695e-05,1.0000000456141864,4.588711200900434,15029.263025284918,15028.020993456481,-1.2420318284358616,4.588711200900434,bayes_h1_marginal_boundary,measured_graph,0.011082329074860946,0.044616793492446793,80,h1_z
5.011872336272725e-05,1.0000000959853348,4.1309247553072055,15029.339309381809,15028.249886679278,-1.089422702530293,4.1309247553072055,bayes_h1_marginal_boundary,measured_graph,0.013932790452134565,0.04459181785189215,80,h1_z
6.309573444801929e-05,1.0000001680692716,3.6276482935863896,15029.448338486764,15028.501524910138,-0.9468135766247254,3.6276482935863896,bayes_h1_marginal_boundary,measured_graph,0.01791938912929051,0.044557379597583734,80,h1_z
7.943282347242822e-05,1.0000002321868668,3.063626009541622,15029.597740502879,15028.78353605216,-0.8142044507191568,3.063626009541622,bayes_h1_marginal_boundary,measured_graph,0.023757409486889623,0.04451286370134845,80,h1_z
0.0001,1.0000002380260158,2.434841830156074,15029.789523466667,15029.097928141853,-0.6915953248135883,2.434841830156074,bayes_h1_marginal_boundary,measured_graph,0.03253402777003789,0.04446026805325875,80,h1_z
0.00012589254117941674,1.0000001704311017,1.7625113593130664,15030.013079576183,15029.434093377275,-0.5789861989080206,1.7625113593130664,bayes_h1_marginal_boundary,measured_graph,0.04553365784448042,0.04440495791952219,80,h1_z
0.00015848931924611142,1.000000081821816,1.1031995332668885,15030.2401263633,15029.763749290298,-0.47637707300245236,1.1031995332668885,bayes_h1_marginal_boundary,measured_graph,0.0633140775360199,0.044354275375599224,80,h1_z
0.00019952623149688788,1.0000000263313658,0.5408763182531402,15030.4286788449,15030.044910897805,-0.38376794709688455,0.5408763182531402,bayes_h1_marginal_boundary,measured_graph,0.08387011111681845,0.04431409909014248,80,h1_z
0.0002511886431509582,1.000000005985341,0.15729252451274078,15030.537861615867,15030.236702794675,-0.30115882119131615,0.15729252451274078,bayes_h1_marginal_boundary,measured_graph,0.10160179504309463,0.04428613040592021,80,h1_z
0.00031622776601683794,1.0000000010685408,-0.0,15030.543898752218,15030.315349056931,-0.22854969528574837,-0.0,bayes_h1_marginal_boundary,measured_graph,0.10991501375911583,0.04426824463723545,80,h1_z
0.00039810717055349735,1.000000000175431,0.07148582940135384,15030.445546711611,15030.27960614223,-0.16594056938017995,0.07148582940135384,bayes_h1_marginal_boundary,measured_graph,0.10605571299105232,0.04425683139010233,80,h1_z
0.0005011872336272725,1.0000000000324618,0.34119084979829495,15030.258085075506,15030.144753632032,-0.11333144347461188,0.34119084979829495,bayes_h1_marginal_boundary,measured_graph,0.09267623175677543,0.04424871057350025,80,h1_z
0.000630957344480193,1.000000038512436,0.7652116830831801,15030.003465532958,15029.93274321539,-0.07072231756904392,0.7652116830831801,bayes_h1_marginal_boundary,measured_graph,0.07497101884435839,0.04424176065727545,80,h1_z
0.0007943282347242822,1.0000000218769434,1.3011844815518998,15029.702870007819,15029.664756816155,-0.03811319166347554,1.3011844815518998,bayes_h1_marginal_boundary,measured_graph,0.05734669562492262,0.04423476922252317,80,h1_z
0.001,1.000000016081938,1.915597629147669,15029.373054308115,15029.357550242357,-0.015504065757907535,1.915597629147669,bayes_h1_marginal_boundary,measured_graph,0.04217841724068535,0.04422710225054075,80,h1_z
0.0012589254117941675,1.0000000140488519,2.585924567480106,15029.025281713044,15029.022386773191,-0.0028949398523394052,2.585924567480106,bayes_h1_marginal_boundary,measured_graph,0.03016689651382676,0.04421847653948788,80,h1_z
0.001584893192461114,1.0000000135566398,3.300604141099029,15028.665332800329,15028.665046986382,-0.0002858139467712683,3.300604141099029,bayes_h1_marginal_boundary,measured_graph,0.021102792853377437,0.04420884750410203,80,h1_z
0.0019952623149688807,1.000000013866072,4.058514574062428,15028.293768457941,15028.2860917699,-0.007676688041203171,4.058514574062428,bayes_h1_marginal_boundary,measured_graph,0.014446471212106276,0.04419837806673613,80,h1_z
0.002511886431509582,1.0000000148011312,4.8683524443804345,15027.906240396876,15027.881172834741,-0.025067562135635053,4.8683524443804345,bayes_h1_marginal_boundary,measured_graph,0.009636242426008008,0.04418743686614297,80,h1_z
0.0031622776601683794,1.0000000164883853,5.747737781366595,15027.493938602478,15027.441480166248,-0.05245843623006681,5.747737781366595,bayes_h1_marginal_boundary,measured_graph,0.006207998705181795,0.04417659493043932,80,h1_z
0.003981071705534973,1.0000000193144558,6.722765544083813,15027.043815595214,15026.95396628489,-0.08984931032449865,6.722765544083813,bayes_h1_marginal_boundary,measured_graph,0.003812650791231356,0.04416665960012674,80,h1_z
0.005011872336272725,1.0000000239828946,7.832061301389331,15026.536558590655,15026.399318406236,-0.13724018441893068,7.832061301389331,bayes_h1_marginal_boundary,measured_graph,0.0021895078976232702,0.044158951193987515,80,h1_z
0.006309573444801936,1.0000000316031272,9.14378763924833,15025.93808629582,15025.743455237307,-0.19463105851336257,9.14378763924833,bayes_h1_marginal_boundary,measured_graph,0.0011363412205138436,0.04415622932348117,80,h1_z
0.00794328234724282,1.0000000000083458,10.792502478929237,15025.181119750074,15024.919097817467,-0.26202193260779433,10.792502478929237,bayes_h1_marginal_boundary,measured_graph,0.0004983045839933241,0.04416459226498003,80,h1_z
0.01,1.0000000000142268,13.026449792778294,15024.141536967245,15023.802124160542,-0.3394128067022262,13.026449792778294,bayes_h1_marginal_boundary,measured_graph,0.00016307950580859802,0.04419588057453178,80,h1_z
0.012589254117941675,1.0000000000239582,16.22536388517983,15022.629470795138,15022.202667114341,-0.42680368079665804,16.22536388517983,bayes_h1_marginal_boundary,measured_graph,3.2943066087025466e-05,0.04426864885166411,80,h1_z
0.01584893192461114,1.0000000000385352,20.824697218165966,15020.42719500274,15019.903000447848,-0.5241945548910899,20.824697218165966,bayes_h1_marginal_boundary,measured_graph,3.303934843225318e-06,0.04440448063313749,80,h1_z
0.01995262314968881,1.0000000000589588,27.113743870075268,15017.39006255088,15016.758477121894,-0.6315854289855218,27.113743870075268,bayes_h1_marginal_boundary,measured_graph,1.4235815321503608e-07,0.044617879526608985,80,h1_z
0.025118864315095822,1.000000000088075,35.003008058942214,15013.56282133054,15012.81384502746,-0.7489763030799538,35.003008058942214,bayes_h1_marginal_boundary,measured_graph,2.7558171188269624e-09,0.04490424513442597,80,h1_z
0.03162277660168379,1.0000000001330458,43.9701874304119,15009.2066225189,15008.330255341725,-0.8763671771743852,43.9701874304119,bayes_h1_marginal_boundary,measured_graph,3.112089898955561e-11,0.04523643199631302,80,h1_z
0.039810717055349734,1.0000000002012168,53.28089595183337,15004.688659132284,15003.674901081014,-1.0137580512688171,53.28089595183337,bayes_h1_marginal_boundary,measured_graph,2.9597666152124834e-13,0.04557536298010923,80,h1_z
0.05011872336272725,1.0000000002764518,62.315460277921375,15000.318767843333,14999.15761891797,-1.1611489253632492,62.315460277921375,bayes_h1_marginal_boundary,measured_graph,3.2316680948472204e-15,0.04588703220173558,80,h1_z
0.06309573444801936,1.0000000003023681,70.75903851356634,14996.254369599606,14994.935829800148,-1.3185397994576809,70.75903851356634,bayes_h1_marginal_boundary,measured_graph,4.7416231325857545e-17,0.04615377013045813,80,h1_z
0.07943282347242822,1.0000000002556888,78.58382987982259,14992.509364790572,14991.02343411702,-1.4859306735521132,78.58382987982259,bayes_h1_marginal_boundary,measured_graph,9.479712729240992e-19,0.04637554453871341,80,h1_z
0.1,1.0000000001924485,85.91683002388163,14989.020255592637,14987.35693404499,-1.663321547646544,85.91683002388163,bayes_h1_marginal_boundary,measured_graph,2.4235636362413737e-20,0.046564756337367806,80,h1_z
1e-05,1.0000000022772688,1.2320138955619768,13204.262013649608,13201.894327065738,-2.3676865838692702,1.2320138955619768,bayes_h1_marginal_boundary,measured_graph,0.0558100625126978,0.035780700898643186,81,h1_z
1.2589254117941661e-05,1.000000002615042,0.8692618730892718,13204.23078053494,13202.075703076975,-2.155077457963703,0.8692618730892718,bayes_h1_marginal_boundary,measured_graph,0.0669087797961957,0.03578102768561835,81,h1_z
1.584893192461114e-05,1.0000000031064902,0.5524342356766283,13204.186585227739,13202.234116895681,-1.952468332058134,0.5524342356766283,bayes_h1_marginal_boundary,measured_graph,0.07839373510911257,0.035781179064884004,81,h1_z
1.9952623149688786e-05,1.0000000037619068,0.2921902205889637,13204.124098109378,13202.364238903225,-1.7598592061525666,0.2921902205889637,bayes_h1_marginal_boundary,measured_graph,0.0892879037503841,0.03578104649197061,81,h1_z
2.5118864315095822e-05,1.0000000045054978,0.1024356306224945,13204.036366278455,13202.459116198208,-1.5772500802469966,0.1024356306224945,bayes_h1_marginal_boundary,measured_graph,0.09817418681040747,0.035780555574423445,81,h1_z
3.1622776601683795e-05,1.00000000511306,-0.0,13203.91497496786,13202.51033401352,-1.404640954341429,-0.0,bayes_h1_marginal_boundary,measured_graph,0.10333344946643873,0.03577975775734366,81,h1_z
3.9810717055349695e-05,1.0000000052726543,0.0031126422218221705,13203.750809520845,13202.508777692408,-1.2420318284358616,0.0031126422218221705,bayes_h1_marginal_boundary,measured_graph,0.10317275451647778,0.03577892886034704,81,h1_z
5.011872336272725e-05,1.0000000048415423,0.1285052349048783,13203.535504098598,13202.446081396067,-1.089422702530293,0.1285052349048783,bayes_h1_marginal_boundary,measured_graph,0.09690280978511866,0.03577858034915021,81,h1_z
6.309573444801929e-05,1.0000000040257657,0.38789732603981975,13203.263198927125,13202.3163853505,-0.9468135766247254,0.38789732603981975,bayes_h1_marginal_boundary,measured_graph,0.08511578190341196,0.03577931977404433,81,h1_z
7.943282347242822e-05,1.0000000031869418,0.7856434979657934,13202.931716715255,13202.117512264536,-0.8142044507191568,0.7856434979657934,bayes_h1_marginal_boundary,measured_graph,0.06976548363722383,0.03578165645819775,81,h1_z
0.0001,1.000000002545873,1.3192533570581872,13202.542302659804,13201.85070733499,-0.6915953248135883,1.3192533570581872,bayes_h1_marginal_boundary,measured_graph,0.053427973341318526,0.03578593490139252,81,h1_z
0.00012589254117941674,1.0000000021316868,1.982866370708507,13202.097887027074,13201.518900828165,-0.5789861989080206,1.982866370708507,bayes_h1_marginal_boundary,measured_graph,0.03834131162261903,0.03579243913795489,81,h1_z
0.00015848931924611142,1.000000001886679,2.772047138401831,13201.60068751732,13201.124310444318,-0.47637707300245236,2.772047138401831,bayes_h1_marginal_boundary,measured_graph,0.025840358779621812,0.03580155800998177,81,h1_z
0.00019952623149688788,1.0000000017468356,3.6881702325845254,13201.050016844323,13200.666248897227,-0.38376794709688455,3.6881702325845254,bayes_h1_marginal_boundary,measured_graph,0.01634424775847577,0.035813922079559385,81,h1_z
0.0002511886431509582,1.0000000016667638,4.7418634502573695,13200.440561109583,13200.13940228839,-0.30115882119131615,4.7418634502573695,bayes_h1_marginal_boundary,measured_graph,0.009650689924388273,0.03583051378700289,81,h1_z
0.00031622776601683794,1.0000000016190367,5.956076522124931,13199.760845447743,13199.532295752457,-0.22854969528574837,5.956076522124931,bayes_h1_marginal_boundary,measured_graph,0.005258905217947301,0.035852793686409846,81,h1_z
0.00039810717055349735,1.0000000015880008,7.369742376427894,13198.991403394686,13198.825462825305,-0.16594056938017995,7.369742376427894,bayes_h1_marginal_boundary,measured_graph,0.002593711715153701,0.035882883100754166,81,h1_z
0.0005011872336272725,1.0000000015647068,9.04293086501275,13198.102200024487,13197.988868581013,-0.11333144347461188,9.04293086501275,bayes_h1_marginal_boundary,measured_graph,0.0011235526793744888,0.03592383377313711,81,h1_z
0.000630957344480193,1.000000001543584,11.064123765965633,13197.048994448105,13196.978272130536,-0.07072231756904392,11.064123765965633,bayes_h1_marginal_boundary,measured_graph,0.00040897520415967507,0.03598000713758578,81,h1_z
0.0007943282347242822,1.0000000015204942,13.559674723484932,13195.76860984344,13195.730496651777,-0.03811319166347554,13.559674723484932,bayes_h1_marginal_boundary,measured_graph,0.00011743430254279358,0.03605756696541268,81,h1_z
0.001,1.0000000014915922,16.704151831927447,13194.173762163313,13194.158258097556,-0.015504065757907535,16.704151831927447,bayes_h1_marginal_boundary,measured_graph,2.437701050399516e-05,0.03616503171857992,81,h1_z
0.0012589254117941675,1.0000000014527293,20.727163118539465,13192.149647394102,13192.14675245425,-0.0028949398523394052,20.727163118539465,bayes_h1_marginal_boundary,measured_graph,3.2613292327795064e-06,0.03631369129183524,81,h1_z
0.001584893192461114,1.0000000013993784,25.906415461384313,13189.557412096774,13189.557126282827,-0.0002858139467712683,25.906415461384313,bayes_h1_marginal_boundary,measured_graph,2.447565296599394e-07,0.036517412958287275,81,h1_z
0.0019952623149688807,1.000000001327278,32.52883194696915,13186.253594728076,13186.245918040035,-0.007676688041203171,32.52883194696915,bayes_h1_marginal_boundary,measured_graph,8.926779728650595e-09,0.03679095823891829,81,h1_z
0.002511886431509582,1.0000000012341475,40.79866059842243,13182.136071276444,13182.111003714308,-0.025067562135635053,40.79866059842243,bayes_h1_marginal_boundary,measured_graph,1.4286450597368843e-10,0.037145713873793174,81,h1_z
0.0031622776601683794,1.0000000011220418,50.69202649406361,13177.216779202718,13177.164320766487,-0.05245843623006681,50.69202649406361,bayes_h1_marginal_boundary,measured_graph,1.0153300403983947e-12,0.03758257984012819,81,h1_z
0.003981071705534973,1.0000000009988452,61.81806151344426,13171.691152567122,13171.601303256797,-0.08984931032449865,61.81806151344426,bayes_h1_marginal_boundary,measured_graph,3.89600430938879e-15,0.038084615535335285,81,h1_z
0.005011872336272725,1.0000000008766379,73.41249530540517,13165.941326545235,13165.804086360817,-0.13724018441893068,73.41249530540517,bayes_h1_marginal_boundary,measured_graph,1.1828239790257282e-17,0.03861560354230488,81,h1_z
0.006309573444801936,1.0000000007669125,84.5512685866197,13160.429330778723,13160.23469972021,-0.19463105851336257,84.5512685866197,bayes_h1_marginal_boundary,measured_graph,4.5098929643286797e-20,0.039129656066393244,81,h1_z
0.00794328234724282,1.0000000006759184,94.49232054716776,13155.526195672543,13155.264173739935,-0.26202193260779433,94.49232054716776,bayes_h1_marginal_boundary,measured_graph,3.1296388859091414e-22,0.039588403356491095,81,h1_z
0.01,1.0000000006033614,102.92042437384953,13151.389534633297,13151.050121826594,-0.3394128067022262,102.92042437384953,bayes_h1_marginal_boundary,measured_graph,4.627588539562931e-24,0.03997448216702929,81,h1_z
0.012589254117941675,1.0000000005440963,109.95914152872137,13147.957566929956,13147.530763249159,-0.42680368079665804,109.95914152872137,bayes_h1_marginal_boundary,measured_graph,1.3706189336237683e-25,0.040293242848367807,81,h1_z
0.01584893192461114,1.0000000004906209,116.00494722638177,13145.03205495522,13144.507860400328,-0.5241945548910899,116.00494722638177,bayes_h1_marginal_boundary,measured_graph,6.669399002835235e-27,0.04056453783586416,81,h1_z
0.01995262314968881,1.000000000434868,121.52542087171605,13142.379209006647,13141.747623577661,-0.6315854289855218,121.52542087171605,bayes_h1_marginal_boundary,measured_graph,4.220181014977172e-28,0.04081196336659775,81,h1_z
0.025118864315095822,1.0000000003699072,126.92304085174692,13139.797789890727,13139.048813587646,-0.7489763030799538,126.92304085174692,bayes_h1_marginal_boundary,measured_graph,2.839571398181746e-29,0.04105535894406593,81,h1_z
0.03162277660168379,1.0000000002929417,132.4867130270286,13137.143344677179,13136.266977500005,-0.8763671771743852,132.4867130270286,bayes_h1_marginal_boundary,measured_graph,1.7583961760766094e-30,0.04130813788447666,81,h1_z
0.039810717055349734,1.000000000208962,138.39917448406777,13134.324504822755,13133.310746771485,-1.0137580512688171,138.39917448406777,bayes_h1_marginal_boundary,measured_graph,9.146228307467188e-32,0.04157797109041294,81,h1_z
0.05011872336272725,1.0000000001305616,144.75518259800447,13131.29389163988,13130.132742714517,-1.1611489253632492,144.75518259800447,bayes_h1_marginal_boundary,measured_graph,3.8111181489542484e-33,0.041868451113043416,81,h1_z
0.06309573444801936,1.000000000070519,151.56224088187082,13128.047753372042,13126.729213572584,-1.3185397994576809,151.56224088187082,bayes_h1_marginal_boundary,measured_graph,1.2674139625815776e-34,0.0421799997631706,81,h1_z
0.07943282347242822,1.0000000000332072,158.72521980855527,13124.633654782794,13123.147724109242,-1.4859306735521132,158.72521980855527,bayes_h1_marginal_boundary,measured_graph,3.5277465542695915e-36,0.04250961653362047,81,h1_z
0.1,1.00000000001408,166.04332590398553,13121.151992609173,13119.488671061526,-1.663321547646544,166.04332590398553,bayes_h1_marginal_boundary,measured_graph,9.086378604615434e-38,0.04285054958808825,81,h1_z
1e-05,1.0000000252194619,52.01852645228064,11090.570831807354,11088.203145223484,-2.3676865838692702,52.01852645228064,bayes_h1_marginal_boundary,measured_graph,1.927190944434791e-12,0.05492664281169206,83,h1_z
1.2589254117941661e-05,1.000000036162931,51.557005030375876,11090.588983392401,11088.433905934437,-2.155077457963703,51.557005030375876,bayes_h1_marginal_boundary,measured_graph,2.4274083957845203e-12,0.05492012944625159,83,h1_z
1.584893192461114e-05,1.0000000531939195,51.10223072595909,11090.613761418703,11088.661293086645,-1.952468332058134,51.10223072595909,bayes_h1_marginal_boundary,measured_graph,3.047164044673232e-12,0.05491083471926531,83,h1_z
1.9952623149688786e-05,1.0000000791055277,50.64902251825333,11090.647756396651,11088.887897190498,-1.7598592061525666,50.64902251825333,bayes_h1_marginal_boundary,measured_graph,3.822158978186324e-12,0.05489755702646997,83,h1_z
2.5118864315095822e-05,1.0000001168235926,50.1904531056789,11090.694431977032,11089.117181896785,-1.5772500802469966,50.1904531056789,bayes_h1_marginal_boundary,measured_graph,4.807129588260927e-12,0.05487869785672374,83,h1_z
3.1622776601683795e-05,1.0000001671796082,49.71787276670511,11090.758113020613,11089.353472066272,-1.404640954341429,49.71787276670511,bayes_h1_marginal_boundary,measured_graph,6.08843041073429e-12,0.05485232440199737,83,h1_z
3.9810717055349695e-05,1.0000002235612104,49.221893822821585,11090.84349336665,11089.601461538214,-1.2420318284358616,49.221893822821585,bayes_h1_marginal_boundary,measured_graph,7.801997480991357e-12,0.05481651457727606,83,h1_z
5.011872336272725e-05,1.0000002650108122,48.695426649104775,11090.954117827603,11089.864695125072,-1.089422702530293,48.695426649104775,bayes_h1_marginal_boundary,measured_graph,1.0151417745323663e-11,0.05477019712916944,83,h1_z
6.309573444801929e-05,1.000000259929727,48.13996939595381,11091.089237328273,11090.142423751648,-0.9468135766247254,48.13996939595381,bayes_h1_marginal_boundary,measured_graph,1.3401169799962795e-11,0.054714514411222534,83,h1_z
7.943282347242822e-05,1.0000001957343954,47.574832068930846,11091.239196865878,11090.424992415159,-0.8142044507191568,47.574832068930846,bayes_h1_marginal_boundary,measured_graph,1.7777092053494284e-11,0.05465405488131214,83,h1_z
0.0001,1.000000106898695,47.04455439267258,11091.381726578102,11090.690131253288,-0.6915953248135883,47.04455439267258,bayes_h1_marginal_boundary,measured_graph,2.3174429712907873e-11,0.05459643852939662,83,h1_z
0.00012589254117941674,1.0000000423111093,46.6151798107785,11091.483804743144,11090.904818544235,-0.5789861989080206,46.6151798107785,bayes_h1_marginal_boundary,measured_graph,2.8724108691558656e-11,0.0545492830717333,83,h1_z
0.00015848931924611142,1.0000000134834581,46.35426058411031,11091.511655230572,11091.03527815757,-0.47637707300245236,46.35426058411031,bayes_h1_marginal_boundary,measured_graph,3.272686851264549e-11,0.05451637976974978,83,h1_z
0.00019952623149688788,1.0000000044357724,46.30490621786521,11091.443723287788,11091.059955340692,-0.38376794709688455,46.30490621786521,bayes_h1_marginal_boundary,measured_graph,3.3544522647335845e-11,0.05449652184884918,83,h1_z
0.0002511886431509582,1.0000000020729385,46.47278018023644,11091.277177180698,11090.976018359506,-0.30115882119131615,46.47278018023644,bayes_h1_marginal_boundary,measured_graph,3.0843826272869286e-11,0.05448560959565737,83,h1_z
0.00031622776601683794,1.0000000016037616,46.83271699008037,11091.02459964987,11090.796049954584,-0.22854969528574837,46.83271699008037,bayes_h1_marginal_boundary,measured_graph,2.5763743286292502e-11,0.05447940686860745,83,h1_z
0.00039810717055349735,1.000000001839559,47.34506890948251,11090.705814564264,11090.539873994883,-0.16594056938017995,47.34506890948251,bayes_h1_marginal_boundary,measured_graph,1.9941285779696522e-11,0.05447490264706115,83,h1_z
0.0005011872336272725,1.000000002601916,47.969721545832726,11090.340879120182,11090.227547676708,-0.11333144347461188,47.969721545832726,bayes_h1_marginal_boundary,measured_graph,1.4591890463809553e-11,0.05447035274097092,83,h1_z
0.000630957344480193,1.0000000040567034,48.673305957843695,11089.946477788271,11089.875755470703,-0.07072231756904392,48.673305957843695,bayes_h1_marginal_boundary,measured_graph,1.0264319147547237e-11,0.05446484625960331,83,h1_z
0.0007943282347242822,1.0000000066921604,49.43110398772478,11089.534969647426,11089.496856455762,-0.03811319166347554,49.43110398772478,bayes_h1_marginal_boundary,measured_graph,7.0271042361690945e-12,0.054457915851931854,83,h1_z
0.001,1.000000011598685,50.22662649857375,11089.114599266095,11089.099095200338,-0.015504065757907535,50.22662649857375,bayes_h1_marginal_boundary,measured_graph,4.72096605035895e-12,0.054449315689546085,83,h1_z
0.0012589254117941675,1.0000000211900624,51.051152753512724,11088.689727012721,11088.686832072868,-0.0028949398523394052,51.051152753512724,bayes_h1_marginal_boundary,measured_graph,3.125987780091377e-12,0.05443892630861775,83,h1_z
0.001584893192461114,1.0000000409354364,51.904496177550755,11088.260446174796,11088.26016036085,-0.0002858139467712683,51.904496177550755,bayes_h1_marginal_boundary,measured_graph,2.0402627750359355e-12,0.05442670691233076,83,h1_z
0.0019952623149688807,1.0000000835092573,52.797004911513795,11087.821582681909,11087.813905993868,-0.007676688041203171,52.797004911513795,bayes_h1_marginal_boundary,measured_graph,1.305810921888594e-12,0.054412580993156115,83,h1_z
0.002511886431509582,1.0000001785724837,53.75032469437065,11087.362313664575,11087.33724610244,-0.025067562135635053,53.75032469437065,bayes_h1_marginal_boundary,measured_graph,8.107174784193806e-13,0.05439603669618072,83,h1_z
0.0031622776601683794,1.0000003947795688,54.790045351415756,11086.869844210147,11086.817385773917,-0.05245843623006681,54.790045351415756,bayes_h1_marginal_boundary,measured_graph,4.820555242244037e-13,0.054375011331425395,83,h1_z
0.003981071705534973,1.0000008849911028,55.91902959278377,11086.342742963558,11086.252893653233,-0.08984931032449865,55.91902959278377,bayes_h1_marginal_boundary,measured_graph,2.7412033319327994e-13,0.05434337534981105,83,h1_z
0.005011872336272725,1.0000019647362828,57.06235214053959,11085.818472563773,11085.681232379355,-0.13724018441893068,57.06235214053959,bayes_h1_marginal_boundary,measured_graph,1.547647014493396e-13,0.05428640654657089,83,h1_z
0.006309573444801936,1.0000000714833965,57.99010124686538,11085.411988884705,11085.217357826192,-0.19463105851336257,57.99010124686538,bayes_h1_marginal_boundary,measured_graph,9.73226118374133e-14,0.05417495409715598,83,h1_z
0.00794328234724282,1.0000001807236627,58.250258885298535,11085.349300939582,11085.087279006975,-0.26202193260779433,58.250258885298535,bayes_h1_marginal_boundary,measured_graph,8.545180526990107e-14,0.053961143308417725,83,h1_z
0.01,1.0000003900547128,57.15650836460918,11085.973567074023,11085.63415426732,-0.3394128067022262,57.15650836460918,bayes_h1_marginal_boundary,measured_graph,1.4764751774616073e-13,0.05358353555137023,83,h1_z
0.012589254117941675,1.0000006496543528,53.88266587855469,11087.697879191144,11087.271075510347,-0.42680368079665804,53.88266587855469,bayes_h1_marginal_boundary,measured_graph,7.588081960495322e-13,0.052987981720881726,83,h1_z
0.01584893192461114,1.0000007292617261,47.73638800779736,11090.868409000617,11090.344214445726,-0.5241945548910899,47.73638800779736,bayes_h1_marginal_boundary,measured_graph,1.639756249990746e-11,0.05216758432585649,83,h1_z
0.01995262314968881,1.0000004794524588,38.66865535017132,11095.509666203525,11094.878080774539,-0.6315854289855218,38.66865535017132,bayes_h1_marginal_boundary,measured_graph,1.5269064272746827e-09,0.05120344770732032,83,h1_z
0.025118864315095822,1.0000001689923201,27.76566471449769,11101.078552395456,11100.329576092376,-0.7489763030799538,27.76566471449769,bayes_h1_marginal_boundary,measured_graph,3.5593177292473843e-07,0.0502574944205748,83,h1_z
0.03162277660168379,1.0000021141703954,17.054164352193766,11106.561693450702,11105.685326273528,-0.8763671771743852,17.054164352193766,bayes_h1_marginal_boundary,measured_graph,7.539447267030881e-05,0.049490929818696267,83,h1_z
0.039810717055349734,1.0000004450216102,8.457603945116716,11110.997364528335,11109.983606477066,-1.0137580512688171,8.457603945116716,bayes_h1_marginal_boundary,measured_graph,0.005547009147289549,0.048977853789088435,83,h1_z
0.05011872336272725,1.000000088202621,2.8933028781684698,11113.926905935903,11112.76575701054,-1.1611489253632492,2.8933028781684698,bayes_h1_marginal_boundary,measured_graph,0.08960484781519144,0.0486969882047052,83,h1_z
0.06309573444801936,1.0000000213853082,0.272508558267873,11115.394693969949,11114.07615417049,-1.3185397994576809,0.272508558267873,bayes_h1_marginal_boundary,measured_graph,0.3322230509513583,0.04858351820072893,83,h1_z
0.07943282347242822,1.0000000069751436,-0.0,11115.698339123177,11114.212408449624,-1.4859306735521132,-0.0,bayes_h1_marginal_boundary,measured_graph,0.38071873063172346,0.04857325432829775,83,h1_z
0.1,1.0000000029369944,1.3708962476739543,11115.190281873434,11113.526960325788,-1.663321547646544,1.3708962476739543,bayes_h1_marginal_boundary,measured_graph,0.19183060919483277,0.048617741574435554,83,h1_z
1e-05,1.0000000000298785,3.594159113999922,6774.789150692544,6772.4214641086755,-2.3676865838692702,3.594159113999922,bayes_h1_marginal_boundary,measured_graph,0.01253507466128,0.16620652978218947,84,h1_z
1.2589254117941661e-05,1.0000000000413374,3.169786406293497,6774.788727920492,6772.633650462529,-2.155077457963703,3.169786406293497,bayes_h1_marginal_boundary,measured_graph,0.015498093892266366,0.16620654830139434,84,h1_z
1.584893192461114e-05,1.0000000000569593,2.7658211640882655,6774.788101415689,6772.835633083631,-1.952468332058134,2.7658211640882655,bayes_h1_marginal_boundary,measured_graph,0.018966981711479862,0.16620652336554903,84,h1_z
1.9952623149688786e-05,1.0000000000771752,2.3824785578235605,6774.787163592916,6773.027304386764,-1.7598592061525666,2.3824785578235605,bayes_h1_marginal_boundary,measured_graph,0.022974179753470967,0.16620641576004835,84,h1_z
2.5118864315095822e-05,1.0000000001021594,2.0200927737969323,6774.785747359024,6773.208497278777,-1.5772500802469966,2.0200927737969323,bayes_h1_marginal_boundary,measured_graph,0.027537917080364988,0.16620616022962426,84,h1_z
3.1622776601683795e-05,1.0000000001325828,1.679183663756703,6774.783592788139,6773.378951833797,-1.404640954341429,1.679183663756703,bayes_h1_marginal_boundary,measured_graph,0.03265566713489573,0.16620565022079808,84,h1_z
3.9810717055349695e-05,1.000000000171271,1.3605599064449052,6774.780295540889,6773.538263712453,-1.2420318284358616,1.3605599064449052,bayes_h1_marginal_boundary,measured_graph,0.03829541941807636,0.1662047149106508,84,h1_z
5.011872336272725e-05,1.0000000002254759,1.0654769740776828,6774.775227881167,6773.685805178637,-1.089422702530293,1.0654769740776828,bayes_h1_marginal_boundary,measured_graph,0.04438367660365056,0.16620308612468265,84,h1_z
6.309573444801929e-05,1.000000000309643,0.7958747390875942,6774.767419872756,6773.820606296132,-0.9468135766247254,0.7958747390875942,bayes_h1_marginal_boundary,measured_graph,0.050788648519469945,0.16620035434167812,84,h1_z
7.943282347242822e-05,1.0000000004490186,0.5547244818662875,6774.755385875462,6773.941181424742,-0.8142044507191568,0.5547244818662875,bayes_h1_marginal_boundary,measured_graph,0.05729698496270104,0.16619591908664988,84,h1_z
0.0001,1.0000000006824619,0.3465111299556156,6774.736883425511,6774.045288100698,-0.6915953248135883,0.3465111299556156,bayes_h1_marginal_boundary,measured_graph,0.06358354305333337,0.1661889549996057,84,h1_z
0.00012589254117941674,1.0000000010550716,0.17784738686896162,6774.708606171149,6774.129619972241,-0.5789861989080206,0.17784738686896162,bayes_h1_marginal_boundary,measured_graph,0.0691782530799764,0.16617844747064434,84,h1_z
0.00015848931924611142,1.0000000015786905,0.05813279700851126,6774.665854340174,6774.189477267171,-0.47637707300245236,0.05813279700851126,bayes_h1_marginal_boundary,measured_graph,0.07344551555117677,0.16616339846560998,84,h1_z
0.00019952623149688788,1.0000000021480961,-0.0,6774.602311612773,6774.2185436656755,-0.38376794709688455,-0.0,bayes_h1_marginal_boundary,measured_graph,0.07561164039544048,0.16614332069174484,84,h1_z
0.0002511886431509582,1.0000000024932456,0.019046234177949373,6774.510179369778,6774.2090205485865,-0.30115882119131615,0.019046234177949373,bayes_h1_marginal_boundary,measured_graph,0.07489499963359811,0.1661190060108172,84,h1_z
0.00031622776601683794,1.000000002350305,0.13220144690058078,6774.380992637511,6774.152442942225,-0.22854969528574837,0.13220144690058078,bayes_h1_marginal_boundary,measured_graph,0.07077526118636177,0.16609316524428833,84,h1_z
0.00039810717055349735,1.0000000017764044,0.3544355467256537,6774.207266461693,6774.041325892313,-0.16594056938017995,0.3544355467256537,bayes_h1_marginal_boundary,measured_graph,0.06333211024941908,0.16607017985304104,84,h1_z
0.0005011872336272725,1.0000000011203416,0.6946961470657698,6773.984527035617,6773.871195592143,-0.11333144347461188,0.6946961470657698,bayes_h1_marginal_boundary,measured_graph,0.053424111553876864,0.16605468519117478,84,h1_z
0.000630957344480193,1.0000000006440652,1.153455407542424,6773.712538279473,6773.641815961904,-0.07072231756904392,1.153455407542424,bayes_h1_marginal_boundary,measured_graph,0.042473592974718116,0.16605000299570247,84,h1_z
0.0007943282347242822,1.00000000037462,1.7243213591300446,6773.394496177774,6773.3563829861105,-0.03811319166347554,1.7243213591300446,bayes_h1_marginal_boundary,measured_graph,0.031926920772211785,0.16605775131990072,84,h1_z
0.001,1.0000000002383227,2.399803641170365,6773.034145910849,6773.01864184509,-0.015504065757907535,2.399803641170365,bayes_h1_marginal_boundary,measured_graph,0.02277602446727988,0.16607856190953424,84,h1_z
0.0012589254117941675,1.000000000171074,3.1782117929906235,6772.632332709032,6772.62943776918,-0.0028949398523394052,3.1782117929906235,bayes_h1_marginal_boundary,measured_graph,0.015432942502975444,0.1661128310870877,84,h1_z
0.001584893192461114,1.0000000001378366,4.0676279004346725,6772.185015529405,6772.184729715458,-0.0002858139467712683,4.0676279004346725,bayes_h1_marginal_boundary,measured_graph,0.009892691919553666,0.1661609979756131,84,h1_z
0.0019952623149688807,1.0000000001220708,5.084919522923883,6771.683760592255,6771.676083904214,-0.007676688041203171,5.084919522923883,bayes_h1_marginal_boundary,measured_graph,0.005948567791996993,0.16622368829507855,84,h1_z
0.002511886431509582,1.0000000001159999,6.251101763164115,6771.118060346229,6771.092992784093,-0.025067562135635053,6.251101763164115,bayes_h1_marginal_boundary,measured_graph,0.0033203140214691116,0.1663020155744552,84,h1_z
0.0031622776601683794,1.0000000001153773,7.585714044322231,6770.4781450797445,6770.425686643514,-0.05245843623006681,7.585714044322231,bayes_h1_marginal_boundary,measured_graph,0.0017036162926088313,0.16639768193171667,84,h1_z
0.003981071705534973,1.0000000001169187,9.101599977831938,6769.757592987084,6769.6677436767595,-0.08984931032449865,9.101599977831938,bayes_h1_marginal_boundary,measured_graph,0.0007983647193928051,0.16651232217364284,84,h1_z
0.005011872336272725,1.0000000001173783,10.800681841756159,6768.955442929217,6768.818202744797,-0.13724018441893068,10.800681841756159,bayes_h1_marginal_boundary,measured_graph,0.0003413896873361427,0.16664613355134889,84,h1_z
0.006309573444801936,1.0000000001139613,12.67193784443407,6768.077205801972,6767.8825747434585,-0.19463105851336257,12.67193784443407,bayes_h1_marginal_boundary,measured_graph,0.00013394062457715698,0.1667964854361177,84,h1_z
0.00794328234724282,1.0000000001054445,14.692548698756582,6767.134291248905,6766.872269316297,-0.26202193260779433,14.692548698756582,bayes_h1_marginal_boundary,measured_graph,4.8768820009461705e-05,0.16695742780408768,84,h1_z
0.01,1.000000000092631,16.831950216519544,6766.141981364118,6765.802568557416,-0.3394128067022262,16.831950216519544,bayes_h1_marginal_boundary,measured_graph,1.673312713827511e-05,0.1671208832826995,84,h1_z
0.012589254117941675,1.0000000000774536,19.057661385322717,6765.116516653811,6764.689712973014,-0.42680368079665804,19.057661385322717,bayes_h1_marginal_boundary,measured_graph,5.4988271890108395e-06,0.16727946413017655,84,h1_z
0.01584893192461114,1.0000000000617137,21.340852009421724,6764.072312215856,6763.548117660965,-0.5241945548910899,21.340852009421724,bayes_h1_marginal_boundary,measured_graph,1.7558262065267484e-06,0.16742925939009876,84,h1_z
0.01995262314968881,1.0000000000465747,23.65909338044912,6763.020582404436,6762.388996975451,-0.6315854289855218,23.65909338044912,bayes_h1_marginal_boundary,measured_graph,5.509114632897052e-07,0.16757022788738796,84,h1_z
0.025118864315095822,1.0000000000328813,25.995565171237104,6761.969737383137,6761.220761080057,-0.7489763030799538,25.995565171237104,bayes_h1_marginal_boundary,measured_graph,1.7128660689060775e-07,0.16770364208745908,84,h1_z
0.03162277660168379,1.0000000000214315,28.337352730337443,6760.926234477681,6760.049867300507,-0.8763671771743852,28.337352730337443,bayes_h1_marginal_boundary,measured_graph,5.311420664740817e-08,0.16782891117844623,84,h1_z
0.039810717055349734,1.0000000000127802,30.67626004086378,6759.894171696513,6758.880413645244,-1.0137580512688171,30.67626004086378,bayes_h1_marginal_boundary,measured_graph,1.6493902750651107e-08,0.16794279231475256,84,h1_z
0.05011872336272725,1.0000000351303606,33.01128073481232,6758.874052223632,6757.712903298269,-1.1611489253632492,33.01128073481232,bayes_h1_marginal_boundary,measured_graph,5.131922962187225e-09,0.16804147646431364,84,h1_z
0.06309573444801936,1.0000000220678367,35.347109499041835,6757.863528715612,6756.544988916155,-1.3185397994576809,35.347109499041835,bayes_h1_marginal_boundary,measured_graph,1.5961046279855357e-09,0.16812309742943587,84,h1_z
0.07943282347242822,1.0000000128808886,37.68573562693746,6756.861606525759,6755.375675852207,-1.4859306735521132,37.68573562693746,bayes_h1_marginal_boundary,measured_graph,4.957185213182531e-10,0.16818826106522247,84,h1_z
0.1,1.0000000069447907,40.01642770615217,6755.873651360246,6754.210329812599,-1.663321547646544,40.01642770615217,bayes_h1_marginal_boundary,measured_graph,1.5457234337988815e-10,0.16823892632457363,84,h1_z
1e-05,1.000000866147776,20.83805253956598,8944.24971041563,8941.88202383176,-2.3676865838692702,20.83805253956598,bayes_h1_marginal_boundary,measured_graph,3.946682399205534e-06,2.8190485492308563,86,h1_z
1.2589254117941661e-05,1.0000009398468452,20.412168654100242,8944.250043232458,8942.094965774493,-2.155077457963703,20.412168654100242,bayes_h1_marginal_boundary,measured_graph,4.883280705947708e-06,2.8190526800972577,86,h1_z
1.584893192461114e-05,1.000001013780767,20.006058487710106,8944.250489189746,8942.298020857688,-1.952468332058134,20.006058487710106,bayes_h1_marginal_boundary,measured_graph,5.982702284861672e-06,2.8190574083137783,86,h1_z
1.9952623149688786e-05,1.0000010773887065,19.61963189735252,8944.25109335902,8942.491234152867,-1.7598592061525666,19.61963189735252,bayes_h1_marginal_boundary,measured_graph,7.257864562489828e-06,2.819062611450885,86,h1_z
2.5118864315095822e-05,1.0000011235884456,19.252757286041742,8944.25192153877,8942.674671458522,-1.5772500802469966,19.252757286041742,bayes_h1_marginal_boundary,measured_graph,8.71916044312088e-06,2.8190679551953592,86,h1_z
3.1622776601683795e-05,1.0000011515918104,18.905240216179664,8944.253070947794,8942.848429993453,-1.404640954341429,18.905240216179664,bayes_h1_marginal_boundary,measured_graph,1.037378020661583e-05,2.819072735410504,86,h1_z
3.9810717055349695e-05,1.0000011652777236,18.57679007430852,8944.254686892826,8943.012655064389,-1.2420318284358616,18.57679007430852,bayes_h1_marginal_boundary,measured_graph,1.2225287588350943e-05,2.8190756280275564,86,h1_z
5.011872336272725e-05,1.0000011697204652,18.266968155159702,8944.256988726494,8943.167566023963,-1.089422702530293,18.266968155159702,bayes_h1_marginal_boundary,measured_graph,1.4273683387910065e-05,2.8190742833562905,86,h1_z
6.309573444801929e-05,1.0000011690009107,17.975106719411997,8944.260310318463,8943.313496741837,-0.9468135766247254,17.975106719411997,bayes_h1_marginal_boundary,measured_graph,1.651630768138107e-05,2.819064665693523,86,h1_z
7.943282347242822e-05,1.0000011658335555,17.70018253404487,8944.26516328524,8943.45095883452,-0.8142044507191568,17.70018253404487,bayes_h1_marginal_boundary,measured_graph,1.8950121248118116e-05,2.819039988373431,86,h1_z
0.0001,1.0000011620931624,17.44061915347629,8944.272335849619,8943.580740524805,-0.6915953248135883,17.44061915347629,bayes_h1_marginal_boundary,measured_graph,2.1576225131035963e-05,2.8189890129614907,86,h1_z
0.00012589254117941674,1.0000011595143439,17.19397825453416,8944.283047173185,8943.704060974276,-0.5789861989080206,17.19397825453416,bayes_h1_marginal_boundary,measured_graph,2.4408037153068993e-05,2.818893356374807,86,h1_z
0.00015848931924611142,1.0000011603590693,16.956479902510182,8944.29918722329,8943.822810150288,-0.47637707300245236,16.956479902510182,bayes_h1_marginal_boundary,measured_graph,2.7485583905245395e-05,2.8187232719397763,86,h1_z
0.00019952623149688788,1.0000011681264085,16.722263428433507,8944.323686334423,8943.939918387327,-0.38376794709688455,16.722263428433507,bayes_h1_marginal_boundary,measured_graph,3.090042329357986e-05,2.818431142227802,86,h1_z
0.0002511886431509582,1.000001188469755,16.482266385883122,8944.361075729794,8944.059916908602,-0.30115882119131615,16.482266385883122,bayes_h1_marginal_boundary,measured_graph,3.48400784570549e-05,2.8179416920510816,86,h1_z
0.00031622776601683794,1.0000012305177042,16.222570344616543,8944.418314624521,8944.189764929235,-0.22854969528574837,16.222570344616543,bayes_h1_marginal_boundary,measured_graph,3.967084061674066e-05,2.8171378831013474,86,h1_z
0.00039810717055349735,1.000001308779526,15.922076485760044,8944.505952428044,8944.340011858663,-0.16594056938017995,15.922076485760044,bayes_h1_marginal_boundary,measured_graph,4.6102323681363755e-05,2.8158420987529866,86,h1_z
0.0005011872336272725,1.000001445536195,15.549527758706972,8944.639617665664,8944.52628622219,-0.11333144347461188,15.549527758706972,bayes_h1_marginal_boundary,measured_graph,5.554190147865274e-05,2.8137947553356066,86,h1_z
0.000630957344480193,1.0000016722184866,15.060396144985134,8944.84157434662,8944.77085202905,-0.07072231756904392,15.060396144985134,bayes_h1_marginal_boundary,measured_graph,7.093071278918221e-05,2.8106391097629855,86,h1_z
0.0007943282347242822,1.0000020235668239,14.39534905324399,8945.141488766585,8945.103375574921,-0.03811319166347554,14.39534905324399,bayes_h1_marginal_boundary,measured_graph,9.891165423157968e-05,2.8059344032672566,86,h1_z
0.001,1.0000025086170679,13.484162438897329,8945.574472947852,8945.558968882095,-0.015504065757907535,13.484162438897329,bayes_h1_marginal_boundary,measured_graph,0.00015599444184238422,2.799237708334244,86,h1_z
0.0012589254117941675,1.0000030421205153,12.261240947027545,8946.173324567882,8946.17042962803,-0.0028949398523394052,12.261240947027545,bayes_h1_marginal_boundary,measured_graph,0.00028751675112831225,2.7902975049644176,86,h1_z
0.001584893192461114,1.0000033842535712,10.697369259120023,8946.95265128593,8946.952365471983,-0.0002858139467712683,10.697369259120023,bayes_h1_marginal_boundary,measured_graph,0.0006284251747779049,2.779337193149003,86,h1_z
0.0019952623149688807,1.0000032549826725,8.839948845761683,8947.888752366704,8947.881075678662,-0.007676688041203171,8.839948845761683,bayes_h1_marginal_boundary,measured_graph,0.001590696379670854,2.7672444310900346,86,h1_z
0.002511886431509582,1.0000026341142967,6.83241484600876,8948.909910240674,8948.884842678539,-0.025067562135635053,6.83241484600876,bayes_h1_marginal_boundary,measured_graph,0.004340280141932338,2.7553841340335166,86,h1_z
0.0031622776601683794,1.0000018235633095,4.880856555722858,8949.913080259912,8949.860621823682,-0.05245843623006681,4.880856555722858,bayes_h1_marginal_boundary,measured_graph,0.011515777366254715,2.745026669337094,86,h1_z
0.003981071705534973,1.0000011326691045,3.178625421565812,8950.801586701085,8950.71173739076,-0.08984931032449865,3.178625421565812,bayes_h1_marginal_boundary,measured_graph,0.02697292559271367,2.7368370077288655,86,h1_z
0.005011872336272725,1.0000006675841893,1.844273504189914,8951.516153533867,8951.378913349448,-0.13724018441893068,1.844273504189914,bayes_h1_marginal_boundary,measured_graph,0.05256284838738717,2.7308000466425635,86,h1_z
0.006309573444801936,1.0000003925186647,0.9087886319211975,8952.041286844096,8951.846655785583,-0.19463105851336257,0.9087886319211975,bayes_h1_marginal_boundary,measured_graph,0.08391060465959087,2.72646160110668,86,h1_z
0.00794328234724282,1.0000002390532106,0.33754175648573437,8952.394301155908,8952.1322792233,-0.26202193260779433,0.33754175648573437,bayes_h1_marginal_boundary,measured_graph,0.11165072141058535,2.723203540125632,86,h1_z
0.01,1.0000001535650358,0.06016462255138322,8952.61038059697,8952.270967790268,-0.3394128067022262,0.06016462255138322,bayes_h1_marginal_boundary,measured_graph,0.128260583952363,2.7204518227120777,86,h1_z
0.012589254117941675,1.0000001035093014,-0.0,8952.72785378234,8952.301050101543,-0.42680368079665804,-0.0,bayes_h1_marginal_boundary,measured_graph,0.13217757951867723,2.717819964650298,86,h1_z
0.01584893192461114,1.000000071536992,0.10314554200522252,8952.773671885432,8952.24947733054,-0.5241945548910899,0.10314554200522252,bayes_h1_marginal_boundary,measured_graph,0.12553361193080975,2.7151817486300502,86,h1_z
0.01995262314968881,1.0000000491762873,0.3607612791020074,8952.752254890978,8952.120669461992,-0.6315854289855218,0.3607612791020074,bayes_h1_marginal_boundary,measured_graph,0.1103619786583982,2.712668618296572,86,h1_z
0.025118864315095822,1.000000032645564,0.8140778338893142,8952.64298748768,8951.894011184599,-0.7489763030799538,0.8140778338893142,bayes_h1_marginal_boundary,measured_graph,0.08797981392255064,2.7106017247492202,86,h1_z
0.03162277660168379,1.0000000204217205,1.538108399759949,8952.408363078837,8951.531995901663,-0.8763671771743852,1.538108399759949,bayes_h1_marginal_boundary,measured_graph,0.06125785695325249,2.7093818019183282,86,h1_z
0.039810717055349734,1.0000000118394938,2.6162584696030535,8952.006678918011,8950.992920866742,-1.0137580512688171,2.6162584696030535,bayes_h1_marginal_boundary,measured_graph,0.0357309436785278,2.7093951652846124,86,h1_z
0.05011872336272725,1.000001078100221,4.131503622280434,8951.396447215766,8950.235298290403,-1.1611489253632492,4.131503622280434,bayes_h1_marginal_boundary,measured_graph,0.016749937161731596,2.711021657347828,86,h1_z
0.06309573444801936,1.000000625319768,6.186240931008797,8950.526469435497,8949.207929636039,-1.3185397994576809,6.186240931008797,bayes_h1_marginal_boundary,measured_graph,0.005995599912986703,2.714771816442599,86,h1_z
0.07943282347242822,1.0000003622733573,8.92246519514083,8949.325748177525,8947.839817503973,-1.4859306735521132,8.92246519514083,bayes_h1_marginal_boundary,measured_graph,0.0015264025927201217,2.7213814227618474,86,h1_z
0.1,1.0000002294913888,12.490288607805269,8947.719227345287,8946.05590579764,-1.663321547646544,12.490288607805269,bayes_h1_marginal_boundary,measured_graph,0.00025640476085345956,2.7316768999420002,86,h1_z
1e-05,1.0000004419278927,7.655706308720255,7486.147126048416,7483.779439464547,-2.3676865838692702,7.655706308720255,bayes_h1_marginal_boundary,measured_graph,0.0019928238880204292,3.1592763127435197,87,h1_z
1.2589254117941661e-05,1.0000004667657867,7.229169979080325,7486.147785087331,7483.992707629367,-2.155077457963703,7.229169979080325,bayes_h1_marginal_boundary,measured_graph,0.0024665510452052076,3.1592637133627712,87,h1_z
1.584893192461114e-05,1.0000004943815488,6.822286498550966,7486.14861770169,7484.196149369632,-1.952468332058134,6.822286498550966,bayes_h1_marginal_boundary,measured_graph,0.0030230388800969172,3.1592477577305975,87,h1_z
1.9952623149688786e-05,1.0000005212268444,6.43496248862175,7486.1496705807485,7484.389811374596,-1.7598592061525666,6.43496248862175,bayes_h1_marginal_boundary,measured_graph,0.0036690199474316404,3.159227525348871,87,h1_z
2.5118864315095822e-05,1.0000005439266153,6.067078459440381,7486.151003469434,7484.573753389187,-1.5772500802469966,6.067078459440381,bayes_h1_marginal_boundary,measured_graph,0.0044099643110691745,3.1592018215411186,87,h1_z
3.1622776601683795e-05,1.0000005608599147,5.718480948147771,7486.152693099175,7484.748052144833,-1.404640954341429,5.718480948147771,bayes_h1_marginal_boundary,measured_graph,0.005249670707966096,3.1591690841141853,87,h1_z
3.9810717055349695e-05,1.000000572420588,5.3889719041471835,7486.154838495269,7484.912806666834,-1.2420318284358616,5.3889719041471835,bayes_h1_marginal_boundary,measured_graph,0.006189905836257498,3.159127257089518,87,h1_z
5.011872336272725e-05,1.0000005800814615,5.078294237782757,7486.157568202546,7485.068145500016,-1.089422702530293,5.078294237782757,bayes_h1_marginal_boundary,measured_graph,0.007230142225303256,3.1590736155720966,87,h1_z
6.309573444801929e-05,1.0000005853915517,4.786111980298301,7486.161050205383,7485.214236628758,-0.9468135766247254,4.786111980298301,bayes_h1_marginal_boundary,measured_graph,0.008367455503139184,3.1590045163822786,87,h1_z
7.943282347242822e-05,1.0000005895310011,4.511982742416876,7486.165505698418,7485.351301247699,-0.8142044507191568,4.511982742416876,bayes_h1_marginal_boundary,measured_graph,0.009596653608046967,3.1589150380279665,87,h1_z
0.0001,1.0000005933091367,4.255319027564838,7486.171228429938,7485.479633105125,-0.6915953248135883,4.255319027564838,bayes_h1_marginal_boundary,measured_graph,0.010910725678679971,3.1587984569599246,87,h1_z
0.00012589254117941674,1.0000005973191524,4.015333316698161,7486.178612159466,7485.599625960558,-0.5789861989080206,4.015333316698161,bayes_h1_marginal_boundary,measured_graph,0.012301720960378489,3.1586454809655944,87,h1_z
0.00015848931924611142,1.0000006020974137,3.7909594966549776,7486.188189943582,7485.71181287058,-0.47637707300245236,3.7909594966549776,bayes_h1_marginal_boundary,measured_graph,0.013762205155934109,3.1584431225584075,87,h1_z
0.00019952623149688788,1.000000608257398,3.580739989887661,7486.2006905710605,7485.816922623963,-0.38376794709688455,3.580739989887661,bayes_h1_marginal_boundary,measured_graph,0.015287505051923365,3.1581730441228286,87,h1_z
0.0002511886431509582,1.0000006166155873,3.3826639666149276,7486.217119456791,7485.9159606356,-0.30115882119131615,3.3826639666149276,bayes_h1_marginal_boundary,measured_graph,0.016879060720689076,3.15780914649365,87,h1_z
0.00031622776601683794,1.0000006283333627,3.1939382663586002,7486.238873181013,7486.010323485728,-0.22854969528574837,3.1939382663586002,bayes_h1_marginal_boundary,measured_graph,0.018549386082797832,3.157314125292171,87,h1_z
0.00039810717055349735,1.0000006450894021,3.0106725077584997,7486.267896934408,7486.101956365028,-0.16594056938017995,3.0106725077584997,bayes_h1_marginal_boundary,measured_graph,0.020329429647789537,3.1566347527572534,87,h1_z
0.0005011872336272725,1.0000006692685657,2.827472483864767,7486.306887820449,7486.193556376975,-0.11333144347461188,2.827472483864767,bayes_h1_marginal_boundary,measured_graph,0.022279558179206644,3.1556959312382546,87,h1_z
0.000630957344480193,1.0000007040755443,2.6369826937952894,7486.359523589578,7486.28880127201,-0.07072231756904392,2.6369826937952894,bayes_h1_marginal_boundary,measured_graph,0.02450591408194849,3.1543944892095297,87,h1_z
0.0007943282347242822,1.0000007532882027,2.4295420021135214,7486.430634809514,7486.39252161785,-0.03811319166347554,2.4295420021135214,bayes_h1_marginal_boundary,measured_graph,0.02718417018411032,3.1525959247981588,87,h1_z
0.001,1.0000008199788142,2.193377856596271,7486.526107756367,7486.510603690609,-0.015504065757907535,2.193377856596271,bayes_h1_marginal_boundary,measured_graph,0.030591338034552495,3.150141553813375,87,h1_z
0.0012589254117941675,1.0000009031030954,1.916188073806552,7486.652093521856,7486.649198582004,-0.0028949398523394052,1.916188073806552,bayes_h1_marginal_boundary,measured_graph,0.03513900578946689,3.146878980510491,87,h1_z
0.001584893192461114,1.0000009915534802,1.589319253611393,7486.812918806048,7486.8126329921015,-0.0002858139467712683,1.589319253611393,bayes_h1_marginal_boundary,measured_graph,0.04137787011428419,3.1427291236493717,87,h1_z
0.0019952623149688807,1.0000010596528375,1.2152117526220536,7487.007363430637,7486.999686742596,-0.007676688041203171,1.2152117526220536,bayes_h1_marginal_boundary,measured_graph,0.04988897069181989,3.13778314999914,87,h1_z
0.002511886431509582,1.0000010745098733,0.8161107806099608,7487.224304790738,7487.199237228602,-0.025067562135635053,0.8161107806099608,bayes_h1_marginal_boundary,measured_graph,0.06090714163780593,3.1323742140442326,87,h1_z
0.0031622776601683794,1.0000010184994856,0.4380131956204423,7487.440744457327,7487.388286021097,-0.05245843623006681,0.4380131956204423,bayes_h1_marginal_boundary,measured_graph,0.07358191155459291,3.1270359367610823,87,h1_z
0.003981071705534973,1.000000904571011,0.1440360526139557,7487.625123902924,7487.5352745926,-0.08984931032449865,0.1440360526139557,bayes_h1_marginal_boundary,measured_graph,0.08523292476680454,3.122330011969252,87,h1_z
0.005011872336272725,1.0000007640186852,-0.0,7487.744532803326,7487.607292618907,-0.13724018441893068,-0.0,bayes_h1_marginal_boundary,measured_graph,0.09159766924365759,3.1186620664829316,87,h1_z
0.006309573444801936,1.0000006251707496,0.0623405429723789,7487.770753405935,7487.576122347421,-0.19463105851336257,0.0623405429723789,bayes_h1_marginal_boundary,measured_graph,0.08878658377171052,3.1162081114247475,87,h1_z
0.00794328234724282,1.000000505719609,0.372708319726371,7487.682960391652,7487.420938459044,-0.26202193260779433,0.372708319726371,bayes_h1_marginal_boundary,measured_graph,0.07602419664742384,3.1149360643623316,87,h1_z
0.01,1.000000414106565,0.9550222409525304,7487.469194305133,7487.129781498431,-0.3394128067022262,0.9550222409525304,bayes_h1_marginal_boundary,measured_graph,0.056820359644226714,3.114662929075818,87,h1_z
0.012589254117941675,1.0000003508947333,1.8142369397082803,7487.12697782985,7486.700174149053,-0.42680368079665804,1.8142369397082803,bayes_h1_marginal_boundary,measured_graph,0.03697667677910313,3.115165344023819,87,h1_z
0.01584893192461114,1.0000003106308473,2.9425002022144326,7486.660237072691,7486.1360425178,-0.5241945548910899,2.9425002022144326,bayes_h1_marginal_boundary,measured_graph,0.021034327064690456,3.116355484880229,87,h1_z
0.01995262314968881,1.0000002850648972,4.331431649045044,7486.07316222337,7485.441576794385,-0.6315854289855218,4.331431649045044,bayes_h1_marginal_boundary,measured_graph,0.010503305339829135,3.118412627662838,87,h1_z
0.025118864315095822,1.0000002657584792,5.976508147065033,7485.368014848455,7484.619038545375,-0.7489763030799538,5.976508147065033,bayes_h1_marginal_boundary,measured_graph,0.004614261128109431,3.121721197242102,87,h1_z
0.03162277660168379,1.000000245487945,7.863327064063924,7484.551996264049,7483.675629086875,-0.8763671771743852,7.863327064063924,bayes_h1_marginal_boundary,measured_graph,0.0017963238920150032,3.1266055586158235,87,h1_z
0.039810717055349734,1.0000002196012656,9.947596320678713,7483.647252509837,7482.633494458568,-1.0137580512688171,9.947596320678713,bayes_h1_marginal_boundary,measured_graph,0.0006335652192043125,3.133042011095443,87,h1_z
0.05011872336272725,1.0000001874570457,12.15349772276386,7482.691692682888,7481.530543757525,-1.1611489253632492,12.15349772276386,bayes_h1_marginal_boundary,measured_graph,0.00021027416861000398,3.140576018920467,87,h1_z
0.06309573444801936,1.000000152422955,14.398117363387428,7481.726773736671,7480.4082339372135,-1.3185397994576809,14.398117363387428,bayes_h1_marginal_boundary,measured_graph,6.844992278653284e-05,3.1484990173595278,87,h1_z
0.07943282347242822,1.0000001197196362,16.625255477638348,7480.7805955536405,7479.294664880088,-1.4859306735521132,16.625255477638348,bayes_h1_marginal_boundary,measured_graph,2.2477917134668766e-05,3.1561345945736754,87,h1_z
0.1,1.0000000935747781,18.82987773125933,7479.855675300924,7478.1923537532775,-1.663321547646544,18.82987773125933,bayes_h1_marginal_boundary,measured_graph,7.464976177576523e-06,3.1630750182348546,87,h1_z
