D,chi2,delta_chi2,objective,tile_id,weight_mode
1e-06,0.6202764424115995,0.005181390111714701,ordinary_least_squares,1,constant_average_sigma
1.333521432163324e-06,0.6202735387271248,0.005178486427239948,ordinary_least_squares,1,constant_average_sigma
1.778279410038923e-06,0.6202696677996961,0.0051746154998112415,ordinary_least_squares,1,constant_average_sigma
2.3713737056616552e-06,0.620264507971481,0.0051694556715962126,ordinary_least_squares,1,constant_average_sigma
3.162277660168379e-06,0.620257631019277,0.005162578719392186,ordinary_least_squares,1,constant_average_sigma
4.216965034285822e-06,0.6202484671974797,0.00515341489759491,ordinary_least_squares,1,constant_average_sigma
5.623413251903491e-06,0.6202362590367572,0.00514120673687235,ordinary_least_squares,1,constant_average_sigma
7.498942093324558e-06,0.6202200005256234,0.0051249482257386125,ordinary_least_squares,1,constant_average_sigma
1e-05,0.6201983574063706,0.005103305106485823,ordinary_least_squares,1,constant_average_sigma
1.333521432163324e-05,0.6201695633744625,0.005074511074577681,ordinary_least_squares,1,constant_average_sigma
1.778279410038923e-05,0.6201312861010042,0.005036233801119394,ordinary_least_squares,1,constant_average_sigma
2.3713737056616554e-05,0.6200804564834324,0.004985404183547537,ordinary_least_squares,1,constant_average_sigma
3.1622776601683795e-05,0.6200130550854345,0.004918002785549658,ordinary_least_squares,1,constant_average_sigma
4.216965034285822e-05,0.6199238526132181,0.004828800313333326,ordinary_least_squares,1,constant_average_sigma
5.623413251903491e-05,0.6198061090720074,0.004711056772122579,ordinary_least_squares,1,constant_average_sigma
7.498942093324559e-05,0.6196512537030922,0.004556201403207338,ordinary_least_squares,1,constant_average_sigma
0.0001,0.6194486039341923,0.0043535516343075065,ordinary_least_squares,1,constant_average_sigma
0.0001333521432163324,0.6191852530154431,0.004090200715558323,ordinary_least_squares,1,constant_average_sigma
0.00017782794100389227,0.6188463933553437,0.0037513410554589344,ordinary_least_squares,1,constant_average_sigma
0.00023713737056616554,0.618416600933881,0.003321548633996141,ordinary_least_squares,1,constant_average_sigma
0.00031622776601683794,0.617883081701405,0.002788029401520231,ordinary_least_squares,1,constant_average_sigma
0.00042169650342858224,0.6172427292429158,0.002147676943030974,ordinary_least_squares,1,constant_average_sigma
0.0005623413251903491,0.6165162744952604,0.0014212221953755488,ordinary_least_squares,1,constant_average_sigma
0.0007498942093324559,0.6157749575494071,0.0006799052495223279,ordinary_least_squares,1,constant_average_sigma
0.001,0.6151875152090373,9.246290915243538e-05,ordinary_least_squares,1,constant_average_sigma
0.001333521432163324,0.6150950522998848,0.0,ordinary_least_squares,1,constant_average_sigma
0.0017782794100389228,0.6161100995261088,0.0010150472262240307,ordinary_least_squares,1,constant_average_sigma
0.0023713737056616554,0.6191973662148703,0.0041023139149855,ordinary_least_squares,1,constant_average_sigma
0.0031622776601683794,0.62561551835179,0.010520466051905153,ordinary_least_squares,1,constant_average_sigma
0.004216965034285823,0.6365362437077046,0.02144119140781975,ordinary_least_squares,1,constant_average_sigma
0.005623413251903491,0.6523313979818898,0.03723634568200496,ordinary_least_squares,1,constant_average_sigma
0.007498942093324558,0.6720845600196513,0.05698950771976652,ordinary_least_squares,1,constant_average_sigma
0.01,0.6940470341022579,0.07895198180237306,ordinary_least_squares,1,constant_average_sigma
0.01333521432163324,0.7166230138510364,0.10152796155115162,ordinary_least_squares,1,constant_average_sigma
0.01778279410038923,0.7387829991257076,0.12368794682582274,ordinary_least_squares,1,constant_average_sigma
0.023713737056616554,0.7599626302021464,0.14486757790226157,ordinary_least_squares,1,constant_average_sigma
0.03162277660168379,0.7800987479143516,0.16500369561446682,ordinary_least_squares,1,constant_average_sigma
0.042169650342858224,0.7996626784382794,0.1845676261383946,ordinary_least_squares,1,constant_average_sigma
0.05623413251903491,0.8193999307701381,0.20430487847025325,ordinary_least_squares,1,constant_average_sigma
0.07498942093324558,0.8399398069690142,0.22484475466912934,ordinary_least_squares,1,constant_average_sigma
0.1,0.8614379295948761,0.24634287729499127,ordinary_least_squares,1,constant_average_sigma
1e-06,2.3889112630023073,0.008834819322846243,ordinary_least_squares,2,constant_average_sigma
1.333521432163324e-06,2.3889075637343367,0.00883112005487563,ordinary_least_squares,2,constant_average_sigma
1.778279410038923e-06,2.388902631765374,0.008826188085913067,ordinary_least_squares,2,constant_average_sigma
2.3713737056616552e-06,2.388896056826508,0.008819613147046823,ordinary_least_squares,2,constant_average_sigma
3.162277660168379e-06,2.3888872924585516,0.008810848779090552,ordinary_least_squares,2,constant_average_sigma
4.216965034285822e-06,2.3888756111250102,0.008799167445549205,ordinary_least_squares,2,constant_average_sigma
5.623413251903491e-06,2.388860044744793,0.008783601065331936,ordinary_least_squares,2,constant_average_sigma
7.498942093324558e-06,2.3888393060834274,0.008762862403966398,ordinary_least_squares,2,constant_average_sigma
1e-05,2.388811685235594,0.008735241556133033,ordinary_least_squares,2,constant_average_sigma
1.333521432163324e-05,2.3887749138353915,0.008698470155930504,ordinary_least_squares,2,constant_average_sigma
1.778279410038923e-05,2.3887259880636056,0.008649544384144559,ordinary_least_squares,2,constant_average_sigma
2.3713737056616554e-05,2.388660939889892,0.008584496210430892,ordinary_least_squares,2,constant_average_sigma
3.1622776601683795e-05,2.3885745450486353,0.008498101369174282,ordinary_least_squares,2,constant_average_sigma
4.216965034285822e-05,2.3884599569913183,0.008383513311857271,ordinary_least_squares,2,constant_average_sigma
5.623413251903491e-05,2.3883082608081447,0.008231817128683705,ordinary_least_squares,2,constant_average_sigma
7.498942093324559e-05,2.3881079542668617,0.008031510587400703,ordinary_least_squares,2,constant_average_sigma
0.0001,2.387844393236225,0.0077679495567641865,ordinary_least_squares,2,constant_average_sigma
0.0001333521432163324,2.3874993021055557,0.007422858426094692,ordinary_least_squares,2,constant_average_sigma
0.00017782794100389227,2.387050577061285,0.006974133381823844,ordinary_least_squares,2,constant_average_sigma
0.00023713737056616554,2.386472857875023,0.006396414195561917,ordinary_least_squares,2,constant_average_sigma
0.00031622776601683794,2.3857398130530347,0.005663369373573701,ordinary_least_squares,2,constant_average_sigma
0.00042169650342858224,2.3848299390584264,0.004753495378965411,ordinary_least_squares,2,constant_average_sigma
0.0005623413251903491,2.383739136377421,0.003662692697960157,ordinary_least_squares,2,constant_average_sigma
0.0007498942093324559,2.3825055004150535,0.002429056735592461,ordinary_least_squares,2,constant_average_sigma
0.001,2.3812539642589736,0.001177520579512592,ordinary_least_squares,2,constant_average_sigma
0.001333521432163324,2.380267300885293,0.00019085720583200683,ordinary_least_squares,2,constant_average_sigma
0.0017782794100389228,2.380076443679461,0.0,ordinary_least_squares,2,constant_average_sigma
0.0023713737056616554,2.381523162995874,0.0014467193164131587,ordinary_least_squares,2,constant_average_sigma
0.0031622776601683794,2.3856866542500734,0.005610210570612395,ordinary_least_squares,2,constant_average_sigma
0.004216965034285823,2.39356238549009,0.013485941810628788,ordinary_least_squares,2,constant_average_sigma
0.005623413251903491,2.405550122874204,0.02547367919474297,ordinary_least_squares,2,constant_average_sigma
0.007498942093324558,2.421033453068568,0.04095700938910696,ordinary_least_squares,2,constant_average_sigma
0.01,2.4383959126155212,0.058319468936060215,ordinary_least_squares,2,constant_average_sigma
0.01333521432163324,2.45569892316592,0.07562247948645906,ordinary_least_squares,2,constant_average_sigma
0.01778279410038923,2.4716759315067525,0.09159948782729144,ordinary_least_squares,2,constant_average_sigma
0.023713737056616554,2.4861981404651483,0.10612169678568728,ordinary_least_squares,2,constant_average_sigma
0.03162277660168379,2.4999270880579965,0.11985064437853543,ordinary_least_squares,2,constant_average_sigma
0.042169650342858224,2.513599543360771,0.13352309968131015,ordinary_least_squares,2,constant_average_sigma
0.05623413251903491,2.5274599856218045,0.1473835419423435,ordinary_least_squares,2,constant_average_sigma
0.07498942093324558,2.541154470592442,0.161078026912981,ordinary_least_squares,2,constant_average_sigma
0.1,2.5540456793746555,0.1739692356951945,ordinary_least_squares,2,constant_average_sigma
1e-06,1.7328199745755302,0.00016499076119114164,ordinary_least_squares,3,constant_average_sigma
1.333521432163324e-06,1.7328198128238552,0.0001648290095161986,ordinary_least_squares,3,constant_average_sigma
1.778279410038923e-06,1.7328195972422396,0.00016461342790052846,ordinary_least_squares,3,constant_average_sigma
2.3713737056616552e-06,1.7328193099764204,0.00016432616208139628,ordinary_least_squares,3,constant_average_sigma
3.162277660168379e-06,1.7328189272793002,0.0001639434649611804,ordinary_least_squares,3,constant_average_sigma
4.216965034285822e-06,1.73281841761961,0.00016343380527095164,ordinary_least_squares,3,constant_average_sigma
5.623413251903491e-06,1.732817739178577,0.00016275536423804304,ordinary_least_squares,3,constant_average_sigma
7.498942093324558e-06,1.7328168365973255,0.00016185278298652683,ordinary_least_squares,3,constant_average_sigma
1e-05,1.7328156367850471,0.00016065297070810836,ordinary_least_squares,3,constant_average_sigma
1.333521432163324e-05,1.7328140435670276,0.00015905975268859507,ordinary_least_squares,3,constant_average_sigma
1.778279410038923e-05,1.7328119309976773,0.00015694718333825186,ordinary_least_squares,3,constant_average_sigma
2.3713737056616554e-05,1.7328091352307695,0.00015415141643049246,ordinary_least_squares,3,constant_average_sigma
3.1622776601683795e-05,1.7328054450808865,0.00015046126654749692,ordinary_least_squares,3,constant_average_sigma
4.216965034285822e-05,1.7328005919439282,0.000145608129589192,ordinary_least_squares,3,constant_average_sigma
5.623413251903491e-05,1.7327942408278412,0.00013925701350214759,ordinary_least_squares,3,constant_average_sigma
7.498942093324559e-05,1.7327859863779962,0.00013100256365716767,ordinary_least_squares,3,constant_average_sigma
0.0001,1.7327753618591981,0.00012037804485909298,ordinary_least_squares,3,constant_average_sigma
0.0001333521432163324,1.7327618766886679,0.00010689287432885664,ordinary_least_squares,3,constant_average_sigma
0.00017782794100389227,1.7327451122405084,9.01284261694002e-05,ordinary_least_squares,3,constant_average_sigma
0.00023713737056616554,1.7327249314531072,6.994763876821963e-05,ordinary_least_squares,3,constant_average_sigma
0.00031622776601683794,1.7327019042931842,4.692047884513606e-05,ordinary_least_squares,3,constant_average_sigma
0.00042169650342858224,1.7326781331506533,2.314933631430982e-05,ordinary_least_squares,3,constant_average_sigma
0.0005623413251903491,1.732658801175846,3.8173615068970435e-06,ordinary_least_squares,3,constant_average_sigma
0.0007498942093324559,1.732654983814339,0.0,ordinary_least_squares,3,constant_average_sigma
0.001,1.732688547725537,3.3563911197909135e-05,ordinary_least_squares,3,constant_average_sigma
0.001333521432163324,1.7328001700627287,0.00014518624838966154,ordinary_least_squares,3,constant_average_sigma
0.0017782794100389228,1.733061198341038,0.00040621452669897806,ordinary_least_squares,3,constant_average_sigma
0.0023713737056616554,1.7335884977059397,0.0009335138916006791,ordinary_least_squares,3,constant_average_sigma
0.0031622776601683794,1.734558767285341,0.001903783471002063,ordinary_least_squares,3,constant_average_sigma
0.004216965034285823,1.736218581216603,0.003563597402264085,ordinary_least_squares,3,constant_average_sigma
0.005623413251903491,1.7388896981143798,0.0062347143000407446,ordinary_least_squares,3,constant_average_sigma
0.007498942093324558,1.7429539715126032,0.010298987698264206,ordinary_least_squares,3,constant_average_sigma
0.01,1.7487569038020798,0.016101919987740798,ordinary_least_squares,3,constant_average_sigma
0.01333521432163324,1.7563976355858817,0.023742651771542667,ordinary_least_squares,3,constant_average_sigma
0.01778279410038923,1.7655662371187382,0.032911253304399146,ordinary_least_squares,3,constant_average_sigma
0.023713737056616554,1.775683581962442,0.04302859814810289,ordinary_least_squares,3,constant_average_sigma
0.03162277660168379,1.786290226797546,0.05363524298320699,ordinary_least_squares,3,constant_average_sigma
0.042169650342858224,1.7973080683499023,0.06465308453556329,ordinary_least_squares,3,constant_average_sigma
0.05623413251903491,1.8089309784020857,0.0762759945877467,ordinary_least_squares,3,constant_average_sigma
0.07498942093324558,1.8212778418437117,0.08862285802937264,ordinary_least_squares,3,constant_average_sigma
0.1,1.834221744173166,0.10156676035882706,ordinary_least_squares,3,constant_average_sigma
1e-06,3.039525104777864,0.01119164594542843,ordinary_least_squares,4,constant_average_sigma
1.333521432163324e-06,3.0395202193237445,0.011186760491308956,ordinary_least_squares,4,constant_average_sigma
1.778279410038923e-06,3.0395137060757653,0.011180247243329777,ordinary_least_squares,4,constant_average_sigma
2.3713737056616552e-06,3.0395050233342364,0.011171564501800901,ordinary_least_squares,4,constant_average_sigma
3.162277660168379e-06,3.03949344974162,0.011159990909184625,ordinary_least_squares,4,constant_average_sigma
4.216965034285822e-06,3.039478025032912,0.011144566200476547,ordinary_least_squares,4,constant_average_sigma
5.623413251903491e-06,3.039457471780226,0.01112401294779053,ordinary_least_squares,4,constant_average_sigma
7.498942093324558e-06,3.039430091858398,0.011096633025962532,ordinary_least_squares,4,constant_average_sigma
1e-05,3.039393630485399,0.011060171652963469,ordinary_least_squares,4,constant_average_sigma
1.333521432163324e-05,3.039345098008152,0.011011639175716237,ordinary_least_squares,4,constant_average_sigma
1.778279410038923e-05,3.039280538227985,0.010947079395549508,ordinary_least_squares,4,constant_average_sigma
2.3713737056616554e-05,3.0391947298969857,0.010861271064550149,ordinary_least_squares,4,constant_average_sigma
3.1622776601683795e-05,3.039080807316858,0.010747348484422492,ordinary_least_squares,4,constant_average_sigma
4.216965034285822e-05,3.0389297876993906,0.010596328866955051,ordinary_least_squares,4,constant_average_sigma
5.623413251903491e-05,3.0387300003944846,0.010396541562049055,ordinary_least_squares,4,constant_average_sigma
7.498942093324559e-05,3.0384664322055994,0.010132973373163878,ordinary_least_squares,4,constant_average_sigma
0.0001,3.0381200449861976,0.009786586153762045,ordinary_least_squares,4,constant_average_sigma
0.0001333521432163324,3.037667207632556,0.00933374880012039,ordinary_least_squares,4,constant_average_sigma
0.00017782794100389227,3.0370795526399155,0.008746093807479927,ordinary_least_squares,4,constant_average_sigma
0.00023713737056616554,3.036324887352563,0.007991428520127464,ordinary_least_squares,4,constant_average_sigma
0.00031622776601683794,3.0353703842154336,0.007036925382998049,ordinary_least_squares,4,constant_average_sigma
0.00042169650342858224,3.0341903478190524,0.005856888986616848,ordinary_least_squares,4,constant_average_sigma
0.0005623413251903491,3.0327827149786324,0.004449256146196845,ordinary_least_squares,4,constant_average_sigma
0.0007498942093324559,3.031201414996285,0.0028679561638496054,ordinary_least_squares,4,constant_average_sigma
0.001,3.0296156843802544,0.0012822255478188715,ordinary_least_squares,4,constant_average_sigma
0.001333521432163324,3.0284102241083075,7.676527587197057e-05,ordinary_least_squares,4,constant_average_sigma
0.0017782794100389228,3.0283334588324355,0.0,ordinary_least_squares,4,constant_average_sigma
0.0023713737056616554,3.0306650123604677,0.0023315535280321598,ordinary_least_squares,4,constant_average_sigma
0.0031622776601683794,3.0372821391815377,0.008948680349102123,ordinary_least_squares,4,constant_average_sigma
0.004216965034285823,3.050387249617166,0.022053790784730243,ordinary_least_squares,4,constant_average_sigma
0.005623413251903491,3.0717238434004384,0.043390384568002816,ordinary_least_squares,4,constant_average_sigma
0.007498942093324558,3.101655303255365,0.07332184442292933,ordinary_least_squares,4,constant_average_sigma
0.01,3.1390830385180224,0.11074957968558685,ordinary_least_squares,4,constant_average_sigma
0.01333521432163324,3.1824152356320945,0.15408177679965895,ordinary_least_squares,4,constant_average_sigma
0.01778279410038923,3.230255791767685,0.2019223329352493,ordinary_least_squares,4,constant_average_sigma
0.023713737056616554,3.280994628541742,0.2526611697093064,ordinary_least_squares,4,constant_average_sigma
0.03162277660168379,3.332098815011464,0.30376535617902833,ordinary_least_squares,4,constant_average_sigma
0.042169650342858224,3.380282268336606,0.3519488095041705,ordinary_least_squares,4,constant_average_sigma
0.05623413251903491,3.422889381890992,0.39455592305855625,ordinary_least_squares,4,constant_average_sigma
0.07498942093324558,3.459257323432661,0.4309238646002256,ordinary_least_squares,4,constant_average_sigma
0.1,3.4906820305533417,0.46234857172090615,ordinary_least_squares,4,constant_average_sigma
1e-06,0.15366221563235036,0.027888432232803434,ordinary_least_squares,5,constant_average_sigma
1.333521432163324e-06,0.15364542430486716,0.02787164090532024,ordinary_least_squares,5,constant_average_sigma
1.778279410038923e-06,0.1536230404166943,0.027849257017147383,ordinary_least_squares,5,constant_average_sigma
2.3713737056616552e-06,0.15359320471496116,0.027819421315414233,ordinary_least_squares,5,constant_average_sigma
3.162277660168379e-06,0.1535534425199643,0.027779659120417383,ordinary_least_squares,5,constant_average_sigma
4.216965034285822e-06,0.15350046208915477,0.027726678689607848,ordinary_least_squares,5,constant_average_sigma
5.623413251903491e-06,0.15342988853687745,0.027656105137330522,ordinary_least_squares,5,constant_average_sigma
7.498942093324558e-06,0.15333591414262446,0.027562130743077534,ordinary_least_squares,5,constant_average_sigma
1e-05,0.15321084083844944,0.027437057438902512,ordinary_least_squares,5,constant_average_sigma
1.333521432163324e-05,0.15304448614999508,0.027270702750448156,ordinary_least_squares,5,constant_average_sigma
1.778279410038923e-05,0.15282341926128967,0.02704963586174275,ordinary_least_squares,5,constant_average_sigma
2.3713737056616554e-05,0.15252999281296895,0.026756209413422022,ordinary_least_squares,5,constant_average_sigma
3.1622776601683795e-05,0.15214114164878678,0.02636735824923986,ordinary_least_squares,5,constant_average_sigma
4.216965034285822e-05,0.15162694103178073,0.02585315763223381,ordinary_least_squares,5,constant_average_sigma
5.623413251903491e-05,0.1509489694581586,0.025175186058611687,ordinary_least_squares,5,constant_average_sigma
7.498942093324559e-05,0.1500586345333405,0.024284851133793584,ordinary_least_squares,5,constant_average_sigma
0.0001,0.14889584890809532,0.023122065508548395,ordinary_least_squares,5,constant_average_sigma
0.0001333521432163324,0.14738888599486977,0.021615102595322844,ordinary_least_squares,5,constant_average_sigma
0.00017782794100389227,0.14545708051136277,0.01968329711181585,ordinary_least_squares,5,constant_average_sigma
0.00023713737056616554,0.14301958308927937,0.017245799689732444,ordinary_least_squares,5,constant_average_sigma
0.00031622776601683794,0.14001617560283117,0.014242392203284243,ordinary_least_squares,5,constant_average_sigma
0.00042169650342858224,0.13645108964095015,0.010677306241403228,ordinary_least_squares,5,constant_average_sigma
0.0005623413251903491,0.13247911116749475,0.006705327767947827,ordinary_least_squares,5,constant_average_sigma
0.0007498942093324559,0.12856622858885902,0.0027924451893120983,ordinary_least_squares,5,constant_average_sigma
0.001,0.12577378339954692,0.0,ordinary_least_squares,5,constant_average_sigma
0.001333521432163324,0.1262257659272304,0.0004519825276834699,ordinary_least_squares,5,constant_average_sigma
0.0017782794100389228,0.13378993873969458,0.008016155340147657,ordinary_least_squares,5,constant_average_sigma
0.0023713737056616554,0.15486357550156057,0.02908979210201365,ordinary_least_squares,5,constant_average_sigma
0.0031622776601683794,0.19885409680961616,0.07308031341006924,ordinary_least_squares,5,constant_average_sigma
0.004216965034285823,0.27771754266516063,0.1519437592656137,ordinary_least_squares,5,constant_average_sigma
0.005623413251903491,0.4043603224588093,0.2785865390592624,ordinary_least_squares,5,constant_average_sigma
0.007498942093324558,0.5902872720607304,0.46451348866118347,ordinary_least_squares,5,constant_average_sigma
0.01,0.8415215558566728,0.7157477724571258,ordinary_least_squares,5,constant_average_sigma
0.01333521432163324,1.1520469952839718,1.0262732118844249,ordinary_least_squares,5,constant_average_sigma
0.01778279410038923,1.5009133094575096,1.3751395260579626,ordinary_least_squares,5,constant_average_sigma
0.023713737056616554,1.8594781428028353,1.7337043594032884,ordinary_least_squares,5,constant_average_sigma
0.03162277660168379,2.2031694557806536,2.0773956723811065,ordinary_least_squares,5,constant_average_sigma
0.042169650342858224,2.5186754390528,2.3929016556532527,ordinary_least_squares,5,constant_average_sigma
0.05623413251903491,2.8037210750515436,2.6779472916519964,ordinary_least_squares,5,constant_average_sigma
0.07498942093324558,3.0618933995239237,2.936119616124377,ordinary_least_squares,5,constant_average_sigma
0.1,3.2980086894450817,3.172234906045535,ordinary_least_squares,5,constant_average_sigma
1e-06,0.04310738978598076,0.02123071580516883,ordinary_least_squares,6,constant_average_sigma
1.333521432163324e-06,0.04309138938588254,0.02121471540507061,ordinary_least_squares,6,constant_average_sigma
1.778279410038923e-06,0.04307006175014909,0.021193387769337158,ordinary_least_squares,6,constant_average_sigma
2.3713737056616552e-06,0.0430416373633799,0.021164963382567972,ordinary_least_squares,6,constant_average_sigma
3.162277660168379e-06,0.04300376199782984,0.02112708801701791,ordinary_least_squares,6,constant_average_sigma
4.216965034285822e-06,0.04295330625093956,0.021076632270127627,ordinary_least_squares,6,constant_average_sigma
5.623413251903491e-06,0.0428861146837629,0.021009440702950972,ordinary_least_squares,6,constant_average_sigma
7.498942093324558e-06,0.04279667732967227,0.020920003348860336,ordinary_least_squares,6,constant_average_sigma
1e-05,0.04267770245091189,0.020801028470099958,ordinary_least_squares,6,constant_average_sigma
1.333521432163324e-05,0.04251956574721759,0.020642891766405658,ordinary_least_squares,6,constant_average_sigma
1.778279410038923e-05,0.04230960975990194,0.020432935779090007,ordinary_least_squares,6,constant_average_sigma
2.3713737056616554e-05,0.042031269994489556,0.020154596013677625,ordinary_least_squares,6,constant_average_sigma
3.1622776601683795e-05,0.04166301658693636,0.019786342606124427,ordinary_least_squares,6,constant_average_sigma
4.216965034285822e-05,0.041177133906028236,0.019300459925216305,ordinary_least_squares,6,constant_average_sigma
5.623413251903491e-05,0.040538432539162825,0.018661758558350894,ordinary_least_squares,6,constant_average_sigma
7.498942093324559e-05,0.03970313581170134,0.017826461830889408,ordinary_least_squares,6,constant_average_sigma
0.0001,0.03861847050853168,0.016741796527719746,ordinary_least_squares,6,constant_average_sigma
0.0001333521432163324,0.03722403603437899,0.015347362053567057,ordinary_least_squares,6,constant_average_sigma
0.00017782794100389227,0.0354570401695557,0.013580366188743767,ordinary_least_squares,6,constant_average_sigma
0.00023713737056616554,0.03326535248843622,0.011388678507624289,ordinary_least_squares,6,constant_average_sigma
0.00031622776601683794,0.03063571520798618,0.00875904122717425,ordinary_least_squares,6,constant_average_sigma
0.00042169650342858224,0.027650558196986558,0.005773884216174627,ordinary_least_squares,6,constant_average_sigma
0.0005623413251903491,0.024597749016469026,0.002721075035657095,ordinary_least_squares,6,constant_average_sigma
0.0007498942093324559,0.0221766896828488,0.0003000157020368703,ordinary_least_squares,6,constant_average_sigma
0.001,0.02187667398081193,0.0,ordinary_least_squares,6,constant_average_sigma
0.001333521432163324,0.026655790188945653,0.004779116208133722,ordinary_least_squares,6,constant_average_sigma
0.0017782794100389228,0.042123435814814696,0.020246761834002765,ordinary_least_squares,6,constant_average_sigma
0.0023713737056616554,0.07850522179636048,0.05662854781554855,ordinary_least_squares,6,constant_average_sigma
0.0031622776601683794,0.15364060667045087,0.13176393268963893,ordinary_least_squares,6,constant_average_sigma
0.004216965034285823,0.2968113772395755,0.27493470325876357,ordinary_least_squares,6,constant_average_sigma
0.005623413251903491,0.551656134081755,0.529779460100943,ordinary_least_squares,6,constant_average_sigma
0.007498942093324558,0.9732382706480824,0.9513615966672705,ordinary_least_squares,6,constant_average_sigma
0.01,1.6116468900417957,1.589770216060984,ordinary_least_squares,6,constant_average_sigma
0.01333521432163324,2.48110411503775,2.4592274410569384,ordinary_least_squares,6,constant_average_sigma
0.01778279410038923,3.536305574554411,3.5144289005735994,ordinary_least_squares,6,constant_average_sigma
0.023713737056616554,4.689462300704363,4.667585626723551,ordinary_least_squares,6,constant_average_sigma
0.03162277660168379,5.8606662288693,5.838789554888487,ordinary_least_squares,6,constant_average_sigma
0.042169650342858224,7.0121962343636755,6.990319560382863,ordinary_least_squares,6,constant_average_sigma
0.05623413251903491,8.146929007227104,8.125052333246293,ordinary_least_squares,6,constant_average_sigma
0.07498942093324558,9.290277087766762,9.268400413785951,ordinary_least_squares,6,constant_average_sigma
0.1,10.471647921816514,10.449771247835702,ordinary_least_squares,6,constant_average_sigma
1e-06,0.11496768382514036,0.05815822909671603,ordinary_least_squares,7,constant_average_sigma
1.333521432163324e-06,0.11493058347272929,0.05812112874430496,ordinary_least_squares,7,constant_average_sigma
1.778279410038923e-06,0.1148811279081586,0.05807167317973427,ordinary_least_squares,7,constant_average_sigma
2.3713737056616552e-06,0.11481521046527644,0.05800575573685211,ordinary_least_squares,7,constant_average_sigma
3.162277660168379e-06,0.11472736598836521,0.05791791125994088,ordinary_least_squares,7,constant_average_sigma
4.216965034285822e-06,0.11461032690129934,0.05780087217287501,ordinary_least_squares,7,constant_average_sigma
5.623413251903491e-06,0.11445443653884804,0.05764498181042371,ordinary_least_squares,7,constant_average_sigma
7.498942093324558e-06,0.11424687999843008,0.057437425270005754,ordinary_least_squares,7,constant_average_sigma
1e-05,0.11397067978129155,0.05716122505286722,ordinary_least_squares,7,constant_average_sigma
1.333521432163324e-05,0.11360339395126885,0.05679393922284452,ordinary_least_squares,7,constant_average_sigma
1.778279410038923e-05,0.11311544748434303,0.0563059927559187,ordinary_least_squares,7,constant_average_sigma
2.3713737056616554e-05,0.1124680273506115,0.055658572622187166,ordinary_least_squares,7,constant_average_sigma
3.1622776601683795e-05,0.1116104884563622,0.054801033727937876,ordinary_least_squares,7,constant_average_sigma
4.216965034285822e-05,0.11047727389862241,0.05366781917019808,ordinary_least_squares,7,constant_average_sigma
5.623413251903491e-05,0.10898448234113242,0.05217502761270809,ordinary_least_squares,7,constant_average_sigma
7.498942093324559e-05,0.10702649047274918,0.050217035744324845,ordinary_least_squares,7,constant_average_sigma
0.0001,0.10447358284932452,0.04766412812090019,ordinary_least_squares,7,constant_average_sigma
0.0001333521432163324,0.1011725871586478,0.04436313243022347,ordinary_least_squares,7,constant_average_sigma
0.00017782794100389227,0.0969544724663241,0.040145017737899774,ordinary_least_squares,7,constant_average_sigma
0.00023713737056616554,0.09165648703174582,0.03484703230332149,ordinary_least_squares,7,constant_average_sigma
0.00031622776601683794,0.08517301760098744,0.028363562872563114,ordinary_least_squares,7,constant_average_sigma
0.00042169650342858224,0.07756129963288158,0.02075184490445725,ordinary_least_squares,7,constant_average_sigma
0.0005623413251903491,0.06924952548082215,0.012440070752397822,ordinary_least_squares,7,constant_average_sigma
0.0007498942093324559,0.061432888371906066,0.004623433643481736,ordinary_least_squares,7,constant_average_sigma
0.001,0.05680945472842433,0.0,ordinary_least_squares,7,constant_average_sigma
0.001333521432163324,0.06092067961698776,0.004111224888563428,ordinary_least_squares,7,constant_average_sigma
0.0017782794100389228,0.08454452102234919,0.02773506629392486,ordinary_least_squares,7,constant_average_sigma
0.0023713737056616554,0.1478581998956665,0.09104874516724218,ordinary_least_squares,7,constant_average_sigma
0.0031622776601683794,0.2873960706430335,0.2305866159146092,ordinary_least_squares,7,constant_average_sigma
0.004216965034285823,0.5669033380052461,0.5100938832768217,ordinary_least_squares,7,constant_average_sigma
0.005623413251903491,1.0921571664692065,1.035347711740782,ordinary_least_squares,7,constant_average_sigma
0.007498942093324558,2.0257443400397914,1.968934885311367,ordinary_least_squares,7,constant_average_sigma
0.01,3.5883852645493928,3.5315758098209686,ordinary_least_squares,7,constant_average_sigma
0.01333521432163324,6.022375031885961,5.965565577157537,ordinary_least_squares,7,constant_average_sigma
0.01778279410038923,9.502294188181676,9.44548473345325,ordinary_least_squares,7,constant_average_sigma
0.023713737056616554,14.034081577111165,13.97727212238274,ordinary_least_squares,7,constant_average_sigma
0.03162277660168379,19.43660487782562,19.379795423097196,ordinary_least_squares,7,constant_average_sigma
0.042169650342858224,25.449583093051007,25.392773638322584,ordinary_least_squares,7,constant_average_sigma
0.05623413251903491,31.88985069011195,31.833041235383526,ordinary_least_squares,7,constant_average_sigma
0.07498942093324558,38.687453939017885,38.63064448428946,ordinary_least_squares,7,constant_average_sigma
0.1,45.69937663113522,45.6425671764068,ordinary_least_squares,7,constant_average_sigma
1e-06,3.3070496670778358,2.011622669719971,ordinary_least_squares,8,constant_average_sigma
1.333521432163324e-06,3.3057561122785155,2.0103291149206504,ordinary_least_squares,8,constant_average_sigma
1.778279410038923e-06,3.304031766037878,2.008604768680013,ordinary_least_squares,8,constant_average_sigma
2.3713737056616552e-06,3.3017334539588155,2.0063064566009503,ordinary_least_squares,8,constant_average_sigma
3.162277660168379e-06,3.298670628862559,2.003243631504694,ordinary_least_squares,8,constant_average_sigma
4.216965034285822e-06,3.2945898857832203,1.9991628884253554,ordinary_least_squares,8,constant_average_sigma
5.623413251903491e-06,3.2891545299603124,1.9937275326024475,ordinary_least_squares,8,constant_average_sigma
7.498942093324558e-06,3.281917753681177,1.986490756323312,ordinary_least_squares,8,constant_average_sigma
1e-05,3.272287612277921,1.9768606149200563,ordinary_least_squares,8,constant_average_sigma
1.333521432163324e-05,3.259481642398538,1.964054645040673,ordinary_least_squares,8,constant_average_sigma
1.778279410038923e-05,3.242468705220609,1.9470417078627442,ordinary_least_squares,8,constant_average_sigma
2.3713737056616554e-05,3.219895634968314,1.9244686376104492,ordinary_least_squares,8,constant_average_sigma
3.1622776601683795e-05,3.189996912096986,1.8945699147391213,ordinary_least_squares,8,constant_average_sigma
4.216965034285822e-05,3.1504875606130214,1.8550605632551564,ordinary_least_squares,8,constant_average_sigma
5.623413251903491e-05,3.098444138362071,1.803017141004206,ordinary_least_squares,8,constant_average_sigma
7.498942093324559e-05,3.0301885447622174,1.7347615474043525,ordinary_least_squares,8,constant_average_sigma
0.0001,2.941208985709598,1.645781988351733,ordinary_least_squares,8,constant_average_sigma
0.0001333521432163324,2.8261901441210426,1.5307631467631777,ordinary_least_squares,8,constant_average_sigma
0.00017782794100389227,2.6792952723092496,1.3838682749513846,ordinary_least_squares,8,constant_average_sigma
0.00023713737056616554,2.4949725157469973,1.1995455183891324,ordinary_least_squares,8,constant_average_sigma
0.00031622776601683794,2.269789599472596,0.9743626021147309,ordinary_least_squares,8,constant_average_sigma
0.00042169650342858224,2.006200935264076,0.7107739379062112,ordinary_least_squares,8,constant_average_sigma
0.0005623413251903491,1.7197995662238579,0.42437256886599295,ordinary_least_squares,8,constant_average_sigma
0.0007498942093324559,1.4525390428014104,0.1571120454435455,ordinary_least_squares,8,constant_average_sigma
0.001,1.295426997357865,0.0,ordinary_least_squares,8,constant_average_sigma
0.001333521432163324,1.42442666949009,0.12899967213222507,ordinary_least_squares,8,constant_average_sigma
0.0017782794100389228,2.150602430523383,0.8551754331655179,ordinary_least_squares,8,constant_average_sigma
0.0023713737056616554,3.9760415117953616,2.6806145144374964,ordinary_least_squares,8,constant_average_sigma
0.0031622776601683794,7.624024911564347,6.328597914206482,ordinary_least_squares,8,constant_average_sigma
0.004216965034285823,13.96171819758657,12.666291200228706,ordinary_least_squares,8,constant_average_sigma
0.005623413251903491,23.670855410652162,22.375428413294298,ordinary_least_squares,8,constant_average_sigma
0.007498942093324558,36.63838232423114,35.34295532687327,ordinary_least_squares,8,constant_average_sigma
0.01,51.55085451092668,50.25542751356882,ordinary_least_squares,8,constant_average_sigma
0.01333521432163324,66.39921808147821,65.10379108412035,ordinary_least_squares,8,constant_average_sigma
0.01778279410038923,79.59549521033513,78.30006821297727,ordinary_least_squares,8,constant_average_sigma
0.023713737056616554,90.5777780598806,89.28235106252274,ordinary_least_squares,8,constant_average_sigma
0.03162277660168379,99.59230115019446,98.2968741528366,ordinary_least_squares,8,constant_average_sigma
0.042169650342858224,107.2116006218385,105.91617362448063,ordinary_least_squares,8,constant_average_sigma
0.05623413251903491,114.0211834972206,112.72575649986274,ordinary_least_squares,8,constant_average_sigma
0.07498942093324558,120.53019065229027,119.23476365493241,ordinary_least_squares,8,constant_average_sigma
0.1,127.1968594834627,125.90143248610484,ordinary_least_squares,8,constant_average_sigma
1e-06,0.25385220393285457,0.10906809580999371,ordinary_least_squares,9,constant_average_sigma
1.333521432163324e-06,0.2537799543708065,0.10899584624794567,ordinary_least_squares,9,constant_average_sigma
1.778279410038923e-06,0.253683644831592,0.10889953670873115,ordinary_least_squares,9,constant_average_sigma
2.3713737056616552e-06,0.2535552792624154,0.10877117113955453,ordinary_least_squares,9,constant_average_sigma
3.162277660168379e-06,0.25338421728946287,0.10860010916660201,ordinary_least_squares,9,constant_average_sigma
4.216965034285822e-06,0.25315630908302555,0.1083722009601647,ordinary_least_squares,9,constant_average_sigma
5.623413251903491e-06,0.25285275615802133,0.10806864803516048,ordinary_least_squares,9,constant_average_sigma
7.498942093324558e-06,0.252448615494608,0.10766450737174715,ordinary_least_squares,9,constant_average_sigma
1e-05,0.2519108478888363,0.10712673976597542,ordinary_least_squares,9,constant_average_sigma
1.333521432163324e-05,0.2511957911854542,0.10641168306259335,ordinary_least_squares,9,constant_average_sigma
1.778279410038923e-05,0.25024592622876035,0.1054618181058995,ordinary_least_squares,9,constant_average_sigma
2.3713737056616554e-05,0.24898580500561987,0.10420169688275902,ordinary_least_squares,9,constant_average_sigma
3.1622776601683795e-05,0.24731704971411955,0.1025329415912587,ordinary_least_squares,9,constant_average_sigma
4.216965034285822e-05,0.2451124484400238,0.10032834031716295,ordinary_least_squares,9,constant_average_sigma
5.623413251903491e-05,0.24220944442302428,0.09742533630016342,ordinary_least_squares,9,constant_average_sigma
7.498942093324559e-05,0.23840388493194267,0.09361977680908182,ordinary_least_squares,9,constant_average_sigma
0.0001,0.23344602474677087,0.08866191662391001,ordinary_least_squares,9,constant_average_sigma
0.0001333521432163324,0.2270429467909609,0.08225883866810005,ordinary_least_squares,9,constant_average_sigma
0.00017782794100389227,0.21887563332144247,0.07409152519858161,ordinary_least_squares,9,constant_average_sigma
0.00023713737056616554,0.20864643862993804,0.06386233050707718,ordinary_least_squares,9,constant_average_sigma
0.00031622776601683794,0.19618637273205727,0.05140226460919642,ordinary_least_squares,9,constant_average_sigma
0.00042169650342858224,0.18167591559580765,0.03689180747294679,ordinary_least_squares,9,constant_average_sigma
0.0005623413251903491,0.16607494036489026,0.021290832242029406,ordinary_least_squares,9,constant_average_sigma
0.0007498942093324559,0.15192508510728714,0.007140976984426284,ordinary_least_squares,9,constant_average_sigma
0.001,0.14478410812286086,0.0,ordinary_least_squares,9,constant_average_sigma
0.001333521432163324,0.15564658006869905,0.010862471945838198,ordinary_least_squares,9,constant_average_sigma
0.0017782794100389228,0.20466856662088084,0.05988445849801999,ordinary_least_squares,9,constant_average_sigma
0.0023713737056616554,0.3260157143982754,0.18123160627541457,ordinary_least_squares,9,constant_average_sigma
0.0031622776601683794,0.5722616065359009,0.42747749841304,ordinary_least_squares,9,constant_average_sigma
0.004216965034285823,1.0148274632787293,0.8700433551558684,ordinary_least_squares,9,constant_average_sigma
0.005623413251903491,1.736478152891834,1.5916940447689731,ordinary_least_squares,9,constant_average_sigma
0.007498942093324558,2.8122158016491103,2.6674316935262494,ordinary_least_squares,9,constant_average_sigma
0.01,4.271008436156072,4.126224328033212,ordinary_least_squares,9,constant_average_sigma
0.01333521432163324,6.042775273966041,5.89799116584318,ordinary_least_squares,9,constant_average_sigma
0.01778279410038923,7.948249907737544,7.803465799614684,ordinary_least_squares,9,constant_average_sigma
0.023713737056616554,9.787269253531212,9.642485145408351,ordinary_least_squares,9,constant_average_sigma
0.03162277660168379,11.452959680357328,11.308175572234466,ordinary_least_squares,9,constant_average_sigma
0.042169650342858224,12.951923737729318,12.807139629606457,ordinary_least_squares,9,constant_average_sigma
0.05623413251903491,14.33483277437047,14.190048666247609,ordinary_least_squares,9,constant_average_sigma
0.07498942093324558,15.629320688100027,15.484536579977165,ordinary_least_squares,9,constant_average_sigma
0.1,16.831384432591374,16.686600324468515,ordinary_least_squares,9,constant_average_sigma
1e-06,0.9792060200845791,0.023664926156604538,ordinary_least_squares,10,constant_average_sigma
1.333521432163324e-06,0.9791915599847798,0.02365046605680521,ordinary_least_squares,10,constant_average_sigma
1.778279410038923e-06,0.9791722837850286,0.023631189857054036,ordinary_least_squares,10,constant_average_sigma
2.3713737056616552e-06,0.9791465904360983,0.023605496508123713,ordinary_least_squares,10,constant_average_sigma
3.162277660168379e-06,0.9791123488697107,0.023571254941736064,ordinary_least_squares,10,constant_average_sigma
4.216965034285822e-06,0.9790667244586856,0.023525630530710995,ordinary_least_squares,10,constant_average_sigma
5.623413251903491e-06,0.9790059499346827,0.023464856006708112,ordinary_least_squares,10,constant_average_sigma
7.498942093324558e-06,0.9789250242988389,0.02338393037086428,ordinary_least_squares,10,constant_average_sigma
1e-05,0.9788173189456874,0.02327622501771276,ordinary_least_squares,10,constant_average_sigma
1.333521432163324e-05,0.978674066430515,0.023132972502540428,ordinary_least_squares,10,constant_average_sigma
1.778279410038923e-05,0.9784837030536814,0.02294260912570678,ordinary_least_squares,10,constant_average_sigma
2.3713737056616554e-05,0.978231036078543,0.02268994215056841,ordinary_least_squares,10,constant_average_sigma
3.1622776601683795e-05,0.9778962110890292,0.02235511716105465,ordinary_least_squares,10,constant_average_sigma
4.216965034285822e-05,0.9774534740131051,0.021912380085130523,ordinary_least_squares,10,constant_average_sigma
5.623413251903491e-05,0.976869768396766,0.021328674468791387,ordinary_least_squares,10,constant_average_sigma
7.498942093324559e-05,0.9761033082231805,0.020562214295205883,ordinary_least_squares,10,constant_average_sigma
0.0001,0.9751024676878995,0.01956137375992495,ordinary_least_squares,10,constant_average_sigma
0.0001333521432163324,0.9738057204460489,0.018264626518074256,ordinary_least_squares,10,constant_average_sigma
0.00017782794100389227,0.972144102425067,0.016603008497092397,ordinary_least_squares,10,constant_average_sigma
0.00023713737056616554,0.9700490536053421,0.01450795967736751,ordinary_least_squares,10,constant_average_sigma
0.00031622776601683794,0.9674710232925651,0.011929929364590475,ordinary_least_squares,10,constant_average_sigma
0.00042169650342858224,0.9644187561301324,0.008877662202157799,ordinary_least_squares,10,constant_average_sigma
0.0005623413251903491,0.9610370202465583,0.005495926318583755,ordinary_least_squares,10,constant_average_sigma
0.0007498942093324559,0.957753231108826,0.002212137180851448,ordinary_least_squares,10,constant_average_sigma
0.001,0.9555410939279746,0.0,ordinary_least_squares,10,constant_average_sigma
0.001333521432163324,0.9563646176963283,0.0008235237683537067,ordinary_least_squares,10,constant_average_sigma
0.0017782794100389228,0.9638467348786621,0.008305640950687532,ordinary_least_squares,10,constant_average_sigma
0.0023713737056616554,0.9840660311678447,0.02852493723987015,ordinary_least_squares,10,constant_average_sigma
0.0031622776601683794,1.0259779220585399,0.07043682813056529,ordinary_least_squares,10,constant_average_sigma
0.004216965034285823,1.1002937885463502,0.1447526946183756,ordinary_least_squares,10,constant_average_sigma
0.005623413251903491,1.2155439691750385,0.2600028752470639,ordinary_least_squares,10,constant_average_sigma
0.007498942093324558,1.3722959132410009,0.41675481931302627,ordinary_least_squares,10,constant_average_sigma
0.01,1.5607357456691877,0.6051946517412131,ordinary_least_squares,10,constant_average_sigma
0.01333521432163324,1.7662631939879418,0.8107221000599673,ordinary_least_squares,10,constant_average_sigma
0.01778279410038923,1.9787210957562507,1.0231800018282762,ordinary_least_squares,10,constant_average_sigma
0.023713737056616554,2.1961103167626286,1.240569222834654,ordinary_least_squares,10,constant_average_sigma
0.03162277660168379,2.4209854457484354,1.465444351820461,ordinary_least_squares,10,constant_average_sigma
0.042169650342858224,2.655370231144008,1.6998291372160335,ordinary_least_squares,10,constant_average_sigma
0.05623413251903491,2.8992640682033173,1.9437229742753428,ordinary_least_squares,10,constant_average_sigma
0.07498942093324558,3.151997637502019,2.1964565435740444,ordinary_least_squares,10,constant_average_sigma
0.1,3.4128776885754677,2.457336594647493,ordinary_least_squares,10,constant_average_sigma
1e-06,4.382280400995624,0.03472885289761507,ordinary_least_squares,11,constant_average_sigma
1.333521432163324e-06,4.382264820765123,0.03471327266711377,ordinary_least_squares,11,constant_average_sigma
1.778279410038923e-06,4.382244049306406,0.034692501208397175,ordinary_least_squares,11,constant_average_sigma
2.3713737056616552e-06,4.382216359155581,0.034664811057572464,ordinary_least_squares,11,constant_average_sigma
3.162277660168379e-06,4.382179449808177,0.034627901710168274,ordinary_least_squares,11,constant_average_sigma
4.216965034285822e-06,4.382130258988833,0.034578710890824205,ordinary_least_squares,11,constant_average_sigma
5.623413251903491e-06,4.382064712813446,0.034513164715437306,ordinary_least_squares,11,constant_average_sigma
7.498942093324558e-06,4.381977396034534,0.034425847936525145,ordinary_least_squares,11,constant_average_sigma
1e-05,4.381861118132562,0.03430957003455326,ordinary_least_squares,11,constant_average_sigma
1.333521432163324e-05,4.381706345339471,0.0341547972414622,ordinary_least_squares,11,constant_average_sigma
1.778279410038923e-05,4.3815004619731495,0.03394891387514054,ordinary_least_squares,11,constant_average_sigma
2.3713737056616554e-05,4.381226818977585,0.033675270879576225,ordinary_least_squares,11,constant_average_sigma
3.1622776601683795e-05,4.380863524996419,0.03331197689841048,ordinary_least_squares,11,constant_average_sigma
4.216965034285822e-05,4.380381941276095,0.032830393178086226,ordinary_least_squares,11,constant_average_sigma
5.623413251903491e-05,4.3797448661350975,0.03219331803708858,ordinary_least_squares,11,constant_average_sigma
7.498942093324559e-05,4.378904457413258,0.03135290931524892,ordinary_least_squares,11,constant_average_sigma
0.0001,4.377800079278,0.030248531179990934,ordinary_least_squares,11,constant_average_sigma
0.0001333521432163324,4.3763565428065645,0.028804994708555576,ordinary_least_squares,11,constant_average_sigma
0.00017782794100389227,4.3744837674998545,0.026932219401845536,ordinary_least_squares,11,constant_average_sigma
0.00023713737056616554,4.37207996173452,0.024528413636510926,ordinary_least_squares,11,constant_average_sigma
0.00031622776601683794,4.369042433992121,0.021490885894111855,ordinary_least_squares,11,constant_average_sigma
0.00042169650342858224,4.365293847606637,0.017742299508627823,ordinary_least_squares,11,constant_average_sigma
0.0005623413251903491,4.360838296457738,0.013286748359728762,ordinary_least_squares,11,constant_average_sigma
0.0007498942093324559,4.355872463683491,0.008320915585482425,ordinary_least_squares,11,constant_average_sigma
0.001,4.350992616929328,0.003441068831318894,ordinary_least_squares,11,constant_average_sigma
0.001333521432163324,4.347551548098009,0.0,ordinary_least_squares,11,constant_average_sigma
0.0017782794100389228,4.348199861082767,0.0006483129847580926,ordinary_least_squares,11,constant_average_sigma
0.0023713737056616554,4.3575056420716045,0.00995409397359559,ordinary_least_squares,11,constant_average_sigma
0.0031622776601683794,4.382144336350728,0.03459278825271905,ordinary_least_squares,11,constant_average_sigma
0.004216965034285823,4.4295681783338905,0.08201663023588157,ordinary_least_squares,11,constant_average_sigma
0.005623413251903491,4.504353625002549,0.1568020769045404,ordinary_least_squares,11,constant_average_sigma
0.007498942093324558,4.6041658764275795,0.25661432832957054,ordinary_least_squares,11,constant_average_sigma
0.01,4.720051733161775,0.3725001850637657,ordinary_least_squares,11,constant_average_sigma
0.01333521432163324,4.8420536717915335,0.49450212369352453,ordinary_least_squares,11,constant_average_sigma
0.01778279410038923,4.964258436788059,0.6167068886900502,ordinary_least_squares,11,constant_average_sigma
0.023713737056616554,5.084680774499207,0.7371292264011977,ordinary_least_squares,11,constant_average_sigma
0.03162277660168379,5.202060217771775,0.8545086696737663,ordinary_least_squares,11,constant_average_sigma
0.042169650342858224,5.313446057469651,0.9658945093716422,ordinary_least_squares,11,constant_average_sigma
0.05623413251903491,5.414256202518663,1.0667046544206542,ordinary_least_squares,11,constant_average_sigma
0.07498942093324558,5.500409892448553,1.1528583443505438,ordinary_least_squares,11,constant_average_sigma
0.1,5.570260907118737,1.2227093590207279,ordinary_least_squares,11,constant_average_sigma
1e-06,0.8606961126506011,0.008295046519905869,ordinary_least_squares,12,constant_average_sigma
1.333521432163324e-06,0.8606922566313392,0.008291190500643975,ordinary_least_squares,12,constant_average_sigma
1.778279410038923e-06,0.860687115880162,0.008286049749466784,ordinary_least_squares,12,constant_average_sigma
2.3713737056616552e-06,0.8606802629437825,0.008279196813087308,ordinary_least_squares,12,constant_average_sigma
3.162277660168379e-06,0.8606711286155021,0.008270062484806884,ordinary_least_squares,12,constant_average_sigma
4.216965034285822e-06,0.860658955279121,0.008257889148425734,ordinary_least_squares,12,constant_average_sigma
5.623413251903491e-06,0.8606427351898601,0.008241669059164902,ordinary_least_squares,12,constant_average_sigma
7.498942093324558e-06,0.8606211290367309,0.008220062906035719,ordinary_least_squares,12,constant_average_sigma
1e-05,0.8605923588997226,0.008191292769027414,ordinary_least_squares,12,constant_average_sigma
1.333521432163324e-05,0.8605540682616017,0.008153002130906528,ordinary_least_squares,12,constant_average_sigma
1.778279410038923e-05,0.8605031402500136,0.008102074119318403,ordinary_least_squares,12,constant_average_sigma
2.3713737056616554e-05,0.8604354640288698,0.008034397898174617,ordinary_least_squares,12,constant_average_sigma
3.1622776601683795e-05,0.860345638912901,0.007944572782205728,ordinary_least_squares,12,constant_average_sigma
4.216965034285822e-05,0.8602266077292179,0.007825541598522667,ordinary_least_squares,12,constant_average_sigma
5.623413251903491e-05,0.8600692178280633,0.00766815169736812,ordinary_least_squares,12,constant_average_sigma
7.498942093324559e-05,0.8598617250775021,0.0074606589468069195,ordinary_least_squares,12,constant_average_sigma
0.0001,0.859589292765442,0.0071882266347468304,ordinary_least_squares,12,constant_average_sigma
0.0001333521432163324,0.859233611460503,0.006832545329807815,ordinary_least_squares,12,constant_average_sigma
0.00017782794100389227,0.858772910606585,0.006371844475889787,ordinary_least_squares,12,constant_average_sigma
0.00023713737056616554,0.8581829081866157,0.005781842055920472,ordinary_least_squares,12,constant_average_sigma
0.00031622776601683794,0.8574397587287714,0.005038692598076211,ordinary_least_squares,12,constant_average_sigma
0.00042169650342858224,0.8565269961627162,0.004125930032020997,ordinary_least_squares,12,constant_average_sigma
0.0005623413251903491,0.8554501126532804,0.003049046522585197,ordinary_least_squares,12,constant_average_sigma
0.0007498942093324559,0.8542651128192678,0.0018640466885725404,ordinary_least_squares,12,constant_average_sigma
0.001,0.853131191686637,0.000730125555941763,ordinary_least_squares,12,constant_average_sigma
0.001333521432163324,0.8524010661306952,0.0,ordinary_least_squares,12,constant_average_sigma
0.0017782794100389228,0.852758794251418,0.0003577281207227667,ordinary_least_squares,12,constant_average_sigma
0.0023713737056616554,0.8553862342613541,0.002985168130658855,ordinary_least_squares,12,constant_average_sigma
0.0031622776601683794,0.8620553984826973,0.009654332352002082,ordinary_least_squares,12,constant_average_sigma
0.004216965034285823,0.8749004361362094,0.022499370005514163,ordinary_least_squares,12,constant_average_sigma
0.005623413251903491,0.8955816473313738,0.04318058120067858,ordinary_least_squares,12,constant_average_sigma
0.007498942093324558,0.9240399284980769,0.0716388623673817,ordinary_least_squares,12,constant_average_sigma
0.01,0.9579824976633121,0.1055814315326169,ordinary_least_squares,12,constant_average_sigma
0.01333521432163324,0.9940316878442698,0.14163062171357454,ordinary_least_squares,12,constant_average_sigma
0.01778279410038923,1.029584036179465,0.17718297004876982,ordinary_least_squares,12,constant_average_sigma
0.023713737056616554,1.0637247399919325,0.2113236738612373,ordinary_least_squares,12,constant_average_sigma
0.03162277660168379,1.0968636202826723,0.24446255415197704,ordinary_least_squares,12,constant_average_sigma
0.042169650342858224,1.1297757766685885,0.2773747105378933,ordinary_least_squares,12,constant_average_sigma
0.05623413251903491,1.1629415014336917,0.31054043530299646,ordinary_least_squares,12,constant_average_sigma
0.07498942093324558,1.1966433746156127,0.34424230848491744,ordinary_least_squares,12,constant_average_sigma
0.1,1.231247884199124,0.3788468180684287,ordinary_least_squares,12,constant_average_sigma
1e-06,0.5504274758949326,0.021122177548261956,ordinary_least_squares,13,constant_average_sigma
1.333521432163324e-06,0.5504143757955658,0.02110907744889523,ordinary_least_squares,13,constant_average_sigma
1.778279410038923e-06,0.5503969125538153,0.02109161420714467,ordinary_least_squares,13,constant_average_sigma
2.3713737056616552e-06,0.550373635697967,0.02106833735129643,ordinary_least_squares,13,constant_average_sigma
3.162277660168379e-06,0.5503426146622218,0.02103731631555117,ordinary_least_squares,13,constant_average_sigma
4.216965034285822e-06,0.5503012814642477,0.02099598311757711,ordinary_least_squares,13,constant_average_sigma
5.623413251903491e-06,0.550246223285393,0.02094092493872235,ordinary_least_squares,13,constant_average_sigma
7.498942093324558e-06,0.5501729096879437,0.02086761134127313,ordinary_least_squares,13,constant_average_sigma
1e-05,0.5500753359738904,0.02077003762721974,ordinary_least_squares,13,constant_average_sigma
1.333521432163324e-05,0.5499455601213418,0.020640261774671154,ordinary_least_squares,13,constant_average_sigma
1.778279410038923e-05,0.5497731076869321,0.02046780934026149,ordinary_least_squares,13,constant_average_sigma
2.3713737056616554e-05,0.5495442181192688,0.020238919772598174,ordinary_least_squares,13,constant_average_sigma
3.1622776601683795e-05,0.549240910922725,0.019935612576054362,ordinary_least_squares,13,constant_average_sigma
4.216965034285822e-05,0.5488398676296942,0.01953456928302355,ordinary_least_squares,13,constant_average_sigma
5.623413251903491e-05,0.5483111685117988,0.019005870165128225,ordinary_least_squares,13,constant_average_sigma
7.498942093324559e-05,0.547617015856126,0.018311717509455372,ordinary_least_squares,13,constant_average_sigma
0.0001,0.5467107635064601,0.01740546515978947,ordinary_least_squares,13,constant_average_sigma
0.0001333521432163324,0.5455369390019063,0.016231640655235635,ordinary_least_squares,13,constant_average_sigma
0.00017782794100389227,0.5440336426390401,0.014728344292369466,ordinary_least_squares,13,constant_average_sigma
0.00023713737056616554,0.5421400118090385,0.012834713462367864,ordinary_least_squares,13,constant_average_sigma
0.00031622776601683794,0.5398138266539732,0.010508528307302534,ordinary_least_squares,13,constant_average_sigma
0.00042169650342858224,0.5370685792106731,0.007763280864002464,ordinary_least_squares,13,constant_average_sigma
0.0005623413251903491,0.5340464927652319,0.004741194418561245,ordinary_least_squares,13,constant_average_sigma
0.0007498942093324559,0.5311548255835736,0.0018495272369030147,ordinary_least_squares,13,constant_average_sigma
0.001,0.5293052983466706,0.0,ordinary_least_squares,13,constant_average_sigma
0.001333521432163324,0.5302988108387875,0.000993512492116877,ordinary_least_squares,13,constant_average_sigma
0.0017782794100389228,0.537355891730791,0.008050593384120397,ordinary_least_squares,13,constant_average_sigma
0.0023713737056616554,0.555649669488338,0.026344371141667433,ordinary_least_squares,13,constant_average_sigma
0.0031622776601683794,0.5924225985668776,0.063117300220207,ordinary_least_squares,13,constant_average_sigma
0.004216965034285823,0.6560041201197402,0.12669882177306957,ordinary_least_squares,13,constant_average_sigma
0.005623413251903491,0.7533854919048398,0.22408019355816922,ordinary_least_squares,13,constant_average_sigma
0.007498942093324558,0.8877858943010523,0.35848059595438164,ordinary_least_squares,13,constant_average_sigma
0.01,1.059009198994787,0.5297039006481163,ordinary_least_squares,13,constant_average_sigma
0.01333521432163324,1.265788332343698,0.7364830339970274,ordinary_least_squares,13,constant_average_sigma
0.01778279410038923,1.5055396493174174,0.9762343509707467,ordinary_least_squares,13,constant_average_sigma
0.023713737056616554,1.7716038874128894,1.2422985890662188,ordinary_least_squares,13,constant_average_sigma
0.03162277660168379,2.0519003754496516,1.522595077102981,ordinary_least_squares,13,constant_average_sigma
0.042169650342858224,2.329856542699547,1.8005512443528764,ordinary_least_squares,13,constant_average_sigma
0.05623413251903491,2.587692368055663,2.058387069708992,ordinary_least_squares,13,constant_average_sigma
0.07498942093324558,2.811472891418418,2.2821675930717475,ordinary_least_squares,13,constant_average_sigma
0.1,2.994539816581658,2.465234518234987,ordinary_least_squares,13,constant_average_sigma
1e-06,0.3975179803761603,0.17532545027089763,ordinary_least_squares,14,constant_average_sigma
1.333521432163324e-06,0.3974065034169323,0.1752139733116696,ordinary_least_squares,14,constant_average_sigma
1.778279410038923e-06,0.39725789396726197,0.17506536386199928,ordinary_least_squares,14,constant_average_sigma
2.3713737056616552e-06,0.3970598045272792,0.1748672744220165,ordinary_least_squares,14,constant_average_sigma
3.162277660168379e-06,0.3967957981873723,0.17460326808210963,ordinary_least_squares,14,constant_average_sigma
4.216965034285822e-06,0.3964440071725441,0.1742514770672814,ordinary_least_squares,14,constant_average_sigma
5.623413251903491e-06,0.3959753620770811,0.17378283197181843,ordinary_least_squares,14,constant_average_sigma
7.498942093324558e-06,0.39535126076696797,0.17315873066170528,ordinary_least_squares,14,constant_average_sigma
1e-05,0.3945205171811447,0.17232798707588204,ordinary_least_squares,14,constant_average_sigma
1.333521432163324e-05,0.39341539240690604,0.17122286230164335,ordinary_least_squares,14,constant_average_sigma
1.778279410038923e-05,0.39194648275302796,0.16975395264776527,ordinary_least_squares,14,constant_average_sigma
2.3713737056616554e-05,0.3899962277861715,0.1678036976809088,ordinary_least_squares,14,constant_average_sigma
3.1622776601683795e-05,0.38741083986724184,0.16521830976197915,ordinary_least_squares,14,constant_average_sigma
4.216965034285822e-05,0.38399060643783384,0.16179807633257115,ordinary_least_squares,14,constant_average_sigma
5.623413251903491e-05,0.3794788983114626,0.1572863682061999,ordinary_least_squares,14,constant_average_sigma
7.498942093324559e-05,0.37355107020176953,0.15135854009650684,ordinary_least_squares,14,constant_average_sigma
0.0001,0.36580622300443516,0.14361369289917247,ordinary_least_squares,14,constant_average_sigma
0.0001333521432163324,0.3557683862804036,0.1335758561751409,ordinary_least_squares,14,constant_average_sigma
0.00017782794100389227,0.3429106917469926,0.12071816164172994,ordinary_least_squares,14,constant_average_sigma
0.00023713737056616554,0.32672933572037927,0.10453680561511658,ordinary_least_squares,14,constant_average_sigma
0.00031622776601683794,0.30691765210288474,0.08472512199762205,ordinary_least_squares,14,constant_average_sigma
0.00042169650342858224,0.2837277071857748,0.06153517708051209,ordinary_least_squares,14,constant_average_sigma
0.0005623413251903491,0.25864991003057447,0.036457379925311784,ordinary_least_squares,14,constant_average_sigma
0.0007498942093324559,0.23554388081982325,0.013351350714560561,ordinary_least_squares,14,constant_average_sigma
0.001,0.2221925301052627,0.0,ordinary_least_squares,14,constant_average_sigma
0.001333521432163324,0.2317669471654639,0.009574417060201207,ordinary_least_squares,14,constant_average_sigma
0.0017782794100389228,0.2829487845806071,0.06075625447534444,ordinary_least_squares,14,constant_average_sigma
0.0023713737056616554,0.3970775549964005,0.17488502489113783,ordinary_least_squares,14,constant_average_sigma
0.0031622776601683794,0.5921056769281009,0.3699131468228382,ordinary_least_squares,14,constant_average_sigma
0.004216965034285823,0.8772719215703342,0.6550793914650714,ordinary_least_squares,14,constant_average_sigma
0.005623413251903491,1.2528496807319753,1.0306571506267126,ordinary_least_squares,14,constant_average_sigma
0.007498942093324558,1.7093365979798816,1.4871440678746188,ordinary_least_squares,14,constant_average_sigma
0.01,2.21872274956409,1.9965302194588272,ordinary_least_squares,14,constant_average_sigma
0.01333521432163324,2.7308670206922128,2.5086744905869502,ordinary_least_squares,14,constant_average_sigma
0.01778279410038923,3.192913977418471,2.9707214473132084,ordinary_least_squares,14,constant_average_sigma
0.023713737056616554,3.5769942921252302,3.3548017620199677,ordinary_least_squares,14,constant_average_sigma
0.03162277660168379,3.8881188457809595,3.665926315675697,ordinary_least_squares,14,constant_average_sigma
0.042169650342858224,4.152850489910947,3.9306579598056848,ordinary_least_squares,14,constant_average_sigma
0.05623413251903491,4.405904810199152,4.183712280093889,ordinary_least_squares,14,constant_average_sigma
0.07498942093324558,4.6826589439214334,4.460466413816171,ordinary_least_squares,14,constant_average_sigma
0.1,5.016007370433189,4.793814840327927,ordinary_least_squares,14,constant_average_sigma
1e-06,0.763862058425529,0.24776949299793305,ordinary_least_squares,15,constant_average_sigma
1.333521432163324e-06,0.7637044546739116,0.2476118892463156,ordinary_least_squares,15,constant_average_sigma
1.778279410038923e-06,0.7634943606546503,0.2474017952270543,ordinary_least_squares,15,constant_average_sigma
2.3713737056616552e-06,0.7632143277667184,0.24712176233912242,ordinary_least_squares,15,constant_average_sigma
3.162277660168379e-06,0.7628411320552655,0.24674856662766953,ordinary_least_squares,15,constant_average_sigma
4.216965034285822e-06,0.76234388482175,0.246251319394154,ordinary_least_squares,15,constant_average_sigma
5.623413251903491e-06,0.7616815366927551,0.2455889712651591,ordinary_least_squares,15,constant_average_sigma
7.498942093324558e-06,0.7607996007047736,0.24470703527717763,ordinary_least_squares,15,constant_average_sigma
1e-05,0.7596258676760274,0.2435333022484314,ordinary_least_squares,15,constant_average_sigma
1.333521432163324e-05,0.7580648466830336,0.24197228125543768,ordinary_least_squares,15,constant_average_sigma
1.778279410038923e-05,0.7559906258520444,0.2398980604244484,ordinary_least_squares,15,constant_average_sigma
2.3713737056616554e-05,0.7532378422354302,0.23714527680783426,ordinary_least_squares,15,constant_average_sigma
3.1622776601683795e-05,0.7495905143644231,0.23349794893682718,ordinary_least_squares,15,constant_average_sigma
4.216965034285822e-05,0.7447687144498112,0.22867614902221522,ordinary_least_squares,15,constant_average_sigma
5.623413251903491e-05,0.7384135964627792,0.2223210310351832,ordinary_least_squares,15,constant_average_sigma
7.498942093324559e-05,0.7300724569439601,0.2139798915163641,ordinary_least_squares,15,constant_average_sigma
0.0001,0.7191878519184618,0.20309528649086583,ordinary_least_squares,15,constant_average_sigma
0.0001333521432163324,0.705099377418094,0.18900681199049807,ordinary_least_squares,15,constant_average_sigma
0.00017782794100389227,0.6870754767875124,0.1709829113599164,ordinary_least_squares,15,constant_average_sigma
0.00023713737056616554,0.6644090723157309,0.1483165068881349,ordinary_least_squares,15,constant_average_sigma
0.00031622776601683794,0.6366410950219051,0.12054852959430917,ordinary_least_squares,15,constant_average_sigma
0.00042169650342858224,0.604030187256959,0.08793762182936304,ordinary_least_squares,15,constant_average_sigma
0.0005623413251903491,0.5684788027883267,0.05238623736073078,ordinary_least_squares,15,constant_average_sigma
0.0007498942093324559,0.5352653290585695,0.019172763630973533,ordinary_least_squares,15,constant_average_sigma
0.001,0.516092565427596,0.0,ordinary_least_squares,15,constant_average_sigma
0.001333521432163324,0.5340074388563129,0.017914873428716893,ordinary_least_squares,15,constant_average_sigma
0.0017782794100389228,0.6303501705564489,0.11425760512885297,ordinary_least_squares,15,constant_average_sigma
0.0023713737056616554,0.8726764255587848,0.3565838601311888,ordinary_least_squares,15,constant_average_sigma
0.0031622776601683794,1.3606294919338144,0.8445369265062185,ordinary_least_squares,15,constant_average_sigma
0.004216965034285823,2.2251010721112285,1.7090085066836327,ordinary_least_squares,15,constant_average_sigma
0.005623413251903491,3.616838293449266,3.1007457280216704,ordinary_least_squares,15,constant_average_sigma
0.007498942093324558,5.684477745291757,5.168385179864162,ordinary_least_squares,15,constant_average_sigma
0.01,8.549317900524334,8.033225335096738,ordinary_least_squares,15,constant_average_sigma
0.01333521432163324,12.292919983967824,11.776827418540227,ordinary_least_squares,15,constant_average_sigma
0.01778279410038923,16.948701847000393,16.432609281572798,ordinary_least_squares,15,constant_average_sigma
0.023713737056616554,22.447723974132984,21.93163140870539,ordinary_least_squares,15,constant_average_sigma
0.03162277660168379,28.537225617303136,28.02113305187554,ordinary_least_squares,15,constant_average_sigma
0.042169650342858224,34.80066957787957,34.28457701245197,ordinary_least_squares,15,constant_average_sigma
0.05623413251903491,40.826527666050396,40.3104351006228,ordinary_least_squares,15,constant_average_sigma
0.07498942093324558,46.404139954002666,45.88804738857507,ordinary_least_squares,15,constant_average_sigma
0.1,51.605577101730916,51.08948453630332,ordinary_least_squares,15,constant_average_sigma
1e-06,0.6155555464024483,0.02436098355195515,ordinary_least_squares,16,constant_average_sigma
1.333521432163324e-06,0.6155403845821116,0.024345821731618478,ordinary_least_squares,16,constant_average_sigma
1.778279410038923e-06,0.6155201732137195,0.024325610363226446,ordinary_least_squares,16,constant_average_sigma
2.3713737056616552e-06,0.6154932338228005,0.024298670972307423,ordinary_least_squares,16,constant_average_sigma
3.162277660168379e-06,0.6154573325210286,0.024262769670535533,ordinary_least_squares,16,constant_average_sigma
4.216965034285822e-06,0.6154094981449497,0.02421493529445662,ordinary_least_squares,16,constant_average_sigma
5.623413251903491e-06,0.6153457825251901,0.024151219674697022,ordinary_least_squares,16,constant_average_sigma
7.498942093324558e-06,0.6152609453858469,0.02406638253535376,ordinary_least_squares,16,constant_average_sigma
1e-05,0.6151480426779979,0.023953479827504842,ordinary_least_squares,16,constant_average_sigma
1.333521432163324e-05,0.6149978925640932,0.023803329713600108,ordinary_least_squares,16,constant_average_sigma
1.778279410038923e-05,0.6147983899692914,0.02360382711879827,ordinary_least_squares,16,constant_average_sigma
2.3713737056616554e-05,0.6145336399770105,0.023339077126517394,ordinary_least_squares,16,constant_average_sigma
3.1622776601683795e-05,0.6141828866874945,0.022988323837001445,ordinary_least_squares,16,constant_average_sigma
4.216965034285822e-05,0.6137192352655848,0.022524672415091707,ordinary_least_squares,16,constant_average_sigma
5.623413251903491e-05,0.613108215586205,0.021913652735711886,ordinary_least_squares,16,constant_average_sigma
7.498942093324559e-05,0.6123063441831671,0.021111781332673996,ordinary_least_squares,16,constant_average_sigma
0.0001,0.6112600571788851,0.020065494328391997,ordinary_least_squares,16,constant_average_sigma
0.0001333521432163324,0.6099058037305339,0.018711240880040836,ordinary_least_squares,16,constant_average_sigma
0.00017782794100389227,0.6081728736590037,0.016978310808510644,ordinary_least_squares,16,constant_average_sigma
0.00023713737056616554,0.6059919823471075,0.014797419496614395,ordinary_least_squares,16,constant_average_sigma
0.00031622776601683794,0.6033152734539372,0.012120710603444107,ordinary_least_squares,16,constant_average_sigma
0.00042169650342858224,0.6001581145065615,0.008963551656068436,ordinary_least_squares,16,constant_average_sigma
0.0005623413251903491,0.5966812782246739,0.005486715374180773,ordinary_least_squares,16,constant_average_sigma
0.0007498942093324559,0.5933458475593633,0.0021512847088701603,ordinary_least_squares,16,constant_average_sigma
0.001,0.5911945628504931,0.0,ordinary_least_squares,16,constant_average_sigma
0.001333521432163324,0.5923422987719428,0.0011477359214496774,ordinary_least_squares,16,constant_average_sigma
0.0017782794100389228,0.600786545094702,0.009591982244208874,ordinary_least_squares,16,constant_average_sigma
0.0023713737056616554,0.6236458503439589,0.03245128749346582,ordinary_least_squares,16,constant_average_sigma
0.0031622776601683794,0.6728260348274367,0.08163147197694365,ordinary_least_squares,16,constant_average_sigma
0.004216965034285823,0.7667726488771778,0.17557808602668468,ordinary_least_squares,16,constant_average_sigma
0.005623413251903491,0.9312261343123684,0.34003157146187535,ordinary_least_squares,16,constant_average_sigma
0.007498942093324558,1.1965950508397634,0.6054004879892703,ordinary_least_squares,16,constant_average_sigma
0.01,1.588432293551363,0.99723773070087,ordinary_least_squares,16,constant_average_sigma
0.01333521432163324,2.1105177984769057,1.5193232356264126,ordinary_least_squares,16,constant_average_sigma
0.01778279410038923,2.731093045688141,2.1398984828376477,ordinary_least_squares,16,constant_average_sigma
0.023713737056616554,3.389474073433896,2.798279510583403,ordinary_least_squares,16,constant_average_sigma
0.03162277660168379,4.022931404157218,3.4317368413067246,ordinary_least_squares,16,constant_average_sigma
0.042169650342858224,4.591082459407497,3.999887896557004,ordinary_least_squares,16,constant_average_sigma
0.05623413251903491,5.080179660585215,4.488985097734722,ordinary_least_squares,16,constant_average_sigma
0.07498942093324558,5.492979184511814,4.901784621661321,ordinary_least_squares,16,constant_average_sigma
0.1,5.839714048749094,5.248519485898601,ordinary_least_squares,16,constant_average_sigma
1e-06,0.5900768032225531,0.003407200332538274,ordinary_least_squares,17,constant_average_sigma
1.333521432163324e-06,0.5900747767010187,0.0034051738110039143,ordinary_least_squares,17,constant_average_sigma
1.778279410038923e-06,0.590072075199417,0.0034024723094021603,ordinary_least_squares,17,constant_average_sigma
2.3713737056616552e-06,0.5900684743108542,0.003398871420839389,ordinary_least_squares,17,constant_average_sigma
3.162277660168379e-06,0.5900636753320245,0.0033940724420097323,ordinary_least_squares,17,constant_average_sigma
4.216965034285822e-06,0.5900572809179783,0.00338767802796347,ordinary_least_squares,17,constant_average_sigma
5.623413251903491e-06,0.5900487629431823,0.003379160053167518,ordinary_least_squares,17,constant_average_sigma
7.498942093324558e-06,0.5900374202537813,0.0033678173637664566,ordinary_least_squares,17,constant_average_sigma
1e-05,0.5900223233676308,0.0033527204776160335,ordinary_least_squares,17,constant_average_sigma
1.333521432163324e-05,0.5900022426276659,0.0033326397376510775,ordinary_least_squares,17,constant_average_sigma
1.778279410038923e-05,0.5899755557425891,0.00330595285257429,ordinary_least_squares,17,constant_average_sigma
2.3713737056616554e-05,0.5899401304567773,0.0032705275667624933,ordinary_least_squares,17,constant_average_sigma
3.1622776601683795e-05,0.5898931787116535,0.00322357582163868,ordinary_least_squares,17,constant_average_sigma
4.216965034285822e-05,0.5898310810810161,0.003161478191001321,ordinary_least_squares,17,constant_average_sigma
5.623413251903491e-05,0.5897491863626732,0.0030795834726583537,ordinary_least_squares,17,constant_average_sigma
7.498942093324559e-05,0.5896416044079077,0.002972001517892897,ordinary_least_squares,17,constant_average_sigma
0.0001,0.5895010370297776,0.002831434139762834,ordinary_least_squares,17,constant_average_sigma
0.0001333521432163324,0.5893187438107096,0.0026491409206947925,ordinary_least_squares,17,constant_average_sigma
0.00017782794100389227,0.5890848381811483,0.0024152352911335218,ordinary_least_squares,17,constant_average_sigma
0.00023713737056616554,0.5887892927632045,0.0021196898731896674,ordinary_least_squares,17,constant_average_sigma
0.00031622776601683794,0.5884243706065894,0.0017547677165745679,ordinary_least_squares,17,constant_average_sigma
0.00042169650342858224,0.5879898118815354,0.0013202089915206328,ordinary_least_squares,17,constant_average_sigma
0.0005623413251903491,0.5875032002485986,0.000833597358583793,ordinary_least_squares,17,constant_average_sigma
0.0007498942093324559,0.5870198369350337,0.00035023404501888233,ordinary_least_squares,17,constant_average_sigma
0.001,0.5866696028900148,0.0,ordinary_least_squares,17,constant_average_sigma
0.001333521432163324,0.5867230114980524,5.340860803759728e-05,ordinary_least_squares,17,constant_average_sigma
0.0017782794100389228,0.5877042094513035,0.0010346065612887312,ordinary_least_squares,17,constant_average_sigma
0.0023713737056616554,0.5905706537048129,0.0039010508147980794,ordinary_least_squares,17,constant_average_sigma
0.0031622776601683794,0.5969643640510212,0.01029476116100636,ordinary_least_squares,17,constant_average_sigma
0.004216965034285823,0.6094816341903352,0.02281203130032039,ordinary_least_squares,17,constant_average_sigma
0.005623413251903491,0.6317787888028215,0.04510918591280666,ordinary_least_squares,17,constant_average_sigma
0.007498942093324558,0.668143623860766,0.08147402097075118,ordinary_least_squares,17,constant_average_sigma
0.01,0.7220382913461268,0.13536868845611205,ordinary_least_squares,17,constant_average_sigma
0.01333521432163324,0.7935438238271716,0.2068742209371568,ordinary_least_squares,17,constant_average_sigma
0.01778279410038923,0.8773760487844121,0.2907064458943973,ordinary_least_squares,17,constant_average_sigma
0.023713737056616554,0.9643682766226078,0.377698673732593,ordinary_least_squares,17,constant_average_sigma
0.03162277660168379,1.045755937635341,0.4590863347453261,ordinary_least_squares,17,constant_average_sigma
0.042169650342858224,1.1157501434666257,0.5290805405766109,ordinary_least_squares,17,constant_average_sigma
0.05623413251903491,1.1714825531997326,0.5848129503097178,ordinary_least_squares,17,constant_average_sigma
0.07498942093324558,1.2128845384026667,0.626214935512652,ordinary_least_squares,17,constant_average_sigma
0.1,1.2425382376546334,0.6558686347646187,ordinary_least_squares,17,constant_average_sigma
1e-06,0.3709226104498057,0.00033207235721477435,ordinary_least_squares,18,constant_average_sigma
1.333521432163324e-06,0.370922404033546,0.0003318659409550784,ordinary_least_squares,18,constant_average_sigma
1.778279410038923e-06,0.37092212887029424,0.0003315907777033389,ordinary_least_squares,18,constant_average_sigma
2.3713737056616552e-06,0.3709217621101463,0.0003312240175554204,ordinary_least_squares,18,constant_average_sigma
3.162277660168379e-06,0.3709212733395844,0.00033073524699350765,ordinary_least_squares,18,constant_average_sigma
4.216965034285822e-06,0.37092062210902604,0.0003300840164351393,ordinary_least_squares,18,constant_average_sigma
5.623413251903491e-06,0.37091975466661375,0.0003292165740228503,ordinary_least_squares,18,constant_average_sigma
7.498942093324558e-06,0.37091859966876584,0.0003280615761749317,ordinary_least_squares,18,constant_average_sigma
1e-05,0.37091706257697116,0.00032652448438025283,ordinary_least_squares,18,constant_average_sigma
1.333521432163324e-05,0.3709150183851904,0.00032448029259951605,ordinary_least_squares,18,constant_average_sigma
1.778279410038923e-05,0.37091230228689814,0.0003217641943072391,ordinary_least_squares,18,constant_average_sigma
2.3713737056616554e-05,0.3709086978746599,0.0003181597820690052,ordinary_least_squares,18,constant_average_sigma
3.1622776601683795e-05,0.37090392255053434,0.00031338445794343306,ordinary_least_squares,18,constant_average_sigma
4.216965034285822e-05,0.3708976101124645,0.0003070720198736221,ordinary_least_squares,18,constant_average_sigma
5.623413251903491e-05,0.3708892911658912,0.0002987530733002952,ordinary_least_squares,18,constant_average_sigma
7.498942093324559e-05,0.3708783734707817,0.00028783537819077054,ordinary_least_squares,18,constant_average_sigma
0.0001,0.37086412724843687,0.00027358915584596577,ordinary_least_squares,18,constant_average_sigma
0.0001333521432163324,0.3708456860973891,0.0002551480047982002,ordinary_least_squares,18,constant_average_sigma
0.00017782794100389227,0.37082208475473327,0.00023154666214236785,ordinary_least_squares,18,constant_average_sigma
0.00023713737056616554,0.37079237456957415,0.00020183647698324148,ordinary_least_squares,18,constant_average_sigma
0.00031622776601683794,0.37075589355385874,0.0001653554612678354,ordinary_least_squares,18,constant_average_sigma
0.00042169650342858224,0.3707128333079267,0.00012229521533579923,ordinary_least_squares,18,constant_average_sigma
0.0005623413251903491,0.3706653630784441,7.482498585320574e-05,ordinary_least_squares,18,constant_average_sigma
0.0007498942093324559,0.3706197817128698,2.9243620278895932e-05,ordinary_least_squares,18,constant_average_sigma
0.001,0.3705905380925909,0.0,ordinary_least_squares,18,constant_average_sigma
0.001333521432163324,0.3706075923795288,1.7054286937878693e-05,ordinary_least_squares,18,constant_average_sigma
0.0017782794100389228,0.37072961200053944,0.00013907390794853924,ordinary_least_squares,18,constant_average_sigma
0.0023713737056616554,0.3710669616686576,0.00047642357606669794,ordinary_least_squares,18,constant_average_sigma
0.0031622776601683794,0.3718199434891774,0.0012294053965865026,ordinary_least_squares,18,constant_average_sigma
0.004216965034285823,0.37333723652917133,0.0027466984365804303,ordinary_least_squares,18,constant_average_sigma
0.005623413251903491,0.3761908413999925,0.005600303307401577,ordinary_least_squares,18,constant_average_sigma
0.007498942093324558,0.3812346020455776,0.010644063952986671,ordinary_least_squares,18,constant_average_sigma
0.01,0.38955459862679676,0.01896406053420585,ordinary_least_squares,18,constant_average_sigma
0.01333521432163324,0.4021771735432164,0.03158663545062551,ordinary_least_squares,18,constant_average_sigma
0.01778279410038923,0.41954251105635665,0.048951972963765744,ordinary_least_squares,18,constant_average_sigma
0.023713737056616554,0.4411461949249898,0.0705556568323989,ordinary_least_squares,18,constant_average_sigma
0.03162277660168379,0.465775025247983,0.09518448715539207,ordinary_least_squares,18,constant_average_sigma
0.042169650342858224,0.49193508095562344,0.12134454286303253,ordinary_least_squares,18,constant_average_sigma
0.05623413251903491,0.5178819236486034,0.1472913855560125,ordinary_least_squares,18,constant_average_sigma
0.07498942093324558,0.5417851266080088,0.1711945885154179,ordinary_least_squares,18,constant_average_sigma
0.1,0.5625082639108436,0.19191772581825273,ordinary_least_squares,18,constant_average_sigma
1e-06,0.06002518576302005,0.0032193860073914046,ordinary_least_squares,19,constant_average_sigma
1.333521432163324e-06,0.060023316577729954,0.0032175168221013073,ordinary_least_squares,19,constant_average_sigma
1.778279410038923e-06,0.06002082481322701,0.00321502505759836,ordinary_least_squares,19,constant_average_sigma
2.3713737056616552e-06,0.060017503456807834,0.0032117037011791874,ordinary_least_squares,19,constant_average_sigma
3.162277660168379e-06,0.060013076984775544,0.0032072772291468973,ordinary_least_squares,19,constant_average_sigma
4.216965034285822e-06,0.06000717883254743,0.003201379076918781,ordinary_least_squares,19,constant_average_sigma
5.623413251903491e-06,0.05999932179945899,0.0031935220438303463,ordinary_least_squares,19,constant_average_sigma
7.498942093324558e-06,0.059988858996446306,0.0031830592408176595,ordinary_least_squares,19,constant_average_sigma
1e-05,0.05997493279434332,0.003169133038714675,ordinary_least_squares,19,constant_average_sigma
1.333521432163324e-05,0.05995640845067421,0.003150608695045562,ordinary_least_squares,19,constant_average_sigma
1.778279410038923e-05,0.059931788610844305,0.0031259888552156584,ordinary_least_squares,19,constant_average_sigma
2.3713737056616554e-05,0.05989910472158328,0.003093304965954634,ordinary_least_squares,19,constant_average_sigma
3.1622776601683795e-05,0.05985578182775912,0.003049982072130475,ordinary_least_squares,19,constant_average_sigma
4.216965034285822e-05,0.059798475366266465,0.0029926756106378183,ordinary_least_squares,19,constant_average_sigma
5.623413251903491e-05,0.059722883941792815,0.0029170841861641678,ordinary_least_squares,19,constant_average_sigma
7.498942093324559e-05,0.05962355374128499,0.0028177539856563405,ordinary_least_squares,19,constant_average_sigma
0.0001,0.05949371395905461,0.002687914203425963,ordinary_least_squares,19,constant_average_sigma
0.0001333521432163324,0.059325228558358915,0.0025194288027302683,ordinary_least_squares,19,constant_average_sigma
0.00017782794100389227,0.05910883659077507,0.0023030368351464256,ordinary_least_squares,19,constant_average_sigma
0.00023713737056616554,0.058835014638776086,0.0020292148831474385,ordinary_least_squares,19,constant_average_sigma
0.00031622776601683794,0.05849609063581016,0.001690290880181515,ordinary_least_squares,19,constant_average_sigma
0.00042169650342858224,0.05809077468909665,0.0012849749334680055,ordinary_least_squares,19,constant_average_sigma
0.0005623413251903491,0.057633235787172846,0.0008274360315441986,ordinary_least_squares,19,constant_average_sigma
0.0007498942093324559,0.05717056256498754,0.00036476280935889005,ordinary_least_squares,19,constant_average_sigma
0.001,0.056815425944326904,9.626188698257099e-06,ordinary_least_squares,19,constant_average_sigma
0.001333521432163324,0.05680579975562865,0.0,ordinary_least_squares,19,constant_average_sigma
0.0017782794100389228,0.05761163709520346,0.0008058373395748164,ordinary_least_squares,19,constant_average_sigma
0.0023713737056616554,0.06011975191893993,0.003313952163311283,ordinary_least_squares,19,constant_average_sigma
0.0031622776601683794,0.06593956109373122,0.009133761338102578,ordinary_least_squares,19,constant_average_sigma
0.004216965034285823,0.07786897087892375,0.021063171123295102,ordinary_least_squares,19,constant_average_sigma
0.005623413251903491,0.10050029572164208,0.043694495966013436,ordinary_least_squares,19,constant_average_sigma
0.007498942093324558,0.14076129988368508,0.08395550012805643,ordinary_least_squares,19,constant_average_sigma
0.01,0.20789302579613286,0.15108722604050423,ordinary_least_squares,19,constant_average_sigma
0.01333521432163324,0.3124556350459263,0.25564983529029767,ordinary_least_squares,19,constant_average_sigma
0.01778279410038923,0.4654307179683224,0.40862491821269376,ordinary_least_squares,19,constant_average_sigma
0.023713737056616554,0.68022267384991,0.6234168740942814,ordinary_least_squares,19,constant_average_sigma
0.03162277660168379,0.9767821601942166,0.919976360438588,ordinary_least_squares,19,constant_average_sigma
0.042169650342858224,1.3787384578128055,1.3219326580571769,ordinary_least_squares,19,constant_average_sigma
0.05623413251903491,1.8953169982662217,1.838511198510593,ordinary_least_squares,19,constant_average_sigma
0.07498942093324558,2.495437156110523,2.4386313563548945,ordinary_least_squares,19,constant_average_sigma
0.1,3.0995586962682027,3.042752896512574,ordinary_least_squares,19,constant_average_sigma
1e-06,0.06014000976344645,0.0031946982559292736,ordinary_least_squares,20,constant_average_sigma
1.333521432163324e-06,0.06013814105049371,0.003192829542976533,ordinary_least_squares,20,constant_average_sigma
1.778279410038923e-06,0.06013564991730277,0.0031903384097855883,ordinary_least_squares,20,constant_average_sigma
2.3713737056616552e-06,0.060132329422633635,0.003187017915116455,ordinary_least_squares,20,constant_average_sigma
3.162277660168379e-06,0.060127904098349616,0.0031825925908324365,ordinary_least_squares,20,constant_average_sigma
4.216965034285822e-06,0.06012200751472058,0.0031766960072033973,ordinary_least_squares,20,constant_average_sigma
5.623413251903491e-06,0.06011415261714618,0.003168841109628999,ordinary_least_squares,20,constant_average_sigma
7.498942093324558e-06,0.06010369274783347,0.0031583812403162895,ordinary_least_squares,20,constant_average_sigma
1e-05,0.06008977060478271,0.003144459097265531,ordinary_least_squares,20,constant_average_sigma
1.333521432163324e-05,0.060071251941662004,0.003125940434144825,ordinary_least_squares,20,constant_average_sigma
1.778279410038923e-05,0.06004664014791602,0.0031013286403988385,ordinary_least_squares,20,constant_average_sigma
2.3713737056616554e-05,0.06001396783080208,0.003068656323284902,ordinary_least_squares,20,constant_average_sigma
3.1622776601683795e-05,0.05997066186484731,0.003025350357330134,ordinary_least_squares,20,constant_average_sigma
4.216965034285822e-05,0.05991338063805002,0.0029680691305328383,ordinary_least_squares,20,constant_average_sigma
5.623413251903491e-05,0.05983782759572908,0.002892516088211901,ordinary_least_squares,20,constant_average_sigma
7.498942093324559e-05,0.05973855699380974,0.0027932454862925615,ordinary_least_squares,20,constant_average_sigma
0.0001,0.05960881165420258,0.002663500146685399,ordinary_least_squares,20,constant_average_sigma
0.0001333521432163324,0.05944047881174911,0.002495167304231931,ordinary_least_squares,20,constant_average_sigma
0.00017782794100389227,0.05922433762451575,0.002279026116998567,ordinary_least_squares,20,constant_average_sigma
0.00023713737056616554,0.05895093429468185,0.0020056227871646723,ordinary_least_squares,20,constant_average_sigma
0.00031622776601683794,0.05861271829650689,0.0016674067889897101,ordinary_least_squares,20,constant_average_sigma
0.00042169650342858224,0.05820861285809036,0.001263301350573183,ordinary_least_squares,20,constant_average_sigma
0.0005623413251903491,0.057753161912210964,0.0008078504046937843,ordinary_least_squares,20,constant_average_sigma
0.0007498942093324559,0.057294115284296655,0.00034880377677947577,ordinary_least_squares,20,constant_average_sigma
0.001,0.05694531150751718,0.0,ordinary_least_squares,20,constant_average_sigma
0.001333521432163324,0.056946787026606376,1.4755190891960202e-06,ordinary_least_squares,20,constant_average_sigma
0.0017782794100389228,0.05777213462163975,0.0008268231141225699,ordinary_least_squares,20,constant_average_sigma
0.0023713737056616554,0.0603145700101063,0.003369258502589123,ordinary_least_squares,20,constant_average_sigma
0.0031622776601683794,0.06619469542320162,0.009249383915684445,ordinary_least_squares,20,constant_average_sigma
0.004216965034285823,0.07822972872407465,0.021284417216557466,ordinary_least_squares,20,constant_average_sigma
0.005623413251903491,0.10104467903079242,0.04409936752327524,ordinary_least_squares,20,constant_average_sigma
0.007498942093324558,0.14162108350821728,0.0846757720007001,ordinary_least_squares,20,constant_average_sigma
0.01,0.20928528920525008,0.1523399776977329,ordinary_least_squares,20,constant_average_sigma
0.01333521432163324,0.3147283608426465,0.2577830493351293,ordinary_least_squares,20,constant_average_sigma
0.01778279410038923,0.4691285787917669,0.4121832672842497,ordinary_least_squares,20,constant_average_sigma
0.023713737056616554,0.6861749736506892,0.6292296621431721,ordinary_least_squares,20,constant_average_sigma
0.03162277660168379,0.9861731933088251,0.929227881801308,ordinary_least_squares,20,constant_average_sigma
0.042169650342858224,1.3930229773558196,1.3360776658483025,ordinary_least_squares,20,constant_average_sigma
0.05623413251903491,1.9157898814925953,1.8588445699850782,ordinary_least_squares,20,constant_average_sigma
0.07498942093324558,2.5225281982837147,2.4655828867761973,ordinary_least_squares,20,constant_average_sigma
0.1,3.1325510424944136,3.0756057309868963,ordinary_least_squares,20,constant_average_sigma
1e-06,0.28885780231468344,0.08517653230864972,ordinary_least_squares,21,constant_average_sigma
1.333521432163324e-06,0.28879980290628604,0.08511853290025231,ordinary_least_squares,21,constant_average_sigma
1.778279410038923e-06,0.28872248906078235,0.08504121905474862,ordinary_least_squares,21,constant_average_sigma
2.3713737056616552e-06,0.2886194419559376,0.08493817194990386,ordinary_least_squares,21,constant_average_sigma
3.162277660168379e-06,0.2884821200273847,0.08480085002135099,ordinary_least_squares,21,constant_average_sigma
4.216965034285822e-06,0.28829916471688843,0.08461789471085471,ordinary_least_squares,21,constant_average_sigma
5.623413251903491e-06,0.28805548595344127,0.08437421594740754,ordinary_least_squares,21,constant_average_sigma
7.498942093324558e-06,0.2877310617622825,0.0840497917562488,ordinary_least_squares,21,constant_average_sigma
1e-05,0.2872993721868707,0.08361810218083696,ordinary_least_squares,21,constant_average_sigma
1.333521432163324e-05,0.2867253723087564,0.08304410230272266,ordinary_least_squares,21,constant_average_sigma
1.778279410038923e-05,0.28596289891603405,0.08228162891000032,ordinary_least_squares,21,constant_average_sigma
2.3713737056616554e-05,0.2849514079246424,0.08127013791860868,ordinary_least_squares,21,constant_average_sigma
3.1622776601683795e-05,0.28361197317059134,0.07993070316455761,ordinary_least_squares,21,constant_average_sigma
4.216965034285822e-05,0.2818425756473618,0.07816130564132809,ordinary_least_squares,21,constant_average_sigma
5.623413251903491e-05,0.2795129411138466,0.07583167110781289,ordinary_least_squares,21,constant_average_sigma
7.498942093324559e-05,0.27645966399429894,0.07277839398826522,ordinary_least_squares,21,constant_average_sigma
0.0001,0.2724833138306259,0.06880204382459218,ordinary_least_squares,21,constant_average_sigma
0.0001333521432163324,0.26735107064173724,0.06366980063570352,ordinary_least_squares,21,constant_average_sigma
0.00017782794100389227,0.26081192819275784,0.05713065818672411,ordinary_least_squares,21,constant_average_sigma
0.00023713737056616554,0.2526379573407734,0.04895668733473965,ordinary_least_squares,21,constant_average_sigma
0.00031622776601683794,0.24271672330771682,0.03903545330168309,ordinary_least_squares,21,constant_average_sigma
0.00042169650342858224,0.2312398730069847,0.027558603000950976,ordinary_least_squares,21,constant_average_sigma
0.0005623413251903491,0.2190641307219672,0.015382860715933477,ordinary_least_squares,21,constant_average_sigma
0.0007498942093324559,0.20836011456549464,0.00467884455946091,ordinary_least_squares,21,constant_average_sigma
0.001,0.20368127000603373,0.0,ordinary_least_squares,21,constant_average_sigma
0.001333521432163324,0.21347254688587422,0.009791276879840494,ordinary_least_squares,21,constant_average_sigma
0.0017782794100389228,0.2515474287081456,0.04786615870211189,ordinary_least_squares,21,constant_average_sigma
0.0023713737056616554,0.3369328155362093,0.13325154553017557,ordinary_least_squares,21,constant_average_sigma
0.0031622776601683794,0.4894022764170539,0.28572100641102016,ordinary_least_squares,21,constant_average_sigma
0.004216965034285823,0.7202499591839557,0.516568689177922,ordinary_least_squares,21,constant_average_sigma
0.005623413251903491,1.02570821303711,0.8220269430310763,ordinary_least_squares,21,constant_average_sigma
0.007498942093324558,1.392638824744925,1.1889575547388913,ordinary_least_squares,21,constant_average_sigma
0.01,1.8094334509322314,1.6057521809261976,ordinary_least_squares,21,constant_average_sigma
0.01333521432163324,2.265060270668124,2.0613790006620905,ordinary_least_squares,21,constant_average_sigma
0.01778279410038923,2.7406436101624796,2.536962340156446,ordinary_least_squares,21,constant_average_sigma
0.023713737056616554,3.212230954607324,3.0085496846012907,ordinary_least_squares,21,constant_average_sigma
0.03162277660168379,3.663467167983981,3.4597858979779477,ordinary_least_squares,21,constant_average_sigma
0.042169650342858224,4.091250051382659,3.887568781376625,ordinary_least_squares,21,constant_average_sigma
0.05623413251903491,4.499026203583688,4.295344933577654,ordinary_least_squares,21,constant_average_sigma
0.07498942093324558,4.8876477180971865,4.6839664480911525,ordinary_least_squares,21,constant_average_sigma
0.1,5.254819730751807,5.051138460745773,ordinary_least_squares,21,constant_average_sigma
1e-06,0.4545086206980813,0.3065686385412397,ordinary_least_squares,22,constant_average_sigma
1.333521432163324e-06,0.4542972289805393,0.30635724682369775,ordinary_least_squares,22,constant_average_sigma
1.778279410038923e-06,0.45401544539345995,0.3060754632366184,ordinary_least_squares,22,constant_average_sigma
2.3713737056616552e-06,0.4536398800107084,0.3056998978538668,ordinary_least_squares,22,constant_average_sigma
3.162277660168379e-06,0.45313940938831815,0.3051994272314766,ordinary_least_squares,22,constant_average_sigma
4.216965034285822e-06,0.4524726504582389,0.30453266830139736,ordinary_least_squares,22,constant_average_sigma
5.623413251903491e-06,0.45158463276244865,0.3036446506056071,ordinary_least_squares,22,constant_average_sigma
7.498942093324558e-06,0.45040243300252397,0.3024624508456824,ordinary_least_squares,22,constant_average_sigma
1e-05,0.4488294853469412,0.30088950319009966,ordinary_least_squares,22,constant_average_sigma
1.333521432163324e-05,0.44673822419307196,0.2987982420362304,ordinary_least_squares,22,constant_average_sigma
1.778279410038923e-05,0.44396068573517855,0.296020703578337,ordinary_least_squares,22,constant_average_sigma
2.3713737056616554e-05,0.44027670802542507,0.2923367258685835,ordinary_least_squares,22,constant_average_sigma
3.1622776601683795e-05,0.4353995015359897,0.28745951937914815,ordinary_least_squares,22,constant_average_sigma
4.216965034285822e-05,0.4289587331892001,0.2810187510323585,ordinary_least_squares,22,constant_average_sigma
5.623413251903491e-05,0.4204821146015561,0.27254213244471454,ordinary_least_squares,22,constant_average_sigma
7.498942093324559e-05,0.409378242926915,0.2614382607700734,ordinary_least_squares,22,constant_average_sigma
0.0001,0.3949269103108479,0.24698692815400636,ordinary_least_squares,22,constant_average_sigma
0.0001333521432163324,0.3762897311661951,0.2283497490093535,ordinary_least_squares,22,constant_average_sigma
0.00017782794100389227,0.35256636378193607,0.2046263816250945,ordinary_least_squares,22,constant_average_sigma
0.00023713737056616554,0.32294452518369987,0.1750045430268583,ordinary_least_squares,22,constant_average_sigma
0.00031622776601683794,0.28703366567761207,0.1390936835207705,ordinary_least_squares,22,constant_average_sigma
0.00042169650342858224,0.24554656318154686,0.09760658102470529,ordinary_least_squares,22,constant_average_sigma
0.0005623413251903491,0.20162223204944435,0.053682249892602785,ordinary_least_squares,22,constant_average_sigma
0.0007498942093324559,0.16329636022329186,0.015356378066450294,ordinary_least_squares,22,constant_average_sigma
0.001,0.14793998215684157,0.0,ordinary_least_squares,22,constant_average_sigma
0.001333521432163324,0.18983469022384863,0.04189470806700707,ordinary_least_squares,22,constant_average_sigma
0.0017782794100389228,0.3520453401653801,0.20410535800853852,ordinary_least_squares,22,constant_average_sigma
0.0023713737056616554,0.7421422067784496,0.594202224621608,ordinary_least_squares,22,constant_average_sigma
0.0031622776601683794,1.5253234160623406,1.377383433905499,ordinary_least_squares,22,constant_average_sigma
0.004216965034285823,2.915028043971546,2.7670880618147042,ordinary_least_squares,22,constant_average_sigma
0.005623413251903491,5.107112705289913,4.959172723133071,ordinary_least_squares,22,constant_average_sigma
0.007498942093324558,8.14731222944419,7.999372247287348,ordinary_least_squares,22,constant_average_sigma
0.01,11.824141055655042,11.6762010734982,ordinary_least_squares,22,constant_average_sigma
0.01333521432163324,15.74462857919495,15.596688597038108,ordinary_least_squares,22,constant_average_sigma
0.01778279410038923,19.563710345173906,19.415770363017064,ordinary_least_squares,22,constant_average_sigma
0.023713737056616554,23.129027565610528,22.981087583453686,ordinary_least_squares,22,constant_average_sigma
0.03162277660168379,26.45505996325991,26.307119981103067,ordinary_least_squares,22,constant_average_sigma
0.042169650342858224,29.64310298336998,29.49516300121314,ordinary_least_squares,22,constant_average_sigma
0.05623413251903491,32.80963572521334,32.6616957430565,ordinary_least_squares,22,constant_average_sigma
0.07498942093324558,36.005269110031534,35.85732912787469,ordinary_least_squares,22,constant_average_sigma
0.1,39.14513615846865,38.99719617631181,ordinary_least_squares,22,constant_average_sigma
1e-06,10.345746580472225,8.121564478612457,ordinary_least_squares,23,constant_average_sigma
1.333521432163324e-06,10.339930373013999,8.115748271154231,ordinary_least_squares,23,constant_average_sigma
1.778279410038923e-06,10.332177452109201,8.107995350249434,ordinary_least_squares,23,constant_average_sigma
2.3713737056616552e-06,10.321844342005555,8.097662240145787,ordinary_least_squares,23,constant_average_sigma
3.162277660168379e-06,10.308074818818634,8.083892716958866,ordinary_least_squares,23,constant_average_sigma
4.216965034285822e-06,10.28973046099291,8.065548359133142,ordinary_least_squares,23,constant_average_sigma
5.623413251903491e-06,10.265299179053349,8.041117077193581,ordinary_least_squares,23,constant_average_sigma
7.498942093324558e-06,10.232775234420979,8.008593132561211,ordinary_least_squares,23,constant_average_sigma
1e-05,10.189502946446732,7.965320844586964,ordinary_least_squares,23,constant_average_sigma
1.333521432163324e-05,10.13197472707749,7.907792625217722,ordinary_least_squares,23,constant_average_sigma
1.778279410038923e-05,10.055573367493116,7.831391265633348,ordinary_least_squares,23,constant_average_sigma
2.3713737056616554e-05,9.954249011503537,7.730066909643769,ordinary_least_squares,23,constant_average_sigma
3.1622776601683795e-05,9.820125267016005,7.595943165156237,ordinary_least_squares,23,constant_average_sigma
4.216965034285822e-05,9.643039818696934,7.4188577168371665,ordinary_least_squares,23,constant_average_sigma
5.623413251903491e-05,9.410049688921386,7.185867587061619,ordinary_least_squares,23,constant_average_sigma
7.498942093324559e-05,9.104982645258525,6.880800543398758,ordinary_least_squares,23,constant_average_sigma
0.0001,8.70821783591786,6.484035734058093,ordinary_least_squares,23,constant_average_sigma
0.0001333521432163324,8.197073697294655,5.972891595434888,ordinary_least_squares,23,constant_average_sigma
0.00017782794100389227,7.547547381239079,5.323365279379312,ordinary_least_squares,23,constant_average_sigma
0.00023713737056616554,6.738824129507415,4.514642027647648,ordinary_least_squares,23,constant_average_sigma
0.00031622776601683794,5.763184597118959,3.5390024952591914,ordinary_least_squares,23,constant_average_sigma
0.00042169650342858224,4.646017741918867,2.4218356400591,ordinary_least_squares,23,constant_average_sigma
0.0005623413251903491,3.483937342539211,1.2597552406794437,ordinary_least_squares,23,constant_average_sigma
0.0007498942093324559,2.513299710614593,0.28911760875482573,ordinary_least_squares,23,constant_average_sigma
0.001,2.224182101859767,0.0,ordinary_least_squares,23,constant_average_sigma
0.001333521432163324,3.527040586197232,1.3028584843374649,ordinary_least_squares,23,constant_average_sigma
0.0017782794100389228,7.940192650449858,5.716010548590091,ordinary_least_squares,23,constant_average_sigma
0.0023713737056616554,17.672727216774515,15.448545114914747,ordinary_least_squares,23,constant_average_sigma
0.0031622776601683794,35.369084363043775,33.14490226118401,ordinary_least_squares,23,constant_average_sigma
0.004216965034285823,63.37207798191929,61.14789588005952,ordinary_least_squares,23,constant_average_sigma
0.005623413251903491,102.79868917868467,100.5745070768249,ordinary_least_squares,23,constant_average_sigma
0.007498942093324558,152.87037280827678,150.64619070641703,ordinary_least_squares,23,constant_average_sigma
0.01,210.4392488930476,208.21506679118784,ordinary_least_squares,23,constant_average_sigma
0.01333521432163324,270.0653199575216,267.8411378556618,ordinary_least_squares,23,constant_average_sigma
0.01778279410038923,325.74315813474493,323.5189760328852,ordinary_least_squares,23,constant_average_sigma
0.023713737056616554,373.6062092859295,371.3820271840697,ordinary_least_squares,23,constant_average_sigma
0.03162277660168379,413.24449167336246,411.0203095715027,ordinary_least_squares,23,constant_average_sigma
0.042169650342858224,447.1201144677972,444.8959323659374,ordinary_least_squares,23,constant_average_sigma
0.05623413251903491,479.49303927581053,477.2688571739508,ordinary_least_squares,23,constant_average_sigma
0.07498942093324558,515.561438420307,513.3372563184472,ordinary_least_squares,23,constant_average_sigma
0.1,560.3675780967332,558.1433959948733,ordinary_least_squares,23,constant_average_sigma
1e-06,243156.43951313212,2.1253591619897634,ordinary_least_squares,24,constant_average_sigma
1.333521432163324e-06,243156.4371182656,2.12296429547132,ordinary_least_squares,24,constant_average_sigma
1.778279410038923e-06,243156.4339268766,2.119772906473372,ordinary_least_squares,24,constant_average_sigma
2.3713737056616552e-06,243156.429674896,2.1155209258722607,ordinary_least_squares,24,constant_average_sigma
3.162277660168379e-06,243156.42401158917,2.109857619041577,ordinary_least_squares,24,constant_average_sigma
4.216965034285822e-06,243156.41647167166,2.10231770153041,ordinary_least_squares,24,constant_average_sigma
5.623413251903491e-06,243156.4064386557,2.09228468555375,ordinary_least_squares,24,constant_average_sigma
7.498942093324558e-06,243156.3930978777,2.078943907574285,ordinary_least_squares,24,constant_average_sigma
1e-05,243156.3753760677,2.0612220975745004,ordinary_least_squares,24,constant_average_sigma
1.333521432163324e-05,243156.35186522853,2.037711258395575,ordinary_least_squares,24,constant_average_sigma
1.778279410038923e-05,243156.32072917494,2.0065752048103604,ordinary_least_squares,24,constant_average_sigma
2.3713737056616554e-05,243156.2795927484,1.9654387782793492,ordinary_least_squares,24,constant_average_sigma
3.1622776601683795e-05,243156.22541914834,1.9112651782052126,ordinary_least_squares,24,constant_average_sigma
4.216965034285822e-05,243156.1543904186,1.8402364484791178,ordinary_least_squares,24,constant_average_sigma
5.623413251903491e-05,243156.0618261723,1.7476722021820024,ordinary_least_squares,24,constant_average_sigma
7.498942093324559e-05,243155.9422132252,1.628059255075641,ordinary_least_squares,24,constant_average_sigma
0.0001,243155.78948778764,1.4753338175069075,ordinary_least_squares,24,constant_average_sigma
0.0001333521432163324,243155.5978364828,1.2836825126723852,ordinary_least_squares,24,constant_average_sigma
0.00017782794100389227,243155.36350080723,1.0493468370987102,ordinary_least_squares,24,constant_average_sigma
0.00023713737056616554,243155.08844106275,0.7742870926158503,ordinary_least_squares,24,constant_average_sigma
0.00031622776601683794,243154.7873177441,0.47316377397510223,ordinary_least_squares,24,constant_average_sigma
0.00042169650342858224,243154.5001488504,0.18599488027393818,ordinary_least_squares,24,constant_average_sigma
0.0005623413251903491,243154.31415397013,0.0,ordinary_least_squares,24,constant_average_sigma
0.0007498942093324559,243154.39925864586,0.08510467573069036,ordinary_least_squares,24,constant_average_sigma
0.001,243155.06099753565,0.746843565517338,ordinary_least_squares,24,constant_average_sigma
0.001333521432163324,243156.80773128735,2.4935773172182962,ordinary_least_squares,24,constant_average_sigma
0.0017782794100389228,243160.40399776542,6.08984379528556,ordinary_least_squares,24,constant_average_sigma
0.0023713737056616554,243166.8177342001,12.503580229968065,ordinary_least_squares,24,constant_average_sigma
0.0031622776601683794,243176.90310489683,22.58895092669991,ordinary_least_squares,24,constant_average_sigma
0.004216965034285823,243190.85129488597,36.5371409158397,ordinary_least_squares,24,constant_average_sigma
0.005623413251903491,243208.07036927587,53.75621530573699,ordinary_least_squares,24,constant_average_sigma
0.007498942093324558,243228.28100130975,73.96684733961592,ordinary_least_squares,24,constant_average_sigma
0.01,243253.29586653135,98.98171256121714,ordinary_least_squares,24,constant_average_sigma
0.01333521432163324,243288.04998951,133.73583553987555,ordinary_least_squares,24,constant_average_sigma
0.01778279410038923,243340.46084073107,186.14668676094152,ordinary_least_squares,24,constant_average_sigma
0.023713737056616554,243420.70589699858,266.3917430284491,ordinary_least_squares,24,constant_average_sigma
0.03162277660168379,243540.1518160108,385.8376620406634,ordinary_least_squares,24,constant_average_sigma
0.042169650342858224,243708.93945316123,554.6252991911024,ordinary_least_squares,24,constant_average_sigma
0.05623413251903491,243930.40202699386,776.0878730237309,ordinary_least_squares,24,constant_average_sigma
0.07498942093324558,244192.9172685865,1038.6031146163587,ordinary_least_squares,24,constant_average_sigma
0.1,244467.06511712234,1312.7509631522116,ordinary_least_squares,24,constant_average_sigma
1e-06,0.9437918884420547,0.5915710730419865,ordinary_least_squares,25,constant_average_sigma
1.333521432163324e-06,0.943387604969735,0.5911667895696666,ordinary_least_squares,25,constant_average_sigma
1.778279410038923e-06,0.9428486953915957,0.5906278799915274,ordinary_least_squares,25,constant_average_sigma
2.3713737056616552e-06,0.9421304220990512,0.5899096066989828,ordinary_least_squares,25,constant_average_sigma
3.162277660168379e-06,0.9411732557552674,0.5889524403551991,ordinary_least_squares,25,constant_average_sigma
4.216965034285822e-06,0.9398980389995671,0.5876772235994989,ordinary_least_squares,25,constant_average_sigma
5.623413251903491e-06,0.9381996172910738,0.5859788018910055,ordinary_least_squares,25,constant_average_sigma
7.498942093324558e-06,0.935938483530408,0.5837176681303398,ordinary_least_squares,25,constant_average_sigma
1e-05,0.9329298797186962,0.5807090643186279,ordinary_least_squares,25,constant_average_sigma
1.333521432163324e-05,0.9289297006561997,0.5767088852561315,ordinary_least_squares,25,constant_average_sigma
1.778279410038923e-05,0.9236164724630646,0.5713956570629963,ordinary_least_squares,25,constant_average_sigma
2.3713737056616554e-05,0.9165687038733481,0.5643478884732798,ordinary_least_squares,25,constant_average_sigma
3.1622776601683795e-05,0.9072371482122069,0.5550163328121387,ordinary_least_squares,25,constant_average_sigma
4.216965034285822e-05,0.8949122076465903,0.542691392246522,ordinary_least_squares,25,constant_average_sigma
5.623413251903491e-05,0.8786883071997371,0.5264674917996688,ordinary_least_squares,25,constant_average_sigma
7.498942093324559e-05,0.8574303864035913,0.5052095710035229,ordinary_least_squares,25,constant_average_sigma
0.0001,0.8297542403493461,0.4775334249492778,ordinary_least_squares,25,constant_average_sigma
0.0001333521432163324,0.7940450713298218,0.44182425592975355,ordinary_least_squares,25,constant_average_sigma
0.00017782794100389227,0.7485623539309861,0.39634153853091786,ordinary_least_squares,25,constant_average_sigma
0.00023713737056616554,0.6917230217438871,0.33950220634381884,ordinary_least_squares,25,constant_average_sigma
0.00031622776601683794,0.6227348874153998,0.27051407201533156,ordinary_least_squares,25,constant_average_sigma
0.00042169650342858224,0.5428945601551168,0.19067374475504856,ordinary_least_squares,25,constant_average_sigma
0.0005623413251903491,0.4581088287015747,0.10588801330150643,ordinary_least_squares,25,constant_average_sigma
0.0007498942093324559,0.3835909067951274,0.03137009139505914,ordinary_least_squares,25,constant_average_sigma
0.001,0.3522208154000683,0.0,ordinary_least_squares,25,constant_average_sigma
0.001333521432163324,0.4284978606512445,0.07627704525117623,ordinary_least_squares,25,constant_average_sigma
0.0017782794100389228,0.7293313054209624,0.3771104900208941,ordinary_least_squares,25,constant_average_sigma
0.0023713737056616554,1.448308109736553,1.0960872943364848,ordinary_least_squares,25,constant_average_sigma
0.0031622776601683794,2.8665802253444275,2.514359409944359,ordinary_least_squares,25,constant_average_sigma
0.004216965034285823,5.3101666410792445,4.957945825679176,ordinary_least_squares,25,constant_average_sigma
0.005623413251903491,9.007916087527356,8.655695272127288,ordinary_least_squares,25,constant_average_sigma
0.007498942093324558,13.891566287914726,13.539345472514658,ordinary_least_squares,25,constant_average_sigma
0.01,19.546789115846053,19.194568300445987,ordinary_least_squares,25,constant_average_sigma
0.01333521432163324,25.46840154177732,25.116180726377255,ordinary_least_squares,25,constant_average_sigma
0.01778279410038923,31.392461093164176,31.04024027776411,ordinary_least_squares,25,constant_average_sigma
0.023713737056616554,37.36663096419618,37.01441014879612,ordinary_least_squares,25,constant_average_sigma
0.03162277660168379,43.5532433819241,43.20102256652403,ordinary_least_squares,25,constant_average_sigma
0.042169650342858224,49.99029430422303,49.63807348882296,ordinary_least_squares,25,constant_average_sigma
0.05623413251903491,56.48810918878724,56.135888373387175,ordinary_least_squares,25,constant_average_sigma
0.07498942093324558,62.69020170306394,62.337980887663875,ordinary_least_squares,25,constant_average_sigma
0.1,68.23854557254933,67.88632475714925,ordinary_least_squares,25,constant_average_sigma
1e-06,0.4978571991501148,0.06982126769457742,ordinary_least_squares,26,constant_average_sigma
1.333521432163324e-06,0.49780753682213963,0.06977160536660226,ordinary_least_squares,26,constant_average_sigma
1.778279410038923e-06,0.4977413375556883,0.06970540610015091,ordinary_least_squares,26,constant_average_sigma
2.3713737056616552e-06,0.49765310653962475,0.06961717508408738,ordinary_least_squares,26,constant_average_sigma
3.162277660168379e-06,0.497535532344353,0.06949960088881563,ordinary_least_squares,26,constant_average_sigma
4.216965034285822e-06,0.4973788936401714,0.06934296218463404,ordinary_least_squares,26,constant_average_sigma
5.623413251903491e-06,0.4971702775994292,0.06913434614389186,ordinary_least_squares,26,constant_average_sigma
7.498942093324558e-06,0.4968925551079508,0.0688566236524134,ordinary_least_squares,26,constant_average_sigma
1e-05,0.49652304499552674,0.06848711353998937,ordinary_least_squares,26,constant_average_sigma
1.333521432163324e-05,0.4960317878407636,0.06799585638522626,ordinary_least_squares,26,constant_average_sigma
1.778279410038923e-05,0.49537934210132256,0.0673434106457852,ordinary_least_squares,26,constant_average_sigma
2.3713737056616554e-05,0.49451402018011786,0.0664780887245805,ordinary_least_squares,26,constant_average_sigma
3.1622776601683795e-05,0.49336851507994955,0.06533258362441219,ordinary_least_squares,26,constant_average_sigma
4.216965034285822e-05,0.4918559602679028,0.06382002881236543,ordinary_least_squares,26,constant_average_sigma
5.623413251903491e-05,0.4898656747924633,0.061829743336925924,ordinary_least_squares,26,constant_average_sigma
7.498942093324559e-05,0.48725928060594725,0.05922334915040989,ordinary_least_squares,26,constant_average_sigma
0.0001,0.4838687407486044,0.055832809293067054,ordinary_least_squares,26,constant_average_sigma
0.0001333521432163324,0.4794995232053849,0.05146359174984755,ordinary_least_squares,26,constant_average_sigma
0.00017782794100389227,0.473945210022958,0.04590927856742061,ordinary_least_squares,26,constant_average_sigma
0.00023713737056616554,0.46702561145263977,0.0389896799971024,ordinary_least_squares,26,constant_average_sigma
0.00031622776601683794,0.45867075167870197,0.030634820223164605,ordinary_least_squares,26,constant_average_sigma
0.00042169650342858224,0.44909081206134144,0.02105488060580407,ordinary_least_squares,26,constant_average_sigma
0.0005623413251903491,0.43910007103623455,0.011064139580697185,ordinary_least_squares,26,constant_average_sigma
0.0007498942093324559,0.4306987804550482,0.0026628489995108584,ordinary_least_squares,26,constant_average_sigma
0.001,0.42803593145553737,0.0,ordinary_least_squares,26,constant_average_sigma
0.001333521432163324,0.4387866172289298,0.010750685773392443,ordinary_least_squares,26,constant_average_sigma
0.0017782794100389228,0.4755583584634415,0.047522427007904156,ordinary_least_squares,26,constant_average_sigma
0.0023713737056616554,0.5559186251946228,0.1278826937390854,ordinary_least_squares,26,constant_average_sigma
0.0031622776601683794,0.6984747271306421,0.2704387956751047,ordinary_least_squares,26,constant_average_sigma
0.004216965034285823,0.9139380321741111,0.4859021007185737,ordinary_least_squares,26,constant_average_sigma
0.005623413251903491,1.1971243932072013,0.769088461751664,ordinary_least_squares,26,constant_average_sigma
0.007498942093324558,1.5302424367298189,1.1022065052742815,ordinary_least_squares,26,constant_average_sigma
0.01,1.8961869563974791,1.4681510249419418,ordinary_least_squares,26,constant_average_sigma
0.01333521432163324,2.288003035484021,1.8599671040284835,ordinary_least_squares,26,constant_average_sigma
0.01778279410038923,2.7079597651757252,2.2799238337201877,ordinary_least_squares,26,constant_average_sigma
0.023713737056616554,3.159328653743032,2.7312927222874945,ordinary_least_squares,26,constant_average_sigma
0.03162277660168379,3.6352883975713843,3.207252466115847,ordinary_least_squares,26,constant_average_sigma
0.042169650342858224,4.113633196211563,3.685597264756025,ordinary_least_squares,26,constant_average_sigma
0.05623413251903491,4.5651164515180955,4.137080520062558,ordinary_least_squares,26,constant_average_sigma
0.07498942093324558,4.96745316162252,4.539417230166983,ordinary_least_squares,26,constant_average_sigma
0.1,5.311850594733423,4.883814663277886,ordinary_least_squares,26,constant_average_sigma
1e-06,0.12491321853168857,0.002020874450379892,ordinary_least_squares,27,constant_average_sigma
1.333521432163324e-06,0.12491224032584299,0.0020198962445343027,ordinary_least_squares,27,constant_average_sigma
1.778279410038923e-06,0.1249109362325729,0.002018592151264223,ordinary_least_squares,27,constant_average_sigma
2.3713737056616552e-06,0.12490919784375794,0.0020168537624492555,ordinary_least_squares,27,constant_average_sigma
3.162277660168379e-06,0.12490688081975053,0.0020145367384418467,ordinary_least_squares,27,constant_average_sigma
4.216965034285822e-06,0.124903793070497,0.0020114489891883136,ordinary_least_squares,27,constant_average_sigma
5.623413251903491e-06,0.12489967913831004,0.002007335057001361,ordinary_least_squares,27,constant_average_sigma
7.498942093324558e-06,0.12489419961001864,0.0020018555287099615,ordinary_least_squares,27,constant_average_sigma
1e-05,0.12488690407933396,0.0019945599980252804,ordinary_least_squares,27,constant_average_sigma
1.333521432163324e-05,0.12487719585287219,0.0019848517715635033,ordinary_least_squares,27,constant_average_sigma
1.778279410038923e-05,0.12486428621857784,0.0019719421372691587,ordinary_least_squares,27,constant_average_sigma
2.3713737056616554e-05,0.12484713584985485,0.0019547917685461685,ordinary_least_squares,27,constant_average_sigma
3.1622776601683795e-05,0.12482438090793022,0.0019320368266215332,ordinary_least_squares,27,constant_average_sigma
4.216965034285822e-05,0.12479424204545321,0.0019018979641445277,ordinary_least_squares,27,constant_average_sigma
5.623413251903491e-05,0.12475441650069567,0.0018620724193869898,ordinary_least_squares,27,constant_average_sigma
7.498942093324559e-05,0.12470195812734287,0.0018096140460341914,ordinary_least_squares,27,constant_average_sigma
0.0001,0.124633160027165,0.0017408159458563166,ordinary_least_squares,27,constant_average_sigma
0.0001333521432163324,0.12454347397112642,0.0016511298898177346,ordinary_least_squares,27,constant_average_sigma
0.00017782794100389227,0.12442753830474808,0.0015351942234393956,ordinary_least_squares,27,constant_average_sigma
0.00023713737056616554,0.12427945655161245,0.001387112470303764,ordinary_least_squares,27,constant_average_sigma
0.00031622776601683794,0.12409359951440095,0.0012012554330922687,ordinary_least_squares,27,constant_average_sigma
0.00042169650342858224,0.12386644273329289,0.0009740986519842093,ordinary_least_squares,27,constant_average_sigma
0.0005623413251903491,0.12360038423431399,0.0007080401530053099,ordinary_least_squares,27,constant_average_sigma
0.0007498942093324559,0.12331126235583065,0.00041891827452196495,ordinary_least_squares,27,constant_average_sigma
0.001,0.12304265399242836,0.00015030991111968095,ordinary_least_squares,27,constant_average_sigma
0.001333521432163324,0.12289234408130868,0.0,ordinary_least_squares,27,constant_average_sigma
0.0017782794100389228,0.12306003043065954,0.00016768634935085402,ordinary_least_squares,27,constant_average_sigma
0.0023713737056616554,0.12393036096036049,0.0010380168790518063,ordinary_least_squares,27,constant_average_sigma
0.0031622776601683794,0.12620968163389498,0.0033173375525862997,ordinary_least_squares,27,constant_average_sigma
0.004216965034285823,0.13112951899248376,0.00823717491117508,ordinary_least_squares,27,constant_average_sigma
0.005623413251903491,0.14069031330122858,0.0177979692199199,ordinary_least_squares,27,constant_average_sigma
0.007498942093324558,0.15780234236671867,0.034909998285409985,ordinary_least_squares,27,constant_average_sigma
0.01,0.18598367223754766,0.06309132815623898,ordinary_least_squares,27,constant_average_sigma
0.01333521432163324,0.2282373929159102,0.10534504883460151,ordinary_least_squares,27,constant_average_sigma
0.01778279410038923,0.2853848800405088,0.16249253595920016,ordinary_least_squares,27,constant_average_sigma
0.023713737056616554,0.35516047475731505,0.23226813067600638,ordinary_least_squares,27,constant_average_sigma
0.03162277660168379,0.43287720331937507,0.3099848592380664,ordinary_least_squares,27,constant_average_sigma
0.042169650342858224,0.5129215431603225,0.3900291990790138,ordinary_least_squares,27,constant_average_sigma
0.05623413251903491,0.5904317469910982,0.46753940290978957,ordinary_least_squares,27,constant_average_sigma
0.07498942093324558,0.6624389719843706,0.539546627903062,ordinary_least_squares,27,constant_average_sigma
0.1,0.7273575260365744,0.6044651819552658,ordinary_least_squares,27,constant_average_sigma
1e-06,7.645879456811953e-05,1.6745403751173042e-07,ordinary_least_squares,28,constant_average_sigma
1.333521432163324e-06,7.645856339627799e-05,1.6722286567018697e-07,ordinary_least_squares,28,constant_average_sigma
1.778279410038923e-06,7.645825511358621e-05,1.6691458297841348e-07,ordinary_least_squares,28,constant_average_sigma
2.3713737056616552e-06,7.645784459330547e-05,1.6650406269766687e-07,ordinary_least_squares,28,constant_average_sigma
3.162277660168379e-06,7.645729785827779e-05,1.6595732766998663e-07,ordinary_least_squares,28,constant_average_sigma
4.216965034285822e-06,7.645657014083515e-05,1.652296102273523e-07,ordinary_least_squares,28,constant_average_sigma
5.623413251903491e-06,7.645560219223989e-05,1.6426166163209326e-07,ordinary_least_squares,28,constant_average_sigma
7.498942093324558e-06,7.645431570158865e-05,1.6297517098084753e-07,ordinary_least_squares,28,constant_average_sigma
1e-05,7.645260788870048e-05,1.612673580926832e-07,ordinary_least_squares,28,constant_average_sigma
1.333521432163324e-05,7.645034417334336e-05,1.5900364273556422e-07,ordinary_least_squares,28,constant_average_sigma
1.778279410038923e-05,7.644734983741764e-05,1.5600930680984264e-07,ordinary_least_squares,28,constant_average_sigma
2.3713737056616554e-05,7.644340018347479e-05,1.5205965286699112e-07,ordinary_least_squares,28,constant_average_sigma
3.1622776601683795e-05,7.643821032024907e-05,1.4686978964126643e-07,ordinary_least_squares,28,constant_average_sigma
4.216965034285822e-05,7.643142662265916e-05,1.4008609205135697e-07,ordinary_least_squares,28,constant_average_sigma
5.623413251903491e-05,7.642262421314239e-05,1.3128368253459194e-07,ordinary_least_squares,28,constant_average_sigma
7.498942093324559e-05,7.641131957169952e-05,1.199790410917178e-07,ordinary_least_squares,28,constant_average_sigma
0.0001,7.639701562489002e-05,1.0567509428222055e-07,ordinary_least_squares,28,constant_average_sigma
0.0001333521432163324,7.637931220939204e-05,8.79716787842422e-08,ordinary_least_squares,28,constant_average_sigma
0.00017782794100389227,7.635814288645221e-05,6.680235584441234e-08,ordinary_least_squares,28,constant_average_sigma
0.00023713737056616554,7.633424990327732e-05,4.29093726695166e-08,ordinary_least_squares,28,constant_average_sigma
0.00031622776601683794,7.631010048414349e-05,1.875995353568696e-08,ordinary_least_squares,28,constant_average_sigma
0.00042169650342858224,7.629161137125144e-05,2.7084064364076704e-10,ordinary_least_squares,28,constant_average_sigma
0.0005623413251903491,7.62913405306078e-05,0.0,ordinary_least_squares,28,constant_average_sigma
0.0007498942093324559,7.63343227167707e-05,4.298218616289695e-08,ordinary_least_squares,28,constant_average_sigma
0.001,7.646863636252785e-05,1.7729583192004528e-07,ordinary_least_squares,28,constant_average_sigma
0.001333521432163324,7.678436839408236e-05,4.930278634745588e-07,ordinary_least_squares,28,constant_average_sigma
0.0017782794100389228,7.744731256968428e-05,1.1559720390764798e-06,ordinary_least_squares,28,constant_average_sigma
0.0023713737056616554,7.87580319090718e-05,2.4666913784640007e-06,ordinary_least_squares,28,constant_average_sigma
0.0031622776601683794,8.125315347045443e-05,4.961812939846633e-06,ordinary_least_squares,28,constant_average_sigma
0.004216965034285823,8.587272216310538e-05,9.581381632497578e-06,ordinary_least_squares,28,constant_average_sigma
0.005623413251903491,9.421847205332667e-05,1.792713152271887e-05,ordinary_least_squares,28,constant_average_sigma
0.007498942093324558,0.00010890216151409544,3.261082098348764e-05,ordinary_least_squares,28,constant_average_sigma
0.01,0.00013388357507304485,5.7592234542437054e-05,ordinary_least_squares,28,constant_average_sigma
0.01333521432163324,0.00017445696345377913,9.816562292317133e-05,ordinary_least_squares,28,constant_average_sigma
0.01778279410038923,0.00023617320932301403,0.00015988186879240624,ordinary_least_squares,28,constant_average_sigma
0.023713737056616554,0.00032191263159807505,0.00024562129106746723,ordinary_least_squares,28,constant_average_sigma
0.03162277660168379,0.0004277354380223159,0.0003514440974917081,ordinary_least_squares,28,constant_average_sigma
0.042169650342858224,0.0005411486792668434,0.00046485733873623557,ordinary_least_squares,28,constant_average_sigma
0.05623413251903491,0.0006454579503632447,0.0005691666098326369,ordinary_least_squares,28,constant_average_sigma
0.07498942093324558,0.0007279259322513333,0.0006516345917207256,ordinary_least_squares,28,constant_average_sigma
0.1,0.0007853280426154367,0.000709036702084829,ordinary_least_squares,28,constant_average_sigma
1e-06,0.04132698918178841,0.0012382337723733927,ordinary_least_squares,29,constant_average_sigma
1.333521432163324e-06,0.04132620826111858,0.0012374528517035618,ordinary_least_squares,29,constant_average_sigma
1.778279410038923e-06,0.04132516726641712,0.001236411857002101,ordinary_least_squares,29,constant_average_sigma
2.3713737056616552e-06,0.041323779753843055,0.001235024344428036,ordinary_least_squares,29,constant_average_sigma
3.162277660168379e-06,0.041321930675119585,0.0012331752657045655,ordinary_least_squares,29,constant_average_sigma
4.216965034285822e-06,0.04131946702414332,0.0012307116147282984,ordinary_least_squares,29,constant_average_sigma
5.623413251903491e-06,0.041316185489812626,0.0012274300803976068,ordinary_least_squares,29,constant_average_sigma
7.498942093324558e-06,0.04131181624572418,0.0012230608363091588,ordinary_least_squares,29,constant_average_sigma
1e-05,0.04130600177281108,0.0012172463633960615,ordinary_least_squares,29,constant_average_sigma
1.333521432163324e-05,0.04129826940538385,0.0012095139959688306,ordinary_least_squares,29,constant_average_sigma
1.778279410038923e-05,0.04128799611150465,0.0011992407020896337,ordinary_least_squares,29,constant_average_sigma
2.3713737056616554e-05,0.041274364013890764,0.001185608604475745,ordinary_least_squares,29,constant_average_sigma
3.1622776601683795e-05,0.041256305493062286,0.001167550083647266,ordinary_least_squares,29,constant_average_sigma
4.216965034285822e-05,0.04123243784717579,0.001143682437760772,ordinary_least_squares,29,constant_average_sigma
5.623413251903491e-05,0.04120099016534803,0.0011122347559330073,ordinary_least_squares,29,constant_average_sigma
7.498942093324559e-05,0.04115973075570848,0.001070975346293461,ordinary_least_squares,29,constant_average_sigma
0.0001,0.041105914810350974,0.0010171594009359547,ordinary_least_squares,29,constant_average_sigma
0.0001333521432163324,0.0410362938068105,0.0009475383973954823,ordinary_least_squares,29,constant_average_sigma
0.00017782794100389227,0.04094726915527635,0.0008585137458613293,ordinary_least_squares,29,constant_average_sigma
0.00023713737056616554,0.04083534838476224,0.0007465929753472239,ordinary_least_squares,29,constant_average_sigma
0.00031622776601683794,0.040698200206723316,0.0006094447973082964,ordinary_least_squares,29,constant_average_sigma
0.00042169650342858224,0.040536852436230605,0.00044809702681558594,ordinary_least_squares,29,constant_average_sigma
0.0005623413251903491,0.04036001178425261,0.000271256374837589,ordinary_least_squares,29,constant_average_sigma
0.0007498942093324559,0.040192222707726405,0.00010346729831138546,ordinary_least_squares,29,constant_average_sigma
0.001,0.04008875540941502,0.0,ordinary_least_squares,29,constant_average_sigma
0.001333521432163324,0.0401617255492977,7.297013988268042e-05,ordinary_least_squares,29,constant_average_sigma
0.0017782794100389228,0.040623358412003104,0.0005346030025880841,ordinary_least_squares,29,constant_average_sigma
0.0023713737056616554,0.04185079847938111,0.0017620430699660933,ordinary_least_squares,29,constant_average_sigma
0.0031622776601683794,0.04446487764217936,0.004376122232764339,ordinary_least_squares,29,constant_average_sigma
0.004216965034285823,0.04937829998428997,0.00928954457487495,ordinary_least_squares,29,constant_average_sigma
0.005623413251903491,0.0576945360244408,0.01760578061502578,ordinary_least_squares,29,constant_average_sigma
0.007498942093324558,0.07027218617908845,0.030183430769673433,ordinary_least_squares,29,constant_average_sigma
0.01,0.0869265377474275,0.046837782338012474,ordinary_least_squares,29,constant_average_sigma
0.01333521432163324,0.10582731974869078,0.06573856433927576,ordinary_least_squares,29,constant_average_sigma
0.01778279410038923,0.12400811783417066,0.08391936242475564,ordinary_least_squares,29,constant_average_sigma
0.023713737056616554,0.13891933760342745,0.09883058219401243,ordinary_least_squares,29,constant_average_sigma
0.03162277660168379,0.14966943990727907,0.10958068449786405,ordinary_least_squares,29,constant_average_sigma
0.042169650342858224,0.15702510297239383,0.11693634756297881,ordinary_least_squares,29,constant_average_sigma
0.05623413251903491,0.16260714900885986,0.12251839359944484,ordinary_least_squares,29,constant_average_sigma
0.07498942093324558,0.1681392049722343,0.1280504495628193,ordinary_least_squares,29,constant_average_sigma
0.1,0.17508009143233247,0.13499133602291746,ordinary_least_squares,29,constant_average_sigma
1e-06,0.28838361697104403,0.0029630327778789045,ordinary_least_squares,30,constant_average_sigma
1.333521432163324e-06,0.28838154217163126,0.0029609579784661277,ordinary_least_squares,30,constant_average_sigma
1.778279410038923e-06,0.2883787764853977,0.0029581922922325976,ordinary_least_squares,30,constant_average_sigma
2.3713737056616552e-06,0.28837509037022613,0.0029545061770610004,ordinary_least_squares,30,constant_average_sigma
3.162277660168379e-06,0.28837017839862045,0.0029495942054553193,ordinary_least_squares,30,constant_average_sigma
4.216965034285822e-06,0.2883636344656588,0.002943050272493697,ordinary_least_squares,30,constant_average_sigma
5.623413251903491e-06,0.28835491917555656,0.002934334982391429,ordinary_least_squares,30,constant_average_sigma
7.498942093324558e-06,0.2883433170406502,0.0029227328474850656,ordinary_least_squares,30,constant_average_sigma
1e-05,0.2883278807198513,0.0029072965266861983,ordinary_least_squares,30,constant_average_sigma
1.333521432163324e-05,0.2883073589744768,0.002886774781311663,ordinary_least_squares,30,constant_average_sigma
1.778279410038923e-05,0.2882801046988351,0.0028595205056699546,ordinary_least_squares,30,constant_average_sigma
2.3713737056616554e-05,0.28824395960246824,0.0028233754093031083,ordinary_least_squares,30,constant_average_sigma
3.1622776601683795e-05,0.2881961134608841,0.002775529267718957,ordinary_least_squares,30,constant_average_sigma
4.216965034285822e-05,0.2881329396299928,0.0027123554368276848,ordinary_least_squares,30,constant_average_sigma
5.623413251903491e-05,0.28804981702581767,0.0026292328326525394,ordinary_least_squares,30,constant_average_sigma
7.498942093324559e-05,0.2879409663917327,0.0025203821985675945,ordinary_least_squares,30,constant_average_sigma
0.0001,0.28779936326941724,0.0023787790762521133,ordinary_least_squares,30,constant_average_sigma
0.0001333521432163324,0.2876168561276925,0.002196271934527372,ordinary_least_squares,30,constant_average_sigma
0.00017782794100389227,0.2873847415649123,0.001964157371747155,ordinary_least_squares,30,constant_average_sigma
0.00023713737056616554,0.2870952758377065,0.0016746916445413706,ordinary_least_squares,30,constant_average_sigma
0.00031622776601683794,0.28674501483541875,0.0013244306422536267,ordinary_least_squares,30,constant_average_sigma
0.00042169650342858224,0.2863416123056467,0.00092102811248157,ordinary_least_squares,30,constant_average_sigma
0.0005623413251903491,0.28591699220891587,0.0004964080157507378,ordinary_least_squares,30,constant_average_sigma
0.0007498942093324559,0.28555195770847186,0.00013137351530673191,ordinary_least_squares,30,constant_average_sigma
0.001,0.2854205841931651,0.0,ordinary_least_squares,30,constant_average_sigma
0.001333521432163324,0.2858668387401488,0.00044625454698365985,ordinary_least_squares,30,constant_average_sigma
0.0017782794100389228,0.28752806487465105,0.002107480681485918,ordinary_least_squares,30,constant_average_sigma
0.0023713737056616554,0.2915112062278961,0.006090622034730986,ordinary_least_squares,30,constant_average_sigma
0.0031622776601683794,0.2995876778880113,0.014167093694846145,ordinary_least_squares,30,constant_average_sigma
0.004216965034285823,0.31427512262726065,0.028854538434095522,ordinary_least_squares,30,constant_average_sigma
0.005623413251903491,0.3385245344350197,0.05310395024185455,ordinary_least_squares,30,constant_average_sigma
0.007498942093324558,0.37467878580530667,0.08925820161214154,ordinary_least_squares,30,constant_average_sigma
0.01,0.4228645630939972,0.1374439789008321,ordinary_least_squares,30,constant_average_sigma
0.01333521432163324,0.48018624679939015,0.19476566260622502,ordinary_least_squares,30,constant_average_sigma
0.01778279410038923,0.5421344055744615,0.25671382138129634,ordinary_least_squares,30,constant_average_sigma
0.023713737056616554,0.6050727992289957,0.3196522150358306,ordinary_least_squares,30,constant_average_sigma
0.03162277660168379,0.6674837576947257,0.38206317350156055,ordinary_least_squares,30,constant_average_sigma
0.042169650342858224,0.7296742931271032,0.44425370893393806,ordinary_least_squares,30,constant_average_sigma
0.05623413251903491,0.7927001520004613,0.5072795678072961,ordinary_least_squares,30,constant_average_sigma
0.07498942093324558,0.8569400828497736,0.5715194986566086,ordinary_least_squares,30,constant_average_sigma
0.1,0.9211801341323965,0.6357595499392314,ordinary_least_squares,30,constant_average_sigma
1e-06,0.6670891966188034,0.04428999178122661,ordinary_least_squares,31,constant_average_sigma
1.333521432163324e-06,0.66706220387783,0.044262999040253215,ordinary_least_squares,31,constant_average_sigma
1.778279410038923e-06,0.6670262209049529,0.04422701606737611,ordinary_least_squares,31,constant_average_sigma
2.3713737056616552e-06,0.6669782589369575,0.04417905409938072,ordinary_least_squares,31,constant_average_sigma
3.162277660168379e-06,0.6669143401209041,0.044115135283327334,ordinary_least_squares,31,constant_average_sigma
4.216965034285822e-06,0.6668291731405045,0.04402996830292771,ordinary_least_squares,31,constant_average_sigma
5.623413251903491e-06,0.6667157258752245,0.04391652103764776,ordinary_least_squares,31,constant_average_sigma
7.498942093324558e-06,0.6665646633694495,0.04376545853187275,ordinary_least_squares,31,constant_average_sigma
1e-05,0.6663636128907234,0.04356440805314665,ordinary_least_squares,31,constant_average_sigma
1.333521432163324e-05,0.6660962096141144,0.04329700477653764,ordinary_least_squares,31,constant_average_sigma
1.778279410038923e-05,0.6657408701228736,0.04294166528529686,ordinary_least_squares,31,constant_average_sigma
2.3713737056616554e-05,0.6652692383720611,0.04247003353448431,ordinary_least_squares,31,constant_average_sigma
3.1622776601683795e-05,0.6646442591897196,0.04184505435214281,ordinary_least_squares,31,constant_average_sigma
4.216965034285822e-05,0.6638178686264137,0.041018663788836895,ordinary_least_squares,31,constant_average_sigma
5.623413251903491e-05,0.662728376723346,0.039929171885769166,ordinary_least_squares,31,constant_average_sigma
7.498942093324559e-05,0.6612978029603496,0.03849859812277279,ordinary_least_squares,31,constant_average_sigma
0.0001,0.659429797172672,0.03663059233509525,ordinary_least_squares,31,constant_average_sigma
0.0001333521432163324,0.6570095014767341,0.03421029663915731,ordinary_least_squares,31,constant_average_sigma
0.00017782794100389227,0.6539080768170206,0.031108871979443786,ordinary_least_squares,31,constant_average_sigma
0.00023713737056616554,0.6499971626198339,0.027197957782257087,ordinary_least_squares,31,constant_average_sigma
0.00031622776601683794,0.6451832005601629,0.022383995722586092,ordinary_least_squares,31,constant_average_sigma
0.00042169650342858224,0.6394799495251839,0.016680744687607163,ordinary_least_squares,31,constant_average_sigma
0.0005623413251903491,0.6331522519490571,0.010353047111480329,ordinary_least_squares,31,constant_average_sigma
0.0007498942093324559,0.6269887919766775,0.00418958713910067,ordinary_least_squares,31,constant_average_sigma
0.001,0.6227992048375768,0.0,ordinary_least_squares,31,constant_average_sigma
0.001333521432163324,0.6242764377542591,0.0014772329166823361,ordinary_least_squares,31,constant_average_sigma
0.0017782794100389228,0.638383187334042,0.015583982496465199,ordinary_least_squares,31,constant_average_sigma
0.0023713737056616554,0.6772978442618167,0.054498639424239936,ordinary_least_squares,31,constant_average_sigma
0.0031622776601683794,0.7604555477464869,0.13765634290891016,ordinary_least_squares,31,constant_average_sigma
0.004216965034285823,0.915103610797118,0.2923044059595412,ordinary_least_squares,31,constant_average_sigma
0.005623413251903491,1.1723026026493844,0.5495033978118076,ordinary_least_squares,31,constant_average_sigma
0.007498942093324558,1.5550015100310026,0.9322023051934258,ordinary_least_squares,31,constant_average_sigma
0.01,2.05950299259353,1.4367037877559534,ordinary_least_squares,31,constant_average_sigma
0.01333521432163324,2.64411410189261,2.021314897055033,ordinary_least_squares,31,constant_average_sigma
0.01778279410038923,3.2449386706932635,2.6221394658556867,ordinary_least_squares,31,constant_average_sigma
0.023713737056616554,3.8134800604545047,3.190680855616928,ordinary_least_squares,31,constant_average_sigma
0.03162277660168379,4.3401639235978005,3.7173647187602237,ordinary_least_squares,31,constant_average_sigma
0.042169650342858224,4.845852486340655,4.223053281503078,ordinary_least_squares,31,constant_average_sigma
0.05623413251903491,5.359299549012797,4.73650034417522,ordinary_least_squares,31,constant_average_sigma
0.07498942093324558,5.899953101070452,5.277153896232875,ordinary_least_squares,31,constant_average_sigma
0.1,6.470823457430879,5.848024252593302,ordinary_least_squares,31,constant_average_sigma
1e-06,112970.73436494426,781.7298797751137,ordinary_least_squares,32,constant_average_sigma
1.333521432163324e-06,112970.72970768162,781.7252225124685,ordinary_least_squares,32,constant_average_sigma
1.778279410038923e-06,112970.72349436326,781.7190091941156,ordinary_least_squares,32,constant_average_sigma
2.3713737056616552e-06,112970.71520385728,781.710718688133,ordinary_least_squares,32,constant_average_sigma
3.162277660168379e-06,112970.70413955569,781.6996543865389,ordinary_least_squares,32,constant_average_sigma
4.216965034285822e-06,112970.68936949995,781.6848843307962,ordinary_least_squares,32,constant_average_sigma
5.623413251903491e-06,112970.66964567997,781.66516051082,ordinary_least_squares,32,constant_average_sigma
7.498942093324558e-06,112970.64329436018,781.6388091910339,ordinary_least_squares,32,constant_average_sigma
1e-05,112970.60806685555,781.6035816864023,ordinary_least_squares,32,constant_average_sigma
1.333521432163324e-05,112970.56093467488,781.5564495057333,ordinary_least_squares,32,constant_average_sigma
1.778279410038923e-05,112970.49780623653,781.4933210673771,ordinary_least_squares,32,constant_average_sigma
2.3713737056616554e-05,112970.41313099426,781.4086458251113,ordinary_least_squares,32,constant_average_sigma
3.1622776601683795e-05,112970.29933935529,781.2948541861406,ordinary_least_squares,32,constant_average_sigma
4.216965034285822e-05,112970.14603851139,781.1415533422405,ordinary_least_squares,32,constant_average_sigma
5.623413251903491e-05,112969.93883819354,780.9343530243932,ordinary_least_squares,32,constant_average_sigma
7.498942093324559e-05,112969.65760373823,780.6531185690837,ordinary_least_squares,32,constant_average_sigma
0.0001,112969.27380530386,780.2693201347138,ordinary_least_squares,32,constant_average_sigma
0.0001333521432163324,112968.74641528584,779.7419301166956,ordinary_least_squares,32,constant_average_sigma
0.00017782794100389227,112968.01544148417,779.0109563150181,ordinary_least_squares,32,constant_average_sigma
0.00023713737056616554,112966.99158152463,777.9870963554858,ordinary_least_squares,32,constant_average_sigma
0.00031622776601683794,112965.53953391753,776.5350487483811,ordinary_least_squares,32,constant_average_sigma
0.00042169650342858224,112963.45115735132,774.4466721821664,ordinary_least_squares,32,constant_average_sigma
0.0005623413251903491,112960.4032827357,771.3987975665514,ordinary_least_squares,32,constant_average_sigma
0.0007498942093324559,112955.89524338768,766.8907582185348,ordinary_least_squares,32,constant_average_sigma
0.001,112949.16796877477,760.1634836056182,ordinary_least_squares,32,constant_average_sigma
0.001333521432163324,112939.12859108095,750.1241059118038,ordinary_least_squares,32,constant_average_sigma
0.0017782794100389228,112924.34512975368,735.3406445845321,ordinary_least_squares,32,constant_average_sigma
0.0023713737056616554,112903.20141891099,714.1969337418413,ordinary_least_squares,32,constant_average_sigma
0.0031622776601683794,112874.21555812912,685.2110729599663,ordinary_least_squares,32,constant_average_sigma
0.004216965034285823,112836.23869161328,647.2342064441327,ordinary_least_squares,32,constant_average_sigma
0.005623413251903491,112788.03873007881,599.0342449096643,ordinary_least_squares,32,constant_average_sigma
0.007498942093324558,112727.48766658752,538.4831814183708,ordinary_least_squares,32,constant_average_sigma
0.01,112651.94443507446,462.93994990531064,ordinary_least_squares,32,constant_average_sigma
0.01333521432163324,112561.04089344114,372.0364082719898,ordinary_least_squares,32,constant_average_sigma
0.01778279410038923,112460.42023565271,271.41575048356026,ordinary_least_squares,32,constant_average_sigma
0.023713737056616554,112362.53028469015,173.52579952099768,ordinary_least_squares,32,constant_average_sigma
0.03162277660168379,112281.64406946684,92.63958429769264,ordinary_least_squares,32,constant_average_sigma
0.042169650342858224,112226.49710235134,37.49261718218622,ordinary_least_squares,32,constant_average_sigma
0.05623413251903491,112197.40660575074,8.402120581595227,ordinary_least_squares,32,constant_average_sigma
0.07498942093324558,112189.00448516915,0.0,ordinary_least_squares,32,constant_average_sigma
0.1,112194.24667243651,5.242187267358531,ordinary_least_squares,32,constant_average_sigma
1e-06,107461.31185524043,0.0,ordinary_least_squares,33,constant_average_sigma
1.333521432163324e-06,107461.31338292838,0.0015276879421435297,ordinary_least_squares,33,constant_average_sigma
1.778279410038923e-06,107461.31541978686,0.003564546423149295,ordinary_least_squares,33,constant_average_sigma
2.3713737056616552e-06,107461.31813551791,0.006280277477344498,ordinary_least_squares,33,constant_average_sigma
3.162277660168379e-06,107461.32175612681,0.009900886376271956,ordinary_least_squares,33,constant_average_sigma
4.216965034285822e-06,107461.32658273193,0.014727491492521949,ordinary_least_squares,33,constant_average_sigma
5.623413251903491e-06,107461.33301633126,0.021161090829991736,ordinary_least_squares,33,constant_average_sigma
7.498942093324558e-06,107461.34159089408,0.029735653646639548,ordinary_least_squares,33,constant_average_sigma
1e-05,107461.3530165114,0.041161270972224884,ordinary_least_squares,33,constant_average_sigma
1.333521432163324e-05,107461.36823743324,0.056382192808086984,ordinary_least_squares,33,constant_average_sigma
1.778279410038923e-05,107461.38850741141,0.07665217097382993,ordinary_least_squares,33,constant_average_sigma
2.3713737056616554e-05,107461.41548906633,0.10363382590003312,ordinary_least_squares,33,constant_average_sigma
3.1622776601683795e-05,107461.45138280244,0.13952756200160366,ordinary_least_squares,33,constant_average_sigma
4.216965034285822e-05,107461.49909323387,0.18723799343570136,ordinary_least_squares,33,constant_average_sigma
5.623413251903491e-05,107461.56244074654,0.2505855061026523,ordinary_least_squares,33,constant_average_sigma
7.498942093324559e-05,107461.64642549175,0.3345702513179276,ordinary_least_squares,33,constant_average_sigma
0.0001,107461.75754684376,0.4456916033232119,ordinary_least_squares,33,constant_average_sigma
0.0001333521432163324,107461.9041713294,0.5923160889651626,ordinary_least_squares,33,constant_average_sigma
0.00017782794100389227,107462.09691982628,0.7850645858416101,ordinary_least_squares,33,constant_average_sigma
0.00023713737056616554,107462.34900078122,1.0371455407876056,ordinary_least_squares,33,constant_average_sigma
0.00031622776601683794,107462.67633419705,1.3644789566169493,ordinary_least_squares,33,constant_average_sigma
0.00042169650342858224,107463.09717097878,1.7853157383506186,ordinary_least_squares,33,constant_average_sigma
0.0005623413251903491,107463.63070363892,2.318848398484988,ordinary_least_squares,33,constant_average_sigma
0.0007498942093324559,107464.29395480127,2.982099560831557,ordinary_least_squares,33,constant_average_sigma
0.001,107465.0963831789,3.784527938463725,ordinary_least_squares,33,constant_average_sigma
0.001333521432163324,107466.03340402622,4.721548785790219,ordinary_least_squares,33,constant_average_sigma
0.0017782794100389228,107467.08651307733,5.7746578368969494,ordinary_least_squares,33,constant_average_sigma
0.0023713737056616554,107468.25355649328,6.941701252842904,ordinary_least_squares,33,constant_average_sigma
0.0031622776601683794,107469.65380579905,8.341950558620738,ordinary_least_squares,33,constant_average_sigma
0.004216965034285823,107471.73743794764,10.42558270720474,ordinary_least_squares,33,constant_average_sigma
0.005623413251903491,107475.51109344902,14.199238208588213,ordinary_least_squares,33,constant_average_sigma
0.007498942093324558,107482.56757516597,21.25571992553887,ordinary_least_squares,33,constant_average_sigma
0.01,107494.88190923641,33.57005399597983,ordinary_least_squares,33,constant_average_sigma
0.01333521432163324,107514.6167794119,53.30492417146161,ordinary_least_squares,33,constant_average_sigma
0.01778279410038923,107543.91416309112,82.60230785068416,ordinary_least_squares,33,constant_average_sigma
0.023713737056616554,107584.1835668853,122.8717116448679,ordinary_least_squares,33,constant_average_sigma
0.03162277660168379,107634.69317536132,173.38132012088317,ordinary_least_squares,33,constant_average_sigma
0.042169650342858224,107691.2556446624,229.94378942195908,ordinary_least_squares,33,constant_average_sigma
0.05623413251903491,107746.56552607578,285.25367083534366,ordinary_least_squares,33,constant_average_sigma
0.07498942093324558,107793.20681428318,331.894959042751,ordinary_least_squares,33,constant_average_sigma
0.1,107827.4901050783,366.17824983785977,ordinary_least_squares,33,constant_average_sigma
1e-06,0.24253431202363082,0.018652784101927944,ordinary_least_squares,34,constant_average_sigma
1.333521432163324e-06,0.24252106660347086,0.018639538681767986,ordinary_least_squares,34,constant_average_sigma
1.778279410038923e-06,0.24250341057219207,0.018621882650489197,ordinary_least_squares,34,constant_average_sigma
2.3713737056616552e-06,0.24247987832287274,0.01859835040116986,ordinary_least_squares,34,constant_average_sigma
3.162277660168379e-06,0.24244851975373363,0.018566991832030755,ordinary_least_squares,34,constant_average_sigma
4.216965034285822e-06,0.24240674187743846,0.018525213955735587,ordinary_least_squares,34,constant_average_sigma
5.623413251903491e-06,0.2423511003470445,0.018469572425341613,ordinary_least_squares,34,constant_average_sigma
7.498942093324558e-06,0.24227702598255416,0.01839549806085128,ordinary_least_squares,34,constant_average_sigma
1e-05,0.24217846828136014,0.01829694035965726,ordinary_least_squares,34,constant_average_sigma
1.333521432163324e-05,0.2420474345745553,0.01816590665285242,ordinary_least_squares,34,constant_average_sigma
1.778279410038923e-05,0.24187340147852116,0.017991873556818277,ordinary_least_squares,34,constant_average_sigma
2.3713737056616554e-05,0.2416425763403956,0.01776104841869272,ordinary_least_squares,34,constant_average_sigma
3.1622776601683795e-05,0.2413369950623842,0.01745546714068133,ordinary_least_squares,34,constant_average_sigma
4.216965034285822e-05,0.24093346684650846,0.017051938924805582,ordinary_least_squares,34,constant_average_sigma
5.623413251903491e-05,0.24040243155039012,0.016520903628687245,ordinary_least_squares,34,constant_average_sigma
7.498942093324559e-05,0.23970691033619154,0.015825382414488665,ordinary_least_squares,34,constant_average_sigma
0.0001,0.2388019583918612,0.014920430470158313,ordinary_least_squares,34,constant_average_sigma
0.0001333521432163324,0.23763546807759128,0.013753940155888406,ordinary_least_squares,34,constant_average_sigma
0.00017782794100389227,0.23615200057468272,0.012270472652979841,ordinary_least_squares,34,constant_average_sigma
0.00023713737056616554,0.2343028624785988,0.010421334556895923,ordinary_least_squares,34,constant_average_sigma
0.00031622776601683794,0.23206843533211768,0.008186907410414807,ordinary_least_squares,34,constant_average_sigma
0.00042169650342858224,0.2295036594598132,0.005622131538110309,ordinary_least_squares,34,constant_average_sigma
0.0005623413251903491,0.22682560232744858,0.0029440744057457058,ordinary_least_squares,34,constant_average_sigma
0.0007498942093324559,0.22457342916585707,0.0006919012441541916,ordinary_least_squares,34,constant_average_sigma
0.001,0.22388152792170288,0.0,ordinary_least_squares,34,constant_average_sigma
0.001333521432163324,0.22689754009590457,0.003016012174201693,ordinary_least_squares,34,constant_average_sigma
0.0017782794100389228,0.23730176398907157,0.013420236067368696,ordinary_least_squares,34,constant_average_sigma
0.0023713737056616554,0.2606760656676667,0.036794537745963835,ordinary_least_squares,34,constant_average_sigma
0.0031622776601683794,0.304130654838348,0.08024912691664512,ordinary_least_squares,34,constant_average_sigma
0.004216965034285823,0.37435134088187755,0.15046981296017467,ordinary_least_squares,34,constant_average_sigma
0.005623413251903491,0.4737432004186632,0.2498616724969603,ordinary_least_squares,34,constant_average_sigma
0.007498942093324558,0.596664770082525,0.37278324216082215,ordinary_least_squares,34,constant_average_sigma
0.01,0.7301607724706608,0.5062792445489579,ordinary_least_squares,34,constant_average_sigma
0.01333521432163324,0.8601656716307158,0.6362841437090129,ordinary_least_squares,34,constant_average_sigma
0.01778279410038923,0.9775957961285074,0.7537142682068045,ordinary_least_squares,34,constant_average_sigma
0.023713737056616554,1.0795540934675028,0.8556725655457998,ordinary_least_squares,34,constant_average_sigma
0.03162277660168379,1.1666566339973417,0.9427751060756387,ordinary_least_squares,34,constant_average_sigma
0.042169650342858224,1.2405267765897943,1.0166452486680915,ordinary_least_squares,34,constant_average_sigma
0.05623413251903491,1.3036163764272302,1.0797348485055274,ordinary_least_squares,34,constant_average_sigma
0.07498942093324558,1.3597899747255202,1.1359084468038174,ordinary_least_squares,34,constant_average_sigma
0.1,1.413684248116961,1.1898027201952581,ordinary_least_squares,34,constant_average_sigma
1e-06,0.07977641117116319,0.0013273230165632144,ordinary_least_squares,35,constant_average_sigma
1.333521432163324e-06,0.07977549423562966,0.0013264060810296852,ordinary_least_squares,35,constant_average_sigma
1.778279410038923e-06,0.0797742719651971,0.0013251838105971248,ordinary_least_squares,35,constant_average_sigma
2.3713737056616552e-06,0.0797726428986989,0.001323554744098926,ordinary_least_squares,35,constant_average_sigma
3.162277660168379e-06,0.07977047202617947,0.0013213838715794984,ordinary_least_squares,35,constant_average_sigma
4.216965034285822e-06,0.07976757982746864,0.0013184916728686685,ordinary_least_squares,35,constant_average_sigma
5.623413251903491e-06,0.07976372783512385,0.0013146396805238797,ordinary_least_squares,35,constant_average_sigma
7.498942093324558e-06,0.07975859968692,0.0013095115323200346,ordinary_least_squares,35,constant_average_sigma
1e-05,0.07975177642859188,0.0013026882739919088,ordinary_least_squares,35,constant_average_sigma
1.333521432163324e-05,0.07974270457388462,0.001293616419284646,ordinary_least_squares,35,constant_average_sigma
1.778279410038923e-05,0.07973065528847569,0.0012815671338757134,ordinary_least_squares,35,constant_average_sigma
2.3713737056616554e-05,0.07971467312727923,0.0012655849726792567,ordinary_least_squares,35,constant_average_sigma
3.1622776601683795e-05,0.07969351331778032,0.0012444251631803516,ordinary_least_squares,35,constant_average_sigma
4.216965034285822e-05,0.07966556819556583,0.0012164800409658616,ordinary_least_squares,35,constant_average_sigma
5.623413251903491e-05,0.07962878708509599,0.0011796989304960204,ordinary_least_squares,35,constant_average_sigma
7.498942093324559e-05,0.07958060159850806,0.0011315134439080915,ordinary_least_squares,35,constant_average_sigma
0.0001,0.07951788352928367,0.0010687953746836981,ordinary_least_squares,35,constant_average_sigma
0.0001333521432163324,0.07943699169808298,0.000987903543483007,ordinary_least_squares,35,constant_average_sigma
0.00017782794100389227,0.07933401893545199,0.000884930780852014,ordinary_least_squares,35,constant_average_sigma
0.00023713737056616554,0.07920545159392559,0.0007563634393256136,ordinary_least_squares,35,constant_average_sigma
0.00031622776601683794,0.07904963721590977,0.0006005490613097964,ordinary_least_squares,35,constant_average_sigma
0.00042169650342858224,0.07886977840297668,0.00042069024837670943,ordinary_least_squares,35,constant_average_sigma
0.0005623413251903491,0.0786797100946561,0.00023062194005613046,ordinary_least_squares,35,constant_average_sigma
0.0007498942093324559,0.07851452959992604,6.54414453260671e-05,ordinary_least_squares,35,constant_average_sigma
0.001,0.07844908815459997,0.0,ordinary_least_squares,35,constant_average_sigma
0.001333521432163324,0.07862753616821973,0.00017844801361975582,ordinary_least_squares,35,constant_average_sigma
0.0017782794100389228,0.07930381608936377,0.0008547279347637937,ordinary_least_squares,35,constant_average_sigma
0.0023713737056616554,0.08088066541789889,0.0024315772632989147,ordinary_least_squares,35,constant_average_sigma
0.0031622776601683794,0.08390782348277309,0.00545873532817312,ordinary_least_squares,35,constant_average_sigma
0.004216965034285823,0.08896909154652163,0.010520003391921662,ordinary_least_squares,35,constant_average_sigma
0.005623413251903491,0.09641657471547531,0.017967486560875337,ordinary_least_squares,35,constant_average_sigma
0.007498942093324558,0.10609803167320729,0.02764894351860732,ordinary_least_squares,35,constant_average_sigma
0.01,0.11740081485371258,0.03895172669911261,ordinary_least_squares,35,constant_average_sigma
0.01333521432163324,0.1296134874735795,0.051164399318979537,ordinary_least_squares,35,constant_average_sigma
0.01778279410038923,0.14214999761047503,0.06370090945587506,ordinary_least_squares,35,constant_average_sigma
0.023713737056616554,0.15451675864279169,0.07606767048819171,ordinary_least_squares,35,constant_average_sigma
0.03162277660168379,0.16632199536279246,0.08787290720819249,ordinary_least_squares,35,constant_average_sigma
0.042169650342858224,0.17734665634649152,0.09889756819189155,ordinary_least_squares,35,constant_average_sigma
0.05623413251903491,0.18751864691325465,0.10906955875865468,ordinary_least_squares,35,constant_average_sigma
0.07498942093324558,0.19682371788122444,0.11837462972662446,ordinary_least_squares,35,constant_average_sigma
0.1,0.20524755584196464,0.12679846768736466,ordinary_least_squares,35,constant_average_sigma
1e-06,0.001972468302985095,3.2206288703408303e-05,ordinary_least_squares,36,constant_average_sigma
1.333521432163324e-06,0.001972444123775525,3.2182109493838e-05,ordinary_least_squares,36,constant_average_sigma
1.778279410038923e-06,0.001972411894052978,3.2149879771290954e-05,ordinary_least_squares,36,constant_average_sigma
2.3713737056616552e-06,0.001972368939450578,3.210692516889121e-05,ordinary_least_squares,36,constant_average_sigma
3.162277660168379e-06,0.0019723117019597824,3.20496876780956e-05,ordinary_least_squares,36,constant_average_sigma
4.216965034285822e-06,0.0019722354517802544,3.1973437498567566e-05,ordinary_least_squares,36,constant_average_sigma
5.623413251903491e-06,0.001972133907860788,3.187189357910106e-05,ordinary_least_squares,36,constant_average_sigma
7.498942093324558e-06,0.001971998741161392,3.1736726879704955e-05,ordinary_least_squares,36,constant_average_sigma
1e-05,0.001971818928040536,3.155691375884926e-05,ordinary_least_squares,36,constant_average_sigma
1.333521432163324e-05,0.0019715799165575397,3.131790227585288e-05,ordinary_least_squares,36,constant_average_sigma
1.778279410038923e-05,0.0019712625654012606,3.10005511195738e-05,ordinary_least_squares,36,constant_average_sigma
2.3713737056616554e-05,0.0019708418194014942,3.057980511980739e-05,ordinary_least_squares,36,constant_average_sigma
3.1622776601683795e-05,0.001970285104617981,3.0023090336294116e-05,ordinary_least_squares,36,constant_average_sigma
4.216965034285822e-05,0.0019695504761867893,2.928846190510242e-05,ordinary_least_squares,36,constant_average_sigma
5.623413251903491e-05,0.001968584663118407,2.832264883672036e-05,ordinary_least_squares,36,constant_average_sigma
7.498942093324559e-05,0.0019673213816616035,2.7059367379916703e-05,ordinary_least_squares,36,constant_average_sigma
0.0001,0.0019656807342456803,2.5418719963993513e-05,ordinary_least_squares,36,constant_average_sigma
0.0001333521432163324,0.0019635713589442718,2.3309344662584934e-05,ordinary_least_squares,36,constant_average_sigma
0.00017782794100389227,0.001960898572908675,2.0636558626988075e-05,ordinary_least_squares,36,constant_average_sigma
0.00023713737056616554,0.001957584627088625,1.7322612806938177e-05,ordinary_least_squares,36,constant_average_sigma
0.00031622776601683794,0.001953612265713844,1.3350251432157293e-05,ordinary_least_squares,36,constant_average_sigma
0.00042169650342858224,0.0019491112993133494,8.849285031662562e-06,ordinary_least_squares,36,constant_average_sigma
0.0005623413251903491,0.0019445207866097027,4.258772328015817e-06,ordinary_least_squares,36,constant_average_sigma
0.0007498942093324559,0.0019408745615404337,6.125472587468778e-07,ordinary_least_squares,36,constant_average_sigma
0.001,0.0019402620142816868,0.0,ordinary_least_squares,36,constant_average_sigma
0.001333521432163324,0.0019464686713211918,6.206657039504971e-06,ordinary_least_squares,36,constant_average_sigma
0.0017782794100389228,0.00196562225506596,2.536024078427304e-05,ordinary_least_squares,36,constant_average_sigma
0.0023713737056616554,0.00200630287835529,6.604086407360332e-05,ordinary_least_squares,36,constant_average_sigma
0.0031622776601683794,0.002078291404547187,0.00013802939026550005,ordinary_least_squares,36,constant_average_sigma
0.004216965034285823,0.002189925828958256,0.00024966381467656906,ordinary_least_squares,36,constant_average_sigma
0.005623413251903491,0.0023462004137491726,0.0004059383994674858,ordinary_least_squares,36,constant_average_sigma
0.007498942093324558,0.0025493320596440034,0.0006090700453623165,ordinary_least_squares,36,constant_average_sigma
0.01,0.0027984074744712194,0.0008581454601895326,ordinary_least_squares,36,constant_average_sigma
0.01333521432163324,0.0030850199248748,0.0011447579105931132,ordinary_least_squares,36,constant_average_sigma
0.01778279410038923,0.003390837983062346,0.0014505759687806594,ordinary_least_squares,36,constant_average_sigma
0.023713737056616554,0.003693832045658074,0.001753570031376387,ordinary_least_squares,36,constant_average_sigma
0.03162277660168379,0.003977162365197514,0.002036900350915827,ordinary_least_squares,36,constant_average_sigma
0.042169650342858224,0.004231114778125568,0.002290852763843881,ordinary_least_squares,36,constant_average_sigma
0.05623413251903491,0.004450699755982836,0.002510437741701149,ordinary_least_squares,36,constant_average_sigma
0.07498942093324558,0.004635283894164899,0.002695021879883212,ordinary_least_squares,36,constant_average_sigma
0.1,0.004788946315772353,0.0028486843014906664,ordinary_least_squares,36,constant_average_sigma
1e-06,0.22518245403868806,8.783390219882503e-05,ordinary_least_squares,37,constant_average_sigma
1.333521432163324e-06,0.22518236077091738,8.774063442815172e-05,ordinary_least_squares,37,constant_average_sigma
1.778279410038923e-06,0.2251822364770335,8.761634054427203e-05,ordinary_least_squares,37,constant_average_sigma
2.3713737056616552e-06,0.2251820708605236,8.745072403437693e-05,ordinary_least_squares,37,constant_average_sigma
3.162277660168379e-06,0.22518185024754458,8.723011105535305e-05,ordinary_least_squares,37,constant_average_sigma
4.216965034285822e-06,0.2251815564805786,8.693634408937778e-05,ordinary_least_squares,37,constant_average_sigma
5.623413251903491e-06,0.22518116549314945,8.654535666022256e-05,ordinary_least_squares,37,constant_average_sigma
7.498942093324558e-06,0.22518064544885966,8.602531237042466e-05,ordinary_least_squares,37,constant_average_sigma
1e-05,0.22517995435205895,8.53342155697212e-05,ordinary_least_squares,37,constant_average_sigma
1.333521432163324e-05,0.22517903701682102,8.441688033178352e-05,ordinary_least_squares,37,constant_average_sigma
1.778279410038923e-05,0.22517782130174158,8.320116525234456e-05,ordinary_least_squares,37,constant_average_sigma
2.3713737056616554e-05,0.22517621358401876,8.159344752953213e-05,ordinary_least_squares,37,constant_average_sigma
3.1622776601683795e-05,0.22517409360538476,7.947346889553009e-05,ordinary_least_squares,37,constant_average_sigma
4.216965034285822e-05,0.2251713091624146,7.668902592536386e-05,ordinary_least_squares,37,constant_average_sigma
5.623413251903491e-05,0.2251676718122778,7.305167578855465e-05,ordinary_least_squares,37,constant_average_sigma
7.498942093324559e-05,0.2251629561053691,6.833596887986793e-05,ordinary_least_squares,37,constant_average_sigma
0.0001,0.22515690739182476,6.22872553355247e-05,ordinary_least_squares,37,constant_average_sigma
0.0001333521432163324,0.22514926795874687,5.4647822257641865e-05,ordinary_least_squares,37,constant_average_sigma
0.00017782794100389227,0.22513983990886421,4.5219772374982536e-05,ordinary_least_squares,37,constant_average_sigma
0.00023713737056616554,0.22512861896264763,3.3998826158399e-05,ordinary_least_squares,37,constant_average_sigma
0.00031622776601683794,0.22511606194713538,2.1441810646144477e-05,ordinary_least_squares,37,constant_average_sigma
0.00042169650342858224,0.22510360227182044,8.982135331209173e-06,ordinary_least_squares,37,constant_average_sigma
0.0005623413251903491,0.22509462013648923,0.0,ordinary_least_squares,37,constant_average_sigma
0.0007498942093324559,0.22509623882378124,1.6186872920098683e-06,ordinary_least_squares,37,constant_average_sigma
0.001,0.22512260789847133,2.7987761982095627e-05,ordinary_least_squares,37,constant_average_sigma
0.001333521432163324,0.22520083146022732,0.00010621132373808684,ordinary_least_squares,37,constant_average_sigma
0.0017782794100389228,0.22538151552425656,0.0002868953877673275,ordinary_least_squares,37,constant_average_sigma
0.0023713737056616554,0.22575712119538632,0.0006625010588970914,ordinary_least_squares,37,constant_average_sigma
0.0031622776601683794,0.22649270223867804,0.001398082102188808,ordinary_least_squares,37,constant_average_sigma
0.004216965034285823,0.2278738439528618,0.002779223816372578,ordinary_least_squares,37,constant_average_sigma
0.005623413251903491,0.23037136967891564,0.005276749542426407,ordinary_least_squares,37,constant_average_sigma
0.007498942093324558,0.23470223796574952,0.009607617829260284,ordinary_least_squares,37,constant_average_sigma
0.01,0.24182279279531774,0.016728172658828505,ordinary_least_squares,37,constant_average_sigma
0.01333521432163324,0.25275233170501005,0.027657711568520815,ordinary_least_squares,37,constant_average_sigma
0.01778279410038923,0.268199124311392,0.04310450417490275,ordinary_least_squares,37,constant_average_sigma
0.023713737056616554,0.2882053404290023,0.06311072029251308,ordinary_least_squares,37,constant_average_sigma
0.03162277660168379,0.3121595733244813,0.08706495318799207,ordinary_least_squares,37,constant_average_sigma
0.042169650342858224,0.3391954178107545,0.11410079767426529,ordinary_least_squares,37,constant_average_sigma
0.05623413251903491,0.3684622699450565,0.14336764980856725,ordinary_least_squares,37,constant_average_sigma
0.07498942093324558,0.3988019544838484,0.1737073343473592,ordinary_least_squares,37,constant_average_sigma
0.1,0.428258220486243,0.20316360034975378,ordinary_least_squares,37,constant_average_sigma
1e-06,0.22289694172633762,0.0001808448690450437,ordinary_least_squares,38,constant_average_sigma
1.333521432163324e-06,0.22289682418395096,0.00018072732665838642,ordinary_least_squares,38,constant_average_sigma
1.778279410038923e-06,0.2228966674933229,0.00018057063603033052,ordinary_least_squares,38,constant_average_sigma
2.3713737056616552e-06,0.2228964586468397,0.00018036178954713988,ordinary_least_squares,38,constant_average_sigma
3.162277660168379e-06,0.22289618033351352,0.0001800834762209491,ordinary_least_squares,38,constant_average_sigma
4.216965034285822e-06,0.22289580952847113,0.00017971267117855572,ordinary_least_squares,38,constant_average_sigma
5.623413251903491e-06,0.22289531564271786,0.00017921878542528913,ordinary_least_squares,38,constant_average_sigma
7.498942093324558e-06,0.222894658084549,0.00017856122725642964,ordinary_least_squares,38,constant_average_sigma
1e-05,0.22289378308370064,0.0001776862264080692,ordinary_least_squares,38,constant_average_sigma
1.333521432163324e-05,0.22289261957067133,0.00017652271337875725,ordinary_least_squares,38,constant_average_sigma
1.778279410038923e-05,0.22289107390456003,0.00017497704726746055,ordinary_least_squares,38,constant_average_sigma
2.3713737056616554e-05,0.2228890232253184,0.00017292636802582195,ordinary_least_squares,38,constant_average_sigma
3.1622776601683795e-05,0.22288630727486947,0.0001702104175768937,ordinary_least_squares,38,constant_average_sigma
4.216965034285822e-05,0.22288271871147122,0.00016662185417865016,ordinary_least_squares,38,constant_average_sigma
5.623413251903491e-05,0.22287799236656675,0.00016189550927417362,ordinary_least_squares,38,constant_average_sigma
7.498942093324559e-05,0.22287179478592561,0.00015569792863304177,ordinary_least_squares,38,constant_average_sigma
0.0001,0.22286371716814757,0.0001476203108549956,ordinary_least_squares,38,constant_average_sigma
0.0001333521432163324,0.22285327821641268,0.00013718135912010876,ordinary_least_squares,38,constant_average_sigma
0.00017782794100389227,0.222839949801763,0.00012385294447042616,ordinary_least_squares,38,constant_average_sigma
0.00023713737056616554,0.2228232301599371,0.0001071333026445298,ordinary_least_squares,38,constant_average_sigma
0.00031622776601683794,0.22280281101001898,8.67141527264026e-05,ordinary_least_squares,38,constant_average_sigma
0.00042169650342858224,0.222778924386888,6.282752959543836e-05,ordinary_least_squares,38,constant_average_sigma
0.0005623413251903491,0.22275302615208942,3.69292947968447e-05,ordinary_least_squares,38,constant_average_sigma
0.0007498942093324559,0.22272910066660365,1.3003809311074033e-05,ordinary_least_squares,38,constant_average_sigma
0.001,0.22271609685729257,0.0,ordinary_least_squares,38,constant_average_sigma
0.001333521432163324,0.22273239718585433,1.6300328561758004e-05,ordinary_least_squares,38,constant_average_sigma
0.0017782794100389228,0.22281387222367388,9.777536638130857e-05,ordinary_least_squares,38,constant_average_sigma
0.0023713737056616554,0.22302806943886222,0.00031197258156964724,ordinary_least_squares,38,constant_average_sigma
0.0031622776601683794,0.22349832302008266,0.0007822261627900839,ordinary_least_squares,38,constant_average_sigma
0.004216965034285823,0.2244421793015248,0.0017260824442322242,ordinary_least_squares,38,constant_average_sigma
0.005623413251903491,0.2262254371165706,0.0035093402592780154,ordinary_least_squares,38,constant_average_sigma
0.007498942093324558,0.22941906800305503,0.00670297114576246,ordinary_least_squares,38,constant_average_sigma
0.01,0.23481281128915057,0.012096714431858002,ordinary_least_squares,38,constant_average_sigma
0.01333521432163324,0.24330029459353664,0.020584197736244064,ordinary_least_squares,38,constant_average_sigma
0.01778279410038923,0.2555815777062577,0.03286548084896515,ordinary_least_squares,38,constant_average_sigma
0.023713737056616554,0.2718003798448704,0.049084282987577804,ordinary_least_squares,38,constant_average_sigma
0.03162277660168379,0.291403072317475,0.0686869754601824,ordinary_least_squares,38,constant_average_sigma
0.042169650342858224,0.31344200459354576,0.09072590773625319,ordinary_least_squares,38,constant_average_sigma
0.05623413251903491,0.3371969552247695,0.11448085836747693,ordinary_least_squares,38,constant_average_sigma
0.07498942093324558,0.3624836590685459,0.13976756221125333,ordinary_least_squares,38,constant_average_sigma
0.1,0.3890429890719188,0.16632689221462624,ordinary_least_squares,38,constant_average_sigma
1e-06,0.5153012269233009,0.044425306662845,ordinary_least_squares,39,constant_average_sigma
1.333521432163324e-06,0.5152688010204878,0.04439288076003184,ordinary_least_squares,39,constant_average_sigma
1.778279410038923e-06,0.515225577151001,0.0443496568905451,ordinary_least_squares,39,constant_average_sigma
2.3713737056616552e-06,0.5151679671163277,0.04429204685587179,ordinary_least_squares,39,constant_average_sigma
3.162277660168379e-06,0.5150911960474087,0.04421527578695278,ordinary_least_squares,39,constant_average_sigma
4.216965034285822e-06,0.5149889147511045,0.044112994490648594,ordinary_least_squares,39,constant_average_sigma
5.623413251903491e-06,0.5148526887079976,0.04397676844754167,ordinary_least_squares,39,constant_average_sigma
7.498942093324558e-06,0.5146713278184704,0.04379540755801442,ordinary_least_squares,39,constant_average_sigma
1e-05,0.5144300122105391,0.04355409195008314,ordinary_least_squares,39,constant_average_sigma
1.333521432163324e-05,0.5141091617945893,0.04323324153413338,ordinary_least_squares,39,constant_average_sigma
1.778279410038923e-05,0.5136829916297124,0.04280707136925649,ordinary_least_squares,39,constant_average_sigma
2.3713737056616554e-05,0.5131176981137059,0.04224177785324995,ordinary_least_squares,39,constant_average_sigma
3.1622776601683795e-05,0.5123692422696684,0.04149332200921246,ordinary_least_squares,39,constant_average_sigma
4.216965034285822e-05,0.51138075701578,0.04050483675532407,ordinary_least_squares,39,constant_average_sigma
5.623413251903491e-05,0.5100797450463166,0.03920382478586065,ordinary_least_squares,39,constant_average_sigma
7.498942093324559e-05,0.5083755283177317,0.03749960805727576,ordinary_least_squares,39,constant_average_sigma
0.0001,0.5061580017676743,0.0352820815072184,ordinary_least_squares,39,constant_average_sigma
0.0001333521432163324,0.50329989910273,0.03242397884227405,ordinary_least_squares,39,constant_average_sigma
0.00017782794100389227,0.4996669849111802,0.028791064650724285,ordinary_least_squares,39,constant_average_sigma
0.00023713737056616554,0.49514470356558987,0.024268783305133934,ordinary_least_squares,39,constant_average_sigma
0.00031622776601683794,0.4896972182422588,0.018821297981802876,ordinary_least_squares,39,constant_average_sigma
0.00042169650342858224,0.4834871872926587,0.012611267032202778,ordinary_least_squares,39,constant_average_sigma
0.0005623413251903491,0.47710245508655913,0.006226534826103192,ordinary_least_squares,39,constant_average_sigma
0.0007498942093324559,0.47195186445394377,0.0010759441934878322,ordinary_least_squares,39,constant_average_sigma
0.001,0.47087592026045594,0.0,ordinary_least_squares,39,constant_average_sigma
0.001333521432163324,0.47889362719054573,0.008017706930089796,ordinary_least_squares,39,constant_average_sigma
0.0017782794100389228,0.5036834857453092,0.03280756548485325,ordinary_least_squares,39,constant_average_sigma
0.0023713737056616554,0.5549854871432761,0.08410956688282017,ordinary_least_squares,39,constant_average_sigma
0.0031622776601683794,0.6421840681926729,0.171308147932217,ordinary_least_squares,39,constant_average_sigma
0.004216965034285823,0.7702781970777681,0.2994022768173122,ordinary_least_squares,39,constant_average_sigma
0.005623413251903491,0.93590930732196,0.46503338706150404,ordinary_least_squares,39,constant_average_sigma
0.007498942093324558,1.1271565401973964,0.6562806199369404,ordinary_least_squares,39,constant_average_sigma
0.01,1.329834813797891,0.858958893537435,ordinary_least_squares,39,constant_average_sigma
0.01333521432163324,1.5352849175474168,1.0644089972869608,ordinary_least_squares,39,constant_average_sigma
0.01778279410038923,1.7420673078308342,1.2711913875703782,ordinary_least_squares,39,constant_average_sigma
0.023713737056616554,1.9527195085286353,1.4818435882681793,ordinary_least_squares,39,constant_average_sigma
0.03162277660168379,2.1714777079338203,1.7006017876733643,ordinary_least_squares,39,constant_average_sigma
0.042169650342858224,2.403755368829103,1.9328794485686471,ordinary_least_squares,39,constant_average_sigma
0.05623413251903491,2.654500180025779,2.183624259765323,ordinary_least_squares,39,constant_average_sigma
0.07498942093324558,2.9252502981573674,2.4543743778969116,ordinary_least_squares,39,constant_average_sigma
0.1,3.2110218698202213,2.7401459495597655,ordinary_least_squares,39,constant_average_sigma
1e-06,8.762473665372045,1.8341490024809728,ordinary_least_squares,40,constant_average_sigma
1.333521432163324e-06,8.761381670365159,1.8330570074740864,ordinary_least_squares,40,constant_average_sigma
1.778279410038923e-06,8.759925949183378,1.8316012862923055,ordinary_least_squares,40,constant_average_sigma
2.3713737056616552e-06,8.757985567092215,1.829660904201142,ordinary_least_squares,40,constant_average_sigma
3.162277660168379e-06,8.755399537259258,1.8270748743681855,ordinary_least_squares,40,constant_average_sigma
4.216965034285822e-06,8.75195370258227,1.8236290396911974,ordinary_least_squares,40,constant_average_sigma
5.623413251903491e-06,8.74736339547873,1.819038732587658,ordinary_least_squares,40,constant_average_sigma
7.498942093324558e-06,8.74125063718226,1.8129259742911872,ordinary_least_squares,40,constant_average_sigma
1e-05,8.733114291557037,1.8047896286659642,ordinary_least_squares,40,constant_average_sigma
1.333521432163324e-05,8.722291254236696,1.7939665913456233,ordinary_least_squares,40,constant_average_sigma
1.778279410038923e-05,8.707906469402207,1.7795818065111346,ordinary_least_squares,40,constant_average_sigma
2.3713737056616554e-05,8.688809434908462,1.7604847720173895,ordinary_least_squares,40,constant_average_sigma
3.1622776601683795e-05,8.663495166419498,1.7351705035284253,ordinary_least_squares,40,constant_average_sigma
4.216965034285822e-05,8.630008877240368,1.701684214349295,ordinary_least_squares,40,constant_average_sigma
5.623413251903491e-05,8.58583689436405,1.6575122314729773,ordinary_least_squares,40,constant_average_sigma
7.498942093324559e-05,8.527793512083658,1.5994688491925855,ordinary_least_squares,40,constant_average_sigma
0.0001,8.45192814893841,1.523603486047338,ordinary_least_squares,40,constant_average_sigma
0.0001333521432163324,8.353505968860608,1.4251813059695353,ordinary_least_squares,40,constant_average_sigma
0.00017782794100389227,8.227170196592779,1.298845533701706,ordinary_least_squares,40,constant_average_sigma
0.00023713737056616554,8.06749758485282,1.1391729219617472,ordinary_least_squares,40,constant_average_sigma
0.00031622776601683794,7.87034796253243,0.9420232996413578,ordinary_least_squares,40,constant_average_sigma
0.00042169650342858224,7.635746190823116,0.707421527932043,ordinary_least_squares,40,constant_average_sigma
0.0005623413251903491,7.373604017621704,0.44527935473063174,ordinary_least_squares,40,constant_average_sigma
0.0007498942093324559,7.114449395687324,0.18612473279625164,ordinary_least_squares,40,constant_average_sigma
0.001,6.928324662891073,0.0,ordinary_least_squares,40,constant_average_sigma
0.001333521432163324,6.955269327014486,0.026944664123413453,ordinary_least_squares,40,constant_average_sigma
0.0017782794100389228,7.447971076709153,0.5196464138180801,ordinary_least_squares,40,constant_average_sigma
0.0023713737056616554,8.817426884047194,1.8891022211561213,ordinary_least_squares,40,constant_average_sigma
0.0031622776601683794,11.653333009301143,4.72500834641007,ordinary_least_squares,40,constant_average_sigma
0.004216965034285823,16.67029552796648,9.741970865075409,ordinary_least_squares,40,constant_average_sigma
0.005623413251903491,24.542382903380286,17.614058240489214,ordinary_least_squares,40,constant_average_sigma
0.007498942093324558,35.655948351937646,28.727623689046574,ordinary_least_squares,40,constant_average_sigma
0.01,49.86002597684177,42.9317013139507,ordinary_least_squares,40,constant_average_sigma
0.01333521432163324,66.31814741478438,59.389822751893306,ordinary_least_squares,40,constant_average_sigma
0.01778279410038923,83.64975012939044,76.72142546649937,ordinary_least_squares,40,constant_average_sigma
0.023713737056616554,100.45365943569672,93.52533477280565,ordinary_least_squares,40,constant_average_sigma
0.03162277660168379,115.93911030955032,109.01078564665924,ordinary_least_squares,40,constant_average_sigma
0.042169650342858224,130.17549659965218,123.2471719367611,ordinary_least_squares,40,constant_average_sigma
0.05623413251903491,143.76771045776997,136.8393857948789,ordinary_least_squares,40,constant_average_sigma
0.07498942093324558,157.30085343477032,150.37252877187925,ordinary_least_squares,40,constant_average_sigma
0.1,171.02291150511851,164.09458684222744,ordinary_least_squares,40,constant_average_sigma
1e-06,298109.0829695417,0.0,ordinary_least_squares,41,constant_average_sigma
1.333521432163324e-06,298109.0900881974,0.007118655659724027,ordinary_least_squares,41,constant_average_sigma
1.778279410038923e-06,298109.0995817809,0.016612239181995392,ordinary_least_squares,41,constant_average_sigma
2.3713737056616552e-06,298109.11224186816,0.029272326442878693,ordinary_least_squares,41,constant_average_sigma
3.162277660168379e-06,298109.1291252699,0.04615572816692293,ordinary_least_squares,41,constant_average_sigma
4.216965034285822e-06,298109.1516409726,0.06867143086856231,ordinary_least_squares,41,constant_average_sigma
5.623413251903491e-06,298109.1816684103,0.09869886859087273,ordinary_least_squares,41,constant_average_sigma
7.498942093324558e-06,298109.2217149467,0.13874540495453402,ordinary_least_squares,41,constant_average_sigma
1e-05,298109.27512529085,0.1921557491295971,ordinary_least_squares,41,constant_average_sigma
1.333521432163324e-05,298109.3463621747,0.2633926330017857,ordinary_least_squares,41,constant_average_sigma
1.778279410038923e-05,298109.4413813227,0.35841178096598014,ordinary_least_squares,41,constant_average_sigma
2.3713737056616554e-05,298109.5681319224,0.4851623806753196,ordinary_least_squares,41,constant_average_sigma
3.1622776601683795e-05,298109.73722757533,0.654258033609949,ordinary_least_squares,41,constant_average_sigma
4.216965034285822e-05,298109.9628435069,0.8798739651683718,ordinary_least_squares,41,constant_average_sigma
5.623413251903491e-05,298110.26391944895,1.1809499072260223,ordinary_least_squares,41,constant_average_sigma
7.498942093324559e-05,298110.665771542,1.5828020002809353,ordinary_least_squares,41,constant_average_sigma
0.0001,298111.2022524697,2.119282928004395,ordinary_least_squares,41,constant_average_sigma
0.0001333521432163324,298111.9186399704,2.835670428699814,ordinary_least_squares,41,constant_average_sigma
0.00017782794100389227,298112.87547899666,3.792509454942774,ordinary_least_squares,41,constant_average_sigma
0.00023713737056616554,298114.1536318849,5.070662343176082,ordinary_least_squares,41,constant_average_sigma
0.00031622776601683794,298115.86075461813,6.77778507641051,ordinary_least_squares,41,constant_average_sigma
0.00042169650342858224,298118.13919409504,9.056224553321954,ordinary_least_squares,41,constant_average_sigma
0.0005623413251903491,298121.1746347699,12.091665228188504,ordinary_least_squares,41,constant_average_sigma
0.0007498942093324559,298125.20328809577,16.120318554050755,ordinary_least_squares,41,constant_average_sigma
0.001,298130.5127039457,21.429734403965995,ordinary_least_squares,41,constant_average_sigma
0.001333521432163324,298137.42865774385,28.34568820212735,ordinary_least_squares,41,constant_average_sigma
0.0017782794100389228,298146.28437577694,37.20140623522457,ordinary_least_squares,41,constant_average_sigma
0.0023713737056616554,298157.3909913423,48.30802180059254,ordinary_least_squares,41,constant_average_sigma
0.0031622776601683794,298171.07058025897,61.98761071724584,ordinary_least_squares,41,constant_average_sigma
0.004216965034285823,298187.83794971503,78.7549801733112,ordinary_least_squares,41,constant_average_sigma
0.005623413251903491,298208.7641649707,99.6811954290024,ordinary_least_squares,41,constant_average_sigma
0.007498942093324558,298235.83389140153,126.75092185981339,ordinary_least_squares,41,constant_average_sigma
0.01,298271.78299037286,162.7000208311365,ordinary_least_squares,41,constant_average_sigma
0.01333521432163324,298319.06230282015,209.97933327843202,ordinary_least_squares,41,constant_average_sigma
0.01778279410038923,298378.1966025047,269.1136329629808,ordinary_least_squares,41,constant_average_sigma
0.023713737056616554,298446.22091781214,337.1379482704215,ordinary_least_squares,41,constant_average_sigma
0.03162277660168379,298516.4954694638,407.41249992209487,ordinary_least_squares,41,constant_average_sigma
0.042169650342858224,298581.06387003633,471.9809004946146,ordinary_least_squares,41,constant_average_sigma
0.05623413251903491,298634.5879178162,525.5049482744653,ordinary_least_squares,41,constant_average_sigma
0.07498942093324558,298677.04777567595,567.9648061342305,ordinary_least_squares,41,constant_average_sigma
0.1,298713.3546321929,604.2716626511537,ordinary_least_squares,41,constant_average_sigma
1e-06,14.531216658309095,9.713557476174678,ordinary_least_squares,42,constant_average_sigma
1.333521432163324e-06,14.524774557218027,9.70711537508361,ordinary_least_squares,42,constant_average_sigma
1.778279410038923e-06,14.51618704154973,9.698527859415313,ordinary_least_squares,42,constant_average_sigma
2.3713737056616552e-06,14.504741042925145,9.687081860790729,ordinary_least_squares,42,constant_average_sigma
3.162277660168379e-06,14.489487583607568,9.671828401473151,ordinary_least_squares,42,constant_average_sigma
4.216965034285822e-06,14.469164606669459,9.651505424535042,ordinary_least_squares,42,constant_average_sigma
5.623413251903491e-06,14.442095198049518,9.624436015915101,ordinary_least_squares,42,constant_average_sigma
7.498942093324558e-06,14.406053995647836,9.58839481351342,ordinary_least_squares,42,constant_average_sigma
1e-05,14.358092691427965,9.540433509293548,ordinary_least_squares,42,constant_average_sigma
1.333521432163324e-05,14.294313960302551,9.476654778168134,ordinary_least_squares,42,constant_average_sigma
1.778279410038923e-05,14.20958174907474,9.391922566940323,ordinary_least_squares,42,constant_average_sigma
2.3713737056616554e-05,14.097155947788593,9.279496765654176,ordinary_least_squares,42,constant_average_sigma
3.1622776601683795e-05,13.948242760117495,9.130583577983078,ordinary_least_squares,42,constant_average_sigma
4.216965034285822e-05,13.751462322039812,8.933803139905395,ordinary_least_squares,42,constant_average_sigma
5.623413251903491e-05,13.492259271919853,8.674600089785436,ordinary_least_squares,42,constant_average_sigma
7.498942093324559e-05,13.152333269936397,8.33467408780198,ordinary_least_squares,42,constant_average_sigma
0.0001,12.709269495770922,7.891610313636505,ordinary_least_squares,42,constant_average_sigma
0.0001333521432163324,12.13674936545801,7.319090183323594,ordinary_least_squares,42,constant_average_sigma
0.00017782794100389227,11.406101721630254,6.588442539495837,ordinary_least_squares,42,constant_average_sigma
0.00023713737056616554,10.490660727692386,5.67300154555797,ordinary_least_squares,42,constant_average_sigma
0.00031622776601683794,9.375672238044226,4.558013055909809,ordinary_least_squares,42,constant_average_sigma
0.00042169650342858224,8.0786891926541,3.2610300105196828,ordinary_least_squares,42,constant_average_sigma
0.0005623413251903491,6.688851195926723,1.8711920137923066,ordinary_least_squares,42,constant_average_sigma
0.0007498942093324559,5.437825315126443,0.6201661329920265,ordinary_least_squares,42,constant_average_sigma
0.001,4.817659182134417,0.0,ordinary_least_squares,42,constant_average_sigma
0.001333521432163324,5.752990531990931,0.9353313498565141,ordinary_least_squares,42,constant_average_sigma
0.0017782794100389228,9.803818786081095,4.986159603946678,ordinary_least_squares,42,constant_average_sigma
0.0023713737056616554,19.317671432686492,14.500012250552075,ordinary_least_squares,42,constant_average_sigma
0.0031622776601683794,37.396585321243975,32.578926139109555,ordinary_least_squares,42,constant_average_sigma
0.004216965034285823,67.57747046870256,62.75981128656814,ordinary_least_squares,42,constant_average_sigma
0.005623413251903491,113.3800927055614,108.56243352342698,ordinary_least_squares,42,constant_average_sigma
0.007498942093324558,178.05811777250395,173.24045859036954,ordinary_least_squares,42,constant_average_sigma
0.01,264.033964955082,259.2163057729476,ordinary_least_squares,42,constant_average_sigma
0.01333521432163324,370.68991083969274,365.8722516575583,ordinary_least_squares,42,constant_average_sigma
0.01778279410038923,491.5976327925465,486.77997361041207,ordinary_least_squares,42,constant_average_sigma
0.023713737056616554,615.5297903247656,610.7121311426312,ordinary_least_squares,42,constant_average_sigma
0.03162277660168379,732.0336668936071,727.2160077114727,ordinary_least_squares,42,constant_average_sigma
0.042169650342858224,835.6604482587722,830.8427890766378,ordinary_least_squares,42,constant_average_sigma
0.05623413251903491,925.4097427856935,920.5920836035591,ordinary_least_squares,42,constant_average_sigma
0.07498942093324558,1002.245982690678,997.4283235085436,ordinary_least_squares,42,constant_average_sigma
0.1,1067.2972725432023,1062.479613361068,ordinary_least_squares,42,constant_average_sigma
1e-06,4.576819072520949,0.9628150583973403,ordinary_least_squares,43,constant_average_sigma
1.333521432163324e-06,4.576170009178894,0.9621659950552859,ordinary_least_squares,43,constant_average_sigma
1.778279410038923e-06,4.575304799386764,0.9613007852631554,ordinary_least_squares,43,constant_average_sigma
2.3713737056616552e-06,4.574151609195585,0.9601475950719767,ordinary_least_squares,43,constant_average_sigma
3.162277660168379e-06,4.5726148441079975,0.958610829984389,ordinary_least_squares,43,constant_average_sigma
4.216965034285822e-06,4.570567384471515,0.9565633703479062,ordinary_least_squares,43,constant_average_sigma
5.623413251903491e-06,4.567840343673727,0.9538363295501187,ordinary_least_squares,43,constant_average_sigma
7.498942093324558e-06,4.564209628567369,0.9502056144437603,ordinary_least_squares,43,constant_average_sigma
1e-05,4.559378404318371,0.9453743901947629,ordinary_least_squares,43,constant_average_sigma
1.333521432163324e-05,4.552954388931694,0.9389503748080852,ordinary_least_squares,43,constant_average_sigma
1.778279410038923e-05,4.544420795472118,0.9304167813485096,ordinary_least_squares,43,constant_average_sigma
2.3713737056616554e-05,4.533099751852831,0.9190957377292222,ordinary_least_squares,43,constant_average_sigma
3.1622776601683795e-05,4.51810739442775,0.9041033803041412,ordinary_least_squares,43,constant_average_sigma
4.216965034285822e-05,4.498300908698234,0.8842968945746259,ordinary_least_squares,43,constant_average_sigma
5.623413251903491e-05,4.4722202943371725,0.858216280213564,ordinary_least_squares,43,constant_average_sigma
7.498942093324559e-05,4.438032908564346,0.8240288944407377,ordinary_least_squares,43,constant_average_sigma
0.0001,4.393499362322241,0.7794953481986324,ordinary_least_squares,43,constant_average_sigma
0.0001333521432163324,4.335999669988527,0.7219956558649185,ordinary_least_squares,43,constant_average_sigma
0.00017782794100389227,4.262696945720455,0.6486929315968464,ordinary_least_squares,43,constant_average_sigma
0.00023713737056616554,4.1709870396378745,0.556983025514266,ordinary_least_squares,43,constant_average_sigma
0.00031622776601683794,4.059511073174902,0.44550705905129373,ordinary_least_squares,43,constant_average_sigma
0.00042169650342858224,3.9302316042126417,0.31622759008903323,ordinary_least_squares,43,constant_average_sigma
0.0005623413251903491,3.7924357971199596,0.1784317829963511,ordinary_least_squares,43,constant_average_sigma
0.0007498942093324559,3.6700349480373933,0.056030933913784775,ordinary_least_squares,43,constant_average_sigma
0.001,3.6140040141236085,0.0,ordinary_least_squares,43,constant_average_sigma
0.001333521432163324,3.7216368289780117,0.10763281485440324,ordinary_least_squares,43,constant_average_sigma
0.0017782794100389228,4.16235401476854,0.5483500006449313,ordinary_least_squares,43,constant_average_sigma
0.0023713737056616554,5.205176176264796,1.5911721621411878,ordinary_least_squares,43,constant_average_sigma
0.0031622776601683794,7.236210239355896,3.6222062252322873,ordinary_least_squares,43,constant_average_sigma
0.004216965034285823,10.749640064690363,7.135636050566754,ordinary_least_squares,43,constant_average_sigma
0.005623413251903491,16.30172016081493,12.687716146691322,ordinary_least_squares,43,constant_average_sigma
0.007498942093324558,24.422917768267247,20.80891375414364,ordinary_least_squares,43,constant_average_sigma
0.01,35.45471201761292,31.84070800348931,ordinary_least_squares,43,constant_average_sigma
0.01333521432163324,49.28298450057102,45.66898048644741,ordinary_least_squares,43,constant_average_sigma
0.01778279410038923,65.13355568496934,61.51955167084573,ordinary_least_squares,43,constant_average_sigma
0.023713737056616554,81.80251798078255,78.18851396665895,ordinary_least_squares,43,constant_average_sigma
0.03162277660168379,98.30209330486893,94.68808929074532,ordinary_least_squares,43,constant_average_sigma
0.042169650342858224,114.24985119968815,110.63584718556454,ordinary_least_squares,43,constant_average_sigma
0.05623413251903491,129.60323531988607,125.98923130576246,ordinary_least_squares,43,constant_average_sigma
0.07498942093324558,144.13996136130228,140.5259573471787,ordinary_least_squares,43,constant_average_sigma
0.1,157.29088461427847,153.67688060015485,ordinary_least_squares,43,constant_average_sigma
1e-06,0.3117876915863682,0.2756559207877723,ordinary_least_squares,44,constant_average_sigma
1.333521432163324e-06,0.31161403127233434,0.2754822604737384,ordinary_least_squares,44,constant_average_sigma
1.778279410038923e-06,0.3113825343869569,0.275250763588361,ordinary_least_squares,44,constant_average_sigma
2.3713737056616552e-06,0.31107397560354605,0.27494220480495013,ordinary_least_squares,44,constant_average_sigma
3.162277660168379e-06,0.3106627678156506,0.2745309970170547,ordinary_least_squares,44,constant_average_sigma
4.216965034285822e-06,0.31011487916498515,0.2739831083663892,ordinary_least_squares,44,constant_average_sigma
5.623413251903491e-06,0.30938508668120057,0.27325331588260465,ordinary_least_squares,44,constant_average_sigma
7.498942093324558e-06,0.30841336652037904,0.2722815957217831,ordinary_least_squares,44,constant_average_sigma
1e-05,0.30712017839297373,0.2709884075943778,ordinary_least_squares,44,constant_average_sigma
1.333521432163324e-05,0.30540034806131,0.2692685772627141,ordinary_least_squares,44,constant_average_sigma
1.778279410038923e-05,0.3031152148499082,0.2669834440513123,ordinary_least_squares,44,constant_average_sigma
2.3713737056616554e-05,0.3000827056948371,0.26395093489624116,ordinary_least_squares,44,constant_average_sigma
3.1622776601683795e-05,0.29606506877880845,0.25993329798021253,ordinary_least_squares,44,constant_average_sigma
4.216965034285822e-05,0.290754248784774,0.2546224779861781,ordinary_least_squares,44,constant_average_sigma
5.623413251903491e-05,0.2837554773123063,0.2476237065137104,ordinary_least_squares,44,constant_average_sigma
7.498942093324559e-05,0.2745709197322703,0.2384391489336744,ordinary_least_squares,44,constant_average_sigma
0.0001,0.26258776205882256,0.22645599126022664,ordinary_least_squares,44,constant_average_sigma
0.0001333521432163324,0.24708004857264074,0.21094827777404482,ordinary_least_squares,44,constant_average_sigma
0.00017782794100389227,0.2272428967160671,0.19111112591747118,ordinary_least_squares,44,constant_average_sigma
0.00023713737056616554,0.20229500322140342,0.1661632324228075,ordinary_least_squares,44,constant_average_sigma
0.00031622776601683794,0.17171681048719614,0.13558503968860022,ordinary_least_squares,44,constant_average_sigma
0.00042169650342858224,0.1357474049219648,0.09961563412336888,ordinary_least_squares,44,constant_average_sigma
0.0005623413251903491,0.09635747049152579,0.06022569969292987,ordinary_least_squares,44,constant_average_sigma
0.0007498942093324559,0.059062257250852734,0.02293048645225681,ordinary_least_squares,44,constant_average_sigma
0.001,0.036131770798595926,0.0,ordinary_least_squares,44,constant_average_sigma
0.001333521432163324,0.05192817471559733,0.015796403917001406,ordinary_least_squares,44,constant_average_sigma
0.0017782794100389228,0.15109630235744476,0.11496453155884884,ordinary_least_squares,44,constant_average_sigma
0.0023713737056616554,0.4100531887205565,0.3739214179219606,ordinary_least_squares,44,constant_average_sigma
0.0031622776601683794,0.9522617962924342,0.9161300254938383,ordinary_least_squares,44,constant_average_sigma
0.004216965034285823,1.9704991009900015,1.9343673301914055,ordinary_least_squares,44,constant_average_sigma
0.005623413251903491,3.765484812168719,3.7293530413701235,ordinary_least_squares,44,constant_average_sigma
0.007498942093324558,6.801989425375761,6.765857654577165,ordinary_least_squares,44,constant_average_sigma
0.01,11.728796090129906,11.69266431933131,ordinary_least_squares,44,constant_average_sigma
0.01333521432163324,19.235449727827696,19.1993179570291,ordinary_least_squares,44,constant_average_sigma
0.01778279410038923,29.64585717849033,29.609725407691734,ordinary_least_squares,44,constant_average_sigma
0.023713737056616554,42.41929086522653,42.38315909442793,ordinary_least_squares,44,constant_average_sigma
0.03162277660168379,56.13249974170742,56.09636797090882,ordinary_least_squares,44,constant_average_sigma
0.042169650342858224,69.24166262324617,69.20553085244758,ordinary_least_squares,44,constant_average_sigma
0.05623413251903491,80.89188949377844,80.85575772297985,ordinary_least_squares,44,constant_average_sigma
0.07498942093324558,91.04671210400821,91.01058033320962,ordinary_least_squares,44,constant_average_sigma
0.1,100.15679648896925,100.12066471817066,ordinary_least_squares,44,constant_average_sigma
1e-06,0.1050970779716067,0.06256948426889528,ordinary_least_squares,45,constant_average_sigma
1.333521432163324e-06,0.10505749088523816,0.06252989718252674,ordinary_least_squares,45,constant_average_sigma
1.778279410038923e-06,0.10500471972850725,0.06247712602579583,ordinary_least_squares,45,constant_average_sigma
2.3713737056616552e-06,0.10493438225089882,0.0624067885481874,ordinary_least_squares,45,constant_average_sigma
3.162277660168379e-06,0.10484064624454495,0.06231305254183353,ordinary_least_squares,45,constant_average_sigma
4.216965034285822e-06,0.10471575494958778,0.06218816124687636,ordinary_least_squares,45,constant_average_sigma
5.623413251903491e-06,0.10454940121888888,0.06202180751617746,ordinary_least_squares,45,constant_average_sigma
7.498942093324558e-06,0.1043279054675332,0.061800311764821786,ordinary_least_squares,45,constant_average_sigma
1e-05,0.10403314174365642,0.061505548040945004,ordinary_least_squares,45,constant_average_sigma
1.333521432163324e-05,0.1036411450541711,0.06111355135145968,ordinary_least_squares,45,constant_average_sigma
1.778279410038923e-05,0.10312032478942951,0.06059273108671809,ordinary_least_squares,45,constant_average_sigma
2.3713737056616554e-05,0.10242920735131718,0.05990161364860576,ordinary_least_squares,45,constant_average_sigma
3.1622776601683795e-05,0.1015136490825375,0.05898605537982608,ordinary_least_squares,45,constant_average_sigma
4.216965034285822e-05,0.10030351668160888,0.05777592297889746,ordinary_least_squares,45,constant_average_sigma
5.623413251903491e-05,0.09870896797448625,0.05618137427177483,ordinary_least_squares,45,constant_average_sigma
7.498942093324559e-05,0.09661675311375642,0.054089159411045,ordinary_least_squares,45,constant_average_sigma
0.0001,0.09388753115099571,0.05135993744828429,ordinary_least_squares,45,constant_average_sigma
0.0001333521432163324,0.09035630624200733,0.04782871253929591,ordinary_least_squares,45,constant_average_sigma
0.00017782794100389227,0.08584018241626439,0.043312588713552966,ordinary_least_squares,45,constant_average_sigma
0.00023713737056616554,0.08016153487757331,0.03763394117486189,ordinary_least_squares,45,constant_average_sigma
0.00031622776601683794,0.073201879159661,0.030674285456949585,ordinary_least_squares,45,constant_average_sigma
0.00042169650342858224,0.06501484633225854,0.022487252629547122,ordinary_least_squares,45,constant_average_sigma
0.0005623413251903491,0.056050447582354904,0.013522853879643484,ordinary_least_squares,45,constant_average_sigma
0.0007498942093324559,0.04758530080894714,0.005057707106235723,ordinary_least_squares,45,constant_average_sigma
0.001,0.04252759370271142,0.0,ordinary_least_squares,45,constant_average_sigma
0.001333521432163324,0.046888759988761804,0.004361166286050384,ordinary_least_squares,45,constant_average_sigma
0.0017782794100389228,0.0723998905594625,0.02987229685675108,ordinary_least_squares,45,constant_average_sigma
0.0023713737056616554,0.14097914908044293,0.09845155537773151,ordinary_least_squares,45,constant_average_sigma
0.0031622776601683794,0.29190825405269727,0.24938066034998585,ordinary_least_squares,45,constant_average_sigma
0.004216965034285823,0.5924034187198673,0.5498758250171559,ordinary_least_squares,45,constant_average_sigma
0.005623413251903491,1.151617642999822,1.1090900492971105,ordinary_least_squares,45,constant_average_sigma
0.007498942093324558,2.1370553239594994,2.0945277302567877,ordinary_least_squares,45,constant_average_sigma
0.01,3.788706192594797,3.7461785988920857,ordinary_least_squares,45,constant_average_sigma
0.01333521432163324,6.412926138425136,6.370398544722424,ordinary_least_squares,45,constant_average_sigma
0.01778279410038923,10.316284526227133,10.273756932524421,ordinary_least_squares,45,constant_average_sigma
0.023713737056616554,15.63253222743313,15.590004633730418,ordinary_least_squares,45,constant_average_sigma
0.03162277660168379,22.064835419370368,22.022307825667657,ordinary_least_squares,45,constant_average_sigma
0.042169650342858224,28.817678247628887,28.775150653926175,ordinary_least_squares,45,constant_average_sigma
0.05623413251903491,35.05459882460164,35.01207123089893,ordinary_least_squares,45,constant_average_sigma
0.07498942093324558,40.454433753323585,40.41190615962088,ordinary_least_squares,45,constant_average_sigma
0.1,45.1892844911571,45.146756897454395,ordinary_least_squares,45,constant_average_sigma
1e-06,0.05018042156707511,0.014780772146831697,ordinary_least_squares,46,constant_average_sigma
1.333521432163324e-06,0.050171697019943354,0.014772047599699939,ordinary_least_squares,46,constant_average_sigma
1.778279410038923e-06,0.05016006651979495,0.014760417099551539,ordinary_least_squares,46,constant_average_sigma
2.3713737056616552e-06,0.05014456387357901,0.014744914453335596,ordinary_least_squares,46,constant_average_sigma
3.162277660168379e-06,0.0501239029799208,0.014724253559677387,ordinary_least_squares,46,constant_average_sigma
4.216965034285822e-06,0.05009637298477087,0.014696723564527454,ordinary_least_squares,46,constant_average_sigma
5.623413251903491e-06,0.05005969982121032,0.014660050400966906,ordinary_least_squares,46,constant_average_sigma
7.498942093324558e-06,0.050010864139230025,0.01461121471898661,ordinary_least_squares,46,constant_average_sigma
1e-05,0.04994586300305964,0.014546213582816228,ordinary_least_squares,46,constant_average_sigma
1.333521432163324e-05,0.04985940012325617,0.014459750703012753,ordinary_least_squares,46,constant_average_sigma
1.778279410038923e-05,0.04974448691769785,0.014344837497454438,ordinary_least_squares,46,constant_average_sigma
2.3713737056616554e-05,0.04959193589813409,0.014192286477890677,ordinary_least_squares,46,constant_average_sigma
3.1622776601683795e-05,0.04938973013223125,0.013990080711987839,ordinary_least_squares,46,constant_average_sigma
4.216965034285822e-05,0.04912226263885098,0.013722613218607564,ordinary_least_squares,46,constant_average_sigma
5.623413251903491e-05,0.048769465102680376,0.013369815682436961,ordinary_least_squares,46,constant_average_sigma
7.498942093324559e-05,0.04830590095047748,0.012906251530234066,ordinary_least_squares,46,constant_average_sigma
0.0001,0.047700010888903466,0.012300361468660051,ordinary_least_squares,46,constant_average_sigma
0.0001333521432163324,0.04691391949719658,0.011514270076953166,ordinary_least_squares,46,constant_average_sigma
0.00017782794100389227,0.0459046309629478,0.010504981542704385,ordinary_least_squares,46,constant_average_sigma
0.00023713737056616554,0.044628227966532055,0.00922857854628864,ordinary_least_squares,46,constant_average_sigma
0.00031622776601683794,0.04305014571698434,0.007650496296740923,ordinary_least_squares,46,constant_average_sigma
0.00042169650342858224,0.04116728081957629,0.0057676313993328746,ordinary_least_squares,46,constant_average_sigma
0.0005623413251903491,0.0390526254738792,0.0036529760536357855,ordinary_least_squares,46,constant_average_sigma
0.0007498942093324559,0.036942115681683346,0.0015424662614399315,ordinary_least_squares,46,constant_average_sigma
0.001,0.035399649420243415,0.0,ordinary_least_squares,46,constant_average_sigma
0.001333521432163324,0.03562505724778932,0.00022540782754590372,ordinary_least_squares,46,constant_average_sigma
0.0017782794100389228,0.040018677835224066,0.004619028414980651,ordinary_least_squares,46,constant_average_sigma
0.0023713737056616554,0.053191064141347395,0.01779141472110398,ordinary_least_squares,46,constant_average_sigma
0.0031622776601683794,0.08369424197775913,0.04829459255751571,ordinary_least_squares,46,constant_average_sigma
0.004216965034285823,0.14676947141885122,0.1113698219986078,ordinary_least_squares,46,constant_average_sigma
0.005623413251903491,0.26812179802337177,0.23272214860312834,ordinary_least_squares,46,constant_average_sigma
0.007498942093324558,0.48782398820810396,0.45242433878786054,ordinary_least_squares,46,constant_average_sigma
0.01,0.8623196367486815,0.8269199873284381,ordinary_least_squares,46,constant_average_sigma
0.01333521432163324,1.4636396717980966,1.4282400223778533,ordinary_least_squares,46,constant_average_sigma
0.01778279410038923,2.3796932946518474,2.344293645231604,ordinary_least_squares,46,constant_average_sigma
0.023713737056616554,3.7179907415761586,3.6825910921559153,ordinary_least_squares,46,constant_average_sigma
0.03162277660168379,5.597375423975168,5.5619757745549245,ordinary_least_squares,46,constant_average_sigma
0.042169650342858224,8.099358275564992,8.063958626144748,ordinary_least_squares,46,constant_average_sigma
0.05623413251903491,11.178415080371973,11.14301543095173,ordinary_least_squares,46,constant_average_sigma
0.07498942093324558,14.602726506204933,14.567326856784689,ordinary_least_squares,46,constant_average_sigma
0.1,18.02621767663476,17.99081802721452,ordinary_least_squares,46,constant_average_sigma
1e-06,0.037040831350112866,0.004369587017473399,ordinary_least_squares,47,constant_average_sigma
1.333521432163324e-06,0.03703843166514509,0.004367187332505622,ordinary_least_squares,47,constant_average_sigma
1.778279410038923e-06,0.03703523264840399,0.004363988315764525,ordinary_least_squares,47,constant_average_sigma
2.3713737056616552e-06,0.03703096847154099,0.0043597241389015245,ordinary_least_squares,47,constant_average_sigma
3.162277660168379e-06,0.03702528525101428,0.00435404091837481,ordinary_least_squares,47,constant_average_sigma
4.216965034285822e-06,0.03701771217675699,0.004346467844117526,ordinary_least_squares,47,constant_average_sigma
5.623413251903491e-06,0.037007623321933726,0.0043363789892942595,ordinary_least_squares,47,constant_average_sigma
7.498942093324558e-06,0.03699418739871885,0.004322943066079381,ordinary_least_squares,47,constant_average_sigma
1e-05,0.036976301932788634,0.0043050576001491675,ordinary_least_squares,47,constant_average_sigma
1.333521432163324e-05,0.036952507525145936,0.0042812631925064695,ordinary_least_squares,47,constant_average_sigma
1.778279410038923e-05,0.03692087721343621,0.004249632880796744,ordinary_least_squares,47,constant_average_sigma
2.3713737056616554e-05,0.03687887545762914,0.004207631124989675,ordinary_least_squares,47,constant_average_sigma
3.1622776601683795e-05,0.03682318174667512,0.004151937414035654,ordinary_least_squares,47,constant_average_sigma
4.216965034285822e-05,0.03674947611511,0.004078231782470534,ordinary_least_squares,47,constant_average_sigma
5.623413251903491e-05,0.03665219004061235,0.003980945707972881,ordinary_least_squares,47,constant_average_sigma
7.498942093324559e-05,0.03652424008558588,0.0038529957529464115,ordinary_least_squares,47,constant_average_sigma
0.0001,0.03635679007652532,0.003685545743885854,ordinary_least_squares,47,constant_average_sigma
0.0001333521432163324,0.036139143439320405,0.0034678991066809384,ordinary_least_squares,47,constant_average_sigma
0.00017782794100389227,0.03585897383164567,0.0031877294990062047,ordinary_least_squares,47,constant_average_sigma
0.00023713737056616554,0.035503301847315163,0.002832057514675697,ordinary_least_squares,47,constant_average_sigma
0.00031622776601683794,0.035060995234870725,0.002389750902231258,ordinary_least_squares,47,constant_average_sigma
0.00042169650342858224,0.034528248370348874,0.0018570040377094074,ordinary_least_squares,47,constant_average_sigma
0.0005623413251903491,0.03391973090958099,0.0012484865769415224,ordinary_least_squares,47,constant_average_sigma
0.0007498942093324559,0.03329031744339703,0.0006190731107575606,ordinary_least_squares,47,constant_average_sigma
0.001,0.032776240994960806,0.0001049966623213397,ordinary_least_squares,47,constant_average_sigma
0.001333521432163324,0.03267124433263947,0.0,ordinary_least_squares,47,constant_average_sigma
0.0017782794100389228,0.033564091290995385,0.0008928469583559182,ordinary_least_squares,47,constant_average_sigma
0.0023713737056616554,0.03657870271419084,0.003907458381551376,ordinary_least_squares,47,constant_average_sigma
0.0031622776601683794,0.043771214868894515,0.011099970536255048,ordinary_least_squares,47,constant_average_sigma
0.004216965034285823,0.05872513448101059,0.026053890148371124,ordinary_least_squares,47,constant_average_sigma
0.005623413251903491,0.08728576995946276,0.05461452562682329,ordinary_least_squares,47,constant_average_sigma
0.007498942093324558,0.13811041932663926,0.1054391749939998,ordinary_least_squares,47,constant_average_sigma
0.01,0.2224057414997918,0.18973449716715235,ordinary_least_squares,47,constant_average_sigma
0.01333521432163324,0.35271775348898465,0.3200465091563452,ordinary_least_squares,47,constant_average_sigma
0.01778279410038923,0.5429328519977132,0.5102616076650738,ordinary_least_squares,47,constant_average_sigma
0.023713737056616554,0.8131974745688269,0.7805262302361874,ordinary_least_squares,47,constant_average_sigma
0.03162277660168379,1.1991177142505784,1.1664464699179389,ordinary_least_squares,47,constant_average_sigma
0.042169650342858224,1.758444733937786,1.7257734896051464,ordinary_least_squares,47,constant_average_sigma
0.05623413251903491,2.568355571724945,2.5356843273923055,ordinary_least_squares,47,constant_average_sigma
0.07498942093324558,3.7069546228733765,3.674283378540737,ordinary_least_squares,47,constant_average_sigma
0.1,5.213584155975422,5.180912911642783,ordinary_least_squares,47,constant_average_sigma
1e-06,0.0032984361367628607,4.7848406535111205e-05,ordinary_least_squares,48,constant_average_sigma
1.333521432163324e-06,0.0032984057759223176,4.7818045694568174e-05,ordinary_least_squares,48,constant_average_sigma
1.778279410038923e-06,0.0032983653027003554,4.777757247260593e-05,ordinary_least_squares,48,constant_average_sigma
2.3713737056616552e-06,0.0032983113550665716,4.7723624838822126e-05,ordinary_least_squares,48,constant_average_sigma
3.162277660168379e-06,0.0032982394577615623,4.7651727533812825e-05,ordinary_least_squares,48,constant_average_sigma
4.216965034285822e-06,0.0032981436578298526,4.755592760210311e-05,ordinary_least_squares,48,constant_average_sigma
5.623413251903491e-06,0.0032980160428713132,4.742831264356378e-05,ordinary_least_squares,48,constant_average_sigma
7.498942093324558e-06,0.003297846108227083,4.725837799933333e-05,ordinary_least_squares,48,constant_average_sigma
1e-05,0.0032976199286651802,4.703219843743079e-05,ordinary_least_squares,48,constant_average_sigma
1.333521432163324e-05,0.0032973190823961953,4.6731352168445824e-05,ordinary_least_squares,48,constant_average_sigma
1.778279410038923e-05,0.003296919267305789,4.6331537078039744e-05,ordinary_least_squares,48,constant_average_sigma
2.3713737056616554e-05,0.0032963885468015163,4.580081657376686e-05,ordinary_least_squares,48,constant_average_sigma
3.1622776601683795e-05,0.003295685174135665,4.509744390791565e-05,ordinary_least_squares,48,constant_average_sigma
4.216965034285822e-05,0.0032947549853172635,4.4167255089514086e-05,ordinary_least_squares,48,constant_average_sigma
5.623413251903491e-05,0.00329352845293555,4.2940722707800714e-05,ordinary_least_squares,48,constant_average_sigma
7.498942093324559e-05,0.0032919177175132143,4.132998728546486e-05,ordinary_least_squares,48,constant_average_sigma
0.0001,0.0032898143735135446,3.9226643285795136e-05,ordinary_least_squares,48,constant_average_sigma
0.0001333521432163324,0.0032870897000061516,3.6501969778402095e-05,ordinary_least_squares,48,constant_average_sigma
0.00017782794100389227,0.0032836007919897414,3.301306176199193e-05,ordinary_least_squares,48,constant_average_sigma
0.00023713737056616554,0.0032792093917922037,2.8621661564454202e-05,ordinary_least_squares,48,constant_average_sigma
0.00031622776601683794,0.0032738263679729287,2.3238637745179227e-05,ordinary_least_squares,48,constant_average_sigma
0.00042169650342858224,0.003267505536234341,1.6917806006591738e-05,ordinary_least_squares,48,constant_average_sigma
0.0005623413251903491,0.0032606274648667834,1.0039734639033949e-05,ordinary_least_squares,48,constant_average_sigma
0.0007498942093324559,0.0032542347482047824,3.6470179770329084e-06,ordinary_least_squares,48,constant_average_sigma
0.001,0.0032505877302277495,0.0,ordinary_least_squares,48,constant_average_sigma
0.001333521432163324,0.0032539511369945344,3.3634067667849023e-06,ordinary_least_squares,48,constant_average_sigma
0.0017782794100389228,0.003271401115964471,2.081338573672138e-05,ordinary_least_squares,48,constant_average_sigma
0.0023713737056616554,0.003313019221582093,6.243149135434344e-05,ordinary_least_squares,48,constant_average_sigma
0.0031622776601683794,0.0033906491366027256,0.00014006140637497612,ordinary_least_squares,48,constant_average_sigma
0.004216965034285823,0.0035157202085037568,0.0002651324782760073,ordinary_least_squares,48,constant_average_sigma
0.005623413251903491,0.003699199561241642,0.0004486118310138925,ordinary_least_squares,48,constant_average_sigma
0.007498942093324558,0.003954946737571859,0.0007043590073441091,ordinary_least_squares,48,constant_average_sigma
0.01,0.004300514535992078,0.0010499268057643286,ordinary_least_squares,48,constant_average_sigma
0.01333521432163324,0.004749274084369187,0.001498686354141438,ordinary_least_squares,48,constant_average_sigma
0.01778279410038923,0.005298776312961307,0.0020481885827335574,ordinary_least_squares,48,constant_average_sigma
0.023713737056616554,0.005927914822333517,0.002677327092105767,ordinary_least_squares,48,constant_average_sigma
0.03162277660168379,0.006605628154766369,0.003355040424538619,ordinary_least_squares,48,constant_average_sigma
0.042169650342858224,0.007298405951647582,0.004047818221419832,ordinary_least_squares,48,constant_average_sigma
0.05623413251903491,0.007972976608472052,0.004722388878244303,ordinary_least_squares,48,constant_average_sigma
0.07498942093324558,0.00860446463285966,0.005353876902631911,ordinary_least_squares,48,constant_average_sigma
0.1,0.009184986835382953,0.005934399105155204,ordinary_least_squares,48,constant_average_sigma
1e-06,0.22077251272764456,0.0004997358074572134,ordinary_least_squares,49,constant_average_sigma
1.333521432163324e-06,0.22077215141945558,0.0004993744992682347,ordinary_least_squares,49,constant_average_sigma
1.778279410038923e-06,0.22077166980086965,0.0004988928806823056,ordinary_least_squares,49,constant_average_sigma
2.3713737056616552e-06,0.22077102789541242,0.000498250975225073,ordinary_least_squares,49,constant_average_sigma
3.162277660168379e-06,0.22077017251309283,0.0004973955929054863,ordinary_least_squares,49,constant_average_sigma
4.216965034285822e-06,0.22076903293040434,0.0004962560102169944,ordinary_least_squares,49,constant_average_sigma
5.623413251903491e-06,0.22076751520779483,0.000494738287607488,ordinary_least_squares,49,constant_average_sigma
7.498942093324558e-06,0.22076549473542345,0.0004927178152361045,ordinary_least_squares,49,constant_average_sigma
1e-05,0.2207628065184945,0.0004900295983071568,ordinary_least_squares,49,constant_average_sigma
1.333521432163324e-05,0.2207592326250779,0.00048645570489055934,ordinary_least_squares,49,constant_average_sigma
1.778279410038923e-05,0.22075448616529275,0.000481709245105405,ordinary_least_squares,49,constant_average_sigma
2.3713737056616554e-05,0.22074819120587372,0.0004754142856863708,ordinary_least_squares,49,constant_average_sigma
3.1622776601683795e-05,0.2207398582729875,0.0004670813528001583,ordinary_least_squares,49,constant_average_sigma
4.216965034285822e-05,0.22072885577389237,0.000456078853705022,ordinary_least_squares,49,constant_average_sigma
5.623413251903491e-05,0.2207143792141426,0.0004416022939552622,ordinary_least_squares,49,constant_average_sigma
7.498942093324559e-05,0.2206954232996868,0.0004226463794994584,ordinary_least_squares,49,constant_average_sigma
0.0001,0.22067076838753266,0.00039799146734531554,ordinary_least_squares,49,constant_average_sigma
0.0001333521432163324,0.22063900503285244,0.0003662281126650957,ordinary_least_squares,49,constant_average_sigma
0.00017782794100389227,0.22059864357465003,0.0003258666544626865,ordinary_least_squares,49,constant_average_sigma
0.00023713737056616554,0.22054839868068896,0.0002756217605016098,ordinary_least_squares,49,constant_average_sigma
0.00031622776601683794,0.2204878165408405,0.0002150396206531402,ordinary_least_squares,49,constant_average_sigma
0.00042169650342858224,0.22041854763332308,0.00014577071313573442,ordinary_least_squares,49,constant_average_sigma
0.0005623413251903491,0.2203467854939402,7.400857375286507e-05,ordinary_least_squares,49,constant_average_sigma
0.0007498942093324559,0.22028768430386636,1.4907383679013675e-05,ordinary_least_squares,49,constant_average_sigma
0.001,0.22027277692018735,0.0,ordinary_least_squares,49,constant_average_sigma
0.001333521432163324,0.22036094095413308,8.81640339457368e-05,ordinary_least_squares,49,constant_average_sigma
0.0017782794100389228,0.22065086056215524,0.0003780836419678968,ordinary_least_squares,49,constant_average_sigma
0.0023713737056616554,0.22128616490520178,0.0010133879850144356,ordinary_least_squares,49,constant_average_sigma
0.0031622776601683794,0.22243393153719482,0.0021611546170074714,ordinary_least_squares,49,constant_average_sigma
0.004216965034285823,0.2242155388747318,0.00394276195454446,ordinary_least_squares,49,constant_average_sigma
0.005623413251903491,0.22660855946624353,0.0063357825460561845,ordinary_least_squares,49,constant_average_sigma
0.007498942093324558,0.22941405305798637,0.009141276137799026,ordinary_least_squares,49,constant_average_sigma
0.01,0.23235622745207415,0.012083450531886808,ordinary_least_squares,49,constant_average_sigma
0.01333521432163324,0.23521488655149395,0.0149421096313066,ordinary_least_squares,49,constant_average_sigma
0.01778279410038923,0.2378709533317171,0.017598176411529748,ordinary_least_squares,49,constant_average_sigma
0.023713737056616554,0.2402985769310874,0.02002580001090004,ordinary_least_squares,49,constant_average_sigma
0.03162277660168379,0.2425544879687316,0.02228171104854426,ordinary_least_squares,49,constant_average_sigma
0.042169650342858224,0.24473793665092433,0.024465159730736985,ordinary_least_squares,49,constant_average_sigma
0.05623413251903491,0.24693817474637042,0.026665397826183074,ordinary_least_squares,49,constant_average_sigma
0.07498942093324558,0.2492365815446844,0.028963804624497047,ordinary_least_squares,49,constant_average_sigma
0.1,0.25174025526054467,0.03146747834035732,ordinary_least_squares,49,constant_average_sigma
1e-06,0.35705983126343455,0.02208313447064003,ordinary_least_squares,50,constant_average_sigma
1.333521432163324e-06,0.35704483995445796,0.022068143161663445,ordinary_least_squares,50,constant_average_sigma
1.778279410038923e-06,0.35702485629727054,0.022048159504476028,ordinary_least_squares,50,constant_average_sigma
2.3713737056616552e-06,0.35699822116277447,0.02202152436997995,ordinary_least_squares,50,constant_average_sigma
3.162277660168379e-06,0.35696272662889184,0.02198602983609732,ordinary_least_squares,50,constant_average_sigma
4.216965034285822e-06,0.3569154365924766,0.021938739799682083,ordinary_least_squares,50,constant_average_sigma
5.623413251903491e-06,0.3568524502447463,0.021875753451951807,ordinary_least_squares,50,constant_average_sigma
7.498942093324558e-06,0.35676859167849145,0.02179189488569694,ordinary_least_squares,50,constant_average_sigma
1e-05,0.3566570048202725,0.021680308027478,ordinary_least_squares,50,constant_average_sigma
1.333521432163324e-05,0.3565086290506704,0.021531932257875863,ordinary_least_squares,50,constant_average_sigma
1.778279410038923e-05,0.35631152807989563,0.02133483128710112,ordinary_least_squares,50,constant_average_sigma
2.3713737056616554e-05,0.35605004523338174,0.021073348440587225,ordinary_least_squares,50,constant_average_sigma
3.1622776601683795e-05,0.3557037667846061,0.020727069991811564,ordinary_least_squares,50,constant_average_sigma
4.216965034285822e-05,0.3552463001829897,0.02026960339019518,ordinary_least_squares,50,constant_average_sigma
5.623413251903491e-05,0.3546439326984982,0.019667235905703684,ordinary_least_squares,50,constant_average_sigma
7.498942093324559e-05,0.35385435965621126,0.018877662863416744,ordinary_least_squares,50,constant_average_sigma
0.0001,0.3528259185454975,0.01784922175270298,ordinary_least_squares,50,constant_average_sigma
0.0001333521432163324,0.35149824353387954,0.016521546741085025,ordinary_least_squares,50,constant_average_sigma
0.00017782794100389227,0.34980615938724774,0.014829462594453224,ordinary_least_squares,50,constant_average_sigma
0.00023713737056616554,0.3476903077847795,0.01271361099198498,ordinary_least_squares,50,constant_average_sigma
0.00031622776601683794,0.34512101094339187,0.010144314150597356,ordinary_least_squares,50,constant_average_sigma
0.00042169650342858224,0.34214704278854374,0.007170345995749228,ordinary_least_squares,50,constant_average_sigma
0.0005623413251903491,0.3389890252093771,0.004012328416582611,ordinary_least_squares,50,constant_average_sigma
0.0007498942093324559,0.336207108130135,0.0012304113373404757,ordinary_least_squares,50,constant_average_sigma
0.001,0.3349766967927945,0.0,ordinary_least_squares,50,constant_average_sigma
0.001333521432163324,0.3374796033313038,0.002502906538509264,ordinary_least_squares,50,constant_average_sigma
0.0017782794100389228,0.34731318240583603,0.012336485613041515,ordinary_least_squares,50,constant_average_sigma
0.0023713737056616554,0.36959917256217334,0.034622475769378824,ordinary_least_squares,50,constant_average_sigma
0.0031622776601683794,0.41021383700492575,0.07523714021213124,ordinary_least_squares,50,constant_average_sigma
0.004216965034285823,0.4736157508457702,0.13863905405297566,ordinary_least_squares,50,constant_average_sigma
0.005623413251903491,0.559895562947796,0.22491886615500145,ordinary_least_squares,50,constant_average_sigma
0.007498942093324558,0.6637205572842612,0.32874386049146664,ordinary_least_squares,50,constant_average_sigma
0.01,0.7769972072145586,0.44202051042176405,ordinary_least_squares,50,constant_average_sigma
0.01333521432163324,0.8925750454848796,0.5575983486920851,ordinary_least_squares,50,constant_average_sigma
0.01778279410038923,1.0057354956534947,0.6707587988607002,ordinary_least_squares,50,constant_average_sigma
0.023713737056616554,1.1134934132931515,0.778516716500357,ordinary_least_squares,50,constant_average_sigma
0.03162277660168379,1.2131430084275197,0.8781663116347251,ordinary_least_squares,50,constant_average_sigma
0.042169650342858224,1.3020056506296551,0.9670289538368606,ordinary_least_squares,50,constant_average_sigma
0.05623413251903491,1.379051653854781,1.0440749570619865,ordinary_least_squares,50,constant_average_sigma
0.07498942093324558,1.4462093086395738,1.1112326118467792,ordinary_least_squares,50,constant_average_sigma
0.1,1.5077530204471286,1.172776323654334,ordinary_least_squares,50,constant_average_sigma
1e-06,0.9502515467346957,0.49041770078720415,ordinary_least_squares,51,constant_average_sigma
1.333521432163324e-06,0.949910698187663,0.4900768522401715,ordinary_least_squares,51,constant_average_sigma
1.778279410038923e-06,0.9494563426997091,0.4896224967522176,ordinary_least_squares,51,constant_average_sigma
2.3713737056616552e-06,0.9488507580640684,0.48901691211657683,ordinary_least_squares,51,constant_average_sigma
3.162277660168379e-06,0.9480437443960722,0.48820989844858065,ordinary_least_squares,51,constant_average_sigma
4.216965034285822e-06,0.9469685479139426,0.48713470196645103,ordinary_least_squares,51,constant_average_sigma
5.623413251903491e-06,0.9455364817023254,0.48570263575483386,ordinary_least_squares,51,constant_average_sigma
7.498942093324558e-06,0.9436298712791833,0.48379602533169175,ordinary_least_squares,51,constant_average_sigma
1e-05,0.9410928474263605,0.4812590014788689,ordinary_least_squares,51,constant_average_sigma
1.333521432163324e-05,0.9377194303887078,0.4778855844412162,ordinary_least_squares,51,constant_average_sigma
1.778279410038923e-05,0.9332382823607137,0.47340443641322216,ordinary_least_squares,51,constant_average_sigma
2.3713737056616554e-05,0.9272935282946606,0.46745968234716906,ordinary_least_squares,51,constant_average_sigma
3.1622776601683795e-05,0.9194212393739378,0.4595873934264463,ordinary_least_squares,51,constant_average_sigma
4.216965034285822e-05,0.9090217707899442,0.4491879248424526,ordinary_least_squares,51,constant_average_sigma
5.623413251903491e-05,0.8953295163880813,0.4354956704405898,ordinary_least_squares,51,constant_average_sigma
7.498942093324559e-05,0.8773845487444596,0.41755070279696804,ordinary_least_squares,51,constant_average_sigma
0.0001,0.8540164341737605,0.39418258822626895,ordinary_least_squares,51,constant_average_sigma
0.0001333521432163324,0.8238618384758887,0.3640279925283971,ordinary_least_squares,51,constant_average_sigma
0.00017782794100389227,0.785459073914943,0.3256252279674514,ordinary_least_squares,51,constant_average_sigma
0.00023713737056616554,0.7375027961972404,0.2776689502497488,ordinary_least_squares,51,constant_average_sigma
0.00031622776601683794,0.6794143071178977,0.2195804611704062,ordinary_least_squares,51,constant_average_sigma
0.00042169650342858224,0.6125061532613241,0.15267230731383252,ordinary_least_squares,51,constant_average_sigma
0.0005623413251903491,0.5422065074266018,0.08237266147911027,ordinary_least_squares,51,constant_average_sigma
0.0007498942093324559,0.48201478040206786,0.022180934454576307,ordinary_least_squares,51,constant_average_sigma
0.001,0.45983384594749155,0.0,ordinary_least_squares,51,constant_average_sigma
0.001333521432163324,0.5263364539769035,0.06650260802941199,ordinary_least_squares,51,constant_average_sigma
0.0017782794100389228,0.7618914214521002,0.30205757550460866,ordinary_least_squares,51,constant_average_sigma
0.0023713737056616554,1.273370100016622,0.8135362540691304,ordinary_least_squares,51,constant_average_sigma
0.0031622776601683794,2.1693290847252995,1.709495238777808,ordinary_least_squares,51,constant_average_sigma
0.004216965034285823,3.5081605143994157,3.0483266684519243,ordinary_least_squares,51,constant_average_sigma
0.005623413251903491,5.2336276653104346,4.773793819362943,ordinary_least_squares,51,constant_average_sigma
0.007498942093324558,7.1508386927878504,6.691004846840359,ordinary_least_squares,51,constant_average_sigma
0.01,9.002633346134509,8.542799500187018,ordinary_least_squares,51,constant_average_sigma
0.01333521432163324,10.601106107014791,10.1412722610673,ordinary_least_squares,51,constant_average_sigma
0.01778279410038923,11.888902789471254,11.429068943523763,ordinary_least_squares,51,constant_average_sigma
0.023713737056616554,12.902430289900634,12.442596443953143,ordinary_least_squares,51,constant_average_sigma
0.03162277660168379,13.711544129227242,13.25171028327975,ordinary_least_squares,51,constant_average_sigma
0.042169650342858224,14.387609951819652,13.92777610587216,ordinary_least_squares,51,constant_average_sigma
0.05623413251903491,14.996849444436629,14.537015598489138,ordinary_least_squares,51,constant_average_sigma
0.07498942093324558,15.604352544555482,15.14451869860799,ordinary_least_squares,51,constant_average_sigma
0.1,16.281636859617752,15.82180301367026,ordinary_least_squares,51,constant_average_sigma
1e-06,0.051469127367349,0.03657628642336419,ordinary_least_squares,52,constant_average_sigma
1.333521432163324e-06,0.051445865262937436,0.036553024318952625,ordinary_least_squares,52,constant_average_sigma
1.778279410038923e-06,0.05141485519471693,0.03652201425073212,ordinary_least_squares,52,constant_average_sigma
2.3713737056616552e-06,0.05137352118857254,0.036480680244587727,ordinary_least_squares,52,constant_average_sigma
3.162277660168379e-06,0.0513184344615985,0.03642559351761369,ordinary_least_squares,52,constant_average_sigma
4.216965034285822e-06,0.051245033951448395,0.03635219300746358,ordinary_least_squares,52,constant_average_sigma
5.623413251903491e-06,0.051147257450830735,0.036254416506845924,ordinary_least_squares,52,constant_average_sigma
7.498942093324558e-06,0.05101705664657362,0.03612421570258881,ordinary_least_squares,52,constant_average_sigma
1e-05,0.05084376263077591,0.0359509216867911,ordinary_least_squares,52,constant_average_sigma
1.333521432163324e-05,0.05061326174992335,0.03572042080593854,ordinary_least_squares,52,constant_average_sigma
1.778279410038923e-05,0.05030693570790005,0.03541409476391524,ordinary_least_squares,52,constant_average_sigma
2.3713737056616554e-05,0.04990031832861987,0.03500747738463506,ordinary_least_squares,52,constant_average_sigma
3.1622776601683795e-05,0.049361430201967246,0.034468589257982435,ordinary_least_squares,52,constant_average_sigma
4.216965034285822e-05,0.0486487844156403,0.03375594347165549,ordinary_least_squares,52,constant_average_sigma
5.623413251903491e-05,0.04770913611913242,0.03281629517514761,ordinary_least_squares,52,constant_average_sigma
7.498942093324559e-05,0.04647522260518421,0.0315823816611994,ordinary_least_squares,52,constant_average_sigma
0.0001,0.044864098147091594,0.029971257203106783,ordinary_least_squares,52,constant_average_sigma
0.0001333521432163324,0.04277737661684555,0.02788453567286074,ordinary_least_squares,52,constant_average_sigma
0.00017782794100389227,0.04010606482004855,0.025213223876063735,ordinary_least_squares,52,constant_average_sigma
0.00023713737056616554,0.03674525169671007,0.02185241075272526,ordinary_least_squares,52,constant_average_sigma
0.00031622776601683794,0.032628612339459566,0.017735771395474755,ordinary_least_squares,52,constant_average_sigma
0.00042169650342858224,0.02780066510265141,0.012907824158666599,ordinary_least_squares,52,constant_average_sigma
0.0005623413251903491,0.022556489999547003,0.007663649055562192,ordinary_least_squares,52,constant_average_sigma
0.0007498942093324559,0.01769052575780619,0.00279768481382138,ordinary_least_squares,52,constant_average_sigma
0.001,0.014892840943984811,0.0,ordinary_least_squares,52,constant_average_sigma
0.001333521432163324,0.01728225877924442,0.0023894178352596093,ordinary_least_squares,52,constant_average_sigma
0.0017782794100389228,0.029951888693757894,0.015059047749773083,ordinary_least_squares,52,constant_average_sigma
0.0023713737056616554,0.060273824234291326,0.045380983290306515,ordinary_least_squares,52,constant_average_sigma
0.0031622776601683794,0.11770721151401184,0.10281437057002703,ordinary_least_squares,52,constant_average_sigma
0.004216965034285823,0.2132034045963985,0.19831056365241367,ordinary_least_squares,52,constant_average_sigma
0.005623413251903491,0.3586414337581588,0.343748592814174,ordinary_least_squares,52,constant_average_sigma
0.007498942093324558,0.5653142978006038,0.550421456856619,ordinary_least_squares,52,constant_average_sigma
0.01,0.8383254320375219,0.8234325910935371,ordinary_least_squares,52,constant_average_sigma
0.01333521432163324,1.1667002323550155,1.1518073914110307,ordinary_least_squares,52,constant_average_sigma
0.01778279410038923,1.518362327690395,1.5034694867464102,ordinary_least_squares,52,constant_average_sigma
0.023713737056616554,1.8520732588960993,1.8371804179521145,ordinary_least_squares,52,constant_average_sigma
0.03162277660168379,2.1400406532988443,2.1251478123548595,ordinary_least_squares,52,constant_average_sigma
0.042169650342858224,2.379064089254321,2.364171248310336,ordinary_least_squares,52,constant_average_sigma
0.05623413251903491,2.583592986862184,2.568700145918199,ordinary_least_squares,52,constant_average_sigma
0.07498942093324558,2.7728985869751352,2.7580057460311505,ordinary_least_squares,52,constant_average_sigma
0.1,2.9624450426891427,2.947552201745158,ordinary_least_squares,52,constant_average_sigma
1e-06,0.06015546829770004,0.0048133878191103235,ordinary_least_squares,53,constant_average_sigma
1.333521432163324e-06,0.0601520356113738,0.00480995513278408,ordinary_least_squares,53,constant_average_sigma
1.778279410038923e-06,0.06014745992926953,0.004805379450679811,ordinary_least_squares,53,constant_average_sigma
2.3713737056616552e-06,0.060141361497267176,0.004799281018677458,ordinary_least_squares,53,constant_average_sigma
3.162277660168379e-06,0.06013323504867418,0.004791154570084465,ordinary_least_squares,53,constant_average_sigma
4.216965034285822e-06,0.060122408812343674,0.004780328333753955,ordinary_least_squares,53,constant_average_sigma
5.623413251903491e-06,0.06010799057312764,0.004765910094537924,ordinary_least_squares,53,constant_average_sigma
7.498942093324558e-06,0.06008879694248385,0.0047467164638941295,ordinary_least_squares,53,constant_average_sigma
1e-05,0.06006326122424086,0.004721180745651143,ordinary_least_squares,53,constant_average_sigma
1.333521432163324e-05,0.06002931444937088,0.004687233970781163,ordinary_least_squares,53,constant_average_sigma
1.778279410038923e-05,0.05998423362412622,0.0046421531455365025,ordinary_least_squares,53,constant_average_sigma
2.3713737056616554e-05,0.05992445167562333,0.004582371197033613,ordinary_least_squares,53,constant_average_sigma
3.1622776601683795e-05,0.05984532590308457,0.004503245424494852,ordinary_least_squares,53,constant_average_sigma
4.216965034285822e-05,0.059740868206318444,0.004398787727728726,ordinary_least_squares,53,constant_average_sigma
5.623413251903491e-05,0.059603454845408486,0.004261374366818768,ordinary_least_squares,53,constant_average_sigma
7.498942093324559e-05,0.05942356330442986,0.004081482825840144,ordinary_least_squares,53,constant_average_sigma
0.0001,0.05918964241213176,0.0038475619335420416,ordinary_least_squares,53,constant_average_sigma
0.0001333521432163324,0.05888833352394161,0.003546253045351895,ordinary_least_squares,53,constant_average_sigma
0.00017782794100389227,0.058505469205973104,0.0031633887273833858,ordinary_least_squares,53,constant_average_sigma
0.00023713737056616554,0.058028659729348266,0.0026865792507585473,ordinary_least_squares,53,constant_average_sigma
0.00031622776601683794,0.05745297354127502,0.002110893062685304,ordinary_least_squares,53,constant_average_sigma
0.00042169650342858224,0.0567924564526072,0.0014503759740174815,ordinary_least_squares,53,constant_average_sigma
0.0005623413251903491,0.05610237816680908,0.0007602976882193635,ordinary_least_squares,53,constant_average_sigma
0.0007498942093324559,0.05552063332119633,0.00017855284260661491,ordinary_least_squares,53,constant_average_sigma
0.001,0.05534208047858972,0.0,ordinary_least_squares,53,constant_average_sigma
0.001333521432163324,0.0561464263276379,0.0008043458490481839,ordinary_least_squares,53,constant_average_sigma
0.0017782794100389228,0.059005799747789967,0.003663719269200248,ordinary_least_squares,53,constant_average_sigma
0.0023713737056616554,0.06579517901319316,0.010453098534603446,ordinary_least_squares,53,constant_average_sigma
0.0031622776601683794,0.0796059630682478,0.02426388258965808,ordinary_least_squares,53,constant_average_sigma
0.004216965034285823,0.10520930891607053,0.04986722843748081,ordinary_least_squares,53,constant_average_sigma
0.005623413251903491,0.14943473379393774,0.09409265331534802,ordinary_least_squares,53,constant_average_sigma
0.007498942093324558,0.22124609387597333,0.16590401339738362,ordinary_least_squares,53,constant_average_sigma
0.01,0.3310291574871395,0.2756870770085498,ordinary_least_squares,53,constant_average_sigma
0.01333521432163324,0.4877338213834326,0.43239174090484284,ordinary_least_squares,53,constant_average_sigma
0.01778279410038923,0.6923697783692789,0.6370276978906892,ordinary_least_squares,53,constant_average_sigma
0.023713737056616554,0.9306543351268616,0.8753122546482719,ordinary_least_squares,53,constant_average_sigma
0.03162277660168379,1.1740201876620133,1.1186781071834235,ordinary_least_squares,53,constant_average_sigma
0.042169650342858224,1.392849524217609,1.3375074437390193,ordinary_least_squares,53,constant_average_sigma
0.05623413251903491,1.570359251173764,1.5150171706951743,ordinary_least_squares,53,constant_average_sigma
0.07498942093324558,1.705784784893308,1.6504427044147183,ordinary_least_squares,53,constant_average_sigma
0.1,1.8087635192511353,1.7534214387725455,ordinary_least_squares,53,constant_average_sigma
1e-06,0.10091861479928081,0.0004123655317988806,ordinary_least_squares,54,constant_average_sigma
1.333521432163324e-06,0.10091832510268917,0.00041207583520723456,ordinary_least_squares,54,constant_average_sigma
1.778279410038923e-06,0.1009179389431531,0.00041168967567116466,ordinary_least_squares,54,constant_average_sigma
2.3713737056616552e-06,0.10091742426998912,0.00041117500250718864,ordinary_least_squares,54,constant_average_sigma
3.162277660168379e-06,0.10091673843821766,0.0004104891707357311,ordinary_least_squares,54,constant_average_sigma
4.216965034285822e-06,0.10091582474819025,0.00040957548070831573,ordinary_least_squares,54,constant_average_sigma
5.623413251903491e-06,0.10091460789169564,0.00040835862421370606,ordinary_least_squares,54,constant_average_sigma
7.498942093324558e-06,0.1009129879755353,0.00040673870805336965,ordinary_least_squares,54,constant_average_sigma
1e-05,0.10091083274247128,0.00040458347498935343,ordinary_least_squares,54,constant_average_sigma
1.333521432163324e-05,0.10090796751345103,0.00040171824596910155,ordinary_least_squares,54,constant_average_sigma
1.778279410038923e-05,0.1009041623572641,0.00039791308978216755,ordinary_least_squares,54,constant_average_sigma
2.3713737056616554e-05,0.10089911600416279,0.0003928667366808608,ordinary_least_squares,54,constant_average_sigma
3.1622776601683795e-05,0.10089243622044815,0.0003861869529662165,ordinary_least_squares,54,constant_average_sigma
4.216965034285822e-05,0.10088361688736189,0.0003773676198799564,ordinary_least_squares,54,constant_average_sigma
5.623413251903491e-05,0.10087201322298256,0.0003657639555006281,ordinary_least_squares,54,constant_average_sigma
7.498942093324559e-05,0.10085681904932911,0.00035056978184717924,ordinary_least_squares,54,constant_average_sigma
0.0001,0.10083705485040982,0.00033080558292789,ordinary_least_squares,54,constant_average_sigma
0.0001333521432163324,0.100811584599091,0.00030533533160906345,ordinary_least_squares,54,constant_average_sigma
0.00017782794100389227,0.10077919658596078,0.00027294731847885,ordinary_least_squares,54,constant_average_sigma
0.00023713737056616554,0.10073881526520391,0.0002325659977219785,ordinary_least_squares,54,constant_average_sigma
0.00031622776601683794,0.10068996892402957,0.00018371965654763456,ordinary_least_squares,54,constant_average_sigma
0.00042169650342858224,0.10063374161067098,0.00012749234318905345,ordinary_least_squares,54,constant_average_sigma
0.0005623413251903491,0.10057461989272201,6.837062524008009e-05,ordinary_least_squares,54,constant_average_sigma
0.0007498942093324559,0.10052395444399645,1.7705176514518084e-05,ordinary_least_squares,54,constant_average_sigma
0.001,0.10050624926748193,0.0,ordinary_least_squares,54,constant_average_sigma
0.001333521432163324,0.1005701754043532,6.392613687127013e-05,ordinary_least_squares,54,constant_average_sigma
0.0017782794100389228,0.10080685375074983,0.0003006044832678939,ordinary_least_squares,54,constant_average_sigma
0.0023713737056616554,0.10137765853534994,0.0008714092678680091,ordinary_least_squares,54,constant_average_sigma
0.0031622776601683794,0.10255037886800415,0.002044129600522221,ordinary_least_squares,54,constant_average_sigma
0.004216965034285823,0.10473293545980242,0.004226686192320486,ordinary_least_squares,54,constant_average_sigma
0.005623413251903491,0.10847844312066414,0.007972193853182208,ordinary_least_squares,54,constant_average_sigma
0.007498942093324558,0.11443264106191672,0.013926391794434792,ordinary_least_squares,54,constant_average_sigma
0.01,0.12325237888685496,0.02274612961937303,ordinary_least_squares,54,constant_average_sigma
0.01333521432163324,0.1356244032548697,0.03511815398738778,ordinary_least_squares,54,constant_average_sigma
0.01778279410038923,0.15242914243838518,0.05192289317090325,ordinary_least_squares,54,constant_average_sigma
0.023713737056616554,0.1747901034817739,0.07428385421429197,ordinary_least_squares,54,constant_average_sigma
0.03162277660168379,0.20370262885966972,0.10319637959218779,ordinary_least_squares,54,constant_average_sigma
0.042169650342858224,0.23923791806327027,0.13873166879578835,ordinary_least_squares,54,constant_average_sigma
0.05623413251903491,0.27975258449947654,0.17924633523199462,ordinary_least_squares,54,constant_average_sigma
0.07498942093324558,0.3219888705421629,0.221482621274681,ordinary_least_squares,54,constant_average_sigma
0.1,0.3625525580044621,0.2620463087369802,ordinary_least_squares,54,constant_average_sigma
1e-06,0.10824395316095257,0.00026283259157573735,ordinary_least_squares,55,constant_average_sigma
1.333521432163324e-06,0.10824376206975359,0.00026264150037674794,ordinary_least_squares,55,constant_average_sigma
1.778279410038923e-06,0.10824350734886301,0.0002623867794861734,ordinary_least_squares,55,constant_average_sigma
2.3713737056616552e-06,0.10824316785601044,0.0002620472866336071,ordinary_least_squares,55,constant_average_sigma
3.162277660168379e-06,0.10824271546085347,0.0002615948914766325,ordinary_least_squares,55,constant_average_sigma
4.216965034285822e-06,0.10824211276168354,0.0002609921923066999,ordinary_least_squares,55,constant_average_sigma
5.623413251903491e-06,0.10824131007995548,0.0002601895105786428,ordinary_least_squares,55,constant_average_sigma
7.498942093324558e-06,0.10824024152026057,0.00025912095088373444,ordinary_least_squares,55,constant_average_sigma
1e-05,0.10823881983512129,0.00025769926574445434,ordinary_least_squares,55,constant_average_sigma
1.333521432163324e-05,0.10823692979252521,0.0002558092231483705,ordinary_least_squares,55,constant_average_sigma
1.778279410038923e-05,0.10823441971262683,0.0002532991432499937,ordinary_least_squares,55,constant_average_sigma
2.3713737056616554e-05,0.10823109086342333,0.0002499702940464976,ordinary_least_squares,55,constant_average_sigma
3.1622776601683795e-05,0.10822668453735859,0.0002455639679817545,ordinary_least_squares,55,constant_average_sigma
4.216965034285822e-05,0.10822086699546687,0.00023974642609003727,ordinary_least_squares,55,constant_average_sigma
5.623413251903491e-05,0.10821321329241218,0.00023209272303534312,ordinary_least_squares,55,constant_average_sigma
7.498942093324559e-05,0.10820319271052642,0.00022207214114958185,ordinary_least_squares,55,constant_average_sigma
0.0001,0.1081901619306308,0.00020904136125396433,ordinary_least_squares,55,constant_average_sigma
0.0001333521432163324,0.1081733786107174,0.00019225804134055668,ordinary_least_squares,55,constant_average_sigma
0.00017782794100389227,0.10815206037988215,0.0001709398105053106,ordinary_least_squares,55,constant_average_sigma
0.00023713737056616554,0.1081255370608332,0.00014441649145635616,ordinary_least_squares,55,constant_average_sigma
0.00031622776601683794,0.10809358503317541,0.00011246446379857555,ordinary_least_squares,55,constant_average_sigma
0.00042169650342858224,0.10805710356976737,7.598300039053651e-05,ordinary_least_squares,55,constant_average_sigma
0.0005623413251903491,0.10801940519027009,3.828462089325302e-05,ordinary_least_squares,55,constant_average_sigma
0.0007498942093324559,0.10798853630661555,7.415737238711251e-06,ordinary_least_squares,55,constant_average_sigma
0.001,0.10798112056937684,0.0,ordinary_least_squares,55,constant_average_sigma
0.001333521432163324,0.10802786344546456,4.6742876087718654e-05,ordinary_least_squares,55,constant_average_sigma
0.0017782794100389228,0.10817921936163502,0.0001980987922581834,ordinary_least_squares,55,constant_average_sigma
0.0023713737056616554,0.10850579932942409,0.000524678760047248,ordinary_least_squares,55,constant_average_sigma
0.0031622776601683794,0.10908371184214272,0.0011025912727658793,ordinary_least_squares,55,constant_average_sigma
0.004216965034285823,0.10996084576706784,0.001979725197691004,ordinary_least_squares,55,constant_average_sigma
0.005623413251903491,0.11112630078456066,0.0031451802151838265,ordinary_least_squares,55,constant_average_sigma
0.007498942093324558,0.11251793023216795,0.004536809662791116,ordinary_least_squares,55,constant_average_sigma
0.01,0.11405563363201712,0.0060745130626402855,ordinary_least_squares,55,constant_average_sigma
0.01333521432163324,0.11565848218487411,0.007677361615497272,ordinary_least_squares,55,constant_average_sigma
0.01778279410038923,0.11725767009513674,0.009276549525759903,ordinary_least_squares,55,constant_average_sigma
0.023713737056616554,0.11882608416226523,0.01084496359288839,ordinary_least_squares,55,constant_average_sigma
0.03162277660168379,0.1203873495404529,0.012406228971076058,ordinary_least_squares,55,constant_average_sigma
0.042169650342858224,0.12198312712456466,0.014002006555187824,ordinary_least_squares,55,constant_average_sigma
0.05623413251903491,0.1236479642649373,0.015666843695560456,ordinary_least_squares,55,constant_average_sigma
0.07498942093324558,0.12544127957640164,0.0174601590070248,ordinary_least_squares,55,constant_average_sigma
0.1,0.12750629614422934,0.019525175574852505,ordinary_least_squares,55,constant_average_sigma
1e-06,0.08432100329815165,0.006461987792023019,ordinary_least_squares,56,constant_average_sigma
1.333521432163324e-06,0.08431619588545693,0.006457180379328298,ordinary_least_squares,56,constant_average_sigma
1.778279410038923e-06,0.08430978785685676,0.0064507723507281345,ordinary_least_squares,56,constant_average_sigma
2.3713737056616552e-06,0.08430124755369375,0.006442232047565125,ordinary_least_squares,56,constant_average_sigma
3.162277660168379e-06,0.08428986755411505,0.006430852047986421,ordinary_least_squares,56,constant_average_sigma
4.216965034285822e-06,0.08427470756577331,0.006415692059644679,ordinary_least_squares,56,constant_average_sigma
5.623413251903491e-06,0.0842545189221835,0.006395503416054868,ordinary_least_squares,56,constant_average_sigma
7.498942093324558e-06,0.08422764587720667,0.006368630371078043,ordinary_least_squares,56,constant_average_sigma
1e-05,0.08419189714353154,0.006332881637402907,ordinary_least_squares,56,constant_average_sigma
1.333521432163324e-05,0.08414438023645462,0.006285364730325996,ordinary_least_squares,56,constant_average_sigma
1.778279410038923e-05,0.08408129068733164,0.00622227518120301,ordinary_least_squares,56,constant_average_sigma
2.3713737056616554e-05,0.08399764893449443,0.006138633428365806,ordinary_least_squares,56,constant_average_sigma
3.1622776601683795e-05,0.0838869813682953,0.006027965862166668,ordinary_least_squares,56,constant_average_sigma
4.216965034285822e-05,0.08374095183776176,0.005881936331633128,ordinary_least_squares,56,constant_average_sigma
5.623413251903491e-05,0.08354897127054715,0.005689955764418525,ordinary_least_squares,56,constant_average_sigma
7.498942093324559e-05,0.0832978567866316,0.005438841280502968,ordinary_least_squares,56,constant_average_sigma
0.0001,0.0829716966836105,0.00511268117748187,ordinary_least_squares,56,constant_average_sigma
0.0001333521432163324,0.0825522387853083,0.004693223279179676,ordinary_least_squares,56,constant_average_sigma
0.00017782794100389227,0.08202041922681326,0.004161403720684631,ordinary_least_squares,56,constant_average_sigma
0.00023713737056616554,0.08136019910598632,0.0035011835998576962,ordinary_least_squares,56,constant_average_sigma
0.00031622776601683794,0.08056687821784106,0.0027078627117124304,ordinary_least_squares,56,constant_average_sigma
0.00042169650342858224,0.07966386655722921,0.0018048510511005783,ordinary_least_squares,56,constant_average_sigma
0.0005623413251903491,0.07873515177095332,0.0008761362648246895,ordinary_least_squares,56,constant_average_sigma
0.0007498942093324559,0.0779865282072927,0.00012751270116406754,ordinary_least_squares,56,constant_average_sigma
0.001,0.07785901550612863,0.0,ordinary_least_squares,56,constant_average_sigma
0.001333521432163324,0.07923616353936448,0.0013771480332358532,ordinary_least_squares,56,constant_average_sigma
0.0017782794100389228,0.08381870061265533,0.0059596851065266965,ordinary_least_squares,56,constant_average_sigma
0.0023713737056616554,0.09479383294459134,0.016934817438462715,ordinary_least_squares,56,constant_average_sigma
0.0031622776601683794,0.11801355941784336,0.04015454391171473,ordinary_least_squares,56,constant_average_sigma
0.004216965034285823,0.1640237399172011,0.08616472441107247,ordinary_least_squares,56,constant_average_sigma
0.005623413251903491,0.2514297462347279,0.1735707307285993,ordinary_least_squares,56,constant_average_sigma
0.007498942093324558,0.41210883352033495,0.33424981801420633,ordinary_least_squares,56,constant_average_sigma
0.01,0.6982359548992141,0.6203769393930855,ordinary_least_squares,56,constant_average_sigma
0.01333521432163324,1.1889058977577782,1.1110468822516495,ordinary_least_squares,56,constant_average_sigma
0.01778279410038923,1.9887152843236566,1.910856268817528,ordinary_least_squares,56,constant_average_sigma
0.023713737056616554,3.202707269305903,3.1248482537997746,ordinary_least_squares,56,constant_average_sigma
0.03162277660168379,4.8738356843701,4.795976668863971,ordinary_least_squares,56,constant_average_sigma
0.042169650342858224,6.90775456562326,6.829895550117131,ordinary_least_squares,56,constant_average_sigma
0.05623413251903491,9.069825252921396,8.991966237415268,ordinary_least_squares,56,constant_average_sigma
0.07498942093324558,11.10068558847047,11.022826572964341,ordinary_least_squares,56,constant_average_sigma
0.1,12.851357087976572,12.773498072470444,ordinary_least_squares,56,constant_average_sigma
1e-06,0.15748243620979363,0.07101592238974784,ordinary_least_squares,57,constant_average_sigma
1.333521432163324e-06,0.15743305569552352,0.07096654187547773,ordinary_least_squares,57,constant_average_sigma
1.778279410038923e-06,0.1573672325600954,0.07090071874004962,ordinary_least_squares,57,constant_average_sigma
2.3713737056616552e-06,0.15727950308031663,0.07081298926027084,ordinary_least_squares,57,constant_average_sigma
3.162277660168379e-06,0.15716259782493747,0.07069608400489168,ordinary_least_squares,57,constant_average_sigma
4.216965034285822e-06,0.15700685162582434,0.07054033780577855,ordinary_least_squares,57,constant_average_sigma
5.623413251903491e-06,0.15679942609807707,0.07033291227803128,ordinary_least_squares,57,constant_average_sigma
7.498942093324558e-06,0.15652329190513847,0.07005677808509268,ordinary_least_squares,57,constant_average_sigma
1e-05,0.15615590065070828,0.06968938683066249,ordinary_least_squares,57,constant_average_sigma
1.333521432163324e-05,0.15566746964890057,0.06920095582885478,ordinary_least_squares,57,constant_average_sigma
1.778279410038923e-05,0.15501879192716023,0.06855227810711444,ordinary_least_squares,57,constant_average_sigma
2.3713737056616554e-05,0.1541584889024288,0.06769197508238302,ordinary_least_squares,57,constant_average_sigma
3.1622776601683795e-05,0.1530196556882653,0.06655314186821952,ordinary_least_squares,57,constant_average_sigma
4.216965034285822e-05,0.15151593620055287,0.06504942238050708,ordinary_least_squares,57,constant_average_sigma
5.623413251903491e-05,0.14953726609669232,0.06307075227664653,ordinary_least_squares,57,constant_average_sigma
7.498942093324559e-05,0.14694593433364925,0.06047942051360346,ordinary_least_squares,57,constant_average_sigma
0.0001,0.14357442618688954,0.05710791236684375,ordinary_least_squares,57,constant_average_sigma
0.0001333521432163324,0.13922805787095913,0.05276154405091334,ordinary_least_squares,57,constant_average_sigma
0.00017782794100389227,0.13369830589669665,0.04723179207665086,ordinary_least_squares,57,constant_average_sigma
0.00023713737056616554,0.12679806822003983,0.04033155439999404,ordinary_least_squares,57,constant_average_sigma
0.00031622776601683794,0.11843983389858706,0.03197332007854127,ordinary_least_squares,57,constant_average_sigma
0.00042169650342858224,0.10879537518010375,0.02232886136005796,ordinary_least_squares,57,constant_average_sigma
0.0005623413251903491,0.09860725035891699,0.012140736538871197,ordinary_least_squares,57,constant_average_sigma
0.0007498942093324559,0.08977867179066396,0.0033121579706181653,ordinary_least_squares,57,constant_average_sigma
0.001,0.08646651382004579,0.0,ordinary_least_squares,57,constant_average_sigma
0.001333521432163324,0.09706835975091092,0.010601845930865134,ordinary_least_squares,57,constant_average_sigma
0.0017782794100389228,0.13775851880782738,0.051292004987781595,ordinary_least_squares,57,constant_average_sigma
0.0023713737056616554,0.23859366105837426,0.1521271472383285,ordinary_least_squares,57,constant_average_sigma
0.0031622776601683794,0.45354350945745475,0.367076995637409,ordinary_least_squares,57,constant_average_sigma
0.004216965034285823,0.8755316569689218,0.789065143148876,ordinary_least_squares,57,constant_average_sigma
0.005623413251903491,1.6550590775004386,1.5685925636803928,ordinary_least_squares,57,constant_average_sigma
0.007498942093324558,3.0129577204636036,2.9264912066435578,ordinary_least_squares,57,constant_average_sigma
0.01,5.221481211466298,5.135014697646252,ordinary_least_squares,57,constant_average_sigma
0.01333521432163324,8.513300697218488,8.426834183398443,ordinary_least_squares,57,constant_average_sigma
0.01778279410038923,12.911174836138171,12.824708322318125,ordinary_least_squares,57,constant_average_sigma
0.023713737056616554,18.099771622728845,18.0133051089088,ordinary_least_squares,57,constant_average_sigma
0.03162277660168379,23.550254636099215,23.46378812227917,ordinary_least_squares,57,constant_average_sigma
0.042169650342858224,28.877155848422618,28.790689334602572,ordinary_least_squares,57,constant_average_sigma
0.05623413251903491,34.063252644774785,33.976786130954736,ordinary_least_squares,57,constant_average_sigma
0.07498942093324558,39.31591535968919,39.22944884586914,ordinary_least_squares,57,constant_average_sigma
0.1,44.75272506177146,44.66625854795141,ordinary_least_squares,57,constant_average_sigma
1e-06,0.2132219726543388,0.15014875045893739,ordinary_least_squares,58,constant_average_sigma
1.333521432163324e-06,0.21313140093396807,0.1500581787385667,ordinary_least_squares,58,constant_average_sigma
1.778279410038923e-06,0.21301066484933684,0.14993744265393544,ordinary_least_squares,58,constant_average_sigma
2.3713737056616552e-06,0.2128497337276252,0.14977651153222382,ordinary_least_squares,58,constant_average_sigma
3.162277660168379e-06,0.21263525985797754,0.14956203766257614,ordinary_least_squares,58,constant_average_sigma
4.216965034285822e-06,0.21234948706112788,0.14927626486572648,ordinary_least_squares,58,constant_average_sigma
5.623413251903491e-06,0.21196881600019624,0.14889559380479483,ordinary_least_squares,58,constant_average_sigma
7.498942093324558e-06,0.21146191890196847,0.14838869670656707,ordinary_least_squares,58,constant_average_sigma
1e-05,0.21078726878497828,0.14771404658957688,ordinary_least_squares,58,constant_average_sigma
1.333521432163324e-05,0.20988993492343383,0.14681671272803243,ordinary_least_squares,58,constant_average_sigma
1.778279410038923e-05,0.20869745917539148,0.1456242369799901,ordinary_least_squares,58,constant_average_sigma
2.3713737056616554e-05,0.20711462866044034,0.14404140646503893,ordinary_least_squares,58,constant_average_sigma
3.1622776601683795e-05,0.20501698699020013,0.14194376479479875,ordinary_least_squares,58,constant_average_sigma
4.216965034285822e-05,0.20224303999488763,0.13916981779948623,ordinary_least_squares,58,constant_average_sigma
5.623413251903491e-05,0.1985853936596293,0.1355121714642279,ordinary_least_squares,58,constant_average_sigma
7.498942093324559e-05,0.19378166611374023,0.13070844391833886,ordinary_least_squares,58,constant_average_sigma
0.0001,0.18750724124949333,0.12443401905409195,ordinary_least_squares,58,constant_average_sigma
0.0001333521432163324,0.17937430865722934,0.11630108646182795,ordinary_least_squares,58,constant_average_sigma
0.00017782794100389227,0.1689461411958284,0.10587291900042702,ordinary_least_squares,58,constant_average_sigma
0.00023713737056616554,0.1557839634616726,0.0927107412662712,ordinary_least_squares,58,constant_average_sigma
0.00031622776601683794,0.13955922818913924,0.07648600599373785,ordinary_least_squares,58,constant_average_sigma
0.00042169650342858224,0.12029223246392895,0.05721901026852756,ordinary_least_squares,58,constant_average_sigma
0.0005623413251903491,0.09882831029816261,0.03575508810276122,ordinary_least_squares,58,constant_average_sigma
0.0007498942093324559,0.07775052181336713,0.014677299617965739,ordinary_least_squares,58,constant_average_sigma
0.001,0.06307322219540139,0.0,ordinary_least_squares,58,constant_average_sigma
0.001333521432163324,0.06727830454843191,0.00420508235303052,ordinary_least_squares,58,constant_average_sigma
0.0017782794100389228,0.11450366461813313,0.051430442422731745,ordinary_least_squares,58,constant_average_sigma
0.0023713737056616554,0.24872287513953212,0.18564965294413072,ordinary_least_squares,58,constant_average_sigma
0.0031622776601683794,0.5447725630532029,0.4816993408578015,ordinary_least_squares,58,constant_average_sigma
0.004216965034285823,1.1183419946096553,1.055268772414254,ordinary_least_squares,58,constant_average_sigma
0.005623413251903491,2.1224356642210505,2.059362442025649,ordinary_least_squares,58,constant_average_sigma
0.007498942093324558,3.7070347479590056,3.643961525763604,ordinary_least_squares,58,constant_average_sigma
0.01,5.927148949945188,5.864075727749786,ordinary_least_squares,58,constant_average_sigma
0.01333521432163324,8.649341434487956,8.586268212292556,ordinary_least_squares,58,constant_average_sigma
0.01778279410038923,11.581281813012103,11.518208590816702,ordinary_least_squares,58,constant_average_sigma
0.023713737056616554,14.457736620890827,14.394663398695426,ordinary_least_squares,58,constant_average_sigma
0.03162277660168379,17.212562914694814,17.14948969249941,ordinary_least_squares,58,constant_average_sigma
0.042169650342858224,19.97081577071825,19.907742548522847,ordinary_least_squares,58,constant_average_sigma
0.05623413251903491,22.89302187223841,22.829948650043008,ordinary_least_squares,58,constant_average_sigma
0.07498942093324558,26.040862368545866,25.977789146350464,ordinary_least_squares,58,constant_average_sigma
0.1,29.384097475457008,29.321024253261605,ordinary_least_squares,58,constant_average_sigma
1e-06,0.638532521654971,0.6073006202956424,ordinary_least_squares,59,constant_average_sigma
1.333521432163324e-06,0.638133989840048,0.6069020884807194,ordinary_least_squares,59,constant_average_sigma
1.778279410038923e-06,0.6376025984211389,0.6063706970618102,ordinary_least_squares,59,constant_average_sigma
2.3713737056616552e-06,0.6368940801886627,0.605662178829334,ordinary_least_squares,59,constant_average_sigma
3.162277660168379e-06,0.635949442388421,0.6047175410290924,ordinary_least_squares,59,constant_average_sigma
4.216965034285822e-06,0.6346900832789873,0.6034581819196587,ordinary_least_squares,59,constant_average_sigma
5.623413251903491e-06,0.6330113077165748,0.6017794063572461,ordinary_least_squares,59,constant_average_sigma
7.498942093324558e-06,0.6307737269745864,0.5995418256152578,ordinary_least_squares,59,constant_average_sigma
1e-05,0.6277918813457888,0.5965599799864602,ordinary_least_squares,59,constant_average_sigma
1.333521432163324e-05,0.6238192433804456,0.592587342021117,ordinary_least_squares,59,constant_average_sigma
1.778279410038923e-05,0.6185285688242208,0.5872966674648922,ordinary_least_squares,59,constant_average_sigma
2.3713737056616554e-05,0.6114863983450888,0.5802544969857601,ordinary_least_squares,59,constant_average_sigma
3.1622776601683795e-05,0.6021205068785414,0.5708886055192127,ordinary_least_squares,59,constant_average_sigma
4.216965034285822e-05,0.5896795535853971,0.5584476522260685,ordinary_least_squares,59,constant_average_sigma
5.623413251903491e-05,0.5731858188243862,0.5419539174650576,ordinary_least_squares,59,constant_average_sigma
7.498942093324559e-05,0.5513863586795504,0.5201544573202218,ordinary_least_squares,59,constant_average_sigma
0.0001,0.5227186628408805,0.49148676148155185,ordinary_least_squares,59,constant_average_sigma
0.0001333521432163324,0.4853307721618735,0.4540988708025448,ordinary_least_squares,59,constant_average_sigma
0.00017782794100389227,0.4372432587320936,0.4060113573727649,ordinary_least_squares,59,constant_average_sigma
0.00023713737056616554,0.37681777686750734,0.34558587550817865,ordinary_least_squares,59,constant_average_sigma
0.00031622776601683794,0.3037735773042369,0.2725416759449082,ordinary_least_squares,59,constant_average_sigma
0.00042169650342858224,0.22094137463855443,0.18970947327922577,ordinary_least_squares,59,constant_average_sigma
0.0005623413251903491,0.136538373216027,0.10530647185669834,ordinary_least_squares,59,constant_average_sigma
0.0007498942093324559,0.06591470027102427,0.03468279891169561,ordinary_least_squares,59,constant_average_sigma
0.001,0.03123190135932866,0.0,ordinary_least_squares,59,constant_average_sigma
0.001333521432163324,0.059729472694503516,0.028497571335174856,ordinary_least_squares,59,constant_average_sigma
0.0017782794100389228,0.1858327884070645,0.15460088704773584,ordinary_least_squares,59,constant_average_sigma
0.0023713737056616554,0.4597082951046732,0.4284763937453445,ordinary_least_squares,59,constant_average_sigma
0.0031622776601683794,0.9516160311464128,0.9203841297870842,ordinary_least_squares,59,constant_average_sigma
0.004216965034285823,1.7343379127581464,1.7031060113988177,ordinary_least_squares,59,constant_average_sigma
0.005623413251903491,2.8398895857587485,2.80865768439942,ordinary_least_squares,59,constant_average_sigma
0.007498942093324558,4.222780252386952,4.191548351027624,ordinary_least_squares,59,constant_average_sigma
0.01,5.778353836312025,5.7471219349526965,ordinary_least_squares,59,constant_average_sigma
0.01333521432163324,7.4017935395153724,7.370561638156044,ordinary_least_squares,59,constant_average_sigma
0.01778279410038923,9.01989550361678,8.988663602257452,ordinary_least_squares,59,constant_average_sigma
0.023713737056616554,10.587207213516844,10.555975312157516,ordinary_least_squares,59,constant_average_sigma
0.03162277660168379,12.080504125981664,12.049272224622335,ordinary_least_squares,59,constant_average_sigma
0.042169650342858224,13.48795876950401,13.456726868144681,ordinary_least_squares,59,constant_average_sigma
0.05623413251903491,14.789982980104934,14.758751078745606,ordinary_least_squares,59,constant_average_sigma
0.07498942093324558,15.959578765329653,15.928346863970324,ordinary_least_squares,59,constant_average_sigma
0.1,16.98459652617868,16.95336462481935,ordinary_least_squares,59,constant_average_sigma
1e-06,5.886257680518215,1.8058382206085932,ordinary_least_squares,60,constant_average_sigma
1.333521432163324e-06,5.885164447442662,1.8047449875330406,ordinary_least_squares,60,constant_average_sigma
1.778279410038923e-06,5.8837070935661355,1.803287633656514,ordinary_least_squares,60,constant_average_sigma
2.3713737056616552e-06,5.881764563886529,1.8013451039769075,ordinary_least_squares,60,constant_average_sigma
3.162277660168379e-06,5.8791757269577465,1.798756267048125,ordinary_least_squares,60,constant_average_sigma
4.216965034285822e-06,5.875726248226014,1.7953067883163927,ordinary_least_squares,60,constant_average_sigma
5.623413251903491e-06,5.8711312585838025,1.790711798674181,ordinary_least_squares,60,constant_average_sigma
7.498942093324558e-06,5.865012573207713,1.784593113298092,ordinary_least_squares,60,constant_average_sigma
1e-05,5.856868885281448,1.7764494253718262,ordinary_least_squares,60,constant_average_sigma
1.333521432163324e-05,5.846037056310606,1.7656175964009844,ordinary_least_squares,60,constant_average_sigma
1.778279410038923e-05,5.831642324009481,1.7512228640998595,ordinary_least_squares,60,constant_average_sigma
2.3713737056616554e-05,5.812535182498435,1.732115722588813,ordinary_least_squares,60,constant_average_sigma
3.1622776601683795e-05,5.787213050124197,1.7067935902145752,ordinary_least_squares,60,constant_average_sigma
4.216965034285822e-05,5.753726247047072,1.6733067871374505,ordinary_least_squares,60,constant_average_sigma
5.623413251903491e-05,5.709571282224916,1.6291518223152943,ordinary_least_squares,60,constant_average_sigma
7.498942093324559e-05,5.651581973293053,1.571162513383431,ordinary_least_squares,60,constant_average_sigma
0.0001,5.575844190085169,1.4954247301755474,ordinary_least_squares,60,constant_average_sigma
0.0001333521432163324,5.4776897244706095,1.397270264560988,ordinary_least_squares,60,constant_average_sigma
0.00017782794100389227,5.351881080695559,1.2714616207859377,ordinary_least_squares,60,constant_average_sigma
0.00023713737056616554,5.193203031491546,1.1127835715819243,ordinary_least_squares,60,constant_average_sigma
0.00031622776601683794,4.997863496721929,0.9174440368123076,ordinary_least_squares,60,constant_average_sigma
0.00042169650342858224,4.766425846443903,0.6860063865342818,ordinary_least_squares,60,constant_average_sigma
0.0005623413251903491,4.509494441390228,0.4290749814806061,ordinary_least_squares,60,constant_average_sigma
0.0007498942093324559,4.258012542944067,0.17759308303444588,ordinary_least_squares,60,constant_average_sigma
0.001,4.0804194599096215,0.0,ordinary_least_squares,60,constant_average_sigma
0.001333521432163324,4.107861390292548,0.02744193038292675,ordinary_least_squares,60,constant_average_sigma
0.0017782794100389228,4.564066293707915,0.48364683379829376,ordinary_least_squares,60,constant_average_sigma
0.0023713737056616554,5.787445588919331,1.7070261290097095,ordinary_least_squares,60,constant_average_sigma
0.0031622776601683794,8.22594628105916,4.145526821149539,ordinary_least_squares,60,constant_average_sigma
0.004216965034285823,12.404866931256755,8.324447471347135,ordinary_least_squares,60,constant_average_sigma
0.005623413251903491,18.944172907852757,14.863753447943136,ordinary_least_squares,60,constant_average_sigma
0.007498942093324558,28.744658474924982,24.66423901501536,ordinary_least_squares,60,constant_average_sigma
0.01,43.251381343114275,39.170961883204654,ordinary_least_squares,60,constant_average_sigma
0.01333521432163324,64.38640064554816,60.305981185638544,ordinary_least_squares,60,constant_average_sigma
0.01778279410038923,93.77377789919568,89.69335843928606,ordinary_least_squares,60,constant_average_sigma
0.023713737056616554,131.31442600851568,127.23400654860606,ordinary_least_squares,60,constant_average_sigma
0.03162277660168379,174.02624781412425,169.94582835421463,ordinary_least_squares,60,constant_average_sigma
0.042169650342858224,216.698184140682,212.61776468077238,ordinary_least_squares,60,constant_average_sigma
0.05623413251903491,254.38617419056905,250.30575473065943,ordinary_least_squares,60,constant_average_sigma
0.07498942093324558,284.43726907372985,280.3568496138202,ordinary_least_squares,60,constant_average_sigma
0.1,306.6177975471842,302.53737808727453,ordinary_least_squares,60,constant_average_sigma
1e-06,1.511233207047311,0.4959548344273439,ordinary_least_squares,61,constant_average_sigma
1.333521432163324e-06,1.5109061178324372,0.4956277452124702,ordinary_least_squares,61,constant_average_sigma
1.778279410038923e-06,1.5104700934651445,0.4951917208451775,ordinary_least_squares,61,constant_average_sigma
2.3713737056616552e-06,1.5098889236059028,0.49461055098593576,ordinary_least_squares,61,constant_average_sigma
3.162277660168379e-06,1.5091144156446814,0.4938360430247144,ordinary_least_squares,61,constant_average_sigma
4.216965034285822e-06,1.508082471898599,0.492804099278632,ordinary_least_squares,61,constant_average_sigma
5.623413251903491e-06,1.5067079175865137,0.49142954496654667,ordinary_least_squares,61,constant_average_sigma
7.498942093324558e-06,1.5048777040938752,0.4895993314739082,ordinary_least_squares,61,constant_average_sigma
1e-05,1.5024420308841726,0.4871636582642056,ordinary_least_squares,61,constant_average_sigma
1.333521432163324e-05,1.499202831447284,0.48392445882731705,ordinary_least_squares,61,constant_average_sigma
1.778279410038923e-05,1.4948990044841202,0.47962063186415316,ordinary_least_squares,61,constant_average_sigma
2.3713737056616554e-05,1.4891877628645847,0.47390939024461765,ordinary_least_squares,61,constant_average_sigma
3.1622776601683795e-05,1.4816216360474763,0.4663432634275093,ordinary_least_squares,61,constant_average_sigma
4.216965034285822e-05,1.4716211659064107,0.45634279328644367,ordinary_least_squares,61,constant_average_sigma
5.623413251903491e-05,1.45844455604791,0.443166183427943,ordinary_least_squares,61,constant_average_sigma
7.498942093324559e-05,1.4411581467995214,0.42587977417955436,ordinary_least_squares,61,constant_average_sigma
0.0001,1.4186168849832541,0.4033385123632871,ordinary_least_squares,61,constant_average_sigma
0.0001333521432163324,1.3894743329530748,0.37419596033310776,ordinary_least_squares,61,constant_average_sigma
0.00017782794100389227,1.3522615705802383,0.3369831979602713,ordinary_least_squares,61,constant_average_sigma
0.00023713737056616554,1.3056111617006947,0.2903327890807277,ordinary_least_squares,61,constant_average_sigma
0.00031622776601683794,1.2487681232060912,0.2334897505861242,ordinary_least_squares,61,constant_average_sigma
0.00042169650342858224,1.1826390274501533,0.16736065483018625,ordinary_least_squares,61,constant_average_sigma
0.0005623413251903491,1.1117855321891452,0.09650715956917821,ordinary_least_squares,61,constant_average_sigma
0.0007498942093324559,1.0479103903026026,0.03263201768263557,ordinary_least_squares,61,constant_average_sigma
0.001,1.015278372619967,0.0,ordinary_least_squares,61,constant_average_sigma
0.001333521432163324,1.0576166651730445,0.04233829255307753,ordinary_least_squares,61,constant_average_sigma
0.0017782794100389228,1.2435972964442898,0.22831892382432284,ordinary_least_squares,61,constant_average_sigma
0.0023713737056616554,1.664103341004986,0.6488249683850189,ordinary_least_squares,61,constant_average_sigma
0.0031622776601683794,2.41231041978962,1.3970320471696531,ordinary_least_squares,61,constant_average_sigma
0.004216965034285823,3.5426829166347478,2.5274045440147805,ordinary_least_squares,61,constant_average_sigma
0.005623413251903491,5.021052953885792,4.0057745812658245,ordinary_least_squares,61,constant_average_sigma
0.007498942093324558,6.705273586215357,5.68999521359539,ordinary_least_squares,61,constant_average_sigma
0.01,8.396804375706296,7.381526003086329,ordinary_least_squares,61,constant_average_sigma
0.01333521432163324,9.934915851611564,8.919637478991596,ordinary_least_squares,61,constant_average_sigma
0.01778279410038923,11.255882008813256,10.240603636193288,ordinary_least_squares,61,constant_average_sigma
0.023713737056616554,12.387395078882347,11.37211670626238,ordinary_least_squares,61,constant_average_sigma
0.03162277660168379,13.410352346201382,12.395073973581415,ordinary_least_squares,61,constant_average_sigma
0.042169650342858224,14.421253172003173,13.405974799383205,ordinary_least_squares,61,constant_average_sigma
0.05623413251903491,15.500340268647916,14.485061896027949,ordinary_least_squares,61,constant_average_sigma
0.07498942093324558,16.686717391931403,15.671439019311435,ordinary_least_squares,61,constant_average_sigma
0.1,17.97239674908178,16.957118376461814,ordinary_least_squares,61,constant_average_sigma
1e-06,0.10659007329546749,0.04382298873435479,ordinary_least_squares,62,constant_average_sigma
1.333521432163324e-06,0.10656045191682968,0.04379336735571698,ordinary_least_squares,62,constant_average_sigma
1.778279410038923e-06,0.10652096620274056,0.043753881641627856,ordinary_least_squares,62,constant_average_sigma
2.3713737056616552e-06,0.10646833760826442,0.04370125304715172,ordinary_least_squares,62,constant_average_sigma
3.162277660168379e-06,0.10639820356179609,0.043631119000683394,ordinary_least_squares,62,constant_average_sigma
4.216965034285822e-06,0.106304762279815,0.0435376777187023,ordinary_least_squares,62,constant_average_sigma
5.623413251903491e-06,0.10618030580017197,0.043413221239059274,ordinary_least_squares,62,constant_average_sigma
7.498942093324558e-06,0.1060146063235954,0.0432475217624827,ordinary_least_squares,62,constant_average_sigma
1e-05,0.10579411565087277,0.04302703108976007,ordinary_least_squares,62,constant_average_sigma
1.333521432163324e-05,0.10550092865819492,0.042733844097082224,ordinary_least_squares,62,constant_average_sigma
1.778279410038923e-05,0.10511145651207635,0.04234437195096365,ordinary_least_squares,62,constant_average_sigma
2.3713737056616554e-05,0.10459475646670993,0.04182767190559723,ordinary_least_squares,62,constant_average_sigma
3.1622776601683795e-05,0.10391048167117732,0.04114339711006462,ordinary_least_squares,62,constant_average_sigma
4.216965034285822e-05,0.10300646426703798,0.04023937970592528,ordinary_least_squares,62,constant_average_sigma
5.623413251903491e-05,0.10181606108727893,0.039048976526166235,ordinary_least_squares,62,constant_average_sigma
7.498942093324559e-05,0.10025563599062541,0.03748855142951271,ordinary_least_squares,62,constant_average_sigma
0.0001,0.0982230424925017,0.035455957931389004,ordinary_least_squares,62,constant_average_sigma
0.0001333521432163324,0.09559891777954777,0.032831833218435066,ordinary_least_squares,62,constant_average_sigma
0.00017782794100389227,0.09225438854468224,0.029487303983569538,ordinary_least_squares,62,constant_average_sigma
0.00023713737056616554,0.08807208644431,0.0253050018831973,ordinary_least_squares,62,constant_average_sigma
0.00031622776601683794,0.08299324314089754,0.02022615857978484,ordinary_least_squares,62,constant_average_sigma
0.00042169650342858224,0.07711347580679499,0.014346391245682294,ordinary_least_squares,62,constant_average_sigma
0.0005623413251903491,0.07086438670981156,0.00809730214869886,ordinary_least_squares,62,constant_average_sigma
0.0007498942093324559,0.06533314365569469,0.0025660590945819906,ordinary_least_squares,62,constant_average_sigma
0.001,0.0627670845611127,0.0,ordinary_least_squares,62,constant_average_sigma
0.001333521432163324,0.06722658179552361,0.004459497234410914,ordinary_least_squares,62,constant_average_sigma
0.0017782794100389228,0.08508842298667331,0.02232133842556061,ordinary_least_squares,62,constant_average_sigma
0.0023713737056616554,0.12467292869928819,0.061905844138175486,ordinary_least_squares,62,constant_average_sigma
0.0031622776601683794,0.19426893233646814,0.13150184777535545,ordinary_least_squares,62,constant_average_sigma
0.004216965034285823,0.29946691514958323,0.23669983058847055,ordinary_least_squares,62,constant_average_sigma
0.005623413251903491,0.4427162952420398,0.37994921068092713,ordinary_least_squares,62,constant_average_sigma
0.007498942093324558,0.6251055732528827,0.56233848869177,ordinary_least_squares,62,constant_average_sigma
0.01,0.8453749759348972,0.7826078913737845,ordinary_least_squares,62,constant_average_sigma
0.01333521432163324,1.0957781106856679,1.033011026124555,ordinary_least_squares,62,constant_average_sigma
0.01778279410038923,1.3617813033558734,1.2990142187947606,ordinary_least_squares,62,constant_average_sigma
0.023713737056616554,1.6279562124679046,1.5651891279067918,ordinary_least_squares,62,constant_average_sigma
0.03162277660168379,1.884412667623325,1.8216455830622122,ordinary_least_squares,62,constant_average_sigma
0.042169650342858224,2.128439192153071,2.065672107591958,ordinary_least_squares,62,constant_average_sigma
0.05623413251903491,2.360704473577207,2.297937389016094,ordinary_least_squares,62,constant_average_sigma
0.07498942093324558,2.57911704159444,2.516349957033327,ordinary_least_squares,62,constant_average_sigma
0.1,2.7759940364709794,2.7132269519098666,ordinary_least_squares,62,constant_average_sigma
1e-06,0.05452610115891829,0.04170683721001127,ordinary_least_squares,63,constant_average_sigma
1.333521432163324e-06,0.05450006025854203,0.04168079630963501,ordinary_least_squares,63,constant_average_sigma
1.778279410038923e-06,0.05446534650015179,0.04164608255124477,ordinary_least_squares,63,constant_average_sigma
2.3713737056616552e-06,0.05441907698393372,0.0415998130350267,ordinary_least_squares,63,constant_average_sigma
3.162277660168379e-06,0.05435741491597076,0.04153815096706374,ordinary_least_squares,63,constant_average_sigma
4.216965034285822e-06,0.05427525694670022,0.0414559929977932,ordinary_least_squares,63,constant_average_sigma
5.623413251903491e-06,0.05416582169195758,0.04134655774305056,ordinary_least_squares,63,constant_average_sigma
7.498942093324558e-06,0.054020108157402144,0.041200844208495124,ordinary_least_squares,63,constant_average_sigma
1e-05,0.053826188599165666,0.041006924650258646,ordinary_least_squares,63,constant_average_sigma
1.333521432163324e-05,0.05356829097968565,0.04074902703077863,ordinary_least_squares,63,constant_average_sigma
1.778279410038923e-05,0.053225621018769244,0.040406357069862224,ordinary_least_squares,63,constant_average_sigma
2.3713737056616554e-05,0.052770872804523854,0.039951608855616834,ordinary_least_squares,63,constant_average_sigma
3.1622776601683795e-05,0.05216838737398565,0.03934912342507863,ordinary_least_squares,63,constant_average_sigma
4.216965034285822e-05,0.051371955135984124,0.038552691187077104,ordinary_least_squares,63,constant_average_sigma
5.623413251903491e-05,0.0503223451287424,0.03750308117983538,ordinary_least_squares,63,constant_average_sigma
7.498942093324559e-05,0.04894483034865433,0.03612556639974731,ordinary_least_squares,63,constant_average_sigma
0.0001,0.047147351337710156,0.034328087388803136,ordinary_least_squares,63,constant_average_sigma
0.0001333521432163324,0.044820681331439884,0.032001417382532864,ordinary_least_squares,63,constant_average_sigma
0.00017782794100389227,0.041843317272312414,0.029024053323405394,ordinary_least_squares,63,constant_average_sigma
0.00023713737056616554,0.03809634710197922,0.0252770831530722,ordinary_least_squares,63,constant_average_sigma
0.00031622776601683794,0.03349816410266034,0.020678900153753323,ordinary_least_squares,63,constant_average_sigma
0.00042169650342858224,0.028077211158876413,0.015257947209969393,ordinary_least_squares,63,constant_average_sigma
0.0005623413251903491,0.022115530309275128,0.009296266360368108,ordinary_least_squares,63,constant_average_sigma
0.0007498942093324559,0.016420420777311248,0.0036011568284042283,ordinary_least_squares,63,constant_average_sigma
0.001,0.01281926394890702,0.0,ordinary_least_squares,63,constant_average_sigma
0.001333521432163324,0.015019506397782554,0.002200242448875534,ordinary_least_squares,63,constant_average_sigma
0.0017782794100389228,0.029997582448434125,0.017178318499527105,ordinary_least_squares,63,constant_average_sigma
0.0023713737056616554,0.06995597708921722,0.0571367131403102,ordinary_least_squares,63,constant_average_sigma
0.0031622776601683794,0.15432304571098598,0.14150378176207895,ordinary_least_squares,63,constant_average_sigma
0.004216965034285823,0.309863757444763,0.297044493495856,ordinary_least_squares,63,constant_average_sigma
0.005623413251903491,0.565098337828611,0.552279073879704,ordinary_least_squares,63,constant_average_sigma
0.007498942093324558,0.9362506589185021,0.9234313949695951,ordinary_least_squares,63,constant_average_sigma
0.01,1.4108731219808188,1.3980538580319117,ordinary_least_squares,63,constant_average_sigma
0.01333521432163324,1.9452473574517037,1.9324280935027967,ordinary_least_squares,63,constant_average_sigma
0.01778279410038923,2.482574175698376,2.469754911749469,ordinary_least_squares,63,constant_average_sigma
0.023713737056616554,2.9769328217768343,2.964113557827927,ordinary_least_squares,63,constant_average_sigma
0.03162277660168379,3.4049599042794307,3.3921406403305236,ordinary_least_squares,63,constant_average_sigma
0.042169650342858224,3.76406631059053,3.751247046641623,ordinary_least_squares,63,constant_average_sigma
0.05623413251903491,4.0657533284400555,4.052934064491149,ordinary_least_squares,63,constant_average_sigma
0.07498942093324558,4.328565003134055,4.315745739185148,ordinary_least_squares,63,constant_average_sigma
0.1,4.571256144489369,4.558436880540462,ordinary_least_squares,63,constant_average_sigma
1e-06,0.44123360655829935,0.03434450548237489,ordinary_least_squares,64,constant_average_sigma
1.333521432163324e-06,0.4412132500367252,0.034324148960800716,ordinary_least_squares,64,constant_average_sigma
1.778279410038923e-06,0.4411861133421066,0.03429701226618215,ordinary_least_squares,64,constant_average_sigma
2.3713737056616552e-06,0.4411499422420661,0.03426084116614164,ordinary_least_squares,64,constant_average_sigma
3.162277660168379e-06,0.44110173624764565,0.034212635171721184,ordinary_least_squares,64,constant_average_sigma
4.216965034285822e-06,0.44103750398029073,0.03414840290436627,ordinary_least_squares,64,constant_average_sigma
5.623413251903491e-06,0.44095194039678137,0.03406283932085691,ordinary_least_squares,64,constant_average_sigma
7.498942093324558e-06,0.4408380022541694,0.03394890117824495,ordinary_least_squares,64,constant_average_sigma
1e-05,0.4406863527173626,0.03379725164143815,ordinary_least_squares,64,constant_average_sigma
1.333521432163324e-05,0.4404846395326064,0.03359553845668195,ordinary_least_squares,64,constant_average_sigma
1.778279410038923e-05,0.4402165661457216,0.03332746506979711,ordinary_least_squares,64,constant_average_sigma
2.3713737056616554e-05,0.4398607128904099,0.032971611814485435,ordinary_least_squares,64,constant_average_sigma
3.1622776601683795e-05,0.43938907146633466,0.03249997039041019,ordinary_least_squares,64,constant_average_sigma
4.216965034285822e-05,0.43876528038514545,0.03187617930922099,ordinary_least_squares,64,constant_average_sigma
5.623413251903491e-05,0.43794260961369935,0.031053508537774888,ordinary_least_squares,64,constant_average_sigma
7.498942093324559e-05,0.4368618748217888,0.029972773745864323,ordinary_least_squares,64,constant_average_sigma
0.0001,0.43544972858719905,0.028560627511274583,ordinary_least_squares,64,constant_average_sigma
0.0001333521432163324,0.43361829437042065,0.02672919329449619,ordinary_least_squares,64,constant_average_sigma
0.00017782794100389227,0.4312680905474199,0.024378989471495416,ordinary_least_squares,64,constant_average_sigma
0.00023713737056616554,0.42829801735212564,0.021408916276201173,ordinary_least_squares,64,constant_average_sigma
0.00031622776601683794,0.424629529418743,0.017740428342818526,ordinary_least_squares,64,constant_average_sigma
0.00042169650342858224,0.42025818465164055,0.01336908357571609,ordinary_least_squares,64,constant_average_sigma
0.0005623413251903491,0.41535657718462254,0.00846747610869808,ordinary_least_squares,64,constant_average_sigma
0.0007498942093324559,0.4104714643920687,0.0035823633161442547,ordinary_least_squares,64,constant_average_sigma
0.001,0.40688910107592446,0.0,ordinary_least_squares,64,constant_average_sigma
0.001333521432163324,0.4072898317056853,0.00040073062976081486,ordinary_least_squares,64,constant_average_sigma
0.0017782794100389228,0.4168684586540647,0.009979357578140224,ordinary_least_squares,64,constant_average_sigma
0.0023713737056616554,0.4451105419733513,0.03822144089742685,ordinary_least_squares,64,constant_average_sigma
0.0031622776601683794,0.5082136489511071,0.10132454787518264,ordinary_least_squares,64,constant_average_sigma
0.004216965034285823,0.6313080574351282,0.22441895635920373,ordinary_least_squares,64,constant_average_sigma
0.005623413251903491,0.847595437609993,0.44070633653406854,ordinary_least_squares,64,constant_average_sigma
0.007498942093324558,1.1889116726689914,0.782022571593067,ordinary_least_squares,64,constant_average_sigma
0.01,1.6642850489887597,1.2573959479128352,ordinary_least_squares,64,constant_average_sigma
0.01333521432163324,2.2378720195239,1.8309829184479756,ordinary_least_squares,64,constant_average_sigma
0.01778279410038923,2.833616177574179,2.4267270764982545,ordinary_least_squares,64,constant_average_sigma
0.023713737056616554,3.3740731903816212,2.9671840893056967,ordinary_least_squares,64,constant_average_sigma
0.03162277660168379,3.817703512579389,3.4108144115034644,ordinary_least_squares,64,constant_average_sigma
0.042169650342858224,4.162579972608538,3.755690871532613,ordinary_least_squares,64,constant_average_sigma
0.05623413251903491,4.427221138064047,4.020332036988123,ordinary_least_squares,64,constant_average_sigma
0.07498942093324558,4.633783347561702,4.226894246485778,ordinary_least_squares,64,constant_average_sigma
0.1,4.801565238003095,4.3946761369271705,ordinary_least_squares,64,constant_average_sigma
1e-06,0.8100799377617396,0.00031728379615125757,ordinary_least_squares,65,constant_average_sigma
1.333521432163324e-06,0.8100797353015791,0.00031708133599073207,ordinary_least_squares,65,constant_average_sigma
1.778279410038923e-06,0.8100794654170483,0.00031681145146000844,ordinary_least_squares,65,constant_average_sigma
2.3713737056616552e-06,0.8100791056990071,0.00031645173341876554,ordinary_least_squares,65,constant_average_sigma
3.162277660168379e-06,0.8100786263250523,0.0003159723594640118,ordinary_least_squares,65,constant_average_sigma
4.216965034285822e-06,0.8100779876347423,0.0003153336691539277,ordinary_least_squares,65,constant_average_sigma
5.623413251903491e-06,0.8100771369324489,0.0003144829668605409,ordinary_least_squares,65,constant_average_sigma
7.498942093324558e-06,0.8100760042898617,0.00031335032427337595,ordinary_least_squares,65,constant_average_sigma
1e-05,0.8100744970648378,0.00031184309924947584,ordinary_least_squares,65,constant_average_sigma
1.333521432163324e-05,0.8100724927999501,0.0003098388343617531,ordinary_least_squares,65,constant_average_sigma
1.778279410038923e-05,0.8100698301212669,0.0003071761556785457,ordinary_least_squares,65,constant_average_sigma
2.3713737056616554e-05,0.8100662972582665,0.0003036432926781796,ordinary_least_squares,65,constant_average_sigma
3.1622776601683795e-05,0.8100616179022986,0.00029896393671025034,ordinary_least_squares,65,constant_average_sigma
4.216965034285822e-05,0.8100554344257511,0.00029278046016278925,ordinary_least_squares,65,constant_average_sigma
5.623413251903491e-05,0.8100472891997793,0.00028463523419097747,ordinary_least_squares,65,constant_average_sigma
7.498942093324559e-05,0.8100366062559085,0.000273952290320123,ordinary_least_squares,65,constant_average_sigma
0.0001,0.8100226785283777,0.000260024562789396,ordinary_least_squares,65,constant_average_sigma
0.0001333521432163324,0.8100046716467839,0.0002420176811955832,ordinary_least_squares,65,constant_average_sigma
0.00017782794100389227,0.8099816659768033,0.0002190120112149918,ordinary_least_squares,65,constant_average_sigma
0.00023713737056616554,0.8099527783351391,0.0001901243695507926,ordinary_least_squares,65,constant_average_sigma
0.00031622776601683794,0.8099174405277603,0.00015478656217193798,ordinary_least_squares,65,constant_average_sigma
0.00042169650342858224,0.8098759754546838,0.0001133214890954859,ordinary_least_squares,65,constant_average_sigma
0.0005623413251903491,0.8098307220864958,6.806812090742742e-05,ordinary_least_squares,65,constant_average_sigma
0.0007498942093324559,0.809788145408175,2.5491442586678126e-05,ordinary_least_squares,65,constant_average_sigma
0.001,0.8097626539655883,0.0,ordinary_least_squares,65,constant_average_sigma
0.001333521432163324,0.8097832233158427,2.056935025440687e-05,ordinary_least_squares,65,constant_average_sigma
0.0017782794100389228,0.8099042021490962,0.0001415481835078669,ordinary_least_squares,65,constant_average_sigma
0.0023713737056616554,0.8102211682575868,0.0004585142919985019,ordinary_least_squares,65,constant_average_sigma
0.0031622776601683794,0.8108897196782605,0.0011270657126721817,ordinary_least_squares,65,constant_average_sigma
0.004216965034285823,0.8121374548896331,0.00237480092404474,ordinary_least_squares,65,constant_average_sigma
0.005623413251903491,0.8142499487888143,0.004487294823225962,ordinary_least_squares,65,constant_average_sigma
0.007498942093324558,0.8175194801502743,0.007756826184685983,ordinary_least_squares,65,constant_average_sigma
0.01,0.8221895666172098,0.012426912651621436,ordinary_least_squares,65,constant_average_sigma
0.01333521432163324,0.8284484945786205,0.018685840613032134,ordinary_least_squares,65,constant_average_sigma
0.01778279410038923,0.8364433708952145,0.026680716929626147,ordinary_least_squares,65,constant_average_sigma
0.023713737056616554,0.8462582330420595,0.03649557907647116,ordinary_least_squares,65,constant_average_sigma
0.03162277660168379,0.8578735182555107,0.048110864289922395,ordinary_least_squares,65,constant_average_sigma
0.042169650342858224,0.8710409535556135,0.061278299590025176,ordinary_least_squares,65,constant_average_sigma
0.05623413251903491,0.8850489707397077,0.07528631677411934,ordinary_least_squares,65,constant_average_sigma
0.07498942093324558,0.8986994452965212,0.08893679133093291,ordinary_least_squares,65,constant_average_sigma
0.1,0.9107736886972195,0.1010110347316312,ordinary_least_squares,65,constant_average_sigma
1e-06,0.4514353975721811,0.00019352005329720257,ordinary_least_squares,66,constant_average_sigma
1.333521432163324e-06,0.45143527800732386,0.00019340048843996538,ordinary_least_squares,66,constant_average_sigma
1.778279410038923e-06,0.4514351186203751,0.00019324110149121498,ordinary_least_squares,66,constant_average_sigma
2.3713737056616552e-06,0.4514349061729255,0.00019302865404158265,ordinary_least_squares,66,constant_average_sigma
3.162277660168379e-06,0.45143462304450305,0.00019274552561915348,ordinary_least_squares,66,constant_average_sigma
4.216965034285822e-06,0.4514342457977817,0.00019236827889779207,ordinary_least_squares,66,constant_average_sigma
5.623413251903491e-06,0.45143374328456654,0.0001918657656826417,ordinary_least_squares,66,constant_average_sigma
7.498942093324558e-06,0.45143307415664097,0.00019119663775707396,ordinary_least_squares,66,constant_average_sigma
1e-05,0.4514321836110748,0.000190306092190895,ordinary_least_squares,66,constant_average_sigma
1.333521432163324e-05,0.45143099916445784,0.00018912164557394195,ordinary_least_squares,66,constant_average_sigma
1.778279410038923e-05,0.4514294252222015,0.00018754770331758097,ordinary_least_squares,66,constant_average_sigma
2.3713737056616554e-05,0.4514273362009113,0.00018545868202740623,ordinary_least_squares,66,constant_average_sigma
3.1622776601683795e-05,0.4514245680067963,0.00018269048791241804,ordinary_least_squares,66,constant_average_sigma
4.216965034285822e-05,0.4514209078321162,0.0001790303132322979,ordinary_least_squares,66,constant_average_sigma
5.623413251903491e-05,0.45141608262254984,0.00017420510366594755,ordinary_least_squares,66,constant_average_sigma
7.498942093324559e-05,0.45140974741005396,0.00016786989117006934,ordinary_least_squares,66,constant_average_sigma
0.0001,0.4514014764077987,0.00015959888891481366,ordinary_least_squares,66,constant_average_sigma
0.0001333521432163324,0.4513907630774399,0.00014888555855602226,ordinary_least_squares,66,constant_average_sigma
0.00017782794100389227,0.45137704167573467,0.00013516415685077554,ordinary_least_squares,66,constant_average_sigma
0.00023713737056616554,0.45135975452774535,0.00011787700886145558,ordinary_least_squares,66,constant_average_sigma
0.00031622776601683794,0.45133851074275116,9.663322386727069e-05,ordinary_least_squares,66,constant_average_sigma
0.00042169650342858224,0.451313420292872,7.154277398813136e-05,ordinary_least_squares,66,constant_average_sigma
0.0005623413251903491,0.4512857521712404,4.3874652356501453e-05,ordinary_least_squares,66,constant_average_sigma
0.0007498942093324559,0.4512591649484484,1.7287429564527557e-05,ordinary_least_squares,66,constant_average_sigma
0.001,0.4512418775188839,0.0,ordinary_least_squares,66,constant_average_sigma
0.001333521432163324,0.45125017993469113,8.302415807237562e-06,ordinary_least_squares,66,constant_average_sigma
0.0017782794100389228,0.45131326837465946,7.139085577556603e-05,ordinary_least_squares,66,constant_average_sigma
0.0023713737056616554,0.45147772045167084,0.0002358429327869449,ordinary_least_squares,66,constant_average_sigma
0.0031622776601683794,0.4518061975384037,0.0005643200195197817,ordinary_least_squares,66,constant_average_sigma
0.004216965034285823,0.45236126660116216,0.001119389082278266,ordinary_least_squares,66,constant_average_sigma
0.005623413251903491,0.45317131727213156,0.0019294397532476637,ordinary_least_squares,66,constant_average_sigma
0.007498942093324558,0.4541993812133901,0.0029575036945062028,ordinary_least_squares,66,constant_average_sigma
0.01,0.455351059463943,0.004109181945059104,ordinary_least_squares,66,constant_average_sigma
0.01333521432163324,0.4565252360406901,0.005283358521806225,ordinary_least_squares,66,constant_average_sigma
0.01778279410038923,0.4576641633029635,0.006422285784079607,ordinary_least_squares,66,constant_average_sigma
0.023713737056616554,0.45876330404174626,0.007521426522862362,ordinary_least_squares,66,constant_average_sigma
0.03162277660168379,0.4598466715263678,0.008604794007483929,ordinary_least_squares,66,constant_average_sigma
0.042169650342858224,0.46094470813835364,0.009702830619469749,ordinary_least_squares,66,constant_average_sigma
0.05623413251903491,0.46209713247375545,0.010855254954871552,ordinary_least_squares,66,constant_average_sigma
0.07498942093324558,0.46336350666866544,0.012121629149781543,ordinary_least_squares,66,constant_average_sigma
0.1,0.4648118948685359,0.01357001734965202,ordinary_least_squares,66,constant_average_sigma
1e-06,0.07401825774099442,0.0005056587349141495,ordinary_least_squares,67,constant_average_sigma
1.333521432163324e-06,0.0740179249150923,0.0005053259090120332,ordinary_least_squares,67,constant_average_sigma
1.778279410038923e-06,0.07401748124601697,0.0005048822399366937,ordinary_least_squares,67,constant_average_sigma
2.3713737056616552e-06,0.07401688989098323,0.0005042908849029609,ordinary_least_squares,67,constant_average_sigma
3.162277660168379e-06,0.07401610181754988,0.0005035028114696027,ordinary_least_squares,67,constant_average_sigma
4.216965034285822e-06,0.07401505181374232,0.0005024528076620488,ordinary_least_squares,67,constant_average_sigma
5.623413251903491e-06,0.0740136532284307,0.0005010542223504305,ordinary_least_squares,67,constant_average_sigma
7.498942093324558e-06,0.0740117910621931,0.0004991920561128321,ordinary_least_squares,67,constant_average_sigma
1e-05,0.07400931294372116,0.0004967139376408913,ordinary_least_squares,67,constant_average_sigma
1.333521432163324e-05,0.07400601743327323,0.000493418427192957,ordinary_least_squares,67,constant_average_sigma
1.778279410038923e-05,0.07400163902601826,0.0004890400199379918,ordinary_least_squares,67,constant_average_sigma
2.3713737056616554e-05,0.07399582922823093,0.00048323022215066014,ordinary_least_squares,67,constant_average_sigma
3.1622776601683795e-05,0.07398813324432268,0.0004755342382424116,ordinary_least_squares,67,constant_average_sigma
4.216965034285822e-05,0.07397796233326813,0.00046536332718785656,ordinary_least_squares,67,constant_average_sigma
5.623413251903491e-05,0.07396456313267476,0.00045196412659448404,ordinary_least_squares,67,constant_average_sigma
7.498942093324559e-05,0.0739469878896315,0.00043438888355122607,ordinary_least_squares,67,constant_average_sigma
0.0001,0.07392407486020397,0.0004114758541236968,ordinary_least_squares,67,constant_average_sigma
0.0001333521432163324,0.07389445850435347,0.00038185949827319876,ordinary_least_squares,67,constant_average_sigma
0.00017782794100389227,0.07385664878961018,0.00034404978352990667,ordinary_least_squares,67,constant_average_sigma
0.00023713737056616554,0.07380925540123139,0.00029665639515111253,ordinary_least_squares,67,constant_average_sigma
0.00031622776601683794,0.07375149801327988,0.00023889900719960278,ordinary_least_squares,67,constant_average_sigma
0.00042169650342858224,0.07368425401793749,0.00017165501185721632,ordinary_least_squares,67,constant_average_sigma
0.0005623413251903491,0.07361205911867061,9.946011259033549e-05,ordinary_least_squares,67,constant_average_sigma
0.0007498942093324559,0.07354665010549402,3.405109941374829e-05,ordinary_least_squares,67,constant_average_sigma
0.001,0.07351259900608027,0.0,ordinary_least_squares,67,constant_average_sigma
0.001333521432163324,0.0735547038881812,4.2104882100921226e-05,ordinary_least_squares,67,constant_average_sigma
0.0017782794100389228,0.07374398984248785,0.00023139083640758007,ordinary_least_squares,67,constant_average_sigma
0.0023713737056616554,0.07417403601709421,0.0006614370110139406,ordinary_least_squares,67,constant_average_sigma
0.0031622776601683794,0.07493598272737592,0.0014233837212956485,ordinary_least_squares,67,constant_average_sigma
0.004216965034285823,0.07607185796111278,0.0025592589550325062,ordinary_least_squares,67,constant_average_sigma
0.005623413251903491,0.07753883257213007,0.004026233566049794,ordinary_least_squares,67,constant_average_sigma
0.007498942093324558,0.0792283287813487,0.005715729775268422,ordinary_least_squares,67,constant_average_sigma
0.01,0.08102196550534825,0.007509366499267978,ordinary_least_squares,67,constant_average_sigma
0.01333521432163324,0.08282131349401031,0.00930871448793004,ordinary_least_squares,67,constant_average_sigma
0.01778279410038923,0.0845509857892115,0.011038386783131224,ordinary_least_squares,67,constant_average_sigma
0.023713737056616554,0.08616917811936567,0.012656579113285396,ordinary_least_squares,67,constant_average_sigma
0.03162277660168379,0.08766830123404316,0.01415570222796289,ordinary_least_squares,67,constant_average_sigma
0.042169650342858224,0.08905168164529854,0.015539082639218271,ordinary_least_squares,67,constant_average_sigma
0.05623413251903491,0.09031449031511367,0.016801891309033395,ordinary_least_squares,67,constant_average_sigma
0.07498942093324558,0.09144611555733657,0.0179335165512563,ordinary_least_squares,67,constant_average_sigma
0.1,0.09244729697271299,0.01893469796663272,ordinary_least_squares,67,constant_average_sigma
1e-06,0.002788623106554816,0.0013487755925949106,ordinary_least_squares,68,constant_average_sigma
1.333521432163324e-06,0.0027877677960906986,0.0013479202821307934,ordinary_least_squares,68,constant_average_sigma
1.778279410038923e-06,0.002786627629324396,0.0013467801153644906,ordinary_least_squares,68,constant_average_sigma
2.3713737056616552e-06,0.0027851079157321184,0.0013452604017722132,ordinary_least_squares,68,constant_average_sigma
3.162277660168379e-06,0.0027830826318561435,0.0013432351178962383,ordinary_least_squares,68,constant_average_sigma
4.216965034285822e-06,0.0027803841616852653,0.0013405366477253601,ordinary_least_squares,68,constant_average_sigma
5.623413251903491e-06,0.0027767897660251005,0.0013369422520651954,ordinary_least_squares,68,constant_average_sigma
7.498942093324558e-06,0.0027720038046812,0.0013321562907212948,ordinary_least_squares,68,constant_average_sigma
1e-05,0.002765634507235256,0.0013257869932753507,ordinary_least_squares,68,constant_average_sigma
1.333521432163324e-05,0.0027571638367850865,0.0013173163228251813,ordinary_least_squares,68,constant_average_sigma
1.778279410038923e-05,0.0027459088100815036,0.0013060612961215985,ordinary_least_squares,68,constant_average_sigma
2.3713737056616554e-05,0.0027309726000724222,0.001291125086112517,ordinary_least_squares,68,constant_average_sigma
3.1622776601683795e-05,0.0027111841192239902,0.001271336605264085,ordinary_least_squares,68,constant_average_sigma
4.216965034285822e-05,0.0026850260072451967,0.0012451784932852915,ordinary_least_squares,68,constant_average_sigma
5.623413251903491e-05,0.0026505539012488867,0.0012107063872889815,ordinary_least_squares,68,constant_average_sigma
7.498942093324559e-05,0.0026053161840489726,0.0011654686700890674,ordinary_least_squares,68,constant_average_sigma
0.0001,0.002546296122606712,0.001106448608646807,ordinary_least_squares,68,constant_average_sigma
0.0001333521432163324,0.002469923009806669,0.001030075495846764,ordinary_least_squares,68,constant_average_sigma
0.00017782794100389227,0.0023722457632492835,0.0009323982492893783,ordinary_least_squares,68,constant_average_sigma
0.00023713737056616554,0.00224944953100379,0.0008096020170438849,ordinary_least_squares,68,constant_average_sigma
0.00031622776601683794,0.002099054289884635,0.0006592067759247297,ordinary_least_squares,68,constant_average_sigma
0.00042169650342858224,0.001922413277470362,0.0004825657635104568,ordinary_least_squares,68,constant_average_sigma
0.0005623413251903491,0.0017295910261651004,0.0002897435122051952,ordinary_least_squares,68,constant_average_sigma
0.0007498942093324559,0.0015483733831934624,0.00010852586923355725,ordinary_least_squares,68,constant_average_sigma
0.001,0.0014398475139599052,0.0,ordinary_least_squares,68,constant_average_sigma
0.001333521432163324,0.0015227492120295392,8.290169806963402e-05,ordinary_least_squares,68,constant_average_sigma
0.0017782794100389228,0.0020050377212021482,0.000565190207242243,ordinary_least_squares,68,constant_average_sigma
0.0023713737056616554,0.0032095138338948987,0.0017696663199349935,ordinary_least_squares,68,constant_average_sigma
0.0031622776601683794,0.005558374261897087,0.004118526747937182,ordinary_least_squares,68,constant_average_sigma
0.004216965034285823,0.009463119555182411,0.008023272041222506,ordinary_least_squares,68,constant_average_sigma
0.005623413251903491,0.015106977910501732,0.013667130396541827,ordinary_least_squares,68,constant_average_sigma
0.007498942093324558,0.022258253970902798,0.02081840645694289,ordinary_least_squares,68,constant_average_sigma
0.01,0.030324099271804003,0.0288842517578441,ordinary_least_squares,68,constant_average_sigma
0.01333521432163324,0.03859976218429867,0.037159914670338766,ordinary_least_squares,68,constant_average_sigma
0.01778279410038923,0.04650406794107101,0.045064220427111105,ordinary_least_squares,68,constant_average_sigma
0.023713737056616554,0.05374312787059643,0.052303280356636526,ordinary_least_squares,68,constant_average_sigma
0.03162277660168379,0.06033376916700777,0.05889392165304787,ordinary_least_squares,68,constant_average_sigma
0.042169650342858224,0.06643860604023376,0.06499875852627385,ordinary_least_squares,68,constant_average_sigma
0.05623413251903491,0.0721653402430998,0.07072549272913989,ordinary_least_squares,68,constant_average_sigma
0.07498942093324558,0.07748729622533117,0.07604744871137126,ordinary_least_squares,68,constant_average_sigma
0.1,0.08229279110138057,0.08085294358742066,ordinary_least_squares,68,constant_average_sigma
1e-06,0.02955591329548346,0.0004562142248301093,ordinary_least_squares,69,constant_average_sigma
1.333521432163324e-06,0.029555639209541046,0.0004559401388876949,ordinary_least_squares,69,constant_average_sigma
1.778279410038923e-06,0.029555273808820587,0.0004555747381672359,ordinary_least_squares,69,constant_average_sigma
2.3713737056616552e-06,0.02955478671429776,0.00045508764364440846,ordinary_least_squares,69,constant_average_sigma
3.162277660168379e-06,0.029554137475569852,0.0004544384049165011,ordinary_least_squares,69,constant_average_sigma
4.216965034285822e-06,0.02955327225809129,0.00045357318743793895,ordinary_least_squares,69,constant_average_sigma
5.623413251903491e-06,0.02955211946203594,0.00045242039138258805,ordinary_least_squares,69,constant_average_sigma
7.498942093324558e-06,0.02955058394843931,0.0004508848777859606,ordinary_least_squares,69,constant_average_sigma
1e-05,0.029548539453653416,0.00044884038300006465,ordinary_least_squares,69,constant_average_sigma
1.333521432163324e-05,0.02954581868935388,0.0004461196187005301,ordinary_least_squares,69,constant_average_sigma
1.778279410038923e-05,0.029542200519681257,0.00044250144902790653,ordinary_least_squares,69,constant_average_sigma
2.3713737056616554e-05,0.029537393553449438,0.0004376944827960867,ordinary_least_squares,69,constant_average_sigma
3.1622776601683795e-05,0.029531015519502667,0.0004313164488493164,ordinary_least_squares,69,constant_average_sigma
4.216965034285822e-05,0.02952256806226448,0.00042286899161112987,ordinary_least_squares,69,constant_average_sigma
5.623413251903491e-05,0.029511407369931693,0.0004117082992783419,ordinary_least_squares,69,constant_average_sigma
7.498942093324559e-05,0.02949671289143653,0.00039701382078317915,ordinary_least_squares,69,constant_average_sigma
0.0001,0.02947746042374646,0.0003777613530931076,ordinary_least_squares,69,constant_average_sigma
0.0001333521432163324,0.029452414262256064,0.00035271519160271284,ordinary_least_squares,69,constant_average_sigma
0.00017782794100389227,0.0294201701624625,0.0003204710918091498,ordinary_least_squares,69,constant_average_sigma
0.00023713737056616554,0.029379314353743143,0.0002796152830897916,ordinary_least_squares,69,constant_average_sigma
0.00031622776601683794,0.02932882629952525,0.0002291272288718997,ordinary_least_squares,69,constant_average_sigma
0.00042169650342858224,0.029268957796587267,0.00016925872593391567,ordinary_least_squares,69,constant_average_sigma
0.0005623413251903491,0.02920295757791458,0.00010325850726122798,ordinary_least_squares,69,constant_average_sigma
0.0007498942093324559,0.029140058621375173,4.035955072182254e-05,ordinary_least_squares,69,constant_average_sigma
0.001,0.02909969907065335,0.0,ordinary_least_squares,69,constant_average_sigma
0.001333521432163324,0.02911523954764157,1.5540476988217672e-05,ordinary_least_squares,69,constant_average_sigma
0.0017782794100389228,0.029232271548329237,0.0001325724776758859,ordinary_least_squares,69,constant_average_sigma
0.0023713737056616554,0.02949523083374379,0.0003955317630904391,ordinary_least_squares,69,constant_average_sigma
0.0031622776601683794,0.029923098636438737,0.0008233995657853863,ordinary_least_squares,69,constant_average_sigma
0.004216965034285823,0.030488807995023244,0.0013891089243698931,ordinary_least_squares,69,constant_average_sigma
0.005623413251903491,0.0311226473594981,0.0020229482888447503,ordinary_least_squares,69,constant_average_sigma
0.007498942093324558,0.031745673323869954,0.002645974253216603,ordinary_least_squares,69,constant_average_sigma
0.01,0.03230815374271163,0.0032084546720582766,ordinary_least_squares,69,constant_average_sigma
0.01333521432163324,0.032798977543772485,0.0036992784731191344,ordinary_least_squares,69,constant_average_sigma
0.01778279410038923,0.03322537178295811,0.004125672712304761,ordinary_least_squares,69,constant_average_sigma
0.023713737056616554,0.03359016911975383,0.004490470049100477,ordinary_least_squares,69,constant_average_sigma
0.03162277660168379,0.033887785788216565,0.004788086717563214,ordinary_least_squares,69,constant_average_sigma
0.042169650342858224,0.03411526644908736,0.005015567378434012,ordinary_least_squares,69,constant_average_sigma
0.05623413251903491,0.03427981006287448,0.005180110992221126,ordinary_least_squares,69,constant_average_sigma
0.07498942093324558,0.03439570006838436,0.005296000997731011,ordinary_least_squares,69,constant_average_sigma
0.1,0.034478533964053745,0.005378834893400394,ordinary_least_squares,69,constant_average_sigma
1e-06,0.20346034486665437,9.120300034659579e-05,ordinary_least_squares,70,constant_average_sigma
1.333521432163324e-06,0.2034602900219596,9.114815565181011e-05,ordinary_least_squares,70,constant_average_sigma
1.778279410038923e-06,0.20346021690748214,9.107504117436549e-05,ordinary_least_squares,70,constant_average_sigma
2.3713737056616552e-06,0.20346011944683653,9.097758052875604e-05,ordinary_least_squares,70,constant_average_sigma
3.162277660168379e-06,0.20345998955063305,9.084768432526813e-05,ordinary_least_squares,70,constant_average_sigma
4.216965034285822e-06,0.20345981645517103,9.067458886324875e-05,ordinary_least_squares,70,constant_average_sigma
5.623413251903491e-06,0.20345958584917834,9.044398287055833e-05,ordinary_least_squares,70,constant_average_sigma
7.498942093324558e-06,0.2034592787237344,9.013685742662036e-05,ordinary_least_squares,70,constant_average_sigma
1e-05,0.20345886986453748,8.972799822970501e-05,ordinary_least_squares,70,constant_average_sigma
1.333521432163324e-05,0.20345832588783538,8.918402152760518e-05,ordinary_least_squares,70,constant_average_sigma
1.778279410038923e-05,0.2034576027044175,8.846083810973293e-05,ordinary_least_squares,70,constant_average_sigma
2.3713737056616554e-05,0.20345664228744245,8.750042113467305e-05,ordinary_least_squares,70,constant_average_sigma
3.1622776601683795e-05,0.20345536863156827,8.622676526048867e-05,ordinary_least_squares,70,constant_average_sigma
4.216965034285822e-05,0.20345368285166243,8.454098535465304e-05,ordinary_least_squares,70,constant_average_sigma
5.623413251903491e-05,0.20345145753213625,8.231566582847516e-05,ordinary_least_squares,70,constant_average_sigma
7.498942093324559e-05,0.20344853080890074,7.93889425929617e-05,ordinary_least_squares,70,constant_average_sigma
0.0001,0.20344470144913038,7.555958282259856e-05,ordinary_least_squares,70,constant_average_sigma
0.0001333521432163324,0.20343972778095193,7.05859146441501e-05,ordinary_least_squares,70,constant_average_sigma
0.00017782794100389227,0.20343333645128095,6.419458497317065e-05,ordinary_least_squares,70,constant_average_sigma
0.00023713737056616554,0.2034252529789454,5.611111263761903e-05,ordinary_least_squares,70,constant_average_sigma
0.00031622776601683794,0.20341527707822932,4.613521192153858e-05,ordinary_least_squares,70,constant_average_sigma
0.00042169650342858224,0.2034034444412405,3.430257493272637e-05,ordinary_least_squares,70,constant_average_sigma
0.0005623413251903491,0.20339034348562005,2.1201619312266606e-05,ordinary_least_squares,70,constant_average_sigma
0.0007498942093324559,0.20337767847512297,8.536608815196134e-06,ordinary_least_squares,70,constant_average_sigma
0.001,0.20336914186630778,0.0,ordinary_least_squares,70,constant_average_sigma
0.001333521432163324,0.20337147310527742,2.331238969643934e-06,ordinary_least_squares,70,constant_average_sigma
0.0017782794100389228,0.20339513783516855,2.599596886077027e-05,ordinary_least_squares,70,constant_average_sigma
0.0023713737056616554,0.20345352749145376,8.438562514598291e-05,ordinary_least_squares,70,constant_average_sigma
0.0031622776601683794,0.2035595834477339,0.00019044158142611511,ordinary_least_squares,70,constant_average_sigma
0.004216965034285823,0.2037202189648372,0.00035107709852941205,ordinary_least_squares,70,constant_average_sigma
0.005623413251903491,0.20393232707084835,0.0005631852045405727,ordinary_least_squares,70,constant_average_sigma
0.007498942093324558,0.20418519609136024,0.0008160542250524594,ordinary_least_squares,70,constant_average_sigma
0.01,0.20446687518258705,0.0010977333162792702,ordinary_least_squares,70,constant_average_sigma
0.01333521432163324,0.2047662616676053,0.0013971198012975306,ordinary_least_squares,70,constant_average_sigma
0.01778279410038923,0.2050695984487641,0.0017004565824563223,ordinary_least_squares,70,constant_average_sigma
0.023713737056616554,0.20535925776563826,0.0019901158993304857,ordinary_least_squares,70,constant_average_sigma
0.03162277660168379,0.2056194827515218,0.0022503408852140305,ordinary_least_squares,70,constant_average_sigma
0.042169650342858224,0.20584291215865336,0.0024737702923455784,ordinary_least_squares,70,constant_average_sigma
0.05623413251903491,0.20603217437693458,0.0026630325106268005,ordinary_least_squares,70,constant_average_sigma
0.07498942093324558,0.20619787106061216,0.00282872919430438,ordinary_least_squares,70,constant_average_sigma
0.1,0.20635370691078583,0.0029845650444780547,ordinary_least_squares,70,constant_average_sigma
1e-06,0.3097179068319959,0.00011302481668851172,ordinary_least_squares,71,constant_average_sigma
1.333521432163324e-06,0.3097178326695718,0.00011295065426442097,ordinary_least_squares,71,constant_average_sigma
1.778279410038923e-06,0.3097177338091468,0.00011285179383940802,ordinary_least_squares,71,constant_average_sigma
2.3713737056616552e-06,0.30971760204265136,0.00011272002734397102,ordinary_least_squares,71,constant_average_sigma
3.162277660168379e-06,0.30971742644639283,0.00011254443108543732,ordinary_least_squares,71,constant_average_sigma
4.216965034285822e-06,0.30971719249342994,0.00011231047812254591,ordinary_least_squares,71,constant_average_sigma
5.623413251903491e-06,0.30971688088289345,0.00011199886758606059,ordinary_least_squares,71,constant_average_sigma
7.498942093324558e-06,0.30971646600297154,0.00011158398766414335,ordinary_least_squares,71,constant_average_sigma
1e-05,0.30971591392475395,0.00011103190944655728,ordinary_least_squares,71,constant_average_sigma
1.333521432163324e-05,0.3097151798034926,0.00011029778818522074,ordinary_least_squares,71,constant_average_sigma
1.778279410038923e-05,0.30971420455029397,0.00010932253498657785,ordinary_least_squares,71,constant_average_sigma
2.3713737056616554e-05,0.3097129106374332,0.00010802862212583308,ordinary_least_squares,71,constant_average_sigma
3.1622776601683795e-05,0.30971119693990085,0.0001063149245934536,ordinary_least_squares,71,constant_average_sigma
4.216965034285822e-05,0.3097089326328555,0.00010405061754809042,ordinary_least_squares,71,constant_average_sigma
5.623413251903491e-05,0.3097059504410122,0.00010106842570478669,ordinary_least_squares,71,constant_average_sigma
7.498942093324559e-05,0.30970204011738195,9.71581020745571e-05,ordinary_least_squares,71,constant_average_sigma
0.0001,0.30969694418827903,9.206217297164088e-05,ordinary_least_squares,71,constant_average_sigma
0.0001333521432163324,0.3096903602353395,8.547822003213135e-05,ordinary_least_squares,71,constant_average_sigma
0.00017782794100389227,0.3096819581878722,7.707617256480503e-05,ordinary_least_squares,71,constant_average_sigma
0.00023713737056616554,0.3096714288413112,6.654682600382156e-05,ordinary_least_squares,71,constant_average_sigma
0.00031622776601683794,0.3096585937333965,5.3711718089100025e-05,ordinary_least_squares,71,constant_average_sigma
0.00042169650342858224,0.30964363057907635,3.8748563768953304e-05,ordinary_least_squares,71,constant_average_sigma
0.0005623413251903491,0.3096275072241039,2.2625208796533958e-05,ordinary_least_squares,71,constant_average_sigma
0.0007498942093324559,0.30961277048989927,7.888474591877248e-06,ordinary_least_squares,71,constant_average_sigma
0.001,0.3096048820153074,0.0,ordinary_least_squares,71,constant_average_sigma
0.001333521432163324,0.3096142442933433,9.362278035884852e-06,ordinary_least_squares,71,constant_average_sigma
0.0017782794100389228,0.30965871542591195,5.383341060455349e-05,ordinary_least_squares,71,constant_average_sigma
0.0023713737056616554,0.3097655588757323,0.00016067686042492424,ordinary_least_squares,71,constant_average_sigma
0.0031622776601683794,0.3099707327386343,0.0003658507233268993,ordinary_least_squares,71,constant_average_sigma
0.004216965034285823,0.3103133753208711,0.0007084933055637177,ordinary_least_squares,71,constant_average_sigma
0.005623413251903491,0.31082475784418084,0.0012198758288734513,ordinary_least_squares,71,constant_average_sigma
0.007498942093324558,0.311513541774784,0.0019086597594766275,ordinary_least_squares,71,constant_average_sigma
0.01,0.3123540056354231,0.002749123620115701,ordinary_least_squares,71,constant_average_sigma
0.01333521432163324,0.3132867831292599,0.0036819011139525015,ordinary_least_squares,71,constant_average_sigma
0.01778279410038923,0.3142362720720712,0.004631390056763829,ordinary_least_squares,71,constant_average_sigma
0.023713737056616554,0.31513554679005734,0.005530664774749949,ordinary_least_squares,71,constant_average_sigma
0.03162277660168379,0.31594002846804825,0.0063351464527408585,ordinary_least_squares,71,constant_average_sigma
0.042169650342858224,0.3166248303085239,0.007019948293216505,ordinary_least_squares,71,constant_average_sigma
0.05623413251903491,0.3171792939044037,0.0075744118890963,ordinary_least_squares,71,constant_average_sigma
0.07498942093324558,0.3176082425959491,0.008003360580641716,ordinary_least_squares,71,constant_average_sigma
0.1,0.317935221738178,0.008330339722870617,ordinary_least_squares,71,constant_average_sigma
1e-06,0.8902757855179946,0.005490689646507008,ordinary_least_squares,72,constant_average_sigma
1.333521432163324e-06,0.8902717168733797,0.005486621001892122,ordinary_least_squares,72,constant_average_sigma
1.778279410038923e-06,0.8902662935449587,0.005481197673471105,ordinary_least_squares,72,constant_average_sigma
2.3713737056616552e-06,0.8902590654889316,0.005473969617444063,ordinary_least_squares,72,constant_average_sigma
3.162277660168379e-06,0.8902494339726337,0.0054643381011461045,ordinary_least_squares,72,constant_average_sigma
4.216965034285822e-06,0.8902366030199039,0.005451507148416357,ordinary_least_squares,72,constant_average_sigma
5.623413251903491e-06,0.8902195155835368,0.0054344197120492765,ordinary_least_squares,72,constant_average_sigma
7.498942093324558e-06,0.8901967698771674,0.0054116740056798784,ordinary_least_squares,72,constant_average_sigma
1e-05,0.8901665104708226,0.005381414599335055,ordinary_least_squares,72,constant_average_sigma
1.333521432163324e-05,0.8901262878307492,0.0053411919592616375,ordinary_least_squares,72,constant_average_sigma
1.778279410038923e-05,0.8900728794253668,0.005287783553879266,ordinary_least_squares,72,constant_average_sigma
2.3713737056616554e-05,0.890002066192909,0.0052169703214214325,ordinary_least_squares,72,constant_average_sigma
3.1622776601683795e-05,0.889908361229257,0.005123265357769413,ordinary_least_squares,72,constant_average_sigma
4.216965034285822e-05,0.889784695662853,0.004999599791365439,ordinary_least_squares,72,constant_average_sigma
5.623413251903491e-05,0.8896220848173794,0.004836988945891796,ordinary_least_squares,72,constant_average_sigma
7.498942093324559e-05,0.8894093347535951,0.004624238882107501,ordinary_least_squares,72,constant_average_sigma
0.0001,0.8891329218696895,0.004347825998201937,ordinary_least_squares,72,constant_average_sigma
0.0001333521432163324,0.8887773163262244,0.0039922204547367945,ordinary_least_squares,72,constant_average_sigma
0.00017782794100389227,0.8883262780413356,0.0035411821698480006,ordinary_least_squares,72,constant_average_sigma
0.00023713737056616554,0.8877661283329302,0.0029810324614426564,ordinary_least_squares,72,constant_average_sigma
0.00031622776601683794,0.8870928587400783,0.0023077628685906904,ordinary_least_squares,72,constant_average_sigma
0.00042169650342858224,0.8863264588595444,0.0015413629880568491,ordinary_least_squares,72,constant_average_sigma
0.0005623413251903491,0.8855384405435605,0.0007533446720728865,ordinary_least_squares,72,constant_average_sigma
0.0007498942093324559,0.8849026601257027,0.00011756425421516337,ordinary_least_squares,72,constant_average_sigma
0.001,0.8847850958714876,0.0,ordinary_least_squares,72,constant_average_sigma
0.001333521432163324,0.8858924154597417,0.001107319588254163,ordinary_least_squares,72,constant_average_sigma
0.0017782794100389228,0.8894904239627136,0.004705328091226035,ordinary_least_squares,72,constant_average_sigma
0.0023713737056616554,0.8976499714437859,0.012864875572298318,ordinary_least_squares,72,constant_average_sigma
0.0031622776601683794,0.9133245323885103,0.02853943651702273,ordinary_least_squares,72,constant_average_sigma
0.004216965034285823,0.9398145840529092,0.055029488181421615,ordinary_least_squares,72,constant_average_sigma
0.005623413251903491,0.9791844030290904,0.09439930715760281,ordinary_least_squares,72,constant_average_sigma
0.007498942093324558,1.0302570499189116,0.14547195404742408,ordinary_least_squares,72,constant_average_sigma
0.01,1.0884634220850948,0.20367832621360726,ordinary_least_squares,72,constant_average_sigma
0.01333521432163324,1.1488322259111818,0.26404713003969427,ordinary_least_squares,72,constant_average_sigma
0.01778279410038923,1.2095972580837975,0.3248121622123099,ordinary_least_squares,72,constant_average_sigma
0.023713737056616554,1.2731956669591438,0.3884105710876562,ordinary_least_squares,72,constant_average_sigma
0.03162277660168379,1.3445189254726617,0.45973382960117415,ordinary_least_squares,72,constant_average_sigma
0.042169650342858224,1.4278216481943775,0.5430365523228899,ordinary_least_squares,72,constant_average_sigma
0.05623413251903491,1.5232796211980022,0.6384945253265146,ordinary_least_squares,72,constant_average_sigma
0.07498942093324558,1.6251965175850844,0.7404114217135969,ordinary_least_squares,72,constant_average_sigma
0.1,1.7242612049818713,0.8394761091103837,ordinary_least_squares,72,constant_average_sigma
1e-06,0.7142935881325524,0.009995910674808095,ordinary_least_squares,73,constant_average_sigma
1.333521432163324e-06,0.7142865702939153,0.009988892836170993,ordinary_least_squares,73,constant_average_sigma
1.778279410038923e-06,0.7142772155303407,0.009979538072596439,ordinary_least_squares,73,constant_average_sigma
2.3713737056616552e-06,0.7142647473362979,0.009967069878553558,ordinary_least_squares,73,constant_average_sigma
3.162277660168379e-06,0.7142481323822696,0.009950454924525287,ordinary_least_squares,73,constant_average_sigma
4.216965034285822e-06,0.7142259967323039,0.009928319274559616,ordinary_least_squares,73,constant_average_sigma
5.623413251903491e-06,0.7141965152830034,0.009898837825259132,ordinary_least_squares,73,constant_average_sigma
7.498942093324558e-06,0.714157266785794,0.009859589328049756,ordinary_least_squares,73,constant_average_sigma
1e-05,0.7141050448705747,0.009807367412830392,ordinary_least_squares,73,constant_average_sigma
1.333521432163324e-05,0.7140356136431499,0.009737936185405638,ordinary_least_squares,73,constant_average_sigma
1.778279410038923e-05,0.7139433954550458,0.009645717997301517,ordinary_least_squares,73,constant_average_sigma
2.3713737056616554e-05,0.713821078862149,0.009523401404404663,ordinary_least_squares,73,constant_average_sigma
3.1622776601683795e-05,0.7136591393218218,0.009361461864077492,ordinary_least_squares,73,constant_average_sigma
4.216965034285822e-05,0.713445277696679,0.009147600238934683,ordinary_least_squares,73,constant_average_sigma
5.623413251903491e-05,0.7131638104936147,0.00886613303587036,ordinary_least_squares,73,constant_average_sigma
7.498942093324559e-05,0.7127951058497886,0.00849742839204426,ordinary_least_squares,73,constant_average_sigma
0.0001,0.7123152786212666,0.008017601163522348,ordinary_least_squares,73,constant_average_sigma
0.0001333521432163324,0.7116965877735281,0.007398910315783769,ordinary_least_squares,73,constant_average_sigma
0.00017782794100389227,0.710909412829974,0.006611735372229699,ordinary_least_squares,73,constant_average_sigma
0.00023713737056616554,0.7099274890512911,0.005629811593546807,ordinary_least_squares,73,constant_average_sigma
0.00031622776601683794,0.7087395357458396,0.004441858288095291,ordinary_least_squares,73,constant_average_sigma
0.00042169650342858224,0.7073729572248088,0.003075279767064454,ordinary_least_squares,73,constant_average_sigma
0.0005623413251903491,0.7059394592079377,0.0016417817501933607,ordinary_least_squares,73,constant_average_sigma
0.0007498942093324559,0.7047182734539795,0.00042059599623522903,ordinary_least_squares,73,constant_average_sigma
0.001,0.7042976774577443,0.0,ordinary_least_squares,73,constant_average_sigma
0.001333521432163324,0.7057882318014143,0.0014905543436699586,ordinary_least_squares,73,constant_average_sigma
0.0017782794100389228,0.7110689592204725,0.006771281762728232,ordinary_least_squares,73,constant_average_sigma
0.0023713737056616554,0.7228725639283486,0.018574886470604346,ordinary_least_squares,73,constant_average_sigma
0.0031622776601683794,0.7442602827346351,0.03996260527689077,ordinary_least_squares,73,constant_average_sigma
0.004216965034285823,0.7770508341328602,0.07275315667511595,ordinary_least_squares,73,constant_average_sigma
0.005623413251903491,0.8198606206227761,0.1155629431650318,ordinary_least_squares,73,constant_average_sigma
0.007498942093324558,0.8680422941727821,0.16374461671503782,ordinary_least_squares,73,constant_average_sigma
0.01,0.9166455404299385,0.2123478629721942,ordinary_least_squares,73,constant_average_sigma
0.01333521432163324,0.9636860954142263,0.25938841795648204,ordinary_least_squares,73,constant_average_sigma
0.01778279410038923,1.0106778292056542,0.3063801517479099,ordinary_least_squares,73,constant_average_sigma
0.023713737056616554,1.0608042156948765,0.3565065382371322,ordinary_least_squares,73,constant_average_sigma
0.03162277660168379,1.1168426641216278,0.4125449866638835,ordinary_least_squares,73,constant_average_sigma
0.042169650342858224,1.1799983611821914,0.47570068372444707,ordinary_least_squares,73,constant_average_sigma
0.05623413251903491,1.2493633226908474,0.5450656452331031,ordinary_least_squares,73,constant_average_sigma
0.07498942093324558,1.3220633980596812,0.6177657206019369,ordinary_least_squares,73,constant_average_sigma
0.1,1.395077129926212,0.6907794524684676,ordinary_least_squares,73,constant_average_sigma
1e-06,0.41261143844326204,0.006667267121843734,ordinary_least_squares,74,constant_average_sigma
1.333521432163324e-06,0.41260697728310886,0.006662805961690554,ordinary_least_squares,74,constant_average_sigma
1.778279410038923e-06,0.41260103051529323,0.006656859193874931,ordinary_least_squares,74,constant_average_sigma
2.3713737056616552e-06,0.41259310440948377,0.006648933088065467,ordinary_least_squares,74,constant_average_sigma
3.162277660168379e-06,0.4125825419371306,0.006638370615712319,ordinary_least_squares,74,constant_average_sigma
4.216965034285822e-06,0.41256846940997244,0.006624298088554137,ordinary_least_squares,74,constant_average_sigma
5.623413251903491e-06,0.4125497260636891,0.006605554742270814,ordinary_least_squares,74,constant_average_sigma
7.498942093324558e-06,0.4125247717431082,0.006580600421689897,ordinary_least_squares,74,constant_average_sigma
1e-05,0.41249156636499973,0.006547395043581428,ordinary_least_squares,74,constant_average_sigma
1.333521432163324e-05,0.41244741391119055,0.006503242589772251,ordinary_least_squares,74,constant_average_sigma
1.778279410038923e-05,0.4123887627464213,0.006444591425002977,ordinary_least_squares,74,constant_average_sigma
2.3713737056616554e-05,0.41231095425622233,0.006366782934804027,ordinary_least_squares,74,constant_average_sigma
3.1622776601683795e-05,0.41220791422252884,0.006263742901110536,ordinary_least_squares,74,constant_average_sigma
4.216965034285822e-05,0.4120717887127575,0.006127617391339213,ordinary_least_squares,74,constant_average_sigma
5.623413251903491e-05,0.4118925432521762,0.005948371930757923,ordinary_least_squares,74,constant_average_sigma
7.498942093324559e-05,0.41165757979770506,0.005713408476286763,ordinary_least_squares,74,constant_average_sigma
0.0001,0.41135149711527436,0.005407325793856055,ordinary_least_squares,74,constant_average_sigma
0.0001333521432163324,0.4109562570791137,0.005012085757695406,ordinary_least_squares,74,constant_average_sigma
0.00017782794100389227,0.41045227731491796,0.004508105993499656,ordinary_least_squares,74,constant_average_sigma
0.00023713737056616554,0.40982144779355284,0.0038772764721345387,ordinary_least_squares,74,constant_average_sigma
0.00031622776601683794,0.40905393495270514,0.0031097636312868437,ordinary_least_squares,74,constant_average_sigma
0.00042169650342858224,0.40816216500346325,0.0022179936820449497,ordinary_least_squares,74,constant_average_sigma
0.0005623413251903491,0.407207943278931,0.0012637719575127049,ordinary_least_squares,74,constant_average_sigma
0.0007498942093324559,0.4063525510109868,0.00040837968956847215,ordinary_least_squares,74,constant_average_sigma
0.001,0.4059441713214183,0.0,ordinary_least_squares,74,constant_average_sigma
0.001333521432163324,0.40665767202562403,0.0007135007042057273,ordinary_least_squares,74,constant_average_sigma
0.0017782794100389228,0.4096839595142545,0.003739788192836213,ordinary_least_squares,74,constant_average_sigma
0.0023713737056616554,0.4168978154167681,0.010953644095349824,ordinary_least_squares,74,constant_average_sigma
0.0031622776601683794,0.4307853509569994,0.02484117963558108,ordinary_least_squares,74,constant_average_sigma
0.004216965034285823,0.4537798867120939,0.047835715390675604,ordinary_least_squares,74,constant_average_sigma
0.005623413251903491,0.48692282512805085,0.08097865380663255,ordinary_least_squares,74,constant_average_sigma
0.007498942093324558,0.5286831268835974,0.12273895556217912,ordinary_least_squares,74,constant_average_sigma
0.01,0.5752933259859065,0.16934915466448824,ordinary_least_squares,74,constant_average_sigma
0.01333521432163324,0.6226689455999442,0.21672477427852593,ordinary_least_squares,74,constant_average_sigma
0.01778279410038923,0.66814960191418,0.26220543059276175,ordinary_least_squares,74,constant_average_sigma
0.023713737056616554,0.7106079316580868,0.3046637603366685,ordinary_least_squares,74,constant_average_sigma
0.03162277660168379,0.7494139240323836,0.3434697527109653,ordinary_least_squares,74,constant_average_sigma
0.042169650342858224,0.7837173014389442,0.37777313011752595,ordinary_least_squares,74,constant_average_sigma
0.05623413251903491,0.8128390707425676,0.40689489942114926,ordinary_least_squares,74,constant_average_sigma
0.07498942093324558,0.8370966473421131,0.4311524760206948,ordinary_least_squares,74,constant_average_sigma
0.1,0.8579215737282593,0.451977402406841,ordinary_least_squares,74,constant_average_sigma
1e-06,0.132582473197864,0.01999467833675804,ordinary_least_squares,75,constant_average_sigma
1.333521432163324e-06,0.13257084387743015,0.01998304901632418,ordinary_least_squares,75,constant_average_sigma
1.778279410038923e-06,0.13255534103078642,0.019967546169680453,ordinary_least_squares,75,constant_average_sigma
2.3713737056616552e-06,0.13253467666767701,0.019946881806571046,ordinary_least_squares,75,constant_average_sigma
3.162277660168379e-06,0.13250713636712752,0.01991934150602155,ordinary_least_squares,75,constant_average_sigma
4.216965034285822e-06,0.13247043937504613,0.01988264451394016,ordinary_least_squares,75,constant_average_sigma
5.623413251903491e-06,0.13242155395306554,0.01983375909195957,ordinary_least_squares,75,constant_average_sigma
7.498942093324558e-06,0.1323564545795478,0.01976865971844184,ordinary_least_squares,75,constant_average_sigma
1e-05,0.13226980390625626,0.019682009045150287,ordinary_least_squares,75,constant_average_sigma
1.333521432163324e-05,0.1321545392939691,0.019566744432863117,ordinary_least_squares,75,constant_average_sigma
1.778279410038923e-05,0.13200134005146333,0.01941354519035736,ordinary_least_squares,75,constant_average_sigma
2.3713737056616554e-05,0.13179795035466435,0.01921015549355838,ordinary_least_squares,75,constant_average_sigma
3.1622776601683795e-05,0.13152833563208877,0.018940540770982797,ordinary_least_squares,75,constant_average_sigma
4.216965034285822e-05,0.13117166328689342,0.01858386842578745,ordinary_least_squares,75,constant_average_sigma
5.623413251903491e-05,0.13070113189176397,0.018113337030657997,ordinary_least_squares,75,constant_average_sigma
7.498942093324559e-05,0.1300827460695238,0.017494951208417833,ordinary_least_squares,75,constant_average_sigma
0.0001,0.1292742829599179,0.016686488098811944,ordinary_least_squares,75,constant_average_sigma
0.0001333521432163324,0.1282249863444204,0.015637191483314425,ordinary_least_squares,75,constant_average_sigma
0.00017782794100389227,0.12687707583673322,0.014289280975627247,ordinary_least_squares,75,constant_average_sigma
0.00023713737056616554,0.1251711863952115,0.012583391534105523,ordinary_least_squares,75,constant_average_sigma
0.00031622776601683794,0.12305973926267907,0.010471944401573105,ordinary_least_squares,75,constant_average_sigma
0.00042169650342858224,0.12053564413725999,0.007947849276154023,ordinary_least_squares,75,constant_average_sigma
0.0005623413251903491,0.11768969930817019,0.005101904447064223,ordinary_least_squares,75,constant_average_sigma
0.0007498942093324559,0.11482005727448522,0.0022322624133792462,ordinary_least_squares,75,constant_average_sigma
0.001,0.1126323808235998,4.45859624938344e-05,ordinary_least_squares,75,constant_average_sigma
0.001333521432163324,0.11258779486110597,0.0,ordinary_least_squares,75,constant_average_sigma
0.0017782794100389228,0.11746266748998489,0.0048748726288789235,ordinary_least_squares,75,constant_average_sigma
0.0023713737056616554,0.13213017920084083,0.01954238433973486,ordinary_least_squares,75,constant_average_sigma
0.0031622776601683794,0.1643458488263072,0.05175805396520124,ordinary_least_squares,75,constant_average_sigma
0.004216965034285823,0.22477758867382772,0.11218979381272175,ordinary_least_squares,75,constant_average_sigma
0.005623413251903491,0.324833564125204,0.212245769264098,ordinary_least_squares,75,constant_average_sigma
0.007498942093324558,0.4712802829757184,0.3586924881146124,ordinary_least_squares,75,constant_average_sigma
0.01,0.6600104291138256,0.5474226342527196,ordinary_least_squares,75,constant_average_sigma
0.01333521432163324,0.8748091592793947,0.7622213644182888,ordinary_least_squares,75,constant_average_sigma
0.01778279410038923,1.0936239028181207,0.9810361079570148,ordinary_least_squares,75,constant_average_sigma
0.023713737056616554,1.2979555345026907,1.1853677396415847,ordinary_least_squares,75,constant_average_sigma
0.03162277660168379,1.4790498465631285,1.3664620517020225,ordinary_least_squares,75,constant_average_sigma
0.042169650342858224,1.6374572782923957,1.5248694834312897,ordinary_least_squares,75,constant_average_sigma
0.05623413251903491,1.7776612738366155,1.6650734789755095,ordinary_least_squares,75,constant_average_sigma
0.07498942093324558,1.902457116890807,1.789869322029701,ordinary_least_squares,75,constant_average_sigma
0.1,2.010854296982872,1.8982665021217662,ordinary_least_squares,75,constant_average_sigma
1e-06,0.3083627896388623,0.00022180507136215777,ordinary_least_squares,76,constant_average_sigma
1.333521432163324e-06,0.308362610760616,0.00022162619311583143,ordinary_least_squares,76,constant_average_sigma
1.778279410038923e-06,0.30836237233184227,0.00022138776434210694,ordinary_least_squares,76,constant_average_sigma
2.3713737056616552e-06,0.3083620545788935,0.0002210700113933206,ordinary_least_squares,76,constant_average_sigma
3.162277660168379e-06,0.308361631197178,0.00022064662967785642,ordinary_least_squares,76,constant_average_sigma
4.216965034285822e-06,0.3083610672292621,0.00022008266176193336,ordinary_least_squares,76,constant_average_sigma
5.623413251903491e-06,0.3083603162693909,0.00021933170189075701,ordinary_least_squares,76,constant_average_sigma
7.498942093324558e-06,0.30835931681094003,0.00021833224343986712,ordinary_least_squares,76,constant_average_sigma
1e-05,0.30835798750202265,0.0002170029345224811,ordinary_least_squares,76,constant_average_sigma
1.333521432163324e-05,0.30835622104754284,0.0002152364800426798,ordinary_least_squares,76,constant_average_sigma
1.778279410038923e-05,0.30835387648309787,0.0002128919155977016,ordinary_least_squares,76,constant_average_sigma
2.3713737056616554e-05,0.30835076959311974,0.0002097850256195799,ordinary_least_squares,76,constant_average_sigma
3.1622776601683795e-05,0.3083466614176563,0.00020567685015615567,ordinary_least_squares,76,constant_average_sigma
4.216965034285822e-05,0.30834124521262335,0.00020026064512318476,ordinary_least_squares,76,constant_average_sigma
5.623413251903491e-05,0.30833413313023783,0.00019314856273766612,ordinary_least_squares,76,constant_average_sigma
7.498942093324559e-05,0.30832484570652247,0.00018386113902230106,ordinary_least_squares,76,constant_average_sigma
0.0001,0.3083128107572335,0.0001718261897333262,ordinary_least_squares,76,constant_average_sigma
0.0001333521432163324,0.30829738491907105,0.0001564003515708845,ordinary_least_squares,76,constant_average_sigma
0.00017782794100389227,0.3082779233874182,0.00013693881991805323,ordinary_least_squares,76,constant_average_sigma
0.00023713737056616554,0.30825394596724337,0.00011296139974320552,ordinary_least_squares,76,constant_average_sigma
0.00031622776601683794,0.3082254884426997,8.45038751995375e-05,ordinary_least_squares,76,constant_average_sigma
0.00042169650342858224,0.3081938014243972,5.281685689700888e-05,ordinary_least_squares,76,constant_average_sigma
0.0005623413251903491,0.3081626873125745,2.1702745074347884e-05,ordinary_least_squares,76,constant_average_sigma
0.0007498942093324559,0.30814098456750016,0.0,ordinary_least_squares,76,constant_average_sigma
0.001,0.30814705786019225,6.073292692088117e-06,ordinary_least_squares,76,constant_average_sigma
0.001333521432163324,0.3082166388426697,7.565427516953438e-05,ordinary_least_squares,76,constant_average_sigma
0.0017782794100389228,0.3084158008031548,0.000274816235654618,ordinary_least_squares,76,constant_average_sigma
0.0023713737056616554,0.3088604086783392,0.0007194241108390287,ordinary_least_squares,76,constant_average_sigma
0.0031622776601683794,0.309739580787759,0.0015985962202588189,ordinary_least_squares,76,constant_average_sigma
0.004216965034285823,0.3113284571313136,0.0031874725638134094,ordinary_least_squares,76,constant_average_sigma
0.005623413251903491,0.3139515228108434,0.005810538243343211,ordinary_least_squares,76,constant_average_sigma
0.007498942093324558,0.3178435476679991,0.00970256310049894,ordinary_least_squares,76,constant_average_sigma
0.01,0.32292879619230913,0.014787811624808966,ordinary_least_squares,76,constant_average_sigma
0.01333521432163324,0.32873104579647944,0.020590061228979273,ordinary_least_squares,76,constant_average_sigma
0.01778279410038923,0.3346459784117607,0.026504993844260527,ordinary_least_squares,76,constant_average_sigma
0.023713737056616554,0.34039310202381384,0.03225211745631368,ordinary_least_squares,76,constant_average_sigma
0.03162277660168379,0.3462113446651853,0.03807036009768516,ordinary_least_squares,76,constant_average_sigma
0.042169650342858224,0.3527064544213889,0.04456546985388876,ordinary_least_squares,76,constant_average_sigma
0.05623413251903491,0.36052826791338166,0.0523872833458815,ordinary_least_squares,76,constant_average_sigma
0.07498942093324558,0.3699591057932275,0.06181812122572733,ordinary_least_squares,76,constant_average_sigma
0.1,0.38053191257198654,0.07239092800448638,ordinary_least_squares,76,constant_average_sigma
1e-06,0.4395745106569252,0.00032825430580801784,ordinary_least_squares,78,constant_average_sigma
1.333521432163324e-06,0.4395742934505346,0.000328037099417422,ordinary_least_squares,78,constant_average_sigma
1.778279410038923e-06,0.4395740039174182,0.00032774756630099544,ordinary_least_squares,78,constant_average_sigma
2.3713737056616552e-06,0.43957361801355155,0.0003273616624343556,ordinary_least_squares,78,constant_average_sigma
3.162277660168379e-06,0.43957310375676667,0.00032684740564947745,ordinary_least_squares,78,constant_average_sigma
4.216965034285822e-06,0.43957241860792284,0.00032616225680565103,ordinary_least_squares,78,constant_average_sigma
5.623413251903491e-06,0.43957150606090073,0.0003252497097835372,ordinary_least_squares,78,constant_average_sigma
7.498942093324558e-06,0.4395702911388329,0.00032403478771569905,ordinary_least_squares,78,constant_average_sigma
1e-05,0.4395686745338007,0.00032241818268352596,ordinary_least_squares,78,constant_average_sigma
1.333521432163324e-05,0.43956652501556726,0.00032026866445006297,ordinary_least_squares,78,constant_average_sigma
1.778279410038923e-05,0.4395636697186208,0.00031741336750362725,ordinary_least_squares,78,constant_average_sigma
2.3713737056616554e-05,0.43955988191664225,0.00031362556552505527,ordinary_least_squares,78,constant_average_sigma
3.1622776601683795e-05,0.43955486601384436,0.00030860966272716617,ordinary_least_squares,78,constant_average_sigma
4.216965034285822e-05,0.4395482398321304,0.0003019834810132349,ordinary_least_squares,78,constant_average_sigma
5.623413251903491e-05,0.43953951508835704,0.0002932587372398432,ordinary_least_squares,78,constant_average_sigma
7.498942093324559e-05,0.43952807865563037,0.0002818223045131796,ordinary_least_squares,78,constant_average_sigma
0.0001,0.43951318056246647,0.00026692421134927313,ordinary_least_squares,78,constant_average_sigma
0.0001333521432163324,0.439493941123938,0.0002476847728208331,ordinary_least_squares,78,constant_average_sigma
0.00017782794100389227,0.4394694016568576,0.00022314530574041314,ordinary_least_squares,78,constant_average_sigma
0.00023713737056616554,0.439438665498007,0.0001924091468897826,ordinary_least_squares,78,constant_average_sigma
0.00031622776601683794,0.439401216668405,0.00015496031728778892,ordinary_least_squares,78,constant_average_sigma
0.00042169650342858224,0.43935757683637144,0.00011132048525425153,ordinary_least_squares,78,constant_average_sigma
0.0005623413251903491,0.4393105918138076,6.433546269041246e-05,ordinary_least_squares,78,constant_average_sigma
0.0007498942093324559,0.4392678669385599,2.1610587442710827e-05,ordinary_least_squares,78,constant_average_sigma
0.001,0.4392462563511172,0.0,ordinary_least_squares,78,constant_average_sigma
0.001333521432163324,0.43927992571227026,3.3669361153065847e-05,ordinary_least_squares,78,constant_average_sigma
0.0017782794100389228,0.43943438436911614,0.0001881280179989453,ordinary_least_squares,78,constant_average_sigma
0.0023713737056616554,0.43982988733174844,0.0005836309806312445,ordinary_least_squares,78,constant_average_sigma
0.0031622776601683794,0.4406783223843344,0.0014320660332172164,ordinary_least_squares,78,constant_average_sigma
0.004216965034285823,0.44233794055957243,0.0030916842084552365,ordinary_least_squares,78,constant_average_sigma
0.005623413251903491,0.44539169550936725,0.0061454391582500545,ordinary_least_squares,78,constant_average_sigma
0.007498942093324558,0.45075656307308337,0.01151030672196618,ordinary_least_squares,78,constant_average_sigma
0.01,0.45980304289520535,0.020556786544088157,ordinary_least_squares,78,constant_average_sigma
0.01333521432163324,0.4743423597237499,0.03509610337263269,ordinary_least_squares,78,constant_average_sigma
0.01778279410038923,0.4961671814483846,0.05692092509726743,ordinary_least_squares,78,constant_average_sigma
0.023713737056616554,0.5259535511361397,0.08670729478502254,ordinary_least_squares,78,constant_average_sigma
0.03162277660168379,0.5621582922600473,0.12291203590893013,ordinary_least_squares,78,constant_average_sigma
0.042169650342858224,0.6013283317968268,0.16208207544570957,ordinary_least_squares,78,constant_average_sigma
0.05623413251903491,0.6399323640881011,0.20068610773698387,ordinary_least_squares,78,constant_average_sigma
0.07498942093324558,0.6756283704512765,0.23638211410015936,ordinary_least_squares,78,constant_average_sigma
0.1,0.706931881263184,0.26768562491206677,ordinary_least_squares,78,constant_average_sigma
1e-06,0.1964226096695683,0.0002473937595004194,ordinary_least_squares,79,constant_average_sigma
1.333521432163324e-06,0.19642244913322285,0.0002472332231549801,ordinary_least_squares,79,constant_average_sigma
1.778279410038923e-06,0.19642223513361404,0.0002470192235461688,ordinary_least_squares,79,constant_average_sigma
2.3713737056616552e-06,0.19642194990203812,0.0002467339919702549,ordinary_least_squares,79,constant_average_sigma
3.162277660168379e-06,0.1964215697911296,0.0002463538810617283,ordinary_least_squares,79,constant_average_sigma
4.216965034285822e-06,0.19642106335290327,0.0002458474428354007,ordinary_least_squares,79,constant_average_sigma
5.623413251903491e-06,0.19642038880320234,0.000245172893134471,ordinary_least_squares,79,constant_average_sigma
7.498942093324558e-06,0.1964194906935602,0.0002442747834923431,ordinary_least_squares,79,constant_average_sigma
1e-05,0.196418295565225,0.00024307965515713015,ordinary_least_squares,79,constant_average_sigma
1.333521432163324e-05,0.1964167063182216,0.0002414904081537439,ordinary_least_squares,79,constant_average_sigma
1.778279410038923e-05,0.1964145949972743,0.00023937908720642054,ordinary_least_squares,79,constant_average_sigma
2.3713737056616554e-05,0.19641179369292197,0.0002365777828541027,ordinary_least_squares,79,constant_average_sigma
3.1622776601683795e-05,0.19640808333888,0.0002328674288121224,ordinary_least_squares,79,constant_average_sigma
4.216965034285822e-05,0.19640318043486246,0.00022796452479459384,ordinary_least_squares,79,constant_average_sigma
5.623413251903491e-05,0.19639672230044458,0.00022150639037671338,ordinary_least_squares,79,constant_average_sigma
7.498942093324559e-05,0.19638825269791788,0.00021303678785000724,ordinary_least_squares,79,constant_average_sigma
0.0001,0.19637721210507475,0.0002019961950068816,ordinary_least_squares,79,constant_average_sigma
0.0001333521432163324,0.19636294162913692,0.000187725719069054,ordinary_least_squares,79,constant_average_sigma
0.00017782794100389227,0.19634471842385023,0.0001695025137823658,ordinary_least_squares,79,constant_average_sigma
0.00023713737056616554,0.19632185687458656,0.00014664096451869058,ordinary_least_squares,79,constant_average_sigma
0.00031622776601683794,0.19629393962483016,0.00011872371476229215,ordinary_least_squares,79,constant_average_sigma
0.00042169650342858224,0.1962612954193849,8.607950931702191e-05,ordinary_least_squares,79,constant_average_sigma
0.0005623413251903491,0.1962259309902953,5.071508022744253e-05,ordinary_least_squares,79,constant_average_sigma
0.0007498942093324559,0.19619326681561816,1.8050905550293095e-05,ordinary_least_squares,79,constant_average_sigma
0.001,0.19617521591006787,0.0,ordinary_least_squares,79,constant_average_sigma
0.001333521432163324,0.19619528325281893,2.0067342751062256e-05,ordinary_least_squares,79,constant_average_sigma
0.0017782794100389228,0.19629609624962255,0.0001208803395546798,ordinary_least_squares,79,constant_average_sigma
0.0023713737056616554,0.19654832948517537,0.00037311357510749765,ordinary_least_squares,79,constant_average_sigma
0.0031622776601683794,0.19705678481132585,0.0008815689012579841,ordinary_least_squares,79,constant_average_sigma
0.004216965034285823,0.19795700148929898,0.0017817855792311155,ordinary_least_squares,79,constant_average_sigma
0.005623413251903491,0.19940251979901644,0.0032273038889485683,ordinary_least_squares,79,constant_average_sigma
0.007498942093324558,0.2015623690116618,0.005387153101593933,ordinary_least_squares,79,constant_average_sigma
0.01,0.20465941961978723,0.008484203709719362,ordinary_least_squares,79,constant_average_sigma
0.01333521432163324,0.20904665037903275,0.012871434468964882,ordinary_least_squares,79,constant_average_sigma
0.01778279410038923,0.2152434482332625,0.019068232323194628,ordinary_least_squares,79,constant_average_sigma
0.023713737056616554,0.22383562908577742,0.027660413175709553,ordinary_least_squares,79,constant_average_sigma
0.03162277660168379,0.2352810842596346,0.039105868349566725,ordinary_least_squares,79,constant_average_sigma
0.042169650342858224,0.24982728970029786,0.05365207379022999,ordinary_least_squares,79,constant_average_sigma
0.05623413251903491,0.26755623154011504,0.07138101563004717,ordinary_least_squares,79,constant_average_sigma
0.07498942093324558,0.28816938092734773,0.09199416501727986,ordinary_least_squares,79,constant_average_sigma
0.1,0.3104253109832709,0.11425009507320305,ordinary_least_squares,79,constant_average_sigma
1e-06,0.031578867596224094,7.704436030260553e-05,ordinary_least_squares,80,constant_average_sigma
1.333521432163324e-06,0.031578815973429514,7.699273750802482e-05,ordinary_least_squares,80,constant_average_sigma
1.778279410038923e-06,0.03157874715850154,7.69239225800536e-05,ordinary_least_squares,80,constant_average_sigma
2.3713737056616552e-06,0.03157865543723079,7.683220130930146e-05,ordinary_least_squares,80,constant_average_sigma
3.162277660168379e-06,0.03157853320479238,7.670996887089443e-05,ordinary_least_squares,80,constant_average_sigma
4.216965034285822e-06,0.03157837034724717,7.654711132568104e-05,ordinary_least_squares,80,constant_average_sigma
5.623413251903491e-06,0.03157815342592606,7.633019000457403e-05,ordinary_least_squares,80,constant_average_sigma
7.498942093324558e-06,0.03157786460637135,7.604137044986414e-05,ordinary_least_squares,80,constant_average_sigma
1e-05,0.031577480259550796,7.565702362930665e-05,ordinary_least_squares,80,constant_average_sigma
1.333521432163324e-05,0.03157696914946989,7.514591354840228e-05,ordinary_least_squares,80,constant_average_sigma
1.778279410038923e-05,0.03157629011021764,7.446687429615156e-05,ordinary_least_squares,80,constant_average_sigma
2.3713737056616554e-05,0.031575389116807275,7.356588088578558e-05,ordinary_least_squares,80,constant_average_sigma
3.1622776601683795e-05,0.031574195680506754,7.237244458526554e-05,ordinary_least_squares,80,constant_average_sigma
4.216965034285822e-05,0.03157261858303302,7.079534711153246e-05,ordinary_least_squares,80,constant_average_sigma
5.623413251903491e-05,0.03157054116134192,6.871792542043065e-05,ordinary_least_squares,80,constant_average_sigma
7.498942093324559e-05,0.03156781677540514,6.59935394836525e-05,ordinary_least_squares,80,constant_average_sigma
0.0001,0.03156426593992459,6.24427040031017e-05,ordinary_least_squares,80,constant_average_sigma
0.0001333521432163324,0.031559678256791075,5.785502086958633e-05,ordinary_least_squares,80,constant_average_sigma
0.00017782794100389227,0.03155382543812025,5.200220219876012e-05,ordinary_least_squares,80,constant_average_sigma
0.00023713737056616554,0.03154649756734694,4.4674331425451075e-05,ordinary_least_squares,80,constant_average_sigma
0.00031622776601683794,0.031537585250054546,3.576201413305752e-05,ordinary_least_squares,80,constant_average_sigma
0.00042169650342858224,0.03152724796363689,2.5424727715397943e-05,ordinary_least_squares,80,constant_average_sigma
0.0005623413251903491,0.03151623470909206,1.4411473170571065e-05,ordinary_least_squares,80,constant_average_sigma
0.0007498942093324559,0.03150644796133643,4.624725414938136e-06,ordinary_least_squares,80,constant_average_sigma
0.001,0.03150182323592149,0.0,ordinary_least_squares,80,constant_average_sigma
0.001333521432163324,0.03150942094961665,7.597713695163544e-06,ordinary_least_squares,80,constant_average_sigma
0.0017782794100389228,0.031540151529158365,3.832829323687642e-05,ordinary_least_squares,80,constant_average_sigma
0.0023713737056616554,0.03160801247613991,0.00010618924021842113,ordinary_least_squares,80,constant_average_sigma
0.0031622776601683794,0.031727301508024705,0.00022547827210321614,ordinary_least_squares,80,constant_average_sigma
0.004216965034285823,0.03190932204555632,0.0004074988096348306,ordinary_least_squares,80,constant_average_sigma
0.005623413251903491,0.03215940435559629,0.0006575811196748022,ordinary_least_squares,80,constant_average_sigma
0.007498942093324558,0.03247146058491963,0.0009696373489981383,ordinary_least_squares,80,constant_average_sigma
0.01,0.03282306285174118,0.0013212396158196887,ordinary_least_squares,80,constant_average_sigma
0.01333521432163324,0.03318243424081298,0.0016806110048914885,ordinary_least_squares,80,constant_average_sigma
0.01778279410038923,0.03352479459461629,0.0020229713586948014,ordinary_least_squares,80,constant_average_sigma
0.023713737056616554,0.03384011330765138,0.0023382900717298927,ordinary_least_squares,80,constant_average_sigma
0.03162277660168379,0.03412787589791976,0.0026260526619982724,ordinary_least_squares,80,constant_average_sigma
0.042169650342858224,0.03438993972634089,0.0028881164904194026,ordinary_least_squares,80,constant_average_sigma
0.05623413251903491,0.03462769802224852,0.003125874786327032,ordinary_least_squares,80,constant_average_sigma
0.07498942093324558,0.03484239052040232,0.0033405672844808304,ordinary_least_squares,80,constant_average_sigma
0.1,0.035037650440650235,0.003535827204728746,ordinary_least_squares,80,constant_average_sigma
1e-06,0.05615219466137247,6.617759558736475e-05,ordinary_least_squares,81,constant_average_sigma
1.333521432163324e-06,0.056152152417703,6.613535191789255e-05,ordinary_least_squares,81,constant_average_sigma
1.778279410038923e-06,0.056152096104911745,6.60790391266361e-05,ordinary_least_squares,81,constant_average_sigma
2.3713737056616552e-06,0.056152021046246926,6.600398046181788e-05,ordinary_least_squares,81,constant_average_sigma
3.162277660168379e-06,0.05615192101732357,6.590395153845824e-05,ordinary_least_squares,81,constant_average_sigma
4.216965034285822e-06,0.056151787739397684,6.577067361257516e-05,ordinary_least_squares,81,constant_average_sigma
5.623413251903491e-06,0.056151610211055504,6.559314527039561e-05,ordinary_least_squares,81,constant_average_sigma
7.498942093324558e-06,0.05615137383011071,6.535676432559839e-05,ordinary_least_squares,81,constant_average_sigma
1e-05,0.05615105924605043,6.504218026532477e-05,ordinary_least_squares,81,constant_average_sigma
1.333521432163324e-05,0.05615064087141971,6.462380563460046e-05,ordinary_least_squares,81,constant_average_sigma
1.778279410038923e-05,0.05615008497103578,6.406790525067402e-05,ordinary_least_squares,81,constant_average_sigma
2.3713737056616554e-05,0.05614934724653202,6.333018074691082e-05,ordinary_least_squares,81,constant_average_sigma
3.1622776601683795e-05,0.056148369852164634,6.235278637952563e-05,ordinary_least_squares,81,constant_average_sigma
4.216965034285822e-05,0.05614707783897384,6.106077318872999e-05,ordinary_least_squares,81,constant_average_sigma
5.623413251903491e-05,0.056145375171879466,5.935810609435793e-05,ordinary_least_squares,81,constant_average_sigma
7.498942093324559e-05,0.05614314078023671,5.712371445160125e-05,ordinary_least_squares,81,constant_average_sigma
0.0001,0.05614022573983045,5.420867404534041e-05,ordinary_least_squares,81,constant_average_sigma
0.0001333521432163324,0.056136453925703794,5.0436859918685795e-05,ordinary_least_squares,81,constant_average_sigma
0.00017782794100389227,0.0561316308355497,4.561376976459225e-05,ordinary_least_squares,81,constant_average_sigma
0.00023713737056616554,0.05612556968024491,3.955261445980074e-05,ordinary_least_squares,81,constant_average_sigma
0.00031622776601683794,0.056118151833025355,3.2134767240246664e-05,ordinary_least_squares,81,constant_average_sigma
0.00042169650342858224,0.05610945271698664,2.3435651201532404e-05,ordinary_least_squares,81,constant_average_sigma
0.0005623413251903491,0.05609998692964911,1.3969863864003729e-05,ordinary_least_squares,81,constant_average_sigma
0.0007498942093324559,0.05609115748479931,5.140419014199038e-06,ordinary_least_squares,81,constant_average_sigma
0.001,0.05608601706578511,0.0,ordinary_least_squares,81,constant_average_sigma
0.001333521432163324,0.056090395755779066,4.37868999395713e-06,ordinary_least_squares,81,constant_average_sigma
0.0017782794100389228,0.05611413494240065,2.8117876615538218e-05,ordinary_least_squares,81,constant_average_sigma
0.0023713737056616554,0.05617129692667155,8.527986088643913e-05,ordinary_least_squares,81,constant_average_sigma
0.0031622776601683794,0.056276935167463266,0.0001909181016781572,ordinary_least_squares,81,constant_average_sigma
0.004216965034285823,0.05643850875492397,0.0003524916891388605,ordinary_least_squares,81,constant_average_sigma
0.005623413251903491,0.056646188284406776,0.0005601712186216676,ordinary_least_squares,81,constant_average_sigma
0.007498942093324558,0.05687358049172729,0.0007875634259421824,ordinary_least_squares,81,constant_average_sigma
0.01,0.05709244318080248,0.0010064261150173684,ordinary_least_squares,81,constant_average_sigma
0.01333521432163324,0.05728766180373926,0.0012016447379541509,ordinary_least_squares,81,constant_average_sigma
0.01778279410038923,0.05746058290072563,0.0013745658349405207,ordinary_least_squares,81,constant_average_sigma
0.023713737056616554,0.05762316423374599,0.001537147167960884,ordinary_least_squares,81,constant_average_sigma
0.03162277660168379,0.057790003135144964,0.0017039860693598557,ordinary_least_squares,81,constant_average_sigma
0.042169650342858224,0.057972702887444334,0.0018866858216592258,ordinary_least_squares,81,constant_average_sigma
0.05623413251903491,0.058177487392470174,0.002091470326685066,ordinary_least_squares,81,constant_average_sigma
0.07498942093324558,0.05840354715892039,0.0023175300931352824,ordinary_least_squares,81,constant_average_sigma
0.1,0.05864091071438353,0.0025548936485984206,ordinary_least_squares,81,constant_average_sigma
1e-06,0.04139328138062565,3.418317208386812e-05,ordinary_least_squares,83,constant_average_sigma
1.333521432163324e-06,0.041393259976249576,3.4161767707791e-05,ordinary_least_squares,83,constant_average_sigma
1.778279410038923e-06,0.0413932314431502,3.413323460841472e-05,ordinary_least_squares,83,constant_average_sigma
2.3713737056616552e-06,0.04139319341145326,3.409520291147716e-05,ordinary_least_squares,83,constant_average_sigma
3.162277660168379e-06,0.041393142727133195,3.4044518591409834e-05,ordinary_least_squares,83,constant_average_sigma
4.216965034285822e-06,0.04139307519499567,3.397698645388192e-05,ordinary_least_squares,83,constant_average_sigma
5.623413251903491e-06,0.04139298523990149,3.3887031359702835e-05,ordinary_least_squares,83,constant_average_sigma
7.498942093324558e-06,0.041392865461546094,3.3767253004308995e-05,ordinary_least_squares,83,constant_average_sigma
1e-05,0.041392706052444696,3.360784390291083e-05,ordinary_least_squares,83,constant_average_sigma
1.333521432163324e-05,0.041392494042588115,3.3395834046330564e-05,ordinary_least_squares,83,constant_average_sigma
1.778279410038923e-05,0.041392212329385863,3.3114120844078554e-05,ordinary_least_squares,83,constant_average_sigma
2.3713737056616554e-05,0.04139183845021994,3.274024167815304e-05,ordinary_least_squares,83,constant_average_sigma
3.1622776601683795e-05,0.041391343063799164,3.224485525737952e-05,ordinary_least_squares,83,constant_average_sigma
4.216965034285822e-05,0.04139068813602314,3.158992748135414e-05,ordinary_least_squares,83,constant_average_sigma
5.623413251903491e-05,0.04138982489819546,3.07266896536762e-05,ordinary_least_squares,83,constant_average_sigma
7.498942093324559e-05,0.04138869180016365,2.959359162186398e-05,ordinary_least_squares,83,constant_average_sigma
0.0001,0.041387212993092726,2.8114784550940797e-05,ordinary_least_squares,83,constant_average_sigma
0.0001333521432163324,0.0413852984837625,2.6200275220718272e-05,ordinary_least_squares,83,constant_average_sigma
0.00017782794100389227,0.041382848254695875,2.3750046154090432e-05,ordinary_least_squares,83,constant_average_sigma
0.00023713737056616554,0.04137976478903589,2.066658049410669e-05,ordinary_least_squares,83,constant_average_sigma
0.00031622776601683794,0.04137598234484825,1.6884136306467845e-05,ordinary_least_squares,83,constant_average_sigma
0.00042169650342858224,0.041371528211828164,1.2430003286378888e-05,ordinary_least_squares,83,constant_average_sigma
0.0005623413251903491,0.04136664263809971,7.544429557922172e-06,ordinary_least_squares,83,constant_average_sigma
0.0007498942093324559,0.041362000904053675,2.9026955118902076e-06,ordinary_least_squares,83,constant_average_sigma
0.001,0.041359098208541785,0.0,ordinary_least_squares,83,constant_average_sigma
0.001333521432163324,0.0413608505493274,1.7523407856157025e-06,ordinary_least_squares,83,constant_average_sigma
0.0017782794100389228,0.04137235903235,1.3260823808217137e-05,ordinary_least_squares,83,constant_average_sigma
0.0023713737056616554,0.04140145326063031,4.235505208852186e-05,ordinary_least_squares,83,constant_average_sigma
0.0031622776601683794,0.04145809366991682,9.899546137503296e-05,ordinary_least_squares,83,constant_average_sigma
0.004216965034285823,0.041551761449723584,0.0001926632411817994,ordinary_least_squares,83,constant_average_sigma
0.005623413251903491,0.04168790983582742,0.0003288116272856384,ordinary_least_squares,83,constant_average_sigma
0.007498942093324558,0.041866440746553844,0.0005073425380120594,ordinary_least_squares,83,constant_average_sigma
0.01,0.04208192798133065,0.0007228297727888619,ordinary_least_squares,83,constant_average_sigma
0.01333521432163324,0.04232229335108053,0.0009631951425387447,ordinary_least_squares,83,constant_average_sigma
0.01778279410038923,0.04256882785845323,0.0012097296499114438,ordinary_least_squares,83,constant_average_sigma
0.023713737056616554,0.042802212467735266,0.0014431142591934815,ordinary_least_squares,83,constant_average_sigma
0.03162277660168379,0.04300912914806782,0.001650030939526037,ordinary_least_squares,83,constant_average_sigma
0.042169650342858224,0.04318337603768189,0.001824277829140103,ordinary_least_squares,83,constant_average_sigma
0.05623413251903491,0.04332426132538972,0.001965163116847933,ordinary_least_squares,83,constant_average_sigma
0.07498942093324558,0.04343542511402115,0.0020763269054793684,ordinary_least_squares,83,constant_average_sigma
0.1,0.04352329260796961,0.0021641943994278254,ordinary_least_squares,83,constant_average_sigma
1e-06,0.006065868897610856,0.0003234930525161028,ordinary_least_squares,84,constant_average_sigma
1.333521432163324e-06,0.006065665235972387,0.0003232893908776341,ordinary_least_squares,84,constant_average_sigma
1.778279410038923e-06,0.006065393716120846,0.00032301787102609336,ordinary_least_squares,84,constant_average_sigma
2.3713737056616552e-06,0.0060650317583045765,0.00032265591320982355,ordinary_least_squares,84,constant_average_sigma
3.162277660168379e-06,0.006064549293728653,0.00032217344863390025,ordinary_least_squares,84,constant_average_sigma
4.216965034285822e-06,0.00606390629687239,0.00032153045177763743,ordinary_least_squares,84,constant_average_sigma
5.623413251903491e-06,0.00606304952560123,0.0003206736805064772,ordinary_least_squares,84,constant_average_sigma
7.498942093324558e-06,0.0060619082144772974,0.0003195323693825445,ordinary_least_squares,84,constant_average_sigma
1e-05,0.006060388417612617,0.0003180125725178642,ordinary_least_squares,84,constant_average_sigma
1.333521432163324e-05,0.0060583656137543854,0.0003159897686596325,ordinary_least_squares,84,constant_average_sigma
1.778279410038923e-05,0.006055675119434085,0.000313299274339332,ordinary_least_squares,84,constant_average_sigma
2.3713737056616554e-05,0.006052099807443384,0.00030972396234863094,ordinary_least_squares,84,constant_average_sigma
3.1622776601683795e-05,0.006047354660914601,0.00030497881581984833,ordinary_least_squares,84,constant_average_sigma
4.216965034285822e-05,0.006041067920821775,0.00029869207572702245,ordinary_least_squares,84,constant_average_sigma
5.623413251903491e-05,0.00603275924775014,0.0002903834026553873,ordinary_least_squares,84,constant_average_sigma
7.498942093324559e-05,0.00602181692608215,0.0002794410809873974,ordinary_least_squares,84,constant_average_sigma
0.0001,0.0060074797154271884,0.0002651038703324355,ordinary_least_squares,84,constant_average_sigma
0.0001333521432163324,0.005988836551157135,0.00024646070606238173,ordinary_least_squares,84,constant_average_sigma
0.00017782794100389227,0.005964872777216851,0.00022249693212209824,ordinary_least_squares,84,constant_average_sigma
0.00023713737056616554,0.005934621409335944,0.00019224556424119084,ordinary_least_squares,84,constant_average_sigma
0.00031622776601683794,0.005897529584635744,0.00015515373954099083,ordinary_least_squares,84,constant_average_sigma
0.00042169650342858224,0.005854219836698788,0.00011184399160403535,ordinary_least_squares,84,constant_average_sigma
0.0005623413251903491,0.005807850872831289,6.547502773653589e-05,ordinary_least_squares,84,constant_average_sigma
0.0007498942093324559,0.005766038684094455,2.3662838999701993e-05,ordinary_least_squares,84,constant_average_sigma
0.001,0.005742375845094753,0.0,ordinary_least_squares,84,constant_average_sigma
0.001333521432163324,0.0057551487022090035,1.2772857114250538e-05,ordinary_least_squares,84,constant_average_sigma
0.0017782794100389228,0.0058215771810506516,7.920133595589861e-05,ordinary_least_squares,84,constant_average_sigma
0.0023713737056616554,0.005951883941926404,0.00020950809683165095,ordinary_least_squares,84,constant_average_sigma
0.0031622776601683794,0.006151018944044265,0.000408643098949512,ordinary_least_squares,84,constant_average_sigma
0.004216965034285823,0.006425094723020747,0.0006827188779259937,ordinary_least_squares,84,constant_average_sigma
0.005623413251903491,0.006779557071770286,0.0010371812266755332,ordinary_least_squares,84,constant_average_sigma
0.007498942093324558,0.007206745668616007,0.0014643698235212539,ordinary_least_squares,84,constant_average_sigma
0.01,0.007676574349918432,0.0019341985048236792,ordinary_least_squares,84,constant_average_sigma
0.01333521432163324,0.00814389840932362,0.0024015225642288673,ordinary_least_squares,84,constant_average_sigma
0.01778279410038923,0.008570582809584162,0.002828206964489409,ordinary_least_squares,84,constant_average_sigma
0.023713737056616554,0.008944515165364599,0.003202139320269846,ordinary_least_squares,84,constant_average_sigma
0.03162277660168379,0.009279990458886798,0.0035376146137920455,ordinary_least_squares,84,constant_average_sigma
0.042169650342858224,0.009601989305621145,0.0038596134605263918,ordinary_least_squares,84,constant_average_sigma
0.05623413251903491,0.009928008662917993,0.0041856328178232404,ordinary_least_squares,84,constant_average_sigma
0.07498942093324558,0.010259684571130906,0.004517308726036153,ordinary_least_squares,84,constant_average_sigma
0.1,0.010588961260449208,0.004846585415354455,ordinary_least_squares,84,constant_average_sigma
1e-06,0.32635474854919655,0.0003658946220971293,ordinary_least_squares,86,constant_average_sigma
1.333521432163324e-06,0.32635452827790007,0.0003656743508006488,ordinary_least_squares,86,constant_average_sigma
1.778279410038923e-06,0.32635423464165164,0.00036538071455222143,ordinary_least_squares,86,constant_average_sigma
2.3713737056616552e-06,0.3263538432459644,0.0003649893188649722,ordinary_least_squares,86,constant_average_sigma
3.162277660168379e-06,0.3263533216228431,0.00036446769574366433,ordinary_least_squares,86,constant_average_sigma
4.216965034285822e-06,0.32635262658451475,0.0003637726574153288,ordinary_least_squares,86,constant_average_sigma
5.623413251903491e-06,0.3263517007239652,0.0003628467968657678,ordinary_least_squares,86,constant_average_sigma
7.498942093324558e-06,0.32635046782781535,0.00036161390071592914,ordinary_least_squares,86,constant_average_sigma
1e-05,0.3263488268622879,0.0003599729351884684,ordinary_least_squares,86,constant_average_sigma
1.333521432163324e-05,0.3263466441654187,0.0003577902383192777,ordinary_least_squares,86,constant_average_sigma
1.778279410038923e-05,0.32634374339434086,0.0003548894672414371,ordinary_least_squares,86,constant_average_sigma
2.3713737056616554e-05,0.32633989277717423,0.00035103885007481406,ordinary_least_squares,86,constant_average_sigma
3.1622776601683795e-05,0.3263347892678652,0.0003459353407657684,ordinary_least_squares,86,constant_average_sigma
4.216965034285822e-05,0.32632803949146294,0.00033918556436352,ordinary_least_squares,86,constant_average_sigma
5.623413251903491e-05,0.32631913803603607,0.0003302841089366515,ordinary_least_squares,86,constant_average_sigma
7.498942093324559e-05,0.3263074451306499,0.000318591203550489,ordinary_least_squares,86,constant_average_sigma
0.0001,0.3262921687518933,0.0003033148247938988,ordinary_least_squares,86,constant_average_sigma
0.0001333521432163324,0.3262723620697958,0.0002835081426963981,ordinary_least_squares,86,constant_average_sigma
0.00017782794100389227,0.32624695831506684,0.0002581043879674172,ordinary_least_squares,86,constant_average_sigma
0.00023713737056616554,0.3262148860085111,0.00022603208141169784,ordinary_least_squares,86,constant_average_sigma
0.00031622776601683794,0.3261753456980457,0.00018649177094626213,ordinary_least_squares,86,constant_average_sigma
0.00042169650342858224,0.32612839748428096,0.00013954355718154288,ordinary_least_squares,86,constant_average_sigma
0.0005623413251903491,0.3260761246741096,8.72707470102041e-05,ordinary_least_squares,86,constant_average_sigma
0.0007498942093324559,0.32602481894481267,3.596501771324645e-05,ordinary_least_squares,86,constant_average_sigma
0.001,0.3259888539270994,0.0,ordinary_least_squares,86,constant_average_sigma
0.001333521432163324,0.3259969955884145,8.141661315075321e-06,ordinary_least_squares,86,constant_average_sigma
0.0017782794100389228,0.3261012163747133,0.00011236244761386738,ordinary_least_squares,86,constant_average_sigma
0.0023713737056616554,0.3263852778787648,0.00039642395166539224,ordinary_least_squares,86,constant_average_sigma
0.0031622776601683794,0.3269644088241341,0.0009755548970346584,ordinary_least_squares,86,constant_average_sigma
0.004216965034285823,0.3279632851916138,0.0019744312645143536,ordinary_least_squares,86,constant_average_sigma
0.005623413251903491,0.3294733205914207,0.003484466664321284,ordinary_least_squares,86,constant_average_sigma
0.007498942093324558,0.3315238707693808,0.0055350168422813595,ordinary_least_squares,86,constant_average_sigma
0.01,0.33410760224460456,0.008118748317505142,ordinary_least_squares,86,constant_average_sigma
0.01333521432163324,0.3372608777961773,0.011272023869077885,ordinary_least_squares,86,constant_average_sigma
0.01778279410038923,0.34116277947649615,0.015173925549396727,ordinary_least_squares,86,constant_average_sigma
0.023713737056616554,0.34616483092942457,0.02017597700232515,ordinary_least_squares,86,constant_average_sigma
0.03162277660168379,0.35266114064094173,0.026672286713842308,ordinary_least_squares,86,constant_average_sigma
0.042169650342858224,0.36086591363574794,0.03487705970864852,ordinary_least_squares,86,constant_average_sigma
0.05623413251903491,0.3707182937732836,0.04472943984618416,ordinary_least_squares,86,constant_average_sigma
0.07498942093324558,0.3819875915177965,0.05599873759069707,ordinary_least_squares,86,constant_average_sigma
0.1,0.3943200034126944,0.06833114948559499,ordinary_least_squares,86,constant_average_sigma
1e-06,0.3397146240498649,0.0002800010259033092,ordinary_least_squares,87,constant_average_sigma
1.333521432163324e-06,0.33971445067726336,0.0002798276533017563,ordinary_least_squares,87,constant_average_sigma
1.778279410038923e-06,0.3397142195648673,0.0002795965409057022,ordinary_least_squares,87,constant_average_sigma
2.3713737056616552e-06,0.3397139115189347,0.0002792884949731067,ordinary_least_squares,87,constant_average_sigma
3.162277660168379e-06,0.33971350099473313,0.0002788779707715294,ordinary_least_squares,87,constant_average_sigma
4.216965034285822e-06,0.3397129540172696,0.0002783309933079847,ordinary_least_squares,87,constant_average_sigma
5.623413251903491e-06,0.3397122254371804,0.00027760241321878043,ordinary_least_squares,87,constant_average_sigma
7.498942093324558e-06,0.33971125533182633,0.0002766323078647326,ordinary_least_squares,87,constant_average_sigma
1e-05,0.3397099642904394,0.0002753412664778243,ordinary_least_squares,87,constant_average_sigma
1.333521432163324e-05,0.3397082473106681,0.0002736242867065197,ordinary_least_squares,87,constant_average_sigma
1.778279410038923e-05,0.3397059659545189,0.00027134293055730563,ordinary_least_squares,87,constant_average_sigma
2.3713737056616554e-05,0.3397029384316681,0.00026831540770649864,ordinary_least_squares,87,constant_average_sigma
3.1622776601683795e-05,0.33969892733785584,0.0002643043138942369,ordinary_least_squares,87,constant_average_sigma
4.216965034285822e-05,0.339693625016172,0.0002590019922104059,ordinary_least_squares,87,constant_average_sigma
5.623413251903491e-05,0.33968663708335894,0.000252014059397343,ordinary_least_squares,87,constant_average_sigma
7.498942093324559e-05,0.33967746589316966,0.00024284286920805975,ordinary_least_squares,87,constant_average_sigma
0.0001,0.3396654981510854,0.00023087512712377523,ordinary_least_squares,87,constant_average_sigma
0.0001333521432163324,0.3396500056223681,0.00021538259840647722,ordinary_least_squares,87,constant_average_sigma
0.00017782794100389227,0.3396301767471908,0.00019555372322921372,ordinary_least_squares,87,constant_average_sigma
0.00023713737056616554,0.3396052133725379,0.00017059034857630495,ordinary_least_squares,87,constant_average_sigma
0.00031622776601683794,0.3395745566324162,0.000139933608454601,ordinary_least_squares,87,constant_average_sigma
0.00042169650342858224,0.3395383593442001,0.0001037363202385233,ordinary_least_squares,87,constant_average_sigma
0.0005623413251903491,0.33949841544918086,6.379242521925566e-05,ordinary_least_squares,87,constant_average_sigma
0.0007498942093324559,0.3394599133612246,2.5290337263006446e-05,ordinary_least_squares,87,constant_average_sigma
0.001,0.3394346230239616,0.0,ordinary_least_squares,87,constant_average_sigma
0.001333521432163324,0.3394464441497514,1.1821125789790443e-05,ordinary_least_squares,87,constant_average_sigma
0.0017782794100389228,0.33954047471163556,0.00010585168767396347,ordinary_least_squares,87,constant_average_sigma
0.0023713737056616554,0.3397963347434317,0.0003617117194700814,ordinary_least_squares,87,constant_average_sigma
0.0031622776601683794,0.3403441534142862,0.0009095303903245977,ordinary_least_squares,87,constant_average_sigma
0.004216965034285823,0.3413763839879397,0.0019417609639780786,ordinary_least_squares,87,constant_average_sigma
0.005623413251903491,0.34314445354961726,0.003709830525655655,ordinary_least_squares,87,constant_average_sigma
0.007498942093324558,0.34593967195028175,0.006505048926320145,ordinary_least_squares,87,constant_average_sigma
0.01,0.3500844933412345,0.01064987031727288,ordinary_least_squares,87,constant_average_sigma
0.01333521432163324,0.3559614296572119,0.01652680663325029,ordinary_least_squares,87,constant_average_sigma
0.01778279410038923,0.36405783846433865,0.024623215440377044,ordinary_least_squares,87,constant_average_sigma
0.023713737056616554,0.3749343610562424,0.03549973803228079,ordinary_least_squares,87,constant_average_sigma
0.03162277660168379,0.38899828167694106,0.04956365865297946,ordinary_least_squares,87,constant_average_sigma
0.042169650342858224,0.40613668765700595,0.06670206463304434,ordinary_least_squares,87,constant_average_sigma
0.05623413251903491,0.42544991389455483,0.08601529087059323,ordinary_least_squares,87,constant_average_sigma
0.07498942093324558,0.44526585995311274,0.10583123692915114,ordinary_least_squares,87,constant_average_sigma
0.1,0.463658209054346,0.12422358603038441,ordinary_least_squares,87,constant_average_sigma
